id,series_id,observed_at,available_at,value,unit,source_id,source_version,quality_status,data_kind,content_hash,is_demo
1,CONGESTION_PORT_PARADIP,2024-01-01 00:00:00,2024-01-01 18:00:00,4.0,DAYS,3,v1.0,VALID,SYNTHETIC,hash_cng_000001,True
2,CONGESTION_PORT_DHAMRA,2024-01-01 00:00:00,2024-01-01 18:00:00,2.1,DAYS,3,v1.0,VALID,SYNTHETIC,hash_cng_000002,True
3,CONGESTION_PORT_NEWCASTLE,2024-01-01 00:00:00,2024-01-01 18:00:00,5.2,DAYS,3,v1.0,VALID,SYNTHETIC,hash_cng_000003,True
4,CONGESTION_PORT_HEDLAND,2024-01-01 00:00:00,2024-01-01 18:00:00,3.2,DAYS,3,v1.0,VALID,SYNTHETIC,hash_cng_000004,True
5,CONGESTION_PORT_PARADIP,2024-01-02 00:00:00,2024-01-02 18:00:00,3.9,DAYS,3,v1.0,VALID,SYNTHETIC,hash_cng_000005,True
6,CONGESTION_PORT_DHAMRA,2024-01-02 00:00:00,2024-01-02 18:00:00,2.0,DAYS,3,v1.0,VALID,SYNTHETIC,hash_cng_000006,True
7,CONGESTION_PORT_NEWCASTLE,2024-01-02 00:00:00,2024-01-02 18:00:00,4.9,DAYS,3,v1.0,VALID,SYNTHETIC,hash_cng_000007,True
8,CONGESTION_PORT_HEDLAND,2024-01-02 00:00:00,2024-01-02 18:00:00,2.7,DAYS,3,v1.0,VALID,SYNTHETIC,hash_cng_000008,True
9,CONGESTION_PORT_PARADIP,2024-01-03 00:00:00,2024-01-03 18:00:00,4.8,DAYS,3,v1.0,VALID,SYNTHETIC,hash_cng_000009,True
10,CONGESTION_PORT_DHAMRA,2024-01-03 00:00:00,2024-01-03 18:00:00,2.5,DAYS,3,v1.0,VALID,SYNTHETIC,hash_cng_000010,True
11,CONGESTION_PORT_NEWCASTLE,2024-01-03 00:00:00,2024-01-03 18:00:00,5.6,DAYS,3,v1.0,VALID,SYNTHETIC,hash_cng_000011,True
12,CONGESTION_PORT_HEDLAND,2024-01-03 00:00:00,2024-01-03 18:00:00,2.9,DAYS,3,v1.0,VALID,SYNTHETIC,hash_cng_000012,True
13,CONGESTION_PORT_PARADIP,2024-01-04 00:00:00,2024-01-04 18:00:00,3.9,DAYS,3,v1.0,VALID,SYNTHETIC,hash_cng_000013,True
14,CONGESTION_PORT_DHAMRA,2024-01-04 00:00:00,2024-01-04 18:00:00,1.9,DAYS,3,v1.0,VALID,SYNTHETIC,hash_cng_000014,True
15,CONGESTION_PORT_NEWCASTLE,2024-01-04 00:00:00,2024-01-04 18:00:00,4.5,DAYS,3,v1.0,VALID,SYNTHETIC,hash_cng_000015,True
16,CONGESTION_PORT_HEDLAND,2024-01-04 00:00:00,2024-01-04 18:00:00,2.6,DAYS,3,v1.0,VALID,SYNTHETIC,hash_cng_000016,True
17,CONGESTION_PORT_PARADIP,2024-01-05 00:00:00,2024-01-05 18:00:00,3.7,DAYS,3,v1.0,VALID,SYNTHETIC,hash_cng_000017,True
18,CONGESTION_PORT_DHAMRA,2024-01-05 00:00:00,2024-01-05 18:00:00,1.9,DAYS,3,v1.0,VALID,SYNTHETIC,hash_cng_000018,True
19,CONGESTION_PORT_NEWCASTLE,2024-01-05 00:00:00,2024-01-05 18:00:00,5.5,DAYS,3,v1.0,VALID,SYNTHETIC,hash_cng_000019,True
20,CONGESTION_PORT_HEDLAND,2024-01-05 00:00:00,2024-01-05 18:00:00,3.2,DAYS,3,v1.0,VALID,SYNTHETIC,hash_cng_000020,True
21,CONGESTION_PORT_PARADIP,2024-01-06 00:00:00,2024-01-06 18:00:00,4.7,DAYS,3,v1.0,VALID,SYNTHETIC,hash_cng_000021,True
22,CONGESTION_PORT_DHAMRA,2024-01-06 00:00:00,2024-01-06 18:00:00,2.0,DAYS,3,v1.0,VALID,SYNTHETIC,hash_cng_000022,True
23,CONGESTION_PORT_NEWCASTLE,2024-01-06 00:00:00,2024-01-06 18:00:00,6.0,DAYS,3,v1.0,VALID,SYNTHETIC,hash_cng_000023,True
24,CONGESTION_PORT_HEDLAND,2024-01-06 00:00:00,2024-01-06 18:00:00,2.8,DAYS,3,v1.0,VALID,SYNTHETIC,hash_cng_000024,True
25,CONGESTION_PORT_PARADIP,2024-01-07 00:00:00,2024-01-07 18:00:00,4.2,DAYS,3,v1.0,VALID,SYNTHETIC,hash_cng_000025,True
26,CONGESTION_PORT_DHAMRA,2024-01-07 00:00:00,2024-01-07 18:00:00,1.9,DAYS,3,v1.0,VALID,SYNTHETIC,hash_cng_000026,True
27,CONGESTION_PORT_NEWCASTLE,2024-01-07 00:00:00,2024-01-07 18:00:00,6.0,DAYS,3,v1.0,VALID,SYNTHETIC,hash_cng_000027,True
28,CONGESTION_PORT_HEDLAND,2024-01-07 00:00:00,2024-01-07 18:00:00,2.3,DAYS,3,v1.0,VALID,SYNTHETIC,hash_cng_000028,True
29,CONGESTION_PORT_PARADIP,2024-01-08 00:00:00,2024-01-08 18:00:00,4.0,DAYS,3,v1.0,VALID,SYNTHETIC,hash_cng_000029,True
30,CONGESTION_PORT_DHAMRA,2024-01-08 00:00:00,2024-01-08 18:00:00,2.1,DAYS,3,v1.0,VALID,SYNTHETIC,hash_cng_000030,True
31,CONGESTION_PORT_NEWCASTLE,2024-01-08 00:00:00,2024-01-08 18:00:00,6.7,DAYS,3,v1.0,VALID,SYNTHETIC,hash_cng_000031,True
32,CONGESTION_PORT_HEDLAND,2024-01-08 00:00:00,2024-01-08 18:00:00,2.8,DAYS,3,v1.0,VALID,SYNTHETIC,hash_cng_000032,True
33,CONGESTION_PORT_PARADIP,2024-01-09 00:00:00,2024-01-09 18:00:00,3.8,DAYS,3,v1.0,VALID,SYNTHETIC,hash_cng_000033,True
34,CONGESTION_PORT_DHAMRA,2024-01-09 00:00:00,2024-01-09 18:00:00,2.0,DAYS,3,v1.0,VALID,SYNTHETIC,hash_cng_000034,True
35,CONGESTION_PORT_NEWCASTLE,2024-01-09 00:00:00,2024-01-09 18:00:00,5.3,DAYS,3,v1.0,VALID,SYNTHETIC,hash_cng_000035,True
36,CONGESTION_PORT_HEDLAND,2024-01-09 00:00:00,2024-01-09 18:00:00,2.6,DAYS,3,v1.0,VALID,SYNTHETIC,hash_cng_000036,True
37,CONGESTION_PORT_PARADIP,2024-01-10 00:00:00,2024-01-10 18:00:00,3.7,DAYS,3,v1.0,VALID,SYNTHETIC,hash_cng_000037,True
38,CONGESTION_PORT_DHAMRA,2024-01-10 00:00:00,2024-01-10 18:00:00,2.0,DAYS,3,v1.0,VALID,SYNTHETIC,hash_cng_000038,True
39,CONGESTION_PORT_NEWCASTLE,2024-01-10 00:00:00,2024-01-10 18:00:00,5.8,DAYS,3,v1.0,VALID,SYNTHETIC,hash_cng_000039,True
40,CONGESTION_PORT_HEDLAND,2024-01-10 00:00:00,2024-01-10 18:00:00,3.0,DAYS,3,v1.0,VALID,SYNTHETIC,hash_cng_000040,True
41,CONGESTION_PORT_PARADIP,2024-01-11 00:00:00,2024-01-11 18:00:00,4.8,DAYS,3,v1.0,VALID,SYNTHETIC,hash_cng_000041,True
42,CONGESTION_PORT_DHAMRA,2024-01-11 00:00:00,2024-01-11 18:00:00,2.2,DAYS,3,v1.0,VALID,SYNTHETIC,hash_cng_000042,True
43,CONGESTION_PORT_NEWCASTLE,2024-01-11 00:00:00,2024-01-11 18:00:00,6.2,DAYS,3,v1.0,VALID,SYNTHETIC,hash_cng_000043,True
44,CONGESTION_PORT_HEDLAND,2024-01-11 00:00:00,2024-01-11 18:00:00,2.8,DAYS,3,v1.0,VALID,SYNTHETIC,hash_cng_000044,True
45,CONGESTION_PORT_PARADIP,2024-01-12 00:00:00,2024-01-12 18:00:00,3.7,DAYS,3,v1.0,VALID,SYNTHETIC,hash_cng_000045,True
46,CONGESTION_PORT_DHAMRA,2024-01-12 00:00:00,2024-01-12 18:00:00,2.2,DAYS,3,v1.0,VALID,SYNTHETIC,hash_cng_000046,True
47,CONGESTION_PORT_NEWCASTLE,2024-01-12 00:00:00,2024-01-12 18:00:00,6.4,DAYS,3,v1.0,VALID,SYNTHETIC,hash_cng_000047,True
48,CONGESTION_PORT_HEDLAND,2024-01-12 00:00:00,2024-01-12 18:00:00,2.5,DAYS,3,v1.0,VALID,SYNTHETIC,hash_cng_000048,True
49,CONGESTION_PORT_PARADIP,2024-01-13 00:00:00,2024-01-13 18:00:00,3.8,DAYS,3,v1.0,VALID,SYNTHETIC,hash_cng_000049,True
50,CONGESTION_PORT_DHAMRA,2024-01-13 00:00:00,2024-01-13 18:00:00,2.3,DAYS,3,v1.0,VALID,SYNTHETIC,hash_cng_000050,True
51,CONGESTION_PORT_NEWCASTLE,2024-01-13 00:00:00,2024-01-13 18:00:00,6.6,DAYS,3,v1.0,VALID,SYNTHETIC,hash_cng_000051,True
52,CONGESTION_PORT_HEDLAND,2024-01-13 00:00:00,2024-01-13 18:00:00,2.8,DAYS,3,v1.0,VALID,SYNTHETIC,hash_cng_000052,True
53,CONGESTION_PORT_PARADIP,2024-01-14 00:00:00,2024-01-14 18:00:00,4.0,DAYS,3,v1.0,VALID,SYNTHETIC,hash_cng_000053,True
54,CONGESTION_PORT_DHAMRA,2024-01-14 00:00:00,2024-01-14 18:00:00,1.7,DAYS,3,v1.0,VALID,SYNTHETIC,hash_cng_000054,True
55,CONGESTION_PORT_NEWCASTLE,2024-01-14 00:00:00,2024-01-14 18:00:00,6.3,DAYS,3,v1.0,VALID,SYNTHETIC,hash_cng_000055,True
56,CONGESTION_PORT_HEDLAND,2024-01-14 00:00:00,2024-01-14 18:00:00,2.9,DAYS,3,v1.0,VALID,SYNTHETIC,hash_cng_000056,True
57,CONGESTION_PORT_PARADIP,2024-01-15 00:00:00,2024-01-15 18:00:00,4.8,DAYS,3,v1.0,VALID,SYNTHETIC,hash_cng_000057,True
58,CONGESTION_PORT_DHAMRA,2024-01-15 00:00:00,2024-01-15 18:00:00,1.9,DAYS,3,v1.0,VALID,SYNTHETIC,hash_cng_000058,True
59,CONGESTION_PORT_NEWCASTLE,2024-01-15 00:00:00,2024-01-15 18:00:00,5.7,DAYS,3,v1.0,VALID,SYNTHETIC,hash_cng_000059,True
60,CONGESTION_PORT_HEDLAND,2024-01-15 00:00:00,2024-01-15 18:00:00,2.6,DAYS,3,v1.0,VALID,SYNTHETIC,hash_cng_000060,True
61,CONGESTION_PORT_PARADIP,2024-01-16 00:00:00,2024-01-16 18:00:00,4.8,DAYS,3,v1.0,VALID,SYNTHETIC,hash_cng_000061,True
62,CONGESTION_PORT_DHAMRA,2024-01-16 00:00:00,2024-01-16 18:00:00,2.0,DAYS,3,v1.0,VALID,SYNTHETIC,hash_cng_000062,True
63,CONGESTION_PORT_NEWCASTLE,2024-01-16 00:00:00,2024-01-16 18:00:00,6.5,DAYS,3,v1.0,VALID,SYNTHETIC,hash_cng_000063,True
64,CONGESTION_PORT_HEDLAND,2024-01-16 00:00:00,2024-01-16 18:00:00,3.2,DAYS,3,v1.0,VALID,SYNTHETIC,hash_cng_000064,True
65,CONGESTION_PORT_PARADIP,2024-01-17 00:00:00,2024-01-17 18:00:00,4.3,DAYS,3,v1.0,VALID,SYNTHETIC,hash_cng_000065,True
66,CONGESTION_PORT_DHAMRA,2024-01-17 00:00:00,2024-01-17 18:00:00,2.1,DAYS,3,v1.0,VALID,SYNTHETIC,hash_cng_000066,True
67,CONGESTION_PORT_NEWCASTLE,2024-01-17 00:00:00,2024-01-17 18:00:00,5.2,DAYS,3,v1.0,VALID,SYNTHETIC,hash_cng_000067,True
68,CONGESTION_PORT_HEDLAND,2024-01-17 00:00:00,2024-01-17 18:00:00,2.9,DAYS,3,v1.0,VALID,SYNTHETIC,hash_cng_000068,True
69,CONGESTION_PORT_PARADIP,2024-01-18 00:00:00,2024-01-18 18:00:00,4.5,DAYS,3,v1.0,VALID,SYNTHETIC,hash_cng_000069,True
70,CONGESTION_PORT_DHAMRA,2024-01-18 00:00:00,2024-01-18 18:00:00,1.8,DAYS,3,v1.0,VALID,SYNTHETIC,hash_cng_000070,True
71,CONGESTION_PORT_NEWCASTLE,2024-01-18 00:00:00,2024-01-18 18:00:00,6.4,DAYS,3,v1.0,VALID,SYNTHETIC,hash_cng_000071,True
72,CONGESTION_PORT_HEDLAND,2024-01-18 00:00:00,2024-01-18 18:00:00,2.9,DAYS,3,v1.0,VALID,SYNTHETIC,hash_cng_000072,True
73,CONGESTION_PORT_PARADIP,2024-01-19 00:00:00,2024-01-19 18:00:00,4.3,DAYS,3,v1.0,VALID,SYNTHETIC,hash_cng_000073,True
74,CONGESTION_PORT_DHAMRA,2024-01-19 00:00:00,2024-01-19 18:00:00,2.1,DAYS,3,v1.0,VALID,SYNTHETIC,hash_cng_000074,True
75,CONGESTION_PORT_NEWCASTLE,2024-01-19 00:00:00,2024-01-19 18:00:00,6.3,DAYS,3,v1.0,VALID,SYNTHETIC,hash_cng_000075,True
76,CONGESTION_PORT_HEDLAND,2024-01-19 00:00:00,2024-01-19 18:00:00,2.7,DAYS,3,v1.0,VALID,SYNTHETIC,hash_cng_000076,True
77,CONGESTION_PORT_PARADIP,2024-01-20 00:00:00,2024-01-20 18:00:00,4.6,DAYS,3,v1.0,VALID,SYNTHETIC,hash_cng_000077,True
78,CONGESTION_PORT_DHAMRA,2024-01-20 00:00:00,2024-01-20 18:00:00,2.0,DAYS,3,v1.0,VALID,SYNTHETIC,hash_cng_000078,True
79,CONGESTION_PORT_NEWCASTLE,2024-01-20 00:00:00,2024-01-20 18:00:00,5.7,DAYS,3,v1.0,VALID,SYNTHETIC,hash_cng_000079,True
80,CONGESTION_PORT_HEDLAND,2024-01-20 00:00:00,2024-01-20 18:00:00,2.5,DAYS,3,v1.0,VALID,SYNTHETIC,hash_cng_000080,True
81,CONGESTION_PORT_PARADIP,2024-01-21 00:00:00,2024-01-21 18:00:00,4.0,DAYS,3,v1.0,VALID,SYNTHETIC,hash_cng_000081,True
82,CONGESTION_PORT_DHAMRA,2024-01-21 00:00:00,2024-01-21 18:00:00,2.2,DAYS,3,v1.0,VALID,SYNTHETIC,hash_cng_000082,True
83,CONGESTION_PORT_NEWCASTLE,2024-01-21 00:00:00,2024-01-21 18:00:00,6.5,DAYS,3,v1.0,VALID,SYNTHETIC,hash_cng_000083,True
84,CONGESTION_PORT_HEDLAND,2024-01-21 00:00:00,2024-01-21 18:00:00,2.5,DAYS,3,v1.0,VALID,SYNTHETIC,hash_cng_000084,True
85,CONGESTION_PORT_PARADIP,2024-01-22 00:00:00,2024-01-22 18:00:00,4.1,DAYS,3,v1.0,VALID,SYNTHETIC,hash_cng_000085,True
86,CONGESTION_PORT_DHAMRA,2024-01-22 00:00:00,2024-01-22 18:00:00,2.2,DAYS,3,v1.0,VALID,SYNTHETIC,hash_cng_000086,True
87,CONGESTION_PORT_NEWCASTLE,2024-01-22 00:00:00,2024-01-22 18:00:00,6.3,DAYS,3,v1.0,VALID,SYNTHETIC,hash_cng_000087,True
88,CONGESTION_PORT_HEDLAND,2024-01-22 00:00:00,2024-01-22 18:00:00,2.4,DAYS,3,v1.0,VALID,SYNTHETIC,hash_cng_000088,True
89,CONGESTION_PORT_PARADIP,2024-01-23 00:00:00,2024-01-23 18:00:00,4.2,DAYS,3,v1.0,VALID,SYNTHETIC,hash_cng_000089,True
90,CONGESTION_PORT_DHAMRA,2024-01-23 00:00:00,2024-01-23 18:00:00,2.1,DAYS,3,v1.0,VALID,SYNTHETIC,hash_cng_000090,True
91,CONGESTION_PORT_NEWCASTLE,2024-01-23 00:00:00,2024-01-23 18:00:00,6.2,DAYS,3,v1.0,VALID,SYNTHETIC,hash_cng_000091,True
92,CONGESTION_PORT_HEDLAND,2024-01-23 00:00:00,2024-01-23 18:00:00,2.6,DAYS,3,v1.0,VALID,SYNTHETIC,hash_cng_000092,True
93,CONGESTION_PORT_PARADIP,2024-01-24 00:00:00,2024-01-24 18:00:00,3.9,DAYS,3,v1.0,VALID,SYNTHETIC,hash_cng_000093,True
94,CONGESTION_PORT_DHAMRA,2024-01-24 00:00:00,2024-01-24 18:00:00,1.6,DAYS,3,v1.0,VALID,SYNTHETIC,hash_cng_000094,True
95,CONGESTION_PORT_NEWCASTLE,2024-01-24 00:00:00,2024-01-24 18:00:00,5.7,DAYS,3,v1.0,VALID,SYNTHETIC,hash_cng_000095,True
96,CONGESTION_PORT_HEDLAND,2024-01-24 00:00:00,2024-01-24 18:00:00,2.7,DAYS,3,v1.0,VALID,SYNTHETIC,hash_cng_000096,True
97,CONGESTION_PORT_PARADIP,2024-01-25 00:00:00,2024-01-25 18:00:00,4.3,DAYS,3,v1.0,VALID,SYNTHETIC,hash_cng_000097,True
98,CONGESTION_PORT_DHAMRA,2024-01-25 00:00:00,2024-01-25 18:00:00,1.9,DAYS,3,v1.0,VALID,SYNTHETIC,hash_cng_000098,True
99,CONGESTION_PORT_NEWCASTLE,2024-01-25 00:00:00,2024-01-25 18:00:00,6.6,DAYS,3,v1.0,VALID,SYNTHETIC,hash_cng_000099,True
100,CONGESTION_PORT_HEDLAND,2024-01-25 00:00:00,2024-01-25 18:00:00,3.1,DAYS,3,v1.0,VALID,SYNTHETIC,hash_cng_000100,True
101,CONGESTION_PORT_PARADIP,2024-01-26 00:00:00,2024-01-26 18:00:00,4.0,DAYS,3,v1.0,VALID,SYNTHETIC,hash_cng_000101,True
102,CONGESTION_PORT_DHAMRA,2024-01-26 00:00:00,2024-01-26 18:00:00,1.9,DAYS,3,v1.0,VALID,SYNTHETIC,hash_cng_000102,True
103,CONGESTION_PORT_NEWCASTLE,2024-01-26 00:00:00,2024-01-26 18:00:00,6.9,DAYS,3,v1.0,VALID,SYNTHETIC,hash_cng_000103,True
104,CONGESTION_PORT_HEDLAND,2024-01-26 00:00:00,2024-01-26 18:00:00,2.8,DAYS,3,v1.0,VALID,SYNTHETIC,hash_cng_000104,True
105,CONGESTION_PORT_PARADIP,2024-01-27 00:00:00,2024-01-27 18:00:00,4.0,DAYS,3,v1.0,VALID,SYNTHETIC,hash_cng_000105,True
106,CONGESTION_PORT_DHAMRA,2024-01-27 00:00:00,2024-01-27 18:00:00,2.2,DAYS,3,v1.0,VALID,SYNTHETIC,hash_cng_000106,True
107,CONGESTION_PORT_NEWCASTLE,2024-01-27 00:00:00,2024-01-27 18:00:00,6.4,DAYS,3,v1.0,VALID,SYNTHETIC,hash_cng_000107,True
108,CONGESTION_PORT_HEDLAND,2024-01-27 00:00:00,2024-01-27 18:00:00,2.7,DAYS,3,v1.0,VALID,SYNTHETIC,hash_cng_000108,True
109,CONGESTION_PORT_PARADIP,2024-01-28 00:00:00,2024-01-28 18:00:00,3.8,DAYS,3,v1.0,VALID,SYNTHETIC,hash_cng_000109,True
110,CONGESTION_PORT_DHAMRA,2024-01-28 00:00:00,2024-01-28 18:00:00,2.0,DAYS,3,v1.0,VALID,SYNTHETIC,hash_cng_000110,True
111,CONGESTION_PORT_NEWCASTLE,2024-01-28 00:00:00,2024-01-28 18:00:00,6.1,DAYS,3,v1.0,VALID,SYNTHETIC,hash_cng_000111,True
112,CONGESTION_PORT_HEDLAND,2024-01-28 00:00:00,2024-01-28 18:00:00,2.9,DAYS,3,v1.0,VALID,SYNTHETIC,hash_cng_000112,True
113,CONGESTION_PORT_PARADIP,2024-01-29 00:00:00,2024-01-29 18:00:00,4.7,DAYS,3,v1.0,VALID,SYNTHETIC,hash_cng_000113,True
114,CONGESTION_PORT_DHAMRA,2024-01-29 00:00:00,2024-01-29 18:00:00,2.0,DAYS,3,v1.0,VALID,SYNTHETIC,hash_cng_000114,True
115,CONGESTION_PORT_NEWCASTLE,2024-01-29 00:00:00,2024-01-29 18:00:00,6.8,DAYS,3,v1.0,VALID,SYNTHETIC,hash_cng_000115,True
116,CONGESTION_PORT_HEDLAND,2024-01-29 00:00:00,2024-01-29 18:00:00,2.5,DAYS,3,v1.0,VALID,SYNTHETIC,hash_cng_000116,True
117,CONGESTION_PORT_PARADIP,2024-01-30 00:00:00,2024-01-30 18:00:00,4.2,DAYS,3,v1.0,VALID,SYNTHETIC,hash_cng_000117,True
118,CONGESTION_PORT_DHAMRA,2024-01-30 00:00:00,2024-01-30 18:00:00,2.0,DAYS,3,v1.0,VALID,SYNTHETIC,hash_cng_000118,True
119,CONGESTION_PORT_NEWCASTLE,2024-01-30 00:00:00,2024-01-30 18:00:00,6.2,DAYS,3,v1.0,VALID,SYNTHETIC,hash_cng_000119,True
120,CONGESTION_PORT_HEDLAND,2024-01-30 00:00:00,2024-01-30 18:00:00,2.8,DAYS,3,v1.0,VALID,SYNTHETIC,hash_cng_000120,True
121,CONGESTION_PORT_PARADIP,2024-01-31 00:00:00,2024-01-31 18:00:00,4.4,DAYS,3,v1.0,VALID,SYNTHETIC,hash_cng_000121,True
122,CONGESTION_PORT_DHAMRA,2024-01-31 00:00:00,2024-01-31 18:00:00,2.1,DAYS,3,v1.0,VALID,SYNTHETIC,hash_cng_000122,True
123,CONGESTION_PORT_NEWCASTLE,2024-01-31 00:00:00,2024-01-31 18:00:00,6.7,DAYS,3,v1.0,VALID,SYNTHETIC,hash_cng_000123,True
124,CONGESTION_PORT_HEDLAND,2024-01-31 00:00:00,2024-01-31 18:00:00,2.5,DAYS,3,v1.0,VALID,SYNTHETIC,hash_cng_000124,True
125,CONGESTION_PORT_PARADIP,2024-02-01 00:00:00,2024-02-01 18:00:00,4.1,DAYS,3,v1.0,VALID,SYNTHETIC,hash_cng_000125,True
126,CONGESTION_PORT_DHAMRA,2024-02-01 00:00:00,2024-02-01 18:00:00,1.8,DAYS,3,v1.0,VALID,SYNTHETIC,hash_cng_000126,True
127,CONGESTION_PORT_NEWCASTLE,2024-02-01 00:00:00,2024-02-01 18:00:00,7.2,DAYS,3,v1.0,VALID,SYNTHETIC,hash_cng_000127,True
128,CONGESTION_PORT_HEDLAND,2024-02-01 00:00:00,2024-02-01 18:00:00,3.4,DAYS,3,v1.0,VALID,SYNTHETIC,hash_cng_000128,True
129,CONGESTION_PORT_PARADIP,2024-02-02 00:00:00,2024-02-02 18:00:00,4.0,DAYS,3,v1.0,VALID,SYNTHETIC,hash_cng_000129,True
130,CONGESTION_PORT_DHAMRA,2024-02-02 00:00:00,2024-02-02 18:00:00,2.3,DAYS,3,v1.0,VALID,SYNTHETIC,hash_cng_000130,True
131,CONGESTION_PORT_NEWCASTLE,2024-02-02 00:00:00,2024-02-02 18:00:00,6.6,DAYS,3,v1.0,VALID,SYNTHETIC,hash_cng_000131,True
132,CONGESTION_PORT_HEDLAND,2024-02-02 00:00:00,2024-02-02 18:00:00,2.5,DAYS,3,v1.0,VALID,SYNTHETIC,hash_cng_000132,True
133,CONGESTION_PORT_PARADIP,2024-02-03 00:00:00,2024-02-03 18:00:00,4.7,DAYS,3,v1.0,VALID,SYNTHETIC,hash_cng_000133,True
134,CONGESTION_PORT_DHAMRA,2024-02-03 00:00:00,2024-02-03 18:00:00,2.3,DAYS,3,v1.0,VALID,SYNTHETIC,hash_cng_000134,True
135,CONGESTION_PORT_NEWCASTLE,2024-02-03 00:00:00,2024-02-03 18:00:00,6.9,DAYS,3,v1.0,VALID,SYNTHETIC,hash_cng_000135,True
136,CONGESTION_PORT_HEDLAND,2024-02-03 00:00:00,2024-02-03 18:00:00,2.6,DAYS,3,v1.0,VALID,SYNTHETIC,hash_cng_000136,True
137,CONGESTION_PORT_PARADIP,2024-02-04 00:00:00,2024-02-04 18:00:00,4.5,DAYS,3,v1.0,VALID,SYNTHETIC,hash_cng_000137,True
138,CONGESTION_PORT_DHAMRA,2024-02-04 00:00:00,2024-02-04 18:00:00,2.1,DAYS,3,v1.0,VALID,SYNTHETIC,hash_cng_000138,True
139,CONGESTION_PORT_NEWCASTLE,2024-02-04 00:00:00,2024-02-04 18:00:00,8.0,DAYS,3,v1.0,VALID,SYNTHETIC,hash_cng_000139,True
140,CONGESTION_PORT_HEDLAND,2024-02-04 00:00:00,2024-02-04 18:00:00,2.6,DAYS,3,v1.0,VALID,SYNTHETIC,hash_cng_000140,True
141,CONGESTION_PORT_PARADIP,2024-02-05 00:00:00,2024-02-05 18:00:00,4.1,DAYS,3,v1.0,VALID,SYNTHETIC,hash_cng_000141,True
142,CONGESTION_PORT_DHAMRA,2024-02-05 00:00:00,2024-02-05 18:00:00,2.2,DAYS,3,v1.0,VALID,SYNTHETIC,hash_cng_000142,True
143,CONGESTION_PORT_NEWCASTLE,2024-02-05 00:00:00,2024-02-05 18:00:00,6.5,DAYS,3,v1.0,VALID,SYNTHETIC,hash_cng_000143,True
144,CONGESTION_PORT_HEDLAND,2024-02-05 00:00:00,2024-02-05 18:00:00,3.1,DAYS,3,v1.0,VALID,SYNTHETIC,hash_cng_000144,True
145,CONGESTION_PORT_PARADIP,2024-02-06 00:00:00,2024-02-06 18:00:00,3.3,DAYS,3,v1.0,VALID,SYNTHETIC,hash_cng_000145,True
146,CONGESTION_PORT_DHAMRA,2024-02-06 00:00:00,2024-02-06 18:00:00,2.3,DAYS,3,v1.0,VALID,SYNTHETIC,hash_cng_000146,True
147,CONGESTION_PORT_NEWCASTLE,2024-02-06 00:00:00,2024-02-06 18:00:00,7.1,DAYS,3,v1.0,VALID,SYNTHETIC,hash_cng_000147,True
148,CONGESTION_PORT_HEDLAND,2024-02-06 00:00:00,2024-02-06 18:00:00,2.9,DAYS,3,v1.0,VALID,SYNTHETIC,hash_cng_000148,True
149,CONGESTION_PORT_PARADIP,2024-02-07 00:00:00,2024-02-07 18:00:00,3.8,DAYS,3,v1.0,VALID,SYNTHETIC,hash_cng_000149,True
150,CONGESTION_PORT_DHAMRA,2024-02-07 00:00:00,2024-02-07 18:00:00,2.0,DAYS,3,v1.0,VALID,SYNTHETIC,hash_cng_000150,True
151,CONGESTION_PORT_NEWCASTLE,2024-02-07 00:00:00,2024-02-07 18:00:00,6.6,DAYS,3,v1.0,VALID,SYNTHETIC,hash_cng_000151,True
152,CONGESTION_PORT_HEDLAND,2024-02-07 00:00:00,2024-02-07 18:00:00,2.6,DAYS,3,v1.0,VALID,SYNTHETIC,hash_cng_000152,True
153,CONGESTION_PORT_PARADIP,2024-02-08 00:00:00,2024-02-08 18:00:00,4.4,DAYS,3,v1.0,VALID,SYNTHETIC,hash_cng_000153,True
154,CONGESTION_PORT_DHAMRA,2024-02-08 00:00:00,2024-02-08 18:00:00,1.7,DAYS,3,v1.0,VALID,SYNTHETIC,hash_cng_000154,True
155,CONGESTION_PORT_NEWCASTLE,2024-02-08 00:00:00,2024-02-08 18:00:00,7.5,DAYS,3,v1.0,VALID,SYNTHETIC,hash_cng_000155,True
156,CONGESTION_PORT_HEDLAND,2024-02-08 00:00:00,2024-02-08 18:00:00,2.5,DAYS,3,v1.0,VALID,SYNTHETIC,hash_cng_000156,True
157,CONGESTION_PORT_PARADIP,2024-02-09 00:00:00,2024-02-09 18:00:00,4.6,DAYS,3,v1.0,VALID,SYNTHETIC,hash_cng_000157,True
158,CONGESTION_PORT_DHAMRA,2024-02-09 00:00:00,2024-02-09 18:00:00,2.3,DAYS,3,v1.0,VALID,SYNTHETIC,hash_cng_000158,True
159,CONGESTION_PORT_NEWCASTLE,2024-02-09 00:00:00,2024-02-09 18:00:00,6.8,DAYS,3,v1.0,VALID,SYNTHETIC,hash_cng_000159,True
160,CONGESTION_PORT_HEDLAND,2024-02-09 00:00:00,2024-02-09 18:00:00,2.8,DAYS,3,v1.0,VALID,SYNTHETIC,hash_cng_000160,True
161,CONGESTION_PORT_PARADIP,2024-02-10 00:00:00,2024-02-10 18:00:00,4.3,DAYS,3,v1.0,VALID,SYNTHETIC,hash_cng_000161,True
162,CONGESTION_PORT_DHAMRA,2024-02-10 00:00:00,2024-02-10 18:00:00,1.9,DAYS,3,v1.0,VALID,SYNTHETIC,hash_cng_000162,True
163,CONGESTION_PORT_NEWCASTLE,2024-02-10 00:00:00,2024-02-10 18:00:00,7.7,DAYS,3,v1.0,VALID,SYNTHETIC,hash_cng_000163,True
164,CONGESTION_PORT_HEDLAND,2024-02-10 00:00:00,2024-02-10 18:00:00,3.3,DAYS,3,v1.0,VALID,SYNTHETIC,hash_cng_000164,True
165,CONGESTION_PORT_PARADIP,2024-02-11 00:00:00,2024-02-11 18:00:00,4.5,DAYS,3,v1.0,VALID,SYNTHETIC,hash_cng_000165,True
166,CONGESTION_PORT_DHAMRA,2024-02-11 00:00:00,2024-02-11 18:00:00,2.2,DAYS,3,v1.0,VALID,SYNTHETIC,hash_cng_000166,True
167,CONGESTION_PORT_NEWCASTLE,2024-02-11 00:00:00,2024-02-11 18:00:00,6.8,DAYS,3,v1.0,VALID,SYNTHETIC,hash_cng_000167,True
168,CONGESTION_PORT_HEDLAND,2024-02-11 00:00:00,2024-02-11 18:00:00,2.8,DAYS,3,v1.0,VALID,SYNTHETIC,hash_cng_000168,True
169,CONGESTION_PORT_PARADIP,2024-02-12 00:00:00,2024-02-12 18:00:00,4.5,DAYS,3,v1.0,VALID,SYNTHETIC,hash_cng_000169,True
170,CONGESTION_PORT_DHAMRA,2024-02-12 00:00:00,2024-02-12 18:00:00,2.6,DAYS,3,v1.0,VALID,SYNTHETIC,hash_cng_000170,True
171,CONGESTION_PORT_NEWCASTLE,2024-02-12 00:00:00,2024-02-12 18:00:00,6.3,DAYS,3,v1.0,VALID,SYNTHETIC,hash_cng_000171,True
172,CONGESTION_PORT_HEDLAND,2024-02-12 00:00:00,2024-02-12 18:00:00,3.1,DAYS,3,v1.0,VALID,SYNTHETIC,hash_cng_000172,True
173,CONGESTION_PORT_PARADIP,2024-02-13 00:00:00,2024-02-13 18:00:00,3.9,DAYS,3,v1.0,VALID,SYNTHETIC,hash_cng_000173,True
174,CONGESTION_PORT_DHAMRA,2024-02-13 00:00:00,2024-02-13 18:00:00,2.4,DAYS,3,v1.0,VALID,SYNTHETIC,hash_cng_000174,True
175,CONGESTION_PORT_NEWCASTLE,2024-02-13 00:00:00,2024-02-13 18:00:00,7.0,DAYS,3,v1.0,VALID,SYNTHETIC,hash_cng_000175,True
176,CONGESTION_PORT_HEDLAND,2024-02-13 00:00:00,2024-02-13 18:00:00,2.9,DAYS,3,v1.0,VALID,SYNTHETIC,hash_cng_000176,True
177,CONGESTION_PORT_PARADIP,2024-02-14 00:00:00,2024-02-14 18:00:00,4.7,DAYS,3,v1.0,VALID,SYNTHETIC,hash_cng_000177,True
178,CONGESTION_PORT_DHAMRA,2024-02-14 00:00:00,2024-02-14 18:00:00,2.3,DAYS,3,v1.0,VALID,SYNTHETIC,hash_cng_000178,True
179,CONGESTION_PORT_NEWCASTLE,2024-02-14 00:00:00,2024-02-14 18:00:00,6.0,DAYS,3,v1.0,VALID,SYNTHETIC,hash_cng_000179,True
180,CONGESTION_PORT_HEDLAND,2024-02-14 00:00:00,2024-02-14 18:00:00,2.4,DAYS,3,v1.0,VALID,SYNTHETIC,hash_cng_000180,True
181,CONGESTION_PORT_PARADIP,2024-02-15 00:00:00,2024-02-15 18:00:00,4.4,DAYS,3,v1.0,VALID,SYNTHETIC,hash_cng_000181,True
182,CONGESTION_PORT_DHAMRA,2024-02-15 00:00:00,2024-02-15 18:00:00,2.0,DAYS,3,v1.0,VALID,SYNTHETIC,hash_cng_000182,True
183,CONGESTION_PORT_NEWCASTLE,2024-02-15 00:00:00,2024-02-15 18:00:00,7.5,DAYS,3,v1.0,VALID,SYNTHETIC,hash_cng_000183,True
184,CONGESTION_PORT_HEDLAND,2024-02-15 00:00:00,2024-02-15 18:00:00,2.7,DAYS,3,v1.0,VALID,SYNTHETIC,hash_cng_000184,True
185,CONGESTION_PORT_PARADIP,2024-02-16 00:00:00,2024-02-16 18:00:00,4.2,DAYS,3,v1.0,VALID,SYNTHETIC,hash_cng_000185,True
186,CONGESTION_PORT_DHAMRA,2024-02-16 00:00:00,2024-02-16 18:00:00,2.1,DAYS,3,v1.0,VALID,SYNTHETIC,hash_cng_000186,True
187,CONGESTION_PORT_NEWCASTLE,2024-02-16 00:00:00,2024-02-16 18:00:00,8.8,DAYS,3,v1.0,VALID,SYNTHETIC,hash_cng_000187,True
188,CONGESTION_PORT_HEDLAND,2024-02-16 00:00:00,2024-02-16 18:00:00,2.9,DAYS,3,v1.0,VALID,SYNTHETIC,hash_cng_000188,True
189,CONGESTION_PORT_PARADIP,2024-02-17 00:00:00,2024-02-17 18:00:00,3.9,DAYS,3,v1.0,VALID,SYNTHETIC,hash_cng_000189,True
190,CONGESTION_PORT_DHAMRA,2024-02-17 00:00:00,2024-02-17 18:00:00,2.1,DAYS,3,v1.0,VALID,SYNTHETIC,hash_cng_000190,True
191,CONGESTION_PORT_NEWCASTLE,2024-02-17 00:00:00,2024-02-17 18:00:00,6.5,DAYS,3,v1.0,VALID,SYNTHETIC,hash_cng_000191,True
192,CONGESTION_PORT_HEDLAND,2024-02-17 00:00:00,2024-02-17 18:00:00,2.4,DAYS,3,v1.0,VALID,SYNTHETIC,hash_cng_000192,True
193,CONGESTION_PORT_PARADIP,2024-02-18 00:00:00,2024-02-18 18:00:00,3.5,DAYS,3,v1.0,VALID,SYNTHETIC,hash_cng_000193,True
194,CONGESTION_PORT_DHAMRA,2024-02-18 00:00:00,2024-02-18 18:00:00,1.9,DAYS,3,v1.0,VALID,SYNTHETIC,hash_cng_000194,True
195,CONGESTION_PORT_NEWCASTLE,2024-02-18 00:00:00,2024-02-18 18:00:00,6.8,DAYS,3,v1.0,VALID,SYNTHETIC,hash_cng_000195,True
196,CONGESTION_PORT_HEDLAND,2024-02-18 00:00:00,2024-02-18 18:00:00,3.1,DAYS,3,v1.0,VALID,SYNTHETIC,hash_cng_000196,True
197,CONGESTION_PORT_PARADIP,2024-02-19 00:00:00,2024-02-19 18:00:00,4.1,DAYS,3,v1.0,VALID,SYNTHETIC,hash_cng_000197,True
198,CONGESTION_PORT_DHAMRA,2024-02-19 00:00:00,2024-02-19 18:00:00,1.9,DAYS,3,v1.0,VALID,SYNTHETIC,hash_cng_000198,True
199,CONGESTION_PORT_NEWCASTLE,2024-02-19 00:00:00,2024-02-19 18:00:00,6.6,DAYS,3,v1.0,VALID,SYNTHETIC,hash_cng_000199,True
200,CONGESTION_PORT_HEDLAND,2024-02-19 00:00:00,2024-02-19 18:00:00,2.7,DAYS,3,v1.0,VALID,SYNTHETIC,hash_cng_000200,True
201,CONGESTION_PORT_PARADIP,2024-02-20 00:00:00,2024-02-20 18:00:00,4.4,DAYS,3,v1.0,VALID,SYNTHETIC,hash_cng_000201,True
202,CONGESTION_PORT_DHAMRA,2024-02-20 00:00:00,2024-02-20 18:00:00,2.0,DAYS,3,v1.0,VALID,SYNTHETIC,hash_cng_000202,True
203,CONGESTION_PORT_NEWCASTLE,2024-02-20 00:00:00,2024-02-20 18:00:00,7.4,DAYS,3,v1.0,VALID,SYNTHETIC,hash_cng_000203,True
204,CONGESTION_PORT_HEDLAND,2024-02-20 00:00:00,2024-02-20 18:00:00,2.8,DAYS,3,v1.0,VALID,SYNTHETIC,hash_cng_000204,True
205,CONGESTION_PORT_PARADIP,2024-02-21 00:00:00,2024-02-21 18:00:00,3.6,DAYS,3,v1.0,VALID,SYNTHETIC,hash_cng_000205,True
206,CONGESTION_PORT_DHAMRA,2024-02-21 00:00:00,2024-02-21 18:00:00,2.1,DAYS,3,v1.0,VALID,SYNTHETIC,hash_cng_000206,True
207,CONGESTION_PORT_NEWCASTLE,2024-02-21 00:00:00,2024-02-21 18:00:00,6.5,DAYS,3,v1.0,VALID,SYNTHETIC,hash_cng_000207,True
208,CONGESTION_PORT_HEDLAND,2024-02-21 00:00:00,2024-02-21 18:00:00,2.6,DAYS,3,v1.0,VALID,SYNTHETIC,hash_cng_000208,True
209,CONGESTION_PORT_PARADIP,2024-02-22 00:00:00,2024-02-22 18:00:00,4.2,DAYS,3,v1.0,VALID,SYNTHETIC,hash_cng_000209,True
210,CONGESTION_PORT_DHAMRA,2024-02-22 00:00:00,2024-02-22 18:00:00,1.9,DAYS,3,v1.0,VALID,SYNTHETIC,hash_cng_000210,True
211,CONGESTION_PORT_NEWCASTLE,2024-02-22 00:00:00,2024-02-22 18:00:00,8.2,DAYS,3,v1.0,VALID,SYNTHETIC,hash_cng_000211,True
212,CONGESTION_PORT_HEDLAND,2024-02-22 00:00:00,2024-02-22 18:00:00,3.2,DAYS,3,v1.0,VALID,SYNTHETIC,hash_cng_000212,True
213,CONGESTION_PORT_PARADIP,2024-02-23 00:00:00,2024-02-23 18:00:00,4.5,DAYS,3,v1.0,VALID,SYNTHETIC,hash_cng_000213,True
214,CONGESTION_PORT_DHAMRA,2024-02-23 00:00:00,2024-02-23 18:00:00,1.7,DAYS,3,v1.0,VALID,SYNTHETIC,hash_cng_000214,True
215,CONGESTION_PORT_NEWCASTLE,2024-02-23 00:00:00,2024-02-23 18:00:00,7.5,DAYS,3,v1.0,VALID,SYNTHETIC,hash_cng_000215,True
216,CONGESTION_PORT_HEDLAND,2024-02-23 00:00:00,2024-02-23 18:00:00,2.6,DAYS,3,v1.0,VALID,SYNTHETIC,hash_cng_000216,True
217,CONGESTION_PORT_PARADIP,2024-02-24 00:00:00,2024-02-24 18:00:00,4.2,DAYS,3,v1.0,VALID,SYNTHETIC,hash_cng_000217,True
218,CONGESTION_PORT_DHAMRA,2024-02-24 00:00:00,2024-02-24 18:00:00,2.1,DAYS,3,v1.0,VALID,SYNTHETIC,hash_cng_000218,True
219,CONGESTION_PORT_NEWCASTLE,2024-02-24 00:00:00,2024-02-24 18:00:00,7.3,DAYS,3,v1.0,VALID,SYNTHETIC,hash_cng_000219,True
220,CONGESTION_PORT_HEDLAND,2024-02-24 00:00:00,2024-02-24 18:00:00,2.8,DAYS,3,v1.0,VALID,SYNTHETIC,hash_cng_000220,True
221,CONGESTION_PORT_PARADIP,2024-02-25 00:00:00,2024-02-25 18:00:00,4.0,DAYS,3,v1.0,VALID,SYNTHETIC,hash_cng_000221,True
222,CONGESTION_PORT_DHAMRA,2024-02-25 00:00:00,2024-02-25 18:00:00,1.9,DAYS,3,v1.0,VALID,SYNTHETIC,hash_cng_000222,True
223,CONGESTION_PORT_NEWCASTLE,2024-02-25 00:00:00,2024-02-25 18:00:00,7.7,DAYS,3,v1.0,VALID,SYNTHETIC,hash_cng_000223,True
224,CONGESTION_PORT_HEDLAND,2024-02-25 00:00:00,2024-02-25 18:00:00,2.4,DAYS,3,v1.0,VALID,SYNTHETIC,hash_cng_000224,True
225,CONGESTION_PORT_PARADIP,2024-02-26 00:00:00,2024-02-26 18:00:00,4.6,DAYS,3,v1.0,VALID,SYNTHETIC,hash_cng_000225,True
226,CONGESTION_PORT_DHAMRA,2024-02-26 00:00:00,2024-02-26 18:00:00,2.1,DAYS,3,v1.0,VALID,SYNTHETIC,hash_cng_000226,True
227,CONGESTION_PORT_NEWCASTLE,2024-02-26 00:00:00,2024-02-26 18:00:00,8.0,DAYS,3,v1.0,VALID,SYNTHETIC,hash_cng_000227,True
228,CONGESTION_PORT_HEDLAND,2024-02-26 00:00:00,2024-02-26 18:00:00,2.7,DAYS,3,v1.0,VALID,SYNTHETIC,hash_cng_000228,True
229,CONGESTION_PORT_PARADIP,2024-02-27 00:00:00,2024-02-27 18:00:00,4.1,DAYS,3,v1.0,VALID,SYNTHETIC,hash_cng_000229,True
230,CONGESTION_PORT_DHAMRA,2024-02-27 00:00:00,2024-02-27 18:00:00,2.0,DAYS,3,v1.0,VALID,SYNTHETIC,hash_cng_000230,True
231,CONGESTION_PORT_NEWCASTLE,2024-02-27 00:00:00,2024-02-27 18:00:00,7.3,DAYS,3,v1.0,VALID,SYNTHETIC,hash_cng_000231,True
232,CONGESTION_PORT_HEDLAND,2024-02-27 00:00:00,2024-02-27 18:00:00,3.0,DAYS,3,v1.0,VALID,SYNTHETIC,hash_cng_000232,True
233,CONGESTION_PORT_PARADIP,2024-02-28 00:00:00,2024-02-28 18:00:00,4.0,DAYS,3,v1.0,VALID,SYNTHETIC,hash_cng_000233,True
234,CONGESTION_PORT_DHAMRA,2024-02-28 00:00:00,2024-02-28 18:00:00,2.2,DAYS,3,v1.0,VALID,SYNTHETIC,hash_cng_000234,True
235,CONGESTION_PORT_NEWCASTLE,2024-02-28 00:00:00,2024-02-28 18:00:00,8.2,DAYS,3,v1.0,VALID,SYNTHETIC,hash_cng_000235,True
236,CONGESTION_PORT_HEDLAND,2024-02-28 00:00:00,2024-02-28 18:00:00,2.6,DAYS,3,v1.0,VALID,SYNTHETIC,hash_cng_000236,True
237,CONGESTION_PORT_PARADIP,2024-02-29 00:00:00,2024-02-29 18:00:00,4.7,DAYS,3,v1.0,VALID,SYNTHETIC,hash_cng_000237,True
238,CONGESTION_PORT_DHAMRA,2024-02-29 00:00:00,2024-02-29 18:00:00,2.0,DAYS,3,v1.0,VALID,SYNTHETIC,hash_cng_000238,True
239,CONGESTION_PORT_NEWCASTLE,2024-02-29 00:00:00,2024-02-29 18:00:00,6.3,DAYS,3,v1.0,VALID,SYNTHETIC,hash_cng_000239,True
240,CONGESTION_PORT_HEDLAND,2024-02-29 00:00:00,2024-02-29 18:00:00,2.6,DAYS,3,v1.0,VALID,SYNTHETIC,hash_cng_000240,True
241,CONGESTION_PORT_PARADIP,2024-03-01 00:00:00,2024-03-01 18:00:00,4.5,DAYS,3,v1.0,VALID,SYNTHETIC,hash_cng_000241,True
242,CONGESTION_PORT_DHAMRA,2024-03-01 00:00:00,2024-03-01 18:00:00,2.1,DAYS,3,v1.0,VALID,SYNTHETIC,hash_cng_000242,True
243,CONGESTION_PORT_NEWCASTLE,2024-03-01 00:00:00,2024-03-01 18:00:00,7.9,DAYS,3,v1.0,VALID,SYNTHETIC,hash_cng_000243,True
244,CONGESTION_PORT_HEDLAND,2024-03-01 00:00:00,2024-03-01 18:00:00,2.6,DAYS,3,v1.0,VALID,SYNTHETIC,hash_cng_000244,True
245,CONGESTION_PORT_PARADIP,2024-03-02 00:00:00,2024-03-02 18:00:00,4.2,DAYS,3,v1.0,VALID,SYNTHETIC,hash_cng_000245,True
246,CONGESTION_PORT_DHAMRA,2024-03-02 00:00:00,2024-03-02 18:00:00,1.9,DAYS,3,v1.0,VALID,SYNTHETIC,hash_cng_000246,True
247,CONGESTION_PORT_NEWCASTLE,2024-03-02 00:00:00,2024-03-02 18:00:00,7.3,DAYS,3,v1.0,VALID,SYNTHETIC,hash_cng_000247,True
248,CONGESTION_PORT_HEDLAND,2024-03-02 00:00:00,2024-03-02 18:00:00,2.8,DAYS,3,v1.0,VALID,SYNTHETIC,hash_cng_000248,True
249,CONGESTION_PORT_PARADIP,2024-03-03 00:00:00,2024-03-03 18:00:00,4.5,DAYS,3,v1.0,VALID,SYNTHETIC,hash_cng_000249,True
250,CONGESTION_PORT_DHAMRA,2024-03-03 00:00:00,2024-03-03 18:00:00,2.0,DAYS,3,v1.0,VALID,SYNTHETIC,hash_cng_000250,True
251,CONGESTION_PORT_NEWCASTLE,2024-03-03 00:00:00,2024-03-03 18:00:00,6.2,DAYS,3,v1.0,VALID,SYNTHETIC,hash_cng_000251,True
252,CONGESTION_PORT_HEDLAND,2024-03-03 00:00:00,2024-03-03 18:00:00,3.0,DAYS,3,v1.0,VALID,SYNTHETIC,hash_cng_000252,True
253,CONGESTION_PORT_PARADIP,2024-03-04 00:00:00,2024-03-04 18:00:00,4.2,DAYS,3,v1.0,VALID,SYNTHETIC,hash_cng_000253,True
254,CONGESTION_PORT_DHAMRA,2024-03-04 00:00:00,2024-03-04 18:00:00,1.8,DAYS,3,v1.0,VALID,SYNTHETIC,hash_cng_000254,True
255,CONGESTION_PORT_NEWCASTLE,2024-03-04 00:00:00,2024-03-04 18:00:00,7.4,DAYS,3,v1.0,VALID,SYNTHETIC,hash_cng_000255,True
256,CONGESTION_PORT_HEDLAND,2024-03-04 00:00:00,2024-03-04 18:00:00,3.2,DAYS,3,v1.0,VALID,SYNTHETIC,hash_cng_000256,True
257,CONGESTION_PORT_PARADIP,2024-03-05 00:00:00,2024-03-05 18:00:00,4.0,DAYS,3,v1.0,VALID,SYNTHETIC,hash_cng_000257,True
258,CONGESTION_PORT_DHAMRA,2024-03-05 00:00:00,2024-03-05 18:00:00,1.7,DAYS,3,v1.0,VALID,SYNTHETIC,hash_cng_000258,True
259,CONGESTION_PORT_NEWCASTLE,2024-03-05 00:00:00,2024-03-05 18:00:00,7.4,DAYS,3,v1.0,VALID,SYNTHETIC,hash_cng_000259,True
260,CONGESTION_PORT_HEDLAND,2024-03-05 00:00:00,2024-03-05 18:00:00,3.1,DAYS,3,v1.0,VALID,SYNTHETIC,hash_cng_000260,True
261,CONGESTION_PORT_PARADIP,2024-03-06 00:00:00,2024-03-06 18:00:00,4.1,DAYS,3,v1.0,VALID,SYNTHETIC,hash_cng_000261,True
262,CONGESTION_PORT_DHAMRA,2024-03-06 00:00:00,2024-03-06 18:00:00,2.0,DAYS,3,v1.0,VALID,SYNTHETIC,hash_cng_000262,True
263,CONGESTION_PORT_NEWCASTLE,2024-03-06 00:00:00,2024-03-06 18:00:00,7.5,DAYS,3,v1.0,VALID,SYNTHETIC,hash_cng_000263,True
264,CONGESTION_PORT_HEDLAND,2024-03-06 00:00:00,2024-03-06 18:00:00,3.1,DAYS,3,v1.0,VALID,SYNTHETIC,hash_cng_000264,True
265,CONGESTION_PORT_PARADIP,2024-03-07 00:00:00,2024-03-07 18:00:00,4.2,DAYS,3,v1.0,VALID,SYNTHETIC,hash_cng_000265,True
266,CONGESTION_PORT_DHAMRA,2024-03-07 00:00:00,2024-03-07 18:00:00,2.2,DAYS,3,v1.0,VALID,SYNTHETIC,hash_cng_000266,True
267,CONGESTION_PORT_NEWCASTLE,2024-03-07 00:00:00,2024-03-07 18:00:00,7.5,DAYS,3,v1.0,VALID,SYNTHETIC,hash_cng_000267,True
268,CONGESTION_PORT_HEDLAND,2024-03-07 00:00:00,2024-03-07 18:00:00,2.9,DAYS,3,v1.0,VALID,SYNTHETIC,hash_cng_000268,True
269,CONGESTION_PORT_PARADIP,2024-03-08 00:00:00,2024-03-08 18:00:00,4.3,DAYS,3,v1.0,VALID,SYNTHETIC,hash_cng_000269,True
270,CONGESTION_PORT_DHAMRA,2024-03-08 00:00:00,2024-03-08 18:00:00,1.6,DAYS,3,v1.0,VALID,SYNTHETIC,hash_cng_000270,True
271,CONGESTION_PORT_NEWCASTLE,2024-03-08 00:00:00,2024-03-08 18:00:00,8.7,DAYS,3,v1.0,VALID,SYNTHETIC,hash_cng_000271,True
272,CONGESTION_PORT_HEDLAND,2024-03-08 00:00:00,2024-03-08 18:00:00,3.0,DAYS,3,v1.0,VALID,SYNTHETIC,hash_cng_000272,True
273,CONGESTION_PORT_PARADIP,2024-03-09 00:00:00,2024-03-09 18:00:00,4.0,DAYS,3,v1.0,VALID,SYNTHETIC,hash_cng_000273,True
274,CONGESTION_PORT_DHAMRA,2024-03-09 00:00:00,2024-03-09 18:00:00,2.1,DAYS,3,v1.0,VALID,SYNTHETIC,hash_cng_000274,True
275,CONGESTION_PORT_NEWCASTLE,2024-03-09 00:00:00,2024-03-09 18:00:00,7.3,DAYS,3,v1.0,VALID,SYNTHETIC,hash_cng_000275,True
276,CONGESTION_PORT_HEDLAND,2024-03-09 00:00:00,2024-03-09 18:00:00,3.3,DAYS,3,v1.0,VALID,SYNTHETIC,hash_cng_000276,True
277,CONGESTION_PORT_PARADIP,2024-03-10 00:00:00,2024-03-10 18:00:00,3.8,DAYS,3,v1.0,VALID,SYNTHETIC,hash_cng_000277,True
278,CONGESTION_PORT_DHAMRA,2024-03-10 00:00:00,2024-03-10 18:00:00,2.1,DAYS,3,v1.0,VALID,SYNTHETIC,hash_cng_000278,True
279,CONGESTION_PORT_NEWCASTLE,2024-03-10 00:00:00,2024-03-10 18:00:00,7.1,DAYS,3,v1.0,VALID,SYNTHETIC,hash_cng_000279,True
280,CONGESTION_PORT_HEDLAND,2024-03-10 00:00:00,2024-03-10 18:00:00,3.3,DAYS,3,v1.0,VALID,SYNTHETIC,hash_cng_000280,True
281,CONGESTION_PORT_PARADIP,2024-03-11 00:00:00,2024-03-11 18:00:00,4.2,DAYS,3,v1.0,VALID,SYNTHETIC,hash_cng_000281,True
282,CONGESTION_PORT_DHAMRA,2024-03-11 00:00:00,2024-03-11 18:00:00,2.3,DAYS,3,v1.0,VALID,SYNTHETIC,hash_cng_000282,True
283,CONGESTION_PORT_NEWCASTLE,2024-03-11 00:00:00,2024-03-11 18:00:00,6.6,DAYS,3,v1.0,VALID,SYNTHETIC,hash_cng_000283,True
284,CONGESTION_PORT_HEDLAND,2024-03-11 00:00:00,2024-03-11 18:00:00,2.5,DAYS,3,v1.0,VALID,SYNTHETIC,hash_cng_000284,True
285,CONGESTION_PORT_PARADIP,2024-03-12 00:00:00,2024-03-12 18:00:00,4.5,DAYS,3,v1.0,VALID,SYNTHETIC,hash_cng_000285,True
286,CONGESTION_PORT_DHAMRA,2024-03-12 00:00:00,2024-03-12 18:00:00,2.1,DAYS,3,v1.0,VALID,SYNTHETIC,hash_cng_000286,True
287,CONGESTION_PORT_NEWCASTLE,2024-03-12 00:00:00,2024-03-12 18:00:00,8.1,DAYS,3,v1.0,VALID,SYNTHETIC,hash_cng_000287,True
288,CONGESTION_PORT_HEDLAND,2024-03-12 00:00:00,2024-03-12 18:00:00,3.4,DAYS,3,v1.0,VALID,SYNTHETIC,hash_cng_000288,True
289,CONGESTION_PORT_PARADIP,2024-03-13 00:00:00,2024-03-13 18:00:00,3.8,DAYS,3,v1.0,VALID,SYNTHETIC,hash_cng_000289,True
290,CONGESTION_PORT_DHAMRA,2024-03-13 00:00:00,2024-03-13 18:00:00,2.1,DAYS,3,v1.0,VALID,SYNTHETIC,hash_cng_000290,True
291,CONGESTION_PORT_NEWCASTLE,2024-03-13 00:00:00,2024-03-13 18:00:00,8.0,DAYS,3,v1.0,VALID,SYNTHETIC,hash_cng_000291,True
292,CONGESTION_PORT_HEDLAND,2024-03-13 00:00:00,2024-03-13 18:00:00,3.1,DAYS,3,v1.0,VALID,SYNTHETIC,hash_cng_000292,True
293,CONGESTION_PORT_PARADIP,2024-03-14 00:00:00,2024-03-14 18:00:00,4.3,DAYS,3,v1.0,VALID,SYNTHETIC,hash_cng_000293,True
294,CONGESTION_PORT_DHAMRA,2024-03-14 00:00:00,2024-03-14 18:00:00,2.5,DAYS,3,v1.0,VALID,SYNTHETIC,hash_cng_000294,True
295,CONGESTION_PORT_NEWCASTLE,2024-03-14 00:00:00,2024-03-14 18:00:00,7.6,DAYS,3,v1.0,VALID,SYNTHETIC,hash_cng_000295,True
296,CONGESTION_PORT_HEDLAND,2024-03-14 00:00:00,2024-03-14 18:00:00,2.5,DAYS,3,v1.0,VALID,SYNTHETIC,hash_cng_000296,True
297,CONGESTION_PORT_PARADIP,2024-03-15 00:00:00,2024-03-15 18:00:00,4.6,DAYS,3,v1.0,VALID,SYNTHETIC,hash_cng_000297,True
298,CONGESTION_PORT_DHAMRA,2024-03-15 00:00:00,2024-03-15 18:00:00,2.3,DAYS,3,v1.0,VALID,SYNTHETIC,hash_cng_000298,True
299,CONGESTION_PORT_NEWCASTLE,2024-03-15 00:00:00,2024-03-15 18:00:00,7.8,DAYS,3,v1.0,VALID,SYNTHETIC,hash_cng_000299,True
300,CONGESTION_PORT_HEDLAND,2024-03-15 00:00:00,2024-03-15 18:00:00,2.6,DAYS,3,v1.0,VALID,SYNTHETIC,hash_cng_000300,True
301,CONGESTION_PORT_PARADIP,2024-03-16 00:00:00,2024-03-16 18:00:00,4.9,DAYS,3,v1.0,VALID,SYNTHETIC,hash_cng_000301,True
302,CONGESTION_PORT_DHAMRA,2024-03-16 00:00:00,2024-03-16 18:00:00,1.8,DAYS,3,v1.0,VALID,SYNTHETIC,hash_cng_000302,True
303,CONGESTION_PORT_NEWCASTLE,2024-03-16 00:00:00,2024-03-16 18:00:00,8.0,DAYS,3,v1.0,VALID,SYNTHETIC,hash_cng_000303,True
304,CONGESTION_PORT_HEDLAND,2024-03-16 00:00:00,2024-03-16 18:00:00,3.0,DAYS,3,v1.0,VALID,SYNTHETIC,hash_cng_000304,True
305,CONGESTION_PORT_PARADIP,2024-03-17 00:00:00,2024-03-17 18:00:00,3.8,DAYS,3,v1.0,VALID,SYNTHETIC,hash_cng_000305,True
306,CONGESTION_PORT_DHAMRA,2024-03-17 00:00:00,2024-03-17 18:00:00,2.1,DAYS,3,v1.0,VALID,SYNTHETIC,hash_cng_000306,True
307,CONGESTION_PORT_NEWCASTLE,2024-03-17 00:00:00,2024-03-17 18:00:00,7.8,DAYS,3,v1.0,VALID,SYNTHETIC,hash_cng_000307,True
308,CONGESTION_PORT_HEDLAND,2024-03-17 00:00:00,2024-03-17 18:00:00,2.6,DAYS,3,v1.0,VALID,SYNTHETIC,hash_cng_000308,True
309,CONGESTION_PORT_PARADIP,2024-03-18 00:00:00,2024-03-18 18:00:00,4.1,DAYS,3,v1.0,VALID,SYNTHETIC,hash_cng_000309,True
310,CONGESTION_PORT_DHAMRA,2024-03-18 00:00:00,2024-03-18 18:00:00,2.0,DAYS,3,v1.0,VALID,SYNTHETIC,hash_cng_000310,True
311,CONGESTION_PORT_NEWCASTLE,2024-03-18 00:00:00,2024-03-18 18:00:00,7.3,DAYS,3,v1.0,VALID,SYNTHETIC,hash_cng_000311,True
312,CONGESTION_PORT_HEDLAND,2024-03-18 00:00:00,2024-03-18 18:00:00,2.8,DAYS,3,v1.0,VALID,SYNTHETIC,hash_cng_000312,True
313,CONGESTION_PORT_PARADIP,2024-03-19 00:00:00,2024-03-19 18:00:00,4.6,DAYS,3,v1.0,VALID,SYNTHETIC,hash_cng_000313,True
314,CONGESTION_PORT_DHAMRA,2024-03-19 00:00:00,2024-03-19 18:00:00,2.5,DAYS,3,v1.0,VALID,SYNTHETIC,hash_cng_000314,True
315,CONGESTION_PORT_NEWCASTLE,2024-03-19 00:00:00,2024-03-19 18:00:00,8.8,DAYS,3,v1.0,VALID,SYNTHETIC,hash_cng_000315,True
316,CONGESTION_PORT_HEDLAND,2024-03-19 00:00:00,2024-03-19 18:00:00,2.7,DAYS,3,v1.0,VALID,SYNTHETIC,hash_cng_000316,True
317,CONGESTION_PORT_PARADIP,2024-03-20 00:00:00,2024-03-20 18:00:00,4.0,DAYS,3,v1.0,VALID,SYNTHETIC,hash_cng_000317,True
318,CONGESTION_PORT_DHAMRA,2024-03-20 00:00:00,2024-03-20 18:00:00,2.1,DAYS,3,v1.0,VALID,SYNTHETIC,hash_cng_000318,True
319,CONGESTION_PORT_NEWCASTLE,2024-03-20 00:00:00,2024-03-20 18:00:00,8.3,DAYS,3,v1.0,VALID,SYNTHETIC,hash_cng_000319,True
320,CONGESTION_PORT_HEDLAND,2024-03-20 00:00:00,2024-03-20 18:00:00,3.2,DAYS,3,v1.0,VALID,SYNTHETIC,hash_cng_000320,True
321,CONGESTION_PORT_PARADIP,2024-03-21 00:00:00,2024-03-21 18:00:00,3.3,DAYS,3,v1.0,VALID,SYNTHETIC,hash_cng_000321,True
322,CONGESTION_PORT_DHAMRA,2024-03-21 00:00:00,2024-03-21 18:00:00,2.1,DAYS,3,v1.0,VALID,SYNTHETIC,hash_cng_000322,True
323,CONGESTION_PORT_NEWCASTLE,2024-03-21 00:00:00,2024-03-21 18:00:00,9.2,DAYS,3,v1.0,VALID,SYNTHETIC,hash_cng_000323,True
324,CONGESTION_PORT_HEDLAND,2024-03-21 00:00:00,2024-03-21 18:00:00,2.7,DAYS,3,v1.0,VALID,SYNTHETIC,hash_cng_000324,True
325,CONGESTION_PORT_PARADIP,2024-03-22 00:00:00,2024-03-22 18:00:00,4.5,DAYS,3,v1.0,VALID,SYNTHETIC,hash_cng_000325,True
326,CONGESTION_PORT_DHAMRA,2024-03-22 00:00:00,2024-03-22 18:00:00,2.0,DAYS,3,v1.0,VALID,SYNTHETIC,hash_cng_000326,True
327,CONGESTION_PORT_NEWCASTLE,2024-03-22 00:00:00,2024-03-22 18:00:00,7.6,DAYS,3,v1.0,VALID,SYNTHETIC,hash_cng_000327,True
328,CONGESTION_PORT_HEDLAND,2024-03-22 00:00:00,2024-03-22 18:00:00,2.7,DAYS,3,v1.0,VALID,SYNTHETIC,hash_cng_000328,True
329,CONGESTION_PORT_PARADIP,2024-03-23 00:00:00,2024-03-23 18:00:00,4.5,DAYS,3,v1.0,VALID,SYNTHETIC,hash_cng_000329,True
330,CONGESTION_PORT_DHAMRA,2024-03-23 00:00:00,2024-03-23 18:00:00,2.4,DAYS,3,v1.0,VALID,SYNTHETIC,hash_cng_000330,True
331,CONGESTION_PORT_NEWCASTLE,2024-03-23 00:00:00,2024-03-23 18:00:00,8.8,DAYS,3,v1.0,VALID,SYNTHETIC,hash_cng_000331,True
332,CONGESTION_PORT_HEDLAND,2024-03-23 00:00:00,2024-03-23 18:00:00,3.2,DAYS,3,v1.0,VALID,SYNTHETIC,hash_cng_000332,True
333,CONGESTION_PORT_PARADIP,2024-03-24 00:00:00,2024-03-24 18:00:00,4.1,DAYS,3,v1.0,VALID,SYNTHETIC,hash_cng_000333,True
334,CONGESTION_PORT_DHAMRA,2024-03-24 00:00:00,2024-03-24 18:00:00,1.9,DAYS,3,v1.0,VALID,SYNTHETIC,hash_cng_000334,True
335,CONGESTION_PORT_NEWCASTLE,2024-03-24 00:00:00,2024-03-24 18:00:00,7.7,DAYS,3,v1.0,VALID,SYNTHETIC,hash_cng_000335,True
336,CONGESTION_PORT_HEDLAND,2024-03-24 00:00:00,2024-03-24 18:00:00,2.8,DAYS,3,v1.0,VALID,SYNTHETIC,hash_cng_000336,True
337,CONGESTION_PORT_PARADIP,2024-03-25 00:00:00,2024-03-25 18:00:00,4.8,DAYS,3,v1.0,VALID,SYNTHETIC,hash_cng_000337,True
338,CONGESTION_PORT_DHAMRA,2024-03-25 00:00:00,2024-03-25 18:00:00,2.3,DAYS,3,v1.0,VALID,SYNTHETIC,hash_cng_000338,True
339,CONGESTION_PORT_NEWCASTLE,2024-03-25 00:00:00,2024-03-25 18:00:00,8.6,DAYS,3,v1.0,VALID,SYNTHETIC,hash_cng_000339,True
340,CONGESTION_PORT_HEDLAND,2024-03-25 00:00:00,2024-03-25 18:00:00,2.5,DAYS,3,v1.0,VALID,SYNTHETIC,hash_cng_000340,True
341,CONGESTION_PORT_PARADIP,2024-03-26 00:00:00,2024-03-26 18:00:00,4.3,DAYS,3,v1.0,VALID,SYNTHETIC,hash_cng_000341,True
342,CONGESTION_PORT_DHAMRA,2024-03-26 00:00:00,2024-03-26 18:00:00,2.0,DAYS,3,v1.0,VALID,SYNTHETIC,hash_cng_000342,True
343,CONGESTION_PORT_NEWCASTLE,2024-03-26 00:00:00,2024-03-26 18:00:00,8.0,DAYS,3,v1.0,VALID,SYNTHETIC,hash_cng_000343,True
344,CONGESTION_PORT_HEDLAND,2024-03-26 00:00:00,2024-03-26 18:00:00,3.6,DAYS,3,v1.0,VALID,SYNTHETIC,hash_cng_000344,True
345,CONGESTION_PORT_PARADIP,2024-03-27 00:00:00,2024-03-27 18:00:00,3.7,DAYS,3,v1.0,VALID,SYNTHETIC,hash_cng_000345,True
346,CONGESTION_PORT_DHAMRA,2024-03-27 00:00:00,2024-03-27 18:00:00,1.7,DAYS,3,v1.0,VALID,SYNTHETIC,hash_cng_000346,True
347,CONGESTION_PORT_NEWCASTLE,2024-03-27 00:00:00,2024-03-27 18:00:00,8.6,DAYS,3,v1.0,VALID,SYNTHETIC,hash_cng_000347,True
348,CONGESTION_PORT_HEDLAND,2024-03-27 00:00:00,2024-03-27 18:00:00,3.4,DAYS,3,v1.0,VALID,SYNTHETIC,hash_cng_000348,True
349,CONGESTION_PORT_PARADIP,2024-03-28 00:00:00,2024-03-28 18:00:00,4.2,DAYS,3,v1.0,VALID,SYNTHETIC,hash_cng_000349,True
350,CONGESTION_PORT_DHAMRA,2024-03-28 00:00:00,2024-03-28 18:00:00,2.0,DAYS,3,v1.0,VALID,SYNTHETIC,hash_cng_000350,True
351,CONGESTION_PORT_NEWCASTLE,2024-03-28 00:00:00,2024-03-28 18:00:00,8.3,DAYS,3,v1.0,VALID,SYNTHETIC,hash_cng_000351,True
352,CONGESTION_PORT_HEDLAND,2024-03-28 00:00:00,2024-03-28 18:00:00,3.1,DAYS,3,v1.0,VALID,SYNTHETIC,hash_cng_000352,True
353,CONGESTION_PORT_PARADIP,2024-03-29 00:00:00,2024-03-29 18:00:00,4.2,DAYS,3,v1.0,VALID,SYNTHETIC,hash_cng_000353,True
354,CONGESTION_PORT_DHAMRA,2024-03-29 00:00:00,2024-03-29 18:00:00,1.8,DAYS,3,v1.0,VALID,SYNTHETIC,hash_cng_000354,True
355,CONGESTION_PORT_NEWCASTLE,2024-03-29 00:00:00,2024-03-29 18:00:00,8.1,DAYS,3,v1.0,VALID,SYNTHETIC,hash_cng_000355,True
356,CONGESTION_PORT_HEDLAND,2024-03-29 00:00:00,2024-03-29 18:00:00,2.7,DAYS,3,v1.0,VALID,SYNTHETIC,hash_cng_000356,True
357,CONGESTION_PORT_PARADIP,2024-03-30 00:00:00,2024-03-30 18:00:00,4.2,DAYS,3,v1.0,VALID,SYNTHETIC,hash_cng_000357,True
358,CONGESTION_PORT_DHAMRA,2024-03-30 00:00:00,2024-03-30 18:00:00,1.9,DAYS,3,v1.0,VALID,SYNTHETIC,hash_cng_000358,True
359,CONGESTION_PORT_NEWCASTLE,2024-03-30 00:00:00,2024-03-30 18:00:00,7.9,DAYS,3,v1.0,VALID,SYNTHETIC,hash_cng_000359,True
360,CONGESTION_PORT_HEDLAND,2024-03-30 00:00:00,2024-03-30 18:00:00,2.5,DAYS,3,v1.0,VALID,SYNTHETIC,hash_cng_000360,True
361,CONGESTION_PORT_PARADIP,2024-03-31 00:00:00,2024-03-31 18:00:00,4.3,DAYS,3,v1.0,VALID,SYNTHETIC,hash_cng_000361,True
362,CONGESTION_PORT_DHAMRA,2024-03-31 00:00:00,2024-03-31 18:00:00,2.0,DAYS,3,v1.0,VALID,SYNTHETIC,hash_cng_000362,True
363,CONGESTION_PORT_NEWCASTLE,2024-03-31 00:00:00,2024-03-31 18:00:00,7.3,DAYS,3,v1.0,VALID,SYNTHETIC,hash_cng_000363,True
364,CONGESTION_PORT_HEDLAND,2024-03-31 00:00:00,2024-03-31 18:00:00,3.3,DAYS,3,v1.0,VALID,SYNTHETIC,hash_cng_000364,True
365,CONGESTION_PORT_PARADIP,2024-04-01 00:00:00,2024-04-01 18:00:00,4.4,DAYS,3,v1.0,VALID,SYNTHETIC,hash_cng_000365,True
366,CONGESTION_PORT_DHAMRA,2024-04-01 00:00:00,2024-04-01 18:00:00,1.8,DAYS,3,v1.0,VALID,SYNTHETIC,hash_cng_000366,True
367,CONGESTION_PORT_NEWCASTLE,2024-04-01 00:00:00,2024-04-01 18:00:00,7.5,DAYS,3,v1.0,VALID,SYNTHETIC,hash_cng_000367,True
368,CONGESTION_PORT_HEDLAND,2024-04-01 00:00:00,2024-04-01 18:00:00,2.0,DAYS,3,v1.0,VALID,SYNTHETIC,hash_cng_000368,True
369,CONGESTION_PORT_PARADIP,2024-04-02 00:00:00,2024-04-02 18:00:00,4.1,DAYS,3,v1.0,VALID,SYNTHETIC,hash_cng_000369,True
370,CONGESTION_PORT_DHAMRA,2024-04-02 00:00:00,2024-04-02 18:00:00,1.7,DAYS,3,v1.0,VALID,SYNTHETIC,hash_cng_000370,True
371,CONGESTION_PORT_NEWCASTLE,2024-04-02 00:00:00,2024-04-02 18:00:00,8.9,DAYS,3,v1.0,VALID,SYNTHETIC,hash_cng_000371,True
372,CONGESTION_PORT_HEDLAND,2024-04-02 00:00:00,2024-04-02 18:00:00,2.9,DAYS,3,v1.0,VALID,SYNTHETIC,hash_cng_000372,True
373,CONGESTION_PORT_PARADIP,2024-04-03 00:00:00,2024-04-03 18:00:00,4.6,DAYS,3,v1.0,VALID,SYNTHETIC,hash_cng_000373,True
374,CONGESTION_PORT_DHAMRA,2024-04-03 00:00:00,2024-04-03 18:00:00,2.2,DAYS,3,v1.0,VALID,SYNTHETIC,hash_cng_000374,True
375,CONGESTION_PORT_NEWCASTLE,2024-04-03 00:00:00,2024-04-03 18:00:00,8.2,DAYS,3,v1.0,VALID,SYNTHETIC,hash_cng_000375,True
376,CONGESTION_PORT_HEDLAND,2024-04-03 00:00:00,2024-04-03 18:00:00,2.6,DAYS,3,v1.0,VALID,SYNTHETIC,hash_cng_000376,True
377,CONGESTION_PORT_PARADIP,2024-04-04 00:00:00,2024-04-04 18:00:00,3.8,DAYS,3,v1.0,VALID,SYNTHETIC,hash_cng_000377,True
378,CONGESTION_PORT_DHAMRA,2024-04-04 00:00:00,2024-04-04 18:00:00,2.1,DAYS,3,v1.0,VALID,SYNTHETIC,hash_cng_000378,True
379,CONGESTION_PORT_NEWCASTLE,2024-04-04 00:00:00,2024-04-04 18:00:00,8.4,DAYS,3,v1.0,VALID,SYNTHETIC,hash_cng_000379,True
380,CONGESTION_PORT_HEDLAND,2024-04-04 00:00:00,2024-04-04 18:00:00,2.8,DAYS,3,v1.0,VALID,SYNTHETIC,hash_cng_000380,True
381,CONGESTION_PORT_PARADIP,2024-04-05 00:00:00,2024-04-05 18:00:00,4.3,DAYS,3,v1.0,VALID,SYNTHETIC,hash_cng_000381,True
382,CONGESTION_PORT_DHAMRA,2024-04-05 00:00:00,2024-04-05 18:00:00,1.8,DAYS,3,v1.0,VALID,SYNTHETIC,hash_cng_000382,True
383,CONGESTION_PORT_NEWCASTLE,2024-04-05 00:00:00,2024-04-05 18:00:00,8.1,DAYS,3,v1.0,VALID,SYNTHETIC,hash_cng_000383,True
384,CONGESTION_PORT_HEDLAND,2024-04-05 00:00:00,2024-04-05 18:00:00,3.1,DAYS,3,v1.0,VALID,SYNTHETIC,hash_cng_000384,True
385,CONGESTION_PORT_PARADIP,2024-04-06 00:00:00,2024-04-06 18:00:00,4.3,DAYS,3,v1.0,VALID,SYNTHETIC,hash_cng_000385,True
386,CONGESTION_PORT_DHAMRA,2024-04-06 00:00:00,2024-04-06 18:00:00,2.1,DAYS,3,v1.0,VALID,SYNTHETIC,hash_cng_000386,True
387,CONGESTION_PORT_NEWCASTLE,2024-04-06 00:00:00,2024-04-06 18:00:00,7.8,DAYS,3,v1.0,VALID,SYNTHETIC,hash_cng_000387,True
388,CONGESTION_PORT_HEDLAND,2024-04-06 00:00:00,2024-04-06 18:00:00,2.8,DAYS,3,v1.0,VALID,SYNTHETIC,hash_cng_000388,True
389,CONGESTION_PORT_PARADIP,2024-04-07 00:00:00,2024-04-07 18:00:00,4.2,DAYS,3,v1.0,VALID,SYNTHETIC,hash_cng_000389,True
390,CONGESTION_PORT_DHAMRA,2024-04-07 00:00:00,2024-04-07 18:00:00,2.3,DAYS,3,v1.0,VALID,SYNTHETIC,hash_cng_000390,True
391,CONGESTION_PORT_NEWCASTLE,2024-04-07 00:00:00,2024-04-07 18:00:00,7.9,DAYS,3,v1.0,VALID,SYNTHETIC,hash_cng_000391,True
392,CONGESTION_PORT_HEDLAND,2024-04-07 00:00:00,2024-04-07 18:00:00,3.1,DAYS,3,v1.0,VALID,SYNTHETIC,hash_cng_000392,True
393,CONGESTION_PORT_PARADIP,2024-04-08 00:00:00,2024-04-08 18:00:00,4.7,DAYS,3,v1.0,VALID,SYNTHETIC,hash_cng_000393,True
394,CONGESTION_PORT_DHAMRA,2024-04-08 00:00:00,2024-04-08 18:00:00,2.2,DAYS,3,v1.0,VALID,SYNTHETIC,hash_cng_000394,True
395,CONGESTION_PORT_NEWCASTLE,2024-04-08 00:00:00,2024-04-08 18:00:00,7.5,DAYS,3,v1.0,VALID,SYNTHETIC,hash_cng_000395,True
396,CONGESTION_PORT_HEDLAND,2024-04-08 00:00:00,2024-04-08 18:00:00,2.9,DAYS,3,v1.0,VALID,SYNTHETIC,hash_cng_000396,True
397,CONGESTION_PORT_PARADIP,2024-04-09 00:00:00,2024-04-09 18:00:00,4.1,DAYS,3,v1.0,VALID,SYNTHETIC,hash_cng_000397,True
398,CONGESTION_PORT_DHAMRA,2024-04-09 00:00:00,2024-04-09 18:00:00,1.8,DAYS,3,v1.0,VALID,SYNTHETIC,hash_cng_000398,True
399,CONGESTION_PORT_NEWCASTLE,2024-04-09 00:00:00,2024-04-09 18:00:00,8.0,DAYS,3,v1.0,VALID,SYNTHETIC,hash_cng_000399,True
400,CONGESTION_PORT_HEDLAND,2024-04-09 00:00:00,2024-04-09 18:00:00,2.9,DAYS,3,v1.0,VALID,SYNTHETIC,hash_cng_000400,True
401,CONGESTION_PORT_PARADIP,2024-04-10 00:00:00,2024-04-10 18:00:00,3.8,DAYS,3,v1.0,VALID,SYNTHETIC,hash_cng_000401,True
402,CONGESTION_PORT_DHAMRA,2024-04-10 00:00:00,2024-04-10 18:00:00,2.1,DAYS,3,v1.0,VALID,SYNTHETIC,hash_cng_000402,True
403,CONGESTION_PORT_NEWCASTLE,2024-04-10 00:00:00,2024-04-10 18:00:00,7.1,DAYS,3,v1.0,VALID,SYNTHETIC,hash_cng_000403,True
404,CONGESTION_PORT_HEDLAND,2024-04-10 00:00:00,2024-04-10 18:00:00,2.8,DAYS,3,v1.0,VALID,SYNTHETIC,hash_cng_000404,True
405,CONGESTION_PORT_PARADIP,2024-04-11 00:00:00,2024-04-11 18:00:00,4.8,DAYS,3,v1.0,VALID,SYNTHETIC,hash_cng_000405,True
406,CONGESTION_PORT_DHAMRA,2024-04-11 00:00:00,2024-04-11 18:00:00,2.0,DAYS,3,v1.0,VALID,SYNTHETIC,hash_cng_000406,True
407,CONGESTION_PORT_NEWCASTLE,2024-04-11 00:00:00,2024-04-11 18:00:00,8.1,DAYS,3,v1.0,VALID,SYNTHETIC,hash_cng_000407,True
408,CONGESTION_PORT_HEDLAND,2024-04-11 00:00:00,2024-04-11 18:00:00,2.4,DAYS,3,v1.0,VALID,SYNTHETIC,hash_cng_000408,True
409,CONGESTION_PORT_PARADIP,2024-04-12 00:00:00,2024-04-12 18:00:00,3.8,DAYS,3,v1.0,VALID,SYNTHETIC,hash_cng_000409,True
410,CONGESTION_PORT_DHAMRA,2024-04-12 00:00:00,2024-04-12 18:00:00,1.8,DAYS,3,v1.0,VALID,SYNTHETIC,hash_cng_000410,True
411,CONGESTION_PORT_NEWCASTLE,2024-04-12 00:00:00,2024-04-12 18:00:00,8.0,DAYS,3,v1.0,VALID,SYNTHETIC,hash_cng_000411,True
412,CONGESTION_PORT_HEDLAND,2024-04-12 00:00:00,2024-04-12 18:00:00,2.9,DAYS,3,v1.0,VALID,SYNTHETIC,hash_cng_000412,True
413,CONGESTION_PORT_PARADIP,2024-04-13 00:00:00,2024-04-13 18:00:00,4.0,DAYS,3,v1.0,VALID,SYNTHETIC,hash_cng_000413,True
414,CONGESTION_PORT_DHAMRA,2024-04-13 00:00:00,2024-04-13 18:00:00,2.0,DAYS,3,v1.0,VALID,SYNTHETIC,hash_cng_000414,True
415,CONGESTION_PORT_NEWCASTLE,2024-04-13 00:00:00,2024-04-13 18:00:00,7.9,DAYS,3,v1.0,VALID,SYNTHETIC,hash_cng_000415,True
416,CONGESTION_PORT_HEDLAND,2024-04-13 00:00:00,2024-04-13 18:00:00,2.7,DAYS,3,v1.0,VALID,SYNTHETIC,hash_cng_000416,True
417,CONGESTION_PORT_PARADIP,2024-04-14 00:00:00,2024-04-14 18:00:00,4.8,DAYS,3,v1.0,VALID,SYNTHETIC,hash_cng_000417,True
418,CONGESTION_PORT_DHAMRA,2024-04-14 00:00:00,2024-04-14 18:00:00,2.0,DAYS,3,v1.0,VALID,SYNTHETIC,hash_cng_000418,True
419,CONGESTION_PORT_NEWCASTLE,2024-04-14 00:00:00,2024-04-14 18:00:00,7.3,DAYS,3,v1.0,VALID,SYNTHETIC,hash_cng_000419,True
420,CONGESTION_PORT_HEDLAND,2024-04-14 00:00:00,2024-04-14 18:00:00,3.0,DAYS,3,v1.0,VALID,SYNTHETIC,hash_cng_000420,True
421,CONGESTION_PORT_PARADIP,2024-04-15 00:00:00,2024-04-15 18:00:00,4.4,DAYS,3,v1.0,VALID,SYNTHETIC,hash_cng_000421,True
422,CONGESTION_PORT_DHAMRA,2024-04-15 00:00:00,2024-04-15 18:00:00,2.5,DAYS,3,v1.0,VALID,SYNTHETIC,hash_cng_000422,True
423,CONGESTION_PORT_NEWCASTLE,2024-04-15 00:00:00,2024-04-15 18:00:00,7.3,DAYS,3,v1.0,VALID,SYNTHETIC,hash_cng_000423,True
424,CONGESTION_PORT_HEDLAND,2024-04-15 00:00:00,2024-04-15 18:00:00,2.6,DAYS,3,v1.0,VALID,SYNTHETIC,hash_cng_000424,True
425,CONGESTION_PORT_PARADIP,2024-04-16 00:00:00,2024-04-16 18:00:00,3.4,DAYS,3,v1.0,VALID,SYNTHETIC,hash_cng_000425,True
426,CONGESTION_PORT_DHAMRA,2024-04-16 00:00:00,2024-04-16 18:00:00,2.1,DAYS,3,v1.0,VALID,SYNTHETIC,hash_cng_000426,True
427,CONGESTION_PORT_NEWCASTLE,2024-04-16 00:00:00,2024-04-16 18:00:00,7.3,DAYS,3,v1.0,VALID,SYNTHETIC,hash_cng_000427,True
428,CONGESTION_PORT_HEDLAND,2024-04-16 00:00:00,2024-04-16 18:00:00,2.7,DAYS,3,v1.0,VALID,SYNTHETIC,hash_cng_000428,True
429,CONGESTION_PORT_PARADIP,2024-04-17 00:00:00,2024-04-17 18:00:00,4.4,DAYS,3,v1.0,VALID,SYNTHETIC,hash_cng_000429,True
430,CONGESTION_PORT_DHAMRA,2024-04-17 00:00:00,2024-04-17 18:00:00,2.2,DAYS,3,v1.0,VALID,SYNTHETIC,hash_cng_000430,True
431,CONGESTION_PORT_NEWCASTLE,2024-04-17 00:00:00,2024-04-17 18:00:00,8.2,DAYS,3,v1.0,VALID,SYNTHETIC,hash_cng_000431,True
432,CONGESTION_PORT_HEDLAND,2024-04-17 00:00:00,2024-04-17 18:00:00,2.7,DAYS,3,v1.0,VALID,SYNTHETIC,hash_cng_000432,True
433,CONGESTION_PORT_PARADIP,2024-04-18 00:00:00,2024-04-18 18:00:00,4.7,DAYS,3,v1.0,VALID,SYNTHETIC,hash_cng_000433,True
434,CONGESTION_PORT_DHAMRA,2024-04-18 00:00:00,2024-04-18 18:00:00,1.7,DAYS,3,v1.0,VALID,SYNTHETIC,hash_cng_000434,True
435,CONGESTION_PORT_NEWCASTLE,2024-04-18 00:00:00,2024-04-18 18:00:00,8.9,DAYS,3,v1.0,VALID,SYNTHETIC,hash_cng_000435,True
436,CONGESTION_PORT_HEDLAND,2024-04-18 00:00:00,2024-04-18 18:00:00,2.8,DAYS,3,v1.0,VALID,SYNTHETIC,hash_cng_000436,True
437,CONGESTION_PORT_PARADIP,2024-04-19 00:00:00,2024-04-19 18:00:00,3.7,DAYS,3,v1.0,VALID,SYNTHETIC,hash_cng_000437,True
438,CONGESTION_PORT_DHAMRA,2024-04-19 00:00:00,2024-04-19 18:00:00,2.2,DAYS,3,v1.0,VALID,SYNTHETIC,hash_cng_000438,True
439,CONGESTION_PORT_NEWCASTLE,2024-04-19 00:00:00,2024-04-19 18:00:00,8.0,DAYS,3,v1.0,VALID,SYNTHETIC,hash_cng_000439,True
440,CONGESTION_PORT_HEDLAND,2024-04-19 00:00:00,2024-04-19 18:00:00,2.8,DAYS,3,v1.0,VALID,SYNTHETIC,hash_cng_000440,True
441,CONGESTION_PORT_PARADIP,2024-04-20 00:00:00,2024-04-20 18:00:00,3.8,DAYS,3,v1.0,VALID,SYNTHETIC,hash_cng_000441,True
442,CONGESTION_PORT_DHAMRA,2024-04-20 00:00:00,2024-04-20 18:00:00,1.8,DAYS,3,v1.0,VALID,SYNTHETIC,hash_cng_000442,True
443,CONGESTION_PORT_NEWCASTLE,2024-04-20 00:00:00,2024-04-20 18:00:00,8.0,DAYS,3,v1.0,VALID,SYNTHETIC,hash_cng_000443,True
444,CONGESTION_PORT_HEDLAND,2024-04-20 00:00:00,2024-04-20 18:00:00,2.6,DAYS,3,v1.0,VALID,SYNTHETIC,hash_cng_000444,True
445,CONGESTION_PORT_PARADIP,2024-04-21 00:00:00,2024-04-21 18:00:00,3.9,DAYS,3,v1.0,VALID,SYNTHETIC,hash_cng_000445,True
446,CONGESTION_PORT_DHAMRA,2024-04-21 00:00:00,2024-04-21 18:00:00,2.2,DAYS,3,v1.0,VALID,SYNTHETIC,hash_cng_000446,True
447,CONGESTION_PORT_NEWCASTLE,2024-04-21 00:00:00,2024-04-21 18:00:00,7.3,DAYS,3,v1.0,VALID,SYNTHETIC,hash_cng_000447,True
448,CONGESTION_PORT_HEDLAND,2024-04-21 00:00:00,2024-04-21 18:00:00,2.7,DAYS,3,v1.0,VALID,SYNTHETIC,hash_cng_000448,True
449,CONGESTION_PORT_PARADIP,2024-04-22 00:00:00,2024-04-22 18:00:00,4.4,DAYS,3,v1.0,VALID,SYNTHETIC,hash_cng_000449,True
450,CONGESTION_PORT_DHAMRA,2024-04-22 00:00:00,2024-04-22 18:00:00,1.9,DAYS,3,v1.0,VALID,SYNTHETIC,hash_cng_000450,True
451,CONGESTION_PORT_NEWCASTLE,2024-04-22 00:00:00,2024-04-22 18:00:00,7.7,DAYS,3,v1.0,VALID,SYNTHETIC,hash_cng_000451,True
452,CONGESTION_PORT_HEDLAND,2024-04-22 00:00:00,2024-04-22 18:00:00,2.7,DAYS,3,v1.0,VALID,SYNTHETIC,hash_cng_000452,True
453,CONGESTION_PORT_PARADIP,2024-04-23 00:00:00,2024-04-23 18:00:00,4.0,DAYS,3,v1.0,VALID,SYNTHETIC,hash_cng_000453,True
454,CONGESTION_PORT_DHAMRA,2024-04-23 00:00:00,2024-04-23 18:00:00,2.0,DAYS,3,v1.0,VALID,SYNTHETIC,hash_cng_000454,True
455,CONGESTION_PORT_NEWCASTLE,2024-04-23 00:00:00,2024-04-23 18:00:00,8.5,DAYS,3,v1.0,VALID,SYNTHETIC,hash_cng_000455,True
456,CONGESTION_PORT_HEDLAND,2024-04-23 00:00:00,2024-04-23 18:00:00,2.8,DAYS,3,v1.0,VALID,SYNTHETIC,hash_cng_000456,True
457,CONGESTION_PORT_PARADIP,2024-04-24 00:00:00,2024-04-24 18:00:00,3.9,DAYS,3,v1.0,VALID,SYNTHETIC,hash_cng_000457,True
458,CONGESTION_PORT_DHAMRA,2024-04-24 00:00:00,2024-04-24 18:00:00,2.2,DAYS,3,v1.0,VALID,SYNTHETIC,hash_cng_000458,True
459,CONGESTION_PORT_NEWCASTLE,2024-04-24 00:00:00,2024-04-24 18:00:00,8.3,DAYS,3,v1.0,VALID,SYNTHETIC,hash_cng_000459,True
460,CONGESTION_PORT_HEDLAND,2024-04-24 00:00:00,2024-04-24 18:00:00,2.8,DAYS,3,v1.0,VALID,SYNTHETIC,hash_cng_000460,True
461,CONGESTION_PORT_PARADIP,2024-04-25 00:00:00,2024-04-25 18:00:00,4.3,DAYS,3,v1.0,VALID,SYNTHETIC,hash_cng_000461,True
462,CONGESTION_PORT_DHAMRA,2024-04-25 00:00:00,2024-04-25 18:00:00,1.8,DAYS,3,v1.0,VALID,SYNTHETIC,hash_cng_000462,True
463,CONGESTION_PORT_NEWCASTLE,2024-04-25 00:00:00,2024-04-25 18:00:00,7.3,DAYS,3,v1.0,VALID,SYNTHETIC,hash_cng_000463,True
464,CONGESTION_PORT_HEDLAND,2024-04-25 00:00:00,2024-04-25 18:00:00,3.1,DAYS,3,v1.0,VALID,SYNTHETIC,hash_cng_000464,True
465,CONGESTION_PORT_PARADIP,2024-04-26 00:00:00,2024-04-26 18:00:00,4.6,DAYS,3,v1.0,VALID,SYNTHETIC,hash_cng_000465,True
466,CONGESTION_PORT_DHAMRA,2024-04-26 00:00:00,2024-04-26 18:00:00,2.0,DAYS,3,v1.0,VALID,SYNTHETIC,hash_cng_000466,True
467,CONGESTION_PORT_NEWCASTLE,2024-04-26 00:00:00,2024-04-26 18:00:00,7.8,DAYS,3,v1.0,VALID,SYNTHETIC,hash_cng_000467,True
468,CONGESTION_PORT_HEDLAND,2024-04-26 00:00:00,2024-04-26 18:00:00,2.9,DAYS,3,v1.0,VALID,SYNTHETIC,hash_cng_000468,True
469,CONGESTION_PORT_PARADIP,2024-04-27 00:00:00,2024-04-27 18:00:00,4.1,DAYS,3,v1.0,VALID,SYNTHETIC,hash_cng_000469,True
470,CONGESTION_PORT_DHAMRA,2024-04-27 00:00:00,2024-04-27 18:00:00,2.2,DAYS,3,v1.0,VALID,SYNTHETIC,hash_cng_000470,True
471,CONGESTION_PORT_NEWCASTLE,2024-04-27 00:00:00,2024-04-27 18:00:00,8.8,DAYS,3,v1.0,VALID,SYNTHETIC,hash_cng_000471,True
472,CONGESTION_PORT_HEDLAND,2024-04-27 00:00:00,2024-04-27 18:00:00,3.1,DAYS,3,v1.0,VALID,SYNTHETIC,hash_cng_000472,True
473,CONGESTION_PORT_PARADIP,2024-04-28 00:00:00,2024-04-28 18:00:00,4.1,DAYS,3,v1.0,VALID,SYNTHETIC,hash_cng_000473,True
474,CONGESTION_PORT_DHAMRA,2024-04-28 00:00:00,2024-04-28 18:00:00,1.8,DAYS,3,v1.0,VALID,SYNTHETIC,hash_cng_000474,True
475,CONGESTION_PORT_NEWCASTLE,2024-04-28 00:00:00,2024-04-28 18:00:00,7.5,DAYS,3,v1.0,VALID,SYNTHETIC,hash_cng_000475,True
476,CONGESTION_PORT_HEDLAND,2024-04-28 00:00:00,2024-04-28 18:00:00,2.8,DAYS,3,v1.0,VALID,SYNTHETIC,hash_cng_000476,True
477,CONGESTION_PORT_PARADIP,2024-04-29 00:00:00,2024-04-29 18:00:00,3.7,DAYS,3,v1.0,VALID,SYNTHETIC,hash_cng_000477,True
478,CONGESTION_PORT_DHAMRA,2024-04-29 00:00:00,2024-04-29 18:00:00,1.6,DAYS,3,v1.0,VALID,SYNTHETIC,hash_cng_000478,True
479,CONGESTION_PORT_NEWCASTLE,2024-04-29 00:00:00,2024-04-29 18:00:00,7.3,DAYS,3,v1.0,VALID,SYNTHETIC,hash_cng_000479,True
480,CONGESTION_PORT_HEDLAND,2024-04-29 00:00:00,2024-04-29 18:00:00,2.9,DAYS,3,v1.0,VALID,SYNTHETIC,hash_cng_000480,True
481,CONGESTION_PORT_PARADIP,2024-04-30 00:00:00,2024-04-30 18:00:00,3.9,DAYS,3,v1.0,VALID,SYNTHETIC,hash_cng_000481,True
482,CONGESTION_PORT_DHAMRA,2024-04-30 00:00:00,2024-04-30 18:00:00,1.9,DAYS,3,v1.0,VALID,SYNTHETIC,hash_cng_000482,True
483,CONGESTION_PORT_NEWCASTLE,2024-04-30 00:00:00,2024-04-30 18:00:00,6.9,DAYS,3,v1.0,VALID,SYNTHETIC,hash_cng_000483,True
484,CONGESTION_PORT_HEDLAND,2024-04-30 00:00:00,2024-04-30 18:00:00,2.9,DAYS,3,v1.0,VALID,SYNTHETIC,hash_cng_000484,True
485,CONGESTION_PORT_PARADIP,2024-05-01 00:00:00,2024-05-01 18:00:00,4.7,DAYS,3,v1.0,VALID,SYNTHETIC,hash_cng_000485,True
486,CONGESTION_PORT_DHAMRA,2024-05-01 00:00:00,2024-05-01 18:00:00,2.0,DAYS,3,v1.0,VALID,SYNTHETIC,hash_cng_000486,True
487,CONGESTION_PORT_NEWCASTLE,2024-05-01 00:00:00,2024-05-01 18:00:00,7.6,DAYS,3,v1.0,VALID,SYNTHETIC,hash_cng_000487,True
488,CONGESTION_PORT_HEDLAND,2024-05-01 00:00:00,2024-05-01 18:00:00,3.4,DAYS,3,v1.0,VALID,SYNTHETIC,hash_cng_000488,True
489,CONGESTION_PORT_PARADIP,2024-05-02 00:00:00,2024-05-02 18:00:00,5.1,DAYS,3,v1.0,VALID,SYNTHETIC,hash_cng_000489,True
490,CONGESTION_PORT_DHAMRA,2024-05-02 00:00:00,2024-05-02 18:00:00,2.2,DAYS,3,v1.0,VALID,SYNTHETIC,hash_cng_000490,True
491,CONGESTION_PORT_NEWCASTLE,2024-05-02 00:00:00,2024-05-02 18:00:00,7.1,DAYS,3,v1.0,VALID,SYNTHETIC,hash_cng_000491,True
492,CONGESTION_PORT_HEDLAND,2024-05-02 00:00:00,2024-05-02 18:00:00,2.2,DAYS,3,v1.0,VALID,SYNTHETIC,hash_cng_000492,True
493,CONGESTION_PORT_PARADIP,2024-05-03 00:00:00,2024-05-03 18:00:00,4.1,DAYS,3,v1.0,VALID,SYNTHETIC,hash_cng_000493,True
494,CONGESTION_PORT_DHAMRA,2024-05-03 00:00:00,2024-05-03 18:00:00,1.9,DAYS,3,v1.0,VALID,SYNTHETIC,hash_cng_000494,True
495,CONGESTION_PORT_NEWCASTLE,2024-05-03 00:00:00,2024-05-03 18:00:00,7.5,DAYS,3,v1.0,VALID,SYNTHETIC,hash_cng_000495,True
496,CONGESTION_PORT_HEDLAND,2024-05-03 00:00:00,2024-05-03 18:00:00,3.3,DAYS,3,v1.0,VALID,SYNTHETIC,hash_cng_000496,True
497,CONGESTION_PORT_PARADIP,2024-05-04 00:00:00,2024-05-04 18:00:00,3.7,DAYS,3,v1.0,VALID,SYNTHETIC,hash_cng_000497,True
498,CONGESTION_PORT_DHAMRA,2024-05-04 00:00:00,2024-05-04 18:00:00,2.3,DAYS,3,v1.0,VALID,SYNTHETIC,hash_cng_000498,True
499,CONGESTION_PORT_NEWCASTLE,2024-05-04 00:00:00,2024-05-04 18:00:00,8.7,DAYS,3,v1.0,VALID,SYNTHETIC,hash_cng_000499,True
500,CONGESTION_PORT_HEDLAND,2024-05-04 00:00:00,2024-05-04 18:00:00,3.0,DAYS,3,v1.0,VALID,SYNTHETIC,hash_cng_000500,True
501,CONGESTION_PORT_PARADIP,2024-05-05 00:00:00,2024-05-05 18:00:00,3.8,DAYS,3,v1.0,VALID,SYNTHETIC,hash_cng_000501,True
502,CONGESTION_PORT_DHAMRA,2024-05-05 00:00:00,2024-05-05 18:00:00,2.1,DAYS,3,v1.0,VALID,SYNTHETIC,hash_cng_000502,True
503,CONGESTION_PORT_NEWCASTLE,2024-05-05 00:00:00,2024-05-05 18:00:00,7.0,DAYS,3,v1.0,VALID,SYNTHETIC,hash_cng_000503,True
504,CONGESTION_PORT_HEDLAND,2024-05-05 00:00:00,2024-05-05 18:00:00,2.3,DAYS,3,v1.0,VALID,SYNTHETIC,hash_cng_000504,True
505,CONGESTION_PORT_PARADIP,2024-05-06 00:00:00,2024-05-06 18:00:00,4.0,DAYS,3,v1.0,VALID,SYNTHETIC,hash_cng_000505,True
506,CONGESTION_PORT_DHAMRA,2024-05-06 00:00:00,2024-05-06 18:00:00,1.7,DAYS,3,v1.0,VALID,SYNTHETIC,hash_cng_000506,True
507,CONGESTION_PORT_NEWCASTLE,2024-05-06 00:00:00,2024-05-06 18:00:00,9.4,DAYS,3,v1.0,VALID,SYNTHETIC,hash_cng_000507,True
508,CONGESTION_PORT_HEDLAND,2024-05-06 00:00:00,2024-05-06 18:00:00,2.9,DAYS,3,v1.0,VALID,SYNTHETIC,hash_cng_000508,True
509,CONGESTION_PORT_PARADIP,2024-05-07 00:00:00,2024-05-07 18:00:00,3.6,DAYS,3,v1.0,VALID,SYNTHETIC,hash_cng_000509,True
510,CONGESTION_PORT_DHAMRA,2024-05-07 00:00:00,2024-05-07 18:00:00,2.2,DAYS,3,v1.0,VALID,SYNTHETIC,hash_cng_000510,True
511,CONGESTION_PORT_NEWCASTLE,2024-05-07 00:00:00,2024-05-07 18:00:00,7.3,DAYS,3,v1.0,VALID,SYNTHETIC,hash_cng_000511,True
512,CONGESTION_PORT_HEDLAND,2024-05-07 00:00:00,2024-05-07 18:00:00,2.5,DAYS,3,v1.0,VALID,SYNTHETIC,hash_cng_000512,True
513,CONGESTION_PORT_PARADIP,2024-05-08 00:00:00,2024-05-08 18:00:00,4.4,DAYS,3,v1.0,VALID,SYNTHETIC,hash_cng_000513,True
514,CONGESTION_PORT_DHAMRA,2024-05-08 00:00:00,2024-05-08 18:00:00,2.0,DAYS,3,v1.0,VALID,SYNTHETIC,hash_cng_000514,True
515,CONGESTION_PORT_NEWCASTLE,2024-05-08 00:00:00,2024-05-08 18:00:00,8.3,DAYS,3,v1.0,VALID,SYNTHETIC,hash_cng_000515,True
516,CONGESTION_PORT_HEDLAND,2024-05-08 00:00:00,2024-05-08 18:00:00,2.3,DAYS,3,v1.0,VALID,SYNTHETIC,hash_cng_000516,True
517,CONGESTION_PORT_PARADIP,2024-05-09 00:00:00,2024-05-09 18:00:00,3.6,DAYS,3,v1.0,VALID,SYNTHETIC,hash_cng_000517,True
518,CONGESTION_PORT_DHAMRA,2024-05-09 00:00:00,2024-05-09 18:00:00,1.9,DAYS,3,v1.0,VALID,SYNTHETIC,hash_cng_000518,True
519,CONGESTION_PORT_NEWCASTLE,2024-05-09 00:00:00,2024-05-09 18:00:00,7.3,DAYS,3,v1.0,VALID,SYNTHETIC,hash_cng_000519,True
520,CONGESTION_PORT_HEDLAND,2024-05-09 00:00:00,2024-05-09 18:00:00,2.6,DAYS,3,v1.0,VALID,SYNTHETIC,hash_cng_000520,True
521,CONGESTION_PORT_PARADIP,2024-05-10 00:00:00,2024-05-10 18:00:00,4.2,DAYS,3,v1.0,VALID,SYNTHETIC,hash_cng_000521,True
522,CONGESTION_PORT_DHAMRA,2024-05-10 00:00:00,2024-05-10 18:00:00,1.9,DAYS,3,v1.0,VALID,SYNTHETIC,hash_cng_000522,True
523,CONGESTION_PORT_NEWCASTLE,2024-05-10 00:00:00,2024-05-10 18:00:00,7.8,DAYS,3,v1.0,VALID,SYNTHETIC,hash_cng_000523,True
524,CONGESTION_PORT_HEDLAND,2024-05-10 00:00:00,2024-05-10 18:00:00,2.3,DAYS,3,v1.0,VALID,SYNTHETIC,hash_cng_000524,True
525,CONGESTION_PORT_PARADIP,2024-05-11 00:00:00,2024-05-11 18:00:00,4.2,DAYS,3,v1.0,VALID,SYNTHETIC,hash_cng_000525,True
526,CONGESTION_PORT_DHAMRA,2024-05-11 00:00:00,2024-05-11 18:00:00,1.8,DAYS,3,v1.0,VALID,SYNTHETIC,hash_cng_000526,True
527,CONGESTION_PORT_NEWCASTLE,2024-05-11 00:00:00,2024-05-11 18:00:00,7.3,DAYS,3,v1.0,VALID,SYNTHETIC,hash_cng_000527,True
528,CONGESTION_PORT_HEDLAND,2024-05-11 00:00:00,2024-05-11 18:00:00,3.1,DAYS,3,v1.0,VALID,SYNTHETIC,hash_cng_000528,True
529,CONGESTION_PORT_PARADIP,2024-05-12 00:00:00,2024-05-12 18:00:00,4.3,DAYS,3,v1.0,VALID,SYNTHETIC,hash_cng_000529,True
530,CONGESTION_PORT_DHAMRA,2024-05-12 00:00:00,2024-05-12 18:00:00,2.0,DAYS,3,v1.0,VALID,SYNTHETIC,hash_cng_000530,True
531,CONGESTION_PORT_NEWCASTLE,2024-05-12 00:00:00,2024-05-12 18:00:00,8.0,DAYS,3,v1.0,VALID,SYNTHETIC,hash_cng_000531,True
532,CONGESTION_PORT_HEDLAND,2024-05-12 00:00:00,2024-05-12 18:00:00,3.0,DAYS,3,v1.0,VALID,SYNTHETIC,hash_cng_000532,True
533,CONGESTION_PORT_PARADIP,2024-05-13 00:00:00,2024-05-13 18:00:00,4.1,DAYS,3,v1.0,VALID,SYNTHETIC,hash_cng_000533,True
534,CONGESTION_PORT_DHAMRA,2024-05-13 00:00:00,2024-05-13 18:00:00,2.6,DAYS,3,v1.0,VALID,SYNTHETIC,hash_cng_000534,True
535,CONGESTION_PORT_NEWCASTLE,2024-05-13 00:00:00,2024-05-13 18:00:00,6.7,DAYS,3,v1.0,VALID,SYNTHETIC,hash_cng_000535,True
536,CONGESTION_PORT_HEDLAND,2024-05-13 00:00:00,2024-05-13 18:00:00,2.4,DAYS,3,v1.0,VALID,SYNTHETIC,hash_cng_000536,True
537,CONGESTION_PORT_PARADIP,2024-05-14 00:00:00,2024-05-14 18:00:00,3.7,DAYS,3,v1.0,VALID,SYNTHETIC,hash_cng_000537,True
538,CONGESTION_PORT_DHAMRA,2024-05-14 00:00:00,2024-05-14 18:00:00,2.2,DAYS,3,v1.0,VALID,SYNTHETIC,hash_cng_000538,True
539,CONGESTION_PORT_NEWCASTLE,2024-05-14 00:00:00,2024-05-14 18:00:00,6.9,DAYS,3,v1.0,VALID,SYNTHETIC,hash_cng_000539,True
540,CONGESTION_PORT_HEDLAND,2024-05-14 00:00:00,2024-05-14 18:00:00,2.7,DAYS,3,v1.0,VALID,SYNTHETIC,hash_cng_000540,True
541,CONGESTION_PORT_PARADIP,2024-05-15 00:00:00,2024-05-15 18:00:00,4.3,DAYS,3,v1.0,VALID,SYNTHETIC,hash_cng_000541,True
542,CONGESTION_PORT_DHAMRA,2024-05-15 00:00:00,2024-05-15 18:00:00,2.0,DAYS,3,v1.0,VALID,SYNTHETIC,hash_cng_000542,True
543,CONGESTION_PORT_NEWCASTLE,2024-05-15 00:00:00,2024-05-15 18:00:00,7.3,DAYS,3,v1.0,VALID,SYNTHETIC,hash_cng_000543,True
544,CONGESTION_PORT_HEDLAND,2024-05-15 00:00:00,2024-05-15 18:00:00,2.6,DAYS,3,v1.0,VALID,SYNTHETIC,hash_cng_000544,True
545,CONGESTION_PORT_PARADIP,2024-05-16 00:00:00,2024-05-16 18:00:00,3.9,DAYS,3,v1.0,VALID,SYNTHETIC,hash_cng_000545,True
546,CONGESTION_PORT_DHAMRA,2024-05-16 00:00:00,2024-05-16 18:00:00,1.8,DAYS,3,v1.0,VALID,SYNTHETIC,hash_cng_000546,True
547,CONGESTION_PORT_NEWCASTLE,2024-05-16 00:00:00,2024-05-16 18:00:00,7.0,DAYS,3,v1.0,VALID,SYNTHETIC,hash_cng_000547,True
548,CONGESTION_PORT_HEDLAND,2024-05-16 00:00:00,2024-05-16 18:00:00,2.8,DAYS,3,v1.0,VALID,SYNTHETIC,hash_cng_000548,True
549,CONGESTION_PORT_PARADIP,2024-05-17 00:00:00,2024-05-17 18:00:00,3.8,DAYS,3,v1.0,VALID,SYNTHETIC,hash_cng_000549,True
550,CONGESTION_PORT_DHAMRA,2024-05-17 00:00:00,2024-05-17 18:00:00,2.2,DAYS,3,v1.0,VALID,SYNTHETIC,hash_cng_000550,True
551,CONGESTION_PORT_NEWCASTLE,2024-05-17 00:00:00,2024-05-17 18:00:00,7.7,DAYS,3,v1.0,VALID,SYNTHETIC,hash_cng_000551,True
552,CONGESTION_PORT_HEDLAND,2024-05-17 00:00:00,2024-05-17 18:00:00,3.0,DAYS,3,v1.0,VALID,SYNTHETIC,hash_cng_000552,True
553,CONGESTION_PORT_PARADIP,2024-05-18 00:00:00,2024-05-18 18:00:00,4.4,DAYS,3,v1.0,VALID,SYNTHETIC,hash_cng_000553,True
554,CONGESTION_PORT_DHAMRA,2024-05-18 00:00:00,2024-05-18 18:00:00,2.3,DAYS,3,v1.0,VALID,SYNTHETIC,hash_cng_000554,True
555,CONGESTION_PORT_NEWCASTLE,2024-05-18 00:00:00,2024-05-18 18:00:00,6.6,DAYS,3,v1.0,VALID,SYNTHETIC,hash_cng_000555,True
556,CONGESTION_PORT_HEDLAND,2024-05-18 00:00:00,2024-05-18 18:00:00,2.8,DAYS,3,v1.0,VALID,SYNTHETIC,hash_cng_000556,True
557,CONGESTION_PORT_PARADIP,2024-05-19 00:00:00,2024-05-19 18:00:00,3.4,DAYS,3,v1.0,VALID,SYNTHETIC,hash_cng_000557,True
558,CONGESTION_PORT_DHAMRA,2024-05-19 00:00:00,2024-05-19 18:00:00,2.2,DAYS,3,v1.0,VALID,SYNTHETIC,hash_cng_000558,True
559,CONGESTION_PORT_NEWCASTLE,2024-05-19 00:00:00,2024-05-19 18:00:00,6.4,DAYS,3,v1.0,VALID,SYNTHETIC,hash_cng_000559,True
560,CONGESTION_PORT_HEDLAND,2024-05-19 00:00:00,2024-05-19 18:00:00,2.7,DAYS,3,v1.0,VALID,SYNTHETIC,hash_cng_000560,True
561,CONGESTION_PORT_PARADIP,2024-05-20 00:00:00,2024-05-20 18:00:00,3.9,DAYS,3,v1.0,VALID,SYNTHETIC,hash_cng_000561,True
562,CONGESTION_PORT_DHAMRA,2024-05-20 00:00:00,2024-05-20 18:00:00,2.4,DAYS,3,v1.0,VALID,SYNTHETIC,hash_cng_000562,True
563,CONGESTION_PORT_NEWCASTLE,2024-05-20 00:00:00,2024-05-20 18:00:00,8.3,DAYS,3,v1.0,VALID,SYNTHETIC,hash_cng_000563,True
564,CONGESTION_PORT_HEDLAND,2024-05-20 00:00:00,2024-05-20 18:00:00,2.9,DAYS,3,v1.0,VALID,SYNTHETIC,hash_cng_000564,True
565,CONGESTION_PORT_PARADIP,2024-05-21 00:00:00,2024-05-21 18:00:00,4.6,DAYS,3,v1.0,VALID,SYNTHETIC,hash_cng_000565,True
566,CONGESTION_PORT_DHAMRA,2024-05-21 00:00:00,2024-05-21 18:00:00,1.9,DAYS,3,v1.0,VALID,SYNTHETIC,hash_cng_000566,True
567,CONGESTION_PORT_NEWCASTLE,2024-05-21 00:00:00,2024-05-21 18:00:00,7.6,DAYS,3,v1.0,VALID,SYNTHETIC,hash_cng_000567,True
568,CONGESTION_PORT_HEDLAND,2024-05-21 00:00:00,2024-05-21 18:00:00,2.7,DAYS,3,v1.0,VALID,SYNTHETIC,hash_cng_000568,True
569,CONGESTION_PORT_PARADIP,2024-05-22 00:00:00,2024-05-22 18:00:00,3.7,DAYS,3,v1.0,VALID,SYNTHETIC,hash_cng_000569,True
570,CONGESTION_PORT_DHAMRA,2024-05-22 00:00:00,2024-05-22 18:00:00,2.1,DAYS,3,v1.0,VALID,SYNTHETIC,hash_cng_000570,True
571,CONGESTION_PORT_NEWCASTLE,2024-05-22 00:00:00,2024-05-22 18:00:00,6.9,DAYS,3,v1.0,VALID,SYNTHETIC,hash_cng_000571,True
572,CONGESTION_PORT_HEDLAND,2024-05-22 00:00:00,2024-05-22 18:00:00,2.7,DAYS,3,v1.0,VALID,SYNTHETIC,hash_cng_000572,True
573,CONGESTION_PORT_PARADIP,2024-05-23 00:00:00,2024-05-23 18:00:00,3.5,DAYS,3,v1.0,VALID,SYNTHETIC,hash_cng_000573,True
574,CONGESTION_PORT_DHAMRA,2024-05-23 00:00:00,2024-05-23 18:00:00,1.9,DAYS,3,v1.0,VALID,SYNTHETIC,hash_cng_000574,True
575,CONGESTION_PORT_NEWCASTLE,2024-05-23 00:00:00,2024-05-23 18:00:00,7.1,DAYS,3,v1.0,VALID,SYNTHETIC,hash_cng_000575,True
576,CONGESTION_PORT_HEDLAND,2024-05-23 00:00:00,2024-05-23 18:00:00,2.0,DAYS,3,v1.0,VALID,SYNTHETIC,hash_cng_000576,True
577,CONGESTION_PORT_PARADIP,2024-05-24 00:00:00,2024-05-24 18:00:00,4.4,DAYS,3,v1.0,VALID,SYNTHETIC,hash_cng_000577,True
578,CONGESTION_PORT_DHAMRA,2024-05-24 00:00:00,2024-05-24 18:00:00,2.1,DAYS,3,v1.0,VALID,SYNTHETIC,hash_cng_000578,True
579,CONGESTION_PORT_NEWCASTLE,2024-05-24 00:00:00,2024-05-24 18:00:00,7.6,DAYS,3,v1.0,VALID,SYNTHETIC,hash_cng_000579,True
580,CONGESTION_PORT_HEDLAND,2024-05-24 00:00:00,2024-05-24 18:00:00,3.3,DAYS,3,v1.0,VALID,SYNTHETIC,hash_cng_000580,True
581,CONGESTION_PORT_PARADIP,2024-05-25 00:00:00,2024-05-25 18:00:00,3.7,DAYS,3,v1.0,VALID,SYNTHETIC,hash_cng_000581,True
582,CONGESTION_PORT_DHAMRA,2024-05-25 00:00:00,2024-05-25 18:00:00,1.8,DAYS,3,v1.0,VALID,SYNTHETIC,hash_cng_000582,True
583,CONGESTION_PORT_NEWCASTLE,2024-05-25 00:00:00,2024-05-25 18:00:00,7.4,DAYS,3,v1.0,VALID,SYNTHETIC,hash_cng_000583,True
584,CONGESTION_PORT_HEDLAND,2024-05-25 00:00:00,2024-05-25 18:00:00,2.7,DAYS,3,v1.0,VALID,SYNTHETIC,hash_cng_000584,True
585,CONGESTION_PORT_PARADIP,2024-05-26 00:00:00,2024-05-26 18:00:00,3.7,DAYS,3,v1.0,VALID,SYNTHETIC,hash_cng_000585,True
586,CONGESTION_PORT_DHAMRA,2024-05-26 00:00:00,2024-05-26 18:00:00,2.3,DAYS,3,v1.0,VALID,SYNTHETIC,hash_cng_000586,True
587,CONGESTION_PORT_NEWCASTLE,2024-05-26 00:00:00,2024-05-26 18:00:00,5.9,DAYS,3,v1.0,VALID,SYNTHETIC,hash_cng_000587,True
588,CONGESTION_PORT_HEDLAND,2024-05-26 00:00:00,2024-05-26 18:00:00,2.9,DAYS,3,v1.0,VALID,SYNTHETIC,hash_cng_000588,True
589,CONGESTION_PORT_PARADIP,2024-05-27 00:00:00,2024-05-27 18:00:00,4.6,DAYS,3,v1.0,VALID,SYNTHETIC,hash_cng_000589,True
590,CONGESTION_PORT_DHAMRA,2024-05-27 00:00:00,2024-05-27 18:00:00,1.8,DAYS,3,v1.0,VALID,SYNTHETIC,hash_cng_000590,True
591,CONGESTION_PORT_NEWCASTLE,2024-05-27 00:00:00,2024-05-27 18:00:00,6.7,DAYS,3,v1.0,VALID,SYNTHETIC,hash_cng_000591,True
592,CONGESTION_PORT_HEDLAND,2024-05-27 00:00:00,2024-05-27 18:00:00,3.1,DAYS,3,v1.0,VALID,SYNTHETIC,hash_cng_000592,True
593,CONGESTION_PORT_PARADIP,2024-05-28 00:00:00,2024-05-28 18:00:00,4.4,DAYS,3,v1.0,VALID,SYNTHETIC,hash_cng_000593,True
594,CONGESTION_PORT_DHAMRA,2024-05-28 00:00:00,2024-05-28 18:00:00,2.0,DAYS,3,v1.0,VALID,SYNTHETIC,hash_cng_000594,True
595,CONGESTION_PORT_NEWCASTLE,2024-05-28 00:00:00,2024-05-28 18:00:00,5.6,DAYS,3,v1.0,VALID,SYNTHETIC,hash_cng_000595,True
596,CONGESTION_PORT_HEDLAND,2024-05-28 00:00:00,2024-05-28 18:00:00,2.2,DAYS,3,v1.0,VALID,SYNTHETIC,hash_cng_000596,True
597,CONGESTION_PORT_PARADIP,2024-05-29 00:00:00,2024-05-29 18:00:00,4.5,DAYS,3,v1.0,VALID,SYNTHETIC,hash_cng_000597,True
598,CONGESTION_PORT_DHAMRA,2024-05-29 00:00:00,2024-05-29 18:00:00,1.9,DAYS,3,v1.0,VALID,SYNTHETIC,hash_cng_000598,True
599,CONGESTION_PORT_NEWCASTLE,2024-05-29 00:00:00,2024-05-29 18:00:00,7.0,DAYS,3,v1.0,VALID,SYNTHETIC,hash_cng_000599,True
600,CONGESTION_PORT_HEDLAND,2024-05-29 00:00:00,2024-05-29 18:00:00,2.7,DAYS,3,v1.0,VALID,SYNTHETIC,hash_cng_000600,True
601,CONGESTION_PORT_PARADIP,2024-05-30 00:00:00,2024-05-30 18:00:00,4.1,DAYS,3,v1.0,VALID,SYNTHETIC,hash_cng_000601,True
602,CONGESTION_PORT_DHAMRA,2024-05-30 00:00:00,2024-05-30 18:00:00,2.2,DAYS,3,v1.0,VALID,SYNTHETIC,hash_cng_000602,True
603,CONGESTION_PORT_NEWCASTLE,2024-05-30 00:00:00,2024-05-30 18:00:00,6.7,DAYS,3,v1.0,VALID,SYNTHETIC,hash_cng_000603,True
604,CONGESTION_PORT_HEDLAND,2024-05-30 00:00:00,2024-05-30 18:00:00,2.1,DAYS,3,v1.0,VALID,SYNTHETIC,hash_cng_000604,True
605,CONGESTION_PORT_PARADIP,2024-05-31 00:00:00,2024-05-31 18:00:00,4.2,DAYS,3,v1.0,VALID,SYNTHETIC,hash_cng_000605,True
606,CONGESTION_PORT_DHAMRA,2024-05-31 00:00:00,2024-05-31 18:00:00,2.5,DAYS,3,v1.0,VALID,SYNTHETIC,hash_cng_000606,True
607,CONGESTION_PORT_NEWCASTLE,2024-05-31 00:00:00,2024-05-31 18:00:00,6.1,DAYS,3,v1.0,VALID,SYNTHETIC,hash_cng_000607,True
608,CONGESTION_PORT_HEDLAND,2024-05-31 00:00:00,2024-05-31 18:00:00,3.1,DAYS,3,v1.0,VALID,SYNTHETIC,hash_cng_000608,True
609,CONGESTION_PORT_PARADIP,2024-06-01 00:00:00,2024-06-01 18:00:00,3.9,DAYS,3,v1.0,VALID,SYNTHETIC,hash_cng_000609,True
610,CONGESTION_PORT_DHAMRA,2024-06-01 00:00:00,2024-06-01 18:00:00,2.3,DAYS,3,v1.0,VALID,SYNTHETIC,hash_cng_000610,True
611,CONGESTION_PORT_NEWCASTLE,2024-06-01 00:00:00,2024-06-01 18:00:00,5.8,DAYS,3,v1.0,VALID,SYNTHETIC,hash_cng_000611,True
612,CONGESTION_PORT_HEDLAND,2024-06-01 00:00:00,2024-06-01 18:00:00,3.0,DAYS,3,v1.0,VALID,SYNTHETIC,hash_cng_000612,True
613,CONGESTION_PORT_PARADIP,2024-06-02 00:00:00,2024-06-02 18:00:00,4.3,DAYS,3,v1.0,VALID,SYNTHETIC,hash_cng_000613,True
614,CONGESTION_PORT_DHAMRA,2024-06-02 00:00:00,2024-06-02 18:00:00,2.0,DAYS,3,v1.0,VALID,SYNTHETIC,hash_cng_000614,True
615,CONGESTION_PORT_NEWCASTLE,2024-06-02 00:00:00,2024-06-02 18:00:00,7.3,DAYS,3,v1.0,VALID,SYNTHETIC,hash_cng_000615,True
616,CONGESTION_PORT_HEDLAND,2024-06-02 00:00:00,2024-06-02 18:00:00,2.9,DAYS,3,v1.0,VALID,SYNTHETIC,hash_cng_000616,True
617,CONGESTION_PORT_PARADIP,2024-06-03 00:00:00,2024-06-03 18:00:00,3.7,DAYS,3,v1.0,VALID,SYNTHETIC,hash_cng_000617,True
618,CONGESTION_PORT_DHAMRA,2024-06-03 00:00:00,2024-06-03 18:00:00,2.1,DAYS,3,v1.0,VALID,SYNTHETIC,hash_cng_000618,True
619,CONGESTION_PORT_NEWCASTLE,2024-06-03 00:00:00,2024-06-03 18:00:00,7.2,DAYS,3,v1.0,VALID,SYNTHETIC,hash_cng_000619,True
620,CONGESTION_PORT_HEDLAND,2024-06-03 00:00:00,2024-06-03 18:00:00,2.7,DAYS,3,v1.0,VALID,SYNTHETIC,hash_cng_000620,True
621,CONGESTION_PORT_PARADIP,2024-06-04 00:00:00,2024-06-04 18:00:00,4.5,DAYS,3,v1.0,VALID,SYNTHETIC,hash_cng_000621,True
622,CONGESTION_PORT_DHAMRA,2024-06-04 00:00:00,2024-06-04 18:00:00,2.1,DAYS,3,v1.0,VALID,SYNTHETIC,hash_cng_000622,True
623,CONGESTION_PORT_NEWCASTLE,2024-06-04 00:00:00,2024-06-04 18:00:00,5.7,DAYS,3,v1.0,VALID,SYNTHETIC,hash_cng_000623,True
624,CONGESTION_PORT_HEDLAND,2024-06-04 00:00:00,2024-06-04 18:00:00,2.7,DAYS,3,v1.0,VALID,SYNTHETIC,hash_cng_000624,True
625,CONGESTION_PORT_PARADIP,2024-06-05 00:00:00,2024-06-05 18:00:00,4.6,DAYS,3,v1.0,VALID,SYNTHETIC,hash_cng_000625,True
626,CONGESTION_PORT_DHAMRA,2024-06-05 00:00:00,2024-06-05 18:00:00,2.3,DAYS,3,v1.0,VALID,SYNTHETIC,hash_cng_000626,True
627,CONGESTION_PORT_NEWCASTLE,2024-06-05 00:00:00,2024-06-05 18:00:00,7.7,DAYS,3,v1.0,VALID,SYNTHETIC,hash_cng_000627,True
628,CONGESTION_PORT_HEDLAND,2024-06-05 00:00:00,2024-06-05 18:00:00,2.5,DAYS,3,v1.0,VALID,SYNTHETIC,hash_cng_000628,True
629,CONGESTION_PORT_PARADIP,2024-06-06 00:00:00,2024-06-06 18:00:00,4.3,DAYS,3,v1.0,VALID,SYNTHETIC,hash_cng_000629,True
630,CONGESTION_PORT_DHAMRA,2024-06-06 00:00:00,2024-06-06 18:00:00,2.3,DAYS,3,v1.0,VALID,SYNTHETIC,hash_cng_000630,True
631,CONGESTION_PORT_NEWCASTLE,2024-06-06 00:00:00,2024-06-06 18:00:00,6.6,DAYS,3,v1.0,VALID,SYNTHETIC,hash_cng_000631,True
632,CONGESTION_PORT_HEDLAND,2024-06-06 00:00:00,2024-06-06 18:00:00,2.7,DAYS,3,v1.0,VALID,SYNTHETIC,hash_cng_000632,True
633,CONGESTION_PORT_PARADIP,2024-06-07 00:00:00,2024-06-07 18:00:00,4.2,DAYS,3,v1.0,VALID,SYNTHETIC,hash_cng_000633,True
634,CONGESTION_PORT_DHAMRA,2024-06-07 00:00:00,2024-06-07 18:00:00,2.2,DAYS,3,v1.0,VALID,SYNTHETIC,hash_cng_000634,True
635,CONGESTION_PORT_NEWCASTLE,2024-06-07 00:00:00,2024-06-07 18:00:00,5.7,DAYS,3,v1.0,VALID,SYNTHETIC,hash_cng_000635,True
636,CONGESTION_PORT_HEDLAND,2024-06-07 00:00:00,2024-06-07 18:00:00,2.4,DAYS,3,v1.0,VALID,SYNTHETIC,hash_cng_000636,True
637,CONGESTION_PORT_PARADIP,2024-06-08 00:00:00,2024-06-08 18:00:00,4.5,DAYS,3,v1.0,VALID,SYNTHETIC,hash_cng_000637,True
638,CONGESTION_PORT_DHAMRA,2024-06-08 00:00:00,2024-06-08 18:00:00,2.2,DAYS,3,v1.0,VALID,SYNTHETIC,hash_cng_000638,True
639,CONGESTION_PORT_NEWCASTLE,2024-06-08 00:00:00,2024-06-08 18:00:00,5.5,DAYS,3,v1.0,VALID,SYNTHETIC,hash_cng_000639,True
640,CONGESTION_PORT_HEDLAND,2024-06-08 00:00:00,2024-06-08 18:00:00,3.2,DAYS,3,v1.0,VALID,SYNTHETIC,hash_cng_000640,True
641,CONGESTION_PORT_PARADIP,2024-06-09 00:00:00,2024-06-09 18:00:00,4.4,DAYS,3,v1.0,VALID,SYNTHETIC,hash_cng_000641,True
642,CONGESTION_PORT_DHAMRA,2024-06-09 00:00:00,2024-06-09 18:00:00,2.1,DAYS,3,v1.0,VALID,SYNTHETIC,hash_cng_000642,True
643,CONGESTION_PORT_NEWCASTLE,2024-06-09 00:00:00,2024-06-09 18:00:00,7.8,DAYS,3,v1.0,VALID,SYNTHETIC,hash_cng_000643,True
644,CONGESTION_PORT_HEDLAND,2024-06-09 00:00:00,2024-06-09 18:00:00,2.8,DAYS,3,v1.0,VALID,SYNTHETIC,hash_cng_000644,True
645,CONGESTION_PORT_PARADIP,2024-06-10 00:00:00,2024-06-10 18:00:00,4.2,DAYS,3,v1.0,VALID,SYNTHETIC,hash_cng_000645,True
646,CONGESTION_PORT_DHAMRA,2024-06-10 00:00:00,2024-06-10 18:00:00,2.2,DAYS,3,v1.0,VALID,SYNTHETIC,hash_cng_000646,True
647,CONGESTION_PORT_NEWCASTLE,2024-06-10 00:00:00,2024-06-10 18:00:00,7.0,DAYS,3,v1.0,VALID,SYNTHETIC,hash_cng_000647,True
648,CONGESTION_PORT_HEDLAND,2024-06-10 00:00:00,2024-06-10 18:00:00,2.7,DAYS,3,v1.0,VALID,SYNTHETIC,hash_cng_000648,True
649,CONGESTION_PORT_PARADIP,2024-06-11 00:00:00,2024-06-11 18:00:00,4.9,DAYS,3,v1.0,VALID,SYNTHETIC,hash_cng_000649,True
650,CONGESTION_PORT_DHAMRA,2024-06-11 00:00:00,2024-06-11 18:00:00,1.9,DAYS,3,v1.0,VALID,SYNTHETIC,hash_cng_000650,True
651,CONGESTION_PORT_NEWCASTLE,2024-06-11 00:00:00,2024-06-11 18:00:00,6.2,DAYS,3,v1.0,VALID,SYNTHETIC,hash_cng_000651,True
652,CONGESTION_PORT_HEDLAND,2024-06-11 00:00:00,2024-06-11 18:00:00,3.3,DAYS,3,v1.0,VALID,SYNTHETIC,hash_cng_000652,True
653,CONGESTION_PORT_PARADIP,2024-06-12 00:00:00,2024-06-12 18:00:00,4.4,DAYS,3,v1.0,VALID,SYNTHETIC,hash_cng_000653,True
654,CONGESTION_PORT_DHAMRA,2024-06-12 00:00:00,2024-06-12 18:00:00,2.2,DAYS,3,v1.0,VALID,SYNTHETIC,hash_cng_000654,True
655,CONGESTION_PORT_NEWCASTLE,2024-06-12 00:00:00,2024-06-12 18:00:00,6.0,DAYS,3,v1.0,VALID,SYNTHETIC,hash_cng_000655,True
656,CONGESTION_PORT_HEDLAND,2024-06-12 00:00:00,2024-06-12 18:00:00,2.7,DAYS,3,v1.0,VALID,SYNTHETIC,hash_cng_000656,True
657,CONGESTION_PORT_PARADIP,2024-06-13 00:00:00,2024-06-13 18:00:00,4.0,DAYS,3,v1.0,VALID,SYNTHETIC,hash_cng_000657,True
658,CONGESTION_PORT_DHAMRA,2024-06-13 00:00:00,2024-06-13 18:00:00,2.4,DAYS,3,v1.0,VALID,SYNTHETIC,hash_cng_000658,True
659,CONGESTION_PORT_NEWCASTLE,2024-06-13 00:00:00,2024-06-13 18:00:00,5.7,DAYS,3,v1.0,VALID,SYNTHETIC,hash_cng_000659,True
660,CONGESTION_PORT_HEDLAND,2024-06-13 00:00:00,2024-06-13 18:00:00,2.8,DAYS,3,v1.0,VALID,SYNTHETIC,hash_cng_000660,True
661,CONGESTION_PORT_PARADIP,2024-06-14 00:00:00,2024-06-14 18:00:00,5.0,DAYS,3,v1.0,VALID,SYNTHETIC,hash_cng_000661,True
662,CONGESTION_PORT_DHAMRA,2024-06-14 00:00:00,2024-06-14 18:00:00,2.5,DAYS,3,v1.0,VALID,SYNTHETIC,hash_cng_000662,True
663,CONGESTION_PORT_NEWCASTLE,2024-06-14 00:00:00,2024-06-14 18:00:00,6.6,DAYS,3,v1.0,VALID,SYNTHETIC,hash_cng_000663,True
664,CONGESTION_PORT_HEDLAND,2024-06-14 00:00:00,2024-06-14 18:00:00,2.8,DAYS,3,v1.0,VALID,SYNTHETIC,hash_cng_000664,True
665,CONGESTION_PORT_PARADIP,2024-06-15 00:00:00,2024-06-15 18:00:00,4.9,DAYS,3,v1.0,VALID,SYNTHETIC,hash_cng_000665,True
666,CONGESTION_PORT_DHAMRA,2024-06-15 00:00:00,2024-06-15 18:00:00,2.3,DAYS,3,v1.0,VALID,SYNTHETIC,hash_cng_000666,True
667,CONGESTION_PORT_NEWCASTLE,2024-06-15 00:00:00,2024-06-15 18:00:00,6.3,DAYS,3,v1.0,VALID,SYNTHETIC,hash_cng_000667,True
668,CONGESTION_PORT_HEDLAND,2024-06-15 00:00:00,2024-06-15 18:00:00,3.0,DAYS,3,v1.0,VALID,SYNTHETIC,hash_cng_000668,True
669,CONGESTION_PORT_PARADIP,2024-06-16 00:00:00,2024-06-16 18:00:00,4.9,DAYS,3,v1.0,VALID,SYNTHETIC,hash_cng_000669,True
670,CONGESTION_PORT_DHAMRA,2024-06-16 00:00:00,2024-06-16 18:00:00,2.5,DAYS,3,v1.0,VALID,SYNTHETIC,hash_cng_000670,True
671,CONGESTION_PORT_NEWCASTLE,2024-06-16 00:00:00,2024-06-16 18:00:00,7.0,DAYS,3,v1.0,VALID,SYNTHETIC,hash_cng_000671,True
672,CONGESTION_PORT_HEDLAND,2024-06-16 00:00:00,2024-06-16 18:00:00,2.8,DAYS,3,v1.0,VALID,SYNTHETIC,hash_cng_000672,True
673,CONGESTION_PORT_PARADIP,2024-06-17 00:00:00,2024-06-17 18:00:00,4.3,DAYS,3,v1.0,VALID,SYNTHETIC,hash_cng_000673,True
674,CONGESTION_PORT_DHAMRA,2024-06-17 00:00:00,2024-06-17 18:00:00,2.3,DAYS,3,v1.0,VALID,SYNTHETIC,hash_cng_000674,True
675,CONGESTION_PORT_NEWCASTLE,2024-06-17 00:00:00,2024-06-17 18:00:00,7.0,DAYS,3,v1.0,VALID,SYNTHETIC,hash_cng_000675,True
676,CONGESTION_PORT_HEDLAND,2024-06-17 00:00:00,2024-06-17 18:00:00,2.6,DAYS,3,v1.0,VALID,SYNTHETIC,hash_cng_000676,True
677,CONGESTION_PORT_PARADIP,2024-06-18 00:00:00,2024-06-18 18:00:00,5.1,DAYS,3,v1.0,VALID,SYNTHETIC,hash_cng_000677,True
678,CONGESTION_PORT_DHAMRA,2024-06-18 00:00:00,2024-06-18 18:00:00,2.3,DAYS,3,v1.0,VALID,SYNTHETIC,hash_cng_000678,True
679,CONGESTION_PORT_NEWCASTLE,2024-06-18 00:00:00,2024-06-18 18:00:00,7.0,DAYS,3,v1.0,VALID,SYNTHETIC,hash_cng_000679,True
680,CONGESTION_PORT_HEDLAND,2024-06-18 00:00:00,2024-06-18 18:00:00,3.1,DAYS,3,v1.0,VALID,SYNTHETIC,hash_cng_000680,True
681,CONGESTION_PORT_PARADIP,2024-06-19 00:00:00,2024-06-19 18:00:00,4.4,DAYS,3,v1.0,VALID,SYNTHETIC,hash_cng_000681,True
682,CONGESTION_PORT_DHAMRA,2024-06-19 00:00:00,2024-06-19 18:00:00,2.4,DAYS,3,v1.0,VALID,SYNTHETIC,hash_cng_000682,True
683,CONGESTION_PORT_NEWCASTLE,2024-06-19 00:00:00,2024-06-19 18:00:00,6.4,DAYS,3,v1.0,VALID,SYNTHETIC,hash_cng_000683,True
684,CONGESTION_PORT_HEDLAND,2024-06-19 00:00:00,2024-06-19 18:00:00,2.7,DAYS,3,v1.0,VALID,SYNTHETIC,hash_cng_000684,True
685,CONGESTION_PORT_PARADIP,2024-06-20 00:00:00,2024-06-20 18:00:00,4.6,DAYS,3,v1.0,VALID,SYNTHETIC,hash_cng_000685,True
686,CONGESTION_PORT_DHAMRA,2024-06-20 00:00:00,2024-06-20 18:00:00,2.4,DAYS,3,v1.0,VALID,SYNTHETIC,hash_cng_000686,True
687,CONGESTION_PORT_NEWCASTLE,2024-06-20 00:00:00,2024-06-20 18:00:00,6.1,DAYS,3,v1.0,VALID,SYNTHETIC,hash_cng_000687,True
688,CONGESTION_PORT_HEDLAND,2024-06-20 00:00:00,2024-06-20 18:00:00,2.7,DAYS,3,v1.0,VALID,SYNTHETIC,hash_cng_000688,True
689,CONGESTION_PORT_PARADIP,2024-06-21 00:00:00,2024-06-21 18:00:00,5.3,DAYS,3,v1.0,VALID,SYNTHETIC,hash_cng_000689,True
690,CONGESTION_PORT_DHAMRA,2024-06-21 00:00:00,2024-06-21 18:00:00,2.7,DAYS,3,v1.0,VALID,SYNTHETIC,hash_cng_000690,True
691,CONGESTION_PORT_NEWCASTLE,2024-06-21 00:00:00,2024-06-21 18:00:00,5.7,DAYS,3,v1.0,VALID,SYNTHETIC,hash_cng_000691,True
692,CONGESTION_PORT_HEDLAND,2024-06-21 00:00:00,2024-06-21 18:00:00,2.3,DAYS,3,v1.0,VALID,SYNTHETIC,hash_cng_000692,True
693,CONGESTION_PORT_PARADIP,2024-06-22 00:00:00,2024-06-22 18:00:00,4.2,DAYS,3,v1.0,VALID,SYNTHETIC,hash_cng_000693,True
694,CONGESTION_PORT_DHAMRA,2024-06-22 00:00:00,2024-06-22 18:00:00,2.9,DAYS,3,v1.0,VALID,SYNTHETIC,hash_cng_000694,True
695,CONGESTION_PORT_NEWCASTLE,2024-06-22 00:00:00,2024-06-22 18:00:00,5.7,DAYS,3,v1.0,VALID,SYNTHETIC,hash_cng_000695,True
696,CONGESTION_PORT_HEDLAND,2024-06-22 00:00:00,2024-06-22 18:00:00,2.6,DAYS,3,v1.0,VALID,SYNTHETIC,hash_cng_000696,True
697,CONGESTION_PORT_PARADIP,2024-06-23 00:00:00,2024-06-23 18:00:00,5.8,DAYS,3,v1.0,VALID,SYNTHETIC,hash_cng_000697,True
698,CONGESTION_PORT_DHAMRA,2024-06-23 00:00:00,2024-06-23 18:00:00,2.1,DAYS,3,v1.0,VALID,SYNTHETIC,hash_cng_000698,True
699,CONGESTION_PORT_NEWCASTLE,2024-06-23 00:00:00,2024-06-23 18:00:00,6.0,DAYS,3,v1.0,VALID,SYNTHETIC,hash_cng_000699,True
700,CONGESTION_PORT_HEDLAND,2024-06-23 00:00:00,2024-06-23 18:00:00,3.1,DAYS,3,v1.0,VALID,SYNTHETIC,hash_cng_000700,True
701,CONGESTION_PORT_PARADIP,2024-06-24 00:00:00,2024-06-24 18:00:00,4.9,DAYS,3,v1.0,VALID,SYNTHETIC,hash_cng_000701,True
702,CONGESTION_PORT_DHAMRA,2024-06-24 00:00:00,2024-06-24 18:00:00,2.3,DAYS,3,v1.0,VALID,SYNTHETIC,hash_cng_000702,True
703,CONGESTION_PORT_NEWCASTLE,2024-06-24 00:00:00,2024-06-24 18:00:00,5.1,DAYS,3,v1.0,VALID,SYNTHETIC,hash_cng_000703,True
704,CONGESTION_PORT_HEDLAND,2024-06-24 00:00:00,2024-06-24 18:00:00,3.2,DAYS,3,v1.0,VALID,SYNTHETIC,hash_cng_000704,True
705,CONGESTION_PORT_PARADIP,2024-06-25 00:00:00,2024-06-25 18:00:00,5.4,DAYS,3,v1.0,VALID,SYNTHETIC,hash_cng_000705,True
706,CONGESTION_PORT_DHAMRA,2024-06-25 00:00:00,2024-06-25 18:00:00,2.6,DAYS,3,v1.0,VALID,SYNTHETIC,hash_cng_000706,True
707,CONGESTION_PORT_NEWCASTLE,2024-06-25 00:00:00,2024-06-25 18:00:00,5.7,DAYS,3,v1.0,VALID,SYNTHETIC,hash_cng_000707,True
708,CONGESTION_PORT_HEDLAND,2024-06-25 00:00:00,2024-06-25 18:00:00,2.5,DAYS,3,v1.0,VALID,SYNTHETIC,hash_cng_000708,True
709,CONGESTION_PORT_PARADIP,2024-06-26 00:00:00,2024-06-26 18:00:00,4.3,DAYS,3,v1.0,VALID,SYNTHETIC,hash_cng_000709,True
710,CONGESTION_PORT_DHAMRA,2024-06-26 00:00:00,2024-06-26 18:00:00,2.4,DAYS,3,v1.0,VALID,SYNTHETIC,hash_cng_000710,True
711,CONGESTION_PORT_NEWCASTLE,2024-06-26 00:00:00,2024-06-26 18:00:00,4.4,DAYS,3,v1.0,VALID,SYNTHETIC,hash_cng_000711,True
712,CONGESTION_PORT_HEDLAND,2024-06-26 00:00:00,2024-06-26 18:00:00,2.7,DAYS,3,v1.0,VALID,SYNTHETIC,hash_cng_000712,True
713,CONGESTION_PORT_PARADIP,2024-06-27 00:00:00,2024-06-27 18:00:00,5.6,DAYS,3,v1.0,VALID,SYNTHETIC,hash_cng_000713,True
714,CONGESTION_PORT_DHAMRA,2024-06-27 00:00:00,2024-06-27 18:00:00,2.3,DAYS,3,v1.0,VALID,SYNTHETIC,hash_cng_000714,True
715,CONGESTION_PORT_NEWCASTLE,2024-06-27 00:00:00,2024-06-27 18:00:00,4.6,DAYS,3,v1.0,VALID,SYNTHETIC,hash_cng_000715,True
716,CONGESTION_PORT_HEDLAND,2024-06-27 00:00:00,2024-06-27 18:00:00,2.4,DAYS,3,v1.0,VALID,SYNTHETIC,hash_cng_000716,True
717,CONGESTION_PORT_PARADIP,2024-06-28 00:00:00,2024-06-28 18:00:00,4.8,DAYS,3,v1.0,VALID,SYNTHETIC,hash_cng_000717,True
718,CONGESTION_PORT_DHAMRA,2024-06-28 00:00:00,2024-06-28 18:00:00,2.2,DAYS,3,v1.0,VALID,SYNTHETIC,hash_cng_000718,True
719,CONGESTION_PORT_NEWCASTLE,2024-06-28 00:00:00,2024-06-28 18:00:00,5.5,DAYS,3,v1.0,VALID,SYNTHETIC,hash_cng_000719,True
720,CONGESTION_PORT_HEDLAND,2024-06-28 00:00:00,2024-06-28 18:00:00,3.3,DAYS,3,v1.0,VALID,SYNTHETIC,hash_cng_000720,True
721,CONGESTION_PORT_PARADIP,2024-06-29 00:00:00,2024-06-29 18:00:00,4.3,DAYS,3,v1.0,VALID,SYNTHETIC,hash_cng_000721,True
722,CONGESTION_PORT_DHAMRA,2024-06-29 00:00:00,2024-06-29 18:00:00,2.1,DAYS,3,v1.0,VALID,SYNTHETIC,hash_cng_000722,True
723,CONGESTION_PORT_NEWCASTLE,2024-06-29 00:00:00,2024-06-29 18:00:00,5.0,DAYS,3,v1.0,VALID,SYNTHETIC,hash_cng_000723,True
724,CONGESTION_PORT_HEDLAND,2024-06-29 00:00:00,2024-06-29 18:00:00,3.0,DAYS,3,v1.0,VALID,SYNTHETIC,hash_cng_000724,True
725,CONGESTION_PORT_PARADIP,2024-06-30 00:00:00,2024-06-30 18:00:00,6.1,DAYS,3,v1.0,VALID,SYNTHETIC,hash_cng_000725,True
726,CONGESTION_PORT_DHAMRA,2024-06-30 00:00:00,2024-06-30 18:00:00,2.6,DAYS,3,v1.0,VALID,SYNTHETIC,hash_cng_000726,True
727,CONGESTION_PORT_NEWCASTLE,2024-06-30 00:00:00,2024-06-30 18:00:00,6.0,DAYS,3,v1.0,VALID,SYNTHETIC,hash_cng_000727,True
728,CONGESTION_PORT_HEDLAND,2024-06-30 00:00:00,2024-06-30 18:00:00,2.8,DAYS,3,v1.0,VALID,SYNTHETIC,hash_cng_000728,True
729,CONGESTION_PORT_PARADIP,2024-07-01 00:00:00,2024-07-01 18:00:00,5.2,DAYS,3,v1.0,VALID,SYNTHETIC,hash_cng_000729,True
730,CONGESTION_PORT_DHAMRA,2024-07-01 00:00:00,2024-07-01 18:00:00,2.3,DAYS,3,v1.0,VALID,SYNTHETIC,hash_cng_000730,True
731,CONGESTION_PORT_NEWCASTLE,2024-07-01 00:00:00,2024-07-01 18:00:00,6.2,DAYS,3,v1.0,VALID,SYNTHETIC,hash_cng_000731,True
732,CONGESTION_PORT_HEDLAND,2024-07-01 00:00:00,2024-07-01 18:00:00,2.3,DAYS,3,v1.0,VALID,SYNTHETIC,hash_cng_000732,True
733,CONGESTION_PORT_PARADIP,2024-07-02 00:00:00,2024-07-02 18:00:00,4.8,DAYS,3,v1.0,VALID,SYNTHETIC,hash_cng_000733,True
734,CONGESTION_PORT_DHAMRA,2024-07-02 00:00:00,2024-07-02 18:00:00,2.4,DAYS,3,v1.0,VALID,SYNTHETIC,hash_cng_000734,True
735,CONGESTION_PORT_NEWCASTLE,2024-07-02 00:00:00,2024-07-02 18:00:00,7.0,DAYS,3,v1.0,VALID,SYNTHETIC,hash_cng_000735,True
736,CONGESTION_PORT_HEDLAND,2024-07-02 00:00:00,2024-07-02 18:00:00,2.4,DAYS,3,v1.0,VALID,SYNTHETIC,hash_cng_000736,True
737,CONGESTION_PORT_PARADIP,2024-07-03 00:00:00,2024-07-03 18:00:00,4.8,DAYS,3,v1.0,VALID,SYNTHETIC,hash_cng_000737,True
738,CONGESTION_PORT_DHAMRA,2024-07-03 00:00:00,2024-07-03 18:00:00,2.8,DAYS,3,v1.0,VALID,SYNTHETIC,hash_cng_000738,True
739,CONGESTION_PORT_NEWCASTLE,2024-07-03 00:00:00,2024-07-03 18:00:00,5.8,DAYS,3,v1.0,VALID,SYNTHETIC,hash_cng_000739,True
740,CONGESTION_PORT_HEDLAND,2024-07-03 00:00:00,2024-07-03 18:00:00,2.5,DAYS,3,v1.0,VALID,SYNTHETIC,hash_cng_000740,True
741,CONGESTION_PORT_PARADIP,2024-07-04 00:00:00,2024-07-04 18:00:00,5.1,DAYS,3,v1.0,VALID,SYNTHETIC,hash_cng_000741,True
742,CONGESTION_PORT_DHAMRA,2024-07-04 00:00:00,2024-07-04 18:00:00,2.6,DAYS,3,v1.0,VALID,SYNTHETIC,hash_cng_000742,True
743,CONGESTION_PORT_NEWCASTLE,2024-07-04 00:00:00,2024-07-04 18:00:00,6.1,DAYS,3,v1.0,VALID,SYNTHETIC,hash_cng_000743,True
744,CONGESTION_PORT_HEDLAND,2024-07-04 00:00:00,2024-07-04 18:00:00,2.7,DAYS,3,v1.0,VALID,SYNTHETIC,hash_cng_000744,True
745,CONGESTION_PORT_PARADIP,2024-07-05 00:00:00,2024-07-05 18:00:00,5.2,DAYS,3,v1.0,VALID,SYNTHETIC,hash_cng_000745,True
746,CONGESTION_PORT_DHAMRA,2024-07-05 00:00:00,2024-07-05 18:00:00,2.5,DAYS,3,v1.0,VALID,SYNTHETIC,hash_cng_000746,True
747,CONGESTION_PORT_NEWCASTLE,2024-07-05 00:00:00,2024-07-05 18:00:00,5.8,DAYS,3,v1.0,VALID,SYNTHETIC,hash_cng_000747,True
748,CONGESTION_PORT_HEDLAND,2024-07-05 00:00:00,2024-07-05 18:00:00,2.6,DAYS,3,v1.0,VALID,SYNTHETIC,hash_cng_000748,True
749,CONGESTION_PORT_PARADIP,2024-07-06 00:00:00,2024-07-06 18:00:00,5.9,DAYS,3,v1.0,VALID,SYNTHETIC,hash_cng_000749,True
750,CONGESTION_PORT_DHAMRA,2024-07-06 00:00:00,2024-07-06 18:00:00,2.7,DAYS,3,v1.0,VALID,SYNTHETIC,hash_cng_000750,True
751,CONGESTION_PORT_NEWCASTLE,2024-07-06 00:00:00,2024-07-06 18:00:00,4.8,DAYS,3,v1.0,VALID,SYNTHETIC,hash_cng_000751,True
752,CONGESTION_PORT_HEDLAND,2024-07-06 00:00:00,2024-07-06 18:00:00,3.0,DAYS,3,v1.0,VALID,SYNTHETIC,hash_cng_000752,True
753,CONGESTION_PORT_PARADIP,2024-07-07 00:00:00,2024-07-07 18:00:00,5.4,DAYS,3,v1.0,VALID,SYNTHETIC,hash_cng_000753,True
754,CONGESTION_PORT_DHAMRA,2024-07-07 00:00:00,2024-07-07 18:00:00,2.3,DAYS,3,v1.0,VALID,SYNTHETIC,hash_cng_000754,True
755,CONGESTION_PORT_NEWCASTLE,2024-07-07 00:00:00,2024-07-07 18:00:00,5.2,DAYS,3,v1.0,VALID,SYNTHETIC,hash_cng_000755,True
756,CONGESTION_PORT_HEDLAND,2024-07-07 00:00:00,2024-07-07 18:00:00,3.2,DAYS,3,v1.0,VALID,SYNTHETIC,hash_cng_000756,True
757,CONGESTION_PORT_PARADIP,2024-07-08 00:00:00,2024-07-08 18:00:00,4.6,DAYS,3,v1.0,VALID,SYNTHETIC,hash_cng_000757,True
758,CONGESTION_PORT_DHAMRA,2024-07-08 00:00:00,2024-07-08 18:00:00,2.5,DAYS,3,v1.0,VALID,SYNTHETIC,hash_cng_000758,True
759,CONGESTION_PORT_NEWCASTLE,2024-07-08 00:00:00,2024-07-08 18:00:00,5.9,DAYS,3,v1.0,VALID,SYNTHETIC,hash_cng_000759,True
760,CONGESTION_PORT_HEDLAND,2024-07-08 00:00:00,2024-07-08 18:00:00,3.2,DAYS,3,v1.0,VALID,SYNTHETIC,hash_cng_000760,True
761,CONGESTION_PORT_PARADIP,2024-07-09 00:00:00,2024-07-09 18:00:00,6.3,DAYS,3,v1.0,VALID,SYNTHETIC,hash_cng_000761,True
762,CONGESTION_PORT_DHAMRA,2024-07-09 00:00:00,2024-07-09 18:00:00,2.8,DAYS,3,v1.0,VALID,SYNTHETIC,hash_cng_000762,True
763,CONGESTION_PORT_NEWCASTLE,2024-07-09 00:00:00,2024-07-09 18:00:00,4.6,DAYS,3,v1.0,VALID,SYNTHETIC,hash_cng_000763,True
764,CONGESTION_PORT_HEDLAND,2024-07-09 00:00:00,2024-07-09 18:00:00,2.9,DAYS,3,v1.0,VALID,SYNTHETIC,hash_cng_000764,True
765,CONGESTION_PORT_PARADIP,2024-07-10 00:00:00,2024-07-10 18:00:00,5.5,DAYS,3,v1.0,VALID,SYNTHETIC,hash_cng_000765,True
766,CONGESTION_PORT_DHAMRA,2024-07-10 00:00:00,2024-07-10 18:00:00,2.6,DAYS,3,v1.0,VALID,SYNTHETIC,hash_cng_000766,True
767,CONGESTION_PORT_NEWCASTLE,2024-07-10 00:00:00,2024-07-10 18:00:00,5.3,DAYS,3,v1.0,VALID,SYNTHETIC,hash_cng_000767,True
768,CONGESTION_PORT_HEDLAND,2024-07-10 00:00:00,2024-07-10 18:00:00,2.6,DAYS,3,v1.0,VALID,SYNTHETIC,hash_cng_000768,True
769,CONGESTION_PORT_PARADIP,2024-07-11 00:00:00,2024-07-11 18:00:00,5.6,DAYS,3,v1.0,VALID,SYNTHETIC,hash_cng_000769,True
770,CONGESTION_PORT_DHAMRA,2024-07-11 00:00:00,2024-07-11 18:00:00,2.8,DAYS,3,v1.0,VALID,SYNTHETIC,hash_cng_000770,True
771,CONGESTION_PORT_NEWCASTLE,2024-07-11 00:00:00,2024-07-11 18:00:00,3.8,DAYS,3,v1.0,VALID,SYNTHETIC,hash_cng_000771,True
772,CONGESTION_PORT_HEDLAND,2024-07-11 00:00:00,2024-07-11 18:00:00,2.9,DAYS,3,v1.0,VALID,SYNTHETIC,hash_cng_000772,True
773,CONGESTION_PORT_PARADIP,2024-07-12 00:00:00,2024-07-12 18:00:00,5.2,DAYS,3,v1.0,VALID,SYNTHETIC,hash_cng_000773,True
774,CONGESTION_PORT_DHAMRA,2024-07-12 00:00:00,2024-07-12 18:00:00,2.3,DAYS,3,v1.0,VALID,SYNTHETIC,hash_cng_000774,True
775,CONGESTION_PORT_NEWCASTLE,2024-07-12 00:00:00,2024-07-12 18:00:00,4.9,DAYS,3,v1.0,VALID,SYNTHETIC,hash_cng_000775,True
776,CONGESTION_PORT_HEDLAND,2024-07-12 00:00:00,2024-07-12 18:00:00,2.7,DAYS,3,v1.0,VALID,SYNTHETIC,hash_cng_000776,True
777,CONGESTION_PORT_PARADIP,2024-07-13 00:00:00,2024-07-13 18:00:00,4.9,DAYS,3,v1.0,VALID,SYNTHETIC,hash_cng_000777,True
778,CONGESTION_PORT_DHAMRA,2024-07-13 00:00:00,2024-07-13 18:00:00,2.3,DAYS,3,v1.0,VALID,SYNTHETIC,hash_cng_000778,True
779,CONGESTION_PORT_NEWCASTLE,2024-07-13 00:00:00,2024-07-13 18:00:00,5.6,DAYS,3,v1.0,VALID,SYNTHETIC,hash_cng_000779,True
780,CONGESTION_PORT_HEDLAND,2024-07-13 00:00:00,2024-07-13 18:00:00,2.5,DAYS,3,v1.0,VALID,SYNTHETIC,hash_cng_000780,True
781,CONGESTION_PORT_PARADIP,2024-07-14 00:00:00,2024-07-14 18:00:00,4.7,DAYS,3,v1.0,VALID,SYNTHETIC,hash_cng_000781,True
782,CONGESTION_PORT_DHAMRA,2024-07-14 00:00:00,2024-07-14 18:00:00,2.4,DAYS,3,v1.0,VALID,SYNTHETIC,hash_cng_000782,True
783,CONGESTION_PORT_NEWCASTLE,2024-07-14 00:00:00,2024-07-14 18:00:00,4.9,DAYS,3,v1.0,VALID,SYNTHETIC,hash_cng_000783,True
784,CONGESTION_PORT_HEDLAND,2024-07-14 00:00:00,2024-07-14 18:00:00,3.3,DAYS,3,v1.0,VALID,SYNTHETIC,hash_cng_000784,True
785,CONGESTION_PORT_PARADIP,2024-07-15 00:00:00,2024-07-15 18:00:00,5.7,DAYS,3,v1.0,VALID,SYNTHETIC,hash_cng_000785,True
786,CONGESTION_PORT_DHAMRA,2024-07-15 00:00:00,2024-07-15 18:00:00,2.6,DAYS,3,v1.0,VALID,SYNTHETIC,hash_cng_000786,True
787,CONGESTION_PORT_NEWCASTLE,2024-07-15 00:00:00,2024-07-15 18:00:00,4.3,DAYS,3,v1.0,VALID,SYNTHETIC,hash_cng_000787,True
788,CONGESTION_PORT_HEDLAND,2024-07-15 00:00:00,2024-07-15 18:00:00,3.0,DAYS,3,v1.0,VALID,SYNTHETIC,hash_cng_000788,True
789,CONGESTION_PORT_PARADIP,2024-07-16 00:00:00,2024-07-16 18:00:00,5.3,DAYS,3,v1.0,VALID,SYNTHETIC,hash_cng_000789,True
790,CONGESTION_PORT_DHAMRA,2024-07-16 00:00:00,2024-07-16 18:00:00,2.5,DAYS,3,v1.0,VALID,SYNTHETIC,hash_cng_000790,True
791,CONGESTION_PORT_NEWCASTLE,2024-07-16 00:00:00,2024-07-16 18:00:00,4.8,DAYS,3,v1.0,VALID,SYNTHETIC,hash_cng_000791,True
792,CONGESTION_PORT_HEDLAND,2024-07-16 00:00:00,2024-07-16 18:00:00,3.2,DAYS,3,v1.0,VALID,SYNTHETIC,hash_cng_000792,True
793,CONGESTION_PORT_PARADIP,2024-07-17 00:00:00,2024-07-17 18:00:00,5.8,DAYS,3,v1.0,VALID,SYNTHETIC,hash_cng_000793,True
794,CONGESTION_PORT_DHAMRA,2024-07-17 00:00:00,2024-07-17 18:00:00,2.4,DAYS,3,v1.0,VALID,SYNTHETIC,hash_cng_000794,True
795,CONGESTION_PORT_NEWCASTLE,2024-07-17 00:00:00,2024-07-17 18:00:00,5.4,DAYS,3,v1.0,VALID,SYNTHETIC,hash_cng_000795,True
796,CONGESTION_PORT_HEDLAND,2024-07-17 00:00:00,2024-07-17 18:00:00,2.7,DAYS,3,v1.0,VALID,SYNTHETIC,hash_cng_000796,True
797,CONGESTION_PORT_PARADIP,2024-07-18 00:00:00,2024-07-18 18:00:00,4.9,DAYS,3,v1.0,VALID,SYNTHETIC,hash_cng_000797,True
798,CONGESTION_PORT_DHAMRA,2024-07-18 00:00:00,2024-07-18 18:00:00,2.3,DAYS,3,v1.0,VALID,SYNTHETIC,hash_cng_000798,True
799,CONGESTION_PORT_NEWCASTLE,2024-07-18 00:00:00,2024-07-18 18:00:00,4.9,DAYS,3,v1.0,VALID,SYNTHETIC,hash_cng_000799,True
800,CONGESTION_PORT_HEDLAND,2024-07-18 00:00:00,2024-07-18 18:00:00,3.3,DAYS,3,v1.0,VALID,SYNTHETIC,hash_cng_000800,True
801,CONGESTION_PORT_PARADIP,2024-07-19 00:00:00,2024-07-19 18:00:00,5.5,DAYS,3,v1.0,VALID,SYNTHETIC,hash_cng_000801,True
802,CONGESTION_PORT_DHAMRA,2024-07-19 00:00:00,2024-07-19 18:00:00,2.3,DAYS,3,v1.0,VALID,SYNTHETIC,hash_cng_000802,True
803,CONGESTION_PORT_NEWCASTLE,2024-07-19 00:00:00,2024-07-19 18:00:00,5.5,DAYS,3,v1.0,VALID,SYNTHETIC,hash_cng_000803,True
804,CONGESTION_PORT_HEDLAND,2024-07-19 00:00:00,2024-07-19 18:00:00,2.5,DAYS,3,v1.0,VALID,SYNTHETIC,hash_cng_000804,True
805,CONGESTION_PORT_PARADIP,2024-07-20 00:00:00,2024-07-20 18:00:00,5.5,DAYS,3,v1.0,VALID,SYNTHETIC,hash_cng_000805,True
806,CONGESTION_PORT_DHAMRA,2024-07-20 00:00:00,2024-07-20 18:00:00,2.3,DAYS,3,v1.0,VALID,SYNTHETIC,hash_cng_000806,True
807,CONGESTION_PORT_NEWCASTLE,2024-07-20 00:00:00,2024-07-20 18:00:00,4.1,DAYS,3,v1.0,VALID,SYNTHETIC,hash_cng_000807,True
808,CONGESTION_PORT_HEDLAND,2024-07-20 00:00:00,2024-07-20 18:00:00,2.9,DAYS,3,v1.0,VALID,SYNTHETIC,hash_cng_000808,True
809,CONGESTION_PORT_PARADIP,2024-07-21 00:00:00,2024-07-21 18:00:00,4.5,DAYS,3,v1.0,VALID,SYNTHETIC,hash_cng_000809,True
810,CONGESTION_PORT_DHAMRA,2024-07-21 00:00:00,2024-07-21 18:00:00,2.3,DAYS,3,v1.0,VALID,SYNTHETIC,hash_cng_000810,True
811,CONGESTION_PORT_NEWCASTLE,2024-07-21 00:00:00,2024-07-21 18:00:00,4.4,DAYS,3,v1.0,VALID,SYNTHETIC,hash_cng_000811,True
812,CONGESTION_PORT_HEDLAND,2024-07-21 00:00:00,2024-07-21 18:00:00,1.9,DAYS,3,v1.0,VALID,SYNTHETIC,hash_cng_000812,True
813,CONGESTION_PORT_PARADIP,2024-07-22 00:00:00,2024-07-22 18:00:00,5.7,DAYS,3,v1.0,VALID,SYNTHETIC,hash_cng_000813,True
814,CONGESTION_PORT_DHAMRA,2024-07-22 00:00:00,2024-07-22 18:00:00,2.6,DAYS,3,v1.0,VALID,SYNTHETIC,hash_cng_000814,True
815,CONGESTION_PORT_NEWCASTLE,2024-07-22 00:00:00,2024-07-22 18:00:00,4.5,DAYS,3,v1.0,VALID,SYNTHETIC,hash_cng_000815,True
816,CONGESTION_PORT_HEDLAND,2024-07-22 00:00:00,2024-07-22 18:00:00,3.4,DAYS,3,v1.0,VALID,SYNTHETIC,hash_cng_000816,True
817,CONGESTION_PORT_PARADIP,2024-07-23 00:00:00,2024-07-23 18:00:00,5.3,DAYS,3,v1.0,VALID,SYNTHETIC,hash_cng_000817,True
818,CONGESTION_PORT_DHAMRA,2024-07-23 00:00:00,2024-07-23 18:00:00,2.2,DAYS,3,v1.0,VALID,SYNTHETIC,hash_cng_000818,True
819,CONGESTION_PORT_NEWCASTLE,2024-07-23 00:00:00,2024-07-23 18:00:00,5.3,DAYS,3,v1.0,VALID,SYNTHETIC,hash_cng_000819,True
820,CONGESTION_PORT_HEDLAND,2024-07-23 00:00:00,2024-07-23 18:00:00,2.6,DAYS,3,v1.0,VALID,SYNTHETIC,hash_cng_000820,True
821,CONGESTION_PORT_PARADIP,2024-07-24 00:00:00,2024-07-24 18:00:00,5.2,DAYS,3,v1.0,VALID,SYNTHETIC,hash_cng_000821,True
822,CONGESTION_PORT_DHAMRA,2024-07-24 00:00:00,2024-07-24 18:00:00,2.5,DAYS,3,v1.0,VALID,SYNTHETIC,hash_cng_000822,True
823,CONGESTION_PORT_NEWCASTLE,2024-07-24 00:00:00,2024-07-24 18:00:00,4.7,DAYS,3,v1.0,VALID,SYNTHETIC,hash_cng_000823,True
824,CONGESTION_PORT_HEDLAND,2024-07-24 00:00:00,2024-07-24 18:00:00,2.9,DAYS,3,v1.0,VALID,SYNTHETIC,hash_cng_000824,True
825,CONGESTION_PORT_PARADIP,2024-07-25 00:00:00,2024-07-25 18:00:00,5.2,DAYS,3,v1.0,VALID,SYNTHETIC,hash_cng_000825,True
826,CONGESTION_PORT_DHAMRA,2024-07-25 00:00:00,2024-07-25 18:00:00,2.3,DAYS,3,v1.0,VALID,SYNTHETIC,hash_cng_000826,True
827,CONGESTION_PORT_NEWCASTLE,2024-07-25 00:00:00,2024-07-25 18:00:00,4.2,DAYS,3,v1.0,VALID,SYNTHETIC,hash_cng_000827,True
828,CONGESTION_PORT_HEDLAND,2024-07-25 00:00:00,2024-07-25 18:00:00,2.9,DAYS,3,v1.0,VALID,SYNTHETIC,hash_cng_000828,True
829,CONGESTION_PORT_PARADIP,2024-07-26 00:00:00,2024-07-26 18:00:00,5.1,DAYS,3,v1.0,VALID,SYNTHETIC,hash_cng_000829,True
830,CONGESTION_PORT_DHAMRA,2024-07-26 00:00:00,2024-07-26 18:00:00,2.7,DAYS,3,v1.0,VALID,SYNTHETIC,hash_cng_000830,True
831,CONGESTION_PORT_NEWCASTLE,2024-07-26 00:00:00,2024-07-26 18:00:00,4.7,DAYS,3,v1.0,VALID,SYNTHETIC,hash_cng_000831,True
832,CONGESTION_PORT_HEDLAND,2024-07-26 00:00:00,2024-07-26 18:00:00,3.0,DAYS,3,v1.0,VALID,SYNTHETIC,hash_cng_000832,True
833,CONGESTION_PORT_PARADIP,2024-07-27 00:00:00,2024-07-27 18:00:00,4.7,DAYS,3,v1.0,VALID,SYNTHETIC,hash_cng_000833,True
834,CONGESTION_PORT_DHAMRA,2024-07-27 00:00:00,2024-07-27 18:00:00,2.2,DAYS,3,v1.0,VALID,SYNTHETIC,hash_cng_000834,True
835,CONGESTION_PORT_NEWCASTLE,2024-07-27 00:00:00,2024-07-27 18:00:00,4.7,DAYS,3,v1.0,VALID,SYNTHETIC,hash_cng_000835,True
836,CONGESTION_PORT_HEDLAND,2024-07-27 00:00:00,2024-07-27 18:00:00,3.2,DAYS,3,v1.0,VALID,SYNTHETIC,hash_cng_000836,True
837,CONGESTION_PORT_PARADIP,2024-07-28 00:00:00,2024-07-28 18:00:00,5.9,DAYS,3,v1.0,VALID,SYNTHETIC,hash_cng_000837,True
838,CONGESTION_PORT_DHAMRA,2024-07-28 00:00:00,2024-07-28 18:00:00,2.3,DAYS,3,v1.0,VALID,SYNTHETIC,hash_cng_000838,True
839,CONGESTION_PORT_NEWCASTLE,2024-07-28 00:00:00,2024-07-28 18:00:00,3.9,DAYS,3,v1.0,VALID,SYNTHETIC,hash_cng_000839,True
840,CONGESTION_PORT_HEDLAND,2024-07-28 00:00:00,2024-07-28 18:00:00,2.9,DAYS,3,v1.0,VALID,SYNTHETIC,hash_cng_000840,True
841,CONGESTION_PORT_PARADIP,2024-07-29 00:00:00,2024-07-29 18:00:00,4.4,DAYS,3,v1.0,VALID,SYNTHETIC,hash_cng_000841,True
842,CONGESTION_PORT_DHAMRA,2024-07-29 00:00:00,2024-07-29 18:00:00,2.6,DAYS,3,v1.0,VALID,SYNTHETIC,hash_cng_000842,True
843,CONGESTION_PORT_NEWCASTLE,2024-07-29 00:00:00,2024-07-29 18:00:00,3.6,DAYS,3,v1.0,VALID,SYNTHETIC,hash_cng_000843,True
844,CONGESTION_PORT_HEDLAND,2024-07-29 00:00:00,2024-07-29 18:00:00,2.8,DAYS,3,v1.0,VALID,SYNTHETIC,hash_cng_000844,True
845,CONGESTION_PORT_PARADIP,2024-07-30 00:00:00,2024-07-30 18:00:00,4.9,DAYS,3,v1.0,VALID,SYNTHETIC,hash_cng_000845,True
846,CONGESTION_PORT_DHAMRA,2024-07-30 00:00:00,2024-07-30 18:00:00,2.5,DAYS,3,v1.0,VALID,SYNTHETIC,hash_cng_000846,True
847,CONGESTION_PORT_NEWCASTLE,2024-07-30 00:00:00,2024-07-30 18:00:00,4.3,DAYS,3,v1.0,VALID,SYNTHETIC,hash_cng_000847,True
848,CONGESTION_PORT_HEDLAND,2024-07-30 00:00:00,2024-07-30 18:00:00,2.8,DAYS,3,v1.0,VALID,SYNTHETIC,hash_cng_000848,True
849,CONGESTION_PORT_PARADIP,2024-07-31 00:00:00,2024-07-31 18:00:00,5.3,DAYS,3,v1.0,VALID,SYNTHETIC,hash_cng_000849,True
850,CONGESTION_PORT_DHAMRA,2024-07-31 00:00:00,2024-07-31 18:00:00,2.4,DAYS,3,v1.0,VALID,SYNTHETIC,hash_cng_000850,True
851,CONGESTION_PORT_NEWCASTLE,2024-07-31 00:00:00,2024-07-31 18:00:00,3.3,DAYS,3,v1.0,VALID,SYNTHETIC,hash_cng_000851,True
852,CONGESTION_PORT_HEDLAND,2024-07-31 00:00:00,2024-07-31 18:00:00,2.8,DAYS,3,v1.0,VALID,SYNTHETIC,hash_cng_000852,True
853,CONGESTION_PORT_PARADIP,2024-08-01 00:00:00,2024-08-01 18:00:00,4.5,DAYS,3,v1.0,VALID,SYNTHETIC,hash_cng_000853,True
854,CONGESTION_PORT_DHAMRA,2024-08-01 00:00:00,2024-08-01 18:00:00,2.5,DAYS,3,v1.0,VALID,SYNTHETIC,hash_cng_000854,True
855,CONGESTION_PORT_NEWCASTLE,2024-08-01 00:00:00,2024-08-01 18:00:00,4.4,DAYS,3,v1.0,VALID,SYNTHETIC,hash_cng_000855,True
856,CONGESTION_PORT_HEDLAND,2024-08-01 00:00:00,2024-08-01 18:00:00,2.8,DAYS,3,v1.0,VALID,SYNTHETIC,hash_cng_000856,True
857,CONGESTION_PORT_PARADIP,2024-08-02 00:00:00,2024-08-02 18:00:00,4.0,DAYS,3,v1.0,VALID,SYNTHETIC,hash_cng_000857,True
858,CONGESTION_PORT_DHAMRA,2024-08-02 00:00:00,2024-08-02 18:00:00,2.7,DAYS,3,v1.0,VALID,SYNTHETIC,hash_cng_000858,True
859,CONGESTION_PORT_NEWCASTLE,2024-08-02 00:00:00,2024-08-02 18:00:00,4.4,DAYS,3,v1.0,VALID,SYNTHETIC,hash_cng_000859,True
860,CONGESTION_PORT_HEDLAND,2024-08-02 00:00:00,2024-08-02 18:00:00,2.8,DAYS,3,v1.0,VALID,SYNTHETIC,hash_cng_000860,True
861,CONGESTION_PORT_PARADIP,2024-08-03 00:00:00,2024-08-03 18:00:00,4.9,DAYS,3,v1.0,VALID,SYNTHETIC,hash_cng_000861,True
862,CONGESTION_PORT_DHAMRA,2024-08-03 00:00:00,2024-08-03 18:00:00,2.5,DAYS,3,v1.0,VALID,SYNTHETIC,hash_cng_000862,True
863,CONGESTION_PORT_NEWCASTLE,2024-08-03 00:00:00,2024-08-03 18:00:00,4.6,DAYS,3,v1.0,VALID,SYNTHETIC,hash_cng_000863,True
864,CONGESTION_PORT_HEDLAND,2024-08-03 00:00:00,2024-08-03 18:00:00,2.4,DAYS,3,v1.0,VALID,SYNTHETIC,hash_cng_000864,True
865,CONGESTION_PORT_PARADIP,2024-08-04 00:00:00,2024-08-04 18:00:00,5.2,DAYS,3,v1.0,VALID,SYNTHETIC,hash_cng_000865,True
866,CONGESTION_PORT_DHAMRA,2024-08-04 00:00:00,2024-08-04 18:00:00,2.4,DAYS,3,v1.0,VALID,SYNTHETIC,hash_cng_000866,True
867,CONGESTION_PORT_NEWCASTLE,2024-08-04 00:00:00,2024-08-04 18:00:00,4.0,DAYS,3,v1.0,VALID,SYNTHETIC,hash_cng_000867,True
868,CONGESTION_PORT_HEDLAND,2024-08-04 00:00:00,2024-08-04 18:00:00,3.3,DAYS,3,v1.0,VALID,SYNTHETIC,hash_cng_000868,True
869,CONGESTION_PORT_PARADIP,2024-08-05 00:00:00,2024-08-05 18:00:00,4.7,DAYS,3,v1.0,VALID,SYNTHETIC,hash_cng_000869,True
870,CONGESTION_PORT_DHAMRA,2024-08-05 00:00:00,2024-08-05 18:00:00,2.3,DAYS,3,v1.0,VALID,SYNTHETIC,hash_cng_000870,True
871,CONGESTION_PORT_NEWCASTLE,2024-08-05 00:00:00,2024-08-05 18:00:00,3.9,DAYS,3,v1.0,VALID,SYNTHETIC,hash_cng_000871,True
872,CONGESTION_PORT_HEDLAND,2024-08-05 00:00:00,2024-08-05 18:00:00,2.8,DAYS,3,v1.0,VALID,SYNTHETIC,hash_cng_000872,True
873,CONGESTION_PORT_PARADIP,2024-08-06 00:00:00,2024-08-06 18:00:00,4.8,DAYS,3,v1.0,VALID,SYNTHETIC,hash_cng_000873,True
874,CONGESTION_PORT_DHAMRA,2024-08-06 00:00:00,2024-08-06 18:00:00,2.5,DAYS,3,v1.0,VALID,SYNTHETIC,hash_cng_000874,True
875,CONGESTION_PORT_NEWCASTLE,2024-08-06 00:00:00,2024-08-06 18:00:00,5.1,DAYS,3,v1.0,VALID,SYNTHETIC,hash_cng_000875,True
876,CONGESTION_PORT_HEDLAND,2024-08-06 00:00:00,2024-08-06 18:00:00,2.9,DAYS,3,v1.0,VALID,SYNTHETIC,hash_cng_000876,True
877,CONGESTION_PORT_PARADIP,2024-08-07 00:00:00,2024-08-07 18:00:00,5.2,DAYS,3,v1.0,VALID,SYNTHETIC,hash_cng_000877,True
878,CONGESTION_PORT_DHAMRA,2024-08-07 00:00:00,2024-08-07 18:00:00,2.1,DAYS,3,v1.0,VALID,SYNTHETIC,hash_cng_000878,True
879,CONGESTION_PORT_NEWCASTLE,2024-08-07 00:00:00,2024-08-07 18:00:00,2.1,DAYS,3,v1.0,VALID,SYNTHETIC,hash_cng_000879,True
880,CONGESTION_PORT_HEDLAND,2024-08-07 00:00:00,2024-08-07 18:00:00,2.3,DAYS,3,v1.0,VALID,SYNTHETIC,hash_cng_000880,True
881,CONGESTION_PORT_PARADIP,2024-08-08 00:00:00,2024-08-08 18:00:00,4.9,DAYS,3,v1.0,VALID,SYNTHETIC,hash_cng_000881,True
882,CONGESTION_PORT_DHAMRA,2024-08-08 00:00:00,2024-08-08 18:00:00,2.4,DAYS,3,v1.0,VALID,SYNTHETIC,hash_cng_000882,True
883,CONGESTION_PORT_NEWCASTLE,2024-08-08 00:00:00,2024-08-08 18:00:00,3.2,DAYS,3,v1.0,VALID,SYNTHETIC,hash_cng_000883,True
884,CONGESTION_PORT_HEDLAND,2024-08-08 00:00:00,2024-08-08 18:00:00,2.7,DAYS,3,v1.0,VALID,SYNTHETIC,hash_cng_000884,True
885,CONGESTION_PORT_PARADIP,2024-08-09 00:00:00,2024-08-09 18:00:00,5.3,DAYS,3,v1.0,VALID,SYNTHETIC,hash_cng_000885,True
886,CONGESTION_PORT_DHAMRA,2024-08-09 00:00:00,2024-08-09 18:00:00,2.5,DAYS,3,v1.0,VALID,SYNTHETIC,hash_cng_000886,True
887,CONGESTION_PORT_NEWCASTLE,2024-08-09 00:00:00,2024-08-09 18:00:00,3.6,DAYS,3,v1.0,VALID,SYNTHETIC,hash_cng_000887,True
888,CONGESTION_PORT_HEDLAND,2024-08-09 00:00:00,2024-08-09 18:00:00,2.6,DAYS,3,v1.0,VALID,SYNTHETIC,hash_cng_000888,True
889,CONGESTION_PORT_PARADIP,2024-08-10 00:00:00,2024-08-10 18:00:00,4.8,DAYS,3,v1.0,VALID,SYNTHETIC,hash_cng_000889,True
890,CONGESTION_PORT_DHAMRA,2024-08-10 00:00:00,2024-08-10 18:00:00,2.3,DAYS,3,v1.0,VALID,SYNTHETIC,hash_cng_000890,True
891,CONGESTION_PORT_NEWCASTLE,2024-08-10 00:00:00,2024-08-10 18:00:00,3.3,DAYS,3,v1.0,VALID,SYNTHETIC,hash_cng_000891,True
892,CONGESTION_PORT_HEDLAND,2024-08-10 00:00:00,2024-08-10 18:00:00,2.7,DAYS,3,v1.0,VALID,SYNTHETIC,hash_cng_000892,True
893,CONGESTION_PORT_PARADIP,2024-08-11 00:00:00,2024-08-11 18:00:00,4.2,DAYS,3,v1.0,VALID,SYNTHETIC,hash_cng_000893,True
894,CONGESTION_PORT_DHAMRA,2024-08-11 00:00:00,2024-08-11 18:00:00,2.4,DAYS,3,v1.0,VALID,SYNTHETIC,hash_cng_000894,True
895,CONGESTION_PORT_NEWCASTLE,2024-08-11 00:00:00,2024-08-11 18:00:00,4.0,DAYS,3,v1.0,VALID,SYNTHETIC,hash_cng_000895,True
896,CONGESTION_PORT_HEDLAND,2024-08-11 00:00:00,2024-08-11 18:00:00,3.3,DAYS,3,v1.0,VALID,SYNTHETIC,hash_cng_000896,True
897,CONGESTION_PORT_PARADIP,2024-08-12 00:00:00,2024-08-12 18:00:00,3.9,DAYS,3,v1.0,VALID,SYNTHETIC,hash_cng_000897,True
898,CONGESTION_PORT_DHAMRA,2024-08-12 00:00:00,2024-08-12 18:00:00,2.5,DAYS,3,v1.0,VALID,SYNTHETIC,hash_cng_000898,True
899,CONGESTION_PORT_NEWCASTLE,2024-08-12 00:00:00,2024-08-12 18:00:00,3.8,DAYS,3,v1.0,VALID,SYNTHETIC,hash_cng_000899,True
900,CONGESTION_PORT_HEDLAND,2024-08-12 00:00:00,2024-08-12 18:00:00,2.6,DAYS,3,v1.0,VALID,SYNTHETIC,hash_cng_000900,True
901,CONGESTION_PORT_PARADIP,2024-08-13 00:00:00,2024-08-13 18:00:00,5.0,DAYS,3,v1.0,VALID,SYNTHETIC,hash_cng_000901,True
902,CONGESTION_PORT_DHAMRA,2024-08-13 00:00:00,2024-08-13 18:00:00,2.2,DAYS,3,v1.0,VALID,SYNTHETIC,hash_cng_000902,True
903,CONGESTION_PORT_NEWCASTLE,2024-08-13 00:00:00,2024-08-13 18:00:00,4.4,DAYS,3,v1.0,VALID,SYNTHETIC,hash_cng_000903,True
904,CONGESTION_PORT_HEDLAND,2024-08-13 00:00:00,2024-08-13 18:00:00,2.7,DAYS,3,v1.0,VALID,SYNTHETIC,hash_cng_000904,True
905,CONGESTION_PORT_PARADIP,2024-08-14 00:00:00,2024-08-14 18:00:00,4.5,DAYS,3,v1.0,VALID,SYNTHETIC,hash_cng_000905,True
906,CONGESTION_PORT_DHAMRA,2024-08-14 00:00:00,2024-08-14 18:00:00,2.7,DAYS,3,v1.0,VALID,SYNTHETIC,hash_cng_000906,True
907,CONGESTION_PORT_NEWCASTLE,2024-08-14 00:00:00,2024-08-14 18:00:00,3.2,DAYS,3,v1.0,VALID,SYNTHETIC,hash_cng_000907,True
908,CONGESTION_PORT_HEDLAND,2024-08-14 00:00:00,2024-08-14 18:00:00,3.2,DAYS,3,v1.0,VALID,SYNTHETIC,hash_cng_000908,True
909,CONGESTION_PORT_PARADIP,2024-08-15 00:00:00,2024-08-15 18:00:00,5.2,DAYS,3,v1.0,VALID,SYNTHETIC,hash_cng_000909,True
910,CONGESTION_PORT_DHAMRA,2024-08-15 00:00:00,2024-08-15 18:00:00,1.8,DAYS,3,v1.0,VALID,SYNTHETIC,hash_cng_000910,True
911,CONGESTION_PORT_NEWCASTLE,2024-08-15 00:00:00,2024-08-15 18:00:00,4.1,DAYS,3,v1.0,VALID,SYNTHETIC,hash_cng_000911,True
912,CONGESTION_PORT_HEDLAND,2024-08-15 00:00:00,2024-08-15 18:00:00,2.4,DAYS,3,v1.0,VALID,SYNTHETIC,hash_cng_000912,True
913,CONGESTION_PORT_PARADIP,2024-08-16 00:00:00,2024-08-16 18:00:00,4.6,DAYS,3,v1.0,VALID,SYNTHETIC,hash_cng_000913,True
914,CONGESTION_PORT_DHAMRA,2024-08-16 00:00:00,2024-08-16 18:00:00,2.5,DAYS,3,v1.0,VALID,SYNTHETIC,hash_cng_000914,True
915,CONGESTION_PORT_NEWCASTLE,2024-08-16 00:00:00,2024-08-16 18:00:00,4.2,DAYS,3,v1.0,VALID,SYNTHETIC,hash_cng_000915,True
916,CONGESTION_PORT_HEDLAND,2024-08-16 00:00:00,2024-08-16 18:00:00,2.9,DAYS,3,v1.0,VALID,SYNTHETIC,hash_cng_000916,True
917,CONGESTION_PORT_PARADIP,2024-08-17 00:00:00,2024-08-17 18:00:00,5.2,DAYS,3,v1.0,VALID,SYNTHETIC,hash_cng_000917,True
918,CONGESTION_PORT_DHAMRA,2024-08-17 00:00:00,2024-08-17 18:00:00,2.0,DAYS,3,v1.0,VALID,SYNTHETIC,hash_cng_000918,True
919,CONGESTION_PORT_NEWCASTLE,2024-08-17 00:00:00,2024-08-17 18:00:00,2.5,DAYS,3,v1.0,VALID,SYNTHETIC,hash_cng_000919,True
920,CONGESTION_PORT_HEDLAND,2024-08-17 00:00:00,2024-08-17 18:00:00,2.5,DAYS,3,v1.0,VALID,SYNTHETIC,hash_cng_000920,True
921,CONGESTION_PORT_PARADIP,2024-08-18 00:00:00,2024-08-18 18:00:00,4.2,DAYS,3,v1.0,VALID,SYNTHETIC,hash_cng_000921,True
922,CONGESTION_PORT_DHAMRA,2024-08-18 00:00:00,2024-08-18 18:00:00,1.9,DAYS,3,v1.0,VALID,SYNTHETIC,hash_cng_000922,True
923,CONGESTION_PORT_NEWCASTLE,2024-08-18 00:00:00,2024-08-18 18:00:00,3.5,DAYS,3,v1.0,VALID,SYNTHETIC,hash_cng_000923,True
924,CONGESTION_PORT_HEDLAND,2024-08-18 00:00:00,2024-08-18 18:00:00,2.3,DAYS,3,v1.0,VALID,SYNTHETIC,hash_cng_000924,True
925,CONGESTION_PORT_PARADIP,2024-08-19 00:00:00,2024-08-19 18:00:00,4.9,DAYS,3,v1.0,VALID,SYNTHETIC,hash_cng_000925,True
926,CONGESTION_PORT_DHAMRA,2024-08-19 00:00:00,2024-08-19 18:00:00,2.2,DAYS,3,v1.0,VALID,SYNTHETIC,hash_cng_000926,True
927,CONGESTION_PORT_NEWCASTLE,2024-08-19 00:00:00,2024-08-19 18:00:00,4.0,DAYS,3,v1.0,VALID,SYNTHETIC,hash_cng_000927,True
928,CONGESTION_PORT_HEDLAND,2024-08-19 00:00:00,2024-08-19 18:00:00,2.7,DAYS,3,v1.0,VALID,SYNTHETIC,hash_cng_000928,True
929,CONGESTION_PORT_PARADIP,2024-08-20 00:00:00,2024-08-20 18:00:00,4.0,DAYS,3,v1.0,VALID,SYNTHETIC,hash_cng_000929,True
930,CONGESTION_PORT_DHAMRA,2024-08-20 00:00:00,2024-08-20 18:00:00,2.4,DAYS,3,v1.0,VALID,SYNTHETIC,hash_cng_000930,True
931,CONGESTION_PORT_NEWCASTLE,2024-08-20 00:00:00,2024-08-20 18:00:00,4.6,DAYS,3,v1.0,VALID,SYNTHETIC,hash_cng_000931,True
932,CONGESTION_PORT_HEDLAND,2024-08-20 00:00:00,2024-08-20 18:00:00,2.5,DAYS,3,v1.0,VALID,SYNTHETIC,hash_cng_000932,True
933,CONGESTION_PORT_PARADIP,2024-08-21 00:00:00,2024-08-21 18:00:00,5.2,DAYS,3,v1.0,VALID,SYNTHETIC,hash_cng_000933,True
934,CONGESTION_PORT_DHAMRA,2024-08-21 00:00:00,2024-08-21 18:00:00,2.3,DAYS,3,v1.0,VALID,SYNTHETIC,hash_cng_000934,True
935,CONGESTION_PORT_NEWCASTLE,2024-08-21 00:00:00,2024-08-21 18:00:00,3.9,DAYS,3,v1.0,VALID,SYNTHETIC,hash_cng_000935,True
936,CONGESTION_PORT_HEDLAND,2024-08-21 00:00:00,2024-08-21 18:00:00,3.6,DAYS,3,v1.0,VALID,SYNTHETIC,hash_cng_000936,True
937,CONGESTION_PORT_PARADIP,2024-08-22 00:00:00,2024-08-22 18:00:00,4.5,DAYS,3,v1.0,VALID,SYNTHETIC,hash_cng_000937,True
938,CONGESTION_PORT_DHAMRA,2024-08-22 00:00:00,2024-08-22 18:00:00,2.0,DAYS,3,v1.0,VALID,SYNTHETIC,hash_cng_000938,True
939,CONGESTION_PORT_NEWCASTLE,2024-08-22 00:00:00,2024-08-22 18:00:00,3.6,DAYS,3,v1.0,VALID,SYNTHETIC,hash_cng_000939,True
940,CONGESTION_PORT_HEDLAND,2024-08-22 00:00:00,2024-08-22 18:00:00,3.0,DAYS,3,v1.0,VALID,SYNTHETIC,hash_cng_000940,True
941,CONGESTION_PORT_PARADIP,2024-08-23 00:00:00,2024-08-23 18:00:00,5.5,DAYS,3,v1.0,VALID,SYNTHETIC,hash_cng_000941,True
942,CONGESTION_PORT_DHAMRA,2024-08-23 00:00:00,2024-08-23 18:00:00,2.0,DAYS,3,v1.0,VALID,SYNTHETIC,hash_cng_000942,True
943,CONGESTION_PORT_NEWCASTLE,2024-08-23 00:00:00,2024-08-23 18:00:00,3.4,DAYS,3,v1.0,VALID,SYNTHETIC,hash_cng_000943,True
944,CONGESTION_PORT_HEDLAND,2024-08-23 00:00:00,2024-08-23 18:00:00,3.5,DAYS,3,v1.0,VALID,SYNTHETIC,hash_cng_000944,True
945,CONGESTION_PORT_PARADIP,2024-08-24 00:00:00,2024-08-24 18:00:00,3.8,DAYS,3,v1.0,VALID,SYNTHETIC,hash_cng_000945,True
946,CONGESTION_PORT_DHAMRA,2024-08-24 00:00:00,2024-08-24 18:00:00,2.5,DAYS,3,v1.0,VALID,SYNTHETIC,hash_cng_000946,True
947,CONGESTION_PORT_NEWCASTLE,2024-08-24 00:00:00,2024-08-24 18:00:00,4.0,DAYS,3,v1.0,VALID,SYNTHETIC,hash_cng_000947,True
948,CONGESTION_PORT_HEDLAND,2024-08-24 00:00:00,2024-08-24 18:00:00,3.3,DAYS,3,v1.0,VALID,SYNTHETIC,hash_cng_000948,True
949,CONGESTION_PORT_PARADIP,2024-08-25 00:00:00,2024-08-25 18:00:00,4.4,DAYS,3,v1.0,VALID,SYNTHETIC,hash_cng_000949,True
950,CONGESTION_PORT_DHAMRA,2024-08-25 00:00:00,2024-08-25 18:00:00,2.1,DAYS,3,v1.0,VALID,SYNTHETIC,hash_cng_000950,True
951,CONGESTION_PORT_NEWCASTLE,2024-08-25 00:00:00,2024-08-25 18:00:00,2.8,DAYS,3,v1.0,VALID,SYNTHETIC,hash_cng_000951,True
952,CONGESTION_PORT_HEDLAND,2024-08-25 00:00:00,2024-08-25 18:00:00,2.8,DAYS,3,v1.0,VALID,SYNTHETIC,hash_cng_000952,True
953,CONGESTION_PORT_PARADIP,2024-08-26 00:00:00,2024-08-26 18:00:00,4.4,DAYS,3,v1.0,VALID,SYNTHETIC,hash_cng_000953,True
954,CONGESTION_PORT_DHAMRA,2024-08-26 00:00:00,2024-08-26 18:00:00,2.3,DAYS,3,v1.0,VALID,SYNTHETIC,hash_cng_000954,True
955,CONGESTION_PORT_NEWCASTLE,2024-08-26 00:00:00,2024-08-26 18:00:00,4.4,DAYS,3,v1.0,VALID,SYNTHETIC,hash_cng_000955,True
956,CONGESTION_PORT_HEDLAND,2024-08-26 00:00:00,2024-08-26 18:00:00,2.5,DAYS,3,v1.0,VALID,SYNTHETIC,hash_cng_000956,True
957,CONGESTION_PORT_PARADIP,2024-08-27 00:00:00,2024-08-27 18:00:00,3.4,DAYS,3,v1.0,VALID,SYNTHETIC,hash_cng_000957,True
958,CONGESTION_PORT_DHAMRA,2024-08-27 00:00:00,2024-08-27 18:00:00,2.0,DAYS,3,v1.0,VALID,SYNTHETIC,hash_cng_000958,True
959,CONGESTION_PORT_NEWCASTLE,2024-08-27 00:00:00,2024-08-27 18:00:00,3.1,DAYS,3,v1.0,VALID,SYNTHETIC,hash_cng_000959,True
960,CONGESTION_PORT_HEDLAND,2024-08-27 00:00:00,2024-08-27 18:00:00,2.6,DAYS,3,v1.0,VALID,SYNTHETIC,hash_cng_000960,True
961,CONGESTION_PORT_PARADIP,2024-08-28 00:00:00,2024-08-28 18:00:00,4.3,DAYS,3,v1.0,VALID,SYNTHETIC,hash_cng_000961,True
962,CONGESTION_PORT_DHAMRA,2024-08-28 00:00:00,2024-08-28 18:00:00,1.9,DAYS,3,v1.0,VALID,SYNTHETIC,hash_cng_000962,True
963,CONGESTION_PORT_NEWCASTLE,2024-08-28 00:00:00,2024-08-28 18:00:00,3.5,DAYS,3,v1.0,VALID,SYNTHETIC,hash_cng_000963,True
964,CONGESTION_PORT_HEDLAND,2024-08-28 00:00:00,2024-08-28 18:00:00,2.8,DAYS,3,v1.0,VALID,SYNTHETIC,hash_cng_000964,True
965,CONGESTION_PORT_PARADIP,2024-08-29 00:00:00,2024-08-29 18:00:00,4.8,DAYS,3,v1.0,VALID,SYNTHETIC,hash_cng_000965,True
966,CONGESTION_PORT_DHAMRA,2024-08-29 00:00:00,2024-08-29 18:00:00,2.3,DAYS,3,v1.0,VALID,SYNTHETIC,hash_cng_000966,True
967,CONGESTION_PORT_NEWCASTLE,2024-08-29 00:00:00,2024-08-29 18:00:00,2.5,DAYS,3,v1.0,VALID,SYNTHETIC,hash_cng_000967,True
968,CONGESTION_PORT_HEDLAND,2024-08-29 00:00:00,2024-08-29 18:00:00,2.4,DAYS,3,v1.0,VALID,SYNTHETIC,hash_cng_000968,True
969,CONGESTION_PORT_PARADIP,2024-08-30 00:00:00,2024-08-30 18:00:00,4.6,DAYS,3,v1.0,VALID,SYNTHETIC,hash_cng_000969,True
970,CONGESTION_PORT_DHAMRA,2024-08-30 00:00:00,2024-08-30 18:00:00,2.0,DAYS,3,v1.0,VALID,SYNTHETIC,hash_cng_000970,True
971,CONGESTION_PORT_NEWCASTLE,2024-08-30 00:00:00,2024-08-30 18:00:00,4.0,DAYS,3,v1.0,VALID,SYNTHETIC,hash_cng_000971,True
972,CONGESTION_PORT_HEDLAND,2024-08-30 00:00:00,2024-08-30 18:00:00,2.9,DAYS,3,v1.0,VALID,SYNTHETIC,hash_cng_000972,True
973,CONGESTION_PORT_PARADIP,2024-08-31 00:00:00,2024-08-31 18:00:00,4.0,DAYS,3,v1.0,VALID,SYNTHETIC,hash_cng_000973,True
974,CONGESTION_PORT_DHAMRA,2024-08-31 00:00:00,2024-08-31 18:00:00,2.1,DAYS,3,v1.0,VALID,SYNTHETIC,hash_cng_000974,True
975,CONGESTION_PORT_NEWCASTLE,2024-08-31 00:00:00,2024-08-31 18:00:00,3.8,DAYS,3,v1.0,VALID,SYNTHETIC,hash_cng_000975,True
976,CONGESTION_PORT_HEDLAND,2024-08-31 00:00:00,2024-08-31 18:00:00,3.2,DAYS,3,v1.0,VALID,SYNTHETIC,hash_cng_000976,True
977,CONGESTION_PORT_PARADIP,2024-09-01 00:00:00,2024-09-01 18:00:00,4.1,DAYS,3,v1.0,VALID,SYNTHETIC,hash_cng_000977,True
978,CONGESTION_PORT_DHAMRA,2024-09-01 00:00:00,2024-09-01 18:00:00,2.2,DAYS,3,v1.0,VALID,SYNTHETIC,hash_cng_000978,True
979,CONGESTION_PORT_NEWCASTLE,2024-09-01 00:00:00,2024-09-01 18:00:00,3.8,DAYS,3,v1.0,VALID,SYNTHETIC,hash_cng_000979,True
980,CONGESTION_PORT_HEDLAND,2024-09-01 00:00:00,2024-09-01 18:00:00,2.5,DAYS,3,v1.0,VALID,SYNTHETIC,hash_cng_000980,True
981,CONGESTION_PORT_PARADIP,2024-09-02 00:00:00,2024-09-02 18:00:00,3.9,DAYS,3,v1.0,VALID,SYNTHETIC,hash_cng_000981,True
982,CONGESTION_PORT_DHAMRA,2024-09-02 00:00:00,2024-09-02 18:00:00,1.9,DAYS,3,v1.0,VALID,SYNTHETIC,hash_cng_000982,True
983,CONGESTION_PORT_NEWCASTLE,2024-09-02 00:00:00,2024-09-02 18:00:00,3.4,DAYS,3,v1.0,VALID,SYNTHETIC,hash_cng_000983,True
984,CONGESTION_PORT_HEDLAND,2024-09-02 00:00:00,2024-09-02 18:00:00,3.1,DAYS,3,v1.0,VALID,SYNTHETIC,hash_cng_000984,True
985,CONGESTION_PORT_PARADIP,2024-09-03 00:00:00,2024-09-03 18:00:00,3.7,DAYS,3,v1.0,VALID,SYNTHETIC,hash_cng_000985,True
986,CONGESTION_PORT_DHAMRA,2024-09-03 00:00:00,2024-09-03 18:00:00,1.9,DAYS,3,v1.0,VALID,SYNTHETIC,hash_cng_000986,True
987,CONGESTION_PORT_NEWCASTLE,2024-09-03 00:00:00,2024-09-03 18:00:00,4.4,DAYS,3,v1.0,VALID,SYNTHETIC,hash_cng_000987,True
988,CONGESTION_PORT_HEDLAND,2024-09-03 00:00:00,2024-09-03 18:00:00,2.8,DAYS,3,v1.0,VALID,SYNTHETIC,hash_cng_000988,True
989,CONGESTION_PORT_PARADIP,2024-09-04 00:00:00,2024-09-04 18:00:00,4.0,DAYS,3,v1.0,VALID,SYNTHETIC,hash_cng_000989,True
990,CONGESTION_PORT_DHAMRA,2024-09-04 00:00:00,2024-09-04 18:00:00,2.3,DAYS,3,v1.0,VALID,SYNTHETIC,hash_cng_000990,True
991,CONGESTION_PORT_NEWCASTLE,2024-09-04 00:00:00,2024-09-04 18:00:00,3.1,DAYS,3,v1.0,VALID,SYNTHETIC,hash_cng_000991,True
992,CONGESTION_PORT_HEDLAND,2024-09-04 00:00:00,2024-09-04 18:00:00,3.2,DAYS,3,v1.0,VALID,SYNTHETIC,hash_cng_000992,True
993,CONGESTION_PORT_PARADIP,2024-09-05 00:00:00,2024-09-05 18:00:00,4.4,DAYS,3,v1.0,VALID,SYNTHETIC,hash_cng_000993,True
994,CONGESTION_PORT_DHAMRA,2024-09-05 00:00:00,2024-09-05 18:00:00,1.9,DAYS,3,v1.0,VALID,SYNTHETIC,hash_cng_000994,True
995,CONGESTION_PORT_NEWCASTLE,2024-09-05 00:00:00,2024-09-05 18:00:00,3.0,DAYS,3,v1.0,VALID,SYNTHETIC,hash_cng_000995,True
996,CONGESTION_PORT_HEDLAND,2024-09-05 00:00:00,2024-09-05 18:00:00,2.7,DAYS,3,v1.0,VALID,SYNTHETIC,hash_cng_000996,True
997,CONGESTION_PORT_PARADIP,2024-09-06 00:00:00,2024-09-06 18:00:00,4.0,DAYS,3,v1.0,VALID,SYNTHETIC,hash_cng_000997,True
998,CONGESTION_PORT_DHAMRA,2024-09-06 00:00:00,2024-09-06 18:00:00,2.1,DAYS,3,v1.0,VALID,SYNTHETIC,hash_cng_000998,True
999,CONGESTION_PORT_NEWCASTLE,2024-09-06 00:00:00,2024-09-06 18:00:00,2.7,DAYS,3,v1.0,VALID,SYNTHETIC,hash_cng_000999,True
1000,CONGESTION_PORT_HEDLAND,2024-09-06 00:00:00,2024-09-06 18:00:00,2.4,DAYS,3,v1.0,VALID,SYNTHETIC,hash_cng_001000,True
1001,CONGESTION_PORT_PARADIP,2024-09-07 00:00:00,2024-09-07 18:00:00,3.8,DAYS,3,v1.0,VALID,SYNTHETIC,hash_cng_001001,True
1002,CONGESTION_PORT_DHAMRA,2024-09-07 00:00:00,2024-09-07 18:00:00,1.7,DAYS,3,v1.0,VALID,SYNTHETIC,hash_cng_001002,True
1003,CONGESTION_PORT_NEWCASTLE,2024-09-07 00:00:00,2024-09-07 18:00:00,4.1,DAYS,3,v1.0,VALID,SYNTHETIC,hash_cng_001003,True
1004,CONGESTION_PORT_HEDLAND,2024-09-07 00:00:00,2024-09-07 18:00:00,2.7,DAYS,3,v1.0,VALID,SYNTHETIC,hash_cng_001004,True
1005,CONGESTION_PORT_PARADIP,2024-09-08 00:00:00,2024-09-08 18:00:00,3.9,DAYS,3,v1.0,VALID,SYNTHETIC,hash_cng_001005,True
1006,CONGESTION_PORT_DHAMRA,2024-09-08 00:00:00,2024-09-08 18:00:00,2.2,DAYS,3,v1.0,VALID,SYNTHETIC,hash_cng_001006,True
1007,CONGESTION_PORT_NEWCASTLE,2024-09-08 00:00:00,2024-09-08 18:00:00,3.2,DAYS,3,v1.0,VALID,SYNTHETIC,hash_cng_001007,True
1008,CONGESTION_PORT_HEDLAND,2024-09-08 00:00:00,2024-09-08 18:00:00,2.9,DAYS,3,v1.0,VALID,SYNTHETIC,hash_cng_001008,True
1009,CONGESTION_PORT_PARADIP,2024-09-09 00:00:00,2024-09-09 18:00:00,4.7,DAYS,3,v1.0,VALID,SYNTHETIC,hash_cng_001009,True
1010,CONGESTION_PORT_DHAMRA,2024-09-09 00:00:00,2024-09-09 18:00:00,2.0,DAYS,3,v1.0,VALID,SYNTHETIC,hash_cng_001010,True
1011,CONGESTION_PORT_NEWCASTLE,2024-09-09 00:00:00,2024-09-09 18:00:00,3.2,DAYS,3,v1.0,VALID,SYNTHETIC,hash_cng_001011,True
1012,CONGESTION_PORT_HEDLAND,2024-09-09 00:00:00,2024-09-09 18:00:00,2.9,DAYS,3,v1.0,VALID,SYNTHETIC,hash_cng_001012,True
1013,CONGESTION_PORT_PARADIP,2024-09-10 00:00:00,2024-09-10 18:00:00,4.5,DAYS,3,v1.0,VALID,SYNTHETIC,hash_cng_001013,True
1014,CONGESTION_PORT_DHAMRA,2024-09-10 00:00:00,2024-09-10 18:00:00,2.2,DAYS,3,v1.0,VALID,SYNTHETIC,hash_cng_001014,True
1015,CONGESTION_PORT_NEWCASTLE,2024-09-10 00:00:00,2024-09-10 18:00:00,2.7,DAYS,3,v1.0,VALID,SYNTHETIC,hash_cng_001015,True
1016,CONGESTION_PORT_HEDLAND,2024-09-10 00:00:00,2024-09-10 18:00:00,2.7,DAYS,3,v1.0,VALID,SYNTHETIC,hash_cng_001016,True
1017,CONGESTION_PORT_PARADIP,2024-09-11 00:00:00,2024-09-11 18:00:00,3.7,DAYS,3,v1.0,VALID,SYNTHETIC,hash_cng_001017,True
1018,CONGESTION_PORT_DHAMRA,2024-09-11 00:00:00,2024-09-11 18:00:00,1.9,DAYS,3,v1.0,VALID,SYNTHETIC,hash_cng_001018,True
1019,CONGESTION_PORT_NEWCASTLE,2024-09-11 00:00:00,2024-09-11 18:00:00,3.0,DAYS,3,v1.0,VALID,SYNTHETIC,hash_cng_001019,True
1020,CONGESTION_PORT_HEDLAND,2024-09-11 00:00:00,2024-09-11 18:00:00,2.4,DAYS,3,v1.0,VALID,SYNTHETIC,hash_cng_001020,True
1021,CONGESTION_PORT_PARADIP,2024-09-12 00:00:00,2024-09-12 18:00:00,4.7,DAYS,3,v1.0,VALID,SYNTHETIC,hash_cng_001021,True
1022,CONGESTION_PORT_DHAMRA,2024-09-12 00:00:00,2024-09-12 18:00:00,2.1,DAYS,3,v1.0,VALID,SYNTHETIC,hash_cng_001022,True
1023,CONGESTION_PORT_NEWCASTLE,2024-09-12 00:00:00,2024-09-12 18:00:00,3.2,DAYS,3,v1.0,VALID,SYNTHETIC,hash_cng_001023,True
1024,CONGESTION_PORT_HEDLAND,2024-09-12 00:00:00,2024-09-12 18:00:00,2.0,DAYS,3,v1.0,VALID,SYNTHETIC,hash_cng_001024,True
1025,CONGESTION_PORT_PARADIP,2024-09-13 00:00:00,2024-09-13 18:00:00,4.5,DAYS,3,v1.0,VALID,SYNTHETIC,hash_cng_001025,True
1026,CONGESTION_PORT_DHAMRA,2024-09-13 00:00:00,2024-09-13 18:00:00,2.3,DAYS,3,v1.0,VALID,SYNTHETIC,hash_cng_001026,True
1027,CONGESTION_PORT_NEWCASTLE,2024-09-13 00:00:00,2024-09-13 18:00:00,3.4,DAYS,3,v1.0,VALID,SYNTHETIC,hash_cng_001027,True
1028,CONGESTION_PORT_HEDLAND,2024-09-13 00:00:00,2024-09-13 18:00:00,3.3,DAYS,3,v1.0,VALID,SYNTHETIC,hash_cng_001028,True
1029,CONGESTION_PORT_PARADIP,2024-09-14 00:00:00,2024-09-14 18:00:00,4.6,DAYS,3,v1.0,VALID,SYNTHETIC,hash_cng_001029,True
1030,CONGESTION_PORT_DHAMRA,2024-09-14 00:00:00,2024-09-14 18:00:00,2.3,DAYS,3,v1.0,VALID,SYNTHETIC,hash_cng_001030,True
1031,CONGESTION_PORT_NEWCASTLE,2024-09-14 00:00:00,2024-09-14 18:00:00,4.9,DAYS,3,v1.0,VALID,SYNTHETIC,hash_cng_001031,True
1032,CONGESTION_PORT_HEDLAND,2024-09-14 00:00:00,2024-09-14 18:00:00,3.1,DAYS,3,v1.0,VALID,SYNTHETIC,hash_cng_001032,True
1033,CONGESTION_PORT_PARADIP,2024-09-15 00:00:00,2024-09-15 18:00:00,3.8,DAYS,3,v1.0,VALID,SYNTHETIC,hash_cng_001033,True
1034,CONGESTION_PORT_DHAMRA,2024-09-15 00:00:00,2024-09-15 18:00:00,1.7,DAYS,3,v1.0,VALID,SYNTHETIC,hash_cng_001034,True
1035,CONGESTION_PORT_NEWCASTLE,2024-09-15 00:00:00,2024-09-15 18:00:00,2.7,DAYS,3,v1.0,VALID,SYNTHETIC,hash_cng_001035,True
1036,CONGESTION_PORT_HEDLAND,2024-09-15 00:00:00,2024-09-15 18:00:00,2.6,DAYS,3,v1.0,VALID,SYNTHETIC,hash_cng_001036,True
1037,CONGESTION_PORT_PARADIP,2024-09-16 00:00:00,2024-09-16 18:00:00,4.1,DAYS,3,v1.0,VALID,SYNTHETIC,hash_cng_001037,True
1038,CONGESTION_PORT_DHAMRA,2024-09-16 00:00:00,2024-09-16 18:00:00,2.1,DAYS,3,v1.0,VALID,SYNTHETIC,hash_cng_001038,True
1039,CONGESTION_PORT_NEWCASTLE,2024-09-16 00:00:00,2024-09-16 18:00:00,3.7,DAYS,3,v1.0,VALID,SYNTHETIC,hash_cng_001039,True
1040,CONGESTION_PORT_HEDLAND,2024-09-16 00:00:00,2024-09-16 18:00:00,2.9,DAYS,3,v1.0,VALID,SYNTHETIC,hash_cng_001040,True
1041,CONGESTION_PORT_PARADIP,2024-09-17 00:00:00,2024-09-17 18:00:00,4.5,DAYS,3,v1.0,VALID,SYNTHETIC,hash_cng_001041,True
1042,CONGESTION_PORT_DHAMRA,2024-09-17 00:00:00,2024-09-17 18:00:00,2.0,DAYS,3,v1.0,VALID,SYNTHETIC,hash_cng_001042,True
1043,CONGESTION_PORT_NEWCASTLE,2024-09-17 00:00:00,2024-09-17 18:00:00,3.7,DAYS,3,v1.0,VALID,SYNTHETIC,hash_cng_001043,True
1044,CONGESTION_PORT_HEDLAND,2024-09-17 00:00:00,2024-09-17 18:00:00,2.6,DAYS,3,v1.0,VALID,SYNTHETIC,hash_cng_001044,True
1045,CONGESTION_PORT_PARADIP,2024-09-18 00:00:00,2024-09-18 18:00:00,3.6,DAYS,3,v1.0,VALID,SYNTHETIC,hash_cng_001045,True
1046,CONGESTION_PORT_DHAMRA,2024-09-18 00:00:00,2024-09-18 18:00:00,2.4,DAYS,3,v1.0,VALID,SYNTHETIC,hash_cng_001046,True
1047,CONGESTION_PORT_NEWCASTLE,2024-09-18 00:00:00,2024-09-18 18:00:00,3.9,DAYS,3,v1.0,VALID,SYNTHETIC,hash_cng_001047,True
1048,CONGESTION_PORT_HEDLAND,2024-09-18 00:00:00,2024-09-18 18:00:00,2.5,DAYS,3,v1.0,VALID,SYNTHETIC,hash_cng_001048,True
1049,CONGESTION_PORT_PARADIP,2024-09-19 00:00:00,2024-09-19 18:00:00,4.2,DAYS,3,v1.0,VALID,SYNTHETIC,hash_cng_001049,True
1050,CONGESTION_PORT_DHAMRA,2024-09-19 00:00:00,2024-09-19 18:00:00,2.4,DAYS,3,v1.0,VALID,SYNTHETIC,hash_cng_001050,True
1051,CONGESTION_PORT_NEWCASTLE,2024-09-19 00:00:00,2024-09-19 18:00:00,4.1,DAYS,3,v1.0,VALID,SYNTHETIC,hash_cng_001051,True
1052,CONGESTION_PORT_HEDLAND,2024-09-19 00:00:00,2024-09-19 18:00:00,2.9,DAYS,3,v1.0,VALID,SYNTHETIC,hash_cng_001052,True
1053,CONGESTION_PORT_PARADIP,2024-09-20 00:00:00,2024-09-20 18:00:00,3.9,DAYS,3,v1.0,VALID,SYNTHETIC,hash_cng_001053,True
1054,CONGESTION_PORT_DHAMRA,2024-09-20 00:00:00,2024-09-20 18:00:00,2.2,DAYS,3,v1.0,VALID,SYNTHETIC,hash_cng_001054,True
1055,CONGESTION_PORT_NEWCASTLE,2024-09-20 00:00:00,2024-09-20 18:00:00,3.1,DAYS,3,v1.0,VALID,SYNTHETIC,hash_cng_001055,True
1056,CONGESTION_PORT_HEDLAND,2024-09-20 00:00:00,2024-09-20 18:00:00,2.9,DAYS,3,v1.0,VALID,SYNTHETIC,hash_cng_001056,True
1057,CONGESTION_PORT_PARADIP,2024-09-21 00:00:00,2024-09-21 18:00:00,4.0,DAYS,3,v1.0,VALID,SYNTHETIC,hash_cng_001057,True
1058,CONGESTION_PORT_DHAMRA,2024-09-21 00:00:00,2024-09-21 18:00:00,2.1,DAYS,3,v1.0,VALID,SYNTHETIC,hash_cng_001058,True
1059,CONGESTION_PORT_NEWCASTLE,2024-09-21 00:00:00,2024-09-21 18:00:00,4.3,DAYS,3,v1.0,VALID,SYNTHETIC,hash_cng_001059,True
1060,CONGESTION_PORT_HEDLAND,2024-09-21 00:00:00,2024-09-21 18:00:00,2.9,DAYS,3,v1.0,VALID,SYNTHETIC,hash_cng_001060,True
1061,CONGESTION_PORT_PARADIP,2024-09-22 00:00:00,2024-09-22 18:00:00,4.5,DAYS,3,v1.0,VALID,SYNTHETIC,hash_cng_001061,True
1062,CONGESTION_PORT_DHAMRA,2024-09-22 00:00:00,2024-09-22 18:00:00,2.1,DAYS,3,v1.0,VALID,SYNTHETIC,hash_cng_001062,True
1063,CONGESTION_PORT_NEWCASTLE,2024-09-22 00:00:00,2024-09-22 18:00:00,2.4,DAYS,3,v1.0,VALID,SYNTHETIC,hash_cng_001063,True
1064,CONGESTION_PORT_HEDLAND,2024-09-22 00:00:00,2024-09-22 18:00:00,3.1,DAYS,3,v1.0,VALID,SYNTHETIC,hash_cng_001064,True
1065,CONGESTION_PORT_PARADIP,2024-09-23 00:00:00,2024-09-23 18:00:00,4.0,DAYS,3,v1.0,VALID,SYNTHETIC,hash_cng_001065,True
1066,CONGESTION_PORT_DHAMRA,2024-09-23 00:00:00,2024-09-23 18:00:00,1.9,DAYS,3,v1.0,VALID,SYNTHETIC,hash_cng_001066,True
1067,CONGESTION_PORT_NEWCASTLE,2024-09-23 00:00:00,2024-09-23 18:00:00,3.5,DAYS,3,v1.0,VALID,SYNTHETIC,hash_cng_001067,True
1068,CONGESTION_PORT_HEDLAND,2024-09-23 00:00:00,2024-09-23 18:00:00,2.7,DAYS,3,v1.0,VALID,SYNTHETIC,hash_cng_001068,True
1069,CONGESTION_PORT_PARADIP,2024-09-24 00:00:00,2024-09-24 18:00:00,4.9,DAYS,3,v1.0,VALID,SYNTHETIC,hash_cng_001069,True
1070,CONGESTION_PORT_DHAMRA,2024-09-24 00:00:00,2024-09-24 18:00:00,2.2,DAYS,3,v1.0,VALID,SYNTHETIC,hash_cng_001070,True
1071,CONGESTION_PORT_NEWCASTLE,2024-09-24 00:00:00,2024-09-24 18:00:00,3.5,DAYS,3,v1.0,VALID,SYNTHETIC,hash_cng_001071,True
1072,CONGESTION_PORT_HEDLAND,2024-09-24 00:00:00,2024-09-24 18:00:00,3.2,DAYS,3,v1.0,VALID,SYNTHETIC,hash_cng_001072,True
1073,CONGESTION_PORT_PARADIP,2024-09-25 00:00:00,2024-09-25 18:00:00,4.1,DAYS,3,v1.0,VALID,SYNTHETIC,hash_cng_001073,True
1074,CONGESTION_PORT_DHAMRA,2024-09-25 00:00:00,2024-09-25 18:00:00,2.3,DAYS,3,v1.0,VALID,SYNTHETIC,hash_cng_001074,True
1075,CONGESTION_PORT_NEWCASTLE,2024-09-25 00:00:00,2024-09-25 18:00:00,2.7,DAYS,3,v1.0,VALID,SYNTHETIC,hash_cng_001075,True
1076,CONGESTION_PORT_HEDLAND,2024-09-25 00:00:00,2024-09-25 18:00:00,2.9,DAYS,3,v1.0,VALID,SYNTHETIC,hash_cng_001076,True
1077,CONGESTION_PORT_PARADIP,2024-09-26 00:00:00,2024-09-26 18:00:00,4.4,DAYS,3,v1.0,VALID,SYNTHETIC,hash_cng_001077,True
1078,CONGESTION_PORT_DHAMRA,2024-09-26 00:00:00,2024-09-26 18:00:00,2.1,DAYS,3,v1.0,VALID,SYNTHETIC,hash_cng_001078,True
1079,CONGESTION_PORT_NEWCASTLE,2024-09-26 00:00:00,2024-09-26 18:00:00,2.8,DAYS,3,v1.0,VALID,SYNTHETIC,hash_cng_001079,True
1080,CONGESTION_PORT_HEDLAND,2024-09-26 00:00:00,2024-09-26 18:00:00,2.7,DAYS,3,v1.0,VALID,SYNTHETIC,hash_cng_001080,True
1081,CONGESTION_PORT_PARADIP,2024-09-27 00:00:00,2024-09-27 18:00:00,3.9,DAYS,3,v1.0,VALID,SYNTHETIC,hash_cng_001081,True
1082,CONGESTION_PORT_DHAMRA,2024-09-27 00:00:00,2024-09-27 18:00:00,2.2,DAYS,3,v1.0,VALID,SYNTHETIC,hash_cng_001082,True
1083,CONGESTION_PORT_NEWCASTLE,2024-09-27 00:00:00,2024-09-27 18:00:00,2.2,DAYS,3,v1.0,VALID,SYNTHETIC,hash_cng_001083,True
1084,CONGESTION_PORT_HEDLAND,2024-09-27 00:00:00,2024-09-27 18:00:00,2.5,DAYS,3,v1.0,VALID,SYNTHETIC,hash_cng_001084,True
1085,CONGESTION_PORT_PARADIP,2024-09-28 00:00:00,2024-09-28 18:00:00,4.0,DAYS,3,v1.0,VALID,SYNTHETIC,hash_cng_001085,True
1086,CONGESTION_PORT_DHAMRA,2024-09-28 00:00:00,2024-09-28 18:00:00,2.1,DAYS,3,v1.0,VALID,SYNTHETIC,hash_cng_001086,True
1087,CONGESTION_PORT_NEWCASTLE,2024-09-28 00:00:00,2024-09-28 18:00:00,3.1,DAYS,3,v1.0,VALID,SYNTHETIC,hash_cng_001087,True
1088,CONGESTION_PORT_HEDLAND,2024-09-28 00:00:00,2024-09-28 18:00:00,2.8,DAYS,3,v1.0,VALID,SYNTHETIC,hash_cng_001088,True
1089,CONGESTION_PORT_PARADIP,2024-09-29 00:00:00,2024-09-29 18:00:00,4.1,DAYS,3,v1.0,VALID,SYNTHETIC,hash_cng_001089,True
1090,CONGESTION_PORT_DHAMRA,2024-09-29 00:00:00,2024-09-29 18:00:00,2.0,DAYS,3,v1.0,VALID,SYNTHETIC,hash_cng_001090,True
1091,CONGESTION_PORT_NEWCASTLE,2024-09-29 00:00:00,2024-09-29 18:00:00,2.7,DAYS,3,v1.0,VALID,SYNTHETIC,hash_cng_001091,True
1092,CONGESTION_PORT_HEDLAND,2024-09-29 00:00:00,2024-09-29 18:00:00,2.6,DAYS,3,v1.0,VALID,SYNTHETIC,hash_cng_001092,True
1093,CONGESTION_PORT_PARADIP,2024-09-30 00:00:00,2024-09-30 18:00:00,4.3,DAYS,3,v1.0,VALID,SYNTHETIC,hash_cng_001093,True
1094,CONGESTION_PORT_DHAMRA,2024-09-30 00:00:00,2024-09-30 18:00:00,2.2,DAYS,3,v1.0,VALID,SYNTHETIC,hash_cng_001094,True
1095,CONGESTION_PORT_NEWCASTLE,2024-09-30 00:00:00,2024-09-30 18:00:00,3.1,DAYS,3,v1.0,VALID,SYNTHETIC,hash_cng_001095,True
1096,CONGESTION_PORT_HEDLAND,2024-09-30 00:00:00,2024-09-30 18:00:00,3.0,DAYS,3,v1.0,VALID,SYNTHETIC,hash_cng_001096,True
1097,CONGESTION_PORT_PARADIP,2024-10-01 00:00:00,2024-10-01 18:00:00,4.2,DAYS,3,v1.0,VALID,SYNTHETIC,hash_cng_001097,True
1098,CONGESTION_PORT_DHAMRA,2024-10-01 00:00:00,2024-10-01 18:00:00,1.9,DAYS,3,v1.0,VALID,SYNTHETIC,hash_cng_001098,True
1099,CONGESTION_PORT_NEWCASTLE,2024-10-01 00:00:00,2024-10-01 18:00:00,2.2,DAYS,3,v1.0,VALID,SYNTHETIC,hash_cng_001099,True
1100,CONGESTION_PORT_HEDLAND,2024-10-01 00:00:00,2024-10-01 18:00:00,2.9,DAYS,3,v1.0,VALID,SYNTHETIC,hash_cng_001100,True
1101,CONGESTION_PORT_PARADIP,2024-10-02 00:00:00,2024-10-02 18:00:00,4.0,DAYS,3,v1.0,VALID,SYNTHETIC,hash_cng_001101,True
1102,CONGESTION_PORT_DHAMRA,2024-10-02 00:00:00,2024-10-02 18:00:00,2.2,DAYS,3,v1.0,VALID,SYNTHETIC,hash_cng_001102,True
1103,CONGESTION_PORT_NEWCASTLE,2024-10-02 00:00:00,2024-10-02 18:00:00,3.0,DAYS,3,v1.0,VALID,SYNTHETIC,hash_cng_001103,True
1104,CONGESTION_PORT_HEDLAND,2024-10-02 00:00:00,2024-10-02 18:00:00,3.0,DAYS,3,v1.0,VALID,SYNTHETIC,hash_cng_001104,True
1105,CONGESTION_PORT_PARADIP,2024-10-03 00:00:00,2024-10-03 18:00:00,4.4,DAYS,3,v1.0,VALID,SYNTHETIC,hash_cng_001105,True
1106,CONGESTION_PORT_DHAMRA,2024-10-03 00:00:00,2024-10-03 18:00:00,1.6,DAYS,3,v1.0,VALID,SYNTHETIC,hash_cng_001106,True
1107,CONGESTION_PORT_NEWCASTLE,2024-10-03 00:00:00,2024-10-03 18:00:00,4.0,DAYS,3,v1.0,VALID,SYNTHETIC,hash_cng_001107,True
1108,CONGESTION_PORT_HEDLAND,2024-10-03 00:00:00,2024-10-03 18:00:00,2.5,DAYS,3,v1.0,VALID,SYNTHETIC,hash_cng_001108,True
1109,CONGESTION_PORT_PARADIP,2024-10-04 00:00:00,2024-10-04 18:00:00,4.5,DAYS,3,v1.0,VALID,SYNTHETIC,hash_cng_001109,True
1110,CONGESTION_PORT_DHAMRA,2024-10-04 00:00:00,2024-10-04 18:00:00,2.1,DAYS,3,v1.0,VALID,SYNTHETIC,hash_cng_001110,True
1111,CONGESTION_PORT_NEWCASTLE,2024-10-04 00:00:00,2024-10-04 18:00:00,3.4,DAYS,3,v1.0,VALID,SYNTHETIC,hash_cng_001111,True
1112,CONGESTION_PORT_HEDLAND,2024-10-04 00:00:00,2024-10-04 18:00:00,2.9,DAYS,3,v1.0,VALID,SYNTHETIC,hash_cng_001112,True
1113,CONGESTION_PORT_PARADIP,2024-10-05 00:00:00,2024-10-05 18:00:00,4.0,DAYS,3,v1.0,VALID,SYNTHETIC,hash_cng_001113,True
1114,CONGESTION_PORT_DHAMRA,2024-10-05 00:00:00,2024-10-05 18:00:00,2.0,DAYS,3,v1.0,VALID,SYNTHETIC,hash_cng_001114,True
1115,CONGESTION_PORT_NEWCASTLE,2024-10-05 00:00:00,2024-10-05 18:00:00,3.4,DAYS,3,v1.0,VALID,SYNTHETIC,hash_cng_001115,True
1116,CONGESTION_PORT_HEDLAND,2024-10-05 00:00:00,2024-10-05 18:00:00,2.6,DAYS,3,v1.0,VALID,SYNTHETIC,hash_cng_001116,True
1117,CONGESTION_PORT_PARADIP,2024-10-06 00:00:00,2024-10-06 18:00:00,4.3,DAYS,3,v1.0,VALID,SYNTHETIC,hash_cng_001117,True
1118,CONGESTION_PORT_DHAMRA,2024-10-06 00:00:00,2024-10-06 18:00:00,1.8,DAYS,3,v1.0,VALID,SYNTHETIC,hash_cng_001118,True
1119,CONGESTION_PORT_NEWCASTLE,2024-10-06 00:00:00,2024-10-06 18:00:00,2.7,DAYS,3,v1.0,VALID,SYNTHETIC,hash_cng_001119,True
1120,CONGESTION_PORT_HEDLAND,2024-10-06 00:00:00,2024-10-06 18:00:00,2.4,DAYS,3,v1.0,VALID,SYNTHETIC,hash_cng_001120,True
1121,CONGESTION_PORT_PARADIP,2024-10-07 00:00:00,2024-10-07 18:00:00,4.2,DAYS,3,v1.0,VALID,SYNTHETIC,hash_cng_001121,True
1122,CONGESTION_PORT_DHAMRA,2024-10-07 00:00:00,2024-10-07 18:00:00,2.1,DAYS,3,v1.0,VALID,SYNTHETIC,hash_cng_001122,True
1123,CONGESTION_PORT_NEWCASTLE,2024-10-07 00:00:00,2024-10-07 18:00:00,2.7,DAYS,3,v1.0,VALID,SYNTHETIC,hash_cng_001123,True
1124,CONGESTION_PORT_HEDLAND,2024-10-07 00:00:00,2024-10-07 18:00:00,2.8,DAYS,3,v1.0,VALID,SYNTHETIC,hash_cng_001124,True
1125,CONGESTION_PORT_PARADIP,2024-10-08 00:00:00,2024-10-08 18:00:00,4.0,DAYS,3,v1.0,VALID,SYNTHETIC,hash_cng_001125,True
1126,CONGESTION_PORT_DHAMRA,2024-10-08 00:00:00,2024-10-08 18:00:00,2.4,DAYS,3,v1.0,VALID,SYNTHETIC,hash_cng_001126,True
1127,CONGESTION_PORT_NEWCASTLE,2024-10-08 00:00:00,2024-10-08 18:00:00,2.7,DAYS,3,v1.0,VALID,SYNTHETIC,hash_cng_001127,True
1128,CONGESTION_PORT_HEDLAND,2024-10-08 00:00:00,2024-10-08 18:00:00,2.6,DAYS,3,v1.0,VALID,SYNTHETIC,hash_cng_001128,True
1129,CONGESTION_PORT_PARADIP,2024-10-09 00:00:00,2024-10-09 18:00:00,4.3,DAYS,3,v1.0,VALID,SYNTHETIC,hash_cng_001129,True
1130,CONGESTION_PORT_DHAMRA,2024-10-09 00:00:00,2024-10-09 18:00:00,2.2,DAYS,3,v1.0,VALID,SYNTHETIC,hash_cng_001130,True
1131,CONGESTION_PORT_NEWCASTLE,2024-10-09 00:00:00,2024-10-09 18:00:00,3.7,DAYS,3,v1.0,VALID,SYNTHETIC,hash_cng_001131,True
1132,CONGESTION_PORT_HEDLAND,2024-10-09 00:00:00,2024-10-09 18:00:00,2.9,DAYS,3,v1.0,VALID,SYNTHETIC,hash_cng_001132,True
1133,CONGESTION_PORT_PARADIP,2024-10-10 00:00:00,2024-10-10 18:00:00,4.1,DAYS,3,v1.0,VALID,SYNTHETIC,hash_cng_001133,True
1134,CONGESTION_PORT_DHAMRA,2024-10-10 00:00:00,2024-10-10 18:00:00,2.3,DAYS,3,v1.0,VALID,SYNTHETIC,hash_cng_001134,True
1135,CONGESTION_PORT_NEWCASTLE,2024-10-10 00:00:00,2024-10-10 18:00:00,2.7,DAYS,3,v1.0,VALID,SYNTHETIC,hash_cng_001135,True
1136,CONGESTION_PORT_HEDLAND,2024-10-10 00:00:00,2024-10-10 18:00:00,2.9,DAYS,3,v1.0,VALID,SYNTHETIC,hash_cng_001136,True
1137,CONGESTION_PORT_PARADIP,2024-10-11 00:00:00,2024-10-11 18:00:00,4.3,DAYS,3,v1.0,VALID,SYNTHETIC,hash_cng_001137,True
1138,CONGESTION_PORT_DHAMRA,2024-10-11 00:00:00,2024-10-11 18:00:00,2.1,DAYS,3,v1.0,VALID,SYNTHETIC,hash_cng_001138,True
1139,CONGESTION_PORT_NEWCASTLE,2024-10-11 00:00:00,2024-10-11 18:00:00,2.5,DAYS,3,v1.0,VALID,SYNTHETIC,hash_cng_001139,True
1140,CONGESTION_PORT_HEDLAND,2024-10-11 00:00:00,2024-10-11 18:00:00,2.7,DAYS,3,v1.0,VALID,SYNTHETIC,hash_cng_001140,True
1141,CONGESTION_PORT_PARADIP,2024-10-12 00:00:00,2024-10-12 18:00:00,4.6,DAYS,3,v1.0,VALID,SYNTHETIC,hash_cng_001141,True
1142,CONGESTION_PORT_DHAMRA,2024-10-12 00:00:00,2024-10-12 18:00:00,2.0,DAYS,3,v1.0,VALID,SYNTHETIC,hash_cng_001142,True
1143,CONGESTION_PORT_NEWCASTLE,2024-10-12 00:00:00,2024-10-12 18:00:00,3.2,DAYS,3,v1.0,VALID,SYNTHETIC,hash_cng_001143,True
1144,CONGESTION_PORT_HEDLAND,2024-10-12 00:00:00,2024-10-12 18:00:00,2.6,DAYS,3,v1.0,VALID,SYNTHETIC,hash_cng_001144,True
1145,CONGESTION_PORT_PARADIP,2024-10-13 00:00:00,2024-10-13 18:00:00,4.0,DAYS,3,v1.0,VALID,SYNTHETIC,hash_cng_001145,True
1146,CONGESTION_PORT_DHAMRA,2024-10-13 00:00:00,2024-10-13 18:00:00,2.2,DAYS,3,v1.0,VALID,SYNTHETIC,hash_cng_001146,True
1147,CONGESTION_PORT_NEWCASTLE,2024-10-13 00:00:00,2024-10-13 18:00:00,2.3,DAYS,3,v1.0,VALID,SYNTHETIC,hash_cng_001147,True
1148,CONGESTION_PORT_HEDLAND,2024-10-13 00:00:00,2024-10-13 18:00:00,2.8,DAYS,3,v1.0,VALID,SYNTHETIC,hash_cng_001148,True
1149,CONGESTION_PORT_PARADIP,2024-10-14 00:00:00,2024-10-14 18:00:00,3.9,DAYS,3,v1.0,VALID,SYNTHETIC,hash_cng_001149,True
1150,CONGESTION_PORT_DHAMRA,2024-10-14 00:00:00,2024-10-14 18:00:00,2.5,DAYS,3,v1.0,VALID,SYNTHETIC,hash_cng_001150,True
1151,CONGESTION_PORT_NEWCASTLE,2024-10-14 00:00:00,2024-10-14 18:00:00,3.4,DAYS,3,v1.0,VALID,SYNTHETIC,hash_cng_001151,True
1152,CONGESTION_PORT_HEDLAND,2024-10-14 00:00:00,2024-10-14 18:00:00,2.9,DAYS,3,v1.0,VALID,SYNTHETIC,hash_cng_001152,True
1153,CONGESTION_PORT_PARADIP,2024-10-15 00:00:00,2024-10-15 18:00:00,4.4,DAYS,3,v1.0,VALID,SYNTHETIC,hash_cng_001153,True
1154,CONGESTION_PORT_DHAMRA,2024-10-15 00:00:00,2024-10-15 18:00:00,2.0,DAYS,3,v1.0,VALID,SYNTHETIC,hash_cng_001154,True
1155,CONGESTION_PORT_NEWCASTLE,2024-10-15 00:00:00,2024-10-15 18:00:00,2.8,DAYS,3,v1.0,VALID,SYNTHETIC,hash_cng_001155,True
1156,CONGESTION_PORT_HEDLAND,2024-10-15 00:00:00,2024-10-15 18:00:00,2.7,DAYS,3,v1.0,VALID,SYNTHETIC,hash_cng_001156,True
1157,CONGESTION_PORT_PARADIP,2024-10-16 00:00:00,2024-10-16 18:00:00,3.9,DAYS,3,v1.0,VALID,SYNTHETIC,hash_cng_001157,True
1158,CONGESTION_PORT_DHAMRA,2024-10-16 00:00:00,2024-10-16 18:00:00,2.5,DAYS,3,v1.0,VALID,SYNTHETIC,hash_cng_001158,True
1159,CONGESTION_PORT_NEWCASTLE,2024-10-16 00:00:00,2024-10-16 18:00:00,2.8,DAYS,3,v1.0,VALID,SYNTHETIC,hash_cng_001159,True
1160,CONGESTION_PORT_HEDLAND,2024-10-16 00:00:00,2024-10-16 18:00:00,2.2,DAYS,3,v1.0,VALID,SYNTHETIC,hash_cng_001160,True
1161,CONGESTION_PORT_PARADIP,2024-10-17 00:00:00,2024-10-17 18:00:00,3.8,DAYS,3,v1.0,VALID,SYNTHETIC,hash_cng_001161,True
1162,CONGESTION_PORT_DHAMRA,2024-10-17 00:00:00,2024-10-17 18:00:00,1.5,DAYS,3,v1.0,VALID,SYNTHETIC,hash_cng_001162,True
1163,CONGESTION_PORT_NEWCASTLE,2024-10-17 00:00:00,2024-10-17 18:00:00,3.7,DAYS,3,v1.0,VALID,SYNTHETIC,hash_cng_001163,True
1164,CONGESTION_PORT_HEDLAND,2024-10-17 00:00:00,2024-10-17 18:00:00,3.0,DAYS,3,v1.0,VALID,SYNTHETIC,hash_cng_001164,True
1165,CONGESTION_PORT_PARADIP,2024-10-18 00:00:00,2024-10-18 18:00:00,4.3,DAYS,3,v1.0,VALID,SYNTHETIC,hash_cng_001165,True
1166,CONGESTION_PORT_DHAMRA,2024-10-18 00:00:00,2024-10-18 18:00:00,2.2,DAYS,3,v1.0,VALID,SYNTHETIC,hash_cng_001166,True
1167,CONGESTION_PORT_NEWCASTLE,2024-10-18 00:00:00,2024-10-18 18:00:00,2.7,DAYS,3,v1.0,VALID,SYNTHETIC,hash_cng_001167,True
1168,CONGESTION_PORT_HEDLAND,2024-10-18 00:00:00,2024-10-18 18:00:00,2.6,DAYS,3,v1.0,VALID,SYNTHETIC,hash_cng_001168,True
1169,CONGESTION_PORT_PARADIP,2024-10-19 00:00:00,2024-10-19 18:00:00,4.8,DAYS,3,v1.0,VALID,SYNTHETIC,hash_cng_001169,True
1170,CONGESTION_PORT_DHAMRA,2024-10-19 00:00:00,2024-10-19 18:00:00,2.1,DAYS,3,v1.0,VALID,SYNTHETIC,hash_cng_001170,True
1171,CONGESTION_PORT_NEWCASTLE,2024-10-19 00:00:00,2024-10-19 18:00:00,2.4,DAYS,3,v1.0,VALID,SYNTHETIC,hash_cng_001171,True
1172,CONGESTION_PORT_HEDLAND,2024-10-19 00:00:00,2024-10-19 18:00:00,2.3,DAYS,3,v1.0,VALID,SYNTHETIC,hash_cng_001172,True
1173,CONGESTION_PORT_PARADIP,2024-10-20 00:00:00,2024-10-20 18:00:00,4.5,DAYS,3,v1.0,VALID,SYNTHETIC,hash_cng_001173,True
1174,CONGESTION_PORT_DHAMRA,2024-10-20 00:00:00,2024-10-20 18:00:00,2.2,DAYS,3,v1.0,VALID,SYNTHETIC,hash_cng_001174,True
1175,CONGESTION_PORT_NEWCASTLE,2024-10-20 00:00:00,2024-10-20 18:00:00,3.2,DAYS,3,v1.0,VALID,SYNTHETIC,hash_cng_001175,True
1176,CONGESTION_PORT_HEDLAND,2024-10-20 00:00:00,2024-10-20 18:00:00,3.0,DAYS,3,v1.0,VALID,SYNTHETIC,hash_cng_001176,True
1177,CONGESTION_PORT_PARADIP,2024-10-21 00:00:00,2024-10-21 18:00:00,3.7,DAYS,3,v1.0,VALID,SYNTHETIC,hash_cng_001177,True
1178,CONGESTION_PORT_DHAMRA,2024-10-21 00:00:00,2024-10-21 18:00:00,2.5,DAYS,3,v1.0,VALID,SYNTHETIC,hash_cng_001178,True
1179,CONGESTION_PORT_NEWCASTLE,2024-10-21 00:00:00,2024-10-21 18:00:00,3.4,DAYS,3,v1.0,VALID,SYNTHETIC,hash_cng_001179,True
1180,CONGESTION_PORT_HEDLAND,2024-10-21 00:00:00,2024-10-21 18:00:00,2.8,DAYS,3,v1.0,VALID,SYNTHETIC,hash_cng_001180,True
1181,CONGESTION_PORT_PARADIP,2024-10-22 00:00:00,2024-10-22 18:00:00,4.2,DAYS,3,v1.0,VALID,SYNTHETIC,hash_cng_001181,True
1182,CONGESTION_PORT_DHAMRA,2024-10-22 00:00:00,2024-10-22 18:00:00,2.1,DAYS,3,v1.0,VALID,SYNTHETIC,hash_cng_001182,True
1183,CONGESTION_PORT_NEWCASTLE,2024-10-22 00:00:00,2024-10-22 18:00:00,3.4,DAYS,3,v1.0,VALID,SYNTHETIC,hash_cng_001183,True
1184,CONGESTION_PORT_HEDLAND,2024-10-22 00:00:00,2024-10-22 18:00:00,2.8,DAYS,3,v1.0,VALID,SYNTHETIC,hash_cng_001184,True
1185,CONGESTION_PORT_PARADIP,2024-10-23 00:00:00,2024-10-23 18:00:00,4.7,DAYS,3,v1.0,VALID,SYNTHETIC,hash_cng_001185,True
1186,CONGESTION_PORT_DHAMRA,2024-10-23 00:00:00,2024-10-23 18:00:00,2.1,DAYS,3,v1.0,VALID,SYNTHETIC,hash_cng_001186,True
1187,CONGESTION_PORT_NEWCASTLE,2024-10-23 00:00:00,2024-10-23 18:00:00,3.4,DAYS,3,v1.0,VALID,SYNTHETIC,hash_cng_001187,True
1188,CONGESTION_PORT_HEDLAND,2024-10-23 00:00:00,2024-10-23 18:00:00,3.2,DAYS,3,v1.0,VALID,SYNTHETIC,hash_cng_001188,True
1189,CONGESTION_PORT_PARADIP,2024-10-24 00:00:00,2024-10-24 18:00:00,4.4,DAYS,3,v1.0,VALID,SYNTHETIC,hash_cng_001189,True
1190,CONGESTION_PORT_DHAMRA,2024-10-24 00:00:00,2024-10-24 18:00:00,2.2,DAYS,3,v1.0,VALID,SYNTHETIC,hash_cng_001190,True
1191,CONGESTION_PORT_NEWCASTLE,2024-10-24 00:00:00,2024-10-24 18:00:00,3.3,DAYS,3,v1.0,VALID,SYNTHETIC,hash_cng_001191,True
1192,CONGESTION_PORT_HEDLAND,2024-10-24 00:00:00,2024-10-24 18:00:00,2.3,DAYS,3,v1.0,VALID,SYNTHETIC,hash_cng_001192,True
1193,CONGESTION_PORT_PARADIP,2024-10-25 00:00:00,2024-10-25 18:00:00,4.1,DAYS,3,v1.0,VALID,SYNTHETIC,hash_cng_001193,True
1194,CONGESTION_PORT_DHAMRA,2024-10-25 00:00:00,2024-10-25 18:00:00,2.2,DAYS,3,v1.0,VALID,SYNTHETIC,hash_cng_001194,True
1195,CONGESTION_PORT_NEWCASTLE,2024-10-25 00:00:00,2024-10-25 18:00:00,2.1,DAYS,3,v1.0,VALID,SYNTHETIC,hash_cng_001195,True
1196,CONGESTION_PORT_HEDLAND,2024-10-25 00:00:00,2024-10-25 18:00:00,2.5,DAYS,3,v1.0,VALID,SYNTHETIC,hash_cng_001196,True
1197,CONGESTION_PORT_PARADIP,2024-10-26 00:00:00,2024-10-26 18:00:00,4.8,DAYS,3,v1.0,VALID,SYNTHETIC,hash_cng_001197,True
1198,CONGESTION_PORT_DHAMRA,2024-10-26 00:00:00,2024-10-26 18:00:00,2.3,DAYS,3,v1.0,VALID,SYNTHETIC,hash_cng_001198,True
1199,CONGESTION_PORT_NEWCASTLE,2024-10-26 00:00:00,2024-10-26 18:00:00,3.5,DAYS,3,v1.0,VALID,SYNTHETIC,hash_cng_001199,True
1200,CONGESTION_PORT_HEDLAND,2024-10-26 00:00:00,2024-10-26 18:00:00,2.3,DAYS,3,v1.0,VALID,SYNTHETIC,hash_cng_001200,True
1201,CONGESTION_PORT_PARADIP,2024-10-27 00:00:00,2024-10-27 18:00:00,3.7,DAYS,3,v1.0,VALID,SYNTHETIC,hash_cng_001201,True
1202,CONGESTION_PORT_DHAMRA,2024-10-27 00:00:00,2024-10-27 18:00:00,2.0,DAYS,3,v1.0,VALID,SYNTHETIC,hash_cng_001202,True
1203,CONGESTION_PORT_NEWCASTLE,2024-10-27 00:00:00,2024-10-27 18:00:00,2.7,DAYS,3,v1.0,VALID,SYNTHETIC,hash_cng_001203,True
1204,CONGESTION_PORT_HEDLAND,2024-10-27 00:00:00,2024-10-27 18:00:00,3.2,DAYS,3,v1.0,VALID,SYNTHETIC,hash_cng_001204,True
1205,CONGESTION_PORT_PARADIP,2024-10-28 00:00:00,2024-10-28 18:00:00,3.4,DAYS,3,v1.0,VALID,SYNTHETIC,hash_cng_001205,True
1206,CONGESTION_PORT_DHAMRA,2024-10-28 00:00:00,2024-10-28 18:00:00,1.9,DAYS,3,v1.0,VALID,SYNTHETIC,hash_cng_001206,True
1207,CONGESTION_PORT_NEWCASTLE,2024-10-28 00:00:00,2024-10-28 18:00:00,3.6,DAYS,3,v1.0,VALID,SYNTHETIC,hash_cng_001207,True
1208,CONGESTION_PORT_HEDLAND,2024-10-28 00:00:00,2024-10-28 18:00:00,2.8,DAYS,3,v1.0,VALID,SYNTHETIC,hash_cng_001208,True
1209,CONGESTION_PORT_PARADIP,2024-10-29 00:00:00,2024-10-29 18:00:00,4.2,DAYS,3,v1.0,VALID,SYNTHETIC,hash_cng_001209,True
1210,CONGESTION_PORT_DHAMRA,2024-10-29 00:00:00,2024-10-29 18:00:00,1.9,DAYS,3,v1.0,VALID,SYNTHETIC,hash_cng_001210,True
1211,CONGESTION_PORT_NEWCASTLE,2024-10-29 00:00:00,2024-10-29 18:00:00,3.6,DAYS,3,v1.0,VALID,SYNTHETIC,hash_cng_001211,True
1212,CONGESTION_PORT_HEDLAND,2024-10-29 00:00:00,2024-10-29 18:00:00,3.0,DAYS,3,v1.0,VALID,SYNTHETIC,hash_cng_001212,True
1213,CONGESTION_PORT_PARADIP,2024-10-30 00:00:00,2024-10-30 18:00:00,4.5,DAYS,3,v1.0,VALID,SYNTHETIC,hash_cng_001213,True
1214,CONGESTION_PORT_DHAMRA,2024-10-30 00:00:00,2024-10-30 18:00:00,1.9,DAYS,3,v1.0,VALID,SYNTHETIC,hash_cng_001214,True
1215,CONGESTION_PORT_NEWCASTLE,2024-10-30 00:00:00,2024-10-30 18:00:00,3.1,DAYS,3,v1.0,VALID,SYNTHETIC,hash_cng_001215,True
1216,CONGESTION_PORT_HEDLAND,2024-10-30 00:00:00,2024-10-30 18:00:00,2.9,DAYS,3,v1.0,VALID,SYNTHETIC,hash_cng_001216,True
1217,CONGESTION_PORT_PARADIP,2024-10-31 00:00:00,2024-10-31 18:00:00,4.1,DAYS,3,v1.0,VALID,SYNTHETIC,hash_cng_001217,True
1218,CONGESTION_PORT_DHAMRA,2024-10-31 00:00:00,2024-10-31 18:00:00,2.0,DAYS,3,v1.0,VALID,SYNTHETIC,hash_cng_001218,True
1219,CONGESTION_PORT_NEWCASTLE,2024-10-31 00:00:00,2024-10-31 18:00:00,3.3,DAYS,3,v1.0,VALID,SYNTHETIC,hash_cng_001219,True
1220,CONGESTION_PORT_HEDLAND,2024-10-31 00:00:00,2024-10-31 18:00:00,3.4,DAYS,3,v1.0,VALID,SYNTHETIC,hash_cng_001220,True
1221,CONGESTION_PORT_PARADIP,2024-11-01 00:00:00,2024-11-01 18:00:00,3.3,DAYS,3,v1.0,VALID,SYNTHETIC,hash_cng_001221,True
1222,CONGESTION_PORT_DHAMRA,2024-11-01 00:00:00,2024-11-01 18:00:00,2.0,DAYS,3,v1.0,VALID,SYNTHETIC,hash_cng_001222,True
1223,CONGESTION_PORT_NEWCASTLE,2024-11-01 00:00:00,2024-11-01 18:00:00,2.0,DAYS,3,v1.0,VALID,SYNTHETIC,hash_cng_001223,True
1224,CONGESTION_PORT_HEDLAND,2024-11-01 00:00:00,2024-11-01 18:00:00,2.5,DAYS,3,v1.0,VALID,SYNTHETIC,hash_cng_001224,True
1225,CONGESTION_PORT_PARADIP,2024-11-02 00:00:00,2024-11-02 18:00:00,4.6,DAYS,3,v1.0,VALID,SYNTHETIC,hash_cng_001225,True
1226,CONGESTION_PORT_DHAMRA,2024-11-02 00:00:00,2024-11-02 18:00:00,2.5,DAYS,3,v1.0,VALID,SYNTHETIC,hash_cng_001226,True
1227,CONGESTION_PORT_NEWCASTLE,2024-11-02 00:00:00,2024-11-02 18:00:00,3.9,DAYS,3,v1.0,VALID,SYNTHETIC,hash_cng_001227,True
1228,CONGESTION_PORT_HEDLAND,2024-11-02 00:00:00,2024-11-02 18:00:00,2.9,DAYS,3,v1.0,VALID,SYNTHETIC,hash_cng_001228,True
1229,CONGESTION_PORT_PARADIP,2024-11-03 00:00:00,2024-11-03 18:00:00,4.8,DAYS,3,v1.0,VALID,SYNTHETIC,hash_cng_001229,True
1230,CONGESTION_PORT_DHAMRA,2024-11-03 00:00:00,2024-11-03 18:00:00,2.4,DAYS,3,v1.0,VALID,SYNTHETIC,hash_cng_001230,True
1231,CONGESTION_PORT_NEWCASTLE,2024-11-03 00:00:00,2024-11-03 18:00:00,3.5,DAYS,3,v1.0,VALID,SYNTHETIC,hash_cng_001231,True
1232,CONGESTION_PORT_HEDLAND,2024-11-03 00:00:00,2024-11-03 18:00:00,2.8,DAYS,3,v1.0,VALID,SYNTHETIC,hash_cng_001232,True
1233,CONGESTION_PORT_PARADIP,2024-11-04 00:00:00,2024-11-04 18:00:00,3.8,DAYS,3,v1.0,VALID,SYNTHETIC,hash_cng_001233,True
1234,CONGESTION_PORT_DHAMRA,2024-11-04 00:00:00,2024-11-04 18:00:00,2.1,DAYS,3,v1.0,VALID,SYNTHETIC,hash_cng_001234,True
1235,CONGESTION_PORT_NEWCASTLE,2024-11-04 00:00:00,2024-11-04 18:00:00,3.8,DAYS,3,v1.0,VALID,SYNTHETIC,hash_cng_001235,True
1236,CONGESTION_PORT_HEDLAND,2024-11-04 00:00:00,2024-11-04 18:00:00,2.7,DAYS,3,v1.0,VALID,SYNTHETIC,hash_cng_001236,True
1237,CONGESTION_PORT_PARADIP,2024-11-05 00:00:00,2024-11-05 18:00:00,3.6,DAYS,3,v1.0,VALID,SYNTHETIC,hash_cng_001237,True
1238,CONGESTION_PORT_DHAMRA,2024-11-05 00:00:00,2024-11-05 18:00:00,2.1,DAYS,3,v1.0,VALID,SYNTHETIC,hash_cng_001238,True
1239,CONGESTION_PORT_NEWCASTLE,2024-11-05 00:00:00,2024-11-05 18:00:00,2.4,DAYS,3,v1.0,VALID,SYNTHETIC,hash_cng_001239,True
1240,CONGESTION_PORT_HEDLAND,2024-11-05 00:00:00,2024-11-05 18:00:00,3.1,DAYS,3,v1.0,VALID,SYNTHETIC,hash_cng_001240,True
1241,CONGESTION_PORT_PARADIP,2024-11-06 00:00:00,2024-11-06 18:00:00,4.2,DAYS,3,v1.0,VALID,SYNTHETIC,hash_cng_001241,True
1242,CONGESTION_PORT_DHAMRA,2024-11-06 00:00:00,2024-11-06 18:00:00,2.0,DAYS,3,v1.0,VALID,SYNTHETIC,hash_cng_001242,True
1243,CONGESTION_PORT_NEWCASTLE,2024-11-06 00:00:00,2024-11-06 18:00:00,3.7,DAYS,3,v1.0,VALID,SYNTHETIC,hash_cng_001243,True
1244,CONGESTION_PORT_HEDLAND,2024-11-06 00:00:00,2024-11-06 18:00:00,3.6,DAYS,3,v1.0,VALID,SYNTHETIC,hash_cng_001244,True
1245,CONGESTION_PORT_PARADIP,2024-11-07 00:00:00,2024-11-07 18:00:00,4.5,DAYS,3,v1.0,VALID,SYNTHETIC,hash_cng_001245,True
1246,CONGESTION_PORT_DHAMRA,2024-11-07 00:00:00,2024-11-07 18:00:00,2.2,DAYS,3,v1.0,VALID,SYNTHETIC,hash_cng_001246,True
1247,CONGESTION_PORT_NEWCASTLE,2024-11-07 00:00:00,2024-11-07 18:00:00,2.3,DAYS,3,v1.0,VALID,SYNTHETIC,hash_cng_001247,True
1248,CONGESTION_PORT_HEDLAND,2024-11-07 00:00:00,2024-11-07 18:00:00,3.3,DAYS,3,v1.0,VALID,SYNTHETIC,hash_cng_001248,True
1249,CONGESTION_PORT_PARADIP,2024-11-08 00:00:00,2024-11-08 18:00:00,4.1,DAYS,3,v1.0,VALID,SYNTHETIC,hash_cng_001249,True
1250,CONGESTION_PORT_DHAMRA,2024-11-08 00:00:00,2024-11-08 18:00:00,2.1,DAYS,3,v1.0,VALID,SYNTHETIC,hash_cng_001250,True
1251,CONGESTION_PORT_NEWCASTLE,2024-11-08 00:00:00,2024-11-08 18:00:00,3.5,DAYS,3,v1.0,VALID,SYNTHETIC,hash_cng_001251,True
1252,CONGESTION_PORT_HEDLAND,2024-11-08 00:00:00,2024-11-08 18:00:00,2.7,DAYS,3,v1.0,VALID,SYNTHETIC,hash_cng_001252,True
1253,CONGESTION_PORT_PARADIP,2024-11-09 00:00:00,2024-11-09 18:00:00,3.5,DAYS,3,v1.0,VALID,SYNTHETIC,hash_cng_001253,True
1254,CONGESTION_PORT_DHAMRA,2024-11-09 00:00:00,2024-11-09 18:00:00,1.8,DAYS,3,v1.0,VALID,SYNTHETIC,hash_cng_001254,True
1255,CONGESTION_PORT_NEWCASTLE,2024-11-09 00:00:00,2024-11-09 18:00:00,3.0,DAYS,3,v1.0,VALID,SYNTHETIC,hash_cng_001255,True
1256,CONGESTION_PORT_HEDLAND,2024-11-09 00:00:00,2024-11-09 18:00:00,3.3,DAYS,3,v1.0,VALID,SYNTHETIC,hash_cng_001256,True
1257,CONGESTION_PORT_PARADIP,2024-11-10 00:00:00,2024-11-10 18:00:00,4.6,DAYS,3,v1.0,VALID,SYNTHETIC,hash_cng_001257,True
1258,CONGESTION_PORT_DHAMRA,2024-11-10 00:00:00,2024-11-10 18:00:00,2.0,DAYS,3,v1.0,VALID,SYNTHETIC,hash_cng_001258,True
1259,CONGESTION_PORT_NEWCASTLE,2024-11-10 00:00:00,2024-11-10 18:00:00,3.8,DAYS,3,v1.0,VALID,SYNTHETIC,hash_cng_001259,True
1260,CONGESTION_PORT_HEDLAND,2024-11-10 00:00:00,2024-11-10 18:00:00,3.1,DAYS,3,v1.0,VALID,SYNTHETIC,hash_cng_001260,True
1261,CONGESTION_PORT_PARADIP,2024-11-11 00:00:00,2024-11-11 18:00:00,4.3,DAYS,3,v1.0,VALID,SYNTHETIC,hash_cng_001261,True
1262,CONGESTION_PORT_DHAMRA,2024-11-11 00:00:00,2024-11-11 18:00:00,1.8,DAYS,3,v1.0,VALID,SYNTHETIC,hash_cng_001262,True
1263,CONGESTION_PORT_NEWCASTLE,2024-11-11 00:00:00,2024-11-11 18:00:00,4.7,DAYS,3,v1.0,VALID,SYNTHETIC,hash_cng_001263,True
1264,CONGESTION_PORT_HEDLAND,2024-11-11 00:00:00,2024-11-11 18:00:00,2.1,DAYS,3,v1.0,VALID,SYNTHETIC,hash_cng_001264,True
1265,CONGESTION_PORT_PARADIP,2024-11-12 00:00:00,2024-11-12 18:00:00,5.2,DAYS,3,v1.0,VALID,SYNTHETIC,hash_cng_001265,True
1266,CONGESTION_PORT_DHAMRA,2024-11-12 00:00:00,2024-11-12 18:00:00,1.8,DAYS,3,v1.0,VALID,SYNTHETIC,hash_cng_001266,True
1267,CONGESTION_PORT_NEWCASTLE,2024-11-12 00:00:00,2024-11-12 18:00:00,3.6,DAYS,3,v1.0,VALID,SYNTHETIC,hash_cng_001267,True
1268,CONGESTION_PORT_HEDLAND,2024-11-12 00:00:00,2024-11-12 18:00:00,2.7,DAYS,3,v1.0,VALID,SYNTHETIC,hash_cng_001268,True
1269,CONGESTION_PORT_PARADIP,2024-11-13 00:00:00,2024-11-13 18:00:00,4.2,DAYS,3,v1.0,VALID,SYNTHETIC,hash_cng_001269,True
1270,CONGESTION_PORT_DHAMRA,2024-11-13 00:00:00,2024-11-13 18:00:00,1.9,DAYS,3,v1.0,VALID,SYNTHETIC,hash_cng_001270,True
1271,CONGESTION_PORT_NEWCASTLE,2024-11-13 00:00:00,2024-11-13 18:00:00,3.6,DAYS,3,v1.0,VALID,SYNTHETIC,hash_cng_001271,True
1272,CONGESTION_PORT_HEDLAND,2024-11-13 00:00:00,2024-11-13 18:00:00,2.8,DAYS,3,v1.0,VALID,SYNTHETIC,hash_cng_001272,True
1273,CONGESTION_PORT_PARADIP,2024-11-14 00:00:00,2024-11-14 18:00:00,4.4,DAYS,3,v1.0,VALID,SYNTHETIC,hash_cng_001273,True
1274,CONGESTION_PORT_DHAMRA,2024-11-14 00:00:00,2024-11-14 18:00:00,2.0,DAYS,3,v1.0,VALID,SYNTHETIC,hash_cng_001274,True
1275,CONGESTION_PORT_NEWCASTLE,2024-11-14 00:00:00,2024-11-14 18:00:00,3.9,DAYS,3,v1.0,VALID,SYNTHETIC,hash_cng_001275,True
1276,CONGESTION_PORT_HEDLAND,2024-11-14 00:00:00,2024-11-14 18:00:00,3.2,DAYS,3,v1.0,VALID,SYNTHETIC,hash_cng_001276,True
1277,CONGESTION_PORT_PARADIP,2024-11-15 00:00:00,2024-11-15 18:00:00,4.0,DAYS,3,v1.0,VALID,SYNTHETIC,hash_cng_001277,True
1278,CONGESTION_PORT_DHAMRA,2024-11-15 00:00:00,2024-11-15 18:00:00,2.2,DAYS,3,v1.0,VALID,SYNTHETIC,hash_cng_001278,True
1279,CONGESTION_PORT_NEWCASTLE,2024-11-15 00:00:00,2024-11-15 18:00:00,3.1,DAYS,3,v1.0,VALID,SYNTHETIC,hash_cng_001279,True
1280,CONGESTION_PORT_HEDLAND,2024-11-15 00:00:00,2024-11-15 18:00:00,2.8,DAYS,3,v1.0,VALID,SYNTHETIC,hash_cng_001280,True
1281,CONGESTION_PORT_PARADIP,2024-11-16 00:00:00,2024-11-16 18:00:00,4.7,DAYS,3,v1.0,VALID,SYNTHETIC,hash_cng_001281,True
1282,CONGESTION_PORT_DHAMRA,2024-11-16 00:00:00,2024-11-16 18:00:00,1.8,DAYS,3,v1.0,VALID,SYNTHETIC,hash_cng_001282,True
1283,CONGESTION_PORT_NEWCASTLE,2024-11-16 00:00:00,2024-11-16 18:00:00,3.2,DAYS,3,v1.0,VALID,SYNTHETIC,hash_cng_001283,True
1284,CONGESTION_PORT_HEDLAND,2024-11-16 00:00:00,2024-11-16 18:00:00,2.7,DAYS,3,v1.0,VALID,SYNTHETIC,hash_cng_001284,True
1285,CONGESTION_PORT_PARADIP,2024-11-17 00:00:00,2024-11-17 18:00:00,3.4,DAYS,3,v1.0,VALID,SYNTHETIC,hash_cng_001285,True
1286,CONGESTION_PORT_DHAMRA,2024-11-17 00:00:00,2024-11-17 18:00:00,2.3,DAYS,3,v1.0,VALID,SYNTHETIC,hash_cng_001286,True
1287,CONGESTION_PORT_NEWCASTLE,2024-11-17 00:00:00,2024-11-17 18:00:00,3.6,DAYS,3,v1.0,VALID,SYNTHETIC,hash_cng_001287,True
1288,CONGESTION_PORT_HEDLAND,2024-11-17 00:00:00,2024-11-17 18:00:00,3.5,DAYS,3,v1.0,VALID,SYNTHETIC,hash_cng_001288,True
1289,CONGESTION_PORT_PARADIP,2024-11-18 00:00:00,2024-11-18 18:00:00,3.9,DAYS,3,v1.0,VALID,SYNTHETIC,hash_cng_001289,True
1290,CONGESTION_PORT_DHAMRA,2024-11-18 00:00:00,2024-11-18 18:00:00,2.2,DAYS,3,v1.0,VALID,SYNTHETIC,hash_cng_001290,True
1291,CONGESTION_PORT_NEWCASTLE,2024-11-18 00:00:00,2024-11-18 18:00:00,4.3,DAYS,3,v1.0,VALID,SYNTHETIC,hash_cng_001291,True
1292,CONGESTION_PORT_HEDLAND,2024-11-18 00:00:00,2024-11-18 18:00:00,2.7,DAYS,3,v1.0,VALID,SYNTHETIC,hash_cng_001292,True
1293,CONGESTION_PORT_PARADIP,2024-11-19 00:00:00,2024-11-19 18:00:00,4.1,DAYS,3,v1.0,VALID,SYNTHETIC,hash_cng_001293,True
1294,CONGESTION_PORT_DHAMRA,2024-11-19 00:00:00,2024-11-19 18:00:00,2.3,DAYS,3,v1.0,VALID,SYNTHETIC,hash_cng_001294,True
1295,CONGESTION_PORT_NEWCASTLE,2024-11-19 00:00:00,2024-11-19 18:00:00,3.9,DAYS,3,v1.0,VALID,SYNTHETIC,hash_cng_001295,True
1296,CONGESTION_PORT_HEDLAND,2024-11-19 00:00:00,2024-11-19 18:00:00,2.5,DAYS,3,v1.0,VALID,SYNTHETIC,hash_cng_001296,True
1297,CONGESTION_PORT_PARADIP,2024-11-20 00:00:00,2024-11-20 18:00:00,4.7,DAYS,3,v1.0,VALID,SYNTHETIC,hash_cng_001297,True
1298,CONGESTION_PORT_DHAMRA,2024-11-20 00:00:00,2024-11-20 18:00:00,2.0,DAYS,3,v1.0,VALID,SYNTHETIC,hash_cng_001298,True
1299,CONGESTION_PORT_NEWCASTLE,2024-11-20 00:00:00,2024-11-20 18:00:00,5.2,DAYS,3,v1.0,VALID,SYNTHETIC,hash_cng_001299,True
1300,CONGESTION_PORT_HEDLAND,2024-11-20 00:00:00,2024-11-20 18:00:00,3.1,DAYS,3,v1.0,VALID,SYNTHETIC,hash_cng_001300,True
1301,CONGESTION_PORT_PARADIP,2024-11-21 00:00:00,2024-11-21 18:00:00,4.4,DAYS,3,v1.0,VALID,SYNTHETIC,hash_cng_001301,True
1302,CONGESTION_PORT_DHAMRA,2024-11-21 00:00:00,2024-11-21 18:00:00,2.1,DAYS,3,v1.0,VALID,SYNTHETIC,hash_cng_001302,True
1303,CONGESTION_PORT_NEWCASTLE,2024-11-21 00:00:00,2024-11-21 18:00:00,5.0,DAYS,3,v1.0,VALID,SYNTHETIC,hash_cng_001303,True
1304,CONGESTION_PORT_HEDLAND,2024-11-21 00:00:00,2024-11-21 18:00:00,3.0,DAYS,3,v1.0,VALID,SYNTHETIC,hash_cng_001304,True
1305,CONGESTION_PORT_PARADIP,2024-11-22 00:00:00,2024-11-22 18:00:00,4.9,DAYS,3,v1.0,VALID,SYNTHETIC,hash_cng_001305,True
1306,CONGESTION_PORT_DHAMRA,2024-11-22 00:00:00,2024-11-22 18:00:00,1.7,DAYS,3,v1.0,VALID,SYNTHETIC,hash_cng_001306,True
1307,CONGESTION_PORT_NEWCASTLE,2024-11-22 00:00:00,2024-11-22 18:00:00,4.4,DAYS,3,v1.0,VALID,SYNTHETIC,hash_cng_001307,True
1308,CONGESTION_PORT_HEDLAND,2024-11-22 00:00:00,2024-11-22 18:00:00,3.0,DAYS,3,v1.0,VALID,SYNTHETIC,hash_cng_001308,True
1309,CONGESTION_PORT_PARADIP,2024-11-23 00:00:00,2024-11-23 18:00:00,3.7,DAYS,3,v1.0,VALID,SYNTHETIC,hash_cng_001309,True
1310,CONGESTION_PORT_DHAMRA,2024-11-23 00:00:00,2024-11-23 18:00:00,1.8,DAYS,3,v1.0,VALID,SYNTHETIC,hash_cng_001310,True
1311,CONGESTION_PORT_NEWCASTLE,2024-11-23 00:00:00,2024-11-23 18:00:00,3.5,DAYS,3,v1.0,VALID,SYNTHETIC,hash_cng_001311,True
1312,CONGESTION_PORT_HEDLAND,2024-11-23 00:00:00,2024-11-23 18:00:00,2.7,DAYS,3,v1.0,VALID,SYNTHETIC,hash_cng_001312,True
1313,CONGESTION_PORT_PARADIP,2024-11-24 00:00:00,2024-11-24 18:00:00,4.3,DAYS,3,v1.0,VALID,SYNTHETIC,hash_cng_001313,True
1314,CONGESTION_PORT_DHAMRA,2024-11-24 00:00:00,2024-11-24 18:00:00,2.2,DAYS,3,v1.0,VALID,SYNTHETIC,hash_cng_001314,True
1315,CONGESTION_PORT_NEWCASTLE,2024-11-24 00:00:00,2024-11-24 18:00:00,4.3,DAYS,3,v1.0,VALID,SYNTHETIC,hash_cng_001315,True
1316,CONGESTION_PORT_HEDLAND,2024-11-24 00:00:00,2024-11-24 18:00:00,3.0,DAYS,3,v1.0,VALID,SYNTHETIC,hash_cng_001316,True
1317,CONGESTION_PORT_PARADIP,2024-11-25 00:00:00,2024-11-25 18:00:00,3.8,DAYS,3,v1.0,VALID,SYNTHETIC,hash_cng_001317,True
1318,CONGESTION_PORT_DHAMRA,2024-11-25 00:00:00,2024-11-25 18:00:00,2.1,DAYS,3,v1.0,VALID,SYNTHETIC,hash_cng_001318,True
1319,CONGESTION_PORT_NEWCASTLE,2024-11-25 00:00:00,2024-11-25 18:00:00,3.5,DAYS,3,v1.0,VALID,SYNTHETIC,hash_cng_001319,True
1320,CONGESTION_PORT_HEDLAND,2024-11-25 00:00:00,2024-11-25 18:00:00,3.5,DAYS,3,v1.0,VALID,SYNTHETIC,hash_cng_001320,True
1321,CONGESTION_PORT_PARADIP,2024-11-26 00:00:00,2024-11-26 18:00:00,3.7,DAYS,3,v1.0,VALID,SYNTHETIC,hash_cng_001321,True
1322,CONGESTION_PORT_DHAMRA,2024-11-26 00:00:00,2024-11-26 18:00:00,2.4,DAYS,3,v1.0,VALID,SYNTHETIC,hash_cng_001322,True
1323,CONGESTION_PORT_NEWCASTLE,2024-11-26 00:00:00,2024-11-26 18:00:00,3.3,DAYS,3,v1.0,VALID,SYNTHETIC,hash_cng_001323,True
1324,CONGESTION_PORT_HEDLAND,2024-11-26 00:00:00,2024-11-26 18:00:00,2.8,DAYS,3,v1.0,VALID,SYNTHETIC,hash_cng_001324,True
1325,CONGESTION_PORT_PARADIP,2024-11-27 00:00:00,2024-11-27 18:00:00,4.2,DAYS,3,v1.0,VALID,SYNTHETIC,hash_cng_001325,True
1326,CONGESTION_PORT_DHAMRA,2024-11-27 00:00:00,2024-11-27 18:00:00,2.0,DAYS,3,v1.0,VALID,SYNTHETIC,hash_cng_001326,True
1327,CONGESTION_PORT_NEWCASTLE,2024-11-27 00:00:00,2024-11-27 18:00:00,5.3,DAYS,3,v1.0,VALID,SYNTHETIC,hash_cng_001327,True
1328,CONGESTION_PORT_HEDLAND,2024-11-27 00:00:00,2024-11-27 18:00:00,2.7,DAYS,3,v1.0,VALID,SYNTHETIC,hash_cng_001328,True
1329,CONGESTION_PORT_PARADIP,2024-11-28 00:00:00,2024-11-28 18:00:00,4.1,DAYS,3,v1.0,VALID,SYNTHETIC,hash_cng_001329,True
1330,CONGESTION_PORT_DHAMRA,2024-11-28 00:00:00,2024-11-28 18:00:00,2.1,DAYS,3,v1.0,VALID,SYNTHETIC,hash_cng_001330,True
1331,CONGESTION_PORT_NEWCASTLE,2024-11-28 00:00:00,2024-11-28 18:00:00,4.3,DAYS,3,v1.0,VALID,SYNTHETIC,hash_cng_001331,True
1332,CONGESTION_PORT_HEDLAND,2024-11-28 00:00:00,2024-11-28 18:00:00,2.8,DAYS,3,v1.0,VALID,SYNTHETIC,hash_cng_001332,True
1333,CONGESTION_PORT_PARADIP,2024-11-29 00:00:00,2024-11-29 18:00:00,3.7,DAYS,3,v1.0,VALID,SYNTHETIC,hash_cng_001333,True
1334,CONGESTION_PORT_DHAMRA,2024-11-29 00:00:00,2024-11-29 18:00:00,2.2,DAYS,3,v1.0,VALID,SYNTHETIC,hash_cng_001334,True
1335,CONGESTION_PORT_NEWCASTLE,2024-11-29 00:00:00,2024-11-29 18:00:00,4.0,DAYS,3,v1.0,VALID,SYNTHETIC,hash_cng_001335,True
1336,CONGESTION_PORT_HEDLAND,2024-11-29 00:00:00,2024-11-29 18:00:00,3.0,DAYS,3,v1.0,VALID,SYNTHETIC,hash_cng_001336,True
1337,CONGESTION_PORT_PARADIP,2024-11-30 00:00:00,2024-11-30 18:00:00,4.6,DAYS,3,v1.0,VALID,SYNTHETIC,hash_cng_001337,True
1338,CONGESTION_PORT_DHAMRA,2024-11-30 00:00:00,2024-11-30 18:00:00,1.8,DAYS,3,v1.0,VALID,SYNTHETIC,hash_cng_001338,True
1339,CONGESTION_PORT_NEWCASTLE,2024-11-30 00:00:00,2024-11-30 18:00:00,4.0,DAYS,3,v1.0,VALID,SYNTHETIC,hash_cng_001339,True
1340,CONGESTION_PORT_HEDLAND,2024-11-30 00:00:00,2024-11-30 18:00:00,2.8,DAYS,3,v1.0,VALID,SYNTHETIC,hash_cng_001340,True
1341,CONGESTION_PORT_PARADIP,2024-12-01 00:00:00,2024-12-01 18:00:00,4.3,DAYS,3,v1.0,VALID,SYNTHETIC,hash_cng_001341,True
1342,CONGESTION_PORT_DHAMRA,2024-12-01 00:00:00,2024-12-01 18:00:00,1.9,DAYS,3,v1.0,VALID,SYNTHETIC,hash_cng_001342,True
1343,CONGESTION_PORT_NEWCASTLE,2024-12-01 00:00:00,2024-12-01 18:00:00,3.3,DAYS,3,v1.0,VALID,SYNTHETIC,hash_cng_001343,True
1344,CONGESTION_PORT_HEDLAND,2024-12-01 00:00:00,2024-12-01 18:00:00,3.2,DAYS,3,v1.0,VALID,SYNTHETIC,hash_cng_001344,True
1345,CONGESTION_PORT_PARADIP,2024-12-02 00:00:00,2024-12-02 18:00:00,4.7,DAYS,3,v1.0,VALID,SYNTHETIC,hash_cng_001345,True
1346,CONGESTION_PORT_DHAMRA,2024-12-02 00:00:00,2024-12-02 18:00:00,2.1,DAYS,3,v1.0,VALID,SYNTHETIC,hash_cng_001346,True
1347,CONGESTION_PORT_NEWCASTLE,2024-12-02 00:00:00,2024-12-02 18:00:00,5.1,DAYS,3,v1.0,VALID,SYNTHETIC,hash_cng_001347,True
1348,CONGESTION_PORT_HEDLAND,2024-12-02 00:00:00,2024-12-02 18:00:00,3.0,DAYS,3,v1.0,VALID,SYNTHETIC,hash_cng_001348,True
1349,CONGESTION_PORT_PARADIP,2024-12-03 00:00:00,2024-12-03 18:00:00,3.8,DAYS,3,v1.0,VALID,SYNTHETIC,hash_cng_001349,True
1350,CONGESTION_PORT_DHAMRA,2024-12-03 00:00:00,2024-12-03 18:00:00,2.0,DAYS,3,v1.0,VALID,SYNTHETIC,hash_cng_001350,True
1351,CONGESTION_PORT_NEWCASTLE,2024-12-03 00:00:00,2024-12-03 18:00:00,4.7,DAYS,3,v1.0,VALID,SYNTHETIC,hash_cng_001351,True
1352,CONGESTION_PORT_HEDLAND,2024-12-03 00:00:00,2024-12-03 18:00:00,3.1,DAYS,3,v1.0,VALID,SYNTHETIC,hash_cng_001352,True
1353,CONGESTION_PORT_PARADIP,2024-12-04 00:00:00,2024-12-04 18:00:00,4.3,DAYS,3,v1.0,VALID,SYNTHETIC,hash_cng_001353,True
1354,CONGESTION_PORT_DHAMRA,2024-12-04 00:00:00,2024-12-04 18:00:00,1.9,DAYS,3,v1.0,VALID,SYNTHETIC,hash_cng_001354,True
1355,CONGESTION_PORT_NEWCASTLE,2024-12-04 00:00:00,2024-12-04 18:00:00,4.3,DAYS,3,v1.0,VALID,SYNTHETIC,hash_cng_001355,True
1356,CONGESTION_PORT_HEDLAND,2024-12-04 00:00:00,2024-12-04 18:00:00,2.9,DAYS,3,v1.0,VALID,SYNTHETIC,hash_cng_001356,True
1357,CONGESTION_PORT_PARADIP,2024-12-05 00:00:00,2024-12-05 18:00:00,4.6,DAYS,3,v1.0,VALID,SYNTHETIC,hash_cng_001357,True
1358,CONGESTION_PORT_DHAMRA,2024-12-05 00:00:00,2024-12-05 18:00:00,1.8,DAYS,3,v1.0,VALID,SYNTHETIC,hash_cng_001358,True
1359,CONGESTION_PORT_NEWCASTLE,2024-12-05 00:00:00,2024-12-05 18:00:00,4.3,DAYS,3,v1.0,VALID,SYNTHETIC,hash_cng_001359,True
1360,CONGESTION_PORT_HEDLAND,2024-12-05 00:00:00,2024-12-05 18:00:00,3.1,DAYS,3,v1.0,VALID,SYNTHETIC,hash_cng_001360,True
1361,CONGESTION_PORT_PARADIP,2024-12-06 00:00:00,2024-12-06 18:00:00,4.5,DAYS,3,v1.0,VALID,SYNTHETIC,hash_cng_001361,True
1362,CONGESTION_PORT_DHAMRA,2024-12-06 00:00:00,2024-12-06 18:00:00,2.2,DAYS,3,v1.0,VALID,SYNTHETIC,hash_cng_001362,True
1363,CONGESTION_PORT_NEWCASTLE,2024-12-06 00:00:00,2024-12-06 18:00:00,4.6,DAYS,3,v1.0,VALID,SYNTHETIC,hash_cng_001363,True
1364,CONGESTION_PORT_HEDLAND,2024-12-06 00:00:00,2024-12-06 18:00:00,2.7,DAYS,3,v1.0,VALID,SYNTHETIC,hash_cng_001364,True
1365,CONGESTION_PORT_PARADIP,2024-12-07 00:00:00,2024-12-07 18:00:00,4.0,DAYS,3,v1.0,VALID,SYNTHETIC,hash_cng_001365,True
1366,CONGESTION_PORT_DHAMRA,2024-12-07 00:00:00,2024-12-07 18:00:00,2.2,DAYS,3,v1.0,VALID,SYNTHETIC,hash_cng_001366,True
1367,CONGESTION_PORT_NEWCASTLE,2024-12-07 00:00:00,2024-12-07 18:00:00,3.9,DAYS,3,v1.0,VALID,SYNTHETIC,hash_cng_001367,True
1368,CONGESTION_PORT_HEDLAND,2024-12-07 00:00:00,2024-12-07 18:00:00,3.4,DAYS,3,v1.0,VALID,SYNTHETIC,hash_cng_001368,True
1369,CONGESTION_PORT_PARADIP,2024-12-08 00:00:00,2024-12-08 18:00:00,4.2,DAYS,3,v1.0,VALID,SYNTHETIC,hash_cng_001369,True
1370,CONGESTION_PORT_DHAMRA,2024-12-08 00:00:00,2024-12-08 18:00:00,2.0,DAYS,3,v1.0,VALID,SYNTHETIC,hash_cng_001370,True
1371,CONGESTION_PORT_NEWCASTLE,2024-12-08 00:00:00,2024-12-08 18:00:00,4.0,DAYS,3,v1.0,VALID,SYNTHETIC,hash_cng_001371,True
1372,CONGESTION_PORT_HEDLAND,2024-12-08 00:00:00,2024-12-08 18:00:00,2.5,DAYS,3,v1.0,VALID,SYNTHETIC,hash_cng_001372,True
1373,CONGESTION_PORT_PARADIP,2024-12-09 00:00:00,2024-12-09 18:00:00,4.6,DAYS,3,v1.0,VALID,SYNTHETIC,hash_cng_001373,True
1374,CONGESTION_PORT_DHAMRA,2024-12-09 00:00:00,2024-12-09 18:00:00,2.2,DAYS,3,v1.0,VALID,SYNTHETIC,hash_cng_001374,True
1375,CONGESTION_PORT_NEWCASTLE,2024-12-09 00:00:00,2024-12-09 18:00:00,4.2,DAYS,3,v1.0,VALID,SYNTHETIC,hash_cng_001375,True
1376,CONGESTION_PORT_HEDLAND,2024-12-09 00:00:00,2024-12-09 18:00:00,3.0,DAYS,3,v1.0,VALID,SYNTHETIC,hash_cng_001376,True
1377,CONGESTION_PORT_PARADIP,2024-12-10 00:00:00,2024-12-10 18:00:00,4.9,DAYS,3,v1.0,VALID,SYNTHETIC,hash_cng_001377,True
1378,CONGESTION_PORT_DHAMRA,2024-12-10 00:00:00,2024-12-10 18:00:00,2.1,DAYS,3,v1.0,VALID,SYNTHETIC,hash_cng_001378,True
1379,CONGESTION_PORT_NEWCASTLE,2024-12-10 00:00:00,2024-12-10 18:00:00,5.0,DAYS,3,v1.0,VALID,SYNTHETIC,hash_cng_001379,True
1380,CONGESTION_PORT_HEDLAND,2024-12-10 00:00:00,2024-12-10 18:00:00,2.4,DAYS,3,v1.0,VALID,SYNTHETIC,hash_cng_001380,True
1381,CONGESTION_PORT_PARADIP,2024-12-11 00:00:00,2024-12-11 18:00:00,3.8,DAYS,3,v1.0,VALID,SYNTHETIC,hash_cng_001381,True
1382,CONGESTION_PORT_DHAMRA,2024-12-11 00:00:00,2024-12-11 18:00:00,2.2,DAYS,3,v1.0,VALID,SYNTHETIC,hash_cng_001382,True
1383,CONGESTION_PORT_NEWCASTLE,2024-12-11 00:00:00,2024-12-11 18:00:00,4.6,DAYS,3,v1.0,VALID,SYNTHETIC,hash_cng_001383,True
1384,CONGESTION_PORT_HEDLAND,2024-12-11 00:00:00,2024-12-11 18:00:00,3.0,DAYS,3,v1.0,VALID,SYNTHETIC,hash_cng_001384,True
1385,CONGESTION_PORT_PARADIP,2024-12-12 00:00:00,2024-12-12 18:00:00,4.6,DAYS,3,v1.0,VALID,SYNTHETIC,hash_cng_001385,True
1386,CONGESTION_PORT_DHAMRA,2024-12-12 00:00:00,2024-12-12 18:00:00,2.3,DAYS,3,v1.0,VALID,SYNTHETIC,hash_cng_001386,True
1387,CONGESTION_PORT_NEWCASTLE,2024-12-12 00:00:00,2024-12-12 18:00:00,4.9,DAYS,3,v1.0,VALID,SYNTHETIC,hash_cng_001387,True
1388,CONGESTION_PORT_HEDLAND,2024-12-12 00:00:00,2024-12-12 18:00:00,2.7,DAYS,3,v1.0,VALID,SYNTHETIC,hash_cng_001388,True
1389,CONGESTION_PORT_PARADIP,2024-12-13 00:00:00,2024-12-13 18:00:00,4.1,DAYS,3,v1.0,VALID,SYNTHETIC,hash_cng_001389,True
1390,CONGESTION_PORT_DHAMRA,2024-12-13 00:00:00,2024-12-13 18:00:00,2.2,DAYS,3,v1.0,VALID,SYNTHETIC,hash_cng_001390,True
1391,CONGESTION_PORT_NEWCASTLE,2024-12-13 00:00:00,2024-12-13 18:00:00,4.0,DAYS,3,v1.0,VALID,SYNTHETIC,hash_cng_001391,True
1392,CONGESTION_PORT_HEDLAND,2024-12-13 00:00:00,2024-12-13 18:00:00,2.8,DAYS,3,v1.0,VALID,SYNTHETIC,hash_cng_001392,True
1393,CONGESTION_PORT_PARADIP,2024-12-14 00:00:00,2024-12-14 18:00:00,3.6,DAYS,3,v1.0,VALID,SYNTHETIC,hash_cng_001393,True
1394,CONGESTION_PORT_DHAMRA,2024-12-14 00:00:00,2024-12-14 18:00:00,2.3,DAYS,3,v1.0,VALID,SYNTHETIC,hash_cng_001394,True
1395,CONGESTION_PORT_NEWCASTLE,2024-12-14 00:00:00,2024-12-14 18:00:00,5.1,DAYS,3,v1.0,VALID,SYNTHETIC,hash_cng_001395,True
1396,CONGESTION_PORT_HEDLAND,2024-12-14 00:00:00,2024-12-14 18:00:00,2.2,DAYS,3,v1.0,VALID,SYNTHETIC,hash_cng_001396,True
1397,CONGESTION_PORT_PARADIP,2024-12-15 00:00:00,2024-12-15 18:00:00,5.3,DAYS,3,v1.0,VALID,SYNTHETIC,hash_cng_001397,True
1398,CONGESTION_PORT_DHAMRA,2024-12-15 00:00:00,2024-12-15 18:00:00,1.9,DAYS,3,v1.0,VALID,SYNTHETIC,hash_cng_001398,True
1399,CONGESTION_PORT_NEWCASTLE,2024-12-15 00:00:00,2024-12-15 18:00:00,3.3,DAYS,3,v1.0,VALID,SYNTHETIC,hash_cng_001399,True
1400,CONGESTION_PORT_HEDLAND,2024-12-15 00:00:00,2024-12-15 18:00:00,2.9,DAYS,3,v1.0,VALID,SYNTHETIC,hash_cng_001400,True
1401,CONGESTION_PORT_PARADIP,2024-12-16 00:00:00,2024-12-16 18:00:00,4.6,DAYS,3,v1.0,VALID,SYNTHETIC,hash_cng_001401,True
1402,CONGESTION_PORT_DHAMRA,2024-12-16 00:00:00,2024-12-16 18:00:00,2.2,DAYS,3,v1.0,VALID,SYNTHETIC,hash_cng_001402,True
1403,CONGESTION_PORT_NEWCASTLE,2024-12-16 00:00:00,2024-12-16 18:00:00,4.8,DAYS,3,v1.0,VALID,SYNTHETIC,hash_cng_001403,True
1404,CONGESTION_PORT_HEDLAND,2024-12-16 00:00:00,2024-12-16 18:00:00,3.0,DAYS,3,v1.0,VALID,SYNTHETIC,hash_cng_001404,True
1405,CONGESTION_PORT_PARADIP,2024-12-17 00:00:00,2024-12-17 18:00:00,3.8,DAYS,3,v1.0,VALID,SYNTHETIC,hash_cng_001405,True
1406,CONGESTION_PORT_DHAMRA,2024-12-17 00:00:00,2024-12-17 18:00:00,2.1,DAYS,3,v1.0,VALID,SYNTHETIC,hash_cng_001406,True
1407,CONGESTION_PORT_NEWCASTLE,2024-12-17 00:00:00,2024-12-17 18:00:00,4.9,DAYS,3,v1.0,VALID,SYNTHETIC,hash_cng_001407,True
1408,CONGESTION_PORT_HEDLAND,2024-12-17 00:00:00,2024-12-17 18:00:00,3.2,DAYS,3,v1.0,VALID,SYNTHETIC,hash_cng_001408,True
1409,CONGESTION_PORT_PARADIP,2024-12-18 00:00:00,2024-12-18 18:00:00,4.0,DAYS,3,v1.0,VALID,SYNTHETIC,hash_cng_001409,True
1410,CONGESTION_PORT_DHAMRA,2024-12-18 00:00:00,2024-12-18 18:00:00,1.9,DAYS,3,v1.0,VALID,SYNTHETIC,hash_cng_001410,True
1411,CONGESTION_PORT_NEWCASTLE,2024-12-18 00:00:00,2024-12-18 18:00:00,5.0,DAYS,3,v1.0,VALID,SYNTHETIC,hash_cng_001411,True
1412,CONGESTION_PORT_HEDLAND,2024-12-18 00:00:00,2024-12-18 18:00:00,2.9,DAYS,3,v1.0,VALID,SYNTHETIC,hash_cng_001412,True
1413,CONGESTION_PORT_PARADIP,2024-12-19 00:00:00,2024-12-19 18:00:00,4.5,DAYS,3,v1.0,VALID,SYNTHETIC,hash_cng_001413,True
1414,CONGESTION_PORT_DHAMRA,2024-12-19 00:00:00,2024-12-19 18:00:00,2.0,DAYS,3,v1.0,VALID,SYNTHETIC,hash_cng_001414,True
1415,CONGESTION_PORT_NEWCASTLE,2024-12-19 00:00:00,2024-12-19 18:00:00,6.3,DAYS,3,v1.0,VALID,SYNTHETIC,hash_cng_001415,True
1416,CONGESTION_PORT_HEDLAND,2024-12-19 00:00:00,2024-12-19 18:00:00,2.9,DAYS,3,v1.0,VALID,SYNTHETIC,hash_cng_001416,True
1417,CONGESTION_PORT_PARADIP,2024-12-20 00:00:00,2024-12-20 18:00:00,3.7,DAYS,3,v1.0,VALID,SYNTHETIC,hash_cng_001417,True
1418,CONGESTION_PORT_DHAMRA,2024-12-20 00:00:00,2024-12-20 18:00:00,2.3,DAYS,3,v1.0,VALID,SYNTHETIC,hash_cng_001418,True
1419,CONGESTION_PORT_NEWCASTLE,2024-12-20 00:00:00,2024-12-20 18:00:00,4.8,DAYS,3,v1.0,VALID,SYNTHETIC,hash_cng_001419,True
1420,CONGESTION_PORT_HEDLAND,2024-12-20 00:00:00,2024-12-20 18:00:00,3.3,DAYS,3,v1.0,VALID,SYNTHETIC,hash_cng_001420,True
1421,CONGESTION_PORT_PARADIP,2024-12-21 00:00:00,2024-12-21 18:00:00,4.5,DAYS,3,v1.0,VALID,SYNTHETIC,hash_cng_001421,True
1422,CONGESTION_PORT_DHAMRA,2024-12-21 00:00:00,2024-12-21 18:00:00,2.0,DAYS,3,v1.0,VALID,SYNTHETIC,hash_cng_001422,True
1423,CONGESTION_PORT_NEWCASTLE,2024-12-21 00:00:00,2024-12-21 18:00:00,4.4,DAYS,3,v1.0,VALID,SYNTHETIC,hash_cng_001423,True
1424,CONGESTION_PORT_HEDLAND,2024-12-21 00:00:00,2024-12-21 18:00:00,2.8,DAYS,3,v1.0,VALID,SYNTHETIC,hash_cng_001424,True
1425,CONGESTION_PORT_PARADIP,2024-12-22 00:00:00,2024-12-22 18:00:00,3.8,DAYS,3,v1.0,VALID,SYNTHETIC,hash_cng_001425,True
1426,CONGESTION_PORT_DHAMRA,2024-12-22 00:00:00,2024-12-22 18:00:00,2.2,DAYS,3,v1.0,VALID,SYNTHETIC,hash_cng_001426,True
1427,CONGESTION_PORT_NEWCASTLE,2024-12-22 00:00:00,2024-12-22 18:00:00,5.6,DAYS,3,v1.0,VALID,SYNTHETIC,hash_cng_001427,True
1428,CONGESTION_PORT_HEDLAND,2024-12-22 00:00:00,2024-12-22 18:00:00,2.8,DAYS,3,v1.0,VALID,SYNTHETIC,hash_cng_001428,True
1429,CONGESTION_PORT_PARADIP,2024-12-23 00:00:00,2024-12-23 18:00:00,3.9,DAYS,3,v1.0,VALID,SYNTHETIC,hash_cng_001429,True
1430,CONGESTION_PORT_DHAMRA,2024-12-23 00:00:00,2024-12-23 18:00:00,2.1,DAYS,3,v1.0,VALID,SYNTHETIC,hash_cng_001430,True
1431,CONGESTION_PORT_NEWCASTLE,2024-12-23 00:00:00,2024-12-23 18:00:00,4.9,DAYS,3,v1.0,VALID,SYNTHETIC,hash_cng_001431,True
1432,CONGESTION_PORT_HEDLAND,2024-12-23 00:00:00,2024-12-23 18:00:00,2.9,DAYS,3,v1.0,VALID,SYNTHETIC,hash_cng_001432,True
1433,CONGESTION_PORT_PARADIP,2024-12-24 00:00:00,2024-12-24 18:00:00,4.0,DAYS,3,v1.0,VALID,SYNTHETIC,hash_cng_001433,True
1434,CONGESTION_PORT_DHAMRA,2024-12-24 00:00:00,2024-12-24 18:00:00,2.2,DAYS,3,v1.0,VALID,SYNTHETIC,hash_cng_001434,True
1435,CONGESTION_PORT_NEWCASTLE,2024-12-24 00:00:00,2024-12-24 18:00:00,5.3,DAYS,3,v1.0,VALID,SYNTHETIC,hash_cng_001435,True
1436,CONGESTION_PORT_HEDLAND,2024-12-24 00:00:00,2024-12-24 18:00:00,3.3,DAYS,3,v1.0,VALID,SYNTHETIC,hash_cng_001436,True
1437,CONGESTION_PORT_PARADIP,2024-12-25 00:00:00,2024-12-25 18:00:00,4.0,DAYS,3,v1.0,VALID,SYNTHETIC,hash_cng_001437,True
1438,CONGESTION_PORT_DHAMRA,2024-12-25 00:00:00,2024-12-25 18:00:00,2.1,DAYS,3,v1.0,VALID,SYNTHETIC,hash_cng_001438,True
1439,CONGESTION_PORT_NEWCASTLE,2024-12-25 00:00:00,2024-12-25 18:00:00,5.0,DAYS,3,v1.0,VALID,SYNTHETIC,hash_cng_001439,True
1440,CONGESTION_PORT_HEDLAND,2024-12-25 00:00:00,2024-12-25 18:00:00,3.1,DAYS,3,v1.0,VALID,SYNTHETIC,hash_cng_001440,True
1441,CONGESTION_PORT_PARADIP,2024-12-26 00:00:00,2024-12-26 18:00:00,4.0,DAYS,3,v1.0,VALID,SYNTHETIC,hash_cng_001441,True
1442,CONGESTION_PORT_DHAMRA,2024-12-26 00:00:00,2024-12-26 18:00:00,2.5,DAYS,3,v1.0,VALID,SYNTHETIC,hash_cng_001442,True
1443,CONGESTION_PORT_NEWCASTLE,2024-12-26 00:00:00,2024-12-26 18:00:00,4.6,DAYS,3,v1.0,VALID,SYNTHETIC,hash_cng_001443,True
1444,CONGESTION_PORT_HEDLAND,2024-12-26 00:00:00,2024-12-26 18:00:00,2.8,DAYS,3,v1.0,VALID,SYNTHETIC,hash_cng_001444,True
1445,CONGESTION_PORT_PARADIP,2024-12-27 00:00:00,2024-12-27 18:00:00,4.3,DAYS,3,v1.0,VALID,SYNTHETIC,hash_cng_001445,True
1446,CONGESTION_PORT_DHAMRA,2024-12-27 00:00:00,2024-12-27 18:00:00,2.8,DAYS,3,v1.0,VALID,SYNTHETIC,hash_cng_001446,True
1447,CONGESTION_PORT_NEWCASTLE,2024-12-27 00:00:00,2024-12-27 18:00:00,6.3,DAYS,3,v1.0,VALID,SYNTHETIC,hash_cng_001447,True
1448,CONGESTION_PORT_HEDLAND,2024-12-27 00:00:00,2024-12-27 18:00:00,2.8,DAYS,3,v1.0,VALID,SYNTHETIC,hash_cng_001448,True
1449,CONGESTION_PORT_PARADIP,2024-12-28 00:00:00,2024-12-28 18:00:00,4.5,DAYS,3,v1.0,VALID,SYNTHETIC,hash_cng_001449,True
1450,CONGESTION_PORT_DHAMRA,2024-12-28 00:00:00,2024-12-28 18:00:00,2.1,DAYS,3,v1.0,VALID,SYNTHETIC,hash_cng_001450,True
1451,CONGESTION_PORT_NEWCASTLE,2024-12-28 00:00:00,2024-12-28 18:00:00,6.4,DAYS,3,v1.0,VALID,SYNTHETIC,hash_cng_001451,True
1452,CONGESTION_PORT_HEDLAND,2024-12-28 00:00:00,2024-12-28 18:00:00,2.7,DAYS,3,v1.0,VALID,SYNTHETIC,hash_cng_001452,True
1453,CONGESTION_PORT_PARADIP,2024-12-29 00:00:00,2024-12-29 18:00:00,4.5,DAYS,3,v1.0,VALID,SYNTHETIC,hash_cng_001453,True
1454,CONGESTION_PORT_DHAMRA,2024-12-29 00:00:00,2024-12-29 18:00:00,2.2,DAYS,3,v1.0,VALID,SYNTHETIC,hash_cng_001454,True
1455,CONGESTION_PORT_NEWCASTLE,2024-12-29 00:00:00,2024-12-29 18:00:00,5.3,DAYS,3,v1.0,VALID,SYNTHETIC,hash_cng_001455,True
1456,CONGESTION_PORT_HEDLAND,2024-12-29 00:00:00,2024-12-29 18:00:00,2.4,DAYS,3,v1.0,VALID,SYNTHETIC,hash_cng_001456,True
1457,CONGESTION_PORT_PARADIP,2024-12-30 00:00:00,2024-12-30 18:00:00,3.7,DAYS,3,v1.0,VALID,SYNTHETIC,hash_cng_001457,True
1458,CONGESTION_PORT_DHAMRA,2024-12-30 00:00:00,2024-12-30 18:00:00,2.1,DAYS,3,v1.0,VALID,SYNTHETIC,hash_cng_001458,True
1459,CONGESTION_PORT_NEWCASTLE,2024-12-30 00:00:00,2024-12-30 18:00:00,5.6,DAYS,3,v1.0,VALID,SYNTHETIC,hash_cng_001459,True
1460,CONGESTION_PORT_HEDLAND,2024-12-30 00:00:00,2024-12-30 18:00:00,2.9,DAYS,3,v1.0,VALID,SYNTHETIC,hash_cng_001460,True
1461,CONGESTION_PORT_PARADIP,2024-12-31 00:00:00,2024-12-31 18:00:00,3.7,DAYS,3,v1.0,VALID,SYNTHETIC,hash_cng_001461,True
1462,CONGESTION_PORT_DHAMRA,2024-12-31 00:00:00,2024-12-31 18:00:00,2.0,DAYS,3,v1.0,VALID,SYNTHETIC,hash_cng_001462,True
1463,CONGESTION_PORT_NEWCASTLE,2024-12-31 00:00:00,2024-12-31 18:00:00,4.6,DAYS,3,v1.0,VALID,SYNTHETIC,hash_cng_001463,True
1464,CONGESTION_PORT_HEDLAND,2024-12-31 00:00:00,2024-12-31 18:00:00,2.8,DAYS,3,v1.0,VALID,SYNTHETIC,hash_cng_001464,True
1465,CONGESTION_PORT_PARADIP,2025-01-01 00:00:00,2025-01-01 18:00:00,3.9,DAYS,3,v1.0,VALID,SYNTHETIC,hash_cng_001465,True
1466,CONGESTION_PORT_DHAMRA,2025-01-01 00:00:00,2025-01-01 18:00:00,2.2,DAYS,3,v1.0,VALID,SYNTHETIC,hash_cng_001466,True
1467,CONGESTION_PORT_NEWCASTLE,2025-01-01 00:00:00,2025-01-01 18:00:00,5.6,DAYS,3,v1.0,VALID,SYNTHETIC,hash_cng_001467,True
1468,CONGESTION_PORT_HEDLAND,2025-01-01 00:00:00,2025-01-01 18:00:00,2.5,DAYS,3,v1.0,VALID,SYNTHETIC,hash_cng_001468,True
1469,CONGESTION_PORT_PARADIP,2025-01-02 00:00:00,2025-01-02 18:00:00,4.2,DAYS,3,v1.0,VALID,SYNTHETIC,hash_cng_001469,True
1470,CONGESTION_PORT_DHAMRA,2025-01-02 00:00:00,2025-01-02 18:00:00,2.0,DAYS,3,v1.0,VALID,SYNTHETIC,hash_cng_001470,True
1471,CONGESTION_PORT_NEWCASTLE,2025-01-02 00:00:00,2025-01-02 18:00:00,6.0,DAYS,3,v1.0,VALID,SYNTHETIC,hash_cng_001471,True
1472,CONGESTION_PORT_HEDLAND,2025-01-02 00:00:00,2025-01-02 18:00:00,3.2,DAYS,3,v1.0,VALID,SYNTHETIC,hash_cng_001472,True
1473,CONGESTION_PORT_PARADIP,2025-01-03 00:00:00,2025-01-03 18:00:00,3.3,DAYS,3,v1.0,VALID,SYNTHETIC,hash_cng_001473,True
1474,CONGESTION_PORT_DHAMRA,2025-01-03 00:00:00,2025-01-03 18:00:00,2.2,DAYS,3,v1.0,VALID,SYNTHETIC,hash_cng_001474,True
1475,CONGESTION_PORT_NEWCASTLE,2025-01-03 00:00:00,2025-01-03 18:00:00,5.7,DAYS,3,v1.0,VALID,SYNTHETIC,hash_cng_001475,True
1476,CONGESTION_PORT_HEDLAND,2025-01-03 00:00:00,2025-01-03 18:00:00,2.3,DAYS,3,v1.0,VALID,SYNTHETIC,hash_cng_001476,True
1477,CONGESTION_PORT_PARADIP,2025-01-04 00:00:00,2025-01-04 18:00:00,4.9,DAYS,3,v1.0,VALID,SYNTHETIC,hash_cng_001477,True
1478,CONGESTION_PORT_DHAMRA,2025-01-04 00:00:00,2025-01-04 18:00:00,2.1,DAYS,3,v1.0,VALID,SYNTHETIC,hash_cng_001478,True
1479,CONGESTION_PORT_NEWCASTLE,2025-01-04 00:00:00,2025-01-04 18:00:00,5.4,DAYS,3,v1.0,VALID,SYNTHETIC,hash_cng_001479,True
1480,CONGESTION_PORT_HEDLAND,2025-01-04 00:00:00,2025-01-04 18:00:00,2.8,DAYS,3,v1.0,VALID,SYNTHETIC,hash_cng_001480,True
1481,CONGESTION_PORT_PARADIP,2025-01-05 00:00:00,2025-01-05 18:00:00,4.2,DAYS,3,v1.0,VALID,SYNTHETIC,hash_cng_001481,True
1482,CONGESTION_PORT_DHAMRA,2025-01-05 00:00:00,2025-01-05 18:00:00,1.9,DAYS,3,v1.0,VALID,SYNTHETIC,hash_cng_001482,True
1483,CONGESTION_PORT_NEWCASTLE,2025-01-05 00:00:00,2025-01-05 18:00:00,5.5,DAYS,3,v1.0,VALID,SYNTHETIC,hash_cng_001483,True
1484,CONGESTION_PORT_HEDLAND,2025-01-05 00:00:00,2025-01-05 18:00:00,2.7,DAYS,3,v1.0,VALID,SYNTHETIC,hash_cng_001484,True
1485,CONGESTION_PORT_PARADIP,2025-01-06 00:00:00,2025-01-06 18:00:00,4.4,DAYS,3,v1.0,VALID,SYNTHETIC,hash_cng_001485,True
1486,CONGESTION_PORT_DHAMRA,2025-01-06 00:00:00,2025-01-06 18:00:00,2.0,DAYS,3,v1.0,VALID,SYNTHETIC,hash_cng_001486,True
1487,CONGESTION_PORT_NEWCASTLE,2025-01-06 00:00:00,2025-01-06 18:00:00,5.6,DAYS,3,v1.0,VALID,SYNTHETIC,hash_cng_001487,True
1488,CONGESTION_PORT_HEDLAND,2025-01-06 00:00:00,2025-01-06 18:00:00,2.6,DAYS,3,v1.0,VALID,SYNTHETIC,hash_cng_001488,True
1489,CONGESTION_PORT_PARADIP,2025-01-07 00:00:00,2025-01-07 18:00:00,3.7,DAYS,3,v1.0,VALID,SYNTHETIC,hash_cng_001489,True
1490,CONGESTION_PORT_DHAMRA,2025-01-07 00:00:00,2025-01-07 18:00:00,2.1,DAYS,3,v1.0,VALID,SYNTHETIC,hash_cng_001490,True
1491,CONGESTION_PORT_NEWCASTLE,2025-01-07 00:00:00,2025-01-07 18:00:00,5.8,DAYS,3,v1.0,VALID,SYNTHETIC,hash_cng_001491,True
1492,CONGESTION_PORT_HEDLAND,2025-01-07 00:00:00,2025-01-07 18:00:00,3.2,DAYS,3,v1.0,VALID,SYNTHETIC,hash_cng_001492,True
1493,CONGESTION_PORT_PARADIP,2025-01-08 00:00:00,2025-01-08 18:00:00,3.9,DAYS,3,v1.0,VALID,SYNTHETIC,hash_cng_001493,True
1494,CONGESTION_PORT_DHAMRA,2025-01-08 00:00:00,2025-01-08 18:00:00,2.4,DAYS,3,v1.0,VALID,SYNTHETIC,hash_cng_001494,True
1495,CONGESTION_PORT_NEWCASTLE,2025-01-08 00:00:00,2025-01-08 18:00:00,5.4,DAYS,3,v1.0,VALID,SYNTHETIC,hash_cng_001495,True
1496,CONGESTION_PORT_HEDLAND,2025-01-08 00:00:00,2025-01-08 18:00:00,3.1,DAYS,3,v1.0,VALID,SYNTHETIC,hash_cng_001496,True
1497,CONGESTION_PORT_PARADIP,2025-01-09 00:00:00,2025-01-09 18:00:00,4.0,DAYS,3,v1.0,VALID,SYNTHETIC,hash_cng_001497,True
1498,CONGESTION_PORT_DHAMRA,2025-01-09 00:00:00,2025-01-09 18:00:00,1.9,DAYS,3,v1.0,VALID,SYNTHETIC,hash_cng_001498,True
1499,CONGESTION_PORT_NEWCASTLE,2025-01-09 00:00:00,2025-01-09 18:00:00,5.7,DAYS,3,v1.0,VALID,SYNTHETIC,hash_cng_001499,True
1500,CONGESTION_PORT_HEDLAND,2025-01-09 00:00:00,2025-01-09 18:00:00,2.6,DAYS,3,v1.0,VALID,SYNTHETIC,hash_cng_001500,True
1501,CONGESTION_PORT_PARADIP,2025-01-10 00:00:00,2025-01-10 18:00:00,3.9,DAYS,3,v1.0,VALID,SYNTHETIC,hash_cng_001501,True
1502,CONGESTION_PORT_DHAMRA,2025-01-10 00:00:00,2025-01-10 18:00:00,2.2,DAYS,3,v1.0,VALID,SYNTHETIC,hash_cng_001502,True
1503,CONGESTION_PORT_NEWCASTLE,2025-01-10 00:00:00,2025-01-10 18:00:00,6.0,DAYS,3,v1.0,VALID,SYNTHETIC,hash_cng_001503,True
1504,CONGESTION_PORT_HEDLAND,2025-01-10 00:00:00,2025-01-10 18:00:00,2.9,DAYS,3,v1.0,VALID,SYNTHETIC,hash_cng_001504,True
1505,CONGESTION_PORT_PARADIP,2025-01-11 00:00:00,2025-01-11 18:00:00,4.2,DAYS,3,v1.0,VALID,SYNTHETIC,hash_cng_001505,True
1506,CONGESTION_PORT_DHAMRA,2025-01-11 00:00:00,2025-01-11 18:00:00,2.2,DAYS,3,v1.0,VALID,SYNTHETIC,hash_cng_001506,True
1507,CONGESTION_PORT_NEWCASTLE,2025-01-11 00:00:00,2025-01-11 18:00:00,6.5,DAYS,3,v1.0,VALID,SYNTHETIC,hash_cng_001507,True
1508,CONGESTION_PORT_HEDLAND,2025-01-11 00:00:00,2025-01-11 18:00:00,2.6,DAYS,3,v1.0,VALID,SYNTHETIC,hash_cng_001508,True
1509,CONGESTION_PORT_PARADIP,2025-01-12 00:00:00,2025-01-12 18:00:00,4.1,DAYS,3,v1.0,VALID,SYNTHETIC,hash_cng_001509,True
1510,CONGESTION_PORT_DHAMRA,2025-01-12 00:00:00,2025-01-12 18:00:00,2.0,DAYS,3,v1.0,VALID,SYNTHETIC,hash_cng_001510,True
1511,CONGESTION_PORT_NEWCASTLE,2025-01-12 00:00:00,2025-01-12 18:00:00,5.4,DAYS,3,v1.0,VALID,SYNTHETIC,hash_cng_001511,True
1512,CONGESTION_PORT_HEDLAND,2025-01-12 00:00:00,2025-01-12 18:00:00,3.0,DAYS,3,v1.0,VALID,SYNTHETIC,hash_cng_001512,True
1513,CONGESTION_PORT_PARADIP,2025-01-13 00:00:00,2025-01-13 18:00:00,4.1,DAYS,3,v1.0,VALID,SYNTHETIC,hash_cng_001513,True
1514,CONGESTION_PORT_DHAMRA,2025-01-13 00:00:00,2025-01-13 18:00:00,1.8,DAYS,3,v1.0,VALID,SYNTHETIC,hash_cng_001514,True
1515,CONGESTION_PORT_NEWCASTLE,2025-01-13 00:00:00,2025-01-13 18:00:00,6.8,DAYS,3,v1.0,VALID,SYNTHETIC,hash_cng_001515,True
1516,CONGESTION_PORT_HEDLAND,2025-01-13 00:00:00,2025-01-13 18:00:00,3.0,DAYS,3,v1.0,VALID,SYNTHETIC,hash_cng_001516,True
1517,CONGESTION_PORT_PARADIP,2025-01-14 00:00:00,2025-01-14 18:00:00,4.0,DAYS,3,v1.0,VALID,SYNTHETIC,hash_cng_001517,True
1518,CONGESTION_PORT_DHAMRA,2025-01-14 00:00:00,2025-01-14 18:00:00,2.2,DAYS,3,v1.0,VALID,SYNTHETIC,hash_cng_001518,True
1519,CONGESTION_PORT_NEWCASTLE,2025-01-14 00:00:00,2025-01-14 18:00:00,4.9,DAYS,3,v1.0,VALID,SYNTHETIC,hash_cng_001519,True
1520,CONGESTION_PORT_HEDLAND,2025-01-14 00:00:00,2025-01-14 18:00:00,2.2,DAYS,3,v1.0,VALID,SYNTHETIC,hash_cng_001520,True
1521,CONGESTION_PORT_PARADIP,2025-01-15 00:00:00,2025-01-15 18:00:00,3.8,DAYS,3,v1.0,VALID,SYNTHETIC,hash_cng_001521,True
1522,CONGESTION_PORT_DHAMRA,2025-01-15 00:00:00,2025-01-15 18:00:00,2.4,DAYS,3,v1.0,VALID,SYNTHETIC,hash_cng_001522,True
1523,CONGESTION_PORT_NEWCASTLE,2025-01-15 00:00:00,2025-01-15 18:00:00,7.4,DAYS,3,v1.0,VALID,SYNTHETIC,hash_cng_001523,True
1524,CONGESTION_PORT_HEDLAND,2025-01-15 00:00:00,2025-01-15 18:00:00,2.9,DAYS,3,v1.0,VALID,SYNTHETIC,hash_cng_001524,True
1525,CONGESTION_PORT_PARADIP,2025-01-16 00:00:00,2025-01-16 18:00:00,3.9,DAYS,3,v1.0,VALID,SYNTHETIC,hash_cng_001525,True
1526,CONGESTION_PORT_DHAMRA,2025-01-16 00:00:00,2025-01-16 18:00:00,2.2,DAYS,3,v1.0,VALID,SYNTHETIC,hash_cng_001526,True
1527,CONGESTION_PORT_NEWCASTLE,2025-01-16 00:00:00,2025-01-16 18:00:00,7.0,DAYS,3,v1.0,VALID,SYNTHETIC,hash_cng_001527,True
1528,CONGESTION_PORT_HEDLAND,2025-01-16 00:00:00,2025-01-16 18:00:00,2.8,DAYS,3,v1.0,VALID,SYNTHETIC,hash_cng_001528,True
1529,CONGESTION_PORT_PARADIP,2025-01-17 00:00:00,2025-01-17 18:00:00,4.0,DAYS,3,v1.0,VALID,SYNTHETIC,hash_cng_001529,True
1530,CONGESTION_PORT_DHAMRA,2025-01-17 00:00:00,2025-01-17 18:00:00,2.2,DAYS,3,v1.0,VALID,SYNTHETIC,hash_cng_001530,True
1531,CONGESTION_PORT_NEWCASTLE,2025-01-17 00:00:00,2025-01-17 18:00:00,7.5,DAYS,3,v1.0,VALID,SYNTHETIC,hash_cng_001531,True
1532,CONGESTION_PORT_HEDLAND,2025-01-17 00:00:00,2025-01-17 18:00:00,2.8,DAYS,3,v1.0,VALID,SYNTHETIC,hash_cng_001532,True
1533,CONGESTION_PORT_PARADIP,2025-01-18 00:00:00,2025-01-18 18:00:00,4.0,DAYS,3,v1.0,VALID,SYNTHETIC,hash_cng_001533,True
1534,CONGESTION_PORT_DHAMRA,2025-01-18 00:00:00,2025-01-18 18:00:00,2.0,DAYS,3,v1.0,VALID,SYNTHETIC,hash_cng_001534,True
1535,CONGESTION_PORT_NEWCASTLE,2025-01-18 00:00:00,2025-01-18 18:00:00,6.0,DAYS,3,v1.0,VALID,SYNTHETIC,hash_cng_001535,True
1536,CONGESTION_PORT_HEDLAND,2025-01-18 00:00:00,2025-01-18 18:00:00,2.5,DAYS,3,v1.0,VALID,SYNTHETIC,hash_cng_001536,True
1537,CONGESTION_PORT_PARADIP,2025-01-19 00:00:00,2025-01-19 18:00:00,4.4,DAYS,3,v1.0,VALID,SYNTHETIC,hash_cng_001537,True
1538,CONGESTION_PORT_DHAMRA,2025-01-19 00:00:00,2025-01-19 18:00:00,2.2,DAYS,3,v1.0,VALID,SYNTHETIC,hash_cng_001538,True
1539,CONGESTION_PORT_NEWCASTLE,2025-01-19 00:00:00,2025-01-19 18:00:00,6.3,DAYS,3,v1.0,VALID,SYNTHETIC,hash_cng_001539,True
1540,CONGESTION_PORT_HEDLAND,2025-01-19 00:00:00,2025-01-19 18:00:00,2.5,DAYS,3,v1.0,VALID,SYNTHETIC,hash_cng_001540,True
1541,CONGESTION_PORT_PARADIP,2025-01-20 00:00:00,2025-01-20 18:00:00,3.9,DAYS,3,v1.0,VALID,SYNTHETIC,hash_cng_001541,True
1542,CONGESTION_PORT_DHAMRA,2025-01-20 00:00:00,2025-01-20 18:00:00,2.1,DAYS,3,v1.0,VALID,SYNTHETIC,hash_cng_001542,True
1543,CONGESTION_PORT_NEWCASTLE,2025-01-20 00:00:00,2025-01-20 18:00:00,6.2,DAYS,3,v1.0,VALID,SYNTHETIC,hash_cng_001543,True
1544,CONGESTION_PORT_HEDLAND,2025-01-20 00:00:00,2025-01-20 18:00:00,3.2,DAYS,3,v1.0,VALID,SYNTHETIC,hash_cng_001544,True
1545,CONGESTION_PORT_PARADIP,2025-01-21 00:00:00,2025-01-21 18:00:00,4.6,DAYS,3,v1.0,VALID,SYNTHETIC,hash_cng_001545,True
1546,CONGESTION_PORT_DHAMRA,2025-01-21 00:00:00,2025-01-21 18:00:00,2.1,DAYS,3,v1.0,VALID,SYNTHETIC,hash_cng_001546,True
1547,CONGESTION_PORT_NEWCASTLE,2025-01-21 00:00:00,2025-01-21 18:00:00,6.7,DAYS,3,v1.0,VALID,SYNTHETIC,hash_cng_001547,True
1548,CONGESTION_PORT_HEDLAND,2025-01-21 00:00:00,2025-01-21 18:00:00,3.4,DAYS,3,v1.0,VALID,SYNTHETIC,hash_cng_001548,True
1549,CONGESTION_PORT_PARADIP,2025-01-22 00:00:00,2025-01-22 18:00:00,4.0,DAYS,3,v1.0,VALID,SYNTHETIC,hash_cng_001549,True
1550,CONGESTION_PORT_DHAMRA,2025-01-22 00:00:00,2025-01-22 18:00:00,2.0,DAYS,3,v1.0,VALID,SYNTHETIC,hash_cng_001550,True
1551,CONGESTION_PORT_NEWCASTLE,2025-01-22 00:00:00,2025-01-22 18:00:00,7.0,DAYS,3,v1.0,VALID,SYNTHETIC,hash_cng_001551,True
1552,CONGESTION_PORT_HEDLAND,2025-01-22 00:00:00,2025-01-22 18:00:00,2.9,DAYS,3,v1.0,VALID,SYNTHETIC,hash_cng_001552,True
1553,CONGESTION_PORT_PARADIP,2025-01-23 00:00:00,2025-01-23 18:00:00,4.3,DAYS,3,v1.0,VALID,SYNTHETIC,hash_cng_001553,True
1554,CONGESTION_PORT_DHAMRA,2025-01-23 00:00:00,2025-01-23 18:00:00,2.0,DAYS,3,v1.0,VALID,SYNTHETIC,hash_cng_001554,True
1555,CONGESTION_PORT_NEWCASTLE,2025-01-23 00:00:00,2025-01-23 18:00:00,5.6,DAYS,3,v1.0,VALID,SYNTHETIC,hash_cng_001555,True
1556,CONGESTION_PORT_HEDLAND,2025-01-23 00:00:00,2025-01-23 18:00:00,2.1,DAYS,3,v1.0,VALID,SYNTHETIC,hash_cng_001556,True
1557,CONGESTION_PORT_PARADIP,2025-01-24 00:00:00,2025-01-24 18:00:00,4.9,DAYS,3,v1.0,VALID,SYNTHETIC,hash_cng_001557,True
1558,CONGESTION_PORT_DHAMRA,2025-01-24 00:00:00,2025-01-24 18:00:00,1.9,DAYS,3,v1.0,VALID,SYNTHETIC,hash_cng_001558,True
1559,CONGESTION_PORT_NEWCASTLE,2025-01-24 00:00:00,2025-01-24 18:00:00,6.0,DAYS,3,v1.0,VALID,SYNTHETIC,hash_cng_001559,True
1560,CONGESTION_PORT_HEDLAND,2025-01-24 00:00:00,2025-01-24 18:00:00,2.3,DAYS,3,v1.0,VALID,SYNTHETIC,hash_cng_001560,True
1561,CONGESTION_PORT_PARADIP,2025-01-25 00:00:00,2025-01-25 18:00:00,4.8,DAYS,3,v1.0,VALID,SYNTHETIC,hash_cng_001561,True
1562,CONGESTION_PORT_DHAMRA,2025-01-25 00:00:00,2025-01-25 18:00:00,1.7,DAYS,3,v1.0,VALID,SYNTHETIC,hash_cng_001562,True
1563,CONGESTION_PORT_NEWCASTLE,2025-01-25 00:00:00,2025-01-25 18:00:00,5.9,DAYS,3,v1.0,VALID,SYNTHETIC,hash_cng_001563,True
1564,CONGESTION_PORT_HEDLAND,2025-01-25 00:00:00,2025-01-25 18:00:00,3.2,DAYS,3,v1.0,VALID,SYNTHETIC,hash_cng_001564,True
1565,CONGESTION_PORT_PARADIP,2025-01-26 00:00:00,2025-01-26 18:00:00,4.4,DAYS,3,v1.0,VALID,SYNTHETIC,hash_cng_001565,True
1566,CONGESTION_PORT_DHAMRA,2025-01-26 00:00:00,2025-01-26 18:00:00,1.9,DAYS,3,v1.0,VALID,SYNTHETIC,hash_cng_001566,True
1567,CONGESTION_PORT_NEWCASTLE,2025-01-26 00:00:00,2025-01-26 18:00:00,7.1,DAYS,3,v1.0,VALID,SYNTHETIC,hash_cng_001567,True
1568,CONGESTION_PORT_HEDLAND,2025-01-26 00:00:00,2025-01-26 18:00:00,2.9,DAYS,3,v1.0,VALID,SYNTHETIC,hash_cng_001568,True
1569,CONGESTION_PORT_PARADIP,2025-01-27 00:00:00,2025-01-27 18:00:00,4.0,DAYS,3,v1.0,VALID,SYNTHETIC,hash_cng_001569,True
1570,CONGESTION_PORT_DHAMRA,2025-01-27 00:00:00,2025-01-27 18:00:00,2.0,DAYS,3,v1.0,VALID,SYNTHETIC,hash_cng_001570,True
1571,CONGESTION_PORT_NEWCASTLE,2025-01-27 00:00:00,2025-01-27 18:00:00,6.0,DAYS,3,v1.0,VALID,SYNTHETIC,hash_cng_001571,True
1572,CONGESTION_PORT_HEDLAND,2025-01-27 00:00:00,2025-01-27 18:00:00,2.6,DAYS,3,v1.0,VALID,SYNTHETIC,hash_cng_001572,True
1573,CONGESTION_PORT_PARADIP,2025-01-28 00:00:00,2025-01-28 18:00:00,3.9,DAYS,3,v1.0,VALID,SYNTHETIC,hash_cng_001573,True
1574,CONGESTION_PORT_DHAMRA,2025-01-28 00:00:00,2025-01-28 18:00:00,2.2,DAYS,3,v1.0,VALID,SYNTHETIC,hash_cng_001574,True
1575,CONGESTION_PORT_NEWCASTLE,2025-01-28 00:00:00,2025-01-28 18:00:00,6.5,DAYS,3,v1.0,VALID,SYNTHETIC,hash_cng_001575,True
1576,CONGESTION_PORT_HEDLAND,2025-01-28 00:00:00,2025-01-28 18:00:00,3.2,DAYS,3,v1.0,VALID,SYNTHETIC,hash_cng_001576,True
1577,CONGESTION_PORT_PARADIP,2025-01-29 00:00:00,2025-01-29 18:00:00,4.9,DAYS,3,v1.0,VALID,SYNTHETIC,hash_cng_001577,True
1578,CONGESTION_PORT_DHAMRA,2025-01-29 00:00:00,2025-01-29 18:00:00,1.9,DAYS,3,v1.0,VALID,SYNTHETIC,hash_cng_001578,True
1579,CONGESTION_PORT_NEWCASTLE,2025-01-29 00:00:00,2025-01-29 18:00:00,6.2,DAYS,3,v1.0,VALID,SYNTHETIC,hash_cng_001579,True
1580,CONGESTION_PORT_HEDLAND,2025-01-29 00:00:00,2025-01-29 18:00:00,2.5,DAYS,3,v1.0,VALID,SYNTHETIC,hash_cng_001580,True
1581,CONGESTION_PORT_PARADIP,2025-01-30 00:00:00,2025-01-30 18:00:00,4.2,DAYS,3,v1.0,VALID,SYNTHETIC,hash_cng_001581,True
1582,CONGESTION_PORT_DHAMRA,2025-01-30 00:00:00,2025-01-30 18:00:00,1.9,DAYS,3,v1.0,VALID,SYNTHETIC,hash_cng_001582,True
1583,CONGESTION_PORT_NEWCASTLE,2025-01-30 00:00:00,2025-01-30 18:00:00,7.3,DAYS,3,v1.0,VALID,SYNTHETIC,hash_cng_001583,True
1584,CONGESTION_PORT_HEDLAND,2025-01-30 00:00:00,2025-01-30 18:00:00,2.7,DAYS,3,v1.0,VALID,SYNTHETIC,hash_cng_001584,True
1585,CONGESTION_PORT_PARADIP,2025-01-31 00:00:00,2025-01-31 18:00:00,4.4,DAYS,3,v1.0,VALID,SYNTHETIC,hash_cng_001585,True
1586,CONGESTION_PORT_DHAMRA,2025-01-31 00:00:00,2025-01-31 18:00:00,1.7,DAYS,3,v1.0,VALID,SYNTHETIC,hash_cng_001586,True
1587,CONGESTION_PORT_NEWCASTLE,2025-01-31 00:00:00,2025-01-31 18:00:00,6.5,DAYS,3,v1.0,VALID,SYNTHETIC,hash_cng_001587,True
1588,CONGESTION_PORT_HEDLAND,2025-01-31 00:00:00,2025-01-31 18:00:00,2.4,DAYS,3,v1.0,VALID,SYNTHETIC,hash_cng_001588,True
1589,CONGESTION_PORT_PARADIP,2025-02-01 00:00:00,2025-02-01 18:00:00,4.8,DAYS,3,v1.0,VALID,SYNTHETIC,hash_cng_001589,True
1590,CONGESTION_PORT_DHAMRA,2025-02-01 00:00:00,2025-02-01 18:00:00,2.1,DAYS,3,v1.0,VALID,SYNTHETIC,hash_cng_001590,True
1591,CONGESTION_PORT_NEWCASTLE,2025-02-01 00:00:00,2025-02-01 18:00:00,7.5,DAYS,3,v1.0,VALID,SYNTHETIC,hash_cng_001591,True
1592,CONGESTION_PORT_HEDLAND,2025-02-01 00:00:00,2025-02-01 18:00:00,2.5,DAYS,3,v1.0,VALID,SYNTHETIC,hash_cng_001592,True
1593,CONGESTION_PORT_PARADIP,2025-02-02 00:00:00,2025-02-02 18:00:00,4.5,DAYS,3,v1.0,VALID,SYNTHETIC,hash_cng_001593,True
1594,CONGESTION_PORT_DHAMRA,2025-02-02 00:00:00,2025-02-02 18:00:00,1.9,DAYS,3,v1.0,VALID,SYNTHETIC,hash_cng_001594,True
1595,CONGESTION_PORT_NEWCASTLE,2025-02-02 00:00:00,2025-02-02 18:00:00,6.4,DAYS,3,v1.0,VALID,SYNTHETIC,hash_cng_001595,True
1596,CONGESTION_PORT_HEDLAND,2025-02-02 00:00:00,2025-02-02 18:00:00,3.0,DAYS,3,v1.0,VALID,SYNTHETIC,hash_cng_001596,True
1597,CONGESTION_PORT_PARADIP,2025-02-03 00:00:00,2025-02-03 18:00:00,3.5,DAYS,3,v1.0,VALID,SYNTHETIC,hash_cng_001597,True
1598,CONGESTION_PORT_DHAMRA,2025-02-03 00:00:00,2025-02-03 18:00:00,1.6,DAYS,3,v1.0,VALID,SYNTHETIC,hash_cng_001598,True
1599,CONGESTION_PORT_NEWCASTLE,2025-02-03 00:00:00,2025-02-03 18:00:00,6.8,DAYS,3,v1.0,VALID,SYNTHETIC,hash_cng_001599,True
1600,CONGESTION_PORT_HEDLAND,2025-02-03 00:00:00,2025-02-03 18:00:00,2.6,DAYS,3,v1.0,VALID,SYNTHETIC,hash_cng_001600,True
1601,CONGESTION_PORT_PARADIP,2025-02-04 00:00:00,2025-02-04 18:00:00,3.4,DAYS,3,v1.0,VALID,SYNTHETIC,hash_cng_001601,True
1602,CONGESTION_PORT_DHAMRA,2025-02-04 00:00:00,2025-02-04 18:00:00,2.1,DAYS,3,v1.0,VALID,SYNTHETIC,hash_cng_001602,True
1603,CONGESTION_PORT_NEWCASTLE,2025-02-04 00:00:00,2025-02-04 18:00:00,6.4,DAYS,3,v1.0,VALID,SYNTHETIC,hash_cng_001603,True
1604,CONGESTION_PORT_HEDLAND,2025-02-04 00:00:00,2025-02-04 18:00:00,3.0,DAYS,3,v1.0,VALID,SYNTHETIC,hash_cng_001604,True
1605,CONGESTION_PORT_PARADIP,2025-02-05 00:00:00,2025-02-05 18:00:00,3.6,DAYS,3,v1.0,VALID,SYNTHETIC,hash_cng_001605,True
1606,CONGESTION_PORT_DHAMRA,2025-02-05 00:00:00,2025-02-05 18:00:00,2.2,DAYS,3,v1.0,VALID,SYNTHETIC,hash_cng_001606,True
1607,CONGESTION_PORT_NEWCASTLE,2025-02-05 00:00:00,2025-02-05 18:00:00,7.3,DAYS,3,v1.0,VALID,SYNTHETIC,hash_cng_001607,True
1608,CONGESTION_PORT_HEDLAND,2025-02-05 00:00:00,2025-02-05 18:00:00,2.9,DAYS,3,v1.0,VALID,SYNTHETIC,hash_cng_001608,True
1609,CONGESTION_PORT_PARADIP,2025-02-06 00:00:00,2025-02-06 18:00:00,4.7,DAYS,3,v1.0,VALID,SYNTHETIC,hash_cng_001609,True
1610,CONGESTION_PORT_DHAMRA,2025-02-06 00:00:00,2025-02-06 18:00:00,2.3,DAYS,3,v1.0,VALID,SYNTHETIC,hash_cng_001610,True
1611,CONGESTION_PORT_NEWCASTLE,2025-02-06 00:00:00,2025-02-06 18:00:00,8.0,DAYS,3,v1.0,VALID,SYNTHETIC,hash_cng_001611,True
1612,CONGESTION_PORT_HEDLAND,2025-02-06 00:00:00,2025-02-06 18:00:00,2.9,DAYS,3,v1.0,VALID,SYNTHETIC,hash_cng_001612,True
1613,CONGESTION_PORT_PARADIP,2025-02-07 00:00:00,2025-02-07 18:00:00,4.2,DAYS,3,v1.0,VALID,SYNTHETIC,hash_cng_001613,True
1614,CONGESTION_PORT_DHAMRA,2025-02-07 00:00:00,2025-02-07 18:00:00,2.3,DAYS,3,v1.0,VALID,SYNTHETIC,hash_cng_001614,True
1615,CONGESTION_PORT_NEWCASTLE,2025-02-07 00:00:00,2025-02-07 18:00:00,7.6,DAYS,3,v1.0,VALID,SYNTHETIC,hash_cng_001615,True
1616,CONGESTION_PORT_HEDLAND,2025-02-07 00:00:00,2025-02-07 18:00:00,3.0,DAYS,3,v1.0,VALID,SYNTHETIC,hash_cng_001616,True
1617,CONGESTION_PORT_PARADIP,2025-02-08 00:00:00,2025-02-08 18:00:00,4.1,DAYS,3,v1.0,VALID,SYNTHETIC,hash_cng_001617,True
1618,CONGESTION_PORT_DHAMRA,2025-02-08 00:00:00,2025-02-08 18:00:00,2.3,DAYS,3,v1.0,VALID,SYNTHETIC,hash_cng_001618,True
1619,CONGESTION_PORT_NEWCASTLE,2025-02-08 00:00:00,2025-02-08 18:00:00,6.3,DAYS,3,v1.0,VALID,SYNTHETIC,hash_cng_001619,True
1620,CONGESTION_PORT_HEDLAND,2025-02-08 00:00:00,2025-02-08 18:00:00,3.1,DAYS,3,v1.0,VALID,SYNTHETIC,hash_cng_001620,True
1621,CONGESTION_PORT_PARADIP,2025-02-09 00:00:00,2025-02-09 18:00:00,4.4,DAYS,3,v1.0,VALID,SYNTHETIC,hash_cng_001621,True
1622,CONGESTION_PORT_DHAMRA,2025-02-09 00:00:00,2025-02-09 18:00:00,2.0,DAYS,3,v1.0,VALID,SYNTHETIC,hash_cng_001622,True
1623,CONGESTION_PORT_NEWCASTLE,2025-02-09 00:00:00,2025-02-09 18:00:00,7.6,DAYS,3,v1.0,VALID,SYNTHETIC,hash_cng_001623,True
1624,CONGESTION_PORT_HEDLAND,2025-02-09 00:00:00,2025-02-09 18:00:00,2.9,DAYS,3,v1.0,VALID,SYNTHETIC,hash_cng_001624,True
1625,CONGESTION_PORT_PARADIP,2025-02-10 00:00:00,2025-02-10 18:00:00,4.2,DAYS,3,v1.0,VALID,SYNTHETIC,hash_cng_001625,True
1626,CONGESTION_PORT_DHAMRA,2025-02-10 00:00:00,2025-02-10 18:00:00,2.3,DAYS,3,v1.0,VALID,SYNTHETIC,hash_cng_001626,True
1627,CONGESTION_PORT_NEWCASTLE,2025-02-10 00:00:00,2025-02-10 18:00:00,7.8,DAYS,3,v1.0,VALID,SYNTHETIC,hash_cng_001627,True
1628,CONGESTION_PORT_HEDLAND,2025-02-10 00:00:00,2025-02-10 18:00:00,2.6,DAYS,3,v1.0,VALID,SYNTHETIC,hash_cng_001628,True
1629,CONGESTION_PORT_PARADIP,2025-02-11 00:00:00,2025-02-11 18:00:00,3.9,DAYS,3,v1.0,VALID,SYNTHETIC,hash_cng_001629,True
1630,CONGESTION_PORT_DHAMRA,2025-02-11 00:00:00,2025-02-11 18:00:00,2.3,DAYS,3,v1.0,VALID,SYNTHETIC,hash_cng_001630,True
1631,CONGESTION_PORT_NEWCASTLE,2025-02-11 00:00:00,2025-02-11 18:00:00,7.4,DAYS,3,v1.0,VALID,SYNTHETIC,hash_cng_001631,True
1632,CONGESTION_PORT_HEDLAND,2025-02-11 00:00:00,2025-02-11 18:00:00,3.0,DAYS,3,v1.0,VALID,SYNTHETIC,hash_cng_001632,True
1633,CONGESTION_PORT_PARADIP,2025-02-12 00:00:00,2025-02-12 18:00:00,4.7,DAYS,3,v1.0,VALID,SYNTHETIC,hash_cng_001633,True
1634,CONGESTION_PORT_DHAMRA,2025-02-12 00:00:00,2025-02-12 18:00:00,1.7,DAYS,3,v1.0,VALID,SYNTHETIC,hash_cng_001634,True
1635,CONGESTION_PORT_NEWCASTLE,2025-02-12 00:00:00,2025-02-12 18:00:00,7.6,DAYS,3,v1.0,VALID,SYNTHETIC,hash_cng_001635,True
1636,CONGESTION_PORT_HEDLAND,2025-02-12 00:00:00,2025-02-12 18:00:00,2.7,DAYS,3,v1.0,VALID,SYNTHETIC,hash_cng_001636,True
1637,CONGESTION_PORT_PARADIP,2025-02-13 00:00:00,2025-02-13 18:00:00,4.5,DAYS,3,v1.0,VALID,SYNTHETIC,hash_cng_001637,True
1638,CONGESTION_PORT_DHAMRA,2025-02-13 00:00:00,2025-02-13 18:00:00,2.3,DAYS,3,v1.0,VALID,SYNTHETIC,hash_cng_001638,True
1639,CONGESTION_PORT_NEWCASTLE,2025-02-13 00:00:00,2025-02-13 18:00:00,6.3,DAYS,3,v1.0,VALID,SYNTHETIC,hash_cng_001639,True
1640,CONGESTION_PORT_HEDLAND,2025-02-13 00:00:00,2025-02-13 18:00:00,2.5,DAYS,3,v1.0,VALID,SYNTHETIC,hash_cng_001640,True
1641,CONGESTION_PORT_PARADIP,2025-02-14 00:00:00,2025-02-14 18:00:00,4.4,DAYS,3,v1.0,VALID,SYNTHETIC,hash_cng_001641,True
1642,CONGESTION_PORT_DHAMRA,2025-02-14 00:00:00,2025-02-14 18:00:00,2.1,DAYS,3,v1.0,VALID,SYNTHETIC,hash_cng_001642,True
1643,CONGESTION_PORT_NEWCASTLE,2025-02-14 00:00:00,2025-02-14 18:00:00,7.1,DAYS,3,v1.0,VALID,SYNTHETIC,hash_cng_001643,True
1644,CONGESTION_PORT_HEDLAND,2025-02-14 00:00:00,2025-02-14 18:00:00,2.7,DAYS,3,v1.0,VALID,SYNTHETIC,hash_cng_001644,True
1645,CONGESTION_PORT_PARADIP,2025-02-15 00:00:00,2025-02-15 18:00:00,4.6,DAYS,3,v1.0,VALID,SYNTHETIC,hash_cng_001645,True
1646,CONGESTION_PORT_DHAMRA,2025-02-15 00:00:00,2025-02-15 18:00:00,1.8,DAYS,3,v1.0,VALID,SYNTHETIC,hash_cng_001646,True
1647,CONGESTION_PORT_NEWCASTLE,2025-02-15 00:00:00,2025-02-15 18:00:00,7.0,DAYS,3,v1.0,VALID,SYNTHETIC,hash_cng_001647,True
1648,CONGESTION_PORT_HEDLAND,2025-02-15 00:00:00,2025-02-15 18:00:00,2.9,DAYS,3,v1.0,VALID,SYNTHETIC,hash_cng_001648,True
1649,CONGESTION_PORT_PARADIP,2025-02-16 00:00:00,2025-02-16 18:00:00,4.3,DAYS,3,v1.0,VALID,SYNTHETIC,hash_cng_001649,True
1650,CONGESTION_PORT_DHAMRA,2025-02-16 00:00:00,2025-02-16 18:00:00,2.1,DAYS,3,v1.0,VALID,SYNTHETIC,hash_cng_001650,True
1651,CONGESTION_PORT_NEWCASTLE,2025-02-16 00:00:00,2025-02-16 18:00:00,6.6,DAYS,3,v1.0,VALID,SYNTHETIC,hash_cng_001651,True
1652,CONGESTION_PORT_HEDLAND,2025-02-16 00:00:00,2025-02-16 18:00:00,3.2,DAYS,3,v1.0,VALID,SYNTHETIC,hash_cng_001652,True
1653,CONGESTION_PORT_PARADIP,2025-02-17 00:00:00,2025-02-17 18:00:00,4.0,DAYS,3,v1.0,VALID,SYNTHETIC,hash_cng_001653,True
1654,CONGESTION_PORT_DHAMRA,2025-02-17 00:00:00,2025-02-17 18:00:00,1.8,DAYS,3,v1.0,VALID,SYNTHETIC,hash_cng_001654,True
1655,CONGESTION_PORT_NEWCASTLE,2025-02-17 00:00:00,2025-02-17 18:00:00,7.8,DAYS,3,v1.0,VALID,SYNTHETIC,hash_cng_001655,True
1656,CONGESTION_PORT_HEDLAND,2025-02-17 00:00:00,2025-02-17 18:00:00,2.9,DAYS,3,v1.0,VALID,SYNTHETIC,hash_cng_001656,True
1657,CONGESTION_PORT_PARADIP,2025-02-18 00:00:00,2025-02-18 18:00:00,4.1,DAYS,3,v1.0,VALID,SYNTHETIC,hash_cng_001657,True
1658,CONGESTION_PORT_DHAMRA,2025-02-18 00:00:00,2025-02-18 18:00:00,2.0,DAYS,3,v1.0,VALID,SYNTHETIC,hash_cng_001658,True
1659,CONGESTION_PORT_NEWCASTLE,2025-02-18 00:00:00,2025-02-18 18:00:00,8.3,DAYS,3,v1.0,VALID,SYNTHETIC,hash_cng_001659,True
1660,CONGESTION_PORT_HEDLAND,2025-02-18 00:00:00,2025-02-18 18:00:00,2.4,DAYS,3,v1.0,VALID,SYNTHETIC,hash_cng_001660,True
1661,CONGESTION_PORT_PARADIP,2025-02-19 00:00:00,2025-02-19 18:00:00,4.0,DAYS,3,v1.0,VALID,SYNTHETIC,hash_cng_001661,True
1662,CONGESTION_PORT_DHAMRA,2025-02-19 00:00:00,2025-02-19 18:00:00,1.8,DAYS,3,v1.0,VALID,SYNTHETIC,hash_cng_001662,True
1663,CONGESTION_PORT_NEWCASTLE,2025-02-19 00:00:00,2025-02-19 18:00:00,7.6,DAYS,3,v1.0,VALID,SYNTHETIC,hash_cng_001663,True
1664,CONGESTION_PORT_HEDLAND,2025-02-19 00:00:00,2025-02-19 18:00:00,3.1,DAYS,3,v1.0,VALID,SYNTHETIC,hash_cng_001664,True
1665,CONGESTION_PORT_PARADIP,2025-02-20 00:00:00,2025-02-20 18:00:00,4.3,DAYS,3,v1.0,VALID,SYNTHETIC,hash_cng_001665,True
1666,CONGESTION_PORT_DHAMRA,2025-02-20 00:00:00,2025-02-20 18:00:00,2.2,DAYS,3,v1.0,VALID,SYNTHETIC,hash_cng_001666,True
1667,CONGESTION_PORT_NEWCASTLE,2025-02-20 00:00:00,2025-02-20 18:00:00,7.5,DAYS,3,v1.0,VALID,SYNTHETIC,hash_cng_001667,True
1668,CONGESTION_PORT_HEDLAND,2025-02-20 00:00:00,2025-02-20 18:00:00,2.5,DAYS,3,v1.0,VALID,SYNTHETIC,hash_cng_001668,True
1669,CONGESTION_PORT_PARADIP,2025-02-21 00:00:00,2025-02-21 18:00:00,4.5,DAYS,3,v1.0,VALID,SYNTHETIC,hash_cng_001669,True
1670,CONGESTION_PORT_DHAMRA,2025-02-21 00:00:00,2025-02-21 18:00:00,1.9,DAYS,3,v1.0,VALID,SYNTHETIC,hash_cng_001670,True
1671,CONGESTION_PORT_NEWCASTLE,2025-02-21 00:00:00,2025-02-21 18:00:00,7.5,DAYS,3,v1.0,VALID,SYNTHETIC,hash_cng_001671,True
1672,CONGESTION_PORT_HEDLAND,2025-02-21 00:00:00,2025-02-21 18:00:00,2.7,DAYS,3,v1.0,VALID,SYNTHETIC,hash_cng_001672,True
1673,CONGESTION_PORT_PARADIP,2025-02-22 00:00:00,2025-02-22 18:00:00,3.8,DAYS,3,v1.0,VALID,SYNTHETIC,hash_cng_001673,True
1674,CONGESTION_PORT_DHAMRA,2025-02-22 00:00:00,2025-02-22 18:00:00,1.9,DAYS,3,v1.0,VALID,SYNTHETIC,hash_cng_001674,True
1675,CONGESTION_PORT_NEWCASTLE,2025-02-22 00:00:00,2025-02-22 18:00:00,8.0,DAYS,3,v1.0,VALID,SYNTHETIC,hash_cng_001675,True
1676,CONGESTION_PORT_HEDLAND,2025-02-22 00:00:00,2025-02-22 18:00:00,3.3,DAYS,3,v1.0,VALID,SYNTHETIC,hash_cng_001676,True
1677,CONGESTION_PORT_PARADIP,2025-02-23 00:00:00,2025-02-23 18:00:00,4.0,DAYS,3,v1.0,VALID,SYNTHETIC,hash_cng_001677,True
1678,CONGESTION_PORT_DHAMRA,2025-02-23 00:00:00,2025-02-23 18:00:00,2.0,DAYS,3,v1.0,VALID,SYNTHETIC,hash_cng_001678,True
1679,CONGESTION_PORT_NEWCASTLE,2025-02-23 00:00:00,2025-02-23 18:00:00,7.6,DAYS,3,v1.0,VALID,SYNTHETIC,hash_cng_001679,True
1680,CONGESTION_PORT_HEDLAND,2025-02-23 00:00:00,2025-02-23 18:00:00,2.8,DAYS,3,v1.0,VALID,SYNTHETIC,hash_cng_001680,True
1681,CONGESTION_PORT_PARADIP,2025-02-24 00:00:00,2025-02-24 18:00:00,3.9,DAYS,3,v1.0,VALID,SYNTHETIC,hash_cng_001681,True
1682,CONGESTION_PORT_DHAMRA,2025-02-24 00:00:00,2025-02-24 18:00:00,2.0,DAYS,3,v1.0,VALID,SYNTHETIC,hash_cng_001682,True
1683,CONGESTION_PORT_NEWCASTLE,2025-02-24 00:00:00,2025-02-24 18:00:00,7.5,DAYS,3,v1.0,VALID,SYNTHETIC,hash_cng_001683,True
1684,CONGESTION_PORT_HEDLAND,2025-02-24 00:00:00,2025-02-24 18:00:00,3.0,DAYS,3,v1.0,VALID,SYNTHETIC,hash_cng_001684,True
1685,CONGESTION_PORT_PARADIP,2025-02-25 00:00:00,2025-02-25 18:00:00,3.9,DAYS,3,v1.0,VALID,SYNTHETIC,hash_cng_001685,True
1686,CONGESTION_PORT_DHAMRA,2025-02-25 00:00:00,2025-02-25 18:00:00,2.2,DAYS,3,v1.0,VALID,SYNTHETIC,hash_cng_001686,True
1687,CONGESTION_PORT_NEWCASTLE,2025-02-25 00:00:00,2025-02-25 18:00:00,7.7,DAYS,3,v1.0,VALID,SYNTHETIC,hash_cng_001687,True
1688,CONGESTION_PORT_HEDLAND,2025-02-25 00:00:00,2025-02-25 18:00:00,2.8,DAYS,3,v1.0,VALID,SYNTHETIC,hash_cng_001688,True
1689,CONGESTION_PORT_PARADIP,2025-02-26 00:00:00,2025-02-26 18:00:00,4.2,DAYS,3,v1.0,VALID,SYNTHETIC,hash_cng_001689,True
1690,CONGESTION_PORT_DHAMRA,2025-02-26 00:00:00,2025-02-26 18:00:00,2.3,DAYS,3,v1.0,VALID,SYNTHETIC,hash_cng_001690,True
1691,CONGESTION_PORT_NEWCASTLE,2025-02-26 00:00:00,2025-02-26 18:00:00,8.4,DAYS,3,v1.0,VALID,SYNTHETIC,hash_cng_001691,True
1692,CONGESTION_PORT_HEDLAND,2025-02-26 00:00:00,2025-02-26 18:00:00,2.6,DAYS,3,v1.0,VALID,SYNTHETIC,hash_cng_001692,True
1693,CONGESTION_PORT_PARADIP,2025-02-27 00:00:00,2025-02-27 18:00:00,4.8,DAYS,3,v1.0,VALID,SYNTHETIC,hash_cng_001693,True
1694,CONGESTION_PORT_DHAMRA,2025-02-27 00:00:00,2025-02-27 18:00:00,2.2,DAYS,3,v1.0,VALID,SYNTHETIC,hash_cng_001694,True
1695,CONGESTION_PORT_NEWCASTLE,2025-02-27 00:00:00,2025-02-27 18:00:00,7.6,DAYS,3,v1.0,VALID,SYNTHETIC,hash_cng_001695,True
1696,CONGESTION_PORT_HEDLAND,2025-02-27 00:00:00,2025-02-27 18:00:00,3.0,DAYS,3,v1.0,VALID,SYNTHETIC,hash_cng_001696,True
1697,CONGESTION_PORT_PARADIP,2025-02-28 00:00:00,2025-02-28 18:00:00,3.9,DAYS,3,v1.0,VALID,SYNTHETIC,hash_cng_001697,True
1698,CONGESTION_PORT_DHAMRA,2025-02-28 00:00:00,2025-02-28 18:00:00,2.2,DAYS,3,v1.0,VALID,SYNTHETIC,hash_cng_001698,True
1699,CONGESTION_PORT_NEWCASTLE,2025-02-28 00:00:00,2025-02-28 18:00:00,8.3,DAYS,3,v1.0,VALID,SYNTHETIC,hash_cng_001699,True
1700,CONGESTION_PORT_HEDLAND,2025-02-28 00:00:00,2025-02-28 18:00:00,2.9,DAYS,3,v1.0,VALID,SYNTHETIC,hash_cng_001700,True
1701,CONGESTION_PORT_PARADIP,2025-03-01 00:00:00,2025-03-01 18:00:00,4.1,DAYS,3,v1.0,VALID,SYNTHETIC,hash_cng_001701,True
1702,CONGESTION_PORT_DHAMRA,2025-03-01 00:00:00,2025-03-01 18:00:00,2.2,DAYS,3,v1.0,VALID,SYNTHETIC,hash_cng_001702,True
1703,CONGESTION_PORT_NEWCASTLE,2025-03-01 00:00:00,2025-03-01 18:00:00,8.0,DAYS,3,v1.0,VALID,SYNTHETIC,hash_cng_001703,True
1704,CONGESTION_PORT_HEDLAND,2025-03-01 00:00:00,2025-03-01 18:00:00,2.6,DAYS,3,v1.0,VALID,SYNTHETIC,hash_cng_001704,True
1705,CONGESTION_PORT_PARADIP,2025-03-02 00:00:00,2025-03-02 18:00:00,5.2,DAYS,3,v1.0,VALID,SYNTHETIC,hash_cng_001705,True
1706,CONGESTION_PORT_DHAMRA,2025-03-02 00:00:00,2025-03-02 18:00:00,2.0,DAYS,3,v1.0,VALID,SYNTHETIC,hash_cng_001706,True
1707,CONGESTION_PORT_NEWCASTLE,2025-03-02 00:00:00,2025-03-02 18:00:00,7.6,DAYS,3,v1.0,VALID,SYNTHETIC,hash_cng_001707,True
1708,CONGESTION_PORT_HEDLAND,2025-03-02 00:00:00,2025-03-02 18:00:00,2.4,DAYS,3,v1.0,VALID,SYNTHETIC,hash_cng_001708,True
1709,CONGESTION_PORT_PARADIP,2025-03-03 00:00:00,2025-03-03 18:00:00,4.2,DAYS,3,v1.0,VALID,SYNTHETIC,hash_cng_001709,True
1710,CONGESTION_PORT_DHAMRA,2025-03-03 00:00:00,2025-03-03 18:00:00,2.1,DAYS,3,v1.0,VALID,SYNTHETIC,hash_cng_001710,True
1711,CONGESTION_PORT_NEWCASTLE,2025-03-03 00:00:00,2025-03-03 18:00:00,7.9,DAYS,3,v1.0,VALID,SYNTHETIC,hash_cng_001711,True
1712,CONGESTION_PORT_HEDLAND,2025-03-03 00:00:00,2025-03-03 18:00:00,2.8,DAYS,3,v1.0,VALID,SYNTHETIC,hash_cng_001712,True
1713,CONGESTION_PORT_PARADIP,2025-03-04 00:00:00,2025-03-04 18:00:00,4.1,DAYS,3,v1.0,VALID,SYNTHETIC,hash_cng_001713,True
1714,CONGESTION_PORT_DHAMRA,2025-03-04 00:00:00,2025-03-04 18:00:00,2.3,DAYS,3,v1.0,VALID,SYNTHETIC,hash_cng_001714,True
1715,CONGESTION_PORT_NEWCASTLE,2025-03-04 00:00:00,2025-03-04 18:00:00,6.6,DAYS,3,v1.0,VALID,SYNTHETIC,hash_cng_001715,True
1716,CONGESTION_PORT_HEDLAND,2025-03-04 00:00:00,2025-03-04 18:00:00,2.3,DAYS,3,v1.0,VALID,SYNTHETIC,hash_cng_001716,True
1717,CONGESTION_PORT_PARADIP,2025-03-05 00:00:00,2025-03-05 18:00:00,4.7,DAYS,3,v1.0,VALID,SYNTHETIC,hash_cng_001717,True
1718,CONGESTION_PORT_DHAMRA,2025-03-05 00:00:00,2025-03-05 18:00:00,2.7,DAYS,3,v1.0,VALID,SYNTHETIC,hash_cng_001718,True
1719,CONGESTION_PORT_NEWCASTLE,2025-03-05 00:00:00,2025-03-05 18:00:00,7.3,DAYS,3,v1.0,VALID,SYNTHETIC,hash_cng_001719,True
1720,CONGESTION_PORT_HEDLAND,2025-03-05 00:00:00,2025-03-05 18:00:00,2.5,DAYS,3,v1.0,VALID,SYNTHETIC,hash_cng_001720,True
1721,CONGESTION_PORT_PARADIP,2025-03-06 00:00:00,2025-03-06 18:00:00,4.5,DAYS,3,v1.0,VALID,SYNTHETIC,hash_cng_001721,True
1722,CONGESTION_PORT_DHAMRA,2025-03-06 00:00:00,2025-03-06 18:00:00,2.3,DAYS,3,v1.0,VALID,SYNTHETIC,hash_cng_001722,True
1723,CONGESTION_PORT_NEWCASTLE,2025-03-06 00:00:00,2025-03-06 18:00:00,7.7,DAYS,3,v1.0,VALID,SYNTHETIC,hash_cng_001723,True
1724,CONGESTION_PORT_HEDLAND,2025-03-06 00:00:00,2025-03-06 18:00:00,2.8,DAYS,3,v1.0,VALID,SYNTHETIC,hash_cng_001724,True
1725,CONGESTION_PORT_PARADIP,2025-03-07 00:00:00,2025-03-07 18:00:00,4.7,DAYS,3,v1.0,VALID,SYNTHETIC,hash_cng_001725,True
1726,CONGESTION_PORT_DHAMRA,2025-03-07 00:00:00,2025-03-07 18:00:00,2.0,DAYS,3,v1.0,VALID,SYNTHETIC,hash_cng_001726,True
1727,CONGESTION_PORT_NEWCASTLE,2025-03-07 00:00:00,2025-03-07 18:00:00,8.1,DAYS,3,v1.0,VALID,SYNTHETIC,hash_cng_001727,True
1728,CONGESTION_PORT_HEDLAND,2025-03-07 00:00:00,2025-03-07 18:00:00,3.2,DAYS,3,v1.0,VALID,SYNTHETIC,hash_cng_001728,True
1729,CONGESTION_PORT_PARADIP,2025-03-08 00:00:00,2025-03-08 18:00:00,4.4,DAYS,3,v1.0,VALID,SYNTHETIC,hash_cng_001729,True
1730,CONGESTION_PORT_DHAMRA,2025-03-08 00:00:00,2025-03-08 18:00:00,2.1,DAYS,3,v1.0,VALID,SYNTHETIC,hash_cng_001730,True
1731,CONGESTION_PORT_NEWCASTLE,2025-03-08 00:00:00,2025-03-08 18:00:00,8.0,DAYS,3,v1.0,VALID,SYNTHETIC,hash_cng_001731,True
1732,CONGESTION_PORT_HEDLAND,2025-03-08 00:00:00,2025-03-08 18:00:00,2.8,DAYS,3,v1.0,VALID,SYNTHETIC,hash_cng_001732,True
1733,CONGESTION_PORT_PARADIP,2025-03-09 00:00:00,2025-03-09 18:00:00,4.4,DAYS,3,v1.0,VALID,SYNTHETIC,hash_cng_001733,True
1734,CONGESTION_PORT_DHAMRA,2025-03-09 00:00:00,2025-03-09 18:00:00,1.9,DAYS,3,v1.0,VALID,SYNTHETIC,hash_cng_001734,True
1735,CONGESTION_PORT_NEWCASTLE,2025-03-09 00:00:00,2025-03-09 18:00:00,7.6,DAYS,3,v1.0,VALID,SYNTHETIC,hash_cng_001735,True
1736,CONGESTION_PORT_HEDLAND,2025-03-09 00:00:00,2025-03-09 18:00:00,3.0,DAYS,3,v1.0,VALID,SYNTHETIC,hash_cng_001736,True
1737,CONGESTION_PORT_PARADIP,2025-03-10 00:00:00,2025-03-10 18:00:00,3.7,DAYS,3,v1.0,VALID,SYNTHETIC,hash_cng_001737,True
1738,CONGESTION_PORT_DHAMRA,2025-03-10 00:00:00,2025-03-10 18:00:00,2.1,DAYS,3,v1.0,VALID,SYNTHETIC,hash_cng_001738,True
1739,CONGESTION_PORT_NEWCASTLE,2025-03-10 00:00:00,2025-03-10 18:00:00,8.3,DAYS,3,v1.0,VALID,SYNTHETIC,hash_cng_001739,True
1740,CONGESTION_PORT_HEDLAND,2025-03-10 00:00:00,2025-03-10 18:00:00,2.8,DAYS,3,v1.0,VALID,SYNTHETIC,hash_cng_001740,True
1741,CONGESTION_PORT_PARADIP,2025-03-11 00:00:00,2025-03-11 18:00:00,3.7,DAYS,3,v1.0,VALID,SYNTHETIC,hash_cng_001741,True
1742,CONGESTION_PORT_DHAMRA,2025-03-11 00:00:00,2025-03-11 18:00:00,2.3,DAYS,3,v1.0,VALID,SYNTHETIC,hash_cng_001742,True
1743,CONGESTION_PORT_NEWCASTLE,2025-03-11 00:00:00,2025-03-11 18:00:00,8.5,DAYS,3,v1.0,VALID,SYNTHETIC,hash_cng_001743,True
1744,CONGESTION_PORT_HEDLAND,2025-03-11 00:00:00,2025-03-11 18:00:00,2.3,DAYS,3,v1.0,VALID,SYNTHETIC,hash_cng_001744,True
1745,CONGESTION_PORT_PARADIP,2025-03-12 00:00:00,2025-03-12 18:00:00,3.4,DAYS,3,v1.0,VALID,SYNTHETIC,hash_cng_001745,True
1746,CONGESTION_PORT_DHAMRA,2025-03-12 00:00:00,2025-03-12 18:00:00,2.6,DAYS,3,v1.0,VALID,SYNTHETIC,hash_cng_001746,True
1747,CONGESTION_PORT_NEWCASTLE,2025-03-12 00:00:00,2025-03-12 18:00:00,8.4,DAYS,3,v1.0,VALID,SYNTHETIC,hash_cng_001747,True
1748,CONGESTION_PORT_HEDLAND,2025-03-12 00:00:00,2025-03-12 18:00:00,2.3,DAYS,3,v1.0,VALID,SYNTHETIC,hash_cng_001748,True
1749,CONGESTION_PORT_PARADIP,2025-03-13 00:00:00,2025-03-13 18:00:00,4.6,DAYS,3,v1.0,VALID,SYNTHETIC,hash_cng_001749,True
1750,CONGESTION_PORT_DHAMRA,2025-03-13 00:00:00,2025-03-13 18:00:00,2.0,DAYS,3,v1.0,VALID,SYNTHETIC,hash_cng_001750,True
1751,CONGESTION_PORT_NEWCASTLE,2025-03-13 00:00:00,2025-03-13 18:00:00,7.3,DAYS,3,v1.0,VALID,SYNTHETIC,hash_cng_001751,True
1752,CONGESTION_PORT_HEDLAND,2025-03-13 00:00:00,2025-03-13 18:00:00,2.5,DAYS,3,v1.0,VALID,SYNTHETIC,hash_cng_001752,True
1753,CONGESTION_PORT_PARADIP,2025-03-14 00:00:00,2025-03-14 18:00:00,4.5,DAYS,3,v1.0,VALID,SYNTHETIC,hash_cng_001753,True
1754,CONGESTION_PORT_DHAMRA,2025-03-14 00:00:00,2025-03-14 18:00:00,2.1,DAYS,3,v1.0,VALID,SYNTHETIC,hash_cng_001754,True
1755,CONGESTION_PORT_NEWCASTLE,2025-03-14 00:00:00,2025-03-14 18:00:00,8.8,DAYS,3,v1.0,VALID,SYNTHETIC,hash_cng_001755,True
1756,CONGESTION_PORT_HEDLAND,2025-03-14 00:00:00,2025-03-14 18:00:00,2.9,DAYS,3,v1.0,VALID,SYNTHETIC,hash_cng_001756,True
1757,CONGESTION_PORT_PARADIP,2025-03-15 00:00:00,2025-03-15 18:00:00,4.8,DAYS,3,v1.0,VALID,SYNTHETIC,hash_cng_001757,True
1758,CONGESTION_PORT_DHAMRA,2025-03-15 00:00:00,2025-03-15 18:00:00,2.3,DAYS,3,v1.0,VALID,SYNTHETIC,hash_cng_001758,True
1759,CONGESTION_PORT_NEWCASTLE,2025-03-15 00:00:00,2025-03-15 18:00:00,8.5,DAYS,3,v1.0,VALID,SYNTHETIC,hash_cng_001759,True
1760,CONGESTION_PORT_HEDLAND,2025-03-15 00:00:00,2025-03-15 18:00:00,3.2,DAYS,3,v1.0,VALID,SYNTHETIC,hash_cng_001760,True
1761,CONGESTION_PORT_PARADIP,2025-03-16 00:00:00,2025-03-16 18:00:00,3.8,DAYS,3,v1.0,VALID,SYNTHETIC,hash_cng_001761,True
1762,CONGESTION_PORT_DHAMRA,2025-03-16 00:00:00,2025-03-16 18:00:00,2.2,DAYS,3,v1.0,VALID,SYNTHETIC,hash_cng_001762,True
1763,CONGESTION_PORT_NEWCASTLE,2025-03-16 00:00:00,2025-03-16 18:00:00,8.1,DAYS,3,v1.0,VALID,SYNTHETIC,hash_cng_001763,True
1764,CONGESTION_PORT_HEDLAND,2025-03-16 00:00:00,2025-03-16 18:00:00,3.0,DAYS,3,v1.0,VALID,SYNTHETIC,hash_cng_001764,True
1765,CONGESTION_PORT_PARADIP,2025-03-17 00:00:00,2025-03-17 18:00:00,4.0,DAYS,3,v1.0,VALID,SYNTHETIC,hash_cng_001765,True
1766,CONGESTION_PORT_DHAMRA,2025-03-17 00:00:00,2025-03-17 18:00:00,2.0,DAYS,3,v1.0,VALID,SYNTHETIC,hash_cng_001766,True
1767,CONGESTION_PORT_NEWCASTLE,2025-03-17 00:00:00,2025-03-17 18:00:00,7.3,DAYS,3,v1.0,VALID,SYNTHETIC,hash_cng_001767,True
1768,CONGESTION_PORT_HEDLAND,2025-03-17 00:00:00,2025-03-17 18:00:00,2.3,DAYS,3,v1.0,VALID,SYNTHETIC,hash_cng_001768,True
1769,CONGESTION_PORT_PARADIP,2025-03-18 00:00:00,2025-03-18 18:00:00,4.3,DAYS,3,v1.0,VALID,SYNTHETIC,hash_cng_001769,True
1770,CONGESTION_PORT_DHAMRA,2025-03-18 00:00:00,2025-03-18 18:00:00,2.2,DAYS,3,v1.0,VALID,SYNTHETIC,hash_cng_001770,True
1771,CONGESTION_PORT_NEWCASTLE,2025-03-18 00:00:00,2025-03-18 18:00:00,7.9,DAYS,3,v1.0,VALID,SYNTHETIC,hash_cng_001771,True
1772,CONGESTION_PORT_HEDLAND,2025-03-18 00:00:00,2025-03-18 18:00:00,3.1,DAYS,3,v1.0,VALID,SYNTHETIC,hash_cng_001772,True
1773,CONGESTION_PORT_PARADIP,2025-03-19 00:00:00,2025-03-19 18:00:00,3.7,DAYS,3,v1.0,VALID,SYNTHETIC,hash_cng_001773,True
1774,CONGESTION_PORT_DHAMRA,2025-03-19 00:00:00,2025-03-19 18:00:00,1.9,DAYS,3,v1.0,VALID,SYNTHETIC,hash_cng_001774,True
1775,CONGESTION_PORT_NEWCASTLE,2025-03-19 00:00:00,2025-03-19 18:00:00,7.4,DAYS,3,v1.0,VALID,SYNTHETIC,hash_cng_001775,True
1776,CONGESTION_PORT_HEDLAND,2025-03-19 00:00:00,2025-03-19 18:00:00,2.8,DAYS,3,v1.0,VALID,SYNTHETIC,hash_cng_001776,True
1777,CONGESTION_PORT_PARADIP,2025-03-20 00:00:00,2025-03-20 18:00:00,3.6,DAYS,3,v1.0,VALID,SYNTHETIC,hash_cng_001777,True
1778,CONGESTION_PORT_DHAMRA,2025-03-20 00:00:00,2025-03-20 18:00:00,2.1,DAYS,3,v1.0,VALID,SYNTHETIC,hash_cng_001778,True
1779,CONGESTION_PORT_NEWCASTLE,2025-03-20 00:00:00,2025-03-20 18:00:00,7.4,DAYS,3,v1.0,VALID,SYNTHETIC,hash_cng_001779,True
1780,CONGESTION_PORT_HEDLAND,2025-03-20 00:00:00,2025-03-20 18:00:00,2.7,DAYS,3,v1.0,VALID,SYNTHETIC,hash_cng_001780,True
1781,CONGESTION_PORT_PARADIP,2025-03-21 00:00:00,2025-03-21 18:00:00,4.7,DAYS,3,v1.0,VALID,SYNTHETIC,hash_cng_001781,True
1782,CONGESTION_PORT_DHAMRA,2025-03-21 00:00:00,2025-03-21 18:00:00,1.9,DAYS,3,v1.0,VALID,SYNTHETIC,hash_cng_001782,True
1783,CONGESTION_PORT_NEWCASTLE,2025-03-21 00:00:00,2025-03-21 18:00:00,7.6,DAYS,3,v1.0,VALID,SYNTHETIC,hash_cng_001783,True
1784,CONGESTION_PORT_HEDLAND,2025-03-21 00:00:00,2025-03-21 18:00:00,2.9,DAYS,3,v1.0,VALID,SYNTHETIC,hash_cng_001784,True
1785,CONGESTION_PORT_PARADIP,2025-03-22 00:00:00,2025-03-22 18:00:00,4.7,DAYS,3,v1.0,VALID,SYNTHETIC,hash_cng_001785,True
1786,CONGESTION_PORT_DHAMRA,2025-03-22 00:00:00,2025-03-22 18:00:00,1.8,DAYS,3,v1.0,VALID,SYNTHETIC,hash_cng_001786,True
1787,CONGESTION_PORT_NEWCASTLE,2025-03-22 00:00:00,2025-03-22 18:00:00,7.6,DAYS,3,v1.0,VALID,SYNTHETIC,hash_cng_001787,True
1788,CONGESTION_PORT_HEDLAND,2025-03-22 00:00:00,2025-03-22 18:00:00,2.6,DAYS,3,v1.0,VALID,SYNTHETIC,hash_cng_001788,True
1789,CONGESTION_PORT_PARADIP,2025-03-23 00:00:00,2025-03-23 18:00:00,4.1,DAYS,3,v1.0,VALID,SYNTHETIC,hash_cng_001789,True
1790,CONGESTION_PORT_DHAMRA,2025-03-23 00:00:00,2025-03-23 18:00:00,2.2,DAYS,3,v1.0,VALID,SYNTHETIC,hash_cng_001790,True
1791,CONGESTION_PORT_NEWCASTLE,2025-03-23 00:00:00,2025-03-23 18:00:00,8.3,DAYS,3,v1.0,VALID,SYNTHETIC,hash_cng_001791,True
1792,CONGESTION_PORT_HEDLAND,2025-03-23 00:00:00,2025-03-23 18:00:00,3.0,DAYS,3,v1.0,VALID,SYNTHETIC,hash_cng_001792,True
1793,CONGESTION_PORT_PARADIP,2025-03-24 00:00:00,2025-03-24 18:00:00,4.1,DAYS,3,v1.0,VALID,SYNTHETIC,hash_cng_001793,True
1794,CONGESTION_PORT_DHAMRA,2025-03-24 00:00:00,2025-03-24 18:00:00,2.0,DAYS,3,v1.0,VALID,SYNTHETIC,hash_cng_001794,True
1795,CONGESTION_PORT_NEWCASTLE,2025-03-24 00:00:00,2025-03-24 18:00:00,7.9,DAYS,3,v1.0,VALID,SYNTHETIC,hash_cng_001795,True
1796,CONGESTION_PORT_HEDLAND,2025-03-24 00:00:00,2025-03-24 18:00:00,2.3,DAYS,3,v1.0,VALID,SYNTHETIC,hash_cng_001796,True
1797,CONGESTION_PORT_PARADIP,2025-03-25 00:00:00,2025-03-25 18:00:00,4.3,DAYS,3,v1.0,VALID,SYNTHETIC,hash_cng_001797,True
1798,CONGESTION_PORT_DHAMRA,2025-03-25 00:00:00,2025-03-25 18:00:00,2.3,DAYS,3,v1.0,VALID,SYNTHETIC,hash_cng_001798,True
1799,CONGESTION_PORT_NEWCASTLE,2025-03-25 00:00:00,2025-03-25 18:00:00,8.2,DAYS,3,v1.0,VALID,SYNTHETIC,hash_cng_001799,True
1800,CONGESTION_PORT_HEDLAND,2025-03-25 00:00:00,2025-03-25 18:00:00,3.2,DAYS,3,v1.0,VALID,SYNTHETIC,hash_cng_001800,True
1801,CONGESTION_PORT_PARADIP,2025-03-26 00:00:00,2025-03-26 18:00:00,4.0,DAYS,3,v1.0,VALID,SYNTHETIC,hash_cng_001801,True
1802,CONGESTION_PORT_DHAMRA,2025-03-26 00:00:00,2025-03-26 18:00:00,2.4,DAYS,3,v1.0,VALID,SYNTHETIC,hash_cng_001802,True
1803,CONGESTION_PORT_NEWCASTLE,2025-03-26 00:00:00,2025-03-26 18:00:00,8.2,DAYS,3,v1.0,VALID,SYNTHETIC,hash_cng_001803,True
1804,CONGESTION_PORT_HEDLAND,2025-03-26 00:00:00,2025-03-26 18:00:00,2.4,DAYS,3,v1.0,VALID,SYNTHETIC,hash_cng_001804,True
1805,CONGESTION_PORT_PARADIP,2025-03-27 00:00:00,2025-03-27 18:00:00,3.7,DAYS,3,v1.0,VALID,SYNTHETIC,hash_cng_001805,True
1806,CONGESTION_PORT_DHAMRA,2025-03-27 00:00:00,2025-03-27 18:00:00,2.1,DAYS,3,v1.0,VALID,SYNTHETIC,hash_cng_001806,True
1807,CONGESTION_PORT_NEWCASTLE,2025-03-27 00:00:00,2025-03-27 18:00:00,7.8,DAYS,3,v1.0,VALID,SYNTHETIC,hash_cng_001807,True
1808,CONGESTION_PORT_HEDLAND,2025-03-27 00:00:00,2025-03-27 18:00:00,2.8,DAYS,3,v1.0,VALID,SYNTHETIC,hash_cng_001808,True
1809,CONGESTION_PORT_PARADIP,2025-03-28 00:00:00,2025-03-28 18:00:00,4.5,DAYS,3,v1.0,VALID,SYNTHETIC,hash_cng_001809,True
1810,CONGESTION_PORT_DHAMRA,2025-03-28 00:00:00,2025-03-28 18:00:00,2.0,DAYS,3,v1.0,VALID,SYNTHETIC,hash_cng_001810,True
1811,CONGESTION_PORT_NEWCASTLE,2025-03-28 00:00:00,2025-03-28 18:00:00,7.0,DAYS,3,v1.0,VALID,SYNTHETIC,hash_cng_001811,True
1812,CONGESTION_PORT_HEDLAND,2025-03-28 00:00:00,2025-03-28 18:00:00,3.1,DAYS,3,v1.0,VALID,SYNTHETIC,hash_cng_001812,True
1813,CONGESTION_PORT_PARADIP,2025-03-29 00:00:00,2025-03-29 18:00:00,3.8,DAYS,3,v1.0,VALID,SYNTHETIC,hash_cng_001813,True
1814,CONGESTION_PORT_DHAMRA,2025-03-29 00:00:00,2025-03-29 18:00:00,2.0,DAYS,3,v1.0,VALID,SYNTHETIC,hash_cng_001814,True
1815,CONGESTION_PORT_NEWCASTLE,2025-03-29 00:00:00,2025-03-29 18:00:00,7.8,DAYS,3,v1.0,VALID,SYNTHETIC,hash_cng_001815,True
1816,CONGESTION_PORT_HEDLAND,2025-03-29 00:00:00,2025-03-29 18:00:00,2.9,DAYS,3,v1.0,VALID,SYNTHETIC,hash_cng_001816,True
1817,CONGESTION_PORT_PARADIP,2025-03-30 00:00:00,2025-03-30 18:00:00,4.6,DAYS,3,v1.0,VALID,SYNTHETIC,hash_cng_001817,True
1818,CONGESTION_PORT_DHAMRA,2025-03-30 00:00:00,2025-03-30 18:00:00,2.1,DAYS,3,v1.0,VALID,SYNTHETIC,hash_cng_001818,True
1819,CONGESTION_PORT_NEWCASTLE,2025-03-30 00:00:00,2025-03-30 18:00:00,8.2,DAYS,3,v1.0,VALID,SYNTHETIC,hash_cng_001819,True
1820,CONGESTION_PORT_HEDLAND,2025-03-30 00:00:00,2025-03-30 18:00:00,2.4,DAYS,3,v1.0,VALID,SYNTHETIC,hash_cng_001820,True
1821,CONGESTION_PORT_PARADIP,2025-03-31 00:00:00,2025-03-31 18:00:00,4.4,DAYS,3,v1.0,VALID,SYNTHETIC,hash_cng_001821,True
1822,CONGESTION_PORT_DHAMRA,2025-03-31 00:00:00,2025-03-31 18:00:00,1.9,DAYS,3,v1.0,VALID,SYNTHETIC,hash_cng_001822,True
1823,CONGESTION_PORT_NEWCASTLE,2025-03-31 00:00:00,2025-03-31 18:00:00,7.9,DAYS,3,v1.0,VALID,SYNTHETIC,hash_cng_001823,True
1824,CONGESTION_PORT_HEDLAND,2025-03-31 00:00:00,2025-03-31 18:00:00,3.3,DAYS,3,v1.0,VALID,SYNTHETIC,hash_cng_001824,True
1825,CONGESTION_PORT_PARADIP,2025-04-01 00:00:00,2025-04-01 18:00:00,3.9,DAYS,3,v1.0,VALID,SYNTHETIC,hash_cng_001825,True
1826,CONGESTION_PORT_DHAMRA,2025-04-01 00:00:00,2025-04-01 18:00:00,2.2,DAYS,3,v1.0,VALID,SYNTHETIC,hash_cng_001826,True
1827,CONGESTION_PORT_NEWCASTLE,2025-04-01 00:00:00,2025-04-01 18:00:00,8.5,DAYS,3,v1.0,VALID,SYNTHETIC,hash_cng_001827,True
1828,CONGESTION_PORT_HEDLAND,2025-04-01 00:00:00,2025-04-01 18:00:00,2.6,DAYS,3,v1.0,VALID,SYNTHETIC,hash_cng_001828,True
1829,CONGESTION_PORT_PARADIP,2025-04-02 00:00:00,2025-04-02 18:00:00,4.8,DAYS,3,v1.0,VALID,SYNTHETIC,hash_cng_001829,True
1830,CONGESTION_PORT_DHAMRA,2025-04-02 00:00:00,2025-04-02 18:00:00,2.3,DAYS,3,v1.0,VALID,SYNTHETIC,hash_cng_001830,True
1831,CONGESTION_PORT_NEWCASTLE,2025-04-02 00:00:00,2025-04-02 18:00:00,7.5,DAYS,3,v1.0,VALID,SYNTHETIC,hash_cng_001831,True
1832,CONGESTION_PORT_HEDLAND,2025-04-02 00:00:00,2025-04-02 18:00:00,2.9,DAYS,3,v1.0,VALID,SYNTHETIC,hash_cng_001832,True
1833,CONGESTION_PORT_PARADIP,2025-04-03 00:00:00,2025-04-03 18:00:00,4.2,DAYS,3,v1.0,VALID,SYNTHETIC,hash_cng_001833,True
1834,CONGESTION_PORT_DHAMRA,2025-04-03 00:00:00,2025-04-03 18:00:00,2.3,DAYS,3,v1.0,VALID,SYNTHETIC,hash_cng_001834,True
1835,CONGESTION_PORT_NEWCASTLE,2025-04-03 00:00:00,2025-04-03 18:00:00,7.9,DAYS,3,v1.0,VALID,SYNTHETIC,hash_cng_001835,True
1836,CONGESTION_PORT_HEDLAND,2025-04-03 00:00:00,2025-04-03 18:00:00,2.4,DAYS,3,v1.0,VALID,SYNTHETIC,hash_cng_001836,True
1837,CONGESTION_PORT_PARADIP,2025-04-04 00:00:00,2025-04-04 18:00:00,3.9,DAYS,3,v1.0,VALID,SYNTHETIC,hash_cng_001837,True
1838,CONGESTION_PORT_DHAMRA,2025-04-04 00:00:00,2025-04-04 18:00:00,2.0,DAYS,3,v1.0,VALID,SYNTHETIC,hash_cng_001838,True
1839,CONGESTION_PORT_NEWCASTLE,2025-04-04 00:00:00,2025-04-04 18:00:00,8.4,DAYS,3,v1.0,VALID,SYNTHETIC,hash_cng_001839,True
1840,CONGESTION_PORT_HEDLAND,2025-04-04 00:00:00,2025-04-04 18:00:00,2.8,DAYS,3,v1.0,VALID,SYNTHETIC,hash_cng_001840,True
1841,CONGESTION_PORT_PARADIP,2025-04-05 00:00:00,2025-04-05 18:00:00,4.1,DAYS,3,v1.0,VALID,SYNTHETIC,hash_cng_001841,True
1842,CONGESTION_PORT_DHAMRA,2025-04-05 00:00:00,2025-04-05 18:00:00,2.0,DAYS,3,v1.0,VALID,SYNTHETIC,hash_cng_001842,True
1843,CONGESTION_PORT_NEWCASTLE,2025-04-05 00:00:00,2025-04-05 18:00:00,7.5,DAYS,3,v1.0,VALID,SYNTHETIC,hash_cng_001843,True
1844,CONGESTION_PORT_HEDLAND,2025-04-05 00:00:00,2025-04-05 18:00:00,2.4,DAYS,3,v1.0,VALID,SYNTHETIC,hash_cng_001844,True
1845,CONGESTION_PORT_PARADIP,2025-04-06 00:00:00,2025-04-06 18:00:00,3.8,DAYS,3,v1.0,VALID,SYNTHETIC,hash_cng_001845,True
1846,CONGESTION_PORT_DHAMRA,2025-04-06 00:00:00,2025-04-06 18:00:00,2.3,DAYS,3,v1.0,VALID,SYNTHETIC,hash_cng_001846,True
1847,CONGESTION_PORT_NEWCASTLE,2025-04-06 00:00:00,2025-04-06 18:00:00,7.7,DAYS,3,v1.0,VALID,SYNTHETIC,hash_cng_001847,True
1848,CONGESTION_PORT_HEDLAND,2025-04-06 00:00:00,2025-04-06 18:00:00,2.5,DAYS,3,v1.0,VALID,SYNTHETIC,hash_cng_001848,True
1849,CONGESTION_PORT_PARADIP,2025-04-07 00:00:00,2025-04-07 18:00:00,4.4,DAYS,3,v1.0,VALID,SYNTHETIC,hash_cng_001849,True
1850,CONGESTION_PORT_DHAMRA,2025-04-07 00:00:00,2025-04-07 18:00:00,2.1,DAYS,3,v1.0,VALID,SYNTHETIC,hash_cng_001850,True
1851,CONGESTION_PORT_NEWCASTLE,2025-04-07 00:00:00,2025-04-07 18:00:00,9.3,DAYS,3,v1.0,VALID,SYNTHETIC,hash_cng_001851,True
1852,CONGESTION_PORT_HEDLAND,2025-04-07 00:00:00,2025-04-07 18:00:00,3.3,DAYS,3,v1.0,VALID,SYNTHETIC,hash_cng_001852,True
1853,CONGESTION_PORT_PARADIP,2025-04-08 00:00:00,2025-04-08 18:00:00,4.5,DAYS,3,v1.0,VALID,SYNTHETIC,hash_cng_001853,True
1854,CONGESTION_PORT_DHAMRA,2025-04-08 00:00:00,2025-04-08 18:00:00,2.5,DAYS,3,v1.0,VALID,SYNTHETIC,hash_cng_001854,True
1855,CONGESTION_PORT_NEWCASTLE,2025-04-08 00:00:00,2025-04-08 18:00:00,7.8,DAYS,3,v1.0,VALID,SYNTHETIC,hash_cng_001855,True
1856,CONGESTION_PORT_HEDLAND,2025-04-08 00:00:00,2025-04-08 18:00:00,2.9,DAYS,3,v1.0,VALID,SYNTHETIC,hash_cng_001856,True
1857,CONGESTION_PORT_PARADIP,2025-04-09 00:00:00,2025-04-09 18:00:00,3.7,DAYS,3,v1.0,VALID,SYNTHETIC,hash_cng_001857,True
1858,CONGESTION_PORT_DHAMRA,2025-04-09 00:00:00,2025-04-09 18:00:00,1.9,DAYS,3,v1.0,VALID,SYNTHETIC,hash_cng_001858,True
1859,CONGESTION_PORT_NEWCASTLE,2025-04-09 00:00:00,2025-04-09 18:00:00,7.9,DAYS,3,v1.0,VALID,SYNTHETIC,hash_cng_001859,True
1860,CONGESTION_PORT_HEDLAND,2025-04-09 00:00:00,2025-04-09 18:00:00,2.6,DAYS,3,v1.0,VALID,SYNTHETIC,hash_cng_001860,True
1861,CONGESTION_PORT_PARADIP,2025-04-10 00:00:00,2025-04-10 18:00:00,4.2,DAYS,3,v1.0,VALID,SYNTHETIC,hash_cng_001861,True
1862,CONGESTION_PORT_DHAMRA,2025-04-10 00:00:00,2025-04-10 18:00:00,2.3,DAYS,3,v1.0,VALID,SYNTHETIC,hash_cng_001862,True
1863,CONGESTION_PORT_NEWCASTLE,2025-04-10 00:00:00,2025-04-10 18:00:00,9.2,DAYS,3,v1.0,VALID,SYNTHETIC,hash_cng_001863,True
1864,CONGESTION_PORT_HEDLAND,2025-04-10 00:00:00,2025-04-10 18:00:00,2.7,DAYS,3,v1.0,VALID,SYNTHETIC,hash_cng_001864,True
1865,CONGESTION_PORT_PARADIP,2025-04-11 00:00:00,2025-04-11 18:00:00,5.2,DAYS,3,v1.0,VALID,SYNTHETIC,hash_cng_001865,True
1866,CONGESTION_PORT_DHAMRA,2025-04-11 00:00:00,2025-04-11 18:00:00,2.4,DAYS,3,v1.0,VALID,SYNTHETIC,hash_cng_001866,True
1867,CONGESTION_PORT_NEWCASTLE,2025-04-11 00:00:00,2025-04-11 18:00:00,8.1,DAYS,3,v1.0,VALID,SYNTHETIC,hash_cng_001867,True
1868,CONGESTION_PORT_HEDLAND,2025-04-11 00:00:00,2025-04-11 18:00:00,2.6,DAYS,3,v1.0,VALID,SYNTHETIC,hash_cng_001868,True
1869,CONGESTION_PORT_PARADIP,2025-04-12 00:00:00,2025-04-12 18:00:00,4.4,DAYS,3,v1.0,VALID,SYNTHETIC,hash_cng_001869,True
1870,CONGESTION_PORT_DHAMRA,2025-04-12 00:00:00,2025-04-12 18:00:00,2.0,DAYS,3,v1.0,VALID,SYNTHETIC,hash_cng_001870,True
1871,CONGESTION_PORT_NEWCASTLE,2025-04-12 00:00:00,2025-04-12 18:00:00,8.0,DAYS,3,v1.0,VALID,SYNTHETIC,hash_cng_001871,True
1872,CONGESTION_PORT_HEDLAND,2025-04-12 00:00:00,2025-04-12 18:00:00,2.7,DAYS,3,v1.0,VALID,SYNTHETIC,hash_cng_001872,True
1873,CONGESTION_PORT_PARADIP,2025-04-13 00:00:00,2025-04-13 18:00:00,5.1,DAYS,3,v1.0,VALID,SYNTHETIC,hash_cng_001873,True
1874,CONGESTION_PORT_DHAMRA,2025-04-13 00:00:00,2025-04-13 18:00:00,1.9,DAYS,3,v1.0,VALID,SYNTHETIC,hash_cng_001874,True
1875,CONGESTION_PORT_NEWCASTLE,2025-04-13 00:00:00,2025-04-13 18:00:00,10.5,DAYS,3,v1.0,VALID,SYNTHETIC,hash_cng_001875,True
1876,CONGESTION_PORT_HEDLAND,2025-04-13 00:00:00,2025-04-13 18:00:00,2.5,DAYS,3,v1.0,VALID,SYNTHETIC,hash_cng_001876,True
1877,CONGESTION_PORT_PARADIP,2025-04-14 00:00:00,2025-04-14 18:00:00,3.4,DAYS,3,v1.0,VALID,SYNTHETIC,hash_cng_001877,True
1878,CONGESTION_PORT_DHAMRA,2025-04-14 00:00:00,2025-04-14 18:00:00,1.9,DAYS,3,v1.0,VALID,SYNTHETIC,hash_cng_001878,True
1879,CONGESTION_PORT_NEWCASTLE,2025-04-14 00:00:00,2025-04-14 18:00:00,7.2,DAYS,3,v1.0,VALID,SYNTHETIC,hash_cng_001879,True
1880,CONGESTION_PORT_HEDLAND,2025-04-14 00:00:00,2025-04-14 18:00:00,2.5,DAYS,3,v1.0,VALID,SYNTHETIC,hash_cng_001880,True
1881,CONGESTION_PORT_PARADIP,2025-04-15 00:00:00,2025-04-15 18:00:00,3.7,DAYS,3,v1.0,VALID,SYNTHETIC,hash_cng_001881,True
1882,CONGESTION_PORT_DHAMRA,2025-04-15 00:00:00,2025-04-15 18:00:00,2.5,DAYS,3,v1.0,VALID,SYNTHETIC,hash_cng_001882,True
1883,CONGESTION_PORT_NEWCASTLE,2025-04-15 00:00:00,2025-04-15 18:00:00,7.8,DAYS,3,v1.0,VALID,SYNTHETIC,hash_cng_001883,True
1884,CONGESTION_PORT_HEDLAND,2025-04-15 00:00:00,2025-04-15 18:00:00,2.7,DAYS,3,v1.0,VALID,SYNTHETIC,hash_cng_001884,True
1885,CONGESTION_PORT_PARADIP,2025-04-16 00:00:00,2025-04-16 18:00:00,4.2,DAYS,3,v1.0,VALID,SYNTHETIC,hash_cng_001885,True
1886,CONGESTION_PORT_DHAMRA,2025-04-16 00:00:00,2025-04-16 18:00:00,2.1,DAYS,3,v1.0,VALID,SYNTHETIC,hash_cng_001886,True
1887,CONGESTION_PORT_NEWCASTLE,2025-04-16 00:00:00,2025-04-16 18:00:00,7.7,DAYS,3,v1.0,VALID,SYNTHETIC,hash_cng_001887,True
1888,CONGESTION_PORT_HEDLAND,2025-04-16 00:00:00,2025-04-16 18:00:00,2.6,DAYS,3,v1.0,VALID,SYNTHETIC,hash_cng_001888,True
1889,CONGESTION_PORT_PARADIP,2025-04-17 00:00:00,2025-04-17 18:00:00,4.0,DAYS,3,v1.0,VALID,SYNTHETIC,hash_cng_001889,True
1890,CONGESTION_PORT_DHAMRA,2025-04-17 00:00:00,2025-04-17 18:00:00,2.0,DAYS,3,v1.0,VALID,SYNTHETIC,hash_cng_001890,True
1891,CONGESTION_PORT_NEWCASTLE,2025-04-17 00:00:00,2025-04-17 18:00:00,8.7,DAYS,3,v1.0,VALID,SYNTHETIC,hash_cng_001891,True
1892,CONGESTION_PORT_HEDLAND,2025-04-17 00:00:00,2025-04-17 18:00:00,2.7,DAYS,3,v1.0,VALID,SYNTHETIC,hash_cng_001892,True
1893,CONGESTION_PORT_PARADIP,2025-04-18 00:00:00,2025-04-18 18:00:00,4.3,DAYS,3,v1.0,VALID,SYNTHETIC,hash_cng_001893,True
1894,CONGESTION_PORT_DHAMRA,2025-04-18 00:00:00,2025-04-18 18:00:00,2.0,DAYS,3,v1.0,VALID,SYNTHETIC,hash_cng_001894,True
1895,CONGESTION_PORT_NEWCASTLE,2025-04-18 00:00:00,2025-04-18 18:00:00,6.7,DAYS,3,v1.0,VALID,SYNTHETIC,hash_cng_001895,True
1896,CONGESTION_PORT_HEDLAND,2025-04-18 00:00:00,2025-04-18 18:00:00,3.0,DAYS,3,v1.0,VALID,SYNTHETIC,hash_cng_001896,True
1897,CONGESTION_PORT_PARADIP,2025-04-19 00:00:00,2025-04-19 18:00:00,4.8,DAYS,3,v1.0,VALID,SYNTHETIC,hash_cng_001897,True
1898,CONGESTION_PORT_DHAMRA,2025-04-19 00:00:00,2025-04-19 18:00:00,2.4,DAYS,3,v1.0,VALID,SYNTHETIC,hash_cng_001898,True
1899,CONGESTION_PORT_NEWCASTLE,2025-04-19 00:00:00,2025-04-19 18:00:00,7.5,DAYS,3,v1.0,VALID,SYNTHETIC,hash_cng_001899,True
1900,CONGESTION_PORT_HEDLAND,2025-04-19 00:00:00,2025-04-19 18:00:00,2.5,DAYS,3,v1.0,VALID,SYNTHETIC,hash_cng_001900,True
1901,CONGESTION_PORT_PARADIP,2025-04-20 00:00:00,2025-04-20 18:00:00,4.2,DAYS,3,v1.0,VALID,SYNTHETIC,hash_cng_001901,True
1902,CONGESTION_PORT_DHAMRA,2025-04-20 00:00:00,2025-04-20 18:00:00,2.2,DAYS,3,v1.0,VALID,SYNTHETIC,hash_cng_001902,True
1903,CONGESTION_PORT_NEWCASTLE,2025-04-20 00:00:00,2025-04-20 18:00:00,8.8,DAYS,3,v1.0,VALID,SYNTHETIC,hash_cng_001903,True
1904,CONGESTION_PORT_HEDLAND,2025-04-20 00:00:00,2025-04-20 18:00:00,3.4,DAYS,3,v1.0,VALID,SYNTHETIC,hash_cng_001904,True
1905,CONGESTION_PORT_PARADIP,2025-04-21 00:00:00,2025-04-21 18:00:00,3.3,DAYS,3,v1.0,VALID,SYNTHETIC,hash_cng_001905,True
1906,CONGESTION_PORT_DHAMRA,2025-04-21 00:00:00,2025-04-21 18:00:00,2.1,DAYS,3,v1.0,VALID,SYNTHETIC,hash_cng_001906,True
1907,CONGESTION_PORT_NEWCASTLE,2025-04-21 00:00:00,2025-04-21 18:00:00,8.2,DAYS,3,v1.0,VALID,SYNTHETIC,hash_cng_001907,True
1908,CONGESTION_PORT_HEDLAND,2025-04-21 00:00:00,2025-04-21 18:00:00,2.8,DAYS,3,v1.0,VALID,SYNTHETIC,hash_cng_001908,True
1909,CONGESTION_PORT_PARADIP,2025-04-22 00:00:00,2025-04-22 18:00:00,4.7,DAYS,3,v1.0,VALID,SYNTHETIC,hash_cng_001909,True
1910,CONGESTION_PORT_DHAMRA,2025-04-22 00:00:00,2025-04-22 18:00:00,1.9,DAYS,3,v1.0,VALID,SYNTHETIC,hash_cng_001910,True
1911,CONGESTION_PORT_NEWCASTLE,2025-04-22 00:00:00,2025-04-22 18:00:00,7.6,DAYS,3,v1.0,VALID,SYNTHETIC,hash_cng_001911,True
1912,CONGESTION_PORT_HEDLAND,2025-04-22 00:00:00,2025-04-22 18:00:00,3.0,DAYS,3,v1.0,VALID,SYNTHETIC,hash_cng_001912,True
1913,CONGESTION_PORT_PARADIP,2025-04-23 00:00:00,2025-04-23 18:00:00,4.5,DAYS,3,v1.0,VALID,SYNTHETIC,hash_cng_001913,True
1914,CONGESTION_PORT_DHAMRA,2025-04-23 00:00:00,2025-04-23 18:00:00,2.2,DAYS,3,v1.0,VALID,SYNTHETIC,hash_cng_001914,True
1915,CONGESTION_PORT_NEWCASTLE,2025-04-23 00:00:00,2025-04-23 18:00:00,8.0,DAYS,3,v1.0,VALID,SYNTHETIC,hash_cng_001915,True
1916,CONGESTION_PORT_HEDLAND,2025-04-23 00:00:00,2025-04-23 18:00:00,2.8,DAYS,3,v1.0,VALID,SYNTHETIC,hash_cng_001916,True
1917,CONGESTION_PORT_PARADIP,2025-04-24 00:00:00,2025-04-24 18:00:00,3.3,DAYS,3,v1.0,VALID,SYNTHETIC,hash_cng_001917,True
1918,CONGESTION_PORT_DHAMRA,2025-04-24 00:00:00,2025-04-24 18:00:00,1.7,DAYS,3,v1.0,VALID,SYNTHETIC,hash_cng_001918,True
1919,CONGESTION_PORT_NEWCASTLE,2025-04-24 00:00:00,2025-04-24 18:00:00,7.7,DAYS,3,v1.0,VALID,SYNTHETIC,hash_cng_001919,True
1920,CONGESTION_PORT_HEDLAND,2025-04-24 00:00:00,2025-04-24 18:00:00,2.7,DAYS,3,v1.0,VALID,SYNTHETIC,hash_cng_001920,True
1921,CONGESTION_PORT_PARADIP,2025-04-25 00:00:00,2025-04-25 18:00:00,3.3,DAYS,3,v1.0,VALID,SYNTHETIC,hash_cng_001921,True
1922,CONGESTION_PORT_DHAMRA,2025-04-25 00:00:00,2025-04-25 18:00:00,2.1,DAYS,3,v1.0,VALID,SYNTHETIC,hash_cng_001922,True
1923,CONGESTION_PORT_NEWCASTLE,2025-04-25 00:00:00,2025-04-25 18:00:00,7.5,DAYS,3,v1.0,VALID,SYNTHETIC,hash_cng_001923,True
1924,CONGESTION_PORT_HEDLAND,2025-04-25 00:00:00,2025-04-25 18:00:00,2.7,DAYS,3,v1.0,VALID,SYNTHETIC,hash_cng_001924,True
1925,CONGESTION_PORT_PARADIP,2025-04-26 00:00:00,2025-04-26 18:00:00,4.4,DAYS,3,v1.0,VALID,SYNTHETIC,hash_cng_001925,True
1926,CONGESTION_PORT_DHAMRA,2025-04-26 00:00:00,2025-04-26 18:00:00,2.0,DAYS,3,v1.0,VALID,SYNTHETIC,hash_cng_001926,True
1927,CONGESTION_PORT_NEWCASTLE,2025-04-26 00:00:00,2025-04-26 18:00:00,6.9,DAYS,3,v1.0,VALID,SYNTHETIC,hash_cng_001927,True
1928,CONGESTION_PORT_HEDLAND,2025-04-26 00:00:00,2025-04-26 18:00:00,2.5,DAYS,3,v1.0,VALID,SYNTHETIC,hash_cng_001928,True
1929,CONGESTION_PORT_PARADIP,2025-04-27 00:00:00,2025-04-27 18:00:00,3.9,DAYS,3,v1.0,VALID,SYNTHETIC,hash_cng_001929,True
1930,CONGESTION_PORT_DHAMRA,2025-04-27 00:00:00,2025-04-27 18:00:00,2.0,DAYS,3,v1.0,VALID,SYNTHETIC,hash_cng_001930,True
1931,CONGESTION_PORT_NEWCASTLE,2025-04-27 00:00:00,2025-04-27 18:00:00,7.6,DAYS,3,v1.0,VALID,SYNTHETIC,hash_cng_001931,True
1932,CONGESTION_PORT_HEDLAND,2025-04-27 00:00:00,2025-04-27 18:00:00,2.4,DAYS,3,v1.0,VALID,SYNTHETIC,hash_cng_001932,True
1933,CONGESTION_PORT_PARADIP,2025-04-28 00:00:00,2025-04-28 18:00:00,3.9,DAYS,3,v1.0,VALID,SYNTHETIC,hash_cng_001933,True
1934,CONGESTION_PORT_DHAMRA,2025-04-28 00:00:00,2025-04-28 18:00:00,2.0,DAYS,3,v1.0,VALID,SYNTHETIC,hash_cng_001934,True
1935,CONGESTION_PORT_NEWCASTLE,2025-04-28 00:00:00,2025-04-28 18:00:00,6.3,DAYS,3,v1.0,VALID,SYNTHETIC,hash_cng_001935,True
1936,CONGESTION_PORT_HEDLAND,2025-04-28 00:00:00,2025-04-28 18:00:00,3.1,DAYS,3,v1.0,VALID,SYNTHETIC,hash_cng_001936,True
1937,CONGESTION_PORT_PARADIP,2025-04-29 00:00:00,2025-04-29 18:00:00,4.2,DAYS,3,v1.0,VALID,SYNTHETIC,hash_cng_001937,True
1938,CONGESTION_PORT_DHAMRA,2025-04-29 00:00:00,2025-04-29 18:00:00,2.4,DAYS,3,v1.0,VALID,SYNTHETIC,hash_cng_001938,True
1939,CONGESTION_PORT_NEWCASTLE,2025-04-29 00:00:00,2025-04-29 18:00:00,7.4,DAYS,3,v1.0,VALID,SYNTHETIC,hash_cng_001939,True
1940,CONGESTION_PORT_HEDLAND,2025-04-29 00:00:00,2025-04-29 18:00:00,2.5,DAYS,3,v1.0,VALID,SYNTHETIC,hash_cng_001940,True
1941,CONGESTION_PORT_PARADIP,2025-04-30 00:00:00,2025-04-30 18:00:00,4.4,DAYS,3,v1.0,VALID,SYNTHETIC,hash_cng_001941,True
1942,CONGESTION_PORT_DHAMRA,2025-04-30 00:00:00,2025-04-30 18:00:00,2.0,DAYS,3,v1.0,VALID,SYNTHETIC,hash_cng_001942,True
1943,CONGESTION_PORT_NEWCASTLE,2025-04-30 00:00:00,2025-04-30 18:00:00,9.0,DAYS,3,v1.0,VALID,SYNTHETIC,hash_cng_001943,True
1944,CONGESTION_PORT_HEDLAND,2025-04-30 00:00:00,2025-04-30 18:00:00,2.5,DAYS,3,v1.0,VALID,SYNTHETIC,hash_cng_001944,True
1945,CONGESTION_PORT_PARADIP,2025-05-01 00:00:00,2025-05-01 18:00:00,3.5,DAYS,3,v1.0,VALID,SYNTHETIC,hash_cng_001945,True
1946,CONGESTION_PORT_DHAMRA,2025-05-01 00:00:00,2025-05-01 18:00:00,2.3,DAYS,3,v1.0,VALID,SYNTHETIC,hash_cng_001946,True
1947,CONGESTION_PORT_NEWCASTLE,2025-05-01 00:00:00,2025-05-01 18:00:00,7.6,DAYS,3,v1.0,VALID,SYNTHETIC,hash_cng_001947,True
1948,CONGESTION_PORT_HEDLAND,2025-05-01 00:00:00,2025-05-01 18:00:00,2.9,DAYS,3,v1.0,VALID,SYNTHETIC,hash_cng_001948,True
1949,CONGESTION_PORT_PARADIP,2025-05-02 00:00:00,2025-05-02 18:00:00,3.9,DAYS,3,v1.0,VALID,SYNTHETIC,hash_cng_001949,True
1950,CONGESTION_PORT_DHAMRA,2025-05-02 00:00:00,2025-05-02 18:00:00,1.9,DAYS,3,v1.0,VALID,SYNTHETIC,hash_cng_001950,True
1951,CONGESTION_PORT_NEWCASTLE,2025-05-02 00:00:00,2025-05-02 18:00:00,8.2,DAYS,3,v1.0,VALID,SYNTHETIC,hash_cng_001951,True
1952,CONGESTION_PORT_HEDLAND,2025-05-02 00:00:00,2025-05-02 18:00:00,3.2,DAYS,3,v1.0,VALID,SYNTHETIC,hash_cng_001952,True
1953,CONGESTION_PORT_PARADIP,2025-05-03 00:00:00,2025-05-03 18:00:00,4.3,DAYS,3,v1.0,VALID,SYNTHETIC,hash_cng_001953,True
1954,CONGESTION_PORT_DHAMRA,2025-05-03 00:00:00,2025-05-03 18:00:00,2.0,DAYS,3,v1.0,VALID,SYNTHETIC,hash_cng_001954,True
1955,CONGESTION_PORT_NEWCASTLE,2025-05-03 00:00:00,2025-05-03 18:00:00,7.6,DAYS,3,v1.0,VALID,SYNTHETIC,hash_cng_001955,True
1956,CONGESTION_PORT_HEDLAND,2025-05-03 00:00:00,2025-05-03 18:00:00,3.0,DAYS,3,v1.0,VALID,SYNTHETIC,hash_cng_001956,True
1957,CONGESTION_PORT_PARADIP,2025-05-04 00:00:00,2025-05-04 18:00:00,4.1,DAYS,3,v1.0,VALID,SYNTHETIC,hash_cng_001957,True
1958,CONGESTION_PORT_DHAMRA,2025-05-04 00:00:00,2025-05-04 18:00:00,1.7,DAYS,3,v1.0,VALID,SYNTHETIC,hash_cng_001958,True
1959,CONGESTION_PORT_NEWCASTLE,2025-05-04 00:00:00,2025-05-04 18:00:00,8.3,DAYS,3,v1.0,VALID,SYNTHETIC,hash_cng_001959,True
1960,CONGESTION_PORT_HEDLAND,2025-05-04 00:00:00,2025-05-04 18:00:00,2.9,DAYS,3,v1.0,VALID,SYNTHETIC,hash_cng_001960,True
1961,CONGESTION_PORT_PARADIP,2025-05-05 00:00:00,2025-05-05 18:00:00,3.5,DAYS,3,v1.0,VALID,SYNTHETIC,hash_cng_001961,True
1962,CONGESTION_PORT_DHAMRA,2025-05-05 00:00:00,2025-05-05 18:00:00,2.1,DAYS,3,v1.0,VALID,SYNTHETIC,hash_cng_001962,True
1963,CONGESTION_PORT_NEWCASTLE,2025-05-05 00:00:00,2025-05-05 18:00:00,7.9,DAYS,3,v1.0,VALID,SYNTHETIC,hash_cng_001963,True
1964,CONGESTION_PORT_HEDLAND,2025-05-05 00:00:00,2025-05-05 18:00:00,3.0,DAYS,3,v1.0,VALID,SYNTHETIC,hash_cng_001964,True
1965,CONGESTION_PORT_PARADIP,2025-05-06 00:00:00,2025-05-06 18:00:00,3.9,DAYS,3,v1.0,VALID,SYNTHETIC,hash_cng_001965,True
1966,CONGESTION_PORT_DHAMRA,2025-05-06 00:00:00,2025-05-06 18:00:00,1.9,DAYS,3,v1.0,VALID,SYNTHETIC,hash_cng_001966,True
1967,CONGESTION_PORT_NEWCASTLE,2025-05-06 00:00:00,2025-05-06 18:00:00,7.8,DAYS,3,v1.0,VALID,SYNTHETIC,hash_cng_001967,True
1968,CONGESTION_PORT_HEDLAND,2025-05-06 00:00:00,2025-05-06 18:00:00,3.0,DAYS,3,v1.0,VALID,SYNTHETIC,hash_cng_001968,True
1969,CONGESTION_PORT_PARADIP,2025-05-07 00:00:00,2025-05-07 18:00:00,4.5,DAYS,3,v1.0,VALID,SYNTHETIC,hash_cng_001969,True
1970,CONGESTION_PORT_DHAMRA,2025-05-07 00:00:00,2025-05-07 18:00:00,2.1,DAYS,3,v1.0,VALID,SYNTHETIC,hash_cng_001970,True
1971,CONGESTION_PORT_NEWCASTLE,2025-05-07 00:00:00,2025-05-07 18:00:00,6.4,DAYS,3,v1.0,VALID,SYNTHETIC,hash_cng_001971,True
1972,CONGESTION_PORT_HEDLAND,2025-05-07 00:00:00,2025-05-07 18:00:00,2.7,DAYS,3,v1.0,VALID,SYNTHETIC,hash_cng_001972,True
1973,CONGESTION_PORT_PARADIP,2025-05-08 00:00:00,2025-05-08 18:00:00,3.9,DAYS,3,v1.0,VALID,SYNTHETIC,hash_cng_001973,True
1974,CONGESTION_PORT_DHAMRA,2025-05-08 00:00:00,2025-05-08 18:00:00,2.2,DAYS,3,v1.0,VALID,SYNTHETIC,hash_cng_001974,True
1975,CONGESTION_PORT_NEWCASTLE,2025-05-08 00:00:00,2025-05-08 18:00:00,7.3,DAYS,3,v1.0,VALID,SYNTHETIC,hash_cng_001975,True
1976,CONGESTION_PORT_HEDLAND,2025-05-08 00:00:00,2025-05-08 18:00:00,2.6,DAYS,3,v1.0,VALID,SYNTHETIC,hash_cng_001976,True
1977,CONGESTION_PORT_PARADIP,2025-05-09 00:00:00,2025-05-09 18:00:00,4.3,DAYS,3,v1.0,VALID,SYNTHETIC,hash_cng_001977,True
1978,CONGESTION_PORT_DHAMRA,2025-05-09 00:00:00,2025-05-09 18:00:00,2.1,DAYS,3,v1.0,VALID,SYNTHETIC,hash_cng_001978,True
1979,CONGESTION_PORT_NEWCASTLE,2025-05-09 00:00:00,2025-05-09 18:00:00,8.6,DAYS,3,v1.0,VALID,SYNTHETIC,hash_cng_001979,True
1980,CONGESTION_PORT_HEDLAND,2025-05-09 00:00:00,2025-05-09 18:00:00,2.8,DAYS,3,v1.0,VALID,SYNTHETIC,hash_cng_001980,True
1981,CONGESTION_PORT_PARADIP,2025-05-10 00:00:00,2025-05-10 18:00:00,4.2,DAYS,3,v1.0,VALID,SYNTHETIC,hash_cng_001981,True
1982,CONGESTION_PORT_DHAMRA,2025-05-10 00:00:00,2025-05-10 18:00:00,2.1,DAYS,3,v1.0,VALID,SYNTHETIC,hash_cng_001982,True
1983,CONGESTION_PORT_NEWCASTLE,2025-05-10 00:00:00,2025-05-10 18:00:00,8.3,DAYS,3,v1.0,VALID,SYNTHETIC,hash_cng_001983,True
1984,CONGESTION_PORT_HEDLAND,2025-05-10 00:00:00,2025-05-10 18:00:00,2.9,DAYS,3,v1.0,VALID,SYNTHETIC,hash_cng_001984,True
1985,CONGESTION_PORT_PARADIP,2025-05-11 00:00:00,2025-05-11 18:00:00,4.9,DAYS,3,v1.0,VALID,SYNTHETIC,hash_cng_001985,True
1986,CONGESTION_PORT_DHAMRA,2025-05-11 00:00:00,2025-05-11 18:00:00,2.2,DAYS,3,v1.0,VALID,SYNTHETIC,hash_cng_001986,True
1987,CONGESTION_PORT_NEWCASTLE,2025-05-11 00:00:00,2025-05-11 18:00:00,7.3,DAYS,3,v1.0,VALID,SYNTHETIC,hash_cng_001987,True
1988,CONGESTION_PORT_HEDLAND,2025-05-11 00:00:00,2025-05-11 18:00:00,2.6,DAYS,3,v1.0,VALID,SYNTHETIC,hash_cng_001988,True
1989,CONGESTION_PORT_PARADIP,2025-05-12 00:00:00,2025-05-12 18:00:00,5.0,DAYS,3,v1.0,VALID,SYNTHETIC,hash_cng_001989,True
1990,CONGESTION_PORT_DHAMRA,2025-05-12 00:00:00,2025-05-12 18:00:00,2.2,DAYS,3,v1.0,VALID,SYNTHETIC,hash_cng_001990,True
1991,CONGESTION_PORT_NEWCASTLE,2025-05-12 00:00:00,2025-05-12 18:00:00,8.3,DAYS,3,v1.0,VALID,SYNTHETIC,hash_cng_001991,True
1992,CONGESTION_PORT_HEDLAND,2025-05-12 00:00:00,2025-05-12 18:00:00,2.6,DAYS,3,v1.0,VALID,SYNTHETIC,hash_cng_001992,True
1993,CONGESTION_PORT_PARADIP,2025-05-13 00:00:00,2025-05-13 18:00:00,3.9,DAYS,3,v1.0,VALID,SYNTHETIC,hash_cng_001993,True
1994,CONGESTION_PORT_DHAMRA,2025-05-13 00:00:00,2025-05-13 18:00:00,2.2,DAYS,3,v1.0,VALID,SYNTHETIC,hash_cng_001994,True
1995,CONGESTION_PORT_NEWCASTLE,2025-05-13 00:00:00,2025-05-13 18:00:00,6.8,DAYS,3,v1.0,VALID,SYNTHETIC,hash_cng_001995,True
1996,CONGESTION_PORT_HEDLAND,2025-05-13 00:00:00,2025-05-13 18:00:00,2.6,DAYS,3,v1.0,VALID,SYNTHETIC,hash_cng_001996,True
1997,CONGESTION_PORT_PARADIP,2025-05-14 00:00:00,2025-05-14 18:00:00,3.6,DAYS,3,v1.0,VALID,SYNTHETIC,hash_cng_001997,True
1998,CONGESTION_PORT_DHAMRA,2025-05-14 00:00:00,2025-05-14 18:00:00,2.2,DAYS,3,v1.0,VALID,SYNTHETIC,hash_cng_001998,True
1999,CONGESTION_PORT_NEWCASTLE,2025-05-14 00:00:00,2025-05-14 18:00:00,7.7,DAYS,3,v1.0,VALID,SYNTHETIC,hash_cng_001999,True
2000,CONGESTION_PORT_HEDLAND,2025-05-14 00:00:00,2025-05-14 18:00:00,2.8,DAYS,3,v1.0,VALID,SYNTHETIC,hash_cng_002000,True
2001,CONGESTION_PORT_PARADIP,2025-05-15 00:00:00,2025-05-15 18:00:00,4.0,DAYS,3,v1.0,VALID,SYNTHETIC,hash_cng_002001,True
2002,CONGESTION_PORT_DHAMRA,2025-05-15 00:00:00,2025-05-15 18:00:00,2.2,DAYS,3,v1.0,VALID,SYNTHETIC,hash_cng_002002,True
2003,CONGESTION_PORT_NEWCASTLE,2025-05-15 00:00:00,2025-05-15 18:00:00,7.3,DAYS,3,v1.0,VALID,SYNTHETIC,hash_cng_002003,True
2004,CONGESTION_PORT_HEDLAND,2025-05-15 00:00:00,2025-05-15 18:00:00,2.3,DAYS,3,v1.0,VALID,SYNTHETIC,hash_cng_002004,True
2005,CONGESTION_PORT_PARADIP,2025-05-16 00:00:00,2025-05-16 18:00:00,4.1,DAYS,3,v1.0,VALID,SYNTHETIC,hash_cng_002005,True
2006,CONGESTION_PORT_DHAMRA,2025-05-16 00:00:00,2025-05-16 18:00:00,2.5,DAYS,3,v1.0,VALID,SYNTHETIC,hash_cng_002006,True
2007,CONGESTION_PORT_NEWCASTLE,2025-05-16 00:00:00,2025-05-16 18:00:00,7.5,DAYS,3,v1.0,VALID,SYNTHETIC,hash_cng_002007,True
2008,CONGESTION_PORT_HEDLAND,2025-05-16 00:00:00,2025-05-16 18:00:00,3.2,DAYS,3,v1.0,VALID,SYNTHETIC,hash_cng_002008,True
2009,CONGESTION_PORT_PARADIP,2025-05-17 00:00:00,2025-05-17 18:00:00,4.5,DAYS,3,v1.0,VALID,SYNTHETIC,hash_cng_002009,True
2010,CONGESTION_PORT_DHAMRA,2025-05-17 00:00:00,2025-05-17 18:00:00,1.9,DAYS,3,v1.0,VALID,SYNTHETIC,hash_cng_002010,True
2011,CONGESTION_PORT_NEWCASTLE,2025-05-17 00:00:00,2025-05-17 18:00:00,7.7,DAYS,3,v1.0,VALID,SYNTHETIC,hash_cng_002011,True
2012,CONGESTION_PORT_HEDLAND,2025-05-17 00:00:00,2025-05-17 18:00:00,3.0,DAYS,3,v1.0,VALID,SYNTHETIC,hash_cng_002012,True
2013,CONGESTION_PORT_PARADIP,2025-05-18 00:00:00,2025-05-18 18:00:00,3.3,DAYS,3,v1.0,VALID,SYNTHETIC,hash_cng_002013,True
2014,CONGESTION_PORT_DHAMRA,2025-05-18 00:00:00,2025-05-18 18:00:00,2.2,DAYS,3,v1.0,VALID,SYNTHETIC,hash_cng_002014,True
2015,CONGESTION_PORT_NEWCASTLE,2025-05-18 00:00:00,2025-05-18 18:00:00,8.2,DAYS,3,v1.0,VALID,SYNTHETIC,hash_cng_002015,True
2016,CONGESTION_PORT_HEDLAND,2025-05-18 00:00:00,2025-05-18 18:00:00,2.8,DAYS,3,v1.0,VALID,SYNTHETIC,hash_cng_002016,True
2017,CONGESTION_PORT_PARADIP,2025-05-19 00:00:00,2025-05-19 18:00:00,4.4,DAYS,3,v1.0,VALID,SYNTHETIC,hash_cng_002017,True
2018,CONGESTION_PORT_DHAMRA,2025-05-19 00:00:00,2025-05-19 18:00:00,2.1,DAYS,3,v1.0,VALID,SYNTHETIC,hash_cng_002018,True
2019,CONGESTION_PORT_NEWCASTLE,2025-05-19 00:00:00,2025-05-19 18:00:00,6.9,DAYS,3,v1.0,VALID,SYNTHETIC,hash_cng_002019,True
2020,CONGESTION_PORT_HEDLAND,2025-05-19 00:00:00,2025-05-19 18:00:00,3.2,DAYS,3,v1.0,VALID,SYNTHETIC,hash_cng_002020,True
2021,CONGESTION_PORT_PARADIP,2025-05-20 00:00:00,2025-05-20 18:00:00,4.8,DAYS,3,v1.0,VALID,SYNTHETIC,hash_cng_002021,True
2022,CONGESTION_PORT_DHAMRA,2025-05-20 00:00:00,2025-05-20 18:00:00,1.8,DAYS,3,v1.0,VALID,SYNTHETIC,hash_cng_002022,True
2023,CONGESTION_PORT_NEWCASTLE,2025-05-20 00:00:00,2025-05-20 18:00:00,7.7,DAYS,3,v1.0,VALID,SYNTHETIC,hash_cng_002023,True
2024,CONGESTION_PORT_HEDLAND,2025-05-20 00:00:00,2025-05-20 18:00:00,3.0,DAYS,3,v1.0,VALID,SYNTHETIC,hash_cng_002024,True
2025,CONGESTION_PORT_PARADIP,2025-05-21 00:00:00,2025-05-21 18:00:00,4.2,DAYS,3,v1.0,VALID,SYNTHETIC,hash_cng_002025,True
2026,CONGESTION_PORT_DHAMRA,2025-05-21 00:00:00,2025-05-21 18:00:00,2.4,DAYS,3,v1.0,VALID,SYNTHETIC,hash_cng_002026,True
2027,CONGESTION_PORT_NEWCASTLE,2025-05-21 00:00:00,2025-05-21 18:00:00,7.4,DAYS,3,v1.0,VALID,SYNTHETIC,hash_cng_002027,True
2028,CONGESTION_PORT_HEDLAND,2025-05-21 00:00:00,2025-05-21 18:00:00,2.8,DAYS,3,v1.0,VALID,SYNTHETIC,hash_cng_002028,True
2029,CONGESTION_PORT_PARADIP,2025-05-22 00:00:00,2025-05-22 18:00:00,5.1,DAYS,3,v1.0,VALID,SYNTHETIC,hash_cng_002029,True
2030,CONGESTION_PORT_DHAMRA,2025-05-22 00:00:00,2025-05-22 18:00:00,1.9,DAYS,3,v1.0,VALID,SYNTHETIC,hash_cng_002030,True
2031,CONGESTION_PORT_NEWCASTLE,2025-05-22 00:00:00,2025-05-22 18:00:00,7.8,DAYS,3,v1.0,VALID,SYNTHETIC,hash_cng_002031,True
2032,CONGESTION_PORT_HEDLAND,2025-05-22 00:00:00,2025-05-22 18:00:00,2.9,DAYS,3,v1.0,VALID,SYNTHETIC,hash_cng_002032,True
2033,CONGESTION_PORT_PARADIP,2025-05-23 00:00:00,2025-05-23 18:00:00,4.4,DAYS,3,v1.0,VALID,SYNTHETIC,hash_cng_002033,True
2034,CONGESTION_PORT_DHAMRA,2025-05-23 00:00:00,2025-05-23 18:00:00,2.3,DAYS,3,v1.0,VALID,SYNTHETIC,hash_cng_002034,True
2035,CONGESTION_PORT_NEWCASTLE,2025-05-23 00:00:00,2025-05-23 18:00:00,7.5,DAYS,3,v1.0,VALID,SYNTHETIC,hash_cng_002035,True
2036,CONGESTION_PORT_HEDLAND,2025-05-23 00:00:00,2025-05-23 18:00:00,3.1,DAYS,3,v1.0,VALID,SYNTHETIC,hash_cng_002036,True
2037,CONGESTION_PORT_PARADIP,2025-05-24 00:00:00,2025-05-24 18:00:00,4.4,DAYS,3,v1.0,VALID,SYNTHETIC,hash_cng_002037,True
2038,CONGESTION_PORT_DHAMRA,2025-05-24 00:00:00,2025-05-24 18:00:00,1.8,DAYS,3,v1.0,VALID,SYNTHETIC,hash_cng_002038,True
2039,CONGESTION_PORT_NEWCASTLE,2025-05-24 00:00:00,2025-05-24 18:00:00,6.3,DAYS,3,v1.0,VALID,SYNTHETIC,hash_cng_002039,True
2040,CONGESTION_PORT_HEDLAND,2025-05-24 00:00:00,2025-05-24 18:00:00,3.0,DAYS,3,v1.0,VALID,SYNTHETIC,hash_cng_002040,True
2041,CONGESTION_PORT_PARADIP,2025-05-25 00:00:00,2025-05-25 18:00:00,4.2,DAYS,3,v1.0,VALID,SYNTHETIC,hash_cng_002041,True
2042,CONGESTION_PORT_DHAMRA,2025-05-25 00:00:00,2025-05-25 18:00:00,1.8,DAYS,3,v1.0,VALID,SYNTHETIC,hash_cng_002042,True
2043,CONGESTION_PORT_NEWCASTLE,2025-05-25 00:00:00,2025-05-25 18:00:00,6.9,DAYS,3,v1.0,VALID,SYNTHETIC,hash_cng_002043,True
2044,CONGESTION_PORT_HEDLAND,2025-05-25 00:00:00,2025-05-25 18:00:00,3.0,DAYS,3,v1.0,VALID,SYNTHETIC,hash_cng_002044,True
2045,CONGESTION_PORT_PARADIP,2025-05-26 00:00:00,2025-05-26 18:00:00,4.1,DAYS,3,v1.0,VALID,SYNTHETIC,hash_cng_002045,True
2046,CONGESTION_PORT_DHAMRA,2025-05-26 00:00:00,2025-05-26 18:00:00,2.3,DAYS,3,v1.0,VALID,SYNTHETIC,hash_cng_002046,True
2047,CONGESTION_PORT_NEWCASTLE,2025-05-26 00:00:00,2025-05-26 18:00:00,6.6,DAYS,3,v1.0,VALID,SYNTHETIC,hash_cng_002047,True
2048,CONGESTION_PORT_HEDLAND,2025-05-26 00:00:00,2025-05-26 18:00:00,3.3,DAYS,3,v1.0,VALID,SYNTHETIC,hash_cng_002048,True
2049,CONGESTION_PORT_PARADIP,2025-05-27 00:00:00,2025-05-27 18:00:00,3.5,DAYS,3,v1.0,VALID,SYNTHETIC,hash_cng_002049,True
2050,CONGESTION_PORT_DHAMRA,2025-05-27 00:00:00,2025-05-27 18:00:00,2.0,DAYS,3,v1.0,VALID,SYNTHETIC,hash_cng_002050,True
2051,CONGESTION_PORT_NEWCASTLE,2025-05-27 00:00:00,2025-05-27 18:00:00,6.5,DAYS,3,v1.0,VALID,SYNTHETIC,hash_cng_002051,True
2052,CONGESTION_PORT_HEDLAND,2025-05-27 00:00:00,2025-05-27 18:00:00,2.5,DAYS,3,v1.0,VALID,SYNTHETIC,hash_cng_002052,True
2053,CONGESTION_PORT_PARADIP,2025-05-28 00:00:00,2025-05-28 18:00:00,4.4,DAYS,3,v1.0,VALID,SYNTHETIC,hash_cng_002053,True
2054,CONGESTION_PORT_DHAMRA,2025-05-28 00:00:00,2025-05-28 18:00:00,2.5,DAYS,3,v1.0,VALID,SYNTHETIC,hash_cng_002054,True
2055,CONGESTION_PORT_NEWCASTLE,2025-05-28 00:00:00,2025-05-28 18:00:00,5.9,DAYS,3,v1.0,VALID,SYNTHETIC,hash_cng_002055,True
2056,CONGESTION_PORT_HEDLAND,2025-05-28 00:00:00,2025-05-28 18:00:00,2.5,DAYS,3,v1.0,VALID,SYNTHETIC,hash_cng_002056,True
2057,CONGESTION_PORT_PARADIP,2025-05-29 00:00:00,2025-05-29 18:00:00,5.0,DAYS,3,v1.0,VALID,SYNTHETIC,hash_cng_002057,True
2058,CONGESTION_PORT_DHAMRA,2025-05-29 00:00:00,2025-05-29 18:00:00,2.2,DAYS,3,v1.0,VALID,SYNTHETIC,hash_cng_002058,True
2059,CONGESTION_PORT_NEWCASTLE,2025-05-29 00:00:00,2025-05-29 18:00:00,7.1,DAYS,3,v1.0,VALID,SYNTHETIC,hash_cng_002059,True
2060,CONGESTION_PORT_HEDLAND,2025-05-29 00:00:00,2025-05-29 18:00:00,3.1,DAYS,3,v1.0,VALID,SYNTHETIC,hash_cng_002060,True
2061,CONGESTION_PORT_PARADIP,2025-05-30 00:00:00,2025-05-30 18:00:00,3.6,DAYS,3,v1.0,VALID,SYNTHETIC,hash_cng_002061,True
2062,CONGESTION_PORT_DHAMRA,2025-05-30 00:00:00,2025-05-30 18:00:00,2.2,DAYS,3,v1.0,VALID,SYNTHETIC,hash_cng_002062,True
2063,CONGESTION_PORT_NEWCASTLE,2025-05-30 00:00:00,2025-05-30 18:00:00,6.8,DAYS,3,v1.0,VALID,SYNTHETIC,hash_cng_002063,True
2064,CONGESTION_PORT_HEDLAND,2025-05-30 00:00:00,2025-05-30 18:00:00,2.9,DAYS,3,v1.0,VALID,SYNTHETIC,hash_cng_002064,True
2065,CONGESTION_PORT_PARADIP,2025-05-31 00:00:00,2025-05-31 18:00:00,3.6,DAYS,3,v1.0,VALID,SYNTHETIC,hash_cng_002065,True
2066,CONGESTION_PORT_DHAMRA,2025-05-31 00:00:00,2025-05-31 18:00:00,2.0,DAYS,3,v1.0,VALID,SYNTHETIC,hash_cng_002066,True
2067,CONGESTION_PORT_NEWCASTLE,2025-05-31 00:00:00,2025-05-31 18:00:00,6.7,DAYS,3,v1.0,VALID,SYNTHETIC,hash_cng_002067,True
2068,CONGESTION_PORT_HEDLAND,2025-05-31 00:00:00,2025-05-31 18:00:00,2.9,DAYS,3,v1.0,VALID,SYNTHETIC,hash_cng_002068,True
2069,CONGESTION_PORT_PARADIP,2025-06-01 00:00:00,2025-06-01 18:00:00,4.3,DAYS,3,v1.0,VALID,SYNTHETIC,hash_cng_002069,True
2070,CONGESTION_PORT_DHAMRA,2025-06-01 00:00:00,2025-06-01 18:00:00,2.1,DAYS,3,v1.0,VALID,SYNTHETIC,hash_cng_002070,True
2071,CONGESTION_PORT_NEWCASTLE,2025-06-01 00:00:00,2025-06-01 18:00:00,6.9,DAYS,3,v1.0,VALID,SYNTHETIC,hash_cng_002071,True
2072,CONGESTION_PORT_HEDLAND,2025-06-01 00:00:00,2025-06-01 18:00:00,2.6,DAYS,3,v1.0,VALID,SYNTHETIC,hash_cng_002072,True
2073,CONGESTION_PORT_PARADIP,2025-06-02 00:00:00,2025-06-02 18:00:00,4.9,DAYS,3,v1.0,VALID,SYNTHETIC,hash_cng_002073,True
2074,CONGESTION_PORT_DHAMRA,2025-06-02 00:00:00,2025-06-02 18:00:00,2.3,DAYS,3,v1.0,VALID,SYNTHETIC,hash_cng_002074,True
2075,CONGESTION_PORT_NEWCASTLE,2025-06-02 00:00:00,2025-06-02 18:00:00,5.9,DAYS,3,v1.0,VALID,SYNTHETIC,hash_cng_002075,True
2076,CONGESTION_PORT_HEDLAND,2025-06-02 00:00:00,2025-06-02 18:00:00,2.7,DAYS,3,v1.0,VALID,SYNTHETIC,hash_cng_002076,True
2077,CONGESTION_PORT_PARADIP,2025-06-03 00:00:00,2025-06-03 18:00:00,3.9,DAYS,3,v1.0,VALID,SYNTHETIC,hash_cng_002077,True
2078,CONGESTION_PORT_DHAMRA,2025-06-03 00:00:00,2025-06-03 18:00:00,2.0,DAYS,3,v1.0,VALID,SYNTHETIC,hash_cng_002078,True
2079,CONGESTION_PORT_NEWCASTLE,2025-06-03 00:00:00,2025-06-03 18:00:00,6.3,DAYS,3,v1.0,VALID,SYNTHETIC,hash_cng_002079,True
2080,CONGESTION_PORT_HEDLAND,2025-06-03 00:00:00,2025-06-03 18:00:00,2.6,DAYS,3,v1.0,VALID,SYNTHETIC,hash_cng_002080,True
2081,CONGESTION_PORT_PARADIP,2025-06-04 00:00:00,2025-06-04 18:00:00,5.2,DAYS,3,v1.0,VALID,SYNTHETIC,hash_cng_002081,True
2082,CONGESTION_PORT_DHAMRA,2025-06-04 00:00:00,2025-06-04 18:00:00,2.4,DAYS,3,v1.0,VALID,SYNTHETIC,hash_cng_002082,True
2083,CONGESTION_PORT_NEWCASTLE,2025-06-04 00:00:00,2025-06-04 18:00:00,6.3,DAYS,3,v1.0,VALID,SYNTHETIC,hash_cng_002083,True
2084,CONGESTION_PORT_HEDLAND,2025-06-04 00:00:00,2025-06-04 18:00:00,2.9,DAYS,3,v1.0,VALID,SYNTHETIC,hash_cng_002084,True
2085,CONGESTION_PORT_PARADIP,2025-06-05 00:00:00,2025-06-05 18:00:00,3.9,DAYS,3,v1.0,VALID,SYNTHETIC,hash_cng_002085,True
2086,CONGESTION_PORT_DHAMRA,2025-06-05 00:00:00,2025-06-05 18:00:00,1.8,DAYS,3,v1.0,VALID,SYNTHETIC,hash_cng_002086,True
2087,CONGESTION_PORT_NEWCASTLE,2025-06-05 00:00:00,2025-06-05 18:00:00,7.6,DAYS,3,v1.0,VALID,SYNTHETIC,hash_cng_002087,True
2088,CONGESTION_PORT_HEDLAND,2025-06-05 00:00:00,2025-06-05 18:00:00,2.9,DAYS,3,v1.0,VALID,SYNTHETIC,hash_cng_002088,True
2089,CONGESTION_PORT_PARADIP,2025-06-06 00:00:00,2025-06-06 18:00:00,4.6,DAYS,3,v1.0,VALID,SYNTHETIC,hash_cng_002089,True
2090,CONGESTION_PORT_DHAMRA,2025-06-06 00:00:00,2025-06-06 18:00:00,2.1,DAYS,3,v1.0,VALID,SYNTHETIC,hash_cng_002090,True
2091,CONGESTION_PORT_NEWCASTLE,2025-06-06 00:00:00,2025-06-06 18:00:00,5.9,DAYS,3,v1.0,VALID,SYNTHETIC,hash_cng_002091,True
2092,CONGESTION_PORT_HEDLAND,2025-06-06 00:00:00,2025-06-06 18:00:00,3.0,DAYS,3,v1.0,VALID,SYNTHETIC,hash_cng_002092,True
2093,CONGESTION_PORT_PARADIP,2025-06-07 00:00:00,2025-06-07 18:00:00,4.4,DAYS,3,v1.0,VALID,SYNTHETIC,hash_cng_002093,True
2094,CONGESTION_PORT_DHAMRA,2025-06-07 00:00:00,2025-06-07 18:00:00,2.1,DAYS,3,v1.0,VALID,SYNTHETIC,hash_cng_002094,True
2095,CONGESTION_PORT_NEWCASTLE,2025-06-07 00:00:00,2025-06-07 18:00:00,5.5,DAYS,3,v1.0,VALID,SYNTHETIC,hash_cng_002095,True
2096,CONGESTION_PORT_HEDLAND,2025-06-07 00:00:00,2025-06-07 18:00:00,2.2,DAYS,3,v1.0,VALID,SYNTHETIC,hash_cng_002096,True
2097,CONGESTION_PORT_PARADIP,2025-06-08 00:00:00,2025-06-08 18:00:00,5.0,DAYS,3,v1.0,VALID,SYNTHETIC,hash_cng_002097,True
2098,CONGESTION_PORT_DHAMRA,2025-06-08 00:00:00,2025-06-08 18:00:00,2.0,DAYS,3,v1.0,VALID,SYNTHETIC,hash_cng_002098,True
2099,CONGESTION_PORT_NEWCASTLE,2025-06-08 00:00:00,2025-06-08 18:00:00,7.0,DAYS,3,v1.0,VALID,SYNTHETIC,hash_cng_002099,True
2100,CONGESTION_PORT_HEDLAND,2025-06-08 00:00:00,2025-06-08 18:00:00,2.4,DAYS,3,v1.0,VALID,SYNTHETIC,hash_cng_002100,True
2101,CONGESTION_PORT_PARADIP,2025-06-09 00:00:00,2025-06-09 18:00:00,3.8,DAYS,3,v1.0,VALID,SYNTHETIC,hash_cng_002101,True
2102,CONGESTION_PORT_DHAMRA,2025-06-09 00:00:00,2025-06-09 18:00:00,2.3,DAYS,3,v1.0,VALID,SYNTHETIC,hash_cng_002102,True
2103,CONGESTION_PORT_NEWCASTLE,2025-06-09 00:00:00,2025-06-09 18:00:00,7.1,DAYS,3,v1.0,VALID,SYNTHETIC,hash_cng_002103,True
2104,CONGESTION_PORT_HEDLAND,2025-06-09 00:00:00,2025-06-09 18:00:00,3.0,DAYS,3,v1.0,VALID,SYNTHETIC,hash_cng_002104,True
2105,CONGESTION_PORT_PARADIP,2025-06-10 00:00:00,2025-06-10 18:00:00,4.1,DAYS,3,v1.0,VALID,SYNTHETIC,hash_cng_002105,True
2106,CONGESTION_PORT_DHAMRA,2025-06-10 00:00:00,2025-06-10 18:00:00,2.1,DAYS,3,v1.0,VALID,SYNTHETIC,hash_cng_002106,True
2107,CONGESTION_PORT_NEWCASTLE,2025-06-10 00:00:00,2025-06-10 18:00:00,6.7,DAYS,3,v1.0,VALID,SYNTHETIC,hash_cng_002107,True
2108,CONGESTION_PORT_HEDLAND,2025-06-10 00:00:00,2025-06-10 18:00:00,2.9,DAYS,3,v1.0,VALID,SYNTHETIC,hash_cng_002108,True
2109,CONGESTION_PORT_PARADIP,2025-06-11 00:00:00,2025-06-11 18:00:00,4.7,DAYS,3,v1.0,VALID,SYNTHETIC,hash_cng_002109,True
2110,CONGESTION_PORT_DHAMRA,2025-06-11 00:00:00,2025-06-11 18:00:00,2.1,DAYS,3,v1.0,VALID,SYNTHETIC,hash_cng_002110,True
2111,CONGESTION_PORT_NEWCASTLE,2025-06-11 00:00:00,2025-06-11 18:00:00,7.0,DAYS,3,v1.0,VALID,SYNTHETIC,hash_cng_002111,True
2112,CONGESTION_PORT_HEDLAND,2025-06-11 00:00:00,2025-06-11 18:00:00,2.5,DAYS,3,v1.0,VALID,SYNTHETIC,hash_cng_002112,True
2113,CONGESTION_PORT_PARADIP,2025-06-12 00:00:00,2025-06-12 18:00:00,4.3,DAYS,3,v1.0,VALID,SYNTHETIC,hash_cng_002113,True
2114,CONGESTION_PORT_DHAMRA,2025-06-12 00:00:00,2025-06-12 18:00:00,2.4,DAYS,3,v1.0,VALID,SYNTHETIC,hash_cng_002114,True
2115,CONGESTION_PORT_NEWCASTLE,2025-06-12 00:00:00,2025-06-12 18:00:00,7.0,DAYS,3,v1.0,VALID,SYNTHETIC,hash_cng_002115,True
2116,CONGESTION_PORT_HEDLAND,2025-06-12 00:00:00,2025-06-12 18:00:00,2.2,DAYS,3,v1.0,VALID,SYNTHETIC,hash_cng_002116,True
2117,CONGESTION_PORT_PARADIP,2025-06-13 00:00:00,2025-06-13 18:00:00,4.0,DAYS,3,v1.0,VALID,SYNTHETIC,hash_cng_002117,True
2118,CONGESTION_PORT_DHAMRA,2025-06-13 00:00:00,2025-06-13 18:00:00,2.4,DAYS,3,v1.0,VALID,SYNTHETIC,hash_cng_002118,True
2119,CONGESTION_PORT_NEWCASTLE,2025-06-13 00:00:00,2025-06-13 18:00:00,6.2,DAYS,3,v1.0,VALID,SYNTHETIC,hash_cng_002119,True
2120,CONGESTION_PORT_HEDLAND,2025-06-13 00:00:00,2025-06-13 18:00:00,2.4,DAYS,3,v1.0,VALID,SYNTHETIC,hash_cng_002120,True
2121,CONGESTION_PORT_PARADIP,2025-06-14 00:00:00,2025-06-14 18:00:00,4.2,DAYS,3,v1.0,VALID,SYNTHETIC,hash_cng_002121,True
2122,CONGESTION_PORT_DHAMRA,2025-06-14 00:00:00,2025-06-14 18:00:00,2.5,DAYS,3,v1.0,VALID,SYNTHETIC,hash_cng_002122,True
2123,CONGESTION_PORT_NEWCASTLE,2025-06-14 00:00:00,2025-06-14 18:00:00,5.9,DAYS,3,v1.0,VALID,SYNTHETIC,hash_cng_002123,True
2124,CONGESTION_PORT_HEDLAND,2025-06-14 00:00:00,2025-06-14 18:00:00,2.8,DAYS,3,v1.0,VALID,SYNTHETIC,hash_cng_002124,True
2125,CONGESTION_PORT_PARADIP,2025-06-15 00:00:00,2025-06-15 18:00:00,4.3,DAYS,3,v1.0,VALID,SYNTHETIC,hash_cng_002125,True
2126,CONGESTION_PORT_DHAMRA,2025-06-15 00:00:00,2025-06-15 18:00:00,2.5,DAYS,3,v1.0,VALID,SYNTHETIC,hash_cng_002126,True
2127,CONGESTION_PORT_NEWCASTLE,2025-06-15 00:00:00,2025-06-15 18:00:00,5.5,DAYS,3,v1.0,VALID,SYNTHETIC,hash_cng_002127,True
2128,CONGESTION_PORT_HEDLAND,2025-06-15 00:00:00,2025-06-15 18:00:00,3.2,DAYS,3,v1.0,VALID,SYNTHETIC,hash_cng_002128,True
2129,CONGESTION_PORT_PARADIP,2025-06-16 00:00:00,2025-06-16 18:00:00,5.1,DAYS,3,v1.0,VALID,SYNTHETIC,hash_cng_002129,True
2130,CONGESTION_PORT_DHAMRA,2025-06-16 00:00:00,2025-06-16 18:00:00,2.6,DAYS,3,v1.0,VALID,SYNTHETIC,hash_cng_002130,True
2131,CONGESTION_PORT_NEWCASTLE,2025-06-16 00:00:00,2025-06-16 18:00:00,5.9,DAYS,3,v1.0,VALID,SYNTHETIC,hash_cng_002131,True
2132,CONGESTION_PORT_HEDLAND,2025-06-16 00:00:00,2025-06-16 18:00:00,2.8,DAYS,3,v1.0,VALID,SYNTHETIC,hash_cng_002132,True
2133,CONGESTION_PORT_PARADIP,2025-06-17 00:00:00,2025-06-17 18:00:00,4.8,DAYS,3,v1.0,VALID,SYNTHETIC,hash_cng_002133,True
2134,CONGESTION_PORT_DHAMRA,2025-06-17 00:00:00,2025-06-17 18:00:00,2.0,DAYS,3,v1.0,VALID,SYNTHETIC,hash_cng_002134,True
2135,CONGESTION_PORT_NEWCASTLE,2025-06-17 00:00:00,2025-06-17 18:00:00,6.2,DAYS,3,v1.0,VALID,SYNTHETIC,hash_cng_002135,True
2136,CONGESTION_PORT_HEDLAND,2025-06-17 00:00:00,2025-06-17 18:00:00,2.6,DAYS,3,v1.0,VALID,SYNTHETIC,hash_cng_002136,True
2137,CONGESTION_PORT_PARADIP,2025-06-18 00:00:00,2025-06-18 18:00:00,5.0,DAYS,3,v1.0,VALID,SYNTHETIC,hash_cng_002137,True
2138,CONGESTION_PORT_DHAMRA,2025-06-18 00:00:00,2025-06-18 18:00:00,2.1,DAYS,3,v1.0,VALID,SYNTHETIC,hash_cng_002138,True
2139,CONGESTION_PORT_NEWCASTLE,2025-06-18 00:00:00,2025-06-18 18:00:00,6.5,DAYS,3,v1.0,VALID,SYNTHETIC,hash_cng_002139,True
2140,CONGESTION_PORT_HEDLAND,2025-06-18 00:00:00,2025-06-18 18:00:00,2.9,DAYS,3,v1.0,VALID,SYNTHETIC,hash_cng_002140,True
2141,CONGESTION_PORT_PARADIP,2025-06-19 00:00:00,2025-06-19 18:00:00,4.3,DAYS,3,v1.0,VALID,SYNTHETIC,hash_cng_002141,True
2142,CONGESTION_PORT_DHAMRA,2025-06-19 00:00:00,2025-06-19 18:00:00,2.5,DAYS,3,v1.0,VALID,SYNTHETIC,hash_cng_002142,True
2143,CONGESTION_PORT_NEWCASTLE,2025-06-19 00:00:00,2025-06-19 18:00:00,6.8,DAYS,3,v1.0,VALID,SYNTHETIC,hash_cng_002143,True
2144,CONGESTION_PORT_HEDLAND,2025-06-19 00:00:00,2025-06-19 18:00:00,3.2,DAYS,3,v1.0,VALID,SYNTHETIC,hash_cng_002144,True
2145,CONGESTION_PORT_PARADIP,2025-06-20 00:00:00,2025-06-20 18:00:00,4.5,DAYS,3,v1.0,VALID,SYNTHETIC,hash_cng_002145,True
2146,CONGESTION_PORT_DHAMRA,2025-06-20 00:00:00,2025-06-20 18:00:00,2.0,DAYS,3,v1.0,VALID,SYNTHETIC,hash_cng_002146,True
2147,CONGESTION_PORT_NEWCASTLE,2025-06-20 00:00:00,2025-06-20 18:00:00,5.5,DAYS,3,v1.0,VALID,SYNTHETIC,hash_cng_002147,True
2148,CONGESTION_PORT_HEDLAND,2025-06-20 00:00:00,2025-06-20 18:00:00,2.9,DAYS,3,v1.0,VALID,SYNTHETIC,hash_cng_002148,True
2149,CONGESTION_PORT_PARADIP,2025-06-21 00:00:00,2025-06-21 18:00:00,4.4,DAYS,3,v1.0,VALID,SYNTHETIC,hash_cng_002149,True
2150,CONGESTION_PORT_DHAMRA,2025-06-21 00:00:00,2025-06-21 18:00:00,2.1,DAYS,3,v1.0,VALID,SYNTHETIC,hash_cng_002150,True
2151,CONGESTION_PORT_NEWCASTLE,2025-06-21 00:00:00,2025-06-21 18:00:00,6.6,DAYS,3,v1.0,VALID,SYNTHETIC,hash_cng_002151,True
2152,CONGESTION_PORT_HEDLAND,2025-06-21 00:00:00,2025-06-21 18:00:00,2.9,DAYS,3,v1.0,VALID,SYNTHETIC,hash_cng_002152,True
2153,CONGESTION_PORT_PARADIP,2025-06-22 00:00:00,2025-06-22 18:00:00,5.2,DAYS,3,v1.0,VALID,SYNTHETIC,hash_cng_002153,True
2154,CONGESTION_PORT_DHAMRA,2025-06-22 00:00:00,2025-06-22 18:00:00,2.2,DAYS,3,v1.0,VALID,SYNTHETIC,hash_cng_002154,True
2155,CONGESTION_PORT_NEWCASTLE,2025-06-22 00:00:00,2025-06-22 18:00:00,6.4,DAYS,3,v1.0,VALID,SYNTHETIC,hash_cng_002155,True
2156,CONGESTION_PORT_HEDLAND,2025-06-22 00:00:00,2025-06-22 18:00:00,3.1,DAYS,3,v1.0,VALID,SYNTHETIC,hash_cng_002156,True
2157,CONGESTION_PORT_PARADIP,2025-06-23 00:00:00,2025-06-23 18:00:00,4.1,DAYS,3,v1.0,VALID,SYNTHETIC,hash_cng_002157,True
2158,CONGESTION_PORT_DHAMRA,2025-06-23 00:00:00,2025-06-23 18:00:00,2.1,DAYS,3,v1.0,VALID,SYNTHETIC,hash_cng_002158,True
2159,CONGESTION_PORT_NEWCASTLE,2025-06-23 00:00:00,2025-06-23 18:00:00,5.5,DAYS,3,v1.0,VALID,SYNTHETIC,hash_cng_002159,True
2160,CONGESTION_PORT_HEDLAND,2025-06-23 00:00:00,2025-06-23 18:00:00,2.9,DAYS,3,v1.0,VALID,SYNTHETIC,hash_cng_002160,True
2161,CONGESTION_PORT_PARADIP,2025-06-24 00:00:00,2025-06-24 18:00:00,5.5,DAYS,3,v1.0,VALID,SYNTHETIC,hash_cng_002161,True
2162,CONGESTION_PORT_DHAMRA,2025-06-24 00:00:00,2025-06-24 18:00:00,1.8,DAYS,3,v1.0,VALID,SYNTHETIC,hash_cng_002162,True
2163,CONGESTION_PORT_NEWCASTLE,2025-06-24 00:00:00,2025-06-24 18:00:00,5.7,DAYS,3,v1.0,VALID,SYNTHETIC,hash_cng_002163,True
2164,CONGESTION_PORT_HEDLAND,2025-06-24 00:00:00,2025-06-24 18:00:00,2.5,DAYS,3,v1.0,VALID,SYNTHETIC,hash_cng_002164,True
2165,CONGESTION_PORT_PARADIP,2025-06-25 00:00:00,2025-06-25 18:00:00,5.1,DAYS,3,v1.0,VALID,SYNTHETIC,hash_cng_002165,True
2166,CONGESTION_PORT_DHAMRA,2025-06-25 00:00:00,2025-06-25 18:00:00,2.3,DAYS,3,v1.0,VALID,SYNTHETIC,hash_cng_002166,True
2167,CONGESTION_PORT_NEWCASTLE,2025-06-25 00:00:00,2025-06-25 18:00:00,5.1,DAYS,3,v1.0,VALID,SYNTHETIC,hash_cng_002167,True
2168,CONGESTION_PORT_HEDLAND,2025-06-25 00:00:00,2025-06-25 18:00:00,2.9,DAYS,3,v1.0,VALID,SYNTHETIC,hash_cng_002168,True
2169,CONGESTION_PORT_PARADIP,2025-06-26 00:00:00,2025-06-26 18:00:00,4.4,DAYS,3,v1.0,VALID,SYNTHETIC,hash_cng_002169,True
2170,CONGESTION_PORT_DHAMRA,2025-06-26 00:00:00,2025-06-26 18:00:00,2.7,DAYS,3,v1.0,VALID,SYNTHETIC,hash_cng_002170,True
2171,CONGESTION_PORT_NEWCASTLE,2025-06-26 00:00:00,2025-06-26 18:00:00,6.5,DAYS,3,v1.0,VALID,SYNTHETIC,hash_cng_002171,True
2172,CONGESTION_PORT_HEDLAND,2025-06-26 00:00:00,2025-06-26 18:00:00,3.0,DAYS,3,v1.0,VALID,SYNTHETIC,hash_cng_002172,True
2173,CONGESTION_PORT_PARADIP,2025-06-27 00:00:00,2025-06-27 18:00:00,4.9,DAYS,3,v1.0,VALID,SYNTHETIC,hash_cng_002173,True
2174,CONGESTION_PORT_DHAMRA,2025-06-27 00:00:00,2025-06-27 18:00:00,2.3,DAYS,3,v1.0,VALID,SYNTHETIC,hash_cng_002174,True
2175,CONGESTION_PORT_NEWCASTLE,2025-06-27 00:00:00,2025-06-27 18:00:00,6.0,DAYS,3,v1.0,VALID,SYNTHETIC,hash_cng_002175,True
2176,CONGESTION_PORT_HEDLAND,2025-06-27 00:00:00,2025-06-27 18:00:00,3.1,DAYS,3,v1.0,VALID,SYNTHETIC,hash_cng_002176,True
2177,CONGESTION_PORT_PARADIP,2025-06-28 00:00:00,2025-06-28 18:00:00,5.4,DAYS,3,v1.0,VALID,SYNTHETIC,hash_cng_002177,True
2178,CONGESTION_PORT_DHAMRA,2025-06-28 00:00:00,2025-06-28 18:00:00,2.6,DAYS,3,v1.0,VALID,SYNTHETIC,hash_cng_002178,True
2179,CONGESTION_PORT_NEWCASTLE,2025-06-28 00:00:00,2025-06-28 18:00:00,5.3,DAYS,3,v1.0,VALID,SYNTHETIC,hash_cng_002179,True
2180,CONGESTION_PORT_HEDLAND,2025-06-28 00:00:00,2025-06-28 18:00:00,2.6,DAYS,3,v1.0,VALID,SYNTHETIC,hash_cng_002180,True
2181,CONGESTION_PORT_PARADIP,2025-06-29 00:00:00,2025-06-29 18:00:00,5.5,DAYS,3,v1.0,VALID,SYNTHETIC,hash_cng_002181,True
2182,CONGESTION_PORT_DHAMRA,2025-06-29 00:00:00,2025-06-29 18:00:00,2.5,DAYS,3,v1.0,VALID,SYNTHETIC,hash_cng_002182,True
2183,CONGESTION_PORT_NEWCASTLE,2025-06-29 00:00:00,2025-06-29 18:00:00,6.3,DAYS,3,v1.0,VALID,SYNTHETIC,hash_cng_002183,True
2184,CONGESTION_PORT_HEDLAND,2025-06-29 00:00:00,2025-06-29 18:00:00,2.2,DAYS,3,v1.0,VALID,SYNTHETIC,hash_cng_002184,True
2185,CONGESTION_PORT_PARADIP,2025-06-30 00:00:00,2025-06-30 18:00:00,5.9,DAYS,3,v1.0,VALID,SYNTHETIC,hash_cng_002185,True
2186,CONGESTION_PORT_DHAMRA,2025-06-30 00:00:00,2025-06-30 18:00:00,2.3,DAYS,3,v1.0,VALID,SYNTHETIC,hash_cng_002186,True
2187,CONGESTION_PORT_NEWCASTLE,2025-06-30 00:00:00,2025-06-30 18:00:00,5.5,DAYS,3,v1.0,VALID,SYNTHETIC,hash_cng_002187,True
2188,CONGESTION_PORT_HEDLAND,2025-06-30 00:00:00,2025-06-30 18:00:00,2.8,DAYS,3,v1.0,VALID,SYNTHETIC,hash_cng_002188,True
2189,CONGESTION_PORT_PARADIP,2025-07-01 00:00:00,2025-07-01 18:00:00,5.1,DAYS,3,v1.0,VALID,SYNTHETIC,hash_cng_002189,True
2190,CONGESTION_PORT_DHAMRA,2025-07-01 00:00:00,2025-07-01 18:00:00,2.6,DAYS,3,v1.0,VALID,SYNTHETIC,hash_cng_002190,True
2191,CONGESTION_PORT_NEWCASTLE,2025-07-01 00:00:00,2025-07-01 18:00:00,5.3,DAYS,3,v1.0,VALID,SYNTHETIC,hash_cng_002191,True
2192,CONGESTION_PORT_HEDLAND,2025-07-01 00:00:00,2025-07-01 18:00:00,2.9,DAYS,3,v1.0,VALID,SYNTHETIC,hash_cng_002192,True
2193,CONGESTION_PORT_PARADIP,2025-07-02 00:00:00,2025-07-02 18:00:00,5.0,DAYS,3,v1.0,VALID,SYNTHETIC,hash_cng_002193,True
2194,CONGESTION_PORT_DHAMRA,2025-07-02 00:00:00,2025-07-02 18:00:00,2.2,DAYS,3,v1.0,VALID,SYNTHETIC,hash_cng_002194,True
2195,CONGESTION_PORT_NEWCASTLE,2025-07-02 00:00:00,2025-07-02 18:00:00,6.2,DAYS,3,v1.0,VALID,SYNTHETIC,hash_cng_002195,True
2196,CONGESTION_PORT_HEDLAND,2025-07-02 00:00:00,2025-07-02 18:00:00,2.7,DAYS,3,v1.0,VALID,SYNTHETIC,hash_cng_002196,True
2197,CONGESTION_PORT_PARADIP,2025-07-03 00:00:00,2025-07-03 18:00:00,5.4,DAYS,3,v1.0,VALID,SYNTHETIC,hash_cng_002197,True
2198,CONGESTION_PORT_DHAMRA,2025-07-03 00:00:00,2025-07-03 18:00:00,2.2,DAYS,3,v1.0,VALID,SYNTHETIC,hash_cng_002198,True
2199,CONGESTION_PORT_NEWCASTLE,2025-07-03 00:00:00,2025-07-03 18:00:00,5.2,DAYS,3,v1.0,VALID,SYNTHETIC,hash_cng_002199,True
2200,CONGESTION_PORT_HEDLAND,2025-07-03 00:00:00,2025-07-03 18:00:00,2.8,DAYS,3,v1.0,VALID,SYNTHETIC,hash_cng_002200,True
2201,CONGESTION_PORT_PARADIP,2025-07-04 00:00:00,2025-07-04 18:00:00,4.7,DAYS,3,v1.0,VALID,SYNTHETIC,hash_cng_002201,True
2202,CONGESTION_PORT_DHAMRA,2025-07-04 00:00:00,2025-07-04 18:00:00,2.5,DAYS,3,v1.0,VALID,SYNTHETIC,hash_cng_002202,True
2203,CONGESTION_PORT_NEWCASTLE,2025-07-04 00:00:00,2025-07-04 18:00:00,4.9,DAYS,3,v1.0,VALID,SYNTHETIC,hash_cng_002203,True
2204,CONGESTION_PORT_HEDLAND,2025-07-04 00:00:00,2025-07-04 18:00:00,2.6,DAYS,3,v1.0,VALID,SYNTHETIC,hash_cng_002204,True
2205,CONGESTION_PORT_PARADIP,2025-07-05 00:00:00,2025-07-05 18:00:00,5.6,DAYS,3,v1.0,VALID,SYNTHETIC,hash_cng_002205,True
2206,CONGESTION_PORT_DHAMRA,2025-07-05 00:00:00,2025-07-05 18:00:00,2.5,DAYS,3,v1.0,VALID,SYNTHETIC,hash_cng_002206,True
2207,CONGESTION_PORT_NEWCASTLE,2025-07-05 00:00:00,2025-07-05 18:00:00,4.6,DAYS,3,v1.0,VALID,SYNTHETIC,hash_cng_002207,True
2208,CONGESTION_PORT_HEDLAND,2025-07-05 00:00:00,2025-07-05 18:00:00,2.6,DAYS,3,v1.0,VALID,SYNTHETIC,hash_cng_002208,True
2209,CONGESTION_PORT_PARADIP,2025-07-06 00:00:00,2025-07-06 18:00:00,4.8,DAYS,3,v1.0,VALID,SYNTHETIC,hash_cng_002209,True
2210,CONGESTION_PORT_DHAMRA,2025-07-06 00:00:00,2025-07-06 18:00:00,3.0,DAYS,3,v1.0,VALID,SYNTHETIC,hash_cng_002210,True
2211,CONGESTION_PORT_NEWCASTLE,2025-07-06 00:00:00,2025-07-06 18:00:00,5.7,DAYS,3,v1.0,VALID,SYNTHETIC,hash_cng_002211,True
2212,CONGESTION_PORT_HEDLAND,2025-07-06 00:00:00,2025-07-06 18:00:00,2.4,DAYS,3,v1.0,VALID,SYNTHETIC,hash_cng_002212,True
2213,CONGESTION_PORT_PARADIP,2025-07-07 00:00:00,2025-07-07 18:00:00,5.5,DAYS,3,v1.0,VALID,SYNTHETIC,hash_cng_002213,True
2214,CONGESTION_PORT_DHAMRA,2025-07-07 00:00:00,2025-07-07 18:00:00,2.4,DAYS,3,v1.0,VALID,SYNTHETIC,hash_cng_002214,True
2215,CONGESTION_PORT_NEWCASTLE,2025-07-07 00:00:00,2025-07-07 18:00:00,6.0,DAYS,3,v1.0,VALID,SYNTHETIC,hash_cng_002215,True
2216,CONGESTION_PORT_HEDLAND,2025-07-07 00:00:00,2025-07-07 18:00:00,2.9,DAYS,3,v1.0,VALID,SYNTHETIC,hash_cng_002216,True
2217,CONGESTION_PORT_PARADIP,2025-07-08 00:00:00,2025-07-08 18:00:00,4.3,DAYS,3,v1.0,VALID,SYNTHETIC,hash_cng_002217,True
2218,CONGESTION_PORT_DHAMRA,2025-07-08 00:00:00,2025-07-08 18:00:00,2.5,DAYS,3,v1.0,VALID,SYNTHETIC,hash_cng_002218,True
2219,CONGESTION_PORT_NEWCASTLE,2025-07-08 00:00:00,2025-07-08 18:00:00,4.9,DAYS,3,v1.0,VALID,SYNTHETIC,hash_cng_002219,True
2220,CONGESTION_PORT_HEDLAND,2025-07-08 00:00:00,2025-07-08 18:00:00,2.7,DAYS,3,v1.0,VALID,SYNTHETIC,hash_cng_002220,True
2221,CONGESTION_PORT_PARADIP,2025-07-09 00:00:00,2025-07-09 18:00:00,4.9,DAYS,3,v1.0,VALID,SYNTHETIC,hash_cng_002221,True
2222,CONGESTION_PORT_DHAMRA,2025-07-09 00:00:00,2025-07-09 18:00:00,2.6,DAYS,3,v1.0,VALID,SYNTHETIC,hash_cng_002222,True
2223,CONGESTION_PORT_NEWCASTLE,2025-07-09 00:00:00,2025-07-09 18:00:00,5.3,DAYS,3,v1.0,VALID,SYNTHETIC,hash_cng_002223,True
2224,CONGESTION_PORT_HEDLAND,2025-07-09 00:00:00,2025-07-09 18:00:00,2.5,DAYS,3,v1.0,VALID,SYNTHETIC,hash_cng_002224,True
2225,CONGESTION_PORT_PARADIP,2025-07-10 00:00:00,2025-07-10 18:00:00,5.9,DAYS,3,v1.0,VALID,SYNTHETIC,hash_cng_002225,True
2226,CONGESTION_PORT_DHAMRA,2025-07-10 00:00:00,2025-07-10 18:00:00,2.4,DAYS,3,v1.0,VALID,SYNTHETIC,hash_cng_002226,True
2227,CONGESTION_PORT_NEWCASTLE,2025-07-10 00:00:00,2025-07-10 18:00:00,4.5,DAYS,3,v1.0,VALID,SYNTHETIC,hash_cng_002227,True
2228,CONGESTION_PORT_HEDLAND,2025-07-10 00:00:00,2025-07-10 18:00:00,2.9,DAYS,3,v1.0,VALID,SYNTHETIC,hash_cng_002228,True
2229,CONGESTION_PORT_PARADIP,2025-07-11 00:00:00,2025-07-11 18:00:00,5.0,DAYS,3,v1.0,VALID,SYNTHETIC,hash_cng_002229,True
2230,CONGESTION_PORT_DHAMRA,2025-07-11 00:00:00,2025-07-11 18:00:00,2.9,DAYS,3,v1.0,VALID,SYNTHETIC,hash_cng_002230,True
2231,CONGESTION_PORT_NEWCASTLE,2025-07-11 00:00:00,2025-07-11 18:00:00,4.7,DAYS,3,v1.0,VALID,SYNTHETIC,hash_cng_002231,True
2232,CONGESTION_PORT_HEDLAND,2025-07-11 00:00:00,2025-07-11 18:00:00,3.0,DAYS,3,v1.0,VALID,SYNTHETIC,hash_cng_002232,True
2233,CONGESTION_PORT_PARADIP,2025-07-12 00:00:00,2025-07-12 18:00:00,5.8,DAYS,3,v1.0,VALID,SYNTHETIC,hash_cng_002233,True
2234,CONGESTION_PORT_DHAMRA,2025-07-12 00:00:00,2025-07-12 18:00:00,2.5,DAYS,3,v1.0,VALID,SYNTHETIC,hash_cng_002234,True
2235,CONGESTION_PORT_NEWCASTLE,2025-07-12 00:00:00,2025-07-12 18:00:00,3.9,DAYS,3,v1.0,VALID,SYNTHETIC,hash_cng_002235,True
2236,CONGESTION_PORT_HEDLAND,2025-07-12 00:00:00,2025-07-12 18:00:00,2.7,DAYS,3,v1.0,VALID,SYNTHETIC,hash_cng_002236,True
2237,CONGESTION_PORT_PARADIP,2025-07-13 00:00:00,2025-07-13 18:00:00,5.5,DAYS,3,v1.0,VALID,SYNTHETIC,hash_cng_002237,True
2238,CONGESTION_PORT_DHAMRA,2025-07-13 00:00:00,2025-07-13 18:00:00,2.6,DAYS,3,v1.0,VALID,SYNTHETIC,hash_cng_002238,True
2239,CONGESTION_PORT_NEWCASTLE,2025-07-13 00:00:00,2025-07-13 18:00:00,5.3,DAYS,3,v1.0,VALID,SYNTHETIC,hash_cng_002239,True
2240,CONGESTION_PORT_HEDLAND,2025-07-13 00:00:00,2025-07-13 18:00:00,2.4,DAYS,3,v1.0,VALID,SYNTHETIC,hash_cng_002240,True
2241,CONGESTION_PORT_PARADIP,2025-07-14 00:00:00,2025-07-14 18:00:00,5.3,DAYS,3,v1.0,VALID,SYNTHETIC,hash_cng_002241,True
2242,CONGESTION_PORT_DHAMRA,2025-07-14 00:00:00,2025-07-14 18:00:00,2.0,DAYS,3,v1.0,VALID,SYNTHETIC,hash_cng_002242,True
2243,CONGESTION_PORT_NEWCASTLE,2025-07-14 00:00:00,2025-07-14 18:00:00,6.2,DAYS,3,v1.0,VALID,SYNTHETIC,hash_cng_002243,True
2244,CONGESTION_PORT_HEDLAND,2025-07-14 00:00:00,2025-07-14 18:00:00,2.6,DAYS,3,v1.0,VALID,SYNTHETIC,hash_cng_002244,True
2245,CONGESTION_PORT_PARADIP,2025-07-15 00:00:00,2025-07-15 18:00:00,5.5,DAYS,3,v1.0,VALID,SYNTHETIC,hash_cng_002245,True
2246,CONGESTION_PORT_DHAMRA,2025-07-15 00:00:00,2025-07-15 18:00:00,2.7,DAYS,3,v1.0,VALID,SYNTHETIC,hash_cng_002246,True
2247,CONGESTION_PORT_NEWCASTLE,2025-07-15 00:00:00,2025-07-15 18:00:00,4.6,DAYS,3,v1.0,VALID,SYNTHETIC,hash_cng_002247,True
2248,CONGESTION_PORT_HEDLAND,2025-07-15 00:00:00,2025-07-15 18:00:00,2.7,DAYS,3,v1.0,VALID,SYNTHETIC,hash_cng_002248,True
2249,CONGESTION_PORT_PARADIP,2025-07-16 00:00:00,2025-07-16 18:00:00,4.1,DAYS,3,v1.0,VALID,SYNTHETIC,hash_cng_002249,True
2250,CONGESTION_PORT_DHAMRA,2025-07-16 00:00:00,2025-07-16 18:00:00,2.9,DAYS,3,v1.0,VALID,SYNTHETIC,hash_cng_002250,True
2251,CONGESTION_PORT_NEWCASTLE,2025-07-16 00:00:00,2025-07-16 18:00:00,5.5,DAYS,3,v1.0,VALID,SYNTHETIC,hash_cng_002251,True
2252,CONGESTION_PORT_HEDLAND,2025-07-16 00:00:00,2025-07-16 18:00:00,2.9,DAYS,3,v1.0,VALID,SYNTHETIC,hash_cng_002252,True
2253,CONGESTION_PORT_PARADIP,2025-07-17 00:00:00,2025-07-17 18:00:00,5.6,DAYS,3,v1.0,VALID,SYNTHETIC,hash_cng_002253,True
2254,CONGESTION_PORT_DHAMRA,2025-07-17 00:00:00,2025-07-17 18:00:00,2.5,DAYS,3,v1.0,VALID,SYNTHETIC,hash_cng_002254,True
2255,CONGESTION_PORT_NEWCASTLE,2025-07-17 00:00:00,2025-07-17 18:00:00,5.3,DAYS,3,v1.0,VALID,SYNTHETIC,hash_cng_002255,True
2256,CONGESTION_PORT_HEDLAND,2025-07-17 00:00:00,2025-07-17 18:00:00,2.6,DAYS,3,v1.0,VALID,SYNTHETIC,hash_cng_002256,True
2257,CONGESTION_PORT_PARADIP,2025-07-18 00:00:00,2025-07-18 18:00:00,4.6,DAYS,3,v1.0,VALID,SYNTHETIC,hash_cng_002257,True
2258,CONGESTION_PORT_DHAMRA,2025-07-18 00:00:00,2025-07-18 18:00:00,2.4,DAYS,3,v1.0,VALID,SYNTHETIC,hash_cng_002258,True
2259,CONGESTION_PORT_NEWCASTLE,2025-07-18 00:00:00,2025-07-18 18:00:00,4.5,DAYS,3,v1.0,VALID,SYNTHETIC,hash_cng_002259,True
2260,CONGESTION_PORT_HEDLAND,2025-07-18 00:00:00,2025-07-18 18:00:00,2.8,DAYS,3,v1.0,VALID,SYNTHETIC,hash_cng_002260,True
2261,CONGESTION_PORT_PARADIP,2025-07-19 00:00:00,2025-07-19 18:00:00,5.7,DAYS,3,v1.0,VALID,SYNTHETIC,hash_cng_002261,True
2262,CONGESTION_PORT_DHAMRA,2025-07-19 00:00:00,2025-07-19 18:00:00,2.6,DAYS,3,v1.0,VALID,SYNTHETIC,hash_cng_002262,True
2263,CONGESTION_PORT_NEWCASTLE,2025-07-19 00:00:00,2025-07-19 18:00:00,5.5,DAYS,3,v1.0,VALID,SYNTHETIC,hash_cng_002263,True
2264,CONGESTION_PORT_HEDLAND,2025-07-19 00:00:00,2025-07-19 18:00:00,2.4,DAYS,3,v1.0,VALID,SYNTHETIC,hash_cng_002264,True
2265,CONGESTION_PORT_PARADIP,2025-07-20 00:00:00,2025-07-20 18:00:00,5.4,DAYS,3,v1.0,VALID,SYNTHETIC,hash_cng_002265,True
2266,CONGESTION_PORT_DHAMRA,2025-07-20 00:00:00,2025-07-20 18:00:00,2.4,DAYS,3,v1.0,VALID,SYNTHETIC,hash_cng_002266,True
2267,CONGESTION_PORT_NEWCASTLE,2025-07-20 00:00:00,2025-07-20 18:00:00,5.0,DAYS,3,v1.0,VALID,SYNTHETIC,hash_cng_002267,True
2268,CONGESTION_PORT_HEDLAND,2025-07-20 00:00:00,2025-07-20 18:00:00,2.7,DAYS,3,v1.0,VALID,SYNTHETIC,hash_cng_002268,True
2269,CONGESTION_PORT_PARADIP,2025-07-21 00:00:00,2025-07-21 18:00:00,5.5,DAYS,3,v1.0,VALID,SYNTHETIC,hash_cng_002269,True
2270,CONGESTION_PORT_DHAMRA,2025-07-21 00:00:00,2025-07-21 18:00:00,2.2,DAYS,3,v1.0,VALID,SYNTHETIC,hash_cng_002270,True
2271,CONGESTION_PORT_NEWCASTLE,2025-07-21 00:00:00,2025-07-21 18:00:00,4.9,DAYS,3,v1.0,VALID,SYNTHETIC,hash_cng_002271,True
2272,CONGESTION_PORT_HEDLAND,2025-07-21 00:00:00,2025-07-21 18:00:00,2.4,DAYS,3,v1.0,VALID,SYNTHETIC,hash_cng_002272,True
2273,CONGESTION_PORT_PARADIP,2025-07-22 00:00:00,2025-07-22 18:00:00,5.1,DAYS,3,v1.0,VALID,SYNTHETIC,hash_cng_002273,True
2274,CONGESTION_PORT_DHAMRA,2025-07-22 00:00:00,2025-07-22 18:00:00,2.6,DAYS,3,v1.0,VALID,SYNTHETIC,hash_cng_002274,True
2275,CONGESTION_PORT_NEWCASTLE,2025-07-22 00:00:00,2025-07-22 18:00:00,3.9,DAYS,3,v1.0,VALID,SYNTHETIC,hash_cng_002275,True
2276,CONGESTION_PORT_HEDLAND,2025-07-22 00:00:00,2025-07-22 18:00:00,2.9,DAYS,3,v1.0,VALID,SYNTHETIC,hash_cng_002276,True
2277,CONGESTION_PORT_PARADIP,2025-07-23 00:00:00,2025-07-23 18:00:00,5.0,DAYS,3,v1.0,VALID,SYNTHETIC,hash_cng_002277,True
2278,CONGESTION_PORT_DHAMRA,2025-07-23 00:00:00,2025-07-23 18:00:00,2.9,DAYS,3,v1.0,VALID,SYNTHETIC,hash_cng_002278,True
2279,CONGESTION_PORT_NEWCASTLE,2025-07-23 00:00:00,2025-07-23 18:00:00,4.8,DAYS,3,v1.0,VALID,SYNTHETIC,hash_cng_002279,True
2280,CONGESTION_PORT_HEDLAND,2025-07-23 00:00:00,2025-07-23 18:00:00,3.1,DAYS,3,v1.0,VALID,SYNTHETIC,hash_cng_002280,True
2281,CONGESTION_PORT_PARADIP,2025-07-24 00:00:00,2025-07-24 18:00:00,5.1,DAYS,3,v1.0,VALID,SYNTHETIC,hash_cng_002281,True
2282,CONGESTION_PORT_DHAMRA,2025-07-24 00:00:00,2025-07-24 18:00:00,2.2,DAYS,3,v1.0,VALID,SYNTHETIC,hash_cng_002282,True
2283,CONGESTION_PORT_NEWCASTLE,2025-07-24 00:00:00,2025-07-24 18:00:00,4.2,DAYS,3,v1.0,VALID,SYNTHETIC,hash_cng_002283,True
2284,CONGESTION_PORT_HEDLAND,2025-07-24 00:00:00,2025-07-24 18:00:00,2.9,DAYS,3,v1.0,VALID,SYNTHETIC,hash_cng_002284,True
2285,CONGESTION_PORT_PARADIP,2025-07-25 00:00:00,2025-07-25 18:00:00,5.8,DAYS,3,v1.0,VALID,SYNTHETIC,hash_cng_002285,True
2286,CONGESTION_PORT_DHAMRA,2025-07-25 00:00:00,2025-07-25 18:00:00,2.6,DAYS,3,v1.0,VALID,SYNTHETIC,hash_cng_002286,True
2287,CONGESTION_PORT_NEWCASTLE,2025-07-25 00:00:00,2025-07-25 18:00:00,3.8,DAYS,3,v1.0,VALID,SYNTHETIC,hash_cng_002287,True
2288,CONGESTION_PORT_HEDLAND,2025-07-25 00:00:00,2025-07-25 18:00:00,2.9,DAYS,3,v1.0,VALID,SYNTHETIC,hash_cng_002288,True
2289,CONGESTION_PORT_PARADIP,2025-07-26 00:00:00,2025-07-26 18:00:00,4.4,DAYS,3,v1.0,VALID,SYNTHETIC,hash_cng_002289,True
2290,CONGESTION_PORT_DHAMRA,2025-07-26 00:00:00,2025-07-26 18:00:00,2.6,DAYS,3,v1.0,VALID,SYNTHETIC,hash_cng_002290,True
2291,CONGESTION_PORT_NEWCASTLE,2025-07-26 00:00:00,2025-07-26 18:00:00,4.9,DAYS,3,v1.0,VALID,SYNTHETIC,hash_cng_002291,True
2292,CONGESTION_PORT_HEDLAND,2025-07-26 00:00:00,2025-07-26 18:00:00,2.3,DAYS,3,v1.0,VALID,SYNTHETIC,hash_cng_002292,True
2293,CONGESTION_PORT_PARADIP,2025-07-27 00:00:00,2025-07-27 18:00:00,4.5,DAYS,3,v1.0,VALID,SYNTHETIC,hash_cng_002293,True
2294,CONGESTION_PORT_DHAMRA,2025-07-27 00:00:00,2025-07-27 18:00:00,2.6,DAYS,3,v1.0,VALID,SYNTHETIC,hash_cng_002294,True
2295,CONGESTION_PORT_NEWCASTLE,2025-07-27 00:00:00,2025-07-27 18:00:00,3.9,DAYS,3,v1.0,VALID,SYNTHETIC,hash_cng_002295,True
2296,CONGESTION_PORT_HEDLAND,2025-07-27 00:00:00,2025-07-27 18:00:00,3.0,DAYS,3,v1.0,VALID,SYNTHETIC,hash_cng_002296,True
2297,CONGESTION_PORT_PARADIP,2025-07-28 00:00:00,2025-07-28 18:00:00,5.4,DAYS,3,v1.0,VALID,SYNTHETIC,hash_cng_002297,True
2298,CONGESTION_PORT_DHAMRA,2025-07-28 00:00:00,2025-07-28 18:00:00,2.4,DAYS,3,v1.0,VALID,SYNTHETIC,hash_cng_002298,True
2299,CONGESTION_PORT_NEWCASTLE,2025-07-28 00:00:00,2025-07-28 18:00:00,4.2,DAYS,3,v1.0,VALID,SYNTHETIC,hash_cng_002299,True
2300,CONGESTION_PORT_HEDLAND,2025-07-28 00:00:00,2025-07-28 18:00:00,3.1,DAYS,3,v1.0,VALID,SYNTHETIC,hash_cng_002300,True
2301,CONGESTION_PORT_PARADIP,2025-07-29 00:00:00,2025-07-29 18:00:00,4.5,DAYS,3,v1.0,VALID,SYNTHETIC,hash_cng_002301,True
2302,CONGESTION_PORT_DHAMRA,2025-07-29 00:00:00,2025-07-29 18:00:00,2.8,DAYS,3,v1.0,VALID,SYNTHETIC,hash_cng_002302,True
2303,CONGESTION_PORT_NEWCASTLE,2025-07-29 00:00:00,2025-07-29 18:00:00,4.7,DAYS,3,v1.0,VALID,SYNTHETIC,hash_cng_002303,True
2304,CONGESTION_PORT_HEDLAND,2025-07-29 00:00:00,2025-07-29 18:00:00,2.8,DAYS,3,v1.0,VALID,SYNTHETIC,hash_cng_002304,True
2305,CONGESTION_PORT_PARADIP,2025-07-30 00:00:00,2025-07-30 18:00:00,5.1,DAYS,3,v1.0,VALID,SYNTHETIC,hash_cng_002305,True
2306,CONGESTION_PORT_DHAMRA,2025-07-30 00:00:00,2025-07-30 18:00:00,2.6,DAYS,3,v1.0,VALID,SYNTHETIC,hash_cng_002306,True
2307,CONGESTION_PORT_NEWCASTLE,2025-07-30 00:00:00,2025-07-30 18:00:00,5.1,DAYS,3,v1.0,VALID,SYNTHETIC,hash_cng_002307,True
2308,CONGESTION_PORT_HEDLAND,2025-07-30 00:00:00,2025-07-30 18:00:00,2.6,DAYS,3,v1.0,VALID,SYNTHETIC,hash_cng_002308,True
2309,CONGESTION_PORT_PARADIP,2025-07-31 00:00:00,2025-07-31 18:00:00,4.4,DAYS,3,v1.0,VALID,SYNTHETIC,hash_cng_002309,True
2310,CONGESTION_PORT_DHAMRA,2025-07-31 00:00:00,2025-07-31 18:00:00,2.2,DAYS,3,v1.0,VALID,SYNTHETIC,hash_cng_002310,True
2311,CONGESTION_PORT_NEWCASTLE,2025-07-31 00:00:00,2025-07-31 18:00:00,3.5,DAYS,3,v1.0,VALID,SYNTHETIC,hash_cng_002311,True
2312,CONGESTION_PORT_HEDLAND,2025-07-31 00:00:00,2025-07-31 18:00:00,2.9,DAYS,3,v1.0,VALID,SYNTHETIC,hash_cng_002312,True
2313,CONGESTION_PORT_PARADIP,2025-08-01 00:00:00,2025-08-01 18:00:00,5.3,DAYS,3,v1.0,VALID,SYNTHETIC,hash_cng_002313,True
2314,CONGESTION_PORT_DHAMRA,2025-08-01 00:00:00,2025-08-01 18:00:00,2.6,DAYS,3,v1.0,VALID,SYNTHETIC,hash_cng_002314,True
2315,CONGESTION_PORT_NEWCASTLE,2025-08-01 00:00:00,2025-08-01 18:00:00,4.5,DAYS,3,v1.0,VALID,SYNTHETIC,hash_cng_002315,True
2316,CONGESTION_PORT_HEDLAND,2025-08-01 00:00:00,2025-08-01 18:00:00,2.9,DAYS,3,v1.0,VALID,SYNTHETIC,hash_cng_002316,True
2317,CONGESTION_PORT_PARADIP,2025-08-02 00:00:00,2025-08-02 18:00:00,4.8,DAYS,3,v1.0,VALID,SYNTHETIC,hash_cng_002317,True
2318,CONGESTION_PORT_DHAMRA,2025-08-02 00:00:00,2025-08-02 18:00:00,2.3,DAYS,3,v1.0,VALID,SYNTHETIC,hash_cng_002318,True
2319,CONGESTION_PORT_NEWCASTLE,2025-08-02 00:00:00,2025-08-02 18:00:00,4.8,DAYS,3,v1.0,VALID,SYNTHETIC,hash_cng_002319,True
2320,CONGESTION_PORT_HEDLAND,2025-08-02 00:00:00,2025-08-02 18:00:00,2.7,DAYS,3,v1.0,VALID,SYNTHETIC,hash_cng_002320,True
2321,CONGESTION_PORT_PARADIP,2025-08-03 00:00:00,2025-08-03 18:00:00,4.8,DAYS,3,v1.0,VALID,SYNTHETIC,hash_cng_002321,True
2322,CONGESTION_PORT_DHAMRA,2025-08-03 00:00:00,2025-08-03 18:00:00,2.3,DAYS,3,v1.0,VALID,SYNTHETIC,hash_cng_002322,True
2323,CONGESTION_PORT_NEWCASTLE,2025-08-03 00:00:00,2025-08-03 18:00:00,4.7,DAYS,3,v1.0,VALID,SYNTHETIC,hash_cng_002323,True
2324,CONGESTION_PORT_HEDLAND,2025-08-03 00:00:00,2025-08-03 18:00:00,2.1,DAYS,3,v1.0,VALID,SYNTHETIC,hash_cng_002324,True
2325,CONGESTION_PORT_PARADIP,2025-08-04 00:00:00,2025-08-04 18:00:00,5.0,DAYS,3,v1.0,VALID,SYNTHETIC,hash_cng_002325,True
2326,CONGESTION_PORT_DHAMRA,2025-08-04 00:00:00,2025-08-04 18:00:00,2.5,DAYS,3,v1.0,VALID,SYNTHETIC,hash_cng_002326,True
2327,CONGESTION_PORT_NEWCASTLE,2025-08-04 00:00:00,2025-08-04 18:00:00,3.7,DAYS,3,v1.0,VALID,SYNTHETIC,hash_cng_002327,True
2328,CONGESTION_PORT_HEDLAND,2025-08-04 00:00:00,2025-08-04 18:00:00,3.3,DAYS,3,v1.0,VALID,SYNTHETIC,hash_cng_002328,True
2329,CONGESTION_PORT_PARADIP,2025-08-05 00:00:00,2025-08-05 18:00:00,3.9,DAYS,3,v1.0,VALID,SYNTHETIC,hash_cng_002329,True
2330,CONGESTION_PORT_DHAMRA,2025-08-05 00:00:00,2025-08-05 18:00:00,2.5,DAYS,3,v1.0,VALID,SYNTHETIC,hash_cng_002330,True
2331,CONGESTION_PORT_NEWCASTLE,2025-08-05 00:00:00,2025-08-05 18:00:00,4.0,DAYS,3,v1.0,VALID,SYNTHETIC,hash_cng_002331,True
2332,CONGESTION_PORT_HEDLAND,2025-08-05 00:00:00,2025-08-05 18:00:00,3.0,DAYS,3,v1.0,VALID,SYNTHETIC,hash_cng_002332,True
2333,CONGESTION_PORT_PARADIP,2025-08-06 00:00:00,2025-08-06 18:00:00,5.1,DAYS,3,v1.0,VALID,SYNTHETIC,hash_cng_002333,True
2334,CONGESTION_PORT_DHAMRA,2025-08-06 00:00:00,2025-08-06 18:00:00,2.5,DAYS,3,v1.0,VALID,SYNTHETIC,hash_cng_002334,True
2335,CONGESTION_PORT_NEWCASTLE,2025-08-06 00:00:00,2025-08-06 18:00:00,3.0,DAYS,3,v1.0,VALID,SYNTHETIC,hash_cng_002335,True
2336,CONGESTION_PORT_HEDLAND,2025-08-06 00:00:00,2025-08-06 18:00:00,2.7,DAYS,3,v1.0,VALID,SYNTHETIC,hash_cng_002336,True
2337,CONGESTION_PORT_PARADIP,2025-08-07 00:00:00,2025-08-07 18:00:00,5.4,DAYS,3,v1.0,VALID,SYNTHETIC,hash_cng_002337,True
2338,CONGESTION_PORT_DHAMRA,2025-08-07 00:00:00,2025-08-07 18:00:00,2.2,DAYS,3,v1.0,VALID,SYNTHETIC,hash_cng_002338,True
2339,CONGESTION_PORT_NEWCASTLE,2025-08-07 00:00:00,2025-08-07 18:00:00,4.5,DAYS,3,v1.0,VALID,SYNTHETIC,hash_cng_002339,True
2340,CONGESTION_PORT_HEDLAND,2025-08-07 00:00:00,2025-08-07 18:00:00,2.7,DAYS,3,v1.0,VALID,SYNTHETIC,hash_cng_002340,True
2341,CONGESTION_PORT_PARADIP,2025-08-08 00:00:00,2025-08-08 18:00:00,4.5,DAYS,3,v1.0,VALID,SYNTHETIC,hash_cng_002341,True
2342,CONGESTION_PORT_DHAMRA,2025-08-08 00:00:00,2025-08-08 18:00:00,2.2,DAYS,3,v1.0,VALID,SYNTHETIC,hash_cng_002342,True
2343,CONGESTION_PORT_NEWCASTLE,2025-08-08 00:00:00,2025-08-08 18:00:00,4.0,DAYS,3,v1.0,VALID,SYNTHETIC,hash_cng_002343,True
2344,CONGESTION_PORT_HEDLAND,2025-08-08 00:00:00,2025-08-08 18:00:00,2.7,DAYS,3,v1.0,VALID,SYNTHETIC,hash_cng_002344,True
2345,CONGESTION_PORT_PARADIP,2025-08-09 00:00:00,2025-08-09 18:00:00,4.3,DAYS,3,v1.0,VALID,SYNTHETIC,hash_cng_002345,True
2346,CONGESTION_PORT_DHAMRA,2025-08-09 00:00:00,2025-08-09 18:00:00,2.0,DAYS,3,v1.0,VALID,SYNTHETIC,hash_cng_002346,True
2347,CONGESTION_PORT_NEWCASTLE,2025-08-09 00:00:00,2025-08-09 18:00:00,3.9,DAYS,3,v1.0,VALID,SYNTHETIC,hash_cng_002347,True
2348,CONGESTION_PORT_HEDLAND,2025-08-09 00:00:00,2025-08-09 18:00:00,3.2,DAYS,3,v1.0,VALID,SYNTHETIC,hash_cng_002348,True
2349,CONGESTION_PORT_PARADIP,2025-08-10 00:00:00,2025-08-10 18:00:00,4.7,DAYS,3,v1.0,VALID,SYNTHETIC,hash_cng_002349,True
2350,CONGESTION_PORT_DHAMRA,2025-08-10 00:00:00,2025-08-10 18:00:00,2.4,DAYS,3,v1.0,VALID,SYNTHETIC,hash_cng_002350,True
2351,CONGESTION_PORT_NEWCASTLE,2025-08-10 00:00:00,2025-08-10 18:00:00,4.2,DAYS,3,v1.0,VALID,SYNTHETIC,hash_cng_002351,True
2352,CONGESTION_PORT_HEDLAND,2025-08-10 00:00:00,2025-08-10 18:00:00,2.7,DAYS,3,v1.0,VALID,SYNTHETIC,hash_cng_002352,True
2353,CONGESTION_PORT_PARADIP,2025-08-11 00:00:00,2025-08-11 18:00:00,4.4,DAYS,3,v1.0,VALID,SYNTHETIC,hash_cng_002353,True
2354,CONGESTION_PORT_DHAMRA,2025-08-11 00:00:00,2025-08-11 18:00:00,1.8,DAYS,3,v1.0,VALID,SYNTHETIC,hash_cng_002354,True
2355,CONGESTION_PORT_NEWCASTLE,2025-08-11 00:00:00,2025-08-11 18:00:00,4.2,DAYS,3,v1.0,VALID,SYNTHETIC,hash_cng_002355,True
2356,CONGESTION_PORT_HEDLAND,2025-08-11 00:00:00,2025-08-11 18:00:00,3.1,DAYS,3,v1.0,VALID,SYNTHETIC,hash_cng_002356,True
2357,CONGESTION_PORT_PARADIP,2025-08-12 00:00:00,2025-08-12 18:00:00,5.0,DAYS,3,v1.0,VALID,SYNTHETIC,hash_cng_002357,True
2358,CONGESTION_PORT_DHAMRA,2025-08-12 00:00:00,2025-08-12 18:00:00,2.2,DAYS,3,v1.0,VALID,SYNTHETIC,hash_cng_002358,True
2359,CONGESTION_PORT_NEWCASTLE,2025-08-12 00:00:00,2025-08-12 18:00:00,4.1,DAYS,3,v1.0,VALID,SYNTHETIC,hash_cng_002359,True
2360,CONGESTION_PORT_HEDLAND,2025-08-12 00:00:00,2025-08-12 18:00:00,2.7,DAYS,3,v1.0,VALID,SYNTHETIC,hash_cng_002360,True
2361,CONGESTION_PORT_PARADIP,2025-08-13 00:00:00,2025-08-13 18:00:00,4.7,DAYS,3,v1.0,VALID,SYNTHETIC,hash_cng_002361,True
2362,CONGESTION_PORT_DHAMRA,2025-08-13 00:00:00,2025-08-13 18:00:00,2.3,DAYS,3,v1.0,VALID,SYNTHETIC,hash_cng_002362,True
2363,CONGESTION_PORT_NEWCASTLE,2025-08-13 00:00:00,2025-08-13 18:00:00,4.3,DAYS,3,v1.0,VALID,SYNTHETIC,hash_cng_002363,True
2364,CONGESTION_PORT_HEDLAND,2025-08-13 00:00:00,2025-08-13 18:00:00,2.5,DAYS,3,v1.0,VALID,SYNTHETIC,hash_cng_002364,True
2365,CONGESTION_PORT_PARADIP,2025-08-14 00:00:00,2025-08-14 18:00:00,4.5,DAYS,3,v1.0,VALID,SYNTHETIC,hash_cng_002365,True
2366,CONGESTION_PORT_DHAMRA,2025-08-14 00:00:00,2025-08-14 18:00:00,2.3,DAYS,3,v1.0,VALID,SYNTHETIC,hash_cng_002366,True
2367,CONGESTION_PORT_NEWCASTLE,2025-08-14 00:00:00,2025-08-14 18:00:00,3.3,DAYS,3,v1.0,VALID,SYNTHETIC,hash_cng_002367,True
2368,CONGESTION_PORT_HEDLAND,2025-08-14 00:00:00,2025-08-14 18:00:00,2.2,DAYS,3,v1.0,VALID,SYNTHETIC,hash_cng_002368,True
2369,CONGESTION_PORT_PARADIP,2025-08-15 00:00:00,2025-08-15 18:00:00,4.7,DAYS,3,v1.0,VALID,SYNTHETIC,hash_cng_002369,True
2370,CONGESTION_PORT_DHAMRA,2025-08-15 00:00:00,2025-08-15 18:00:00,2.3,DAYS,3,v1.0,VALID,SYNTHETIC,hash_cng_002370,True
2371,CONGESTION_PORT_NEWCASTLE,2025-08-15 00:00:00,2025-08-15 18:00:00,4.6,DAYS,3,v1.0,VALID,SYNTHETIC,hash_cng_002371,True
2372,CONGESTION_PORT_HEDLAND,2025-08-15 00:00:00,2025-08-15 18:00:00,2.5,DAYS,3,v1.0,VALID,SYNTHETIC,hash_cng_002372,True
2373,CONGESTION_PORT_PARADIP,2025-08-16 00:00:00,2025-08-16 18:00:00,4.5,DAYS,3,v1.0,VALID,SYNTHETIC,hash_cng_002373,True
2374,CONGESTION_PORT_DHAMRA,2025-08-16 00:00:00,2025-08-16 18:00:00,2.1,DAYS,3,v1.0,VALID,SYNTHETIC,hash_cng_002374,True
2375,CONGESTION_PORT_NEWCASTLE,2025-08-16 00:00:00,2025-08-16 18:00:00,4.0,DAYS,3,v1.0,VALID,SYNTHETIC,hash_cng_002375,True
2376,CONGESTION_PORT_HEDLAND,2025-08-16 00:00:00,2025-08-16 18:00:00,2.5,DAYS,3,v1.0,VALID,SYNTHETIC,hash_cng_002376,True
2377,CONGESTION_PORT_PARADIP,2025-08-17 00:00:00,2025-08-17 18:00:00,4.7,DAYS,3,v1.0,VALID,SYNTHETIC,hash_cng_002377,True
2378,CONGESTION_PORT_DHAMRA,2025-08-17 00:00:00,2025-08-17 18:00:00,2.7,DAYS,3,v1.0,VALID,SYNTHETIC,hash_cng_002378,True
2379,CONGESTION_PORT_NEWCASTLE,2025-08-17 00:00:00,2025-08-17 18:00:00,4.4,DAYS,3,v1.0,VALID,SYNTHETIC,hash_cng_002379,True
2380,CONGESTION_PORT_HEDLAND,2025-08-17 00:00:00,2025-08-17 18:00:00,2.6,DAYS,3,v1.0,VALID,SYNTHETIC,hash_cng_002380,True
2381,CONGESTION_PORT_PARADIP,2025-08-18 00:00:00,2025-08-18 18:00:00,4.5,DAYS,3,v1.0,VALID,SYNTHETIC,hash_cng_002381,True
2382,CONGESTION_PORT_DHAMRA,2025-08-18 00:00:00,2025-08-18 18:00:00,1.9,DAYS,3,v1.0,VALID,SYNTHETIC,hash_cng_002382,True
2383,CONGESTION_PORT_NEWCASTLE,2025-08-18 00:00:00,2025-08-18 18:00:00,3.4,DAYS,3,v1.0,VALID,SYNTHETIC,hash_cng_002383,True
2384,CONGESTION_PORT_HEDLAND,2025-08-18 00:00:00,2025-08-18 18:00:00,2.2,DAYS,3,v1.0,VALID,SYNTHETIC,hash_cng_002384,True
2385,CONGESTION_PORT_PARADIP,2025-08-19 00:00:00,2025-08-19 18:00:00,5.1,DAYS,3,v1.0,VALID,SYNTHETIC,hash_cng_002385,True
2386,CONGESTION_PORT_DHAMRA,2025-08-19 00:00:00,2025-08-19 18:00:00,2.2,DAYS,3,v1.0,VALID,SYNTHETIC,hash_cng_002386,True
2387,CONGESTION_PORT_NEWCASTLE,2025-08-19 00:00:00,2025-08-19 18:00:00,3.4,DAYS,3,v1.0,VALID,SYNTHETIC,hash_cng_002387,True
2388,CONGESTION_PORT_HEDLAND,2025-08-19 00:00:00,2025-08-19 18:00:00,2.5,DAYS,3,v1.0,VALID,SYNTHETIC,hash_cng_002388,True
2389,CONGESTION_PORT_PARADIP,2025-08-20 00:00:00,2025-08-20 18:00:00,4.7,DAYS,3,v1.0,VALID,SYNTHETIC,hash_cng_002389,True
2390,CONGESTION_PORT_DHAMRA,2025-08-20 00:00:00,2025-08-20 18:00:00,2.0,DAYS,3,v1.0,VALID,SYNTHETIC,hash_cng_002390,True
2391,CONGESTION_PORT_NEWCASTLE,2025-08-20 00:00:00,2025-08-20 18:00:00,3.7,DAYS,3,v1.0,VALID,SYNTHETIC,hash_cng_002391,True
2392,CONGESTION_PORT_HEDLAND,2025-08-20 00:00:00,2025-08-20 18:00:00,2.6,DAYS,3,v1.0,VALID,SYNTHETIC,hash_cng_002392,True
2393,CONGESTION_PORT_PARADIP,2025-08-21 00:00:00,2025-08-21 18:00:00,4.5,DAYS,3,v1.0,VALID,SYNTHETIC,hash_cng_002393,True
2394,CONGESTION_PORT_DHAMRA,2025-08-21 00:00:00,2025-08-21 18:00:00,1.8,DAYS,3,v1.0,VALID,SYNTHETIC,hash_cng_002394,True
2395,CONGESTION_PORT_NEWCASTLE,2025-08-21 00:00:00,2025-08-21 18:00:00,3.8,DAYS,3,v1.0,VALID,SYNTHETIC,hash_cng_002395,True
2396,CONGESTION_PORT_HEDLAND,2025-08-21 00:00:00,2025-08-21 18:00:00,3.1,DAYS,3,v1.0,VALID,SYNTHETIC,hash_cng_002396,True
2397,CONGESTION_PORT_PARADIP,2025-08-22 00:00:00,2025-08-22 18:00:00,4.4,DAYS,3,v1.0,VALID,SYNTHETIC,hash_cng_002397,True
2398,CONGESTION_PORT_DHAMRA,2025-08-22 00:00:00,2025-08-22 18:00:00,2.2,DAYS,3,v1.0,VALID,SYNTHETIC,hash_cng_002398,True
2399,CONGESTION_PORT_NEWCASTLE,2025-08-22 00:00:00,2025-08-22 18:00:00,3.8,DAYS,3,v1.0,VALID,SYNTHETIC,hash_cng_002399,True
2400,CONGESTION_PORT_HEDLAND,2025-08-22 00:00:00,2025-08-22 18:00:00,2.8,DAYS,3,v1.0,VALID,SYNTHETIC,hash_cng_002400,True
2401,CONGESTION_PORT_PARADIP,2025-08-23 00:00:00,2025-08-23 18:00:00,4.0,DAYS,3,v1.0,VALID,SYNTHETIC,hash_cng_002401,True
2402,CONGESTION_PORT_DHAMRA,2025-08-23 00:00:00,2025-08-23 18:00:00,2.3,DAYS,3,v1.0,VALID,SYNTHETIC,hash_cng_002402,True
2403,CONGESTION_PORT_NEWCASTLE,2025-08-23 00:00:00,2025-08-23 18:00:00,3.4,DAYS,3,v1.0,VALID,SYNTHETIC,hash_cng_002403,True
2404,CONGESTION_PORT_HEDLAND,2025-08-23 00:00:00,2025-08-23 18:00:00,3.0,DAYS,3,v1.0,VALID,SYNTHETIC,hash_cng_002404,True
2405,CONGESTION_PORT_PARADIP,2025-08-24 00:00:00,2025-08-24 18:00:00,4.1,DAYS,3,v1.0,VALID,SYNTHETIC,hash_cng_002405,True
2406,CONGESTION_PORT_DHAMRA,2025-08-24 00:00:00,2025-08-24 18:00:00,2.3,DAYS,3,v1.0,VALID,SYNTHETIC,hash_cng_002406,True
2407,CONGESTION_PORT_NEWCASTLE,2025-08-24 00:00:00,2025-08-24 18:00:00,4.2,DAYS,3,v1.0,VALID,SYNTHETIC,hash_cng_002407,True
2408,CONGESTION_PORT_HEDLAND,2025-08-24 00:00:00,2025-08-24 18:00:00,3.1,DAYS,3,v1.0,VALID,SYNTHETIC,hash_cng_002408,True
2409,CONGESTION_PORT_PARADIP,2025-08-25 00:00:00,2025-08-25 18:00:00,4.3,DAYS,3,v1.0,VALID,SYNTHETIC,hash_cng_002409,True
2410,CONGESTION_PORT_DHAMRA,2025-08-25 00:00:00,2025-08-25 18:00:00,2.3,DAYS,3,v1.0,VALID,SYNTHETIC,hash_cng_002410,True
2411,CONGESTION_PORT_NEWCASTLE,2025-08-25 00:00:00,2025-08-25 18:00:00,4.3,DAYS,3,v1.0,VALID,SYNTHETIC,hash_cng_002411,True
2412,CONGESTION_PORT_HEDLAND,2025-08-25 00:00:00,2025-08-25 18:00:00,2.9,DAYS,3,v1.0,VALID,SYNTHETIC,hash_cng_002412,True
2413,CONGESTION_PORT_PARADIP,2025-08-26 00:00:00,2025-08-26 18:00:00,4.8,DAYS,3,v1.0,VALID,SYNTHETIC,hash_cng_002413,True
2414,CONGESTION_PORT_DHAMRA,2025-08-26 00:00:00,2025-08-26 18:00:00,2.0,DAYS,3,v1.0,VALID,SYNTHETIC,hash_cng_002414,True
2415,CONGESTION_PORT_NEWCASTLE,2025-08-26 00:00:00,2025-08-26 18:00:00,3.7,DAYS,3,v1.0,VALID,SYNTHETIC,hash_cng_002415,True
2416,CONGESTION_PORT_HEDLAND,2025-08-26 00:00:00,2025-08-26 18:00:00,2.4,DAYS,3,v1.0,VALID,SYNTHETIC,hash_cng_002416,True
2417,CONGESTION_PORT_PARADIP,2025-08-27 00:00:00,2025-08-27 18:00:00,4.0,DAYS,3,v1.0,VALID,SYNTHETIC,hash_cng_002417,True
2418,CONGESTION_PORT_DHAMRA,2025-08-27 00:00:00,2025-08-27 18:00:00,1.9,DAYS,3,v1.0,VALID,SYNTHETIC,hash_cng_002418,True
2419,CONGESTION_PORT_NEWCASTLE,2025-08-27 00:00:00,2025-08-27 18:00:00,2.0,DAYS,3,v1.0,VALID,SYNTHETIC,hash_cng_002419,True
2420,CONGESTION_PORT_HEDLAND,2025-08-27 00:00:00,2025-08-27 18:00:00,2.6,DAYS,3,v1.0,VALID,SYNTHETIC,hash_cng_002420,True
2421,CONGESTION_PORT_PARADIP,2025-08-28 00:00:00,2025-08-28 18:00:00,4.0,DAYS,3,v1.0,VALID,SYNTHETIC,hash_cng_002421,True
2422,CONGESTION_PORT_DHAMRA,2025-08-28 00:00:00,2025-08-28 18:00:00,2.0,DAYS,3,v1.0,VALID,SYNTHETIC,hash_cng_002422,True
2423,CONGESTION_PORT_NEWCASTLE,2025-08-28 00:00:00,2025-08-28 18:00:00,2.7,DAYS,3,v1.0,VALID,SYNTHETIC,hash_cng_002423,True
2424,CONGESTION_PORT_HEDLAND,2025-08-28 00:00:00,2025-08-28 18:00:00,2.9,DAYS,3,v1.0,VALID,SYNTHETIC,hash_cng_002424,True
2425,CONGESTION_PORT_PARADIP,2025-08-29 00:00:00,2025-08-29 18:00:00,4.7,DAYS,3,v1.0,VALID,SYNTHETIC,hash_cng_002425,True
2426,CONGESTION_PORT_DHAMRA,2025-08-29 00:00:00,2025-08-29 18:00:00,2.0,DAYS,3,v1.0,VALID,SYNTHETIC,hash_cng_002426,True
2427,CONGESTION_PORT_NEWCASTLE,2025-08-29 00:00:00,2025-08-29 18:00:00,4.2,DAYS,3,v1.0,VALID,SYNTHETIC,hash_cng_002427,True
2428,CONGESTION_PORT_HEDLAND,2025-08-29 00:00:00,2025-08-29 18:00:00,2.9,DAYS,3,v1.0,VALID,SYNTHETIC,hash_cng_002428,True
2429,CONGESTION_PORT_PARADIP,2025-08-30 00:00:00,2025-08-30 18:00:00,4.2,DAYS,3,v1.0,VALID,SYNTHETIC,hash_cng_002429,True
2430,CONGESTION_PORT_DHAMRA,2025-08-30 00:00:00,2025-08-30 18:00:00,1.9,DAYS,3,v1.0,VALID,SYNTHETIC,hash_cng_002430,True
2431,CONGESTION_PORT_NEWCASTLE,2025-08-30 00:00:00,2025-08-30 18:00:00,3.1,DAYS,3,v1.0,VALID,SYNTHETIC,hash_cng_002431,True
2432,CONGESTION_PORT_HEDLAND,2025-08-30 00:00:00,2025-08-30 18:00:00,2.6,DAYS,3,v1.0,VALID,SYNTHETIC,hash_cng_002432,True
2433,CONGESTION_PORT_PARADIP,2025-08-31 00:00:00,2025-08-31 18:00:00,3.7,DAYS,3,v1.0,VALID,SYNTHETIC,hash_cng_002433,True
2434,CONGESTION_PORT_DHAMRA,2025-08-31 00:00:00,2025-08-31 18:00:00,2.0,DAYS,3,v1.0,VALID,SYNTHETIC,hash_cng_002434,True
2435,CONGESTION_PORT_NEWCASTLE,2025-08-31 00:00:00,2025-08-31 18:00:00,3.2,DAYS,3,v1.0,VALID,SYNTHETIC,hash_cng_002435,True
2436,CONGESTION_PORT_HEDLAND,2025-08-31 00:00:00,2025-08-31 18:00:00,2.5,DAYS,3,v1.0,VALID,SYNTHETIC,hash_cng_002436,True
2437,CONGESTION_PORT_PARADIP,2025-09-01 00:00:00,2025-09-01 18:00:00,4.4,DAYS,3,v1.0,VALID,SYNTHETIC,hash_cng_002437,True
2438,CONGESTION_PORT_DHAMRA,2025-09-01 00:00:00,2025-09-01 18:00:00,1.9,DAYS,3,v1.0,VALID,SYNTHETIC,hash_cng_002438,True
2439,CONGESTION_PORT_NEWCASTLE,2025-09-01 00:00:00,2025-09-01 18:00:00,3.4,DAYS,3,v1.0,VALID,SYNTHETIC,hash_cng_002439,True
2440,CONGESTION_PORT_HEDLAND,2025-09-01 00:00:00,2025-09-01 18:00:00,2.9,DAYS,3,v1.0,VALID,SYNTHETIC,hash_cng_002440,True
2441,CONGESTION_PORT_PARADIP,2025-09-02 00:00:00,2025-09-02 18:00:00,4.1,DAYS,3,v1.0,VALID,SYNTHETIC,hash_cng_002441,True
2442,CONGESTION_PORT_DHAMRA,2025-09-02 00:00:00,2025-09-02 18:00:00,1.9,DAYS,3,v1.0,VALID,SYNTHETIC,hash_cng_002442,True
2443,CONGESTION_PORT_NEWCASTLE,2025-09-02 00:00:00,2025-09-02 18:00:00,3.1,DAYS,3,v1.0,VALID,SYNTHETIC,hash_cng_002443,True
2444,CONGESTION_PORT_HEDLAND,2025-09-02 00:00:00,2025-09-02 18:00:00,3.3,DAYS,3,v1.0,VALID,SYNTHETIC,hash_cng_002444,True
2445,CONGESTION_PORT_PARADIP,2025-09-03 00:00:00,2025-09-03 18:00:00,4.7,DAYS,3,v1.0,VALID,SYNTHETIC,hash_cng_002445,True
2446,CONGESTION_PORT_DHAMRA,2025-09-03 00:00:00,2025-09-03 18:00:00,2.4,DAYS,3,v1.0,VALID,SYNTHETIC,hash_cng_002446,True
2447,CONGESTION_PORT_NEWCASTLE,2025-09-03 00:00:00,2025-09-03 18:00:00,2.3,DAYS,3,v1.0,VALID,SYNTHETIC,hash_cng_002447,True
2448,CONGESTION_PORT_HEDLAND,2025-09-03 00:00:00,2025-09-03 18:00:00,2.9,DAYS,3,v1.0,VALID,SYNTHETIC,hash_cng_002448,True
2449,CONGESTION_PORT_PARADIP,2025-09-04 00:00:00,2025-09-04 18:00:00,3.5,DAYS,3,v1.0,VALID,SYNTHETIC,hash_cng_002449,True
2450,CONGESTION_PORT_DHAMRA,2025-09-04 00:00:00,2025-09-04 18:00:00,2.1,DAYS,3,v1.0,VALID,SYNTHETIC,hash_cng_002450,True
2451,CONGESTION_PORT_NEWCASTLE,2025-09-04 00:00:00,2025-09-04 18:00:00,3.0,DAYS,3,v1.0,VALID,SYNTHETIC,hash_cng_002451,True
2452,CONGESTION_PORT_HEDLAND,2025-09-04 00:00:00,2025-09-04 18:00:00,2.8,DAYS,3,v1.0,VALID,SYNTHETIC,hash_cng_002452,True
2453,CONGESTION_PORT_PARADIP,2025-09-05 00:00:00,2025-09-05 18:00:00,4.5,DAYS,3,v1.0,VALID,SYNTHETIC,hash_cng_002453,True
2454,CONGESTION_PORT_DHAMRA,2025-09-05 00:00:00,2025-09-05 18:00:00,1.8,DAYS,3,v1.0,VALID,SYNTHETIC,hash_cng_002454,True
2455,CONGESTION_PORT_NEWCASTLE,2025-09-05 00:00:00,2025-09-05 18:00:00,4.2,DAYS,3,v1.0,VALID,SYNTHETIC,hash_cng_002455,True
2456,CONGESTION_PORT_HEDLAND,2025-09-05 00:00:00,2025-09-05 18:00:00,3.1,DAYS,3,v1.0,VALID,SYNTHETIC,hash_cng_002456,True
2457,CONGESTION_PORT_PARADIP,2025-09-06 00:00:00,2025-09-06 18:00:00,4.0,DAYS,3,v1.0,VALID,SYNTHETIC,hash_cng_002457,True
2458,CONGESTION_PORT_DHAMRA,2025-09-06 00:00:00,2025-09-06 18:00:00,2.1,DAYS,3,v1.0,VALID,SYNTHETIC,hash_cng_002458,True
2459,CONGESTION_PORT_NEWCASTLE,2025-09-06 00:00:00,2025-09-06 18:00:00,2.9,DAYS,3,v1.0,VALID,SYNTHETIC,hash_cng_002459,True
2460,CONGESTION_PORT_HEDLAND,2025-09-06 00:00:00,2025-09-06 18:00:00,2.9,DAYS,3,v1.0,VALID,SYNTHETIC,hash_cng_002460,True
2461,CONGESTION_PORT_PARADIP,2025-09-07 00:00:00,2025-09-07 18:00:00,4.6,DAYS,3,v1.0,VALID,SYNTHETIC,hash_cng_002461,True
2462,CONGESTION_PORT_DHAMRA,2025-09-07 00:00:00,2025-09-07 18:00:00,1.7,DAYS,3,v1.0,VALID,SYNTHETIC,hash_cng_002462,True
2463,CONGESTION_PORT_NEWCASTLE,2025-09-07 00:00:00,2025-09-07 18:00:00,3.8,DAYS,3,v1.0,VALID,SYNTHETIC,hash_cng_002463,True
2464,CONGESTION_PORT_HEDLAND,2025-09-07 00:00:00,2025-09-07 18:00:00,2.3,DAYS,3,v1.0,VALID,SYNTHETIC,hash_cng_002464,True
2465,CONGESTION_PORT_PARADIP,2025-09-08 00:00:00,2025-09-08 18:00:00,4.2,DAYS,3,v1.0,VALID,SYNTHETIC,hash_cng_002465,True
2466,CONGESTION_PORT_DHAMRA,2025-09-08 00:00:00,2025-09-08 18:00:00,2.2,DAYS,3,v1.0,VALID,SYNTHETIC,hash_cng_002466,True
2467,CONGESTION_PORT_NEWCASTLE,2025-09-08 00:00:00,2025-09-08 18:00:00,2.4,DAYS,3,v1.0,VALID,SYNTHETIC,hash_cng_002467,True
2468,CONGESTION_PORT_HEDLAND,2025-09-08 00:00:00,2025-09-08 18:00:00,2.8,DAYS,3,v1.0,VALID,SYNTHETIC,hash_cng_002468,True
2469,CONGESTION_PORT_PARADIP,2025-09-09 00:00:00,2025-09-09 18:00:00,4.1,DAYS,3,v1.0,VALID,SYNTHETIC,hash_cng_002469,True
2470,CONGESTION_PORT_DHAMRA,2025-09-09 00:00:00,2025-09-09 18:00:00,2.0,DAYS,3,v1.0,VALID,SYNTHETIC,hash_cng_002470,True
2471,CONGESTION_PORT_NEWCASTLE,2025-09-09 00:00:00,2025-09-09 18:00:00,3.0,DAYS,3,v1.0,VALID,SYNTHETIC,hash_cng_002471,True
2472,CONGESTION_PORT_HEDLAND,2025-09-09 00:00:00,2025-09-09 18:00:00,2.8,DAYS,3,v1.0,VALID,SYNTHETIC,hash_cng_002472,True
2473,CONGESTION_PORT_PARADIP,2025-09-10 00:00:00,2025-09-10 18:00:00,3.7,DAYS,3,v1.0,VALID,SYNTHETIC,hash_cng_002473,True
2474,CONGESTION_PORT_DHAMRA,2025-09-10 00:00:00,2025-09-10 18:00:00,2.0,DAYS,3,v1.0,VALID,SYNTHETIC,hash_cng_002474,True
2475,CONGESTION_PORT_NEWCASTLE,2025-09-10 00:00:00,2025-09-10 18:00:00,3.5,DAYS,3,v1.0,VALID,SYNTHETIC,hash_cng_002475,True
2476,CONGESTION_PORT_HEDLAND,2025-09-10 00:00:00,2025-09-10 18:00:00,3.2,DAYS,3,v1.0,VALID,SYNTHETIC,hash_cng_002476,True
2477,CONGESTION_PORT_PARADIP,2025-09-11 00:00:00,2025-09-11 18:00:00,4.6,DAYS,3,v1.0,VALID,SYNTHETIC,hash_cng_002477,True
2478,CONGESTION_PORT_DHAMRA,2025-09-11 00:00:00,2025-09-11 18:00:00,2.1,DAYS,3,v1.0,VALID,SYNTHETIC,hash_cng_002478,True
2479,CONGESTION_PORT_NEWCASTLE,2025-09-11 00:00:00,2025-09-11 18:00:00,2.5,DAYS,3,v1.0,VALID,SYNTHETIC,hash_cng_002479,True
2480,CONGESTION_PORT_HEDLAND,2025-09-11 00:00:00,2025-09-11 18:00:00,2.6,DAYS,3,v1.0,VALID,SYNTHETIC,hash_cng_002480,True
2481,CONGESTION_PORT_PARADIP,2025-09-12 00:00:00,2025-09-12 18:00:00,3.7,DAYS,3,v1.0,VALID,SYNTHETIC,hash_cng_002481,True
2482,CONGESTION_PORT_DHAMRA,2025-09-12 00:00:00,2025-09-12 18:00:00,2.0,DAYS,3,v1.0,VALID,SYNTHETIC,hash_cng_002482,True
2483,CONGESTION_PORT_NEWCASTLE,2025-09-12 00:00:00,2025-09-12 18:00:00,3.3,DAYS,3,v1.0,VALID,SYNTHETIC,hash_cng_002483,True
2484,CONGESTION_PORT_HEDLAND,2025-09-12 00:00:00,2025-09-12 18:00:00,2.7,DAYS,3,v1.0,VALID,SYNTHETIC,hash_cng_002484,True
2485,CONGESTION_PORT_PARADIP,2025-09-13 00:00:00,2025-09-13 18:00:00,4.6,DAYS,3,v1.0,VALID,SYNTHETIC,hash_cng_002485,True
2486,CONGESTION_PORT_DHAMRA,2025-09-13 00:00:00,2025-09-13 18:00:00,2.2,DAYS,3,v1.0,VALID,SYNTHETIC,hash_cng_002486,True
2487,CONGESTION_PORT_NEWCASTLE,2025-09-13 00:00:00,2025-09-13 18:00:00,3.3,DAYS,3,v1.0,VALID,SYNTHETIC,hash_cng_002487,True
2488,CONGESTION_PORT_HEDLAND,2025-09-13 00:00:00,2025-09-13 18:00:00,2.6,DAYS,3,v1.0,VALID,SYNTHETIC,hash_cng_002488,True
2489,CONGESTION_PORT_PARADIP,2025-09-14 00:00:00,2025-09-14 18:00:00,4.0,DAYS,3,v1.0,VALID,SYNTHETIC,hash_cng_002489,True
2490,CONGESTION_PORT_DHAMRA,2025-09-14 00:00:00,2025-09-14 18:00:00,2.2,DAYS,3,v1.0,VALID,SYNTHETIC,hash_cng_002490,True
2491,CONGESTION_PORT_NEWCASTLE,2025-09-14 00:00:00,2025-09-14 18:00:00,3.1,DAYS,3,v1.0,VALID,SYNTHETIC,hash_cng_002491,True
2492,CONGESTION_PORT_HEDLAND,2025-09-14 00:00:00,2025-09-14 18:00:00,2.6,DAYS,3,v1.0,VALID,SYNTHETIC,hash_cng_002492,True
2493,CONGESTION_PORT_PARADIP,2025-09-15 00:00:00,2025-09-15 18:00:00,3.4,DAYS,3,v1.0,VALID,SYNTHETIC,hash_cng_002493,True
2494,CONGESTION_PORT_DHAMRA,2025-09-15 00:00:00,2025-09-15 18:00:00,2.4,DAYS,3,v1.0,VALID,SYNTHETIC,hash_cng_002494,True
2495,CONGESTION_PORT_NEWCASTLE,2025-09-15 00:00:00,2025-09-15 18:00:00,3.5,DAYS,3,v1.0,VALID,SYNTHETIC,hash_cng_002495,True
2496,CONGESTION_PORT_HEDLAND,2025-09-15 00:00:00,2025-09-15 18:00:00,2.8,DAYS,3,v1.0,VALID,SYNTHETIC,hash_cng_002496,True
2497,CONGESTION_PORT_PARADIP,2025-09-16 00:00:00,2025-09-16 18:00:00,3.7,DAYS,3,v1.0,VALID,SYNTHETIC,hash_cng_002497,True
2498,CONGESTION_PORT_DHAMRA,2025-09-16 00:00:00,2025-09-16 18:00:00,2.0,DAYS,3,v1.0,VALID,SYNTHETIC,hash_cng_002498,True
2499,CONGESTION_PORT_NEWCASTLE,2025-09-16 00:00:00,2025-09-16 18:00:00,3.9,DAYS,3,v1.0,VALID,SYNTHETIC,hash_cng_002499,True
2500,CONGESTION_PORT_HEDLAND,2025-09-16 00:00:00,2025-09-16 18:00:00,2.9,DAYS,3,v1.0,VALID,SYNTHETIC,hash_cng_002500,True
2501,CONGESTION_PORT_PARADIP,2025-09-17 00:00:00,2025-09-17 18:00:00,4.6,DAYS,3,v1.0,VALID,SYNTHETIC,hash_cng_002501,True
2502,CONGESTION_PORT_DHAMRA,2025-09-17 00:00:00,2025-09-17 18:00:00,2.2,DAYS,3,v1.0,VALID,SYNTHETIC,hash_cng_002502,True
2503,CONGESTION_PORT_NEWCASTLE,2025-09-17 00:00:00,2025-09-17 18:00:00,2.1,DAYS,3,v1.0,VALID,SYNTHETIC,hash_cng_002503,True
2504,CONGESTION_PORT_HEDLAND,2025-09-17 00:00:00,2025-09-17 18:00:00,2.8,DAYS,3,v1.0,VALID,SYNTHETIC,hash_cng_002504,True
2505,CONGESTION_PORT_PARADIP,2025-09-18 00:00:00,2025-09-18 18:00:00,4.4,DAYS,3,v1.0,VALID,SYNTHETIC,hash_cng_002505,True
2506,CONGESTION_PORT_DHAMRA,2025-09-18 00:00:00,2025-09-18 18:00:00,2.2,DAYS,3,v1.0,VALID,SYNTHETIC,hash_cng_002506,True
2507,CONGESTION_PORT_NEWCASTLE,2025-09-18 00:00:00,2025-09-18 18:00:00,4.3,DAYS,3,v1.0,VALID,SYNTHETIC,hash_cng_002507,True
2508,CONGESTION_PORT_HEDLAND,2025-09-18 00:00:00,2025-09-18 18:00:00,2.9,DAYS,3,v1.0,VALID,SYNTHETIC,hash_cng_002508,True
2509,CONGESTION_PORT_PARADIP,2025-09-19 00:00:00,2025-09-19 18:00:00,4.3,DAYS,3,v1.0,VALID,SYNTHETIC,hash_cng_002509,True
2510,CONGESTION_PORT_DHAMRA,2025-09-19 00:00:00,2025-09-19 18:00:00,2.3,DAYS,3,v1.0,VALID,SYNTHETIC,hash_cng_002510,True
2511,CONGESTION_PORT_NEWCASTLE,2025-09-19 00:00:00,2025-09-19 18:00:00,2.0,DAYS,3,v1.0,VALID,SYNTHETIC,hash_cng_002511,True
2512,CONGESTION_PORT_HEDLAND,2025-09-19 00:00:00,2025-09-19 18:00:00,2.6,DAYS,3,v1.0,VALID,SYNTHETIC,hash_cng_002512,True
2513,CONGESTION_PORT_PARADIP,2025-09-20 00:00:00,2025-09-20 18:00:00,4.7,DAYS,3,v1.0,VALID,SYNTHETIC,hash_cng_002513,True
2514,CONGESTION_PORT_DHAMRA,2025-09-20 00:00:00,2025-09-20 18:00:00,2.4,DAYS,3,v1.0,VALID,SYNTHETIC,hash_cng_002514,True
2515,CONGESTION_PORT_NEWCASTLE,2025-09-20 00:00:00,2025-09-20 18:00:00,3.0,DAYS,3,v1.0,VALID,SYNTHETIC,hash_cng_002515,True
2516,CONGESTION_PORT_HEDLAND,2025-09-20 00:00:00,2025-09-20 18:00:00,3.5,DAYS,3,v1.0,VALID,SYNTHETIC,hash_cng_002516,True
2517,CONGESTION_PORT_PARADIP,2025-09-21 00:00:00,2025-09-21 18:00:00,4.7,DAYS,3,v1.0,VALID,SYNTHETIC,hash_cng_002517,True
2518,CONGESTION_PORT_DHAMRA,2025-09-21 00:00:00,2025-09-21 18:00:00,1.9,DAYS,3,v1.0,VALID,SYNTHETIC,hash_cng_002518,True
2519,CONGESTION_PORT_NEWCASTLE,2025-09-21 00:00:00,2025-09-21 18:00:00,3.2,DAYS,3,v1.0,VALID,SYNTHETIC,hash_cng_002519,True
2520,CONGESTION_PORT_HEDLAND,2025-09-21 00:00:00,2025-09-21 18:00:00,2.6,DAYS,3,v1.0,VALID,SYNTHETIC,hash_cng_002520,True
2521,CONGESTION_PORT_PARADIP,2025-09-22 00:00:00,2025-09-22 18:00:00,5.1,DAYS,3,v1.0,VALID,SYNTHETIC,hash_cng_002521,True
2522,CONGESTION_PORT_DHAMRA,2025-09-22 00:00:00,2025-09-22 18:00:00,2.2,DAYS,3,v1.0,VALID,SYNTHETIC,hash_cng_002522,True
2523,CONGESTION_PORT_NEWCASTLE,2025-09-22 00:00:00,2025-09-22 18:00:00,3.3,DAYS,3,v1.0,VALID,SYNTHETIC,hash_cng_002523,True
2524,CONGESTION_PORT_HEDLAND,2025-09-22 00:00:00,2025-09-22 18:00:00,2.9,DAYS,3,v1.0,VALID,SYNTHETIC,hash_cng_002524,True
2525,CONGESTION_PORT_PARADIP,2025-09-23 00:00:00,2025-09-23 18:00:00,4.2,DAYS,3,v1.0,VALID,SYNTHETIC,hash_cng_002525,True
2526,CONGESTION_PORT_DHAMRA,2025-09-23 00:00:00,2025-09-23 18:00:00,1.9,DAYS,3,v1.0,VALID,SYNTHETIC,hash_cng_002526,True
2527,CONGESTION_PORT_NEWCASTLE,2025-09-23 00:00:00,2025-09-23 18:00:00,3.5,DAYS,3,v1.0,VALID,SYNTHETIC,hash_cng_002527,True
2528,CONGESTION_PORT_HEDLAND,2025-09-23 00:00:00,2025-09-23 18:00:00,3.3,DAYS,3,v1.0,VALID,SYNTHETIC,hash_cng_002528,True
2529,CONGESTION_PORT_PARADIP,2025-09-24 00:00:00,2025-09-24 18:00:00,4.5,DAYS,3,v1.0,VALID,SYNTHETIC,hash_cng_002529,True
2530,CONGESTION_PORT_DHAMRA,2025-09-24 00:00:00,2025-09-24 18:00:00,2.6,DAYS,3,v1.0,VALID,SYNTHETIC,hash_cng_002530,True
2531,CONGESTION_PORT_NEWCASTLE,2025-09-24 00:00:00,2025-09-24 18:00:00,3.2,DAYS,3,v1.0,VALID,SYNTHETIC,hash_cng_002531,True
2532,CONGESTION_PORT_HEDLAND,2025-09-24 00:00:00,2025-09-24 18:00:00,2.8,DAYS,3,v1.0,VALID,SYNTHETIC,hash_cng_002532,True
2533,CONGESTION_PORT_PARADIP,2025-09-25 00:00:00,2025-09-25 18:00:00,3.8,DAYS,3,v1.0,VALID,SYNTHETIC,hash_cng_002533,True
2534,CONGESTION_PORT_DHAMRA,2025-09-25 00:00:00,2025-09-25 18:00:00,2.1,DAYS,3,v1.0,VALID,SYNTHETIC,hash_cng_002534,True
2535,CONGESTION_PORT_NEWCASTLE,2025-09-25 00:00:00,2025-09-25 18:00:00,2.3,DAYS,3,v1.0,VALID,SYNTHETIC,hash_cng_002535,True
2536,CONGESTION_PORT_HEDLAND,2025-09-25 00:00:00,2025-09-25 18:00:00,3.3,DAYS,3,v1.0,VALID,SYNTHETIC,hash_cng_002536,True
2537,CONGESTION_PORT_PARADIP,2025-09-26 00:00:00,2025-09-26 18:00:00,4.5,DAYS,3,v1.0,VALID,SYNTHETIC,hash_cng_002537,True
2538,CONGESTION_PORT_DHAMRA,2025-09-26 00:00:00,2025-09-26 18:00:00,2.2,DAYS,3,v1.0,VALID,SYNTHETIC,hash_cng_002538,True
2539,CONGESTION_PORT_NEWCASTLE,2025-09-26 00:00:00,2025-09-26 18:00:00,2.7,DAYS,3,v1.0,VALID,SYNTHETIC,hash_cng_002539,True
2540,CONGESTION_PORT_HEDLAND,2025-09-26 00:00:00,2025-09-26 18:00:00,2.9,DAYS,3,v1.0,VALID,SYNTHETIC,hash_cng_002540,True
2541,CONGESTION_PORT_PARADIP,2025-09-27 00:00:00,2025-09-27 18:00:00,4.1,DAYS,3,v1.0,VALID,SYNTHETIC,hash_cng_002541,True
2542,CONGESTION_PORT_DHAMRA,2025-09-27 00:00:00,2025-09-27 18:00:00,2.3,DAYS,3,v1.0,VALID,SYNTHETIC,hash_cng_002542,True
2543,CONGESTION_PORT_NEWCASTLE,2025-09-27 00:00:00,2025-09-27 18:00:00,2.7,DAYS,3,v1.0,VALID,SYNTHETIC,hash_cng_002543,True
2544,CONGESTION_PORT_HEDLAND,2025-09-27 00:00:00,2025-09-27 18:00:00,2.4,DAYS,3,v1.0,VALID,SYNTHETIC,hash_cng_002544,True
2545,CONGESTION_PORT_PARADIP,2025-09-28 00:00:00,2025-09-28 18:00:00,4.1,DAYS,3,v1.0,VALID,SYNTHETIC,hash_cng_002545,True
2546,CONGESTION_PORT_DHAMRA,2025-09-28 00:00:00,2025-09-28 18:00:00,2.1,DAYS,3,v1.0,VALID,SYNTHETIC,hash_cng_002546,True
2547,CONGESTION_PORT_NEWCASTLE,2025-09-28 00:00:00,2025-09-28 18:00:00,3.6,DAYS,3,v1.0,VALID,SYNTHETIC,hash_cng_002547,True
2548,CONGESTION_PORT_HEDLAND,2025-09-28 00:00:00,2025-09-28 18:00:00,2.7,DAYS,3,v1.0,VALID,SYNTHETIC,hash_cng_002548,True
2549,CONGESTION_PORT_PARADIP,2025-09-29 00:00:00,2025-09-29 18:00:00,4.3,DAYS,3,v1.0,VALID,SYNTHETIC,hash_cng_002549,True
2550,CONGESTION_PORT_DHAMRA,2025-09-29 00:00:00,2025-09-29 18:00:00,2.1,DAYS,3,v1.0,VALID,SYNTHETIC,hash_cng_002550,True
2551,CONGESTION_PORT_NEWCASTLE,2025-09-29 00:00:00,2025-09-29 18:00:00,2.1,DAYS,3,v1.0,VALID,SYNTHETIC,hash_cng_002551,True
2552,CONGESTION_PORT_HEDLAND,2025-09-29 00:00:00,2025-09-29 18:00:00,2.8,DAYS,3,v1.0,VALID,SYNTHETIC,hash_cng_002552,True
2553,CONGESTION_PORT_PARADIP,2025-09-30 00:00:00,2025-09-30 18:00:00,4.3,DAYS,3,v1.0,VALID,SYNTHETIC,hash_cng_002553,True
2554,CONGESTION_PORT_DHAMRA,2025-09-30 00:00:00,2025-09-30 18:00:00,2.2,DAYS,3,v1.0,VALID,SYNTHETIC,hash_cng_002554,True
2555,CONGESTION_PORT_NEWCASTLE,2025-09-30 00:00:00,2025-09-30 18:00:00,2.6,DAYS,3,v1.0,VALID,SYNTHETIC,hash_cng_002555,True
2556,CONGESTION_PORT_HEDLAND,2025-09-30 00:00:00,2025-09-30 18:00:00,3.2,DAYS,3,v1.0,VALID,SYNTHETIC,hash_cng_002556,True
2557,CONGESTION_PORT_PARADIP,2025-10-01 00:00:00,2025-10-01 18:00:00,4.5,DAYS,3,v1.0,VALID,SYNTHETIC,hash_cng_002557,True
2558,CONGESTION_PORT_DHAMRA,2025-10-01 00:00:00,2025-10-01 18:00:00,2.1,DAYS,3,v1.0,VALID,SYNTHETIC,hash_cng_002558,True
2559,CONGESTION_PORT_NEWCASTLE,2025-10-01 00:00:00,2025-10-01 18:00:00,3.4,DAYS,3,v1.0,VALID,SYNTHETIC,hash_cng_002559,True
2560,CONGESTION_PORT_HEDLAND,2025-10-01 00:00:00,2025-10-01 18:00:00,3.5,DAYS,3,v1.0,VALID,SYNTHETIC,hash_cng_002560,True
2561,CONGESTION_PORT_PARADIP,2025-10-02 00:00:00,2025-10-02 18:00:00,4.3,DAYS,3,v1.0,VALID,SYNTHETIC,hash_cng_002561,True
2562,CONGESTION_PORT_DHAMRA,2025-10-02 00:00:00,2025-10-02 18:00:00,2.1,DAYS,3,v1.0,VALID,SYNTHETIC,hash_cng_002562,True
2563,CONGESTION_PORT_NEWCASTLE,2025-10-02 00:00:00,2025-10-02 18:00:00,2.8,DAYS,3,v1.0,VALID,SYNTHETIC,hash_cng_002563,True
2564,CONGESTION_PORT_HEDLAND,2025-10-02 00:00:00,2025-10-02 18:00:00,2.8,DAYS,3,v1.0,VALID,SYNTHETIC,hash_cng_002564,True
2565,CONGESTION_PORT_PARADIP,2025-10-03 00:00:00,2025-10-03 18:00:00,4.6,DAYS,3,v1.0,VALID,SYNTHETIC,hash_cng_002565,True
2566,CONGESTION_PORT_DHAMRA,2025-10-03 00:00:00,2025-10-03 18:00:00,2.2,DAYS,3,v1.0,VALID,SYNTHETIC,hash_cng_002566,True
2567,CONGESTION_PORT_NEWCASTLE,2025-10-03 00:00:00,2025-10-03 18:00:00,2.8,DAYS,3,v1.0,VALID,SYNTHETIC,hash_cng_002567,True
2568,CONGESTION_PORT_HEDLAND,2025-10-03 00:00:00,2025-10-03 18:00:00,2.4,DAYS,3,v1.0,VALID,SYNTHETIC,hash_cng_002568,True
2569,CONGESTION_PORT_PARADIP,2025-10-04 00:00:00,2025-10-04 18:00:00,4.6,DAYS,3,v1.0,VALID,SYNTHETIC,hash_cng_002569,True
2570,CONGESTION_PORT_DHAMRA,2025-10-04 00:00:00,2025-10-04 18:00:00,2.2,DAYS,3,v1.0,VALID,SYNTHETIC,hash_cng_002570,True
2571,CONGESTION_PORT_NEWCASTLE,2025-10-04 00:00:00,2025-10-04 18:00:00,2.2,DAYS,3,v1.0,VALID,SYNTHETIC,hash_cng_002571,True
2572,CONGESTION_PORT_HEDLAND,2025-10-04 00:00:00,2025-10-04 18:00:00,2.2,DAYS,3,v1.0,VALID,SYNTHETIC,hash_cng_002572,True
2573,CONGESTION_PORT_PARADIP,2025-10-05 00:00:00,2025-10-05 18:00:00,4.1,DAYS,3,v1.0,VALID,SYNTHETIC,hash_cng_002573,True
2574,CONGESTION_PORT_DHAMRA,2025-10-05 00:00:00,2025-10-05 18:00:00,2.0,DAYS,3,v1.0,VALID,SYNTHETIC,hash_cng_002574,True
2575,CONGESTION_PORT_NEWCASTLE,2025-10-05 00:00:00,2025-10-05 18:00:00,2.6,DAYS,3,v1.0,VALID,SYNTHETIC,hash_cng_002575,True
2576,CONGESTION_PORT_HEDLAND,2025-10-05 00:00:00,2025-10-05 18:00:00,2.8,DAYS,3,v1.0,VALID,SYNTHETIC,hash_cng_002576,True
2577,CONGESTION_PORT_PARADIP,2025-10-06 00:00:00,2025-10-06 18:00:00,4.9,DAYS,3,v1.0,VALID,SYNTHETIC,hash_cng_002577,True
2578,CONGESTION_PORT_DHAMRA,2025-10-06 00:00:00,2025-10-06 18:00:00,2.1,DAYS,3,v1.0,VALID,SYNTHETIC,hash_cng_002578,True
2579,CONGESTION_PORT_NEWCASTLE,2025-10-06 00:00:00,2025-10-06 18:00:00,2.7,DAYS,3,v1.0,VALID,SYNTHETIC,hash_cng_002579,True
2580,CONGESTION_PORT_HEDLAND,2025-10-06 00:00:00,2025-10-06 18:00:00,3.2,DAYS,3,v1.0,VALID,SYNTHETIC,hash_cng_002580,True
2581,CONGESTION_PORT_PARADIP,2025-10-07 00:00:00,2025-10-07 18:00:00,4.7,DAYS,3,v1.0,VALID,SYNTHETIC,hash_cng_002581,True
2582,CONGESTION_PORT_DHAMRA,2025-10-07 00:00:00,2025-10-07 18:00:00,1.9,DAYS,3,v1.0,VALID,SYNTHETIC,hash_cng_002582,True
2583,CONGESTION_PORT_NEWCASTLE,2025-10-07 00:00:00,2025-10-07 18:00:00,2.4,DAYS,3,v1.0,VALID,SYNTHETIC,hash_cng_002583,True
2584,CONGESTION_PORT_HEDLAND,2025-10-07 00:00:00,2025-10-07 18:00:00,3.1,DAYS,3,v1.0,VALID,SYNTHETIC,hash_cng_002584,True
2585,CONGESTION_PORT_PARADIP,2025-10-08 00:00:00,2025-10-08 18:00:00,4.6,DAYS,3,v1.0,VALID,SYNTHETIC,hash_cng_002585,True
2586,CONGESTION_PORT_DHAMRA,2025-10-08 00:00:00,2025-10-08 18:00:00,2.0,DAYS,3,v1.0,VALID,SYNTHETIC,hash_cng_002586,True
2587,CONGESTION_PORT_NEWCASTLE,2025-10-08 00:00:00,2025-10-08 18:00:00,2.8,DAYS,3,v1.0,VALID,SYNTHETIC,hash_cng_002587,True
2588,CONGESTION_PORT_HEDLAND,2025-10-08 00:00:00,2025-10-08 18:00:00,2.9,DAYS,3,v1.0,VALID,SYNTHETIC,hash_cng_002588,True
2589,CONGESTION_PORT_PARADIP,2025-10-09 00:00:00,2025-10-09 18:00:00,4.4,DAYS,3,v1.0,VALID,SYNTHETIC,hash_cng_002589,True
2590,CONGESTION_PORT_DHAMRA,2025-10-09 00:00:00,2025-10-09 18:00:00,2.0,DAYS,3,v1.0,VALID,SYNTHETIC,hash_cng_002590,True
2591,CONGESTION_PORT_NEWCASTLE,2025-10-09 00:00:00,2025-10-09 18:00:00,2.9,DAYS,3,v1.0,VALID,SYNTHETIC,hash_cng_002591,True
2592,CONGESTION_PORT_HEDLAND,2025-10-09 00:00:00,2025-10-09 18:00:00,2.7,DAYS,3,v1.0,VALID,SYNTHETIC,hash_cng_002592,True
2593,CONGESTION_PORT_PARADIP,2025-10-10 00:00:00,2025-10-10 18:00:00,4.0,DAYS,3,v1.0,VALID,SYNTHETIC,hash_cng_002593,True
2594,CONGESTION_PORT_DHAMRA,2025-10-10 00:00:00,2025-10-10 18:00:00,2.0,DAYS,3,v1.0,VALID,SYNTHETIC,hash_cng_002594,True
2595,CONGESTION_PORT_NEWCASTLE,2025-10-10 00:00:00,2025-10-10 18:00:00,3.4,DAYS,3,v1.0,VALID,SYNTHETIC,hash_cng_002595,True
2596,CONGESTION_PORT_HEDLAND,2025-10-10 00:00:00,2025-10-10 18:00:00,3.1,DAYS,3,v1.0,VALID,SYNTHETIC,hash_cng_002596,True
2597,CONGESTION_PORT_PARADIP,2025-10-11 00:00:00,2025-10-11 18:00:00,4.3,DAYS,3,v1.0,VALID,SYNTHETIC,hash_cng_002597,True
2598,CONGESTION_PORT_DHAMRA,2025-10-11 00:00:00,2025-10-11 18:00:00,2.3,DAYS,3,v1.0,VALID,SYNTHETIC,hash_cng_002598,True
2599,CONGESTION_PORT_NEWCASTLE,2025-10-11 00:00:00,2025-10-11 18:00:00,3.2,DAYS,3,v1.0,VALID,SYNTHETIC,hash_cng_002599,True
2600,CONGESTION_PORT_HEDLAND,2025-10-11 00:00:00,2025-10-11 18:00:00,2.5,DAYS,3,v1.0,VALID,SYNTHETIC,hash_cng_002600,True
2601,CONGESTION_PORT_PARADIP,2025-10-12 00:00:00,2025-10-12 18:00:00,4.8,DAYS,3,v1.0,VALID,SYNTHETIC,hash_cng_002601,True
2602,CONGESTION_PORT_DHAMRA,2025-10-12 00:00:00,2025-10-12 18:00:00,2.5,DAYS,3,v1.0,VALID,SYNTHETIC,hash_cng_002602,True
2603,CONGESTION_PORT_NEWCASTLE,2025-10-12 00:00:00,2025-10-12 18:00:00,2.0,DAYS,3,v1.0,VALID,SYNTHETIC,hash_cng_002603,True
2604,CONGESTION_PORT_HEDLAND,2025-10-12 00:00:00,2025-10-12 18:00:00,2.8,DAYS,3,v1.0,VALID,SYNTHETIC,hash_cng_002604,True
2605,CONGESTION_PORT_PARADIP,2025-10-13 00:00:00,2025-10-13 18:00:00,3.9,DAYS,3,v1.0,VALID,SYNTHETIC,hash_cng_002605,True
2606,CONGESTION_PORT_DHAMRA,2025-10-13 00:00:00,2025-10-13 18:00:00,2.0,DAYS,3,v1.0,VALID,SYNTHETIC,hash_cng_002606,True
2607,CONGESTION_PORT_NEWCASTLE,2025-10-13 00:00:00,2025-10-13 18:00:00,4.0,DAYS,3,v1.0,VALID,SYNTHETIC,hash_cng_002607,True
2608,CONGESTION_PORT_HEDLAND,2025-10-13 00:00:00,2025-10-13 18:00:00,2.7,DAYS,3,v1.0,VALID,SYNTHETIC,hash_cng_002608,True
2609,CONGESTION_PORT_PARADIP,2025-10-14 00:00:00,2025-10-14 18:00:00,3.9,DAYS,3,v1.0,VALID,SYNTHETIC,hash_cng_002609,True
2610,CONGESTION_PORT_DHAMRA,2025-10-14 00:00:00,2025-10-14 18:00:00,2.4,DAYS,3,v1.0,VALID,SYNTHETIC,hash_cng_002610,True
2611,CONGESTION_PORT_NEWCASTLE,2025-10-14 00:00:00,2025-10-14 18:00:00,2.2,DAYS,3,v1.0,VALID,SYNTHETIC,hash_cng_002611,True
2612,CONGESTION_PORT_HEDLAND,2025-10-14 00:00:00,2025-10-14 18:00:00,2.4,DAYS,3,v1.0,VALID,SYNTHETIC,hash_cng_002612,True
2613,CONGESTION_PORT_PARADIP,2025-10-15 00:00:00,2025-10-15 18:00:00,3.9,DAYS,3,v1.0,VALID,SYNTHETIC,hash_cng_002613,True
2614,CONGESTION_PORT_DHAMRA,2025-10-15 00:00:00,2025-10-15 18:00:00,1.9,DAYS,3,v1.0,VALID,SYNTHETIC,hash_cng_002614,True
2615,CONGESTION_PORT_NEWCASTLE,2025-10-15 00:00:00,2025-10-15 18:00:00,3.6,DAYS,3,v1.0,VALID,SYNTHETIC,hash_cng_002615,True
2616,CONGESTION_PORT_HEDLAND,2025-10-15 00:00:00,2025-10-15 18:00:00,3.6,DAYS,3,v1.0,VALID,SYNTHETIC,hash_cng_002616,True
2617,CONGESTION_PORT_PARADIP,2025-10-16 00:00:00,2025-10-16 18:00:00,4.8,DAYS,3,v1.0,VALID,SYNTHETIC,hash_cng_002617,True
2618,CONGESTION_PORT_DHAMRA,2025-10-16 00:00:00,2025-10-16 18:00:00,2.0,DAYS,3,v1.0,VALID,SYNTHETIC,hash_cng_002618,True
2619,CONGESTION_PORT_NEWCASTLE,2025-10-16 00:00:00,2025-10-16 18:00:00,2.6,DAYS,3,v1.0,VALID,SYNTHETIC,hash_cng_002619,True
2620,CONGESTION_PORT_HEDLAND,2025-10-16 00:00:00,2025-10-16 18:00:00,2.5,DAYS,3,v1.0,VALID,SYNTHETIC,hash_cng_002620,True
2621,CONGESTION_PORT_PARADIP,2025-10-17 00:00:00,2025-10-17 18:00:00,4.3,DAYS,3,v1.0,VALID,SYNTHETIC,hash_cng_002621,True
2622,CONGESTION_PORT_DHAMRA,2025-10-17 00:00:00,2025-10-17 18:00:00,2.1,DAYS,3,v1.0,VALID,SYNTHETIC,hash_cng_002622,True
2623,CONGESTION_PORT_NEWCASTLE,2025-10-17 00:00:00,2025-10-17 18:00:00,3.5,DAYS,3,v1.0,VALID,SYNTHETIC,hash_cng_002623,True
2624,CONGESTION_PORT_HEDLAND,2025-10-17 00:00:00,2025-10-17 18:00:00,2.6,DAYS,3,v1.0,VALID,SYNTHETIC,hash_cng_002624,True
2625,CONGESTION_PORT_PARADIP,2025-10-18 00:00:00,2025-10-18 18:00:00,4.3,DAYS,3,v1.0,VALID,SYNTHETIC,hash_cng_002625,True
2626,CONGESTION_PORT_DHAMRA,2025-10-18 00:00:00,2025-10-18 18:00:00,2.2,DAYS,3,v1.0,VALID,SYNTHETIC,hash_cng_002626,True
2627,CONGESTION_PORT_NEWCASTLE,2025-10-18 00:00:00,2025-10-18 18:00:00,3.0,DAYS,3,v1.0,VALID,SYNTHETIC,hash_cng_002627,True
2628,CONGESTION_PORT_HEDLAND,2025-10-18 00:00:00,2025-10-18 18:00:00,3.0,DAYS,3,v1.0,VALID,SYNTHETIC,hash_cng_002628,True
2629,CONGESTION_PORT_PARADIP,2025-10-19 00:00:00,2025-10-19 18:00:00,4.3,DAYS,3,v1.0,VALID,SYNTHETIC,hash_cng_002629,True
2630,CONGESTION_PORT_DHAMRA,2025-10-19 00:00:00,2025-10-19 18:00:00,2.6,DAYS,3,v1.0,VALID,SYNTHETIC,hash_cng_002630,True
2631,CONGESTION_PORT_NEWCASTLE,2025-10-19 00:00:00,2025-10-19 18:00:00,4.0,DAYS,3,v1.0,VALID,SYNTHETIC,hash_cng_002631,True
2632,CONGESTION_PORT_HEDLAND,2025-10-19 00:00:00,2025-10-19 18:00:00,2.7,DAYS,3,v1.0,VALID,SYNTHETIC,hash_cng_002632,True
2633,CONGESTION_PORT_PARADIP,2025-10-20 00:00:00,2025-10-20 18:00:00,4.5,DAYS,3,v1.0,VALID,SYNTHETIC,hash_cng_002633,True
2634,CONGESTION_PORT_DHAMRA,2025-10-20 00:00:00,2025-10-20 18:00:00,1.9,DAYS,3,v1.0,VALID,SYNTHETIC,hash_cng_002634,True
2635,CONGESTION_PORT_NEWCASTLE,2025-10-20 00:00:00,2025-10-20 18:00:00,3.5,DAYS,3,v1.0,VALID,SYNTHETIC,hash_cng_002635,True
2636,CONGESTION_PORT_HEDLAND,2025-10-20 00:00:00,2025-10-20 18:00:00,3.4,DAYS,3,v1.0,VALID,SYNTHETIC,hash_cng_002636,True
2637,CONGESTION_PORT_PARADIP,2025-10-21 00:00:00,2025-10-21 18:00:00,4.4,DAYS,3,v1.0,VALID,SYNTHETIC,hash_cng_002637,True
2638,CONGESTION_PORT_DHAMRA,2025-10-21 00:00:00,2025-10-21 18:00:00,1.9,DAYS,3,v1.0,VALID,SYNTHETIC,hash_cng_002638,True
2639,CONGESTION_PORT_NEWCASTLE,2025-10-21 00:00:00,2025-10-21 18:00:00,2.4,DAYS,3,v1.0,VALID,SYNTHETIC,hash_cng_002639,True
2640,CONGESTION_PORT_HEDLAND,2025-10-21 00:00:00,2025-10-21 18:00:00,3.2,DAYS,3,v1.0,VALID,SYNTHETIC,hash_cng_002640,True
2641,CONGESTION_PORT_PARADIP,2025-10-22 00:00:00,2025-10-22 18:00:00,3.8,DAYS,3,v1.0,VALID,SYNTHETIC,hash_cng_002641,True
2642,CONGESTION_PORT_DHAMRA,2025-10-22 00:00:00,2025-10-22 18:00:00,1.8,DAYS,3,v1.0,VALID,SYNTHETIC,hash_cng_002642,True
2643,CONGESTION_PORT_NEWCASTLE,2025-10-22 00:00:00,2025-10-22 18:00:00,3.4,DAYS,3,v1.0,VALID,SYNTHETIC,hash_cng_002643,True
2644,CONGESTION_PORT_HEDLAND,2025-10-22 00:00:00,2025-10-22 18:00:00,2.9,DAYS,3,v1.0,VALID,SYNTHETIC,hash_cng_002644,True
2645,CONGESTION_PORT_PARADIP,2025-10-23 00:00:00,2025-10-23 18:00:00,4.1,DAYS,3,v1.0,VALID,SYNTHETIC,hash_cng_002645,True
2646,CONGESTION_PORT_DHAMRA,2025-10-23 00:00:00,2025-10-23 18:00:00,2.1,DAYS,3,v1.0,VALID,SYNTHETIC,hash_cng_002646,True
2647,CONGESTION_PORT_NEWCASTLE,2025-10-23 00:00:00,2025-10-23 18:00:00,3.3,DAYS,3,v1.0,VALID,SYNTHETIC,hash_cng_002647,True
2648,CONGESTION_PORT_HEDLAND,2025-10-23 00:00:00,2025-10-23 18:00:00,3.1,DAYS,3,v1.0,VALID,SYNTHETIC,hash_cng_002648,True
2649,CONGESTION_PORT_PARADIP,2025-10-24 00:00:00,2025-10-24 18:00:00,4.9,DAYS,3,v1.0,VALID,SYNTHETIC,hash_cng_002649,True
2650,CONGESTION_PORT_DHAMRA,2025-10-24 00:00:00,2025-10-24 18:00:00,2.3,DAYS,3,v1.0,VALID,SYNTHETIC,hash_cng_002650,True
2651,CONGESTION_PORT_NEWCASTLE,2025-10-24 00:00:00,2025-10-24 18:00:00,3.7,DAYS,3,v1.0,VALID,SYNTHETIC,hash_cng_002651,True
2652,CONGESTION_PORT_HEDLAND,2025-10-24 00:00:00,2025-10-24 18:00:00,2.4,DAYS,3,v1.0,VALID,SYNTHETIC,hash_cng_002652,True
2653,CONGESTION_PORT_PARADIP,2025-10-25 00:00:00,2025-10-25 18:00:00,4.3,DAYS,3,v1.0,VALID,SYNTHETIC,hash_cng_002653,True
2654,CONGESTION_PORT_DHAMRA,2025-10-25 00:00:00,2025-10-25 18:00:00,2.1,DAYS,3,v1.0,VALID,SYNTHETIC,hash_cng_002654,True
2655,CONGESTION_PORT_NEWCASTLE,2025-10-25 00:00:00,2025-10-25 18:00:00,3.0,DAYS,3,v1.0,VALID,SYNTHETIC,hash_cng_002655,True
2656,CONGESTION_PORT_HEDLAND,2025-10-25 00:00:00,2025-10-25 18:00:00,2.6,DAYS,3,v1.0,VALID,SYNTHETIC,hash_cng_002656,True
2657,CONGESTION_PORT_PARADIP,2025-10-26 00:00:00,2025-10-26 18:00:00,4.0,DAYS,3,v1.0,VALID,SYNTHETIC,hash_cng_002657,True
2658,CONGESTION_PORT_DHAMRA,2025-10-26 00:00:00,2025-10-26 18:00:00,2.3,DAYS,3,v1.0,VALID,SYNTHETIC,hash_cng_002658,True
2659,CONGESTION_PORT_NEWCASTLE,2025-10-26 00:00:00,2025-10-26 18:00:00,2.7,DAYS,3,v1.0,VALID,SYNTHETIC,hash_cng_002659,True
2660,CONGESTION_PORT_HEDLAND,2025-10-26 00:00:00,2025-10-26 18:00:00,2.9,DAYS,3,v1.0,VALID,SYNTHETIC,hash_cng_002660,True
2661,CONGESTION_PORT_PARADIP,2025-10-27 00:00:00,2025-10-27 18:00:00,4.1,DAYS,3,v1.0,VALID,SYNTHETIC,hash_cng_002661,True
2662,CONGESTION_PORT_DHAMRA,2025-10-27 00:00:00,2025-10-27 18:00:00,2.4,DAYS,3,v1.0,VALID,SYNTHETIC,hash_cng_002662,True
2663,CONGESTION_PORT_NEWCASTLE,2025-10-27 00:00:00,2025-10-27 18:00:00,2.0,DAYS,3,v1.0,VALID,SYNTHETIC,hash_cng_002663,True
2664,CONGESTION_PORT_HEDLAND,2025-10-27 00:00:00,2025-10-27 18:00:00,2.8,DAYS,3,v1.0,VALID,SYNTHETIC,hash_cng_002664,True
2665,CONGESTION_PORT_PARADIP,2025-10-28 00:00:00,2025-10-28 18:00:00,3.7,DAYS,3,v1.0,VALID,SYNTHETIC,hash_cng_002665,True
2666,CONGESTION_PORT_DHAMRA,2025-10-28 00:00:00,2025-10-28 18:00:00,2.1,DAYS,3,v1.0,VALID,SYNTHETIC,hash_cng_002666,True
2667,CONGESTION_PORT_NEWCASTLE,2025-10-28 00:00:00,2025-10-28 18:00:00,3.0,DAYS,3,v1.0,VALID,SYNTHETIC,hash_cng_002667,True
2668,CONGESTION_PORT_HEDLAND,2025-10-28 00:00:00,2025-10-28 18:00:00,2.6,DAYS,3,v1.0,VALID,SYNTHETIC,hash_cng_002668,True
2669,CONGESTION_PORT_PARADIP,2025-10-29 00:00:00,2025-10-29 18:00:00,4.7,DAYS,3,v1.0,VALID,SYNTHETIC,hash_cng_002669,True
2670,CONGESTION_PORT_DHAMRA,2025-10-29 00:00:00,2025-10-29 18:00:00,2.5,DAYS,3,v1.0,VALID,SYNTHETIC,hash_cng_002670,True
2671,CONGESTION_PORT_NEWCASTLE,2025-10-29 00:00:00,2025-10-29 18:00:00,3.2,DAYS,3,v1.0,VALID,SYNTHETIC,hash_cng_002671,True
2672,CONGESTION_PORT_HEDLAND,2025-10-29 00:00:00,2025-10-29 18:00:00,3.4,DAYS,3,v1.0,VALID,SYNTHETIC,hash_cng_002672,True
2673,CONGESTION_PORT_PARADIP,2025-10-30 00:00:00,2025-10-30 18:00:00,3.9,DAYS,3,v1.0,VALID,SYNTHETIC,hash_cng_002673,True
2674,CONGESTION_PORT_DHAMRA,2025-10-30 00:00:00,2025-10-30 18:00:00,2.0,DAYS,3,v1.0,VALID,SYNTHETIC,hash_cng_002674,True
2675,CONGESTION_PORT_NEWCASTLE,2025-10-30 00:00:00,2025-10-30 18:00:00,3.5,DAYS,3,v1.0,VALID,SYNTHETIC,hash_cng_002675,True
2676,CONGESTION_PORT_HEDLAND,2025-10-30 00:00:00,2025-10-30 18:00:00,2.1,DAYS,3,v1.0,VALID,SYNTHETIC,hash_cng_002676,True
2677,CONGESTION_PORT_PARADIP,2025-10-31 00:00:00,2025-10-31 18:00:00,4.1,DAYS,3,v1.0,VALID,SYNTHETIC,hash_cng_002677,True
2678,CONGESTION_PORT_DHAMRA,2025-10-31 00:00:00,2025-10-31 18:00:00,2.0,DAYS,3,v1.0,VALID,SYNTHETIC,hash_cng_002678,True
2679,CONGESTION_PORT_NEWCASTLE,2025-10-31 00:00:00,2025-10-31 18:00:00,3.4,DAYS,3,v1.0,VALID,SYNTHETIC,hash_cng_002679,True
2680,CONGESTION_PORT_HEDLAND,2025-10-31 00:00:00,2025-10-31 18:00:00,3.2,DAYS,3,v1.0,VALID,SYNTHETIC,hash_cng_002680,True
2681,CONGESTION_PORT_PARADIP,2025-11-01 00:00:00,2025-11-01 18:00:00,3.7,DAYS,3,v1.0,VALID,SYNTHETIC,hash_cng_002681,True
2682,CONGESTION_PORT_DHAMRA,2025-11-01 00:00:00,2025-11-01 18:00:00,1.9,DAYS,3,v1.0,VALID,SYNTHETIC,hash_cng_002682,True
2683,CONGESTION_PORT_NEWCASTLE,2025-11-01 00:00:00,2025-11-01 18:00:00,3.3,DAYS,3,v1.0,VALID,SYNTHETIC,hash_cng_002683,True
2684,CONGESTION_PORT_HEDLAND,2025-11-01 00:00:00,2025-11-01 18:00:00,2.7,DAYS,3,v1.0,VALID,SYNTHETIC,hash_cng_002684,True
2685,CONGESTION_PORT_PARADIP,2025-11-02 00:00:00,2025-11-02 18:00:00,4.9,DAYS,3,v1.0,VALID,SYNTHETIC,hash_cng_002685,True
2686,CONGESTION_PORT_DHAMRA,2025-11-02 00:00:00,2025-11-02 18:00:00,1.8,DAYS,3,v1.0,VALID,SYNTHETIC,hash_cng_002686,True
2687,CONGESTION_PORT_NEWCASTLE,2025-11-02 00:00:00,2025-11-02 18:00:00,3.5,DAYS,3,v1.0,VALID,SYNTHETIC,hash_cng_002687,True
2688,CONGESTION_PORT_HEDLAND,2025-11-02 00:00:00,2025-11-02 18:00:00,3.0,DAYS,3,v1.0,VALID,SYNTHETIC,hash_cng_002688,True
2689,CONGESTION_PORT_PARADIP,2025-11-03 00:00:00,2025-11-03 18:00:00,4.4,DAYS,3,v1.0,VALID,SYNTHETIC,hash_cng_002689,True
2690,CONGESTION_PORT_DHAMRA,2025-11-03 00:00:00,2025-11-03 18:00:00,2.2,DAYS,3,v1.0,VALID,SYNTHETIC,hash_cng_002690,True
2691,CONGESTION_PORT_NEWCASTLE,2025-11-03 00:00:00,2025-11-03 18:00:00,2.9,DAYS,3,v1.0,VALID,SYNTHETIC,hash_cng_002691,True
2692,CONGESTION_PORT_HEDLAND,2025-11-03 00:00:00,2025-11-03 18:00:00,2.6,DAYS,3,v1.0,VALID,SYNTHETIC,hash_cng_002692,True
2693,CONGESTION_PORT_PARADIP,2025-11-04 00:00:00,2025-11-04 18:00:00,4.2,DAYS,3,v1.0,VALID,SYNTHETIC,hash_cng_002693,True
2694,CONGESTION_PORT_DHAMRA,2025-11-04 00:00:00,2025-11-04 18:00:00,1.9,DAYS,3,v1.0,VALID,SYNTHETIC,hash_cng_002694,True
2695,CONGESTION_PORT_NEWCASTLE,2025-11-04 00:00:00,2025-11-04 18:00:00,4.0,DAYS,3,v1.0,VALID,SYNTHETIC,hash_cng_002695,True
2696,CONGESTION_PORT_HEDLAND,2025-11-04 00:00:00,2025-11-04 18:00:00,2.9,DAYS,3,v1.0,VALID,SYNTHETIC,hash_cng_002696,True
2697,CONGESTION_PORT_PARADIP,2025-11-05 00:00:00,2025-11-05 18:00:00,4.0,DAYS,3,v1.0,VALID,SYNTHETIC,hash_cng_002697,True
2698,CONGESTION_PORT_DHAMRA,2025-11-05 00:00:00,2025-11-05 18:00:00,1.9,DAYS,3,v1.0,VALID,SYNTHETIC,hash_cng_002698,True
2699,CONGESTION_PORT_NEWCASTLE,2025-11-05 00:00:00,2025-11-05 18:00:00,2.8,DAYS,3,v1.0,VALID,SYNTHETIC,hash_cng_002699,True
2700,CONGESTION_PORT_HEDLAND,2025-11-05 00:00:00,2025-11-05 18:00:00,3.1,DAYS,3,v1.0,VALID,SYNTHETIC,hash_cng_002700,True
2701,CONGESTION_PORT_PARADIP,2025-11-06 00:00:00,2025-11-06 18:00:00,4.5,DAYS,3,v1.0,VALID,SYNTHETIC,hash_cng_002701,True
2702,CONGESTION_PORT_DHAMRA,2025-11-06 00:00:00,2025-11-06 18:00:00,2.1,DAYS,3,v1.0,VALID,SYNTHETIC,hash_cng_002702,True
2703,CONGESTION_PORT_NEWCASTLE,2025-11-06 00:00:00,2025-11-06 18:00:00,3.3,DAYS,3,v1.0,VALID,SYNTHETIC,hash_cng_002703,True
2704,CONGESTION_PORT_HEDLAND,2025-11-06 00:00:00,2025-11-06 18:00:00,2.9,DAYS,3,v1.0,VALID,SYNTHETIC,hash_cng_002704,True
2705,CONGESTION_PORT_PARADIP,2025-11-07 00:00:00,2025-11-07 18:00:00,4.3,DAYS,3,v1.0,VALID,SYNTHETIC,hash_cng_002705,True
2706,CONGESTION_PORT_DHAMRA,2025-11-07 00:00:00,2025-11-07 18:00:00,1.8,DAYS,3,v1.0,VALID,SYNTHETIC,hash_cng_002706,True
2707,CONGESTION_PORT_NEWCASTLE,2025-11-07 00:00:00,2025-11-07 18:00:00,2.3,DAYS,3,v1.0,VALID,SYNTHETIC,hash_cng_002707,True
2708,CONGESTION_PORT_HEDLAND,2025-11-07 00:00:00,2025-11-07 18:00:00,2.3,DAYS,3,v1.0,VALID,SYNTHETIC,hash_cng_002708,True
2709,CONGESTION_PORT_PARADIP,2025-11-08 00:00:00,2025-11-08 18:00:00,4.1,DAYS,3,v1.0,VALID,SYNTHETIC,hash_cng_002709,True
2710,CONGESTION_PORT_DHAMRA,2025-11-08 00:00:00,2025-11-08 18:00:00,1.9,DAYS,3,v1.0,VALID,SYNTHETIC,hash_cng_002710,True
2711,CONGESTION_PORT_NEWCASTLE,2025-11-08 00:00:00,2025-11-08 18:00:00,2.9,DAYS,3,v1.0,VALID,SYNTHETIC,hash_cng_002711,True
2712,CONGESTION_PORT_HEDLAND,2025-11-08 00:00:00,2025-11-08 18:00:00,2.8,DAYS,3,v1.0,VALID,SYNTHETIC,hash_cng_002712,True
2713,CONGESTION_PORT_PARADIP,2025-11-09 00:00:00,2025-11-09 18:00:00,4.6,DAYS,3,v1.0,VALID,SYNTHETIC,hash_cng_002713,True
2714,CONGESTION_PORT_DHAMRA,2025-11-09 00:00:00,2025-11-09 18:00:00,2.1,DAYS,3,v1.0,VALID,SYNTHETIC,hash_cng_002714,True
2715,CONGESTION_PORT_NEWCASTLE,2025-11-09 00:00:00,2025-11-09 18:00:00,3.0,DAYS,3,v1.0,VALID,SYNTHETIC,hash_cng_002715,True
2716,CONGESTION_PORT_HEDLAND,2025-11-09 00:00:00,2025-11-09 18:00:00,2.6,DAYS,3,v1.0,VALID,SYNTHETIC,hash_cng_002716,True
2717,CONGESTION_PORT_PARADIP,2025-11-10 00:00:00,2025-11-10 18:00:00,4.7,DAYS,3,v1.0,VALID,SYNTHETIC,hash_cng_002717,True
2718,CONGESTION_PORT_DHAMRA,2025-11-10 00:00:00,2025-11-10 18:00:00,2.4,DAYS,3,v1.0,VALID,SYNTHETIC,hash_cng_002718,True
2719,CONGESTION_PORT_NEWCASTLE,2025-11-10 00:00:00,2025-11-10 18:00:00,4.2,DAYS,3,v1.0,VALID,SYNTHETIC,hash_cng_002719,True
2720,CONGESTION_PORT_HEDLAND,2025-11-10 00:00:00,2025-11-10 18:00:00,2.8,DAYS,3,v1.0,VALID,SYNTHETIC,hash_cng_002720,True
2721,CONGESTION_PORT_PARADIP,2025-11-11 00:00:00,2025-11-11 18:00:00,4.6,DAYS,3,v1.0,VALID,SYNTHETIC,hash_cng_002721,True
2722,CONGESTION_PORT_DHAMRA,2025-11-11 00:00:00,2025-11-11 18:00:00,2.6,DAYS,3,v1.0,VALID,SYNTHETIC,hash_cng_002722,True
2723,CONGESTION_PORT_NEWCASTLE,2025-11-11 00:00:00,2025-11-11 18:00:00,4.2,DAYS,3,v1.0,VALID,SYNTHETIC,hash_cng_002723,True
2724,CONGESTION_PORT_HEDLAND,2025-11-11 00:00:00,2025-11-11 18:00:00,3.1,DAYS,3,v1.0,VALID,SYNTHETIC,hash_cng_002724,True
2725,CONGESTION_PORT_PARADIP,2025-11-12 00:00:00,2025-11-12 18:00:00,3.8,DAYS,3,v1.0,VALID,SYNTHETIC,hash_cng_002725,True
2726,CONGESTION_PORT_DHAMRA,2025-11-12 00:00:00,2025-11-12 18:00:00,2.4,DAYS,3,v1.0,VALID,SYNTHETIC,hash_cng_002726,True
2727,CONGESTION_PORT_NEWCASTLE,2025-11-12 00:00:00,2025-11-12 18:00:00,3.9,DAYS,3,v1.0,VALID,SYNTHETIC,hash_cng_002727,True
2728,CONGESTION_PORT_HEDLAND,2025-11-12 00:00:00,2025-11-12 18:00:00,2.4,DAYS,3,v1.0,VALID,SYNTHETIC,hash_cng_002728,True
2729,CONGESTION_PORT_PARADIP,2025-11-13 00:00:00,2025-11-13 18:00:00,4.4,DAYS,3,v1.0,VALID,SYNTHETIC,hash_cng_002729,True
2730,CONGESTION_PORT_DHAMRA,2025-11-13 00:00:00,2025-11-13 18:00:00,2.2,DAYS,3,v1.0,VALID,SYNTHETIC,hash_cng_002730,True
2731,CONGESTION_PORT_NEWCASTLE,2025-11-13 00:00:00,2025-11-13 18:00:00,3.3,DAYS,3,v1.0,VALID,SYNTHETIC,hash_cng_002731,True
2732,CONGESTION_PORT_HEDLAND,2025-11-13 00:00:00,2025-11-13 18:00:00,3.1,DAYS,3,v1.0,VALID,SYNTHETIC,hash_cng_002732,True
2733,CONGESTION_PORT_PARADIP,2025-11-14 00:00:00,2025-11-14 18:00:00,4.9,DAYS,3,v1.0,VALID,SYNTHETIC,hash_cng_002733,True
2734,CONGESTION_PORT_DHAMRA,2025-11-14 00:00:00,2025-11-14 18:00:00,2.1,DAYS,3,v1.0,VALID,SYNTHETIC,hash_cng_002734,True
2735,CONGESTION_PORT_NEWCASTLE,2025-11-14 00:00:00,2025-11-14 18:00:00,4.4,DAYS,3,v1.0,VALID,SYNTHETIC,hash_cng_002735,True
2736,CONGESTION_PORT_HEDLAND,2025-11-14 00:00:00,2025-11-14 18:00:00,2.4,DAYS,3,v1.0,VALID,SYNTHETIC,hash_cng_002736,True
2737,CONGESTION_PORT_PARADIP,2025-11-15 00:00:00,2025-11-15 18:00:00,4.5,DAYS,3,v1.0,VALID,SYNTHETIC,hash_cng_002737,True
2738,CONGESTION_PORT_DHAMRA,2025-11-15 00:00:00,2025-11-15 18:00:00,2.0,DAYS,3,v1.0,VALID,SYNTHETIC,hash_cng_002738,True
2739,CONGESTION_PORT_NEWCASTLE,2025-11-15 00:00:00,2025-11-15 18:00:00,4.5,DAYS,3,v1.0,VALID,SYNTHETIC,hash_cng_002739,True
2740,CONGESTION_PORT_HEDLAND,2025-11-15 00:00:00,2025-11-15 18:00:00,2.8,DAYS,3,v1.0,VALID,SYNTHETIC,hash_cng_002740,True
2741,CONGESTION_PORT_PARADIP,2025-11-16 00:00:00,2025-11-16 18:00:00,3.7,DAYS,3,v1.0,VALID,SYNTHETIC,hash_cng_002741,True
2742,CONGESTION_PORT_DHAMRA,2025-11-16 00:00:00,2025-11-16 18:00:00,1.9,DAYS,3,v1.0,VALID,SYNTHETIC,hash_cng_002742,True
2743,CONGESTION_PORT_NEWCASTLE,2025-11-16 00:00:00,2025-11-16 18:00:00,4.6,DAYS,3,v1.0,VALID,SYNTHETIC,hash_cng_002743,True
2744,CONGESTION_PORT_HEDLAND,2025-11-16 00:00:00,2025-11-16 18:00:00,2.5,DAYS,3,v1.0,VALID,SYNTHETIC,hash_cng_002744,True
2745,CONGESTION_PORT_PARADIP,2025-11-17 00:00:00,2025-11-17 18:00:00,3.7,DAYS,3,v1.0,VALID,SYNTHETIC,hash_cng_002745,True
2746,CONGESTION_PORT_DHAMRA,2025-11-17 00:00:00,2025-11-17 18:00:00,1.9,DAYS,3,v1.0,VALID,SYNTHETIC,hash_cng_002746,True
2747,CONGESTION_PORT_NEWCASTLE,2025-11-17 00:00:00,2025-11-17 18:00:00,4.2,DAYS,3,v1.0,VALID,SYNTHETIC,hash_cng_002747,True
2748,CONGESTION_PORT_HEDLAND,2025-11-17 00:00:00,2025-11-17 18:00:00,3.0,DAYS,3,v1.0,VALID,SYNTHETIC,hash_cng_002748,True
2749,CONGESTION_PORT_PARADIP,2025-11-18 00:00:00,2025-11-18 18:00:00,3.6,DAYS,3,v1.0,VALID,SYNTHETIC,hash_cng_002749,True
2750,CONGESTION_PORT_DHAMRA,2025-11-18 00:00:00,2025-11-18 18:00:00,2.0,DAYS,3,v1.0,VALID,SYNTHETIC,hash_cng_002750,True
2751,CONGESTION_PORT_NEWCASTLE,2025-11-18 00:00:00,2025-11-18 18:00:00,3.5,DAYS,3,v1.0,VALID,SYNTHETIC,hash_cng_002751,True
2752,CONGESTION_PORT_HEDLAND,2025-11-18 00:00:00,2025-11-18 18:00:00,2.4,DAYS,3,v1.0,VALID,SYNTHETIC,hash_cng_002752,True
2753,CONGESTION_PORT_PARADIP,2025-11-19 00:00:00,2025-11-19 18:00:00,4.2,DAYS,3,v1.0,VALID,SYNTHETIC,hash_cng_002753,True
2754,CONGESTION_PORT_DHAMRA,2025-11-19 00:00:00,2025-11-19 18:00:00,2.3,DAYS,3,v1.0,VALID,SYNTHETIC,hash_cng_002754,True
2755,CONGESTION_PORT_NEWCASTLE,2025-11-19 00:00:00,2025-11-19 18:00:00,3.6,DAYS,3,v1.0,VALID,SYNTHETIC,hash_cng_002755,True
2756,CONGESTION_PORT_HEDLAND,2025-11-19 00:00:00,2025-11-19 18:00:00,2.7,DAYS,3,v1.0,VALID,SYNTHETIC,hash_cng_002756,True
2757,CONGESTION_PORT_PARADIP,2025-11-20 00:00:00,2025-11-20 18:00:00,4.5,DAYS,3,v1.0,VALID,SYNTHETIC,hash_cng_002757,True
2758,CONGESTION_PORT_DHAMRA,2025-11-20 00:00:00,2025-11-20 18:00:00,2.2,DAYS,3,v1.0,VALID,SYNTHETIC,hash_cng_002758,True
2759,CONGESTION_PORT_NEWCASTLE,2025-11-20 00:00:00,2025-11-20 18:00:00,3.1,DAYS,3,v1.0,VALID,SYNTHETIC,hash_cng_002759,True
2760,CONGESTION_PORT_HEDLAND,2025-11-20 00:00:00,2025-11-20 18:00:00,3.1,DAYS,3,v1.0,VALID,SYNTHETIC,hash_cng_002760,True
2761,CONGESTION_PORT_PARADIP,2025-11-21 00:00:00,2025-11-21 18:00:00,3.8,DAYS,3,v1.0,VALID,SYNTHETIC,hash_cng_002761,True
2762,CONGESTION_PORT_DHAMRA,2025-11-21 00:00:00,2025-11-21 18:00:00,2.3,DAYS,3,v1.0,VALID,SYNTHETIC,hash_cng_002762,True
2763,CONGESTION_PORT_NEWCASTLE,2025-11-21 00:00:00,2025-11-21 18:00:00,3.3,DAYS,3,v1.0,VALID,SYNTHETIC,hash_cng_002763,True
2764,CONGESTION_PORT_HEDLAND,2025-11-21 00:00:00,2025-11-21 18:00:00,2.8,DAYS,3,v1.0,VALID,SYNTHETIC,hash_cng_002764,True
2765,CONGESTION_PORT_PARADIP,2025-11-22 00:00:00,2025-11-22 18:00:00,4.6,DAYS,3,v1.0,VALID,SYNTHETIC,hash_cng_002765,True
2766,CONGESTION_PORT_DHAMRA,2025-11-22 00:00:00,2025-11-22 18:00:00,2.3,DAYS,3,v1.0,VALID,SYNTHETIC,hash_cng_002766,True
2767,CONGESTION_PORT_NEWCASTLE,2025-11-22 00:00:00,2025-11-22 18:00:00,3.4,DAYS,3,v1.0,VALID,SYNTHETIC,hash_cng_002767,True
2768,CONGESTION_PORT_HEDLAND,2025-11-22 00:00:00,2025-11-22 18:00:00,2.9,DAYS,3,v1.0,VALID,SYNTHETIC,hash_cng_002768,True
2769,CONGESTION_PORT_PARADIP,2025-11-23 00:00:00,2025-11-23 18:00:00,4.5,DAYS,3,v1.0,VALID,SYNTHETIC,hash_cng_002769,True
2770,CONGESTION_PORT_DHAMRA,2025-11-23 00:00:00,2025-11-23 18:00:00,2.0,DAYS,3,v1.0,VALID,SYNTHETIC,hash_cng_002770,True
2771,CONGESTION_PORT_NEWCASTLE,2025-11-23 00:00:00,2025-11-23 18:00:00,3.4,DAYS,3,v1.0,VALID,SYNTHETIC,hash_cng_002771,True
2772,CONGESTION_PORT_HEDLAND,2025-11-23 00:00:00,2025-11-23 18:00:00,3.1,DAYS,3,v1.0,VALID,SYNTHETIC,hash_cng_002772,True
2773,CONGESTION_PORT_PARADIP,2025-11-24 00:00:00,2025-11-24 18:00:00,4.1,DAYS,3,v1.0,VALID,SYNTHETIC,hash_cng_002773,True
2774,CONGESTION_PORT_DHAMRA,2025-11-24 00:00:00,2025-11-24 18:00:00,1.9,DAYS,3,v1.0,VALID,SYNTHETIC,hash_cng_002774,True
2775,CONGESTION_PORT_NEWCASTLE,2025-11-24 00:00:00,2025-11-24 18:00:00,3.6,DAYS,3,v1.0,VALID,SYNTHETIC,hash_cng_002775,True
2776,CONGESTION_PORT_HEDLAND,2025-11-24 00:00:00,2025-11-24 18:00:00,2.8,DAYS,3,v1.0,VALID,SYNTHETIC,hash_cng_002776,True
2777,CONGESTION_PORT_PARADIP,2025-11-25 00:00:00,2025-11-25 18:00:00,4.4,DAYS,3,v1.0,VALID,SYNTHETIC,hash_cng_002777,True
2778,CONGESTION_PORT_DHAMRA,2025-11-25 00:00:00,2025-11-25 18:00:00,1.9,DAYS,3,v1.0,VALID,SYNTHETIC,hash_cng_002778,True
2779,CONGESTION_PORT_NEWCASTLE,2025-11-25 00:00:00,2025-11-25 18:00:00,4.5,DAYS,3,v1.0,VALID,SYNTHETIC,hash_cng_002779,True
2780,CONGESTION_PORT_HEDLAND,2025-11-25 00:00:00,2025-11-25 18:00:00,2.9,DAYS,3,v1.0,VALID,SYNTHETIC,hash_cng_002780,True
2781,CONGESTION_PORT_PARADIP,2025-11-26 00:00:00,2025-11-26 18:00:00,4.9,DAYS,3,v1.0,VALID,SYNTHETIC,hash_cng_002781,True
2782,CONGESTION_PORT_DHAMRA,2025-11-26 00:00:00,2025-11-26 18:00:00,2.2,DAYS,3,v1.0,VALID,SYNTHETIC,hash_cng_002782,True
2783,CONGESTION_PORT_NEWCASTLE,2025-11-26 00:00:00,2025-11-26 18:00:00,4.2,DAYS,3,v1.0,VALID,SYNTHETIC,hash_cng_002783,True
2784,CONGESTION_PORT_HEDLAND,2025-11-26 00:00:00,2025-11-26 18:00:00,2.7,DAYS,3,v1.0,VALID,SYNTHETIC,hash_cng_002784,True
2785,CONGESTION_PORT_PARADIP,2025-11-27 00:00:00,2025-11-27 18:00:00,4.2,DAYS,3,v1.0,VALID,SYNTHETIC,hash_cng_002785,True
2786,CONGESTION_PORT_DHAMRA,2025-11-27 00:00:00,2025-11-27 18:00:00,2.2,DAYS,3,v1.0,VALID,SYNTHETIC,hash_cng_002786,True
2787,CONGESTION_PORT_NEWCASTLE,2025-11-27 00:00:00,2025-11-27 18:00:00,3.9,DAYS,3,v1.0,VALID,SYNTHETIC,hash_cng_002787,True
2788,CONGESTION_PORT_HEDLAND,2025-11-27 00:00:00,2025-11-27 18:00:00,2.7,DAYS,3,v1.0,VALID,SYNTHETIC,hash_cng_002788,True
2789,CONGESTION_PORT_PARADIP,2025-11-28 00:00:00,2025-11-28 18:00:00,5.0,DAYS,3,v1.0,VALID,SYNTHETIC,hash_cng_002789,True
2790,CONGESTION_PORT_DHAMRA,2025-11-28 00:00:00,2025-11-28 18:00:00,2.3,DAYS,3,v1.0,VALID,SYNTHETIC,hash_cng_002790,True
2791,CONGESTION_PORT_NEWCASTLE,2025-11-28 00:00:00,2025-11-28 18:00:00,3.6,DAYS,3,v1.0,VALID,SYNTHETIC,hash_cng_002791,True
2792,CONGESTION_PORT_HEDLAND,2025-11-28 00:00:00,2025-11-28 18:00:00,2.8,DAYS,3,v1.0,VALID,SYNTHETIC,hash_cng_002792,True
2793,CONGESTION_PORT_PARADIP,2025-11-29 00:00:00,2025-11-29 18:00:00,4.1,DAYS,3,v1.0,VALID,SYNTHETIC,hash_cng_002793,True
2794,CONGESTION_PORT_DHAMRA,2025-11-29 00:00:00,2025-11-29 18:00:00,2.2,DAYS,3,v1.0,VALID,SYNTHETIC,hash_cng_002794,True
2795,CONGESTION_PORT_NEWCASTLE,2025-11-29 00:00:00,2025-11-29 18:00:00,3.4,DAYS,3,v1.0,VALID,SYNTHETIC,hash_cng_002795,True
2796,CONGESTION_PORT_HEDLAND,2025-11-29 00:00:00,2025-11-29 18:00:00,2.8,DAYS,3,v1.0,VALID,SYNTHETIC,hash_cng_002796,True
2797,CONGESTION_PORT_PARADIP,2025-11-30 00:00:00,2025-11-30 18:00:00,3.2,DAYS,3,v1.0,VALID,SYNTHETIC,hash_cng_002797,True
2798,CONGESTION_PORT_DHAMRA,2025-11-30 00:00:00,2025-11-30 18:00:00,1.9,DAYS,3,v1.0,VALID,SYNTHETIC,hash_cng_002798,True
2799,CONGESTION_PORT_NEWCASTLE,2025-11-30 00:00:00,2025-11-30 18:00:00,5.2,DAYS,3,v1.0,VALID,SYNTHETIC,hash_cng_002799,True
2800,CONGESTION_PORT_HEDLAND,2025-11-30 00:00:00,2025-11-30 18:00:00,3.4,DAYS,3,v1.0,VALID,SYNTHETIC,hash_cng_002800,True
2801,CONGESTION_PORT_PARADIP,2025-12-01 00:00:00,2025-12-01 18:00:00,4.1,DAYS,3,v1.0,VALID,SYNTHETIC,hash_cng_002801,True
2802,CONGESTION_PORT_DHAMRA,2025-12-01 00:00:00,2025-12-01 18:00:00,2.1,DAYS,3,v1.0,VALID,SYNTHETIC,hash_cng_002802,True
2803,CONGESTION_PORT_NEWCASTLE,2025-12-01 00:00:00,2025-12-01 18:00:00,4.6,DAYS,3,v1.0,VALID,SYNTHETIC,hash_cng_002803,True
2804,CONGESTION_PORT_HEDLAND,2025-12-01 00:00:00,2025-12-01 18:00:00,3.4,DAYS,3,v1.0,VALID,SYNTHETIC,hash_cng_002804,True
2805,CONGESTION_PORT_PARADIP,2025-12-02 00:00:00,2025-12-02 18:00:00,4.2,DAYS,3,v1.0,VALID,SYNTHETIC,hash_cng_002805,True
2806,CONGESTION_PORT_DHAMRA,2025-12-02 00:00:00,2025-12-02 18:00:00,2.0,DAYS,3,v1.0,VALID,SYNTHETIC,hash_cng_002806,True
2807,CONGESTION_PORT_NEWCASTLE,2025-12-02 00:00:00,2025-12-02 18:00:00,4.6,DAYS,3,v1.0,VALID,SYNTHETIC,hash_cng_002807,True
2808,CONGESTION_PORT_HEDLAND,2025-12-02 00:00:00,2025-12-02 18:00:00,3.3,DAYS,3,v1.0,VALID,SYNTHETIC,hash_cng_002808,True
2809,CONGESTION_PORT_PARADIP,2025-12-03 00:00:00,2025-12-03 18:00:00,4.6,DAYS,3,v1.0,VALID,SYNTHETIC,hash_cng_002809,True
2810,CONGESTION_PORT_DHAMRA,2025-12-03 00:00:00,2025-12-03 18:00:00,2.3,DAYS,3,v1.0,VALID,SYNTHETIC,hash_cng_002810,True
2811,CONGESTION_PORT_NEWCASTLE,2025-12-03 00:00:00,2025-12-03 18:00:00,4.6,DAYS,3,v1.0,VALID,SYNTHETIC,hash_cng_002811,True
2812,CONGESTION_PORT_HEDLAND,2025-12-03 00:00:00,2025-12-03 18:00:00,2.6,DAYS,3,v1.0,VALID,SYNTHETIC,hash_cng_002812,True
2813,CONGESTION_PORT_PARADIP,2025-12-04 00:00:00,2025-12-04 18:00:00,4.4,DAYS,3,v1.0,VALID,SYNTHETIC,hash_cng_002813,True
2814,CONGESTION_PORT_DHAMRA,2025-12-04 00:00:00,2025-12-04 18:00:00,2.3,DAYS,3,v1.0,VALID,SYNTHETIC,hash_cng_002814,True
2815,CONGESTION_PORT_NEWCASTLE,2025-12-04 00:00:00,2025-12-04 18:00:00,3.9,DAYS,3,v1.0,VALID,SYNTHETIC,hash_cng_002815,True
2816,CONGESTION_PORT_HEDLAND,2025-12-04 00:00:00,2025-12-04 18:00:00,2.8,DAYS,3,v1.0,VALID,SYNTHETIC,hash_cng_002816,True
2817,CONGESTION_PORT_PARADIP,2025-12-05 00:00:00,2025-12-05 18:00:00,4.0,DAYS,3,v1.0,VALID,SYNTHETIC,hash_cng_002817,True
2818,CONGESTION_PORT_DHAMRA,2025-12-05 00:00:00,2025-12-05 18:00:00,2.5,DAYS,3,v1.0,VALID,SYNTHETIC,hash_cng_002818,True
2819,CONGESTION_PORT_NEWCASTLE,2025-12-05 00:00:00,2025-12-05 18:00:00,4.9,DAYS,3,v1.0,VALID,SYNTHETIC,hash_cng_002819,True
2820,CONGESTION_PORT_HEDLAND,2025-12-05 00:00:00,2025-12-05 18:00:00,2.4,DAYS,3,v1.0,VALID,SYNTHETIC,hash_cng_002820,True
2821,CONGESTION_PORT_PARADIP,2025-12-06 00:00:00,2025-12-06 18:00:00,4.7,DAYS,3,v1.0,VALID,SYNTHETIC,hash_cng_002821,True
2822,CONGESTION_PORT_DHAMRA,2025-12-06 00:00:00,2025-12-06 18:00:00,2.2,DAYS,3,v1.0,VALID,SYNTHETIC,hash_cng_002822,True
2823,CONGESTION_PORT_NEWCASTLE,2025-12-06 00:00:00,2025-12-06 18:00:00,5.1,DAYS,3,v1.0,VALID,SYNTHETIC,hash_cng_002823,True
2824,CONGESTION_PORT_HEDLAND,2025-12-06 00:00:00,2025-12-06 18:00:00,3.0,DAYS,3,v1.0,VALID,SYNTHETIC,hash_cng_002824,True
2825,CONGESTION_PORT_PARADIP,2025-12-07 00:00:00,2025-12-07 18:00:00,4.6,DAYS,3,v1.0,VALID,SYNTHETIC,hash_cng_002825,True
2826,CONGESTION_PORT_DHAMRA,2025-12-07 00:00:00,2025-12-07 18:00:00,2.3,DAYS,3,v1.0,VALID,SYNTHETIC,hash_cng_002826,True
2827,CONGESTION_PORT_NEWCASTLE,2025-12-07 00:00:00,2025-12-07 18:00:00,5.6,DAYS,3,v1.0,VALID,SYNTHETIC,hash_cng_002827,True
2828,CONGESTION_PORT_HEDLAND,2025-12-07 00:00:00,2025-12-07 18:00:00,2.7,DAYS,3,v1.0,VALID,SYNTHETIC,hash_cng_002828,True
2829,CONGESTION_PORT_PARADIP,2025-12-08 00:00:00,2025-12-08 18:00:00,4.2,DAYS,3,v1.0,VALID,SYNTHETIC,hash_cng_002829,True
2830,CONGESTION_PORT_DHAMRA,2025-12-08 00:00:00,2025-12-08 18:00:00,2.1,DAYS,3,v1.0,VALID,SYNTHETIC,hash_cng_002830,True
2831,CONGESTION_PORT_NEWCASTLE,2025-12-08 00:00:00,2025-12-08 18:00:00,4.9,DAYS,3,v1.0,VALID,SYNTHETIC,hash_cng_002831,True
2832,CONGESTION_PORT_HEDLAND,2025-12-08 00:00:00,2025-12-08 18:00:00,2.7,DAYS,3,v1.0,VALID,SYNTHETIC,hash_cng_002832,True
2833,CONGESTION_PORT_PARADIP,2025-12-09 00:00:00,2025-12-09 18:00:00,4.2,DAYS,3,v1.0,VALID,SYNTHETIC,hash_cng_002833,True
2834,CONGESTION_PORT_DHAMRA,2025-12-09 00:00:00,2025-12-09 18:00:00,2.1,DAYS,3,v1.0,VALID,SYNTHETIC,hash_cng_002834,True
2835,CONGESTION_PORT_NEWCASTLE,2025-12-09 00:00:00,2025-12-09 18:00:00,5.4,DAYS,3,v1.0,VALID,SYNTHETIC,hash_cng_002835,True
2836,CONGESTION_PORT_HEDLAND,2025-12-09 00:00:00,2025-12-09 18:00:00,2.7,DAYS,3,v1.0,VALID,SYNTHETIC,hash_cng_002836,True
2837,CONGESTION_PORT_PARADIP,2025-12-10 00:00:00,2025-12-10 18:00:00,4.3,DAYS,3,v1.0,VALID,SYNTHETIC,hash_cng_002837,True
2838,CONGESTION_PORT_DHAMRA,2025-12-10 00:00:00,2025-12-10 18:00:00,2.2,DAYS,3,v1.0,VALID,SYNTHETIC,hash_cng_002838,True
2839,CONGESTION_PORT_NEWCASTLE,2025-12-10 00:00:00,2025-12-10 18:00:00,4.6,DAYS,3,v1.0,VALID,SYNTHETIC,hash_cng_002839,True
2840,CONGESTION_PORT_HEDLAND,2025-12-10 00:00:00,2025-12-10 18:00:00,2.2,DAYS,3,v1.0,VALID,SYNTHETIC,hash_cng_002840,True
2841,CONGESTION_PORT_PARADIP,2025-12-11 00:00:00,2025-12-11 18:00:00,4.3,DAYS,3,v1.0,VALID,SYNTHETIC,hash_cng_002841,True
2842,CONGESTION_PORT_DHAMRA,2025-12-11 00:00:00,2025-12-11 18:00:00,2.5,DAYS,3,v1.0,VALID,SYNTHETIC,hash_cng_002842,True
2843,CONGESTION_PORT_NEWCASTLE,2025-12-11 00:00:00,2025-12-11 18:00:00,4.4,DAYS,3,v1.0,VALID,SYNTHETIC,hash_cng_002843,True
2844,CONGESTION_PORT_HEDLAND,2025-12-11 00:00:00,2025-12-11 18:00:00,3.0,DAYS,3,v1.0,VALID,SYNTHETIC,hash_cng_002844,True
2845,CONGESTION_PORT_PARADIP,2025-12-12 00:00:00,2025-12-12 18:00:00,4.6,DAYS,3,v1.0,VALID,SYNTHETIC,hash_cng_002845,True
2846,CONGESTION_PORT_DHAMRA,2025-12-12 00:00:00,2025-12-12 18:00:00,2.2,DAYS,3,v1.0,VALID,SYNTHETIC,hash_cng_002846,True
2847,CONGESTION_PORT_NEWCASTLE,2025-12-12 00:00:00,2025-12-12 18:00:00,3.7,DAYS,3,v1.0,VALID,SYNTHETIC,hash_cng_002847,True
2848,CONGESTION_PORT_HEDLAND,2025-12-12 00:00:00,2025-12-12 18:00:00,2.5,DAYS,3,v1.0,VALID,SYNTHETIC,hash_cng_002848,True
2849,CONGESTION_PORT_PARADIP,2025-12-13 00:00:00,2025-12-13 18:00:00,5.2,DAYS,3,v1.0,VALID,SYNTHETIC,hash_cng_002849,True
2850,CONGESTION_PORT_DHAMRA,2025-12-13 00:00:00,2025-12-13 18:00:00,2.1,DAYS,3,v1.0,VALID,SYNTHETIC,hash_cng_002850,True
2851,CONGESTION_PORT_NEWCASTLE,2025-12-13 00:00:00,2025-12-13 18:00:00,5.1,DAYS,3,v1.0,VALID,SYNTHETIC,hash_cng_002851,True
2852,CONGESTION_PORT_HEDLAND,2025-12-13 00:00:00,2025-12-13 18:00:00,2.9,DAYS,3,v1.0,VALID,SYNTHETIC,hash_cng_002852,True
2853,CONGESTION_PORT_PARADIP,2025-12-14 00:00:00,2025-12-14 18:00:00,4.1,DAYS,3,v1.0,VALID,SYNTHETIC,hash_cng_002853,True
2854,CONGESTION_PORT_DHAMRA,2025-12-14 00:00:00,2025-12-14 18:00:00,2.0,DAYS,3,v1.0,VALID,SYNTHETIC,hash_cng_002854,True
2855,CONGESTION_PORT_NEWCASTLE,2025-12-14 00:00:00,2025-12-14 18:00:00,6.0,DAYS,3,v1.0,VALID,SYNTHETIC,hash_cng_002855,True
2856,CONGESTION_PORT_HEDLAND,2025-12-14 00:00:00,2025-12-14 18:00:00,2.8,DAYS,3,v1.0,VALID,SYNTHETIC,hash_cng_002856,True
2857,CONGESTION_PORT_PARADIP,2025-12-15 00:00:00,2025-12-15 18:00:00,3.8,DAYS,3,v1.0,VALID,SYNTHETIC,hash_cng_002857,True
2858,CONGESTION_PORT_DHAMRA,2025-12-15 00:00:00,2025-12-15 18:00:00,2.0,DAYS,3,v1.0,VALID,SYNTHETIC,hash_cng_002858,True
2859,CONGESTION_PORT_NEWCASTLE,2025-12-15 00:00:00,2025-12-15 18:00:00,5.7,DAYS,3,v1.0,VALID,SYNTHETIC,hash_cng_002859,True
2860,CONGESTION_PORT_HEDLAND,2025-12-15 00:00:00,2025-12-15 18:00:00,3.0,DAYS,3,v1.0,VALID,SYNTHETIC,hash_cng_002860,True
2861,CONGESTION_PORT_PARADIP,2025-12-16 00:00:00,2025-12-16 18:00:00,4.1,DAYS,3,v1.0,VALID,SYNTHETIC,hash_cng_002861,True
2862,CONGESTION_PORT_DHAMRA,2025-12-16 00:00:00,2025-12-16 18:00:00,2.3,DAYS,3,v1.0,VALID,SYNTHETIC,hash_cng_002862,True
2863,CONGESTION_PORT_NEWCASTLE,2025-12-16 00:00:00,2025-12-16 18:00:00,5.0,DAYS,3,v1.0,VALID,SYNTHETIC,hash_cng_002863,True
2864,CONGESTION_PORT_HEDLAND,2025-12-16 00:00:00,2025-12-16 18:00:00,2.7,DAYS,3,v1.0,VALID,SYNTHETIC,hash_cng_002864,True
2865,CONGESTION_PORT_PARADIP,2025-12-17 00:00:00,2025-12-17 18:00:00,4.1,DAYS,3,v1.0,VALID,SYNTHETIC,hash_cng_002865,True
2866,CONGESTION_PORT_DHAMRA,2025-12-17 00:00:00,2025-12-17 18:00:00,2.0,DAYS,3,v1.0,VALID,SYNTHETIC,hash_cng_002866,True
2867,CONGESTION_PORT_NEWCASTLE,2025-12-17 00:00:00,2025-12-17 18:00:00,4.4,DAYS,3,v1.0,VALID,SYNTHETIC,hash_cng_002867,True
2868,CONGESTION_PORT_HEDLAND,2025-12-17 00:00:00,2025-12-17 18:00:00,2.9,DAYS,3,v1.0,VALID,SYNTHETIC,hash_cng_002868,True
2869,CONGESTION_PORT_PARADIP,2025-12-18 00:00:00,2025-12-18 18:00:00,3.9,DAYS,3,v1.0,VALID,SYNTHETIC,hash_cng_002869,True
2870,CONGESTION_PORT_DHAMRA,2025-12-18 00:00:00,2025-12-18 18:00:00,2.1,DAYS,3,v1.0,VALID,SYNTHETIC,hash_cng_002870,True
2871,CONGESTION_PORT_NEWCASTLE,2025-12-18 00:00:00,2025-12-18 18:00:00,4.3,DAYS,3,v1.0,VALID,SYNTHETIC,hash_cng_002871,True
2872,CONGESTION_PORT_HEDLAND,2025-12-18 00:00:00,2025-12-18 18:00:00,2.8,DAYS,3,v1.0,VALID,SYNTHETIC,hash_cng_002872,True
2873,CONGESTION_PORT_PARADIP,2025-12-19 00:00:00,2025-12-19 18:00:00,3.9,DAYS,3,v1.0,VALID,SYNTHETIC,hash_cng_002873,True
2874,CONGESTION_PORT_DHAMRA,2025-12-19 00:00:00,2025-12-19 18:00:00,2.3,DAYS,3,v1.0,VALID,SYNTHETIC,hash_cng_002874,True
2875,CONGESTION_PORT_NEWCASTLE,2025-12-19 00:00:00,2025-12-19 18:00:00,4.5,DAYS,3,v1.0,VALID,SYNTHETIC,hash_cng_002875,True
2876,CONGESTION_PORT_HEDLAND,2025-12-19 00:00:00,2025-12-19 18:00:00,2.6,DAYS,3,v1.0,VALID,SYNTHETIC,hash_cng_002876,True
2877,CONGESTION_PORT_PARADIP,2025-12-20 00:00:00,2025-12-20 18:00:00,3.7,DAYS,3,v1.0,VALID,SYNTHETIC,hash_cng_002877,True
2878,CONGESTION_PORT_DHAMRA,2025-12-20 00:00:00,2025-12-20 18:00:00,1.9,DAYS,3,v1.0,VALID,SYNTHETIC,hash_cng_002878,True
2879,CONGESTION_PORT_NEWCASTLE,2025-12-20 00:00:00,2025-12-20 18:00:00,5.3,DAYS,3,v1.0,VALID,SYNTHETIC,hash_cng_002879,True
2880,CONGESTION_PORT_HEDLAND,2025-12-20 00:00:00,2025-12-20 18:00:00,2.2,DAYS,3,v1.0,VALID,SYNTHETIC,hash_cng_002880,True
2881,CONGESTION_PORT_PARADIP,2025-12-21 00:00:00,2025-12-21 18:00:00,3.9,DAYS,3,v1.0,VALID,SYNTHETIC,hash_cng_002881,True
2882,CONGESTION_PORT_DHAMRA,2025-12-21 00:00:00,2025-12-21 18:00:00,1.8,DAYS,3,v1.0,VALID,SYNTHETIC,hash_cng_002882,True
2883,CONGESTION_PORT_NEWCASTLE,2025-12-21 00:00:00,2025-12-21 18:00:00,7.3,DAYS,3,v1.0,VALID,SYNTHETIC,hash_cng_002883,True
2884,CONGESTION_PORT_HEDLAND,2025-12-21 00:00:00,2025-12-21 18:00:00,3.2,DAYS,3,v1.0,VALID,SYNTHETIC,hash_cng_002884,True
2885,CONGESTION_PORT_PARADIP,2025-12-22 00:00:00,2025-12-22 18:00:00,4.5,DAYS,3,v1.0,VALID,SYNTHETIC,hash_cng_002885,True
2886,CONGESTION_PORT_DHAMRA,2025-12-22 00:00:00,2025-12-22 18:00:00,2.1,DAYS,3,v1.0,VALID,SYNTHETIC,hash_cng_002886,True
2887,CONGESTION_PORT_NEWCASTLE,2025-12-22 00:00:00,2025-12-22 18:00:00,4.4,DAYS,3,v1.0,VALID,SYNTHETIC,hash_cng_002887,True
2888,CONGESTION_PORT_HEDLAND,2025-12-22 00:00:00,2025-12-22 18:00:00,2.9,DAYS,3,v1.0,VALID,SYNTHETIC,hash_cng_002888,True
2889,CONGESTION_PORT_PARADIP,2025-12-23 00:00:00,2025-12-23 18:00:00,4.1,DAYS,3,v1.0,VALID,SYNTHETIC,hash_cng_002889,True
2890,CONGESTION_PORT_DHAMRA,2025-12-23 00:00:00,2025-12-23 18:00:00,2.4,DAYS,3,v1.0,VALID,SYNTHETIC,hash_cng_002890,True
2891,CONGESTION_PORT_NEWCASTLE,2025-12-23 00:00:00,2025-12-23 18:00:00,5.3,DAYS,3,v1.0,VALID,SYNTHETIC,hash_cng_002891,True
2892,CONGESTION_PORT_HEDLAND,2025-12-23 00:00:00,2025-12-23 18:00:00,3.3,DAYS,3,v1.0,VALID,SYNTHETIC,hash_cng_002892,True
2893,CONGESTION_PORT_PARADIP,2025-12-24 00:00:00,2025-12-24 18:00:00,5.0,DAYS,3,v1.0,VALID,SYNTHETIC,hash_cng_002893,True
2894,CONGESTION_PORT_DHAMRA,2025-12-24 00:00:00,2025-12-24 18:00:00,2.0,DAYS,3,v1.0,VALID,SYNTHETIC,hash_cng_002894,True
2895,CONGESTION_PORT_NEWCASTLE,2025-12-24 00:00:00,2025-12-24 18:00:00,5.1,DAYS,3,v1.0,VALID,SYNTHETIC,hash_cng_002895,True
2896,CONGESTION_PORT_HEDLAND,2025-12-24 00:00:00,2025-12-24 18:00:00,3.4,DAYS,3,v1.0,VALID,SYNTHETIC,hash_cng_002896,True
2897,CONGESTION_PORT_PARADIP,2025-12-25 00:00:00,2025-12-25 18:00:00,4.1,DAYS,3,v1.0,VALID,SYNTHETIC,hash_cng_002897,True
2898,CONGESTION_PORT_DHAMRA,2025-12-25 00:00:00,2025-12-25 18:00:00,2.3,DAYS,3,v1.0,VALID,SYNTHETIC,hash_cng_002898,True
2899,CONGESTION_PORT_NEWCASTLE,2025-12-25 00:00:00,2025-12-25 18:00:00,5.2,DAYS,3,v1.0,VALID,SYNTHETIC,hash_cng_002899,True
2900,CONGESTION_PORT_HEDLAND,2025-12-25 00:00:00,2025-12-25 18:00:00,3.2,DAYS,3,v1.0,VALID,SYNTHETIC,hash_cng_002900,True
2901,CONGESTION_PORT_PARADIP,2025-12-26 00:00:00,2025-12-26 18:00:00,4.5,DAYS,3,v1.0,VALID,SYNTHETIC,hash_cng_002901,True
2902,CONGESTION_PORT_DHAMRA,2025-12-26 00:00:00,2025-12-26 18:00:00,2.2,DAYS,3,v1.0,VALID,SYNTHETIC,hash_cng_002902,True
2903,CONGESTION_PORT_NEWCASTLE,2025-12-26 00:00:00,2025-12-26 18:00:00,4.9,DAYS,3,v1.0,VALID,SYNTHETIC,hash_cng_002903,True
2904,CONGESTION_PORT_HEDLAND,2025-12-26 00:00:00,2025-12-26 18:00:00,2.3,DAYS,3,v1.0,VALID,SYNTHETIC,hash_cng_002904,True
2905,CONGESTION_PORT_PARADIP,2025-12-27 00:00:00,2025-12-27 18:00:00,3.7,DAYS,3,v1.0,VALID,SYNTHETIC,hash_cng_002905,True
2906,CONGESTION_PORT_DHAMRA,2025-12-27 00:00:00,2025-12-27 18:00:00,2.0,DAYS,3,v1.0,VALID,SYNTHETIC,hash_cng_002906,True
2907,CONGESTION_PORT_NEWCASTLE,2025-12-27 00:00:00,2025-12-27 18:00:00,5.7,DAYS,3,v1.0,VALID,SYNTHETIC,hash_cng_002907,True
2908,CONGESTION_PORT_HEDLAND,2025-12-27 00:00:00,2025-12-27 18:00:00,2.6,DAYS,3,v1.0,VALID,SYNTHETIC,hash_cng_002908,True
2909,CONGESTION_PORT_PARADIP,2025-12-28 00:00:00,2025-12-28 18:00:00,3.7,DAYS,3,v1.0,VALID,SYNTHETIC,hash_cng_002909,True
2910,CONGESTION_PORT_DHAMRA,2025-12-28 00:00:00,2025-12-28 18:00:00,2.0,DAYS,3,v1.0,VALID,SYNTHETIC,hash_cng_002910,True
2911,CONGESTION_PORT_NEWCASTLE,2025-12-28 00:00:00,2025-12-28 18:00:00,5.7,DAYS,3,v1.0,VALID,SYNTHETIC,hash_cng_002911,True
2912,CONGESTION_PORT_HEDLAND,2025-12-28 00:00:00,2025-12-28 18:00:00,2.8,DAYS,3,v1.0,VALID,SYNTHETIC,hash_cng_002912,True
2913,CONGESTION_PORT_PARADIP,2025-12-29 00:00:00,2025-12-29 18:00:00,3.4,DAYS,3,v1.0,VALID,SYNTHETIC,hash_cng_002913,True
2914,CONGESTION_PORT_DHAMRA,2025-12-29 00:00:00,2025-12-29 18:00:00,1.8,DAYS,3,v1.0,VALID,SYNTHETIC,hash_cng_002914,True
2915,CONGESTION_PORT_NEWCASTLE,2025-12-29 00:00:00,2025-12-29 18:00:00,5.4,DAYS,3,v1.0,VALID,SYNTHETIC,hash_cng_002915,True
2916,CONGESTION_PORT_HEDLAND,2025-12-29 00:00:00,2025-12-29 18:00:00,2.6,DAYS,3,v1.0,VALID,SYNTHETIC,hash_cng_002916,True
2917,CONGESTION_PORT_PARADIP,2025-12-30 00:00:00,2025-12-30 18:00:00,4.2,DAYS,3,v1.0,VALID,SYNTHETIC,hash_cng_002917,True
2918,CONGESTION_PORT_DHAMRA,2025-12-30 00:00:00,2025-12-30 18:00:00,2.4,DAYS,3,v1.0,VALID,SYNTHETIC,hash_cng_002918,True
2919,CONGESTION_PORT_NEWCASTLE,2025-12-30 00:00:00,2025-12-30 18:00:00,4.4,DAYS,3,v1.0,VALID,SYNTHETIC,hash_cng_002919,True
2920,CONGESTION_PORT_HEDLAND,2025-12-30 00:00:00,2025-12-30 18:00:00,2.6,DAYS,3,v1.0,VALID,SYNTHETIC,hash_cng_002920,True
2921,CONGESTION_PORT_PARADIP,2025-12-31 00:00:00,2025-12-31 18:00:00,4.4,DAYS,3,v1.0,VALID,SYNTHETIC,hash_cng_002921,True
2922,CONGESTION_PORT_DHAMRA,2025-12-31 00:00:00,2025-12-31 18:00:00,2.0,DAYS,3,v1.0,VALID,SYNTHETIC,hash_cng_002922,True
2923,CONGESTION_PORT_NEWCASTLE,2025-12-31 00:00:00,2025-12-31 18:00:00,6.2,DAYS,3,v1.0,VALID,SYNTHETIC,hash_cng_002923,True
2924,CONGESTION_PORT_HEDLAND,2025-12-31 00:00:00,2025-12-31 18:00:00,3.1,DAYS,3,v1.0,VALID,SYNTHETIC,hash_cng_002924,True
2925,CONGESTION_PORT_PARADIP,2026-01-01 00:00:00,2026-01-01 18:00:00,4.4,DAYS,3,v1.0,VALID,SYNTHETIC,hash_cng_002925,True
2926,CONGESTION_PORT_DHAMRA,2026-01-01 00:00:00,2026-01-01 18:00:00,1.9,DAYS,3,v1.0,VALID,SYNTHETIC,hash_cng_002926,True
2927,CONGESTION_PORT_NEWCASTLE,2026-01-01 00:00:00,2026-01-01 18:00:00,5.8,DAYS,3,v1.0,VALID,SYNTHETIC,hash_cng_002927,True
2928,CONGESTION_PORT_HEDLAND,2026-01-01 00:00:00,2026-01-01 18:00:00,2.7,DAYS,3,v1.0,VALID,SYNTHETIC,hash_cng_002928,True
2929,CONGESTION_PORT_PARADIP,2026-01-02 00:00:00,2026-01-02 18:00:00,4.3,DAYS,3,v1.0,VALID,SYNTHETIC,hash_cng_002929,True
2930,CONGESTION_PORT_DHAMRA,2026-01-02 00:00:00,2026-01-02 18:00:00,2.1,DAYS,3,v1.0,VALID,SYNTHETIC,hash_cng_002930,True
2931,CONGESTION_PORT_NEWCASTLE,2026-01-02 00:00:00,2026-01-02 18:00:00,5.8,DAYS,3,v1.0,VALID,SYNTHETIC,hash_cng_002931,True
2932,CONGESTION_PORT_HEDLAND,2026-01-02 00:00:00,2026-01-02 18:00:00,3.1,DAYS,3,v1.0,VALID,SYNTHETIC,hash_cng_002932,True
2933,CONGESTION_PORT_PARADIP,2026-01-03 00:00:00,2026-01-03 18:00:00,4.1,DAYS,3,v1.0,VALID,SYNTHETIC,hash_cng_002933,True
2934,CONGESTION_PORT_DHAMRA,2026-01-03 00:00:00,2026-01-03 18:00:00,2.4,DAYS,3,v1.0,VALID,SYNTHETIC,hash_cng_002934,True
2935,CONGESTION_PORT_NEWCASTLE,2026-01-03 00:00:00,2026-01-03 18:00:00,5.3,DAYS,3,v1.0,VALID,SYNTHETIC,hash_cng_002935,True
2936,CONGESTION_PORT_HEDLAND,2026-01-03 00:00:00,2026-01-03 18:00:00,2.7,DAYS,3,v1.0,VALID,SYNTHETIC,hash_cng_002936,True
2937,CONGESTION_PORT_PARADIP,2026-01-04 00:00:00,2026-01-04 18:00:00,4.7,DAYS,3,v1.0,VALID,SYNTHETIC,hash_cng_002937,True
2938,CONGESTION_PORT_DHAMRA,2026-01-04 00:00:00,2026-01-04 18:00:00,2.3,DAYS,3,v1.0,VALID,SYNTHETIC,hash_cng_002938,True
2939,CONGESTION_PORT_NEWCASTLE,2026-01-04 00:00:00,2026-01-04 18:00:00,5.7,DAYS,3,v1.0,VALID,SYNTHETIC,hash_cng_002939,True
2940,CONGESTION_PORT_HEDLAND,2026-01-04 00:00:00,2026-01-04 18:00:00,2.4,DAYS,3,v1.0,VALID,SYNTHETIC,hash_cng_002940,True
2941,CONGESTION_PORT_PARADIP,2026-01-05 00:00:00,2026-01-05 18:00:00,4.7,DAYS,3,v1.0,VALID,SYNTHETIC,hash_cng_002941,True
2942,CONGESTION_PORT_DHAMRA,2026-01-05 00:00:00,2026-01-05 18:00:00,2.1,DAYS,3,v1.0,VALID,SYNTHETIC,hash_cng_002942,True
2943,CONGESTION_PORT_NEWCASTLE,2026-01-05 00:00:00,2026-01-05 18:00:00,6.2,DAYS,3,v1.0,VALID,SYNTHETIC,hash_cng_002943,True
2944,CONGESTION_PORT_HEDLAND,2026-01-05 00:00:00,2026-01-05 18:00:00,3.0,DAYS,3,v1.0,VALID,SYNTHETIC,hash_cng_002944,True
2945,CONGESTION_PORT_PARADIP,2026-01-06 00:00:00,2026-01-06 18:00:00,4.5,DAYS,3,v1.0,VALID,SYNTHETIC,hash_cng_002945,True
2946,CONGESTION_PORT_DHAMRA,2026-01-06 00:00:00,2026-01-06 18:00:00,2.2,DAYS,3,v1.0,VALID,SYNTHETIC,hash_cng_002946,True
2947,CONGESTION_PORT_NEWCASTLE,2026-01-06 00:00:00,2026-01-06 18:00:00,5.3,DAYS,3,v1.0,VALID,SYNTHETIC,hash_cng_002947,True
2948,CONGESTION_PORT_HEDLAND,2026-01-06 00:00:00,2026-01-06 18:00:00,3.0,DAYS,3,v1.0,VALID,SYNTHETIC,hash_cng_002948,True
2949,CONGESTION_PORT_PARADIP,2026-01-07 00:00:00,2026-01-07 18:00:00,3.9,DAYS,3,v1.0,VALID,SYNTHETIC,hash_cng_002949,True
2950,CONGESTION_PORT_DHAMRA,2026-01-07 00:00:00,2026-01-07 18:00:00,2.5,DAYS,3,v1.0,VALID,SYNTHETIC,hash_cng_002950,True
2951,CONGESTION_PORT_NEWCASTLE,2026-01-07 00:00:00,2026-01-07 18:00:00,5.2,DAYS,3,v1.0,VALID,SYNTHETIC,hash_cng_002951,True
2952,CONGESTION_PORT_HEDLAND,2026-01-07 00:00:00,2026-01-07 18:00:00,2.3,DAYS,3,v1.0,VALID,SYNTHETIC,hash_cng_002952,True
2953,CONGESTION_PORT_PARADIP,2026-01-08 00:00:00,2026-01-08 18:00:00,4.7,DAYS,3,v1.0,VALID,SYNTHETIC,hash_cng_002953,True
2954,CONGESTION_PORT_DHAMRA,2026-01-08 00:00:00,2026-01-08 18:00:00,1.9,DAYS,3,v1.0,VALID,SYNTHETIC,hash_cng_002954,True
2955,CONGESTION_PORT_NEWCASTLE,2026-01-08 00:00:00,2026-01-08 18:00:00,6.0,DAYS,3,v1.0,VALID,SYNTHETIC,hash_cng_002955,True
2956,CONGESTION_PORT_HEDLAND,2026-01-08 00:00:00,2026-01-08 18:00:00,3.0,DAYS,3,v1.0,VALID,SYNTHETIC,hash_cng_002956,True
2957,CONGESTION_PORT_PARADIP,2026-01-09 00:00:00,2026-01-09 18:00:00,3.3,DAYS,3,v1.0,VALID,SYNTHETIC,hash_cng_002957,True
2958,CONGESTION_PORT_DHAMRA,2026-01-09 00:00:00,2026-01-09 18:00:00,2.1,DAYS,3,v1.0,VALID,SYNTHETIC,hash_cng_002958,True
2959,CONGESTION_PORT_NEWCASTLE,2026-01-09 00:00:00,2026-01-09 18:00:00,6.3,DAYS,3,v1.0,VALID,SYNTHETIC,hash_cng_002959,True
2960,CONGESTION_PORT_HEDLAND,2026-01-09 00:00:00,2026-01-09 18:00:00,2.5,DAYS,3,v1.0,VALID,SYNTHETIC,hash_cng_002960,True
2961,CONGESTION_PORT_PARADIP,2026-01-10 00:00:00,2026-01-10 18:00:00,4.9,DAYS,3,v1.0,VALID,SYNTHETIC,hash_cng_002961,True
2962,CONGESTION_PORT_DHAMRA,2026-01-10 00:00:00,2026-01-10 18:00:00,2.3,DAYS,3,v1.0,VALID,SYNTHETIC,hash_cng_002962,True
2963,CONGESTION_PORT_NEWCASTLE,2026-01-10 00:00:00,2026-01-10 18:00:00,4.8,DAYS,3,v1.0,VALID,SYNTHETIC,hash_cng_002963,True
2964,CONGESTION_PORT_HEDLAND,2026-01-10 00:00:00,2026-01-10 18:00:00,2.7,DAYS,3,v1.0,VALID,SYNTHETIC,hash_cng_002964,True
2965,CONGESTION_PORT_PARADIP,2026-01-11 00:00:00,2026-01-11 18:00:00,5.2,DAYS,3,v1.0,VALID,SYNTHETIC,hash_cng_002965,True
2966,CONGESTION_PORT_DHAMRA,2026-01-11 00:00:00,2026-01-11 18:00:00,2.3,DAYS,3,v1.0,VALID,SYNTHETIC,hash_cng_002966,True
2967,CONGESTION_PORT_NEWCASTLE,2026-01-11 00:00:00,2026-01-11 18:00:00,6.1,DAYS,3,v1.0,VALID,SYNTHETIC,hash_cng_002967,True
2968,CONGESTION_PORT_HEDLAND,2026-01-11 00:00:00,2026-01-11 18:00:00,2.3,DAYS,3,v1.0,VALID,SYNTHETIC,hash_cng_002968,True
2969,CONGESTION_PORT_PARADIP,2026-01-12 00:00:00,2026-01-12 18:00:00,4.2,DAYS,3,v1.0,VALID,SYNTHETIC,hash_cng_002969,True
2970,CONGESTION_PORT_DHAMRA,2026-01-12 00:00:00,2026-01-12 18:00:00,2.0,DAYS,3,v1.0,VALID,SYNTHETIC,hash_cng_002970,True
2971,CONGESTION_PORT_NEWCASTLE,2026-01-12 00:00:00,2026-01-12 18:00:00,6.9,DAYS,3,v1.0,VALID,SYNTHETIC,hash_cng_002971,True
2972,CONGESTION_PORT_HEDLAND,2026-01-12 00:00:00,2026-01-12 18:00:00,2.7,DAYS,3,v1.0,VALID,SYNTHETIC,hash_cng_002972,True
2973,CONGESTION_PORT_PARADIP,2026-01-13 00:00:00,2026-01-13 18:00:00,4.1,DAYS,3,v1.0,VALID,SYNTHETIC,hash_cng_002973,True
2974,CONGESTION_PORT_DHAMRA,2026-01-13 00:00:00,2026-01-13 18:00:00,1.9,DAYS,3,v1.0,VALID,SYNTHETIC,hash_cng_002974,True
2975,CONGESTION_PORT_NEWCASTLE,2026-01-13 00:00:00,2026-01-13 18:00:00,6.2,DAYS,3,v1.0,VALID,SYNTHETIC,hash_cng_002975,True
2976,CONGESTION_PORT_HEDLAND,2026-01-13 00:00:00,2026-01-13 18:00:00,2.5,DAYS,3,v1.0,VALID,SYNTHETIC,hash_cng_002976,True
2977,CONGESTION_PORT_PARADIP,2026-01-14 00:00:00,2026-01-14 18:00:00,4.7,DAYS,3,v1.0,VALID,SYNTHETIC,hash_cng_002977,True
2978,CONGESTION_PORT_DHAMRA,2026-01-14 00:00:00,2026-01-14 18:00:00,2.2,DAYS,3,v1.0,VALID,SYNTHETIC,hash_cng_002978,True
2979,CONGESTION_PORT_NEWCASTLE,2026-01-14 00:00:00,2026-01-14 18:00:00,5.4,DAYS,3,v1.0,VALID,SYNTHETIC,hash_cng_002979,True
2980,CONGESTION_PORT_HEDLAND,2026-01-14 00:00:00,2026-01-14 18:00:00,2.8,DAYS,3,v1.0,VALID,SYNTHETIC,hash_cng_002980,True
2981,CONGESTION_PORT_PARADIP,2026-01-15 00:00:00,2026-01-15 18:00:00,4.4,DAYS,3,v1.0,VALID,SYNTHETIC,hash_cng_002981,True
2982,CONGESTION_PORT_DHAMRA,2026-01-15 00:00:00,2026-01-15 18:00:00,2.2,DAYS,3,v1.0,VALID,SYNTHETIC,hash_cng_002982,True
2983,CONGESTION_PORT_NEWCASTLE,2026-01-15 00:00:00,2026-01-15 18:00:00,6.1,DAYS,3,v1.0,VALID,SYNTHETIC,hash_cng_002983,True
2984,CONGESTION_PORT_HEDLAND,2026-01-15 00:00:00,2026-01-15 18:00:00,2.7,DAYS,3,v1.0,VALID,SYNTHETIC,hash_cng_002984,True
2985,CONGESTION_PORT_PARADIP,2026-01-16 00:00:00,2026-01-16 18:00:00,4.2,DAYS,3,v1.0,VALID,SYNTHETIC,hash_cng_002985,True
2986,CONGESTION_PORT_DHAMRA,2026-01-16 00:00:00,2026-01-16 18:00:00,2.1,DAYS,3,v1.0,VALID,SYNTHETIC,hash_cng_002986,True
2987,CONGESTION_PORT_NEWCASTLE,2026-01-16 00:00:00,2026-01-16 18:00:00,7.4,DAYS,3,v1.0,VALID,SYNTHETIC,hash_cng_002987,True
2988,CONGESTION_PORT_HEDLAND,2026-01-16 00:00:00,2026-01-16 18:00:00,2.7,DAYS,3,v1.0,VALID,SYNTHETIC,hash_cng_002988,True
2989,CONGESTION_PORT_PARADIP,2026-01-17 00:00:00,2026-01-17 18:00:00,3.8,DAYS,3,v1.0,VALID,SYNTHETIC,hash_cng_002989,True
2990,CONGESTION_PORT_DHAMRA,2026-01-17 00:00:00,2026-01-17 18:00:00,2.3,DAYS,3,v1.0,VALID,SYNTHETIC,hash_cng_002990,True
2991,CONGESTION_PORT_NEWCASTLE,2026-01-17 00:00:00,2026-01-17 18:00:00,5.7,DAYS,3,v1.0,VALID,SYNTHETIC,hash_cng_002991,True
2992,CONGESTION_PORT_HEDLAND,2026-01-17 00:00:00,2026-01-17 18:00:00,2.6,DAYS,3,v1.0,VALID,SYNTHETIC,hash_cng_002992,True
2993,CONGESTION_PORT_PARADIP,2026-01-18 00:00:00,2026-01-18 18:00:00,4.5,DAYS,3,v1.0,VALID,SYNTHETIC,hash_cng_002993,True
2994,CONGESTION_PORT_DHAMRA,2026-01-18 00:00:00,2026-01-18 18:00:00,2.4,DAYS,3,v1.0,VALID,SYNTHETIC,hash_cng_002994,True
2995,CONGESTION_PORT_NEWCASTLE,2026-01-18 00:00:00,2026-01-18 18:00:00,6.6,DAYS,3,v1.0,VALID,SYNTHETIC,hash_cng_002995,True
2996,CONGESTION_PORT_HEDLAND,2026-01-18 00:00:00,2026-01-18 18:00:00,2.4,DAYS,3,v1.0,VALID,SYNTHETIC,hash_cng_002996,True
2997,CONGESTION_PORT_PARADIP,2026-01-19 00:00:00,2026-01-19 18:00:00,4.4,DAYS,3,v1.0,VALID,SYNTHETIC,hash_cng_002997,True
2998,CONGESTION_PORT_DHAMRA,2026-01-19 00:00:00,2026-01-19 18:00:00,2.3,DAYS,3,v1.0,VALID,SYNTHETIC,hash_cng_002998,True
2999,CONGESTION_PORT_NEWCASTLE,2026-01-19 00:00:00,2026-01-19 18:00:00,6.8,DAYS,3,v1.0,VALID,SYNTHETIC,hash_cng_002999,True
3000,CONGESTION_PORT_HEDLAND,2026-01-19 00:00:00,2026-01-19 18:00:00,2.1,DAYS,3,v1.0,VALID,SYNTHETIC,hash_cng_003000,True
3001,CONGESTION_PORT_PARADIP,2026-01-20 00:00:00,2026-01-20 18:00:00,4.4,DAYS,3,v1.0,VALID,SYNTHETIC,hash_cng_003001,True
3002,CONGESTION_PORT_DHAMRA,2026-01-20 00:00:00,2026-01-20 18:00:00,2.2,DAYS,3,v1.0,VALID,SYNTHETIC,hash_cng_003002,True
3003,CONGESTION_PORT_NEWCASTLE,2026-01-20 00:00:00,2026-01-20 18:00:00,6.9,DAYS,3,v1.0,VALID,SYNTHETIC,hash_cng_003003,True
3004,CONGESTION_PORT_HEDLAND,2026-01-20 00:00:00,2026-01-20 18:00:00,2.9,DAYS,3,v1.0,VALID,SYNTHETIC,hash_cng_003004,True
3005,CONGESTION_PORT_PARADIP,2026-01-21 00:00:00,2026-01-21 18:00:00,4.2,DAYS,3,v1.0,VALID,SYNTHETIC,hash_cng_003005,True
3006,CONGESTION_PORT_DHAMRA,2026-01-21 00:00:00,2026-01-21 18:00:00,2.2,DAYS,3,v1.0,VALID,SYNTHETIC,hash_cng_003006,True
3007,CONGESTION_PORT_NEWCASTLE,2026-01-21 00:00:00,2026-01-21 18:00:00,6.6,DAYS,3,v1.0,VALID,SYNTHETIC,hash_cng_003007,True
3008,CONGESTION_PORT_HEDLAND,2026-01-21 00:00:00,2026-01-21 18:00:00,2.8,DAYS,3,v1.0,VALID,SYNTHETIC,hash_cng_003008,True
3009,CONGESTION_PORT_PARADIP,2026-01-22 00:00:00,2026-01-22 18:00:00,4.5,DAYS,3,v1.0,VALID,SYNTHETIC,hash_cng_003009,True
3010,CONGESTION_PORT_DHAMRA,2026-01-22 00:00:00,2026-01-22 18:00:00,2.0,DAYS,3,v1.0,VALID,SYNTHETIC,hash_cng_003010,True
3011,CONGESTION_PORT_NEWCASTLE,2026-01-22 00:00:00,2026-01-22 18:00:00,7.4,DAYS,3,v1.0,VALID,SYNTHETIC,hash_cng_003011,True
3012,CONGESTION_PORT_HEDLAND,2026-01-22 00:00:00,2026-01-22 18:00:00,2.4,DAYS,3,v1.0,VALID,SYNTHETIC,hash_cng_003012,True
3013,CONGESTION_PORT_PARADIP,2026-01-23 00:00:00,2026-01-23 18:00:00,3.8,DAYS,3,v1.0,VALID,SYNTHETIC,hash_cng_003013,True
3014,CONGESTION_PORT_DHAMRA,2026-01-23 00:00:00,2026-01-23 18:00:00,2.3,DAYS,3,v1.0,VALID,SYNTHETIC,hash_cng_003014,True
3015,CONGESTION_PORT_NEWCASTLE,2026-01-23 00:00:00,2026-01-23 18:00:00,6.6,DAYS,3,v1.0,VALID,SYNTHETIC,hash_cng_003015,True
3016,CONGESTION_PORT_HEDLAND,2026-01-23 00:00:00,2026-01-23 18:00:00,3.1,DAYS,3,v1.0,VALID,SYNTHETIC,hash_cng_003016,True
3017,CONGESTION_PORT_PARADIP,2026-01-24 00:00:00,2026-01-24 18:00:00,3.4,DAYS,3,v1.0,VALID,SYNTHETIC,hash_cng_003017,True
3018,CONGESTION_PORT_DHAMRA,2026-01-24 00:00:00,2026-01-24 18:00:00,2.0,DAYS,3,v1.0,VALID,SYNTHETIC,hash_cng_003018,True
3019,CONGESTION_PORT_NEWCASTLE,2026-01-24 00:00:00,2026-01-24 18:00:00,7.6,DAYS,3,v1.0,VALID,SYNTHETIC,hash_cng_003019,True
3020,CONGESTION_PORT_HEDLAND,2026-01-24 00:00:00,2026-01-24 18:00:00,3.0,DAYS,3,v1.0,VALID,SYNTHETIC,hash_cng_003020,True
3021,CONGESTION_PORT_PARADIP,2026-01-25 00:00:00,2026-01-25 18:00:00,4.0,DAYS,3,v1.0,VALID,SYNTHETIC,hash_cng_003021,True
3022,CONGESTION_PORT_DHAMRA,2026-01-25 00:00:00,2026-01-25 18:00:00,2.1,DAYS,3,v1.0,VALID,SYNTHETIC,hash_cng_003022,True
3023,CONGESTION_PORT_NEWCASTLE,2026-01-25 00:00:00,2026-01-25 18:00:00,6.4,DAYS,3,v1.0,VALID,SYNTHETIC,hash_cng_003023,True
3024,CONGESTION_PORT_HEDLAND,2026-01-25 00:00:00,2026-01-25 18:00:00,2.7,DAYS,3,v1.0,VALID,SYNTHETIC,hash_cng_003024,True
3025,CONGESTION_PORT_PARADIP,2026-01-26 00:00:00,2026-01-26 18:00:00,4.1,DAYS,3,v1.0,VALID,SYNTHETIC,hash_cng_003025,True
3026,CONGESTION_PORT_DHAMRA,2026-01-26 00:00:00,2026-01-26 18:00:00,2.2,DAYS,3,v1.0,VALID,SYNTHETIC,hash_cng_003026,True
3027,CONGESTION_PORT_NEWCASTLE,2026-01-26 00:00:00,2026-01-26 18:00:00,5.8,DAYS,3,v1.0,VALID,SYNTHETIC,hash_cng_003027,True
3028,CONGESTION_PORT_HEDLAND,2026-01-26 00:00:00,2026-01-26 18:00:00,3.1,DAYS,3,v1.0,VALID,SYNTHETIC,hash_cng_003028,True
3029,CONGESTION_PORT_PARADIP,2026-01-27 00:00:00,2026-01-27 18:00:00,4.3,DAYS,3,v1.0,VALID,SYNTHETIC,hash_cng_003029,True
3030,CONGESTION_PORT_DHAMRA,2026-01-27 00:00:00,2026-01-27 18:00:00,2.1,DAYS,3,v1.0,VALID,SYNTHETIC,hash_cng_003030,True
3031,CONGESTION_PORT_NEWCASTLE,2026-01-27 00:00:00,2026-01-27 18:00:00,6.4,DAYS,3,v1.0,VALID,SYNTHETIC,hash_cng_003031,True
3032,CONGESTION_PORT_HEDLAND,2026-01-27 00:00:00,2026-01-27 18:00:00,2.6,DAYS,3,v1.0,VALID,SYNTHETIC,hash_cng_003032,True
3033,CONGESTION_PORT_PARADIP,2026-01-28 00:00:00,2026-01-28 18:00:00,4.8,DAYS,3,v1.0,VALID,SYNTHETIC,hash_cng_003033,True
3034,CONGESTION_PORT_DHAMRA,2026-01-28 00:00:00,2026-01-28 18:00:00,2.4,DAYS,3,v1.0,VALID,SYNTHETIC,hash_cng_003034,True
3035,CONGESTION_PORT_NEWCASTLE,2026-01-28 00:00:00,2026-01-28 18:00:00,6.5,DAYS,3,v1.0,VALID,SYNTHETIC,hash_cng_003035,True
3036,CONGESTION_PORT_HEDLAND,2026-01-28 00:00:00,2026-01-28 18:00:00,2.4,DAYS,3,v1.0,VALID,SYNTHETIC,hash_cng_003036,True
3037,CONGESTION_PORT_PARADIP,2026-01-29 00:00:00,2026-01-29 18:00:00,4.5,DAYS,3,v1.0,VALID,SYNTHETIC,hash_cng_003037,True
3038,CONGESTION_PORT_DHAMRA,2026-01-29 00:00:00,2026-01-29 18:00:00,1.8,DAYS,3,v1.0,VALID,SYNTHETIC,hash_cng_003038,True
3039,CONGESTION_PORT_NEWCASTLE,2026-01-29 00:00:00,2026-01-29 18:00:00,6.5,DAYS,3,v1.0,VALID,SYNTHETIC,hash_cng_003039,True
3040,CONGESTION_PORT_HEDLAND,2026-01-29 00:00:00,2026-01-29 18:00:00,2.3,DAYS,3,v1.0,VALID,SYNTHETIC,hash_cng_003040,True
3041,CONGESTION_PORT_PARADIP,2026-01-30 00:00:00,2026-01-30 18:00:00,5.1,DAYS,3,v1.0,VALID,SYNTHETIC,hash_cng_003041,True
3042,CONGESTION_PORT_DHAMRA,2026-01-30 00:00:00,2026-01-30 18:00:00,1.9,DAYS,3,v1.0,VALID,SYNTHETIC,hash_cng_003042,True
3043,CONGESTION_PORT_NEWCASTLE,2026-01-30 00:00:00,2026-01-30 18:00:00,6.8,DAYS,3,v1.0,VALID,SYNTHETIC,hash_cng_003043,True
3044,CONGESTION_PORT_HEDLAND,2026-01-30 00:00:00,2026-01-30 18:00:00,3.5,DAYS,3,v1.0,VALID,SYNTHETIC,hash_cng_003044,True
3045,CONGESTION_PORT_PARADIP,2026-01-31 00:00:00,2026-01-31 18:00:00,4.8,DAYS,3,v1.0,VALID,SYNTHETIC,hash_cng_003045,True
3046,CONGESTION_PORT_DHAMRA,2026-01-31 00:00:00,2026-01-31 18:00:00,2.2,DAYS,3,v1.0,VALID,SYNTHETIC,hash_cng_003046,True
3047,CONGESTION_PORT_NEWCASTLE,2026-01-31 00:00:00,2026-01-31 18:00:00,6.3,DAYS,3,v1.0,VALID,SYNTHETIC,hash_cng_003047,True
3048,CONGESTION_PORT_HEDLAND,2026-01-31 00:00:00,2026-01-31 18:00:00,2.7,DAYS,3,v1.0,VALID,SYNTHETIC,hash_cng_003048,True
3049,CONGESTION_PORT_PARADIP,2026-02-01 00:00:00,2026-02-01 18:00:00,5.2,DAYS,3,v1.0,VALID,SYNTHETIC,hash_cng_003049,True
3050,CONGESTION_PORT_DHAMRA,2026-02-01 00:00:00,2026-02-01 18:00:00,1.9,DAYS,3,v1.0,VALID,SYNTHETIC,hash_cng_003050,True
3051,CONGESTION_PORT_NEWCASTLE,2026-02-01 00:00:00,2026-02-01 18:00:00,6.5,DAYS,3,v1.0,VALID,SYNTHETIC,hash_cng_003051,True
3052,CONGESTION_PORT_HEDLAND,2026-02-01 00:00:00,2026-02-01 18:00:00,2.5,DAYS,3,v1.0,VALID,SYNTHETIC,hash_cng_003052,True
3053,CONGESTION_PORT_PARADIP,2026-02-02 00:00:00,2026-02-02 18:00:00,3.9,DAYS,3,v1.0,VALID,SYNTHETIC,hash_cng_003053,True
3054,CONGESTION_PORT_DHAMRA,2026-02-02 00:00:00,2026-02-02 18:00:00,1.7,DAYS,3,v1.0,VALID,SYNTHETIC,hash_cng_003054,True
3055,CONGESTION_PORT_NEWCASTLE,2026-02-02 00:00:00,2026-02-02 18:00:00,7.7,DAYS,3,v1.0,VALID,SYNTHETIC,hash_cng_003055,True
3056,CONGESTION_PORT_HEDLAND,2026-02-02 00:00:00,2026-02-02 18:00:00,2.8,DAYS,3,v1.0,VALID,SYNTHETIC,hash_cng_003056,True
3057,CONGESTION_PORT_PARADIP,2026-02-03 00:00:00,2026-02-03 18:00:00,4.0,DAYS,3,v1.0,VALID,SYNTHETIC,hash_cng_003057,True
3058,CONGESTION_PORT_DHAMRA,2026-02-03 00:00:00,2026-02-03 18:00:00,1.7,DAYS,3,v1.0,VALID,SYNTHETIC,hash_cng_003058,True
3059,CONGESTION_PORT_NEWCASTLE,2026-02-03 00:00:00,2026-02-03 18:00:00,7.2,DAYS,3,v1.0,VALID,SYNTHETIC,hash_cng_003059,True
3060,CONGESTION_PORT_HEDLAND,2026-02-03 00:00:00,2026-02-03 18:00:00,2.9,DAYS,3,v1.0,VALID,SYNTHETIC,hash_cng_003060,True
3061,CONGESTION_PORT_PARADIP,2026-02-04 00:00:00,2026-02-04 18:00:00,3.9,DAYS,3,v1.0,VALID,SYNTHETIC,hash_cng_003061,True
3062,CONGESTION_PORT_DHAMRA,2026-02-04 00:00:00,2026-02-04 18:00:00,1.9,DAYS,3,v1.0,VALID,SYNTHETIC,hash_cng_003062,True
3063,CONGESTION_PORT_NEWCASTLE,2026-02-04 00:00:00,2026-02-04 18:00:00,6.6,DAYS,3,v1.0,VALID,SYNTHETIC,hash_cng_003063,True
3064,CONGESTION_PORT_HEDLAND,2026-02-04 00:00:00,2026-02-04 18:00:00,2.9,DAYS,3,v1.0,VALID,SYNTHETIC,hash_cng_003064,True
3065,CONGESTION_PORT_PARADIP,2026-02-05 00:00:00,2026-02-05 18:00:00,4.1,DAYS,3,v1.0,VALID,SYNTHETIC,hash_cng_003065,True
3066,CONGESTION_PORT_DHAMRA,2026-02-05 00:00:00,2026-02-05 18:00:00,1.9,DAYS,3,v1.0,VALID,SYNTHETIC,hash_cng_003066,True
3067,CONGESTION_PORT_NEWCASTLE,2026-02-05 00:00:00,2026-02-05 18:00:00,7.1,DAYS,3,v1.0,VALID,SYNTHETIC,hash_cng_003067,True
3068,CONGESTION_PORT_HEDLAND,2026-02-05 00:00:00,2026-02-05 18:00:00,2.7,DAYS,3,v1.0,VALID,SYNTHETIC,hash_cng_003068,True
3069,CONGESTION_PORT_PARADIP,2026-02-06 00:00:00,2026-02-06 18:00:00,4.1,DAYS,3,v1.0,VALID,SYNTHETIC,hash_cng_003069,True
3070,CONGESTION_PORT_DHAMRA,2026-02-06 00:00:00,2026-02-06 18:00:00,2.2,DAYS,3,v1.0,VALID,SYNTHETIC,hash_cng_003070,True
3071,CONGESTION_PORT_NEWCASTLE,2026-02-06 00:00:00,2026-02-06 18:00:00,6.0,DAYS,3,v1.0,VALID,SYNTHETIC,hash_cng_003071,True
3072,CONGESTION_PORT_HEDLAND,2026-02-06 00:00:00,2026-02-06 18:00:00,3.0,DAYS,3,v1.0,VALID,SYNTHETIC,hash_cng_003072,True
3073,CONGESTION_PORT_PARADIP,2026-02-07 00:00:00,2026-02-07 18:00:00,4.1,DAYS,3,v1.0,VALID,SYNTHETIC,hash_cng_003073,True
3074,CONGESTION_PORT_DHAMRA,2026-02-07 00:00:00,2026-02-07 18:00:00,1.9,DAYS,3,v1.0,VALID,SYNTHETIC,hash_cng_003074,True
3075,CONGESTION_PORT_NEWCASTLE,2026-02-07 00:00:00,2026-02-07 18:00:00,7.0,DAYS,3,v1.0,VALID,SYNTHETIC,hash_cng_003075,True
3076,CONGESTION_PORT_HEDLAND,2026-02-07 00:00:00,2026-02-07 18:00:00,2.6,DAYS,3,v1.0,VALID,SYNTHETIC,hash_cng_003076,True
3077,CONGESTION_PORT_PARADIP,2026-02-08 00:00:00,2026-02-08 18:00:00,3.7,DAYS,3,v1.0,VALID,SYNTHETIC,hash_cng_003077,True
3078,CONGESTION_PORT_DHAMRA,2026-02-08 00:00:00,2026-02-08 18:00:00,2.1,DAYS,3,v1.0,VALID,SYNTHETIC,hash_cng_003078,True
3079,CONGESTION_PORT_NEWCASTLE,2026-02-08 00:00:00,2026-02-08 18:00:00,6.9,DAYS,3,v1.0,VALID,SYNTHETIC,hash_cng_003079,True
3080,CONGESTION_PORT_HEDLAND,2026-02-08 00:00:00,2026-02-08 18:00:00,2.4,DAYS,3,v1.0,VALID,SYNTHETIC,hash_cng_003080,True
3081,CONGESTION_PORT_PARADIP,2026-02-09 00:00:00,2026-02-09 18:00:00,3.4,DAYS,3,v1.0,VALID,SYNTHETIC,hash_cng_003081,True
3082,CONGESTION_PORT_DHAMRA,2026-02-09 00:00:00,2026-02-09 18:00:00,1.9,DAYS,3,v1.0,VALID,SYNTHETIC,hash_cng_003082,True
3083,CONGESTION_PORT_NEWCASTLE,2026-02-09 00:00:00,2026-02-09 18:00:00,7.2,DAYS,3,v1.0,VALID,SYNTHETIC,hash_cng_003083,True
3084,CONGESTION_PORT_HEDLAND,2026-02-09 00:00:00,2026-02-09 18:00:00,3.2,DAYS,3,v1.0,VALID,SYNTHETIC,hash_cng_003084,True
3085,CONGESTION_PORT_PARADIP,2026-02-10 00:00:00,2026-02-10 18:00:00,4.1,DAYS,3,v1.0,VALID,SYNTHETIC,hash_cng_003085,True
3086,CONGESTION_PORT_DHAMRA,2026-02-10 00:00:00,2026-02-10 18:00:00,2.1,DAYS,3,v1.0,VALID,SYNTHETIC,hash_cng_003086,True
3087,CONGESTION_PORT_NEWCASTLE,2026-02-10 00:00:00,2026-02-10 18:00:00,6.9,DAYS,3,v1.0,VALID,SYNTHETIC,hash_cng_003087,True
3088,CONGESTION_PORT_HEDLAND,2026-02-10 00:00:00,2026-02-10 18:00:00,2.8,DAYS,3,v1.0,VALID,SYNTHETIC,hash_cng_003088,True
3089,CONGESTION_PORT_PARADIP,2026-02-11 00:00:00,2026-02-11 18:00:00,4.7,DAYS,3,v1.0,VALID,SYNTHETIC,hash_cng_003089,True
3090,CONGESTION_PORT_DHAMRA,2026-02-11 00:00:00,2026-02-11 18:00:00,1.9,DAYS,3,v1.0,VALID,SYNTHETIC,hash_cng_003090,True
3091,CONGESTION_PORT_NEWCASTLE,2026-02-11 00:00:00,2026-02-11 18:00:00,6.8,DAYS,3,v1.0,VALID,SYNTHETIC,hash_cng_003091,True
3092,CONGESTION_PORT_HEDLAND,2026-02-11 00:00:00,2026-02-11 18:00:00,2.5,DAYS,3,v1.0,VALID,SYNTHETIC,hash_cng_003092,True
3093,CONGESTION_PORT_PARADIP,2026-02-12 00:00:00,2026-02-12 18:00:00,4.2,DAYS,3,v1.0,VALID,SYNTHETIC,hash_cng_003093,True
3094,CONGESTION_PORT_DHAMRA,2026-02-12 00:00:00,2026-02-12 18:00:00,1.9,DAYS,3,v1.0,VALID,SYNTHETIC,hash_cng_003094,True
3095,CONGESTION_PORT_NEWCASTLE,2026-02-12 00:00:00,2026-02-12 18:00:00,7.0,DAYS,3,v1.0,VALID,SYNTHETIC,hash_cng_003095,True
3096,CONGESTION_PORT_HEDLAND,2026-02-12 00:00:00,2026-02-12 18:00:00,2.4,DAYS,3,v1.0,VALID,SYNTHETIC,hash_cng_003096,True
3097,CONGESTION_PORT_PARADIP,2026-02-13 00:00:00,2026-02-13 18:00:00,4.0,DAYS,3,v1.0,VALID,SYNTHETIC,hash_cng_003097,True
3098,CONGESTION_PORT_DHAMRA,2026-02-13 00:00:00,2026-02-13 18:00:00,2.2,DAYS,3,v1.0,VALID,SYNTHETIC,hash_cng_003098,True
3099,CONGESTION_PORT_NEWCASTLE,2026-02-13 00:00:00,2026-02-13 18:00:00,7.9,DAYS,3,v1.0,VALID,SYNTHETIC,hash_cng_003099,True
3100,CONGESTION_PORT_HEDLAND,2026-02-13 00:00:00,2026-02-13 18:00:00,2.1,DAYS,3,v1.0,VALID,SYNTHETIC,hash_cng_003100,True
3101,CONGESTION_PORT_PARADIP,2026-02-14 00:00:00,2026-02-14 18:00:00,4.2,DAYS,3,v1.0,VALID,SYNTHETIC,hash_cng_003101,True
3102,CONGESTION_PORT_DHAMRA,2026-02-14 00:00:00,2026-02-14 18:00:00,2.1,DAYS,3,v1.0,VALID,SYNTHETIC,hash_cng_003102,True
3103,CONGESTION_PORT_NEWCASTLE,2026-02-14 00:00:00,2026-02-14 18:00:00,6.9,DAYS,3,v1.0,VALID,SYNTHETIC,hash_cng_003103,True
3104,CONGESTION_PORT_HEDLAND,2026-02-14 00:00:00,2026-02-14 18:00:00,3.5,DAYS,3,v1.0,VALID,SYNTHETIC,hash_cng_003104,True
3105,CONGESTION_PORT_PARADIP,2026-02-15 00:00:00,2026-02-15 18:00:00,4.3,DAYS,3,v1.0,VALID,SYNTHETIC,hash_cng_003105,True
3106,CONGESTION_PORT_DHAMRA,2026-02-15 00:00:00,2026-02-15 18:00:00,2.1,DAYS,3,v1.0,VALID,SYNTHETIC,hash_cng_003106,True
3107,CONGESTION_PORT_NEWCASTLE,2026-02-15 00:00:00,2026-02-15 18:00:00,7.1,DAYS,3,v1.0,VALID,SYNTHETIC,hash_cng_003107,True
3108,CONGESTION_PORT_HEDLAND,2026-02-15 00:00:00,2026-02-15 18:00:00,2.6,DAYS,3,v1.0,VALID,SYNTHETIC,hash_cng_003108,True
3109,CONGESTION_PORT_PARADIP,2026-02-16 00:00:00,2026-02-16 18:00:00,4.5,DAYS,3,v1.0,VALID,SYNTHETIC,hash_cng_003109,True
3110,CONGESTION_PORT_DHAMRA,2026-02-16 00:00:00,2026-02-16 18:00:00,2.3,DAYS,3,v1.0,VALID,SYNTHETIC,hash_cng_003110,True
3111,CONGESTION_PORT_NEWCASTLE,2026-02-16 00:00:00,2026-02-16 18:00:00,8.6,DAYS,3,v1.0,VALID,SYNTHETIC,hash_cng_003111,True
3112,CONGESTION_PORT_HEDLAND,2026-02-16 00:00:00,2026-02-16 18:00:00,2.5,DAYS,3,v1.0,VALID,SYNTHETIC,hash_cng_003112,True
3113,CONGESTION_PORT_PARADIP,2026-02-17 00:00:00,2026-02-17 18:00:00,4.2,DAYS,3,v1.0,VALID,SYNTHETIC,hash_cng_003113,True
3114,CONGESTION_PORT_DHAMRA,2026-02-17 00:00:00,2026-02-17 18:00:00,2.2,DAYS,3,v1.0,VALID,SYNTHETIC,hash_cng_003114,True
3115,CONGESTION_PORT_NEWCASTLE,2026-02-17 00:00:00,2026-02-17 18:00:00,8.0,DAYS,3,v1.0,VALID,SYNTHETIC,hash_cng_003115,True
3116,CONGESTION_PORT_HEDLAND,2026-02-17 00:00:00,2026-02-17 18:00:00,3.1,DAYS,3,v1.0,VALID,SYNTHETIC,hash_cng_003116,True
3117,CONGESTION_PORT_PARADIP,2026-02-18 00:00:00,2026-02-18 18:00:00,4.6,DAYS,3,v1.0,VALID,SYNTHETIC,hash_cng_003117,True
3118,CONGESTION_PORT_DHAMRA,2026-02-18 00:00:00,2026-02-18 18:00:00,2.5,DAYS,3,v1.0,VALID,SYNTHETIC,hash_cng_003118,True
3119,CONGESTION_PORT_NEWCASTLE,2026-02-18 00:00:00,2026-02-18 18:00:00,7.5,DAYS,3,v1.0,VALID,SYNTHETIC,hash_cng_003119,True
3120,CONGESTION_PORT_HEDLAND,2026-02-18 00:00:00,2026-02-18 18:00:00,2.9,DAYS,3,v1.0,VALID,SYNTHETIC,hash_cng_003120,True
3121,CONGESTION_PORT_PARADIP,2026-02-19 00:00:00,2026-02-19 18:00:00,4.2,DAYS,3,v1.0,VALID,SYNTHETIC,hash_cng_003121,True
3122,CONGESTION_PORT_DHAMRA,2026-02-19 00:00:00,2026-02-19 18:00:00,2.2,DAYS,3,v1.0,VALID,SYNTHETIC,hash_cng_003122,True
3123,CONGESTION_PORT_NEWCASTLE,2026-02-19 00:00:00,2026-02-19 18:00:00,6.9,DAYS,3,v1.0,VALID,SYNTHETIC,hash_cng_003123,True
3124,CONGESTION_PORT_HEDLAND,2026-02-19 00:00:00,2026-02-19 18:00:00,3.5,DAYS,3,v1.0,VALID,SYNTHETIC,hash_cng_003124,True
3125,CONGESTION_PORT_PARADIP,2026-02-20 00:00:00,2026-02-20 18:00:00,4.0,DAYS,3,v1.0,VALID,SYNTHETIC,hash_cng_003125,True
3126,CONGESTION_PORT_DHAMRA,2026-02-20 00:00:00,2026-02-20 18:00:00,2.5,DAYS,3,v1.0,VALID,SYNTHETIC,hash_cng_003126,True
3127,CONGESTION_PORT_NEWCASTLE,2026-02-20 00:00:00,2026-02-20 18:00:00,7.7,DAYS,3,v1.0,VALID,SYNTHETIC,hash_cng_003127,True
3128,CONGESTION_PORT_HEDLAND,2026-02-20 00:00:00,2026-02-20 18:00:00,2.9,DAYS,3,v1.0,VALID,SYNTHETIC,hash_cng_003128,True
3129,CONGESTION_PORT_PARADIP,2026-02-21 00:00:00,2026-02-21 18:00:00,4.2,DAYS,3,v1.0,VALID,SYNTHETIC,hash_cng_003129,True
3130,CONGESTION_PORT_DHAMRA,2026-02-21 00:00:00,2026-02-21 18:00:00,2.2,DAYS,3,v1.0,VALID,SYNTHETIC,hash_cng_003130,True
3131,CONGESTION_PORT_NEWCASTLE,2026-02-21 00:00:00,2026-02-21 18:00:00,6.8,DAYS,3,v1.0,VALID,SYNTHETIC,hash_cng_003131,True
3132,CONGESTION_PORT_HEDLAND,2026-02-21 00:00:00,2026-02-21 18:00:00,2.9,DAYS,3,v1.0,VALID,SYNTHETIC,hash_cng_003132,True
3133,CONGESTION_PORT_PARADIP,2026-02-22 00:00:00,2026-02-22 18:00:00,4.3,DAYS,3,v1.0,VALID,SYNTHETIC,hash_cng_003133,True
3134,CONGESTION_PORT_DHAMRA,2026-02-22 00:00:00,2026-02-22 18:00:00,2.5,DAYS,3,v1.0,VALID,SYNTHETIC,hash_cng_003134,True
3135,CONGESTION_PORT_NEWCASTLE,2026-02-22 00:00:00,2026-02-22 18:00:00,8.0,DAYS,3,v1.0,VALID,SYNTHETIC,hash_cng_003135,True
3136,CONGESTION_PORT_HEDLAND,2026-02-22 00:00:00,2026-02-22 18:00:00,2.7,DAYS,3,v1.0,VALID,SYNTHETIC,hash_cng_003136,True
3137,CONGESTION_PORT_PARADIP,2026-02-23 00:00:00,2026-02-23 18:00:00,4.5,DAYS,3,v1.0,VALID,SYNTHETIC,hash_cng_003137,True
3138,CONGESTION_PORT_DHAMRA,2026-02-23 00:00:00,2026-02-23 18:00:00,2.2,DAYS,3,v1.0,VALID,SYNTHETIC,hash_cng_003138,True
3139,CONGESTION_PORT_NEWCASTLE,2026-02-23 00:00:00,2026-02-23 18:00:00,8.3,DAYS,3,v1.0,VALID,SYNTHETIC,hash_cng_003139,True
3140,CONGESTION_PORT_HEDLAND,2026-02-23 00:00:00,2026-02-23 18:00:00,2.4,DAYS,3,v1.0,VALID,SYNTHETIC,hash_cng_003140,True
3141,CONGESTION_PORT_PARADIP,2026-02-24 00:00:00,2026-02-24 18:00:00,3.1,DAYS,3,v1.0,VALID,SYNTHETIC,hash_cng_003141,True
3142,CONGESTION_PORT_DHAMRA,2026-02-24 00:00:00,2026-02-24 18:00:00,2.3,DAYS,3,v1.0,VALID,SYNTHETIC,hash_cng_003142,True
3143,CONGESTION_PORT_NEWCASTLE,2026-02-24 00:00:00,2026-02-24 18:00:00,8.2,DAYS,3,v1.0,VALID,SYNTHETIC,hash_cng_003143,True
3144,CONGESTION_PORT_HEDLAND,2026-02-24 00:00:00,2026-02-24 18:00:00,2.7,DAYS,3,v1.0,VALID,SYNTHETIC,hash_cng_003144,True
3145,CONGESTION_PORT_PARADIP,2026-02-25 00:00:00,2026-02-25 18:00:00,4.6,DAYS,3,v1.0,VALID,SYNTHETIC,hash_cng_003145,True
3146,CONGESTION_PORT_DHAMRA,2026-02-25 00:00:00,2026-02-25 18:00:00,2.2,DAYS,3,v1.0,VALID,SYNTHETIC,hash_cng_003146,True
3147,CONGESTION_PORT_NEWCASTLE,2026-02-25 00:00:00,2026-02-25 18:00:00,8.2,DAYS,3,v1.0,VALID,SYNTHETIC,hash_cng_003147,True
3148,CONGESTION_PORT_HEDLAND,2026-02-25 00:00:00,2026-02-25 18:00:00,2.5,DAYS,3,v1.0,VALID,SYNTHETIC,hash_cng_003148,True
3149,CONGESTION_PORT_PARADIP,2026-02-26 00:00:00,2026-02-26 18:00:00,3.7,DAYS,3,v1.0,VALID,SYNTHETIC,hash_cng_003149,True
3150,CONGESTION_PORT_DHAMRA,2026-02-26 00:00:00,2026-02-26 18:00:00,2.4,DAYS,3,v1.0,VALID,SYNTHETIC,hash_cng_003150,True
3151,CONGESTION_PORT_NEWCASTLE,2026-02-26 00:00:00,2026-02-26 18:00:00,7.2,DAYS,3,v1.0,VALID,SYNTHETIC,hash_cng_003151,True
3152,CONGESTION_PORT_HEDLAND,2026-02-26 00:00:00,2026-02-26 18:00:00,3.0,DAYS,3,v1.0,VALID,SYNTHETIC,hash_cng_003152,True
3153,CONGESTION_PORT_PARADIP,2026-02-27 00:00:00,2026-02-27 18:00:00,4.8,DAYS,3,v1.0,VALID,SYNTHETIC,hash_cng_003153,True
3154,CONGESTION_PORT_DHAMRA,2026-02-27 00:00:00,2026-02-27 18:00:00,2.1,DAYS,3,v1.0,VALID,SYNTHETIC,hash_cng_003154,True
3155,CONGESTION_PORT_NEWCASTLE,2026-02-27 00:00:00,2026-02-27 18:00:00,6.9,DAYS,3,v1.0,VALID,SYNTHETIC,hash_cng_003155,True
3156,CONGESTION_PORT_HEDLAND,2026-02-27 00:00:00,2026-02-27 18:00:00,2.8,DAYS,3,v1.0,VALID,SYNTHETIC,hash_cng_003156,True
3157,CONGESTION_PORT_PARADIP,2026-02-28 00:00:00,2026-02-28 18:00:00,4.0,DAYS,3,v1.0,VALID,SYNTHETIC,hash_cng_003157,True
3158,CONGESTION_PORT_DHAMRA,2026-02-28 00:00:00,2026-02-28 18:00:00,2.3,DAYS,3,v1.0,VALID,SYNTHETIC,hash_cng_003158,True
3159,CONGESTION_PORT_NEWCASTLE,2026-02-28 00:00:00,2026-02-28 18:00:00,7.6,DAYS,3,v1.0,VALID,SYNTHETIC,hash_cng_003159,True
3160,CONGESTION_PORT_HEDLAND,2026-02-28 00:00:00,2026-02-28 18:00:00,3.4,DAYS,3,v1.0,VALID,SYNTHETIC,hash_cng_003160,True
3161,CONGESTION_PORT_PARADIP,2026-03-01 00:00:00,2026-03-01 18:00:00,4.4,DAYS,3,v1.0,VALID,SYNTHETIC,hash_cng_003161,True
3162,CONGESTION_PORT_DHAMRA,2026-03-01 00:00:00,2026-03-01 18:00:00,2.0,DAYS,3,v1.0,VALID,SYNTHETIC,hash_cng_003162,True
3163,CONGESTION_PORT_NEWCASTLE,2026-03-01 00:00:00,2026-03-01 18:00:00,7.4,DAYS,3,v1.0,VALID,SYNTHETIC,hash_cng_003163,True
3164,CONGESTION_PORT_HEDLAND,2026-03-01 00:00:00,2026-03-01 18:00:00,3.1,DAYS,3,v1.0,VALID,SYNTHETIC,hash_cng_003164,True
3165,CONGESTION_PORT_PARADIP,2026-03-02 00:00:00,2026-03-02 18:00:00,4.1,DAYS,3,v1.0,VALID,SYNTHETIC,hash_cng_003165,True
3166,CONGESTION_PORT_DHAMRA,2026-03-02 00:00:00,2026-03-02 18:00:00,2.0,DAYS,3,v1.0,VALID,SYNTHETIC,hash_cng_003166,True
3167,CONGESTION_PORT_NEWCASTLE,2026-03-02 00:00:00,2026-03-02 18:00:00,6.5,DAYS,3,v1.0,VALID,SYNTHETIC,hash_cng_003167,True
3168,CONGESTION_PORT_HEDLAND,2026-03-02 00:00:00,2026-03-02 18:00:00,3.0,DAYS,3,v1.0,VALID,SYNTHETIC,hash_cng_003168,True
3169,CONGESTION_PORT_PARADIP,2026-03-03 00:00:00,2026-03-03 18:00:00,4.6,DAYS,3,v1.0,VALID,SYNTHETIC,hash_cng_003169,True
3170,CONGESTION_PORT_DHAMRA,2026-03-03 00:00:00,2026-03-03 18:00:00,2.4,DAYS,3,v1.0,VALID,SYNTHETIC,hash_cng_003170,True
3171,CONGESTION_PORT_NEWCASTLE,2026-03-03 00:00:00,2026-03-03 18:00:00,8.2,DAYS,3,v1.0,VALID,SYNTHETIC,hash_cng_003171,True
3172,CONGESTION_PORT_HEDLAND,2026-03-03 00:00:00,2026-03-03 18:00:00,2.6,DAYS,3,v1.0,VALID,SYNTHETIC,hash_cng_003172,True
3173,CONGESTION_PORT_PARADIP,2026-03-04 00:00:00,2026-03-04 18:00:00,3.8,DAYS,3,v1.0,VALID,SYNTHETIC,hash_cng_003173,True
3174,CONGESTION_PORT_DHAMRA,2026-03-04 00:00:00,2026-03-04 18:00:00,2.1,DAYS,3,v1.0,VALID,SYNTHETIC,hash_cng_003174,True
3175,CONGESTION_PORT_NEWCASTLE,2026-03-04 00:00:00,2026-03-04 18:00:00,6.7,DAYS,3,v1.0,VALID,SYNTHETIC,hash_cng_003175,True
3176,CONGESTION_PORT_HEDLAND,2026-03-04 00:00:00,2026-03-04 18:00:00,2.7,DAYS,3,v1.0,VALID,SYNTHETIC,hash_cng_003176,True
3177,CONGESTION_PORT_PARADIP,2026-03-05 00:00:00,2026-03-05 18:00:00,3.9,DAYS,3,v1.0,VALID,SYNTHETIC,hash_cng_003177,True
3178,CONGESTION_PORT_DHAMRA,2026-03-05 00:00:00,2026-03-05 18:00:00,2.1,DAYS,3,v1.0,VALID,SYNTHETIC,hash_cng_003178,True
3179,CONGESTION_PORT_NEWCASTLE,2026-03-05 00:00:00,2026-03-05 18:00:00,8.1,DAYS,3,v1.0,VALID,SYNTHETIC,hash_cng_003179,True
3180,CONGESTION_PORT_HEDLAND,2026-03-05 00:00:00,2026-03-05 18:00:00,2.9,DAYS,3,v1.0,VALID,SYNTHETIC,hash_cng_003180,True
3181,CONGESTION_PORT_PARADIP,2026-03-06 00:00:00,2026-03-06 18:00:00,4.1,DAYS,3,v1.0,VALID,SYNTHETIC,hash_cng_003181,True
3182,CONGESTION_PORT_DHAMRA,2026-03-06 00:00:00,2026-03-06 18:00:00,2.1,DAYS,3,v1.0,VALID,SYNTHETIC,hash_cng_003182,True
3183,CONGESTION_PORT_NEWCASTLE,2026-03-06 00:00:00,2026-03-06 18:00:00,8.2,DAYS,3,v1.0,VALID,SYNTHETIC,hash_cng_003183,True
3184,CONGESTION_PORT_HEDLAND,2026-03-06 00:00:00,2026-03-06 18:00:00,2.6,DAYS,3,v1.0,VALID,SYNTHETIC,hash_cng_003184,True
3185,CONGESTION_PORT_PARADIP,2026-03-07 00:00:00,2026-03-07 18:00:00,3.8,DAYS,3,v1.0,VALID,SYNTHETIC,hash_cng_003185,True
3186,CONGESTION_PORT_DHAMRA,2026-03-07 00:00:00,2026-03-07 18:00:00,2.1,DAYS,3,v1.0,VALID,SYNTHETIC,hash_cng_003186,True
3187,CONGESTION_PORT_NEWCASTLE,2026-03-07 00:00:00,2026-03-07 18:00:00,8.4,DAYS,3,v1.0,VALID,SYNTHETIC,hash_cng_003187,True
3188,CONGESTION_PORT_HEDLAND,2026-03-07 00:00:00,2026-03-07 18:00:00,3.0,DAYS,3,v1.0,VALID,SYNTHETIC,hash_cng_003188,True
3189,CONGESTION_PORT_PARADIP,2026-03-08 00:00:00,2026-03-08 18:00:00,5.1,DAYS,3,v1.0,VALID,SYNTHETIC,hash_cng_003189,True
3190,CONGESTION_PORT_DHAMRA,2026-03-08 00:00:00,2026-03-08 18:00:00,2.1,DAYS,3,v1.0,VALID,SYNTHETIC,hash_cng_003190,True
3191,CONGESTION_PORT_NEWCASTLE,2026-03-08 00:00:00,2026-03-08 18:00:00,7.6,DAYS,3,v1.0,VALID,SYNTHETIC,hash_cng_003191,True
3192,CONGESTION_PORT_HEDLAND,2026-03-08 00:00:00,2026-03-08 18:00:00,3.4,DAYS,3,v1.0,VALID,SYNTHETIC,hash_cng_003192,True
3193,CONGESTION_PORT_PARADIP,2026-03-09 00:00:00,2026-03-09 18:00:00,4.0,DAYS,3,v1.0,VALID,SYNTHETIC,hash_cng_003193,True
3194,CONGESTION_PORT_DHAMRA,2026-03-09 00:00:00,2026-03-09 18:00:00,2.2,DAYS,3,v1.0,VALID,SYNTHETIC,hash_cng_003194,True
3195,CONGESTION_PORT_NEWCASTLE,2026-03-09 00:00:00,2026-03-09 18:00:00,7.0,DAYS,3,v1.0,VALID,SYNTHETIC,hash_cng_003195,True
3196,CONGESTION_PORT_HEDLAND,2026-03-09 00:00:00,2026-03-09 18:00:00,3.3,DAYS,3,v1.0,VALID,SYNTHETIC,hash_cng_003196,True
3197,CONGESTION_PORT_PARADIP,2026-03-10 00:00:00,2026-03-10 18:00:00,4.2,DAYS,3,v1.0,VALID,SYNTHETIC,hash_cng_003197,True
3198,CONGESTION_PORT_DHAMRA,2026-03-10 00:00:00,2026-03-10 18:00:00,2.0,DAYS,3,v1.0,VALID,SYNTHETIC,hash_cng_003198,True
3199,CONGESTION_PORT_NEWCASTLE,2026-03-10 00:00:00,2026-03-10 18:00:00,7.9,DAYS,3,v1.0,VALID,SYNTHETIC,hash_cng_003199,True
3200,CONGESTION_PORT_HEDLAND,2026-03-10 00:00:00,2026-03-10 18:00:00,2.5,DAYS,3,v1.0,VALID,SYNTHETIC,hash_cng_003200,True
3201,CONGESTION_PORT_PARADIP,2026-03-11 00:00:00,2026-03-11 18:00:00,4.4,DAYS,3,v1.0,VALID,SYNTHETIC,hash_cng_003201,True
3202,CONGESTION_PORT_DHAMRA,2026-03-11 00:00:00,2026-03-11 18:00:00,2.2,DAYS,3,v1.0,VALID,SYNTHETIC,hash_cng_003202,True
3203,CONGESTION_PORT_NEWCASTLE,2026-03-11 00:00:00,2026-03-11 18:00:00,8.5,DAYS,3,v1.0,VALID,SYNTHETIC,hash_cng_003203,True
3204,CONGESTION_PORT_HEDLAND,2026-03-11 00:00:00,2026-03-11 18:00:00,2.7,DAYS,3,v1.0,VALID,SYNTHETIC,hash_cng_003204,True
3205,CONGESTION_PORT_PARADIP,2026-03-12 00:00:00,2026-03-12 18:00:00,4.2,DAYS,3,v1.0,VALID,SYNTHETIC,hash_cng_003205,True
3206,CONGESTION_PORT_DHAMRA,2026-03-12 00:00:00,2026-03-12 18:00:00,2.1,DAYS,3,v1.0,VALID,SYNTHETIC,hash_cng_003206,True
3207,CONGESTION_PORT_NEWCASTLE,2026-03-12 00:00:00,2026-03-12 18:00:00,6.9,DAYS,3,v1.0,VALID,SYNTHETIC,hash_cng_003207,True
3208,CONGESTION_PORT_HEDLAND,2026-03-12 00:00:00,2026-03-12 18:00:00,2.5,DAYS,3,v1.0,VALID,SYNTHETIC,hash_cng_003208,True
3209,CONGESTION_PORT_PARADIP,2026-03-13 00:00:00,2026-03-13 18:00:00,4.6,DAYS,3,v1.0,VALID,SYNTHETIC,hash_cng_003209,True
3210,CONGESTION_PORT_DHAMRA,2026-03-13 00:00:00,2026-03-13 18:00:00,2.2,DAYS,3,v1.0,VALID,SYNTHETIC,hash_cng_003210,True
3211,CONGESTION_PORT_NEWCASTLE,2026-03-13 00:00:00,2026-03-13 18:00:00,7.3,DAYS,3,v1.0,VALID,SYNTHETIC,hash_cng_003211,True
3212,CONGESTION_PORT_HEDLAND,2026-03-13 00:00:00,2026-03-13 18:00:00,2.8,DAYS,3,v1.0,VALID,SYNTHETIC,hash_cng_003212,True
3213,CONGESTION_PORT_PARADIP,2026-03-14 00:00:00,2026-03-14 18:00:00,3.9,DAYS,3,v1.0,VALID,SYNTHETIC,hash_cng_003213,True
3214,CONGESTION_PORT_DHAMRA,2026-03-14 00:00:00,2026-03-14 18:00:00,2.1,DAYS,3,v1.0,VALID,SYNTHETIC,hash_cng_003214,True
3215,CONGESTION_PORT_NEWCASTLE,2026-03-14 00:00:00,2026-03-14 18:00:00,8.0,DAYS,3,v1.0,VALID,SYNTHETIC,hash_cng_003215,True
3216,CONGESTION_PORT_HEDLAND,2026-03-14 00:00:00,2026-03-14 18:00:00,2.4,DAYS,3,v1.0,VALID,SYNTHETIC,hash_cng_003216,True
3217,CONGESTION_PORT_PARADIP,2026-03-15 00:00:00,2026-03-15 18:00:00,3.9,DAYS,3,v1.0,VALID,SYNTHETIC,hash_cng_003217,True
3218,CONGESTION_PORT_DHAMRA,2026-03-15 00:00:00,2026-03-15 18:00:00,2.2,DAYS,3,v1.0,VALID,SYNTHETIC,hash_cng_003218,True
3219,CONGESTION_PORT_NEWCASTLE,2026-03-15 00:00:00,2026-03-15 18:00:00,7.6,DAYS,3,v1.0,VALID,SYNTHETIC,hash_cng_003219,True
3220,CONGESTION_PORT_HEDLAND,2026-03-15 00:00:00,2026-03-15 18:00:00,2.7,DAYS,3,v1.0,VALID,SYNTHETIC,hash_cng_003220,True
3221,CONGESTION_PORT_PARADIP,2026-03-16 00:00:00,2026-03-16 18:00:00,3.8,DAYS,3,v1.0,VALID,SYNTHETIC,hash_cng_003221,True
3222,CONGESTION_PORT_DHAMRA,2026-03-16 00:00:00,2026-03-16 18:00:00,1.9,DAYS,3,v1.0,VALID,SYNTHETIC,hash_cng_003222,True
3223,CONGESTION_PORT_NEWCASTLE,2026-03-16 00:00:00,2026-03-16 18:00:00,8.1,DAYS,3,v1.0,VALID,SYNTHETIC,hash_cng_003223,True
3224,CONGESTION_PORT_HEDLAND,2026-03-16 00:00:00,2026-03-16 18:00:00,3.1,DAYS,3,v1.0,VALID,SYNTHETIC,hash_cng_003224,True
3225,CONGESTION_PORT_PARADIP,2026-03-17 00:00:00,2026-03-17 18:00:00,3.9,DAYS,3,v1.0,VALID,SYNTHETIC,hash_cng_003225,True
3226,CONGESTION_PORT_DHAMRA,2026-03-17 00:00:00,2026-03-17 18:00:00,2.0,DAYS,3,v1.0,VALID,SYNTHETIC,hash_cng_003226,True
3227,CONGESTION_PORT_NEWCASTLE,2026-03-17 00:00:00,2026-03-17 18:00:00,7.0,DAYS,3,v1.0,VALID,SYNTHETIC,hash_cng_003227,True
3228,CONGESTION_PORT_HEDLAND,2026-03-17 00:00:00,2026-03-17 18:00:00,3.1,DAYS,3,v1.0,VALID,SYNTHETIC,hash_cng_003228,True
3229,CONGESTION_PORT_PARADIP,2026-03-18 00:00:00,2026-03-18 18:00:00,4.7,DAYS,3,v1.0,VALID,SYNTHETIC,hash_cng_003229,True
3230,CONGESTION_PORT_DHAMRA,2026-03-18 00:00:00,2026-03-18 18:00:00,2.0,DAYS,3,v1.0,VALID,SYNTHETIC,hash_cng_003230,True
3231,CONGESTION_PORT_NEWCASTLE,2026-03-18 00:00:00,2026-03-18 18:00:00,7.4,DAYS,3,v1.0,VALID,SYNTHETIC,hash_cng_003231,True
3232,CONGESTION_PORT_HEDLAND,2026-03-18 00:00:00,2026-03-18 18:00:00,3.2,DAYS,3,v1.0,VALID,SYNTHETIC,hash_cng_003232,True
3233,CONGESTION_PORT_PARADIP,2026-03-19 00:00:00,2026-03-19 18:00:00,4.3,DAYS,3,v1.0,VALID,SYNTHETIC,hash_cng_003233,True
3234,CONGESTION_PORT_DHAMRA,2026-03-19 00:00:00,2026-03-19 18:00:00,2.2,DAYS,3,v1.0,VALID,SYNTHETIC,hash_cng_003234,True
3235,CONGESTION_PORT_NEWCASTLE,2026-03-19 00:00:00,2026-03-19 18:00:00,7.6,DAYS,3,v1.0,VALID,SYNTHETIC,hash_cng_003235,True
3236,CONGESTION_PORT_HEDLAND,2026-03-19 00:00:00,2026-03-19 18:00:00,2.6,DAYS,3,v1.0,VALID,SYNTHETIC,hash_cng_003236,True
3237,CONGESTION_PORT_PARADIP,2026-03-20 00:00:00,2026-03-20 18:00:00,4.6,DAYS,3,v1.0,VALID,SYNTHETIC,hash_cng_003237,True
3238,CONGESTION_PORT_DHAMRA,2026-03-20 00:00:00,2026-03-20 18:00:00,2.3,DAYS,3,v1.0,VALID,SYNTHETIC,hash_cng_003238,True
3239,CONGESTION_PORT_NEWCASTLE,2026-03-20 00:00:00,2026-03-20 18:00:00,7.8,DAYS,3,v1.0,VALID,SYNTHETIC,hash_cng_003239,True
3240,CONGESTION_PORT_HEDLAND,2026-03-20 00:00:00,2026-03-20 18:00:00,2.9,DAYS,3,v1.0,VALID,SYNTHETIC,hash_cng_003240,True
3241,CONGESTION_PORT_PARADIP,2026-03-21 00:00:00,2026-03-21 18:00:00,4.1,DAYS,3,v1.0,VALID,SYNTHETIC,hash_cng_003241,True
3242,CONGESTION_PORT_DHAMRA,2026-03-21 00:00:00,2026-03-21 18:00:00,2.0,DAYS,3,v1.0,VALID,SYNTHETIC,hash_cng_003242,True
3243,CONGESTION_PORT_NEWCASTLE,2026-03-21 00:00:00,2026-03-21 18:00:00,7.6,DAYS,3,v1.0,VALID,SYNTHETIC,hash_cng_003243,True
3244,CONGESTION_PORT_HEDLAND,2026-03-21 00:00:00,2026-03-21 18:00:00,2.8,DAYS,3,v1.0,VALID,SYNTHETIC,hash_cng_003244,True
3245,CONGESTION_PORT_PARADIP,2026-03-22 00:00:00,2026-03-22 18:00:00,3.7,DAYS,3,v1.0,VALID,SYNTHETIC,hash_cng_003245,True
3246,CONGESTION_PORT_DHAMRA,2026-03-22 00:00:00,2026-03-22 18:00:00,2.1,DAYS,3,v1.0,VALID,SYNTHETIC,hash_cng_003246,True
3247,CONGESTION_PORT_NEWCASTLE,2026-03-22 00:00:00,2026-03-22 18:00:00,9.6,DAYS,3,v1.0,VALID,SYNTHETIC,hash_cng_003247,True
3248,CONGESTION_PORT_HEDLAND,2026-03-22 00:00:00,2026-03-22 18:00:00,2.7,DAYS,3,v1.0,VALID,SYNTHETIC,hash_cng_003248,True
3249,CONGESTION_PORT_PARADIP,2026-03-23 00:00:00,2026-03-23 18:00:00,3.7,DAYS,3,v1.0,VALID,SYNTHETIC,hash_cng_003249,True
3250,CONGESTION_PORT_DHAMRA,2026-03-23 00:00:00,2026-03-23 18:00:00,2.1,DAYS,3,v1.0,VALID,SYNTHETIC,hash_cng_003250,True
3251,CONGESTION_PORT_NEWCASTLE,2026-03-23 00:00:00,2026-03-23 18:00:00,7.0,DAYS,3,v1.0,VALID,SYNTHETIC,hash_cng_003251,True
3252,CONGESTION_PORT_HEDLAND,2026-03-23 00:00:00,2026-03-23 18:00:00,2.8,DAYS,3,v1.0,VALID,SYNTHETIC,hash_cng_003252,True
3253,CONGESTION_PORT_PARADIP,2026-03-24 00:00:00,2026-03-24 18:00:00,4.1,DAYS,3,v1.0,VALID,SYNTHETIC,hash_cng_003253,True
3254,CONGESTION_PORT_DHAMRA,2026-03-24 00:00:00,2026-03-24 18:00:00,1.9,DAYS,3,v1.0,VALID,SYNTHETIC,hash_cng_003254,True
3255,CONGESTION_PORT_NEWCASTLE,2026-03-24 00:00:00,2026-03-24 18:00:00,8.7,DAYS,3,v1.0,VALID,SYNTHETIC,hash_cng_003255,True
3256,CONGESTION_PORT_HEDLAND,2026-03-24 00:00:00,2026-03-24 18:00:00,2.8,DAYS,3,v1.0,VALID,SYNTHETIC,hash_cng_003256,True
3257,CONGESTION_PORT_PARADIP,2026-03-25 00:00:00,2026-03-25 18:00:00,3.6,DAYS,3,v1.0,VALID,SYNTHETIC,hash_cng_003257,True
3258,CONGESTION_PORT_DHAMRA,2026-03-25 00:00:00,2026-03-25 18:00:00,2.2,DAYS,3,v1.0,VALID,SYNTHETIC,hash_cng_003258,True
3259,CONGESTION_PORT_NEWCASTLE,2026-03-25 00:00:00,2026-03-25 18:00:00,7.8,DAYS,3,v1.0,VALID,SYNTHETIC,hash_cng_003259,True
3260,CONGESTION_PORT_HEDLAND,2026-03-25 00:00:00,2026-03-25 18:00:00,3.0,DAYS,3,v1.0,VALID,SYNTHETIC,hash_cng_003260,True
3261,CONGESTION_PORT_PARADIP,2026-03-26 00:00:00,2026-03-26 18:00:00,4.1,DAYS,3,v1.0,VALID,SYNTHETIC,hash_cng_003261,True
3262,CONGESTION_PORT_DHAMRA,2026-03-26 00:00:00,2026-03-26 18:00:00,2.0,DAYS,3,v1.0,VALID,SYNTHETIC,hash_cng_003262,True
3263,CONGESTION_PORT_NEWCASTLE,2026-03-26 00:00:00,2026-03-26 18:00:00,8.3,DAYS,3,v1.0,VALID,SYNTHETIC,hash_cng_003263,True
3264,CONGESTION_PORT_HEDLAND,2026-03-26 00:00:00,2026-03-26 18:00:00,2.3,DAYS,3,v1.0,VALID,SYNTHETIC,hash_cng_003264,True
3265,CONGESTION_PORT_PARADIP,2026-03-27 00:00:00,2026-03-27 18:00:00,3.8,DAYS,3,v1.0,VALID,SYNTHETIC,hash_cng_003265,True
3266,CONGESTION_PORT_DHAMRA,2026-03-27 00:00:00,2026-03-27 18:00:00,2.0,DAYS,3,v1.0,VALID,SYNTHETIC,hash_cng_003266,True
3267,CONGESTION_PORT_NEWCASTLE,2026-03-27 00:00:00,2026-03-27 18:00:00,9.6,DAYS,3,v1.0,VALID,SYNTHETIC,hash_cng_003267,True
3268,CONGESTION_PORT_HEDLAND,2026-03-27 00:00:00,2026-03-27 18:00:00,3.0,DAYS,3,v1.0,VALID,SYNTHETIC,hash_cng_003268,True
3269,CONGESTION_PORT_PARADIP,2026-03-28 00:00:00,2026-03-28 18:00:00,4.5,DAYS,3,v1.0,VALID,SYNTHETIC,hash_cng_003269,True
3270,CONGESTION_PORT_DHAMRA,2026-03-28 00:00:00,2026-03-28 18:00:00,2.1,DAYS,3,v1.0,VALID,SYNTHETIC,hash_cng_003270,True
3271,CONGESTION_PORT_NEWCASTLE,2026-03-28 00:00:00,2026-03-28 18:00:00,8.0,DAYS,3,v1.0,VALID,SYNTHETIC,hash_cng_003271,True
3272,CONGESTION_PORT_HEDLAND,2026-03-28 00:00:00,2026-03-28 18:00:00,3.1,DAYS,3,v1.0,VALID,SYNTHETIC,hash_cng_003272,True
3273,CONGESTION_PORT_PARADIP,2026-03-29 00:00:00,2026-03-29 18:00:00,4.6,DAYS,3,v1.0,VALID,SYNTHETIC,hash_cng_003273,True
3274,CONGESTION_PORT_DHAMRA,2026-03-29 00:00:00,2026-03-29 18:00:00,2.0,DAYS,3,v1.0,VALID,SYNTHETIC,hash_cng_003274,True
3275,CONGESTION_PORT_NEWCASTLE,2026-03-29 00:00:00,2026-03-29 18:00:00,8.0,DAYS,3,v1.0,VALID,SYNTHETIC,hash_cng_003275,True
3276,CONGESTION_PORT_HEDLAND,2026-03-29 00:00:00,2026-03-29 18:00:00,2.2,DAYS,3,v1.0,VALID,SYNTHETIC,hash_cng_003276,True
3277,CONGESTION_PORT_PARADIP,2026-03-30 00:00:00,2026-03-30 18:00:00,4.1,DAYS,3,v1.0,VALID,SYNTHETIC,hash_cng_003277,True
3278,CONGESTION_PORT_DHAMRA,2026-03-30 00:00:00,2026-03-30 18:00:00,1.9,DAYS,3,v1.0,VALID,SYNTHETIC,hash_cng_003278,True
3279,CONGESTION_PORT_NEWCASTLE,2026-03-30 00:00:00,2026-03-30 18:00:00,8.7,DAYS,3,v1.0,VALID,SYNTHETIC,hash_cng_003279,True
3280,CONGESTION_PORT_HEDLAND,2026-03-30 00:00:00,2026-03-30 18:00:00,3.3,DAYS,3,v1.0,VALID,SYNTHETIC,hash_cng_003280,True
3281,CONGESTION_PORT_PARADIP,2026-03-31 00:00:00,2026-03-31 18:00:00,4.3,DAYS,3,v1.0,VALID,SYNTHETIC,hash_cng_003281,True
3282,CONGESTION_PORT_DHAMRA,2026-03-31 00:00:00,2026-03-31 18:00:00,1.9,DAYS,3,v1.0,VALID,SYNTHETIC,hash_cng_003282,True
3283,CONGESTION_PORT_NEWCASTLE,2026-03-31 00:00:00,2026-03-31 18:00:00,8.5,DAYS,3,v1.0,VALID,SYNTHETIC,hash_cng_003283,True
3284,CONGESTION_PORT_HEDLAND,2026-03-31 00:00:00,2026-03-31 18:00:00,2.9,DAYS,3,v1.0,VALID,SYNTHETIC,hash_cng_003284,True
3285,CONGESTION_PORT_PARADIP,2026-04-01 00:00:00,2026-04-01 18:00:00,4.3,DAYS,3,v1.0,VALID,SYNTHETIC,hash_cng_003285,True
3286,CONGESTION_PORT_DHAMRA,2026-04-01 00:00:00,2026-04-01 18:00:00,2.1,DAYS,3,v1.0,VALID,SYNTHETIC,hash_cng_003286,True
3287,CONGESTION_PORT_NEWCASTLE,2026-04-01 00:00:00,2026-04-01 18:00:00,7.4,DAYS,3,v1.0,VALID,SYNTHETIC,hash_cng_003287,True
3288,CONGESTION_PORT_HEDLAND,2026-04-01 00:00:00,2026-04-01 18:00:00,2.8,DAYS,3,v1.0,VALID,SYNTHETIC,hash_cng_003288,True
3289,CONGESTION_PORT_PARADIP,2026-04-02 00:00:00,2026-04-02 18:00:00,4.6,DAYS,3,v1.0,VALID,SYNTHETIC,hash_cng_003289,True
3290,CONGESTION_PORT_DHAMRA,2026-04-02 00:00:00,2026-04-02 18:00:00,2.2,DAYS,3,v1.0,VALID,SYNTHETIC,hash_cng_003290,True
3291,CONGESTION_PORT_NEWCASTLE,2026-04-02 00:00:00,2026-04-02 18:00:00,7.9,DAYS,3,v1.0,VALID,SYNTHETIC,hash_cng_003291,True
3292,CONGESTION_PORT_HEDLAND,2026-04-02 00:00:00,2026-04-02 18:00:00,3.1,DAYS,3,v1.0,VALID,SYNTHETIC,hash_cng_003292,True
3293,CONGESTION_PORT_PARADIP,2026-04-03 00:00:00,2026-04-03 18:00:00,4.1,DAYS,3,v1.0,VALID,SYNTHETIC,hash_cng_003293,True
3294,CONGESTION_PORT_DHAMRA,2026-04-03 00:00:00,2026-04-03 18:00:00,2.1,DAYS,3,v1.0,VALID,SYNTHETIC,hash_cng_003294,True
3295,CONGESTION_PORT_NEWCASTLE,2026-04-03 00:00:00,2026-04-03 18:00:00,6.9,DAYS,3,v1.0,VALID,SYNTHETIC,hash_cng_003295,True
3296,CONGESTION_PORT_HEDLAND,2026-04-03 00:00:00,2026-04-03 18:00:00,3.0,DAYS,3,v1.0,VALID,SYNTHETIC,hash_cng_003296,True
3297,CONGESTION_PORT_PARADIP,2026-04-04 00:00:00,2026-04-04 18:00:00,4.1,DAYS,3,v1.0,VALID,SYNTHETIC,hash_cng_003297,True
3298,CONGESTION_PORT_DHAMRA,2026-04-04 00:00:00,2026-04-04 18:00:00,2.1,DAYS,3,v1.0,VALID,SYNTHETIC,hash_cng_003298,True
3299,CONGESTION_PORT_NEWCASTLE,2026-04-04 00:00:00,2026-04-04 18:00:00,8.9,DAYS,3,v1.0,VALID,SYNTHETIC,hash_cng_003299,True
3300,CONGESTION_PORT_HEDLAND,2026-04-04 00:00:00,2026-04-04 18:00:00,3.1,DAYS,3,v1.0,VALID,SYNTHETIC,hash_cng_003300,True
3301,CONGESTION_PORT_PARADIP,2026-04-05 00:00:00,2026-04-05 18:00:00,3.4,DAYS,3,v1.0,VALID,SYNTHETIC,hash_cng_003301,True
3302,CONGESTION_PORT_DHAMRA,2026-04-05 00:00:00,2026-04-05 18:00:00,1.9,DAYS,3,v1.0,VALID,SYNTHETIC,hash_cng_003302,True
3303,CONGESTION_PORT_NEWCASTLE,2026-04-05 00:00:00,2026-04-05 18:00:00,7.7,DAYS,3,v1.0,VALID,SYNTHETIC,hash_cng_003303,True
3304,CONGESTION_PORT_HEDLAND,2026-04-05 00:00:00,2026-04-05 18:00:00,3.4,DAYS,3,v1.0,VALID,SYNTHETIC,hash_cng_003304,True
3305,CONGESTION_PORT_PARADIP,2026-04-06 00:00:00,2026-04-06 18:00:00,4.5,DAYS,3,v1.0,VALID,SYNTHETIC,hash_cng_003305,True
3306,CONGESTION_PORT_DHAMRA,2026-04-06 00:00:00,2026-04-06 18:00:00,2.5,DAYS,3,v1.0,VALID,SYNTHETIC,hash_cng_003306,True
3307,CONGESTION_PORT_NEWCASTLE,2026-04-06 00:00:00,2026-04-06 18:00:00,7.6,DAYS,3,v1.0,VALID,SYNTHETIC,hash_cng_003307,True
3308,CONGESTION_PORT_HEDLAND,2026-04-06 00:00:00,2026-04-06 18:00:00,2.7,DAYS,3,v1.0,VALID,SYNTHETIC,hash_cng_003308,True
3309,CONGESTION_PORT_PARADIP,2026-04-07 00:00:00,2026-04-07 18:00:00,4.2,DAYS,3,v1.0,VALID,SYNTHETIC,hash_cng_003309,True
3310,CONGESTION_PORT_DHAMRA,2026-04-07 00:00:00,2026-04-07 18:00:00,1.7,DAYS,3,v1.0,VALID,SYNTHETIC,hash_cng_003310,True
3311,CONGESTION_PORT_NEWCASTLE,2026-04-07 00:00:00,2026-04-07 18:00:00,7.4,DAYS,3,v1.0,VALID,SYNTHETIC,hash_cng_003311,True
3312,CONGESTION_PORT_HEDLAND,2026-04-07 00:00:00,2026-04-07 18:00:00,2.9,DAYS,3,v1.0,VALID,SYNTHETIC,hash_cng_003312,True
3313,CONGESTION_PORT_PARADIP,2026-04-08 00:00:00,2026-04-08 18:00:00,4.4,DAYS,3,v1.0,VALID,SYNTHETIC,hash_cng_003313,True
3314,CONGESTION_PORT_DHAMRA,2026-04-08 00:00:00,2026-04-08 18:00:00,2.1,DAYS,3,v1.0,VALID,SYNTHETIC,hash_cng_003314,True
3315,CONGESTION_PORT_NEWCASTLE,2026-04-08 00:00:00,2026-04-08 18:00:00,8.4,DAYS,3,v1.0,VALID,SYNTHETIC,hash_cng_003315,True
3316,CONGESTION_PORT_HEDLAND,2026-04-08 00:00:00,2026-04-08 18:00:00,2.2,DAYS,3,v1.0,VALID,SYNTHETIC,hash_cng_003316,True
3317,CONGESTION_PORT_PARADIP,2026-04-09 00:00:00,2026-04-09 18:00:00,4.9,DAYS,3,v1.0,VALID,SYNTHETIC,hash_cng_003317,True
3318,CONGESTION_PORT_DHAMRA,2026-04-09 00:00:00,2026-04-09 18:00:00,1.9,DAYS,3,v1.0,VALID,SYNTHETIC,hash_cng_003318,True
3319,CONGESTION_PORT_NEWCASTLE,2026-04-09 00:00:00,2026-04-09 18:00:00,8.1,DAYS,3,v1.0,VALID,SYNTHETIC,hash_cng_003319,True
3320,CONGESTION_PORT_HEDLAND,2026-04-09 00:00:00,2026-04-09 18:00:00,2.7,DAYS,3,v1.0,VALID,SYNTHETIC,hash_cng_003320,True
3321,CONGESTION_PORT_PARADIP,2026-04-10 00:00:00,2026-04-10 18:00:00,4.4,DAYS,3,v1.0,VALID,SYNTHETIC,hash_cng_003321,True
3322,CONGESTION_PORT_DHAMRA,2026-04-10 00:00:00,2026-04-10 18:00:00,2.0,DAYS,3,v1.0,VALID,SYNTHETIC,hash_cng_003322,True
3323,CONGESTION_PORT_NEWCASTLE,2026-04-10 00:00:00,2026-04-10 18:00:00,8.4,DAYS,3,v1.0,VALID,SYNTHETIC,hash_cng_003323,True
3324,CONGESTION_PORT_HEDLAND,2026-04-10 00:00:00,2026-04-10 18:00:00,3.2,DAYS,3,v1.0,VALID,SYNTHETIC,hash_cng_003324,True
3325,CONGESTION_PORT_PARADIP,2026-04-11 00:00:00,2026-04-11 18:00:00,4.7,DAYS,3,v1.0,VALID,SYNTHETIC,hash_cng_003325,True
3326,CONGESTION_PORT_DHAMRA,2026-04-11 00:00:00,2026-04-11 18:00:00,2.1,DAYS,3,v1.0,VALID,SYNTHETIC,hash_cng_003326,True
3327,CONGESTION_PORT_NEWCASTLE,2026-04-11 00:00:00,2026-04-11 18:00:00,8.1,DAYS,3,v1.0,VALID,SYNTHETIC,hash_cng_003327,True
3328,CONGESTION_PORT_HEDLAND,2026-04-11 00:00:00,2026-04-11 18:00:00,2.8,DAYS,3,v1.0,VALID,SYNTHETIC,hash_cng_003328,True
3329,CONGESTION_PORT_PARADIP,2026-04-12 00:00:00,2026-04-12 18:00:00,5.1,DAYS,3,v1.0,VALID,SYNTHETIC,hash_cng_003329,True
3330,CONGESTION_PORT_DHAMRA,2026-04-12 00:00:00,2026-04-12 18:00:00,2.0,DAYS,3,v1.0,VALID,SYNTHETIC,hash_cng_003330,True
3331,CONGESTION_PORT_NEWCASTLE,2026-04-12 00:00:00,2026-04-12 18:00:00,7.1,DAYS,3,v1.0,VALID,SYNTHETIC,hash_cng_003331,True
3332,CONGESTION_PORT_HEDLAND,2026-04-12 00:00:00,2026-04-12 18:00:00,2.6,DAYS,3,v1.0,VALID,SYNTHETIC,hash_cng_003332,True
3333,CONGESTION_PORT_PARADIP,2026-04-13 00:00:00,2026-04-13 18:00:00,4.4,DAYS,3,v1.0,VALID,SYNTHETIC,hash_cng_003333,True
3334,CONGESTION_PORT_DHAMRA,2026-04-13 00:00:00,2026-04-13 18:00:00,1.9,DAYS,3,v1.0,VALID,SYNTHETIC,hash_cng_003334,True
3335,CONGESTION_PORT_NEWCASTLE,2026-04-13 00:00:00,2026-04-13 18:00:00,7.1,DAYS,3,v1.0,VALID,SYNTHETIC,hash_cng_003335,True
3336,CONGESTION_PORT_HEDLAND,2026-04-13 00:00:00,2026-04-13 18:00:00,2.5,DAYS,3,v1.0,VALID,SYNTHETIC,hash_cng_003336,True
3337,CONGESTION_PORT_PARADIP,2026-04-14 00:00:00,2026-04-14 18:00:00,4.8,DAYS,3,v1.0,VALID,SYNTHETIC,hash_cng_003337,True
3338,CONGESTION_PORT_DHAMRA,2026-04-14 00:00:00,2026-04-14 18:00:00,1.9,DAYS,3,v1.0,VALID,SYNTHETIC,hash_cng_003338,True
3339,CONGESTION_PORT_NEWCASTLE,2026-04-14 00:00:00,2026-04-14 18:00:00,8.5,DAYS,3,v1.0,VALID,SYNTHETIC,hash_cng_003339,True
3340,CONGESTION_PORT_HEDLAND,2026-04-14 00:00:00,2026-04-14 18:00:00,2.6,DAYS,3,v1.0,VALID,SYNTHETIC,hash_cng_003340,True
3341,CONGESTION_PORT_PARADIP,2026-04-15 00:00:00,2026-04-15 18:00:00,4.4,DAYS,3,v1.0,VALID,SYNTHETIC,hash_cng_003341,True
3342,CONGESTION_PORT_DHAMRA,2026-04-15 00:00:00,2026-04-15 18:00:00,2.6,DAYS,3,v1.0,VALID,SYNTHETIC,hash_cng_003342,True
3343,CONGESTION_PORT_NEWCASTLE,2026-04-15 00:00:00,2026-04-15 18:00:00,8.5,DAYS,3,v1.0,VALID,SYNTHETIC,hash_cng_003343,True
3344,CONGESTION_PORT_HEDLAND,2026-04-15 00:00:00,2026-04-15 18:00:00,2.7,DAYS,3,v1.0,VALID,SYNTHETIC,hash_cng_003344,True
3345,CONGESTION_PORT_PARADIP,2026-04-16 00:00:00,2026-04-16 18:00:00,4.5,DAYS,3,v1.0,VALID,SYNTHETIC,hash_cng_003345,True
3346,CONGESTION_PORT_DHAMRA,2026-04-16 00:00:00,2026-04-16 18:00:00,2.4,DAYS,3,v1.0,VALID,SYNTHETIC,hash_cng_003346,True
3347,CONGESTION_PORT_NEWCASTLE,2026-04-16 00:00:00,2026-04-16 18:00:00,7.4,DAYS,3,v1.0,VALID,SYNTHETIC,hash_cng_003347,True
3348,CONGESTION_PORT_HEDLAND,2026-04-16 00:00:00,2026-04-16 18:00:00,3.0,DAYS,3,v1.0,VALID,SYNTHETIC,hash_cng_003348,True
3349,CONGESTION_PORT_PARADIP,2026-04-17 00:00:00,2026-04-17 18:00:00,4.3,DAYS,3,v1.0,VALID,SYNTHETIC,hash_cng_003349,True
3350,CONGESTION_PORT_DHAMRA,2026-04-17 00:00:00,2026-04-17 18:00:00,2.1,DAYS,3,v1.0,VALID,SYNTHETIC,hash_cng_003350,True
3351,CONGESTION_PORT_NEWCASTLE,2026-04-17 00:00:00,2026-04-17 18:00:00,7.8,DAYS,3,v1.0,VALID,SYNTHETIC,hash_cng_003351,True
3352,CONGESTION_PORT_HEDLAND,2026-04-17 00:00:00,2026-04-17 18:00:00,2.8,DAYS,3,v1.0,VALID,SYNTHETIC,hash_cng_003352,True
3353,CONGESTION_PORT_PARADIP,2026-04-18 00:00:00,2026-04-18 18:00:00,4.5,DAYS,3,v1.0,VALID,SYNTHETIC,hash_cng_003353,True
3354,CONGESTION_PORT_DHAMRA,2026-04-18 00:00:00,2026-04-18 18:00:00,2.0,DAYS,3,v1.0,VALID,SYNTHETIC,hash_cng_003354,True
3355,CONGESTION_PORT_NEWCASTLE,2026-04-18 00:00:00,2026-04-18 18:00:00,8.0,DAYS,3,v1.0,VALID,SYNTHETIC,hash_cng_003355,True
3356,CONGESTION_PORT_HEDLAND,2026-04-18 00:00:00,2026-04-18 18:00:00,2.9,DAYS,3,v1.0,VALID,SYNTHETIC,hash_cng_003356,True
3357,CONGESTION_PORT_PARADIP,2026-04-19 00:00:00,2026-04-19 18:00:00,4.3,DAYS,3,v1.0,VALID,SYNTHETIC,hash_cng_003357,True
3358,CONGESTION_PORT_DHAMRA,2026-04-19 00:00:00,2026-04-19 18:00:00,2.1,DAYS,3,v1.0,VALID,SYNTHETIC,hash_cng_003358,True
3359,CONGESTION_PORT_NEWCASTLE,2026-04-19 00:00:00,2026-04-19 18:00:00,7.1,DAYS,3,v1.0,VALID,SYNTHETIC,hash_cng_003359,True
3360,CONGESTION_PORT_HEDLAND,2026-04-19 00:00:00,2026-04-19 18:00:00,2.6,DAYS,3,v1.0,VALID,SYNTHETIC,hash_cng_003360,True
3361,CONGESTION_PORT_PARADIP,2026-04-20 00:00:00,2026-04-20 18:00:00,4.1,DAYS,3,v1.0,VALID,SYNTHETIC,hash_cng_003361,True
3362,CONGESTION_PORT_DHAMRA,2026-04-20 00:00:00,2026-04-20 18:00:00,1.6,DAYS,3,v1.0,VALID,SYNTHETIC,hash_cng_003362,True
3363,CONGESTION_PORT_NEWCASTLE,2026-04-20 00:00:00,2026-04-20 18:00:00,8.1,DAYS,3,v1.0,VALID,SYNTHETIC,hash_cng_003363,True
3364,CONGESTION_PORT_HEDLAND,2026-04-20 00:00:00,2026-04-20 18:00:00,2.5,DAYS,3,v1.0,VALID,SYNTHETIC,hash_cng_003364,True
3365,CONGESTION_PORT_PARADIP,2026-04-21 00:00:00,2026-04-21 18:00:00,4.5,DAYS,3,v1.0,VALID,SYNTHETIC,hash_cng_003365,True
3366,CONGESTION_PORT_DHAMRA,2026-04-21 00:00:00,2026-04-21 18:00:00,2.3,DAYS,3,v1.0,VALID,SYNTHETIC,hash_cng_003366,True
3367,CONGESTION_PORT_NEWCASTLE,2026-04-21 00:00:00,2026-04-21 18:00:00,7.5,DAYS,3,v1.0,VALID,SYNTHETIC,hash_cng_003367,True
3368,CONGESTION_PORT_HEDLAND,2026-04-21 00:00:00,2026-04-21 18:00:00,2.7,DAYS,3,v1.0,VALID,SYNTHETIC,hash_cng_003368,True
3369,CONGESTION_PORT_PARADIP,2026-04-22 00:00:00,2026-04-22 18:00:00,3.5,DAYS,3,v1.0,VALID,SYNTHETIC,hash_cng_003369,True
3370,CONGESTION_PORT_DHAMRA,2026-04-22 00:00:00,2026-04-22 18:00:00,2.0,DAYS,3,v1.0,VALID,SYNTHETIC,hash_cng_003370,True
3371,CONGESTION_PORT_NEWCASTLE,2026-04-22 00:00:00,2026-04-22 18:00:00,8.0,DAYS,3,v1.0,VALID,SYNTHETIC,hash_cng_003371,True
3372,CONGESTION_PORT_HEDLAND,2026-04-22 00:00:00,2026-04-22 18:00:00,3.2,DAYS,3,v1.0,VALID,SYNTHETIC,hash_cng_003372,True
3373,CONGESTION_PORT_PARADIP,2026-04-23 00:00:00,2026-04-23 18:00:00,4.4,DAYS,3,v1.0,VALID,SYNTHETIC,hash_cng_003373,True
3374,CONGESTION_PORT_DHAMRA,2026-04-23 00:00:00,2026-04-23 18:00:00,2.5,DAYS,3,v1.0,VALID,SYNTHETIC,hash_cng_003374,True
3375,CONGESTION_PORT_NEWCASTLE,2026-04-23 00:00:00,2026-04-23 18:00:00,7.1,DAYS,3,v1.0,VALID,SYNTHETIC,hash_cng_003375,True
3376,CONGESTION_PORT_HEDLAND,2026-04-23 00:00:00,2026-04-23 18:00:00,2.5,DAYS,3,v1.0,VALID,SYNTHETIC,hash_cng_003376,True
3377,CONGESTION_PORT_PARADIP,2026-04-24 00:00:00,2026-04-24 18:00:00,3.7,DAYS,3,v1.0,VALID,SYNTHETIC,hash_cng_003377,True
3378,CONGESTION_PORT_DHAMRA,2026-04-24 00:00:00,2026-04-24 18:00:00,1.7,DAYS,3,v1.0,VALID,SYNTHETIC,hash_cng_003378,True
3379,CONGESTION_PORT_NEWCASTLE,2026-04-24 00:00:00,2026-04-24 18:00:00,7.4,DAYS,3,v1.0,VALID,SYNTHETIC,hash_cng_003379,True
3380,CONGESTION_PORT_HEDLAND,2026-04-24 00:00:00,2026-04-24 18:00:00,2.7,DAYS,3,v1.0,VALID,SYNTHETIC,hash_cng_003380,True
3381,CONGESTION_PORT_PARADIP,2026-04-25 00:00:00,2026-04-25 18:00:00,4.3,DAYS,3,v1.0,VALID,SYNTHETIC,hash_cng_003381,True
3382,CONGESTION_PORT_DHAMRA,2026-04-25 00:00:00,2026-04-25 18:00:00,2.4,DAYS,3,v1.0,VALID,SYNTHETIC,hash_cng_003382,True
3383,CONGESTION_PORT_NEWCASTLE,2026-04-25 00:00:00,2026-04-25 18:00:00,7.7,DAYS,3,v1.0,VALID,SYNTHETIC,hash_cng_003383,True
3384,CONGESTION_PORT_HEDLAND,2026-04-25 00:00:00,2026-04-25 18:00:00,2.9,DAYS,3,v1.0,VALID,SYNTHETIC,hash_cng_003384,True
3385,CONGESTION_PORT_PARADIP,2026-04-26 00:00:00,2026-04-26 18:00:00,4.2,DAYS,3,v1.0,VALID,SYNTHETIC,hash_cng_003385,True
3386,CONGESTION_PORT_DHAMRA,2026-04-26 00:00:00,2026-04-26 18:00:00,2.3,DAYS,3,v1.0,VALID,SYNTHETIC,hash_cng_003386,True
3387,CONGESTION_PORT_NEWCASTLE,2026-04-26 00:00:00,2026-04-26 18:00:00,7.7,DAYS,3,v1.0,VALID,SYNTHETIC,hash_cng_003387,True
3388,CONGESTION_PORT_HEDLAND,2026-04-26 00:00:00,2026-04-26 18:00:00,2.8,DAYS,3,v1.0,VALID,SYNTHETIC,hash_cng_003388,True
3389,CONGESTION_PORT_PARADIP,2026-04-27 00:00:00,2026-04-27 18:00:00,4.6,DAYS,3,v1.0,VALID,SYNTHETIC,hash_cng_003389,True
3390,CONGESTION_PORT_DHAMRA,2026-04-27 00:00:00,2026-04-27 18:00:00,2.3,DAYS,3,v1.0,VALID,SYNTHETIC,hash_cng_003390,True
3391,CONGESTION_PORT_NEWCASTLE,2026-04-27 00:00:00,2026-04-27 18:00:00,8.1,DAYS,3,v1.0,VALID,SYNTHETIC,hash_cng_003391,True
3392,CONGESTION_PORT_HEDLAND,2026-04-27 00:00:00,2026-04-27 18:00:00,2.8,DAYS,3,v1.0,VALID,SYNTHETIC,hash_cng_003392,True
3393,CONGESTION_PORT_PARADIP,2026-04-28 00:00:00,2026-04-28 18:00:00,3.8,DAYS,3,v1.0,VALID,SYNTHETIC,hash_cng_003393,True
3394,CONGESTION_PORT_DHAMRA,2026-04-28 00:00:00,2026-04-28 18:00:00,2.2,DAYS,3,v1.0,VALID,SYNTHETIC,hash_cng_003394,True
3395,CONGESTION_PORT_NEWCASTLE,2026-04-28 00:00:00,2026-04-28 18:00:00,8.1,DAYS,3,v1.0,VALID,SYNTHETIC,hash_cng_003395,True
3396,CONGESTION_PORT_HEDLAND,2026-04-28 00:00:00,2026-04-28 18:00:00,3.0,DAYS,3,v1.0,VALID,SYNTHETIC,hash_cng_003396,True
3397,CONGESTION_PORT_PARADIP,2026-04-29 00:00:00,2026-04-29 18:00:00,4.4,DAYS,3,v1.0,VALID,SYNTHETIC,hash_cng_003397,True
3398,CONGESTION_PORT_DHAMRA,2026-04-29 00:00:00,2026-04-29 18:00:00,2.2,DAYS,3,v1.0,VALID,SYNTHETIC,hash_cng_003398,True
3399,CONGESTION_PORT_NEWCASTLE,2026-04-29 00:00:00,2026-04-29 18:00:00,9.2,DAYS,3,v1.0,VALID,SYNTHETIC,hash_cng_003399,True
3400,CONGESTION_PORT_HEDLAND,2026-04-29 00:00:00,2026-04-29 18:00:00,2.9,DAYS,3,v1.0,VALID,SYNTHETIC,hash_cng_003400,True
3401,CONGESTION_PORT_PARADIP,2026-04-30 00:00:00,2026-04-30 18:00:00,4.1,DAYS,3,v1.0,VALID,SYNTHETIC,hash_cng_003401,True
3402,CONGESTION_PORT_DHAMRA,2026-04-30 00:00:00,2026-04-30 18:00:00,1.6,DAYS,3,v1.0,VALID,SYNTHETIC,hash_cng_003402,True
3403,CONGESTION_PORT_NEWCASTLE,2026-04-30 00:00:00,2026-04-30 18:00:00,7.1,DAYS,3,v1.0,VALID,SYNTHETIC,hash_cng_003403,True
3404,CONGESTION_PORT_HEDLAND,2026-04-30 00:00:00,2026-04-30 18:00:00,3.1,DAYS,3,v1.0,VALID,SYNTHETIC,hash_cng_003404,True
3405,CONGESTION_PORT_PARADIP,2026-05-01 00:00:00,2026-05-01 18:00:00,3.8,DAYS,3,v1.0,VALID,SYNTHETIC,hash_cng_003405,True
3406,CONGESTION_PORT_DHAMRA,2026-05-01 00:00:00,2026-05-01 18:00:00,2.0,DAYS,3,v1.0,VALID,SYNTHETIC,hash_cng_003406,True
3407,CONGESTION_PORT_NEWCASTLE,2026-05-01 00:00:00,2026-05-01 18:00:00,8.0,DAYS,3,v1.0,VALID,SYNTHETIC,hash_cng_003407,True
3408,CONGESTION_PORT_HEDLAND,2026-05-01 00:00:00,2026-05-01 18:00:00,2.8,DAYS,3,v1.0,VALID,SYNTHETIC,hash_cng_003408,True
3409,CONGESTION_PORT_PARADIP,2026-05-02 00:00:00,2026-05-02 18:00:00,3.9,DAYS,3,v1.0,VALID,SYNTHETIC,hash_cng_003409,True
3410,CONGESTION_PORT_DHAMRA,2026-05-02 00:00:00,2026-05-02 18:00:00,1.8,DAYS,3,v1.0,VALID,SYNTHETIC,hash_cng_003410,True
3411,CONGESTION_PORT_NEWCASTLE,2026-05-02 00:00:00,2026-05-02 18:00:00,8.7,DAYS,3,v1.0,VALID,SYNTHETIC,hash_cng_003411,True
3412,CONGESTION_PORT_HEDLAND,2026-05-02 00:00:00,2026-05-02 18:00:00,2.8,DAYS,3,v1.0,VALID,SYNTHETIC,hash_cng_003412,True
3413,CONGESTION_PORT_PARADIP,2026-05-03 00:00:00,2026-05-03 18:00:00,3.9,DAYS,3,v1.0,VALID,SYNTHETIC,hash_cng_003413,True
3414,CONGESTION_PORT_DHAMRA,2026-05-03 00:00:00,2026-05-03 18:00:00,1.8,DAYS,3,v1.0,VALID,SYNTHETIC,hash_cng_003414,True
3415,CONGESTION_PORT_NEWCASTLE,2026-05-03 00:00:00,2026-05-03 18:00:00,7.1,DAYS,3,v1.0,VALID,SYNTHETIC,hash_cng_003415,True
3416,CONGESTION_PORT_HEDLAND,2026-05-03 00:00:00,2026-05-03 18:00:00,3.3,DAYS,3,v1.0,VALID,SYNTHETIC,hash_cng_003416,True
3417,CONGESTION_PORT_PARADIP,2026-05-04 00:00:00,2026-05-04 18:00:00,4.3,DAYS,3,v1.0,VALID,SYNTHETIC,hash_cng_003417,True
3418,CONGESTION_PORT_DHAMRA,2026-05-04 00:00:00,2026-05-04 18:00:00,1.6,DAYS,3,v1.0,VALID,SYNTHETIC,hash_cng_003418,True
3419,CONGESTION_PORT_NEWCASTLE,2026-05-04 00:00:00,2026-05-04 18:00:00,8.8,DAYS,3,v1.0,VALID,SYNTHETIC,hash_cng_003419,True
3420,CONGESTION_PORT_HEDLAND,2026-05-04 00:00:00,2026-05-04 18:00:00,2.9,DAYS,3,v1.0,VALID,SYNTHETIC,hash_cng_003420,True
3421,CONGESTION_PORT_PARADIP,2026-05-05 00:00:00,2026-05-05 18:00:00,5.2,DAYS,3,v1.0,VALID,SYNTHETIC,hash_cng_003421,True
3422,CONGESTION_PORT_DHAMRA,2026-05-05 00:00:00,2026-05-05 18:00:00,2.1,DAYS,3,v1.0,VALID,SYNTHETIC,hash_cng_003422,True
3423,CONGESTION_PORT_NEWCASTLE,2026-05-05 00:00:00,2026-05-05 18:00:00,7.5,DAYS,3,v1.0,VALID,SYNTHETIC,hash_cng_003423,True
3424,CONGESTION_PORT_HEDLAND,2026-05-05 00:00:00,2026-05-05 18:00:00,2.6,DAYS,3,v1.0,VALID,SYNTHETIC,hash_cng_003424,True
3425,CONGESTION_PORT_PARADIP,2026-05-06 00:00:00,2026-05-06 18:00:00,3.8,DAYS,3,v1.0,VALID,SYNTHETIC,hash_cng_003425,True
3426,CONGESTION_PORT_DHAMRA,2026-05-06 00:00:00,2026-05-06 18:00:00,1.7,DAYS,3,v1.0,VALID,SYNTHETIC,hash_cng_003426,True
3427,CONGESTION_PORT_NEWCASTLE,2026-05-06 00:00:00,2026-05-06 18:00:00,8.2,DAYS,3,v1.0,VALID,SYNTHETIC,hash_cng_003427,True
3428,CONGESTION_PORT_HEDLAND,2026-05-06 00:00:00,2026-05-06 18:00:00,3.0,DAYS,3,v1.0,VALID,SYNTHETIC,hash_cng_003428,True
3429,CONGESTION_PORT_PARADIP,2026-05-07 00:00:00,2026-05-07 18:00:00,4.5,DAYS,3,v1.0,VALID,SYNTHETIC,hash_cng_003429,True
3430,CONGESTION_PORT_DHAMRA,2026-05-07 00:00:00,2026-05-07 18:00:00,2.2,DAYS,3,v1.0,VALID,SYNTHETIC,hash_cng_003430,True
3431,CONGESTION_PORT_NEWCASTLE,2026-05-07 00:00:00,2026-05-07 18:00:00,8.1,DAYS,3,v1.0,VALID,SYNTHETIC,hash_cng_003431,True
3432,CONGESTION_PORT_HEDLAND,2026-05-07 00:00:00,2026-05-07 18:00:00,3.1,DAYS,3,v1.0,VALID,SYNTHETIC,hash_cng_003432,True
3433,CONGESTION_PORT_PARADIP,2026-05-08 00:00:00,2026-05-08 18:00:00,4.6,DAYS,3,v1.0,VALID,SYNTHETIC,hash_cng_003433,True
3434,CONGESTION_PORT_DHAMRA,2026-05-08 00:00:00,2026-05-08 18:00:00,2.0,DAYS,3,v1.0,VALID,SYNTHETIC,hash_cng_003434,True
3435,CONGESTION_PORT_NEWCASTLE,2026-05-08 00:00:00,2026-05-08 18:00:00,7.3,DAYS,3,v1.0,VALID,SYNTHETIC,hash_cng_003435,True
3436,CONGESTION_PORT_HEDLAND,2026-05-08 00:00:00,2026-05-08 18:00:00,3.0,DAYS,3,v1.0,VALID,SYNTHETIC,hash_cng_003436,True
3437,CONGESTION_PORT_PARADIP,2026-05-09 00:00:00,2026-05-09 18:00:00,4.8,DAYS,3,v1.0,VALID,SYNTHETIC,hash_cng_003437,True
3438,CONGESTION_PORT_DHAMRA,2026-05-09 00:00:00,2026-05-09 18:00:00,2.5,DAYS,3,v1.0,VALID,SYNTHETIC,hash_cng_003438,True
3439,CONGESTION_PORT_NEWCASTLE,2026-05-09 00:00:00,2026-05-09 18:00:00,8.0,DAYS,3,v1.0,VALID,SYNTHETIC,hash_cng_003439,True
3440,CONGESTION_PORT_HEDLAND,2026-05-09 00:00:00,2026-05-09 18:00:00,2.5,DAYS,3,v1.0,VALID,SYNTHETIC,hash_cng_003440,True
3441,CONGESTION_PORT_PARADIP,2026-05-10 00:00:00,2026-05-10 18:00:00,3.4,DAYS,3,v1.0,VALID,SYNTHETIC,hash_cng_003441,True
3442,CONGESTION_PORT_DHAMRA,2026-05-10 00:00:00,2026-05-10 18:00:00,2.4,DAYS,3,v1.0,VALID,SYNTHETIC,hash_cng_003442,True
3443,CONGESTION_PORT_NEWCASTLE,2026-05-10 00:00:00,2026-05-10 18:00:00,8.1,DAYS,3,v1.0,VALID,SYNTHETIC,hash_cng_003443,True
3444,CONGESTION_PORT_HEDLAND,2026-05-10 00:00:00,2026-05-10 18:00:00,2.6,DAYS,3,v1.0,VALID,SYNTHETIC,hash_cng_003444,True
3445,CONGESTION_PORT_PARADIP,2026-05-11 00:00:00,2026-05-11 18:00:00,4.2,DAYS,3,v1.0,VALID,SYNTHETIC,hash_cng_003445,True
3446,CONGESTION_PORT_DHAMRA,2026-05-11 00:00:00,2026-05-11 18:00:00,1.9,DAYS,3,v1.0,VALID,SYNTHETIC,hash_cng_003446,True
3447,CONGESTION_PORT_NEWCASTLE,2026-05-11 00:00:00,2026-05-11 18:00:00,7.1,DAYS,3,v1.0,VALID,SYNTHETIC,hash_cng_003447,True
3448,CONGESTION_PORT_HEDLAND,2026-05-11 00:00:00,2026-05-11 18:00:00,2.6,DAYS,3,v1.0,VALID,SYNTHETIC,hash_cng_003448,True
3449,CONGESTION_PORT_PARADIP,2026-05-12 00:00:00,2026-05-12 18:00:00,4.5,DAYS,3,v1.0,VALID,SYNTHETIC,hash_cng_003449,True
3450,CONGESTION_PORT_DHAMRA,2026-05-12 00:00:00,2026-05-12 18:00:00,2.2,DAYS,3,v1.0,VALID,SYNTHETIC,hash_cng_003450,True
3451,CONGESTION_PORT_NEWCASTLE,2026-05-12 00:00:00,2026-05-12 18:00:00,7.7,DAYS,3,v1.0,VALID,SYNTHETIC,hash_cng_003451,True
3452,CONGESTION_PORT_HEDLAND,2026-05-12 00:00:00,2026-05-12 18:00:00,2.6,DAYS,3,v1.0,VALID,SYNTHETIC,hash_cng_003452,True
3453,CONGESTION_PORT_PARADIP,2026-05-13 00:00:00,2026-05-13 18:00:00,4.4,DAYS,3,v1.0,VALID,SYNTHETIC,hash_cng_003453,True
3454,CONGESTION_PORT_DHAMRA,2026-05-13 00:00:00,2026-05-13 18:00:00,1.8,DAYS,3,v1.0,VALID,SYNTHETIC,hash_cng_003454,True
3455,CONGESTION_PORT_NEWCASTLE,2026-05-13 00:00:00,2026-05-13 18:00:00,7.9,DAYS,3,v1.0,VALID,SYNTHETIC,hash_cng_003455,True
3456,CONGESTION_PORT_HEDLAND,2026-05-13 00:00:00,2026-05-13 18:00:00,2.7,DAYS,3,v1.0,VALID,SYNTHETIC,hash_cng_003456,True
3457,CONGESTION_PORT_PARADIP,2026-05-14 00:00:00,2026-05-14 18:00:00,4.0,DAYS,3,v1.0,VALID,SYNTHETIC,hash_cng_003457,True
3458,CONGESTION_PORT_DHAMRA,2026-05-14 00:00:00,2026-05-14 18:00:00,2.1,DAYS,3,v1.0,VALID,SYNTHETIC,hash_cng_003458,True
3459,CONGESTION_PORT_NEWCASTLE,2026-05-14 00:00:00,2026-05-14 18:00:00,7.9,DAYS,3,v1.0,VALID,SYNTHETIC,hash_cng_003459,True
3460,CONGESTION_PORT_HEDLAND,2026-05-14 00:00:00,2026-05-14 18:00:00,2.6,DAYS,3,v1.0,VALID,SYNTHETIC,hash_cng_003460,True
3461,CONGESTION_PORT_PARADIP,2026-05-15 00:00:00,2026-05-15 18:00:00,4.5,DAYS,3,v1.0,VALID,SYNTHETIC,hash_cng_003461,True
3462,CONGESTION_PORT_DHAMRA,2026-05-15 00:00:00,2026-05-15 18:00:00,2.0,DAYS,3,v1.0,VALID,SYNTHETIC,hash_cng_003462,True
3463,CONGESTION_PORT_NEWCASTLE,2026-05-15 00:00:00,2026-05-15 18:00:00,7.2,DAYS,3,v1.0,VALID,SYNTHETIC,hash_cng_003463,True
3464,CONGESTION_PORT_HEDLAND,2026-05-15 00:00:00,2026-05-15 18:00:00,2.8,DAYS,3,v1.0,VALID,SYNTHETIC,hash_cng_003464,True
3465,CONGESTION_PORT_PARADIP,2026-05-16 00:00:00,2026-05-16 18:00:00,4.3,DAYS,3,v1.0,VALID,SYNTHETIC,hash_cng_003465,True
3466,CONGESTION_PORT_DHAMRA,2026-05-16 00:00:00,2026-05-16 18:00:00,2.0,DAYS,3,v1.0,VALID,SYNTHETIC,hash_cng_003466,True
3467,CONGESTION_PORT_NEWCASTLE,2026-05-16 00:00:00,2026-05-16 18:00:00,7.3,DAYS,3,v1.0,VALID,SYNTHETIC,hash_cng_003467,True
3468,CONGESTION_PORT_HEDLAND,2026-05-16 00:00:00,2026-05-16 18:00:00,2.3,DAYS,3,v1.0,VALID,SYNTHETIC,hash_cng_003468,True
3469,CONGESTION_PORT_PARADIP,2026-05-17 00:00:00,2026-05-17 18:00:00,4.6,DAYS,3,v1.0,VALID,SYNTHETIC,hash_cng_003469,True
3470,CONGESTION_PORT_DHAMRA,2026-05-17 00:00:00,2026-05-17 18:00:00,1.9,DAYS,3,v1.0,VALID,SYNTHETIC,hash_cng_003470,True
3471,CONGESTION_PORT_NEWCASTLE,2026-05-17 00:00:00,2026-05-17 18:00:00,7.0,DAYS,3,v1.0,VALID,SYNTHETIC,hash_cng_003471,True
3472,CONGESTION_PORT_HEDLAND,2026-05-17 00:00:00,2026-05-17 18:00:00,2.3,DAYS,3,v1.0,VALID,SYNTHETIC,hash_cng_003472,True
3473,CONGESTION_PORT_PARADIP,2026-05-18 00:00:00,2026-05-18 18:00:00,4.9,DAYS,3,v1.0,VALID,SYNTHETIC,hash_cng_003473,True
3474,CONGESTION_PORT_DHAMRA,2026-05-18 00:00:00,2026-05-18 18:00:00,1.9,DAYS,3,v1.0,VALID,SYNTHETIC,hash_cng_003474,True
3475,CONGESTION_PORT_NEWCASTLE,2026-05-18 00:00:00,2026-05-18 18:00:00,6.9,DAYS,3,v1.0,VALID,SYNTHETIC,hash_cng_003475,True
3476,CONGESTION_PORT_HEDLAND,2026-05-18 00:00:00,2026-05-18 18:00:00,2.6,DAYS,3,v1.0,VALID,SYNTHETIC,hash_cng_003476,True
3477,CONGESTION_PORT_PARADIP,2026-05-19 00:00:00,2026-05-19 18:00:00,3.9,DAYS,3,v1.0,VALID,SYNTHETIC,hash_cng_003477,True
3478,CONGESTION_PORT_DHAMRA,2026-05-19 00:00:00,2026-05-19 18:00:00,2.1,DAYS,3,v1.0,VALID,SYNTHETIC,hash_cng_003478,True
3479,CONGESTION_PORT_NEWCASTLE,2026-05-19 00:00:00,2026-05-19 18:00:00,8.6,DAYS,3,v1.0,VALID,SYNTHETIC,hash_cng_003479,True
3480,CONGESTION_PORT_HEDLAND,2026-05-19 00:00:00,2026-05-19 18:00:00,2.8,DAYS,3,v1.0,VALID,SYNTHETIC,hash_cng_003480,True
3481,CONGESTION_PORT_PARADIP,2026-05-20 00:00:00,2026-05-20 18:00:00,3.9,DAYS,3,v1.0,VALID,SYNTHETIC,hash_cng_003481,True
3482,CONGESTION_PORT_DHAMRA,2026-05-20 00:00:00,2026-05-20 18:00:00,2.0,DAYS,3,v1.0,VALID,SYNTHETIC,hash_cng_003482,True
3483,CONGESTION_PORT_NEWCASTLE,2026-05-20 00:00:00,2026-05-20 18:00:00,6.9,DAYS,3,v1.0,VALID,SYNTHETIC,hash_cng_003483,True
3484,CONGESTION_PORT_HEDLAND,2026-05-20 00:00:00,2026-05-20 18:00:00,2.9,DAYS,3,v1.0,VALID,SYNTHETIC,hash_cng_003484,True
3485,CONGESTION_PORT_PARADIP,2026-05-21 00:00:00,2026-05-21 18:00:00,4.6,DAYS,3,v1.0,VALID,SYNTHETIC,hash_cng_003485,True
3486,CONGESTION_PORT_DHAMRA,2026-05-21 00:00:00,2026-05-21 18:00:00,2.0,DAYS,3,v1.0,VALID,SYNTHETIC,hash_cng_003486,True
3487,CONGESTION_PORT_NEWCASTLE,2026-05-21 00:00:00,2026-05-21 18:00:00,6.7,DAYS,3,v1.0,VALID,SYNTHETIC,hash_cng_003487,True
3488,CONGESTION_PORT_HEDLAND,2026-05-21 00:00:00,2026-05-21 18:00:00,2.3,DAYS,3,v1.0,VALID,SYNTHETIC,hash_cng_003488,True
3489,CONGESTION_PORT_PARADIP,2026-05-22 00:00:00,2026-05-22 18:00:00,3.8,DAYS,3,v1.0,VALID,SYNTHETIC,hash_cng_003489,True
3490,CONGESTION_PORT_DHAMRA,2026-05-22 00:00:00,2026-05-22 18:00:00,2.1,DAYS,3,v1.0,VALID,SYNTHETIC,hash_cng_003490,True
3491,CONGESTION_PORT_NEWCASTLE,2026-05-22 00:00:00,2026-05-22 18:00:00,7.0,DAYS,3,v1.0,VALID,SYNTHETIC,hash_cng_003491,True
3492,CONGESTION_PORT_HEDLAND,2026-05-22 00:00:00,2026-05-22 18:00:00,3.2,DAYS,3,v1.0,VALID,SYNTHETIC,hash_cng_003492,True
3493,CONGESTION_PORT_PARADIP,2026-05-23 00:00:00,2026-05-23 18:00:00,4.3,DAYS,3,v1.0,VALID,SYNTHETIC,hash_cng_003493,True
3494,CONGESTION_PORT_DHAMRA,2026-05-23 00:00:00,2026-05-23 18:00:00,2.1,DAYS,3,v1.0,VALID,SYNTHETIC,hash_cng_003494,True
3495,CONGESTION_PORT_NEWCASTLE,2026-05-23 00:00:00,2026-05-23 18:00:00,6.7,DAYS,3,v1.0,VALID,SYNTHETIC,hash_cng_003495,True
3496,CONGESTION_PORT_HEDLAND,2026-05-23 00:00:00,2026-05-23 18:00:00,2.3,DAYS,3,v1.0,VALID,SYNTHETIC,hash_cng_003496,True
3497,CONGESTION_PORT_PARADIP,2026-05-24 00:00:00,2026-05-24 18:00:00,4.2,DAYS,3,v1.0,VALID,SYNTHETIC,hash_cng_003497,True
3498,CONGESTION_PORT_DHAMRA,2026-05-24 00:00:00,2026-05-24 18:00:00,1.7,DAYS,3,v1.0,VALID,SYNTHETIC,hash_cng_003498,True
3499,CONGESTION_PORT_NEWCASTLE,2026-05-24 00:00:00,2026-05-24 18:00:00,8.0,DAYS,3,v1.0,VALID,SYNTHETIC,hash_cng_003499,True
3500,CONGESTION_PORT_HEDLAND,2026-05-24 00:00:00,2026-05-24 18:00:00,2.4,DAYS,3,v1.0,VALID,SYNTHETIC,hash_cng_003500,True
3501,CONGESTION_PORT_PARADIP,2026-05-25 00:00:00,2026-05-25 18:00:00,3.9,DAYS,3,v1.0,VALID,SYNTHETIC,hash_cng_003501,True
3502,CONGESTION_PORT_DHAMRA,2026-05-25 00:00:00,2026-05-25 18:00:00,2.3,DAYS,3,v1.0,VALID,SYNTHETIC,hash_cng_003502,True
3503,CONGESTION_PORT_NEWCASTLE,2026-05-25 00:00:00,2026-05-25 18:00:00,7.4,DAYS,3,v1.0,VALID,SYNTHETIC,hash_cng_003503,True
3504,CONGESTION_PORT_HEDLAND,2026-05-25 00:00:00,2026-05-25 18:00:00,2.8,DAYS,3,v1.0,VALID,SYNTHETIC,hash_cng_003504,True
3505,CONGESTION_PORT_PARADIP,2026-05-26 00:00:00,2026-05-26 18:00:00,4.3,DAYS,3,v1.0,VALID,SYNTHETIC,hash_cng_003505,True
3506,CONGESTION_PORT_DHAMRA,2026-05-26 00:00:00,2026-05-26 18:00:00,1.8,DAYS,3,v1.0,VALID,SYNTHETIC,hash_cng_003506,True
3507,CONGESTION_PORT_NEWCASTLE,2026-05-26 00:00:00,2026-05-26 18:00:00,6.7,DAYS,3,v1.0,VALID,SYNTHETIC,hash_cng_003507,True
3508,CONGESTION_PORT_HEDLAND,2026-05-26 00:00:00,2026-05-26 18:00:00,2.9,DAYS,3,v1.0,VALID,SYNTHETIC,hash_cng_003508,True
3509,CONGESTION_PORT_PARADIP,2026-05-27 00:00:00,2026-05-27 18:00:00,5.1,DAYS,3,v1.0,VALID,SYNTHETIC,hash_cng_003509,True
3510,CONGESTION_PORT_DHAMRA,2026-05-27 00:00:00,2026-05-27 18:00:00,1.8,DAYS,3,v1.0,VALID,SYNTHETIC,hash_cng_003510,True
3511,CONGESTION_PORT_NEWCASTLE,2026-05-27 00:00:00,2026-05-27 18:00:00,6.9,DAYS,3,v1.0,VALID,SYNTHETIC,hash_cng_003511,True
3512,CONGESTION_PORT_HEDLAND,2026-05-27 00:00:00,2026-05-27 18:00:00,2.5,DAYS,3,v1.0,VALID,SYNTHETIC,hash_cng_003512,True
3513,CONGESTION_PORT_PARADIP,2026-05-28 00:00:00,2026-05-28 18:00:00,4.5,DAYS,3,v1.0,VALID,SYNTHETIC,hash_cng_003513,True
3514,CONGESTION_PORT_DHAMRA,2026-05-28 00:00:00,2026-05-28 18:00:00,1.9,DAYS,3,v1.0,VALID,SYNTHETIC,hash_cng_003514,True
3515,CONGESTION_PORT_NEWCASTLE,2026-05-28 00:00:00,2026-05-28 18:00:00,6.1,DAYS,3,v1.0,VALID,SYNTHETIC,hash_cng_003515,True
3516,CONGESTION_PORT_HEDLAND,2026-05-28 00:00:00,2026-05-28 18:00:00,2.9,DAYS,3,v1.0,VALID,SYNTHETIC,hash_cng_003516,True
3517,CONGESTION_PORT_PARADIP,2026-05-29 00:00:00,2026-05-29 18:00:00,4.0,DAYS,3,v1.0,VALID,SYNTHETIC,hash_cng_003517,True
3518,CONGESTION_PORT_DHAMRA,2026-05-29 00:00:00,2026-05-29 18:00:00,1.6,DAYS,3,v1.0,VALID,SYNTHETIC,hash_cng_003518,True
3519,CONGESTION_PORT_NEWCASTLE,2026-05-29 00:00:00,2026-05-29 18:00:00,6.3,DAYS,3,v1.0,VALID,SYNTHETIC,hash_cng_003519,True
3520,CONGESTION_PORT_HEDLAND,2026-05-29 00:00:00,2026-05-29 18:00:00,2.6,DAYS,3,v1.0,VALID,SYNTHETIC,hash_cng_003520,True
3521,CONGESTION_PORT_PARADIP,2026-05-30 00:00:00,2026-05-30 18:00:00,4.7,DAYS,3,v1.0,VALID,SYNTHETIC,hash_cng_003521,True
3522,CONGESTION_PORT_DHAMRA,2026-05-30 00:00:00,2026-05-30 18:00:00,2.0,DAYS,3,v1.0,VALID,SYNTHETIC,hash_cng_003522,True
3523,CONGESTION_PORT_NEWCASTLE,2026-05-30 00:00:00,2026-05-30 18:00:00,7.7,DAYS,3,v1.0,VALID,SYNTHETIC,hash_cng_003523,True
3524,CONGESTION_PORT_HEDLAND,2026-05-30 00:00:00,2026-05-30 18:00:00,2.7,DAYS,3,v1.0,VALID,SYNTHETIC,hash_cng_003524,True
3525,CONGESTION_PORT_PARADIP,2026-05-31 00:00:00,2026-05-31 18:00:00,3.7,DAYS,3,v1.0,VALID,SYNTHETIC,hash_cng_003525,True
3526,CONGESTION_PORT_DHAMRA,2026-05-31 00:00:00,2026-05-31 18:00:00,2.0,DAYS,3,v1.0,VALID,SYNTHETIC,hash_cng_003526,True
3527,CONGESTION_PORT_NEWCASTLE,2026-05-31 00:00:00,2026-05-31 18:00:00,6.0,DAYS,3,v1.0,VALID,SYNTHETIC,hash_cng_003527,True
3528,CONGESTION_PORT_HEDLAND,2026-05-31 00:00:00,2026-05-31 18:00:00,2.8,DAYS,3,v1.0,VALID,SYNTHETIC,hash_cng_003528,True
3529,CONGESTION_PORT_PARADIP,2026-06-01 00:00:00,2026-06-01 18:00:00,4.2,DAYS,3,v1.0,VALID,SYNTHETIC,hash_cng_003529,True
3530,CONGESTION_PORT_DHAMRA,2026-06-01 00:00:00,2026-06-01 18:00:00,2.2,DAYS,3,v1.0,VALID,SYNTHETIC,hash_cng_003530,True
3531,CONGESTION_PORT_NEWCASTLE,2026-06-01 00:00:00,2026-06-01 18:00:00,6.4,DAYS,3,v1.0,VALID,SYNTHETIC,hash_cng_003531,True
3532,CONGESTION_PORT_HEDLAND,2026-06-01 00:00:00,2026-06-01 18:00:00,2.5,DAYS,3,v1.0,VALID,SYNTHETIC,hash_cng_003532,True
3533,CONGESTION_PORT_PARADIP,2026-06-02 00:00:00,2026-06-02 18:00:00,3.7,DAYS,3,v1.0,VALID,SYNTHETIC,hash_cng_003533,True
3534,CONGESTION_PORT_DHAMRA,2026-06-02 00:00:00,2026-06-02 18:00:00,1.9,DAYS,3,v1.0,VALID,SYNTHETIC,hash_cng_003534,True
3535,CONGESTION_PORT_NEWCASTLE,2026-06-02 00:00:00,2026-06-02 18:00:00,6.2,DAYS,3,v1.0,VALID,SYNTHETIC,hash_cng_003535,True
3536,CONGESTION_PORT_HEDLAND,2026-06-02 00:00:00,2026-06-02 18:00:00,2.5,DAYS,3,v1.0,VALID,SYNTHETIC,hash_cng_003536,True
3537,CONGESTION_PORT_PARADIP,2026-06-03 00:00:00,2026-06-03 18:00:00,4.3,DAYS,3,v1.0,VALID,SYNTHETIC,hash_cng_003537,True
3538,CONGESTION_PORT_DHAMRA,2026-06-03 00:00:00,2026-06-03 18:00:00,1.8,DAYS,3,v1.0,VALID,SYNTHETIC,hash_cng_003538,True
3539,CONGESTION_PORT_NEWCASTLE,2026-06-03 00:00:00,2026-06-03 18:00:00,6.4,DAYS,3,v1.0,VALID,SYNTHETIC,hash_cng_003539,True
3540,CONGESTION_PORT_HEDLAND,2026-06-03 00:00:00,2026-06-03 18:00:00,3.1,DAYS,3,v1.0,VALID,SYNTHETIC,hash_cng_003540,True
3541,CONGESTION_PORT_PARADIP,2026-06-04 00:00:00,2026-06-04 18:00:00,4.7,DAYS,3,v1.0,VALID,SYNTHETIC,hash_cng_003541,True
3542,CONGESTION_PORT_DHAMRA,2026-06-04 00:00:00,2026-06-04 18:00:00,2.3,DAYS,3,v1.0,VALID,SYNTHETIC,hash_cng_003542,True
3543,CONGESTION_PORT_NEWCASTLE,2026-06-04 00:00:00,2026-06-04 18:00:00,5.9,DAYS,3,v1.0,VALID,SYNTHETIC,hash_cng_003543,True
3544,CONGESTION_PORT_HEDLAND,2026-06-04 00:00:00,2026-06-04 18:00:00,2.8,DAYS,3,v1.0,VALID,SYNTHETIC,hash_cng_003544,True
3545,CONGESTION_PORT_PARADIP,2026-06-05 00:00:00,2026-06-05 18:00:00,4.3,DAYS,3,v1.0,VALID,SYNTHETIC,hash_cng_003545,True
3546,CONGESTION_PORT_DHAMRA,2026-06-05 00:00:00,2026-06-05 18:00:00,2.1,DAYS,3,v1.0,VALID,SYNTHETIC,hash_cng_003546,True
3547,CONGESTION_PORT_NEWCASTLE,2026-06-05 00:00:00,2026-06-05 18:00:00,7.5,DAYS,3,v1.0,VALID,SYNTHETIC,hash_cng_003547,True
3548,CONGESTION_PORT_HEDLAND,2026-06-05 00:00:00,2026-06-05 18:00:00,3.2,DAYS,3,v1.0,VALID,SYNTHETIC,hash_cng_003548,True
3549,CONGESTION_PORT_PARADIP,2026-06-06 00:00:00,2026-06-06 18:00:00,4.7,DAYS,3,v1.0,VALID,SYNTHETIC,hash_cng_003549,True
3550,CONGESTION_PORT_DHAMRA,2026-06-06 00:00:00,2026-06-06 18:00:00,2.2,DAYS,3,v1.0,VALID,SYNTHETIC,hash_cng_003550,True
3551,CONGESTION_PORT_NEWCASTLE,2026-06-06 00:00:00,2026-06-06 18:00:00,6.8,DAYS,3,v1.0,VALID,SYNTHETIC,hash_cng_003551,True
3552,CONGESTION_PORT_HEDLAND,2026-06-06 00:00:00,2026-06-06 18:00:00,2.8,DAYS,3,v1.0,VALID,SYNTHETIC,hash_cng_003552,True
3553,CONGESTION_PORT_PARADIP,2026-06-07 00:00:00,2026-06-07 18:00:00,4.2,DAYS,3,v1.0,VALID,SYNTHETIC,hash_cng_003553,True
3554,CONGESTION_PORT_DHAMRA,2026-06-07 00:00:00,2026-06-07 18:00:00,2.1,DAYS,3,v1.0,VALID,SYNTHETIC,hash_cng_003554,True
3555,CONGESTION_PORT_NEWCASTLE,2026-06-07 00:00:00,2026-06-07 18:00:00,7.1,DAYS,3,v1.0,VALID,SYNTHETIC,hash_cng_003555,True
3556,CONGESTION_PORT_HEDLAND,2026-06-07 00:00:00,2026-06-07 18:00:00,3.0,DAYS,3,v1.0,VALID,SYNTHETIC,hash_cng_003556,True
3557,CONGESTION_PORT_PARADIP,2026-06-08 00:00:00,2026-06-08 18:00:00,4.4,DAYS,3,v1.0,VALID,SYNTHETIC,hash_cng_003557,True
3558,CONGESTION_PORT_DHAMRA,2026-06-08 00:00:00,2026-06-08 18:00:00,2.1,DAYS,3,v1.0,VALID,SYNTHETIC,hash_cng_003558,True
3559,CONGESTION_PORT_NEWCASTLE,2026-06-08 00:00:00,2026-06-08 18:00:00,6.6,DAYS,3,v1.0,VALID,SYNTHETIC,hash_cng_003559,True
3560,CONGESTION_PORT_HEDLAND,2026-06-08 00:00:00,2026-06-08 18:00:00,2.9,DAYS,3,v1.0,VALID,SYNTHETIC,hash_cng_003560,True
3561,CONGESTION_PORT_PARADIP,2026-06-09 00:00:00,2026-06-09 18:00:00,4.9,DAYS,3,v1.0,VALID,SYNTHETIC,hash_cng_003561,True
3562,CONGESTION_PORT_DHAMRA,2026-06-09 00:00:00,2026-06-09 18:00:00,2.5,DAYS,3,v1.0,VALID,SYNTHETIC,hash_cng_003562,True
3563,CONGESTION_PORT_NEWCASTLE,2026-06-09 00:00:00,2026-06-09 18:00:00,7.0,DAYS,3,v1.0,VALID,SYNTHETIC,hash_cng_003563,True
3564,CONGESTION_PORT_HEDLAND,2026-06-09 00:00:00,2026-06-09 18:00:00,2.3,DAYS,3,v1.0,VALID,SYNTHETIC,hash_cng_003564,True
3565,CONGESTION_PORT_PARADIP,2026-06-10 00:00:00,2026-06-10 18:00:00,5.0,DAYS,3,v1.0,VALID,SYNTHETIC,hash_cng_003565,True
3566,CONGESTION_PORT_DHAMRA,2026-06-10 00:00:00,2026-06-10 18:00:00,2.0,DAYS,3,v1.0,VALID,SYNTHETIC,hash_cng_003566,True
3567,CONGESTION_PORT_NEWCASTLE,2026-06-10 00:00:00,2026-06-10 18:00:00,6.6,DAYS,3,v1.0,VALID,SYNTHETIC,hash_cng_003567,True
3568,CONGESTION_PORT_HEDLAND,2026-06-10 00:00:00,2026-06-10 18:00:00,2.6,DAYS,3,v1.0,VALID,SYNTHETIC,hash_cng_003568,True
3569,CONGESTION_PORT_PARADIP,2026-06-11 00:00:00,2026-06-11 18:00:00,4.5,DAYS,3,v1.0,VALID,SYNTHETIC,hash_cng_003569,True
3570,CONGESTION_PORT_DHAMRA,2026-06-11 00:00:00,2026-06-11 18:00:00,1.8,DAYS,3,v1.0,VALID,SYNTHETIC,hash_cng_003570,True
3571,CONGESTION_PORT_NEWCASTLE,2026-06-11 00:00:00,2026-06-11 18:00:00,6.0,DAYS,3,v1.0,VALID,SYNTHETIC,hash_cng_003571,True
3572,CONGESTION_PORT_HEDLAND,2026-06-11 00:00:00,2026-06-11 18:00:00,2.8,DAYS,3,v1.0,VALID,SYNTHETIC,hash_cng_003572,True
3573,CONGESTION_PORT_PARADIP,2026-06-12 00:00:00,2026-06-12 18:00:00,4.6,DAYS,3,v1.0,VALID,SYNTHETIC,hash_cng_003573,True
3574,CONGESTION_PORT_DHAMRA,2026-06-12 00:00:00,2026-06-12 18:00:00,2.5,DAYS,3,v1.0,VALID,SYNTHETIC,hash_cng_003574,True
3575,CONGESTION_PORT_NEWCASTLE,2026-06-12 00:00:00,2026-06-12 18:00:00,5.6,DAYS,3,v1.0,VALID,SYNTHETIC,hash_cng_003575,True
3576,CONGESTION_PORT_HEDLAND,2026-06-12 00:00:00,2026-06-12 18:00:00,2.8,DAYS,3,v1.0,VALID,SYNTHETIC,hash_cng_003576,True
3577,CONGESTION_PORT_PARADIP,2026-06-13 00:00:00,2026-06-13 18:00:00,5.2,DAYS,3,v1.0,VALID,SYNTHETIC,hash_cng_003577,True
3578,CONGESTION_PORT_DHAMRA,2026-06-13 00:00:00,2026-06-13 18:00:00,2.2,DAYS,3,v1.0,VALID,SYNTHETIC,hash_cng_003578,True
3579,CONGESTION_PORT_NEWCASTLE,2026-06-13 00:00:00,2026-06-13 18:00:00,5.5,DAYS,3,v1.0,VALID,SYNTHETIC,hash_cng_003579,True
3580,CONGESTION_PORT_HEDLAND,2026-06-13 00:00:00,2026-06-13 18:00:00,2.9,DAYS,3,v1.0,VALID,SYNTHETIC,hash_cng_003580,True
3581,CONGESTION_PORT_PARADIP,2026-06-14 00:00:00,2026-06-14 18:00:00,4.5,DAYS,3,v1.0,VALID,SYNTHETIC,hash_cng_003581,True
3582,CONGESTION_PORT_DHAMRA,2026-06-14 00:00:00,2026-06-14 18:00:00,2.3,DAYS,3,v1.0,VALID,SYNTHETIC,hash_cng_003582,True
3583,CONGESTION_PORT_NEWCASTLE,2026-06-14 00:00:00,2026-06-14 18:00:00,6.1,DAYS,3,v1.0,VALID,SYNTHETIC,hash_cng_003583,True
3584,CONGESTION_PORT_HEDLAND,2026-06-14 00:00:00,2026-06-14 18:00:00,2.5,DAYS,3,v1.0,VALID,SYNTHETIC,hash_cng_003584,True
3585,CONGESTION_PORT_PARADIP,2026-06-15 00:00:00,2026-06-15 18:00:00,4.5,DAYS,3,v1.0,VALID,SYNTHETIC,hash_cng_003585,True
3586,CONGESTION_PORT_DHAMRA,2026-06-15 00:00:00,2026-06-15 18:00:00,2.6,DAYS,3,v1.0,VALID,SYNTHETIC,hash_cng_003586,True
3587,CONGESTION_PORT_NEWCASTLE,2026-06-15 00:00:00,2026-06-15 18:00:00,6.3,DAYS,3,v1.0,VALID,SYNTHETIC,hash_cng_003587,True
3588,CONGESTION_PORT_HEDLAND,2026-06-15 00:00:00,2026-06-15 18:00:00,2.6,DAYS,3,v1.0,VALID,SYNTHETIC,hash_cng_003588,True
3589,CONGESTION_PORT_PARADIP,2026-06-16 00:00:00,2026-06-16 18:00:00,4.7,DAYS,3,v1.0,VALID,SYNTHETIC,hash_cng_003589,True
3590,CONGESTION_PORT_DHAMRA,2026-06-16 00:00:00,2026-06-16 18:00:00,2.8,DAYS,3,v1.0,VALID,SYNTHETIC,hash_cng_003590,True
3591,CONGESTION_PORT_NEWCASTLE,2026-06-16 00:00:00,2026-06-16 18:00:00,6.0,DAYS,3,v1.0,VALID,SYNTHETIC,hash_cng_003591,True
3592,CONGESTION_PORT_HEDLAND,2026-06-16 00:00:00,2026-06-16 18:00:00,3.0,DAYS,3,v1.0,VALID,SYNTHETIC,hash_cng_003592,True
3593,CONGESTION_PORT_PARADIP,2026-06-17 00:00:00,2026-06-17 18:00:00,5.0,DAYS,3,v1.0,VALID,SYNTHETIC,hash_cng_003593,True
3594,CONGESTION_PORT_DHAMRA,2026-06-17 00:00:00,2026-06-17 18:00:00,2.4,DAYS,3,v1.0,VALID,SYNTHETIC,hash_cng_003594,True
3595,CONGESTION_PORT_NEWCASTLE,2026-06-17 00:00:00,2026-06-17 18:00:00,6.0,DAYS,3,v1.0,VALID,SYNTHETIC,hash_cng_003595,True
3596,CONGESTION_PORT_HEDLAND,2026-06-17 00:00:00,2026-06-17 18:00:00,2.7,DAYS,3,v1.0,VALID,SYNTHETIC,hash_cng_003596,True
3597,CONGESTION_PORT_PARADIP,2026-06-18 00:00:00,2026-06-18 18:00:00,4.8,DAYS,3,v1.0,VALID,SYNTHETIC,hash_cng_003597,True
3598,CONGESTION_PORT_DHAMRA,2026-06-18 00:00:00,2026-06-18 18:00:00,2.7,DAYS,3,v1.0,VALID,SYNTHETIC,hash_cng_003598,True
3599,CONGESTION_PORT_NEWCASTLE,2026-06-18 00:00:00,2026-06-18 18:00:00,5.0,DAYS,3,v1.0,VALID,SYNTHETIC,hash_cng_003599,True
3600,CONGESTION_PORT_HEDLAND,2026-06-18 00:00:00,2026-06-18 18:00:00,3.1,DAYS,3,v1.0,VALID,SYNTHETIC,hash_cng_003600,True
3601,CONGESTION_PORT_PARADIP,2026-06-19 00:00:00,2026-06-19 18:00:00,5.0,DAYS,3,v1.0,VALID,SYNTHETIC,hash_cng_003601,True
3602,CONGESTION_PORT_DHAMRA,2026-06-19 00:00:00,2026-06-19 18:00:00,2.1,DAYS,3,v1.0,VALID,SYNTHETIC,hash_cng_003602,True
3603,CONGESTION_PORT_NEWCASTLE,2026-06-19 00:00:00,2026-06-19 18:00:00,6.3,DAYS,3,v1.0,VALID,SYNTHETIC,hash_cng_003603,True
3604,CONGESTION_PORT_HEDLAND,2026-06-19 00:00:00,2026-06-19 18:00:00,2.9,DAYS,3,v1.0,VALID,SYNTHETIC,hash_cng_003604,True
3605,CONGESTION_PORT_PARADIP,2026-06-20 00:00:00,2026-06-20 18:00:00,5.4,DAYS,3,v1.0,VALID,SYNTHETIC,hash_cng_003605,True
3606,CONGESTION_PORT_DHAMRA,2026-06-20 00:00:00,2026-06-20 18:00:00,2.1,DAYS,3,v1.0,VALID,SYNTHETIC,hash_cng_003606,True
3607,CONGESTION_PORT_NEWCASTLE,2026-06-20 00:00:00,2026-06-20 18:00:00,5.6,DAYS,3,v1.0,VALID,SYNTHETIC,hash_cng_003607,True
3608,CONGESTION_PORT_HEDLAND,2026-06-20 00:00:00,2026-06-20 18:00:00,3.1,DAYS,3,v1.0,VALID,SYNTHETIC,hash_cng_003608,True
3609,CONGESTION_PORT_PARADIP,2026-06-21 00:00:00,2026-06-21 18:00:00,5.0,DAYS,3,v1.0,VALID,SYNTHETIC,hash_cng_003609,True
3610,CONGESTION_PORT_DHAMRA,2026-06-21 00:00:00,2026-06-21 18:00:00,2.5,DAYS,3,v1.0,VALID,SYNTHETIC,hash_cng_003610,True
3611,CONGESTION_PORT_NEWCASTLE,2026-06-21 00:00:00,2026-06-21 18:00:00,6.4,DAYS,3,v1.0,VALID,SYNTHETIC,hash_cng_003611,True
3612,CONGESTION_PORT_HEDLAND,2026-06-21 00:00:00,2026-06-21 18:00:00,2.5,DAYS,3,v1.0,VALID,SYNTHETIC,hash_cng_003612,True
3613,CONGESTION_PORT_PARADIP,2026-06-22 00:00:00,2026-06-22 18:00:00,5.7,DAYS,3,v1.0,VALID,SYNTHETIC,hash_cng_003613,True
3614,CONGESTION_PORT_DHAMRA,2026-06-22 00:00:00,2026-06-22 18:00:00,2.4,DAYS,3,v1.0,VALID,SYNTHETIC,hash_cng_003614,True
3615,CONGESTION_PORT_NEWCASTLE,2026-06-22 00:00:00,2026-06-22 18:00:00,5.6,DAYS,3,v1.0,VALID,SYNTHETIC,hash_cng_003615,True
3616,CONGESTION_PORT_HEDLAND,2026-06-22 00:00:00,2026-06-22 18:00:00,3.2,DAYS,3,v1.0,VALID,SYNTHETIC,hash_cng_003616,True
3617,CONGESTION_PORT_PARADIP,2026-06-23 00:00:00,2026-06-23 18:00:00,4.8,DAYS,3,v1.0,VALID,SYNTHETIC,hash_cng_003617,True
3618,CONGESTION_PORT_DHAMRA,2026-06-23 00:00:00,2026-06-23 18:00:00,1.9,DAYS,3,v1.0,VALID,SYNTHETIC,hash_cng_003618,True
3619,CONGESTION_PORT_NEWCASTLE,2026-06-23 00:00:00,2026-06-23 18:00:00,5.2,DAYS,3,v1.0,VALID,SYNTHETIC,hash_cng_003619,True
3620,CONGESTION_PORT_HEDLAND,2026-06-23 00:00:00,2026-06-23 18:00:00,3.0,DAYS,3,v1.0,VALID,SYNTHETIC,hash_cng_003620,True
3621,CONGESTION_PORT_PARADIP,2026-06-24 00:00:00,2026-06-24 18:00:00,4.9,DAYS,3,v1.0,VALID,SYNTHETIC,hash_cng_003621,True
3622,CONGESTION_PORT_DHAMRA,2026-06-24 00:00:00,2026-06-24 18:00:00,2.4,DAYS,3,v1.0,VALID,SYNTHETIC,hash_cng_003622,True
3623,CONGESTION_PORT_NEWCASTLE,2026-06-24 00:00:00,2026-06-24 18:00:00,5.3,DAYS,3,v1.0,VALID,SYNTHETIC,hash_cng_003623,True
3624,CONGESTION_PORT_HEDLAND,2026-06-24 00:00:00,2026-06-24 18:00:00,3.3,DAYS,3,v1.0,VALID,SYNTHETIC,hash_cng_003624,True
3625,CONGESTION_PORT_PARADIP,2026-06-25 00:00:00,2026-06-25 18:00:00,4.8,DAYS,3,v1.0,VALID,SYNTHETIC,hash_cng_003625,True
3626,CONGESTION_PORT_DHAMRA,2026-06-25 00:00:00,2026-06-25 18:00:00,2.2,DAYS,3,v1.0,VALID,SYNTHETIC,hash_cng_003626,True
3627,CONGESTION_PORT_NEWCASTLE,2026-06-25 00:00:00,2026-06-25 18:00:00,5.0,DAYS,3,v1.0,VALID,SYNTHETIC,hash_cng_003627,True
3628,CONGESTION_PORT_HEDLAND,2026-06-25 00:00:00,2026-06-25 18:00:00,2.4,DAYS,3,v1.0,VALID,SYNTHETIC,hash_cng_003628,True
3629,CONGESTION_PORT_PARADIP,2026-06-26 00:00:00,2026-06-26 18:00:00,4.8,DAYS,3,v1.0,VALID,SYNTHETIC,hash_cng_003629,True
3630,CONGESTION_PORT_DHAMRA,2026-06-26 00:00:00,2026-06-26 18:00:00,2.3,DAYS,3,v1.0,VALID,SYNTHETIC,hash_cng_003630,True
3631,CONGESTION_PORT_NEWCASTLE,2026-06-26 00:00:00,2026-06-26 18:00:00,6.6,DAYS,3,v1.0,VALID,SYNTHETIC,hash_cng_003631,True
3632,CONGESTION_PORT_HEDLAND,2026-06-26 00:00:00,2026-06-26 18:00:00,2.8,DAYS,3,v1.0,VALID,SYNTHETIC,hash_cng_003632,True
3633,CONGESTION_PORT_PARADIP,2026-06-27 00:00:00,2026-06-27 18:00:00,5.1,DAYS,3,v1.0,VALID,SYNTHETIC,hash_cng_003633,True
3634,CONGESTION_PORT_DHAMRA,2026-06-27 00:00:00,2026-06-27 18:00:00,2.6,DAYS,3,v1.0,VALID,SYNTHETIC,hash_cng_003634,True
3635,CONGESTION_PORT_NEWCASTLE,2026-06-27 00:00:00,2026-06-27 18:00:00,5.6,DAYS,3,v1.0,VALID,SYNTHETIC,hash_cng_003635,True
3636,CONGESTION_PORT_HEDLAND,2026-06-27 00:00:00,2026-06-27 18:00:00,2.8,DAYS,3,v1.0,VALID,SYNTHETIC,hash_cng_003636,True
3637,CONGESTION_PORT_PARADIP,2026-06-28 00:00:00,2026-06-28 18:00:00,4.8,DAYS,3,v1.0,VALID,SYNTHETIC,hash_cng_003637,True
3638,CONGESTION_PORT_DHAMRA,2026-06-28 00:00:00,2026-06-28 18:00:00,2.5,DAYS,3,v1.0,VALID,SYNTHETIC,hash_cng_003638,True
3639,CONGESTION_PORT_NEWCASTLE,2026-06-28 00:00:00,2026-06-28 18:00:00,5.5,DAYS,3,v1.0,VALID,SYNTHETIC,hash_cng_003639,True
3640,CONGESTION_PORT_HEDLAND,2026-06-28 00:00:00,2026-06-28 18:00:00,2.7,DAYS,3,v1.0,VALID,SYNTHETIC,hash_cng_003640,True
3641,CONGESTION_PORT_PARADIP,2026-06-29 00:00:00,2026-06-29 18:00:00,5.3,DAYS,3,v1.0,VALID,SYNTHETIC,hash_cng_003641,True
3642,CONGESTION_PORT_DHAMRA,2026-06-29 00:00:00,2026-06-29 18:00:00,2.4,DAYS,3,v1.0,VALID,SYNTHETIC,hash_cng_003642,True
3643,CONGESTION_PORT_NEWCASTLE,2026-06-29 00:00:00,2026-06-29 18:00:00,4.3,DAYS,3,v1.0,VALID,SYNTHETIC,hash_cng_003643,True
3644,CONGESTION_PORT_HEDLAND,2026-06-29 00:00:00,2026-06-29 18:00:00,2.7,DAYS,3,v1.0,VALID,SYNTHETIC,hash_cng_003644,True
3645,CONGESTION_PORT_PARADIP,2026-06-30 00:00:00,2026-06-30 18:00:00,5.5,DAYS,3,v1.0,VALID,SYNTHETIC,hash_cng_003645,True
3646,CONGESTION_PORT_DHAMRA,2026-06-30 00:00:00,2026-06-30 18:00:00,2.5,DAYS,3,v1.0,VALID,SYNTHETIC,hash_cng_003646,True
3647,CONGESTION_PORT_NEWCASTLE,2026-06-30 00:00:00,2026-06-30 18:00:00,4.2,DAYS,3,v1.0,VALID,SYNTHETIC,hash_cng_003647,True
3648,CONGESTION_PORT_HEDLAND,2026-06-30 00:00:00,2026-06-30 18:00:00,2.8,DAYS,3,v1.0,VALID,SYNTHETIC,hash_cng_003648,True
3649,CONGESTION_PORT_PARADIP,2026-07-01 00:00:00,2026-07-01 18:00:00,5.0,DAYS,3,v1.0,VALID,SYNTHETIC,hash_cng_003649,True
3650,CONGESTION_PORT_DHAMRA,2026-07-01 00:00:00,2026-07-01 18:00:00,2.7,DAYS,3,v1.0,VALID,SYNTHETIC,hash_cng_003650,True
3651,CONGESTION_PORT_NEWCASTLE,2026-07-01 00:00:00,2026-07-01 18:00:00,6.3,DAYS,3,v1.0,VALID,SYNTHETIC,hash_cng_003651,True
3652,CONGESTION_PORT_HEDLAND,2026-07-01 00:00:00,2026-07-01 18:00:00,2.4,DAYS,3,v1.0,VALID,SYNTHETIC,hash_cng_003652,True
3653,CONGESTION_PORT_PARADIP,2026-07-02 00:00:00,2026-07-02 18:00:00,6.1,DAYS,3,v1.0,VALID,SYNTHETIC,hash_cng_003653,True
3654,CONGESTION_PORT_DHAMRA,2026-07-02 00:00:00,2026-07-02 18:00:00,2.7,DAYS,3,v1.0,VALID,SYNTHETIC,hash_cng_003654,True
3655,CONGESTION_PORT_NEWCASTLE,2026-07-02 00:00:00,2026-07-02 18:00:00,6.9,DAYS,3,v1.0,VALID,SYNTHETIC,hash_cng_003655,True
3656,CONGESTION_PORT_HEDLAND,2026-07-02 00:00:00,2026-07-02 18:00:00,3.3,DAYS,3,v1.0,VALID,SYNTHETIC,hash_cng_003656,True
3657,CONGESTION_PORT_PARADIP,2026-07-03 00:00:00,2026-07-03 18:00:00,5.0,DAYS,3,v1.0,VALID,SYNTHETIC,hash_cng_003657,True
3658,CONGESTION_PORT_DHAMRA,2026-07-03 00:00:00,2026-07-03 18:00:00,2.4,DAYS,3,v1.0,VALID,SYNTHETIC,hash_cng_003658,True
3659,CONGESTION_PORT_NEWCASTLE,2026-07-03 00:00:00,2026-07-03 18:00:00,6.5,DAYS,3,v1.0,VALID,SYNTHETIC,hash_cng_003659,True
3660,CONGESTION_PORT_HEDLAND,2026-07-03 00:00:00,2026-07-03 18:00:00,3.3,DAYS,3,v1.0,VALID,SYNTHETIC,hash_cng_003660,True
3661,CONGESTION_PORT_PARADIP,2026-07-04 00:00:00,2026-07-04 18:00:00,4.4,DAYS,3,v1.0,VALID,SYNTHETIC,hash_cng_003661,True
3662,CONGESTION_PORT_DHAMRA,2026-07-04 00:00:00,2026-07-04 18:00:00,2.6,DAYS,3,v1.0,VALID,SYNTHETIC,hash_cng_003662,True
3663,CONGESTION_PORT_NEWCASTLE,2026-07-04 00:00:00,2026-07-04 18:00:00,5.3,DAYS,3,v1.0,VALID,SYNTHETIC,hash_cng_003663,True
3664,CONGESTION_PORT_HEDLAND,2026-07-04 00:00:00,2026-07-04 18:00:00,3.4,DAYS,3,v1.0,VALID,SYNTHETIC,hash_cng_003664,True
3665,CONGESTION_PORT_PARADIP,2026-07-05 00:00:00,2026-07-05 18:00:00,4.4,DAYS,3,v1.0,VALID,SYNTHETIC,hash_cng_003665,True
3666,CONGESTION_PORT_DHAMRA,2026-07-05 00:00:00,2026-07-05 18:00:00,2.5,DAYS,3,v1.0,VALID,SYNTHETIC,hash_cng_003666,True
3667,CONGESTION_PORT_NEWCASTLE,2026-07-05 00:00:00,2026-07-05 18:00:00,5.3,DAYS,3,v1.0,VALID,SYNTHETIC,hash_cng_003667,True
3668,CONGESTION_PORT_HEDLAND,2026-07-05 00:00:00,2026-07-05 18:00:00,3.1,DAYS,3,v1.0,VALID,SYNTHETIC,hash_cng_003668,True
3669,CONGESTION_PORT_PARADIP,2026-07-06 00:00:00,2026-07-06 18:00:00,5.2,DAYS,3,v1.0,VALID,SYNTHETIC,hash_cng_003669,True
3670,CONGESTION_PORT_DHAMRA,2026-07-06 00:00:00,2026-07-06 18:00:00,2.4,DAYS,3,v1.0,VALID,SYNTHETIC,hash_cng_003670,True
3671,CONGESTION_PORT_NEWCASTLE,2026-07-06 00:00:00,2026-07-06 18:00:00,5.0,DAYS,3,v1.0,VALID,SYNTHETIC,hash_cng_003671,True
3672,CONGESTION_PORT_HEDLAND,2026-07-06 00:00:00,2026-07-06 18:00:00,2.2,DAYS,3,v1.0,VALID,SYNTHETIC,hash_cng_003672,True
3673,CONGESTION_PORT_PARADIP,2026-07-07 00:00:00,2026-07-07 18:00:00,5.0,DAYS,3,v1.0,VALID,SYNTHETIC,hash_cng_003673,True
3674,CONGESTION_PORT_DHAMRA,2026-07-07 00:00:00,2026-07-07 18:00:00,2.3,DAYS,3,v1.0,VALID,SYNTHETIC,hash_cng_003674,True
3675,CONGESTION_PORT_NEWCASTLE,2026-07-07 00:00:00,2026-07-07 18:00:00,5.6,DAYS,3,v1.0,VALID,SYNTHETIC,hash_cng_003675,True
3676,CONGESTION_PORT_HEDLAND,2026-07-07 00:00:00,2026-07-07 18:00:00,2.8,DAYS,3,v1.0,VALID,SYNTHETIC,hash_cng_003676,True
3677,CONGESTION_PORT_PARADIP,2026-07-08 00:00:00,2026-07-08 18:00:00,5.3,DAYS,3,v1.0,VALID,SYNTHETIC,hash_cng_003677,True
3678,CONGESTION_PORT_DHAMRA,2026-07-08 00:00:00,2026-07-08 18:00:00,2.4,DAYS,3,v1.0,VALID,SYNTHETIC,hash_cng_003678,True
3679,CONGESTION_PORT_NEWCASTLE,2026-07-08 00:00:00,2026-07-08 18:00:00,5.7,DAYS,3,v1.0,VALID,SYNTHETIC,hash_cng_003679,True
3680,CONGESTION_PORT_HEDLAND,2026-07-08 00:00:00,2026-07-08 18:00:00,2.6,DAYS,3,v1.0,VALID,SYNTHETIC,hash_cng_003680,True
3681,CONGESTION_PORT_PARADIP,2026-07-09 00:00:00,2026-07-09 18:00:00,4.9,DAYS,3,v1.0,VALID,SYNTHETIC,hash_cng_003681,True
3682,CONGESTION_PORT_DHAMRA,2026-07-09 00:00:00,2026-07-09 18:00:00,2.6,DAYS,3,v1.0,VALID,SYNTHETIC,hash_cng_003682,True
3683,CONGESTION_PORT_NEWCASTLE,2026-07-09 00:00:00,2026-07-09 18:00:00,5.5,DAYS,3,v1.0,VALID,SYNTHETIC,hash_cng_003683,True
3684,CONGESTION_PORT_HEDLAND,2026-07-09 00:00:00,2026-07-09 18:00:00,2.3,DAYS,3,v1.0,VALID,SYNTHETIC,hash_cng_003684,True
3685,CONGESTION_PORT_PARADIP,2026-07-10 00:00:00,2026-07-10 18:00:00,5.5,DAYS,3,v1.0,VALID,SYNTHETIC,hash_cng_003685,True
3686,CONGESTION_PORT_DHAMRA,2026-07-10 00:00:00,2026-07-10 18:00:00,2.6,DAYS,3,v1.0,VALID,SYNTHETIC,hash_cng_003686,True
3687,CONGESTION_PORT_NEWCASTLE,2026-07-10 00:00:00,2026-07-10 18:00:00,5.2,DAYS,3,v1.0,VALID,SYNTHETIC,hash_cng_003687,True
3688,CONGESTION_PORT_HEDLAND,2026-07-10 00:00:00,2026-07-10 18:00:00,3.1,DAYS,3,v1.0,VALID,SYNTHETIC,hash_cng_003688,True
3689,CONGESTION_PORT_PARADIP,2026-07-11 00:00:00,2026-07-11 18:00:00,5.6,DAYS,3,v1.0,VALID,SYNTHETIC,hash_cng_003689,True
3690,CONGESTION_PORT_DHAMRA,2026-07-11 00:00:00,2026-07-11 18:00:00,2.6,DAYS,3,v1.0,VALID,SYNTHETIC,hash_cng_003690,True
3691,CONGESTION_PORT_NEWCASTLE,2026-07-11 00:00:00,2026-07-11 18:00:00,5.6,DAYS,3,v1.0,VALID,SYNTHETIC,hash_cng_003691,True
3692,CONGESTION_PORT_HEDLAND,2026-07-11 00:00:00,2026-07-11 18:00:00,2.9,DAYS,3,v1.0,VALID,SYNTHETIC,hash_cng_003692,True
3693,CONGESTION_PORT_PARADIP,2026-07-12 00:00:00,2026-07-12 18:00:00,5.4,DAYS,3,v1.0,VALID,SYNTHETIC,hash_cng_003693,True
3694,CONGESTION_PORT_DHAMRA,2026-07-12 00:00:00,2026-07-12 18:00:00,2.4,DAYS,3,v1.0,VALID,SYNTHETIC,hash_cng_003694,True
3695,CONGESTION_PORT_NEWCASTLE,2026-07-12 00:00:00,2026-07-12 18:00:00,5.0,DAYS,3,v1.0,VALID,SYNTHETIC,hash_cng_003695,True
3696,CONGESTION_PORT_HEDLAND,2026-07-12 00:00:00,2026-07-12 18:00:00,3.2,DAYS,3,v1.0,VALID,SYNTHETIC,hash_cng_003696,True
3697,CONGESTION_PORT_PARADIP,2026-07-13 00:00:00,2026-07-13 18:00:00,5.2,DAYS,3,v1.0,VALID,SYNTHETIC,hash_cng_003697,True
3698,CONGESTION_PORT_DHAMRA,2026-07-13 00:00:00,2026-07-13 18:00:00,2.4,DAYS,3,v1.0,VALID,SYNTHETIC,hash_cng_003698,True
3699,CONGESTION_PORT_NEWCASTLE,2026-07-13 00:00:00,2026-07-13 18:00:00,5.4,DAYS,3,v1.0,VALID,SYNTHETIC,hash_cng_003699,True
3700,CONGESTION_PORT_HEDLAND,2026-07-13 00:00:00,2026-07-13 18:00:00,2.8,DAYS,3,v1.0,VALID,SYNTHETIC,hash_cng_003700,True
3701,CONGESTION_PORT_PARADIP,2026-07-14 00:00:00,2026-07-14 18:00:00,4.0,DAYS,3,v1.0,VALID,SYNTHETIC,hash_cng_003701,True
3702,CONGESTION_PORT_DHAMRA,2026-07-14 00:00:00,2026-07-14 18:00:00,2.9,DAYS,3,v1.0,VALID,SYNTHETIC,hash_cng_003702,True
3703,CONGESTION_PORT_NEWCASTLE,2026-07-14 00:00:00,2026-07-14 18:00:00,4.7,DAYS,3,v1.0,VALID,SYNTHETIC,hash_cng_003703,True
3704,CONGESTION_PORT_HEDLAND,2026-07-14 00:00:00,2026-07-14 18:00:00,2.7,DAYS,3,v1.0,VALID,SYNTHETIC,hash_cng_003704,True
3705,CONGESTION_PORT_PARADIP,2026-07-15 00:00:00,2026-07-15 18:00:00,4.6,DAYS,3,v1.0,VALID,SYNTHETIC,hash_cng_003705,True
3706,CONGESTION_PORT_DHAMRA,2026-07-15 00:00:00,2026-07-15 18:00:00,2.7,DAYS,3,v1.0,VALID,SYNTHETIC,hash_cng_003706,True
3707,CONGESTION_PORT_NEWCASTLE,2026-07-15 00:00:00,2026-07-15 18:00:00,5.6,DAYS,3,v1.0,VALID,SYNTHETIC,hash_cng_003707,True
3708,CONGESTION_PORT_HEDLAND,2026-07-15 00:00:00,2026-07-15 18:00:00,3.2,DAYS,3,v1.0,VALID,SYNTHETIC,hash_cng_003708,True
3709,CONGESTION_PORT_PARADIP,2026-07-16 00:00:00,2026-07-16 18:00:00,5.4,DAYS,3,v1.0,VALID,SYNTHETIC,hash_cng_003709,True
3710,CONGESTION_PORT_DHAMRA,2026-07-16 00:00:00,2026-07-16 18:00:00,2.9,DAYS,3,v1.0,VALID,SYNTHETIC,hash_cng_003710,True
3711,CONGESTION_PORT_NEWCASTLE,2026-07-16 00:00:00,2026-07-16 18:00:00,4.4,DAYS,3,v1.0,VALID,SYNTHETIC,hash_cng_003711,True
3712,CONGESTION_PORT_HEDLAND,2026-07-16 00:00:00,2026-07-16 18:00:00,2.9,DAYS,3,v1.0,VALID,SYNTHETIC,hash_cng_003712,True
3713,CONGESTION_PORT_PARADIP,2026-07-17 00:00:00,2026-07-17 18:00:00,5.4,DAYS,3,v1.0,VALID,SYNTHETIC,hash_cng_003713,True
3714,CONGESTION_PORT_DHAMRA,2026-07-17 00:00:00,2026-07-17 18:00:00,2.7,DAYS,3,v1.0,VALID,SYNTHETIC,hash_cng_003714,True
3715,CONGESTION_PORT_NEWCASTLE,2026-07-17 00:00:00,2026-07-17 18:00:00,5.5,DAYS,3,v1.0,VALID,SYNTHETIC,hash_cng_003715,True
3716,CONGESTION_PORT_HEDLAND,2026-07-17 00:00:00,2026-07-17 18:00:00,3.0,DAYS,3,v1.0,VALID,SYNTHETIC,hash_cng_003716,True
3717,CONGESTION_PORT_PARADIP,2026-07-18 00:00:00,2026-07-18 18:00:00,5.3,DAYS,3,v1.0,VALID,SYNTHETIC,hash_cng_003717,True
3718,CONGESTION_PORT_DHAMRA,2026-07-18 00:00:00,2026-07-18 18:00:00,2.0,DAYS,3,v1.0,VALID,SYNTHETIC,hash_cng_003718,True
3719,CONGESTION_PORT_NEWCASTLE,2026-07-18 00:00:00,2026-07-18 18:00:00,4.6,DAYS,3,v1.0,VALID,SYNTHETIC,hash_cng_003719,True
3720,CONGESTION_PORT_HEDLAND,2026-07-18 00:00:00,2026-07-18 18:00:00,3.0,DAYS,3,v1.0,VALID,SYNTHETIC,hash_cng_003720,True
3721,CONGESTION_PORT_PARADIP,2026-07-19 00:00:00,2026-07-19 18:00:00,5.1,DAYS,3,v1.0,VALID,SYNTHETIC,hash_cng_003721,True
3722,CONGESTION_PORT_DHAMRA,2026-07-19 00:00:00,2026-07-19 18:00:00,2.4,DAYS,3,v1.0,VALID,SYNTHETIC,hash_cng_003722,True
3723,CONGESTION_PORT_NEWCASTLE,2026-07-19 00:00:00,2026-07-19 18:00:00,4.3,DAYS,3,v1.0,VALID,SYNTHETIC,hash_cng_003723,True
3724,CONGESTION_PORT_HEDLAND,2026-07-19 00:00:00,2026-07-19 18:00:00,2.8,DAYS,3,v1.0,VALID,SYNTHETIC,hash_cng_003724,True
3725,CONGESTION_PORT_PARADIP,2026-07-20 00:00:00,2026-07-20 18:00:00,5.0,DAYS,3,v1.0,VALID,SYNTHETIC,hash_cng_003725,True
3726,CONGESTION_PORT_DHAMRA,2026-07-20 00:00:00,2026-07-20 18:00:00,2.0,DAYS,3,v1.0,VALID,SYNTHETIC,hash_cng_003726,True
3727,CONGESTION_PORT_NEWCASTLE,2026-07-20 00:00:00,2026-07-20 18:00:00,4.2,DAYS,3,v1.0,VALID,SYNTHETIC,hash_cng_003727,True
3728,CONGESTION_PORT_HEDLAND,2026-07-20 00:00:00,2026-07-20 18:00:00,2.4,DAYS,3,v1.0,VALID,SYNTHETIC,hash_cng_003728,True
3729,CONGESTION_PORT_PARADIP,2026-07-21 00:00:00,2026-07-21 18:00:00,5.0,DAYS,3,v1.0,VALID,SYNTHETIC,hash_cng_003729,True
3730,CONGESTION_PORT_DHAMRA,2026-07-21 00:00:00,2026-07-21 18:00:00,2.4,DAYS,3,v1.0,VALID,SYNTHETIC,hash_cng_003730,True
3731,CONGESTION_PORT_NEWCASTLE,2026-07-21 00:00:00,2026-07-21 18:00:00,5.7,DAYS,3,v1.0,VALID,SYNTHETIC,hash_cng_003731,True
3732,CONGESTION_PORT_HEDLAND,2026-07-21 00:00:00,2026-07-21 18:00:00,2.7,DAYS,3,v1.0,VALID,SYNTHETIC,hash_cng_003732,True
3733,CONGESTION_PORT_PARADIP,2026-07-22 00:00:00,2026-07-22 18:00:00,4.8,DAYS,3,v1.0,VALID,SYNTHETIC,hash_cng_003733,True
3734,CONGESTION_PORT_DHAMRA,2026-07-22 00:00:00,2026-07-22 18:00:00,2.3,DAYS,3,v1.0,VALID,SYNTHETIC,hash_cng_003734,True
3735,CONGESTION_PORT_NEWCASTLE,2026-07-22 00:00:00,2026-07-22 18:00:00,4.6,DAYS,3,v1.0,VALID,SYNTHETIC,hash_cng_003735,True
3736,CONGESTION_PORT_HEDLAND,2026-07-22 00:00:00,2026-07-22 18:00:00,3.3,DAYS,3,v1.0,VALID,SYNTHETIC,hash_cng_003736,True
3737,CONGESTION_PORT_PARADIP,2026-07-23 00:00:00,2026-07-23 18:00:00,5.1,DAYS,3,v1.0,VALID,SYNTHETIC,hash_cng_003737,True
3738,CONGESTION_PORT_DHAMRA,2026-07-23 00:00:00,2026-07-23 18:00:00,2.1,DAYS,3,v1.0,VALID,SYNTHETIC,hash_cng_003738,True
3739,CONGESTION_PORT_NEWCASTLE,2026-07-23 00:00:00,2026-07-23 18:00:00,3.9,DAYS,3,v1.0,VALID,SYNTHETIC,hash_cng_003739,True
3740,CONGESTION_PORT_HEDLAND,2026-07-23 00:00:00,2026-07-23 18:00:00,2.7,DAYS,3,v1.0,VALID,SYNTHETIC,hash_cng_003740,True
3741,CONGESTION_PORT_PARADIP,2026-07-24 00:00:00,2026-07-24 18:00:00,5.0,DAYS,3,v1.0,VALID,SYNTHETIC,hash_cng_003741,True
3742,CONGESTION_PORT_DHAMRA,2026-07-24 00:00:00,2026-07-24 18:00:00,2.4,DAYS,3,v1.0,VALID,SYNTHETIC,hash_cng_003742,True
3743,CONGESTION_PORT_NEWCASTLE,2026-07-24 00:00:00,2026-07-24 18:00:00,5.3,DAYS,3,v1.0,VALID,SYNTHETIC,hash_cng_003743,True
3744,CONGESTION_PORT_HEDLAND,2026-07-24 00:00:00,2026-07-24 18:00:00,2.7,DAYS,3,v1.0,VALID,SYNTHETIC,hash_cng_003744,True
3745,CONGESTION_PORT_PARADIP,2026-07-25 00:00:00,2026-07-25 18:00:00,5.7,DAYS,3,v1.0,VALID,SYNTHETIC,hash_cng_003745,True
3746,CONGESTION_PORT_DHAMRA,2026-07-25 00:00:00,2026-07-25 18:00:00,2.5,DAYS,3,v1.0,VALID,SYNTHETIC,hash_cng_003746,True
3747,CONGESTION_PORT_NEWCASTLE,2026-07-25 00:00:00,2026-07-25 18:00:00,4.1,DAYS,3,v1.0,VALID,SYNTHETIC,hash_cng_003747,True
3748,CONGESTION_PORT_HEDLAND,2026-07-25 00:00:00,2026-07-25 18:00:00,2.4,DAYS,3,v1.0,VALID,SYNTHETIC,hash_cng_003748,True
3749,CONGESTION_PORT_PARADIP,2026-07-26 00:00:00,2026-07-26 18:00:00,5.4,DAYS,3,v1.0,VALID,SYNTHETIC,hash_cng_003749,True
3750,CONGESTION_PORT_DHAMRA,2026-07-26 00:00:00,2026-07-26 18:00:00,2.1,DAYS,3,v1.0,VALID,SYNTHETIC,hash_cng_003750,True
3751,CONGESTION_PORT_NEWCASTLE,2026-07-26 00:00:00,2026-07-26 18:00:00,4.1,DAYS,3,v1.0,VALID,SYNTHETIC,hash_cng_003751,True
3752,CONGESTION_PORT_HEDLAND,2026-07-26 00:00:00,2026-07-26 18:00:00,2.5,DAYS,3,v1.0,VALID,SYNTHETIC,hash_cng_003752,True
3753,CONGESTION_PORT_PARADIP,2026-07-27 00:00:00,2026-07-27 18:00:00,5.2,DAYS,3,v1.0,VALID,SYNTHETIC,hash_cng_003753,True
3754,CONGESTION_PORT_DHAMRA,2026-07-27 00:00:00,2026-07-27 18:00:00,2.5,DAYS,3,v1.0,VALID,SYNTHETIC,hash_cng_003754,True
3755,CONGESTION_PORT_NEWCASTLE,2026-07-27 00:00:00,2026-07-27 18:00:00,4.3,DAYS,3,v1.0,VALID,SYNTHETIC,hash_cng_003755,True
3756,CONGESTION_PORT_HEDLAND,2026-07-27 00:00:00,2026-07-27 18:00:00,2.5,DAYS,3,v1.0,VALID,SYNTHETIC,hash_cng_003756,True
3757,CONGESTION_PORT_PARADIP,2026-07-28 00:00:00,2026-07-28 18:00:00,5.0,DAYS,3,v1.0,VALID,SYNTHETIC,hash_cng_003757,True
3758,CONGESTION_PORT_DHAMRA,2026-07-28 00:00:00,2026-07-28 18:00:00,2.9,DAYS,3,v1.0,VALID,SYNTHETIC,hash_cng_003758,True
3759,CONGESTION_PORT_NEWCASTLE,2026-07-28 00:00:00,2026-07-28 18:00:00,4.1,DAYS,3,v1.0,VALID,SYNTHETIC,hash_cng_003759,True
3760,CONGESTION_PORT_HEDLAND,2026-07-28 00:00:00,2026-07-28 18:00:00,2.9,DAYS,3,v1.0,VALID,SYNTHETIC,hash_cng_003760,True
3761,CONGESTION_PORT_PARADIP,2026-07-29 00:00:00,2026-07-29 18:00:00,4.6,DAYS,3,v1.0,VALID,SYNTHETIC,hash_cng_003761,True
3762,CONGESTION_PORT_DHAMRA,2026-07-29 00:00:00,2026-07-29 18:00:00,2.3,DAYS,3,v1.0,VALID,SYNTHETIC,hash_cng_003762,True
3763,CONGESTION_PORT_NEWCASTLE,2026-07-29 00:00:00,2026-07-29 18:00:00,4.8,DAYS,3,v1.0,VALID,SYNTHETIC,hash_cng_003763,True
3764,CONGESTION_PORT_HEDLAND,2026-07-29 00:00:00,2026-07-29 18:00:00,2.9,DAYS,3,v1.0,VALID,SYNTHETIC,hash_cng_003764,True
3765,CONGESTION_PORT_PARADIP,2026-07-30 00:00:00,2026-07-30 18:00:00,5.0,DAYS,3,v1.0,VALID,SYNTHETIC,hash_cng_003765,True
3766,CONGESTION_PORT_DHAMRA,2026-07-30 00:00:00,2026-07-30 18:00:00,3.0,DAYS,3,v1.0,VALID,SYNTHETIC,hash_cng_003766,True
3767,CONGESTION_PORT_NEWCASTLE,2026-07-30 00:00:00,2026-07-30 18:00:00,5.4,DAYS,3,v1.0,VALID,SYNTHETIC,hash_cng_003767,True
3768,CONGESTION_PORT_HEDLAND,2026-07-30 00:00:00,2026-07-30 18:00:00,2.7,DAYS,3,v1.0,VALID,SYNTHETIC,hash_cng_003768,True
3769,CONGESTION_PORT_PARADIP,2026-07-31 00:00:00,2026-07-31 18:00:00,5.3,DAYS,3,v1.0,VALID,SYNTHETIC,hash_cng_003769,True
3770,CONGESTION_PORT_DHAMRA,2026-07-31 00:00:00,2026-07-31 18:00:00,2.4,DAYS,3,v1.0,VALID,SYNTHETIC,hash_cng_003770,True
3771,CONGESTION_PORT_NEWCASTLE,2026-07-31 00:00:00,2026-07-31 18:00:00,4.4,DAYS,3,v1.0,VALID,SYNTHETIC,hash_cng_003771,True
3772,CONGESTION_PORT_HEDLAND,2026-07-31 00:00:00,2026-07-31 18:00:00,2.6,DAYS,3,v1.0,VALID,SYNTHETIC,hash_cng_003772,True
3773,CONGESTION_PORT_PARADIP,2026-08-01 00:00:00,2026-08-01 18:00:00,5.8,DAYS,3,v1.0,VALID,SYNTHETIC,hash_cng_003773,True
3774,CONGESTION_PORT_DHAMRA,2026-08-01 00:00:00,2026-08-01 18:00:00,1.9,DAYS,3,v1.0,VALID,SYNTHETIC,hash_cng_003774,True
3775,CONGESTION_PORT_NEWCASTLE,2026-08-01 00:00:00,2026-08-01 18:00:00,3.5,DAYS,3,v1.0,VALID,SYNTHETIC,hash_cng_003775,True
3776,CONGESTION_PORT_HEDLAND,2026-08-01 00:00:00,2026-08-01 18:00:00,2.7,DAYS,3,v1.0,VALID,SYNTHETIC,hash_cng_003776,True
3777,CONGESTION_PORT_PARADIP,2026-08-02 00:00:00,2026-08-02 18:00:00,4.9,DAYS,3,v1.0,VALID,SYNTHETIC,hash_cng_003777,True
3778,CONGESTION_PORT_DHAMRA,2026-08-02 00:00:00,2026-08-02 18:00:00,2.4,DAYS,3,v1.0,VALID,SYNTHETIC,hash_cng_003778,True
3779,CONGESTION_PORT_NEWCASTLE,2026-08-02 00:00:00,2026-08-02 18:00:00,4.4,DAYS,3,v1.0,VALID,SYNTHETIC,hash_cng_003779,True
3780,CONGESTION_PORT_HEDLAND,2026-08-02 00:00:00,2026-08-02 18:00:00,3.0,DAYS,3,v1.0,VALID,SYNTHETIC,hash_cng_003780,True
3781,CONGESTION_PORT_PARADIP,2026-08-03 00:00:00,2026-08-03 18:00:00,4.8,DAYS,3,v1.0,VALID,SYNTHETIC,hash_cng_003781,True
3782,CONGESTION_PORT_DHAMRA,2026-08-03 00:00:00,2026-08-03 18:00:00,2.4,DAYS,3,v1.0,VALID,SYNTHETIC,hash_cng_003782,True
3783,CONGESTION_PORT_NEWCASTLE,2026-08-03 00:00:00,2026-08-03 18:00:00,5.0,DAYS,3,v1.0,VALID,SYNTHETIC,hash_cng_003783,True
3784,CONGESTION_PORT_HEDLAND,2026-08-03 00:00:00,2026-08-03 18:00:00,3.3,DAYS,3,v1.0,VALID,SYNTHETIC,hash_cng_003784,True
3785,CONGESTION_PORT_PARADIP,2026-08-04 00:00:00,2026-08-04 18:00:00,4.6,DAYS,3,v1.0,VALID,SYNTHETIC,hash_cng_003785,True
3786,CONGESTION_PORT_DHAMRA,2026-08-04 00:00:00,2026-08-04 18:00:00,2.4,DAYS,3,v1.0,VALID,SYNTHETIC,hash_cng_003786,True
3787,CONGESTION_PORT_NEWCASTLE,2026-08-04 00:00:00,2026-08-04 18:00:00,3.8,DAYS,3,v1.0,VALID,SYNTHETIC,hash_cng_003787,True
3788,CONGESTION_PORT_HEDLAND,2026-08-04 00:00:00,2026-08-04 18:00:00,2.6,DAYS,3,v1.0,VALID,SYNTHETIC,hash_cng_003788,True
3789,CONGESTION_PORT_PARADIP,2026-08-05 00:00:00,2026-08-05 18:00:00,4.3,DAYS,3,v1.0,VALID,SYNTHETIC,hash_cng_003789,True
3790,CONGESTION_PORT_DHAMRA,2026-08-05 00:00:00,2026-08-05 18:00:00,2.6,DAYS,3,v1.0,VALID,SYNTHETIC,hash_cng_003790,True
3791,CONGESTION_PORT_NEWCASTLE,2026-08-05 00:00:00,2026-08-05 18:00:00,3.3,DAYS,3,v1.0,VALID,SYNTHETIC,hash_cng_003791,True
3792,CONGESTION_PORT_HEDLAND,2026-08-05 00:00:00,2026-08-05 18:00:00,2.5,DAYS,3,v1.0,VALID,SYNTHETIC,hash_cng_003792,True
3793,CONGESTION_PORT_PARADIP,2026-08-06 00:00:00,2026-08-06 18:00:00,5.3,DAYS,3,v1.0,VALID,SYNTHETIC,hash_cng_003793,True
3794,CONGESTION_PORT_DHAMRA,2026-08-06 00:00:00,2026-08-06 18:00:00,2.5,DAYS,3,v1.0,VALID,SYNTHETIC,hash_cng_003794,True
3795,CONGESTION_PORT_NEWCASTLE,2026-08-06 00:00:00,2026-08-06 18:00:00,3.1,DAYS,3,v1.0,VALID,SYNTHETIC,hash_cng_003795,True
3796,CONGESTION_PORT_HEDLAND,2026-08-06 00:00:00,2026-08-06 18:00:00,2.9,DAYS,3,v1.0,VALID,SYNTHETIC,hash_cng_003796,True
3797,CONGESTION_PORT_PARADIP,2026-08-07 00:00:00,2026-08-07 18:00:00,3.8,DAYS,3,v1.0,VALID,SYNTHETIC,hash_cng_003797,True
3798,CONGESTION_PORT_DHAMRA,2026-08-07 00:00:00,2026-08-07 18:00:00,2.4,DAYS,3,v1.0,VALID,SYNTHETIC,hash_cng_003798,True
3799,CONGESTION_PORT_NEWCASTLE,2026-08-07 00:00:00,2026-08-07 18:00:00,3.6,DAYS,3,v1.0,VALID,SYNTHETIC,hash_cng_003799,True
3800,CONGESTION_PORT_HEDLAND,2026-08-07 00:00:00,2026-08-07 18:00:00,2.8,DAYS,3,v1.0,VALID,SYNTHETIC,hash_cng_003800,True
3801,CONGESTION_PORT_PARADIP,2026-08-08 00:00:00,2026-08-08 18:00:00,4.8,DAYS,3,v1.0,VALID,SYNTHETIC,hash_cng_003801,True
3802,CONGESTION_PORT_DHAMRA,2026-08-08 00:00:00,2026-08-08 18:00:00,2.2,DAYS,3,v1.0,VALID,SYNTHETIC,hash_cng_003802,True
3803,CONGESTION_PORT_NEWCASTLE,2026-08-08 00:00:00,2026-08-08 18:00:00,4.3,DAYS,3,v1.0,VALID,SYNTHETIC,hash_cng_003803,True
3804,CONGESTION_PORT_HEDLAND,2026-08-08 00:00:00,2026-08-08 18:00:00,2.9,DAYS,3,v1.0,VALID,SYNTHETIC,hash_cng_003804,True
3805,CONGESTION_PORT_PARADIP,2026-08-09 00:00:00,2026-08-09 18:00:00,4.5,DAYS,3,v1.0,VALID,SYNTHETIC,hash_cng_003805,True
3806,CONGESTION_PORT_DHAMRA,2026-08-09 00:00:00,2026-08-09 18:00:00,2.3,DAYS,3,v1.0,VALID,SYNTHETIC,hash_cng_003806,True
3807,CONGESTION_PORT_NEWCASTLE,2026-08-09 00:00:00,2026-08-09 18:00:00,3.5,DAYS,3,v1.0,VALID,SYNTHETIC,hash_cng_003807,True
3808,CONGESTION_PORT_HEDLAND,2026-08-09 00:00:00,2026-08-09 18:00:00,3.1,DAYS,3,v1.0,VALID,SYNTHETIC,hash_cng_003808,True
3809,CONGESTION_PORT_PARADIP,2026-08-10 00:00:00,2026-08-10 18:00:00,4.5,DAYS,3,v1.0,VALID,SYNTHETIC,hash_cng_003809,True
3810,CONGESTION_PORT_DHAMRA,2026-08-10 00:00:00,2026-08-10 18:00:00,2.6,DAYS,3,v1.0,VALID,SYNTHETIC,hash_cng_003810,True
3811,CONGESTION_PORT_NEWCASTLE,2026-08-10 00:00:00,2026-08-10 18:00:00,4.5,DAYS,3,v1.0,VALID,SYNTHETIC,hash_cng_003811,True
3812,CONGESTION_PORT_HEDLAND,2026-08-10 00:00:00,2026-08-10 18:00:00,2.4,DAYS,3,v1.0,VALID,SYNTHETIC,hash_cng_003812,True
3813,CONGESTION_PORT_PARADIP,2026-08-11 00:00:00,2026-08-11 18:00:00,4.5,DAYS,3,v1.0,VALID,SYNTHETIC,hash_cng_003813,True
3814,CONGESTION_PORT_DHAMRA,2026-08-11 00:00:00,2026-08-11 18:00:00,2.7,DAYS,3,v1.0,VALID,SYNTHETIC,hash_cng_003814,True
3815,CONGESTION_PORT_NEWCASTLE,2026-08-11 00:00:00,2026-08-11 18:00:00,4.6,DAYS,3,v1.0,VALID,SYNTHETIC,hash_cng_003815,True
3816,CONGESTION_PORT_HEDLAND,2026-08-11 00:00:00,2026-08-11 18:00:00,2.5,DAYS,3,v1.0,VALID,SYNTHETIC,hash_cng_003816,True
3817,CONGESTION_PORT_PARADIP,2026-08-12 00:00:00,2026-08-12 18:00:00,4.8,DAYS,3,v1.0,VALID,SYNTHETIC,hash_cng_003817,True
3818,CONGESTION_PORT_DHAMRA,2026-08-12 00:00:00,2026-08-12 18:00:00,2.3,DAYS,3,v1.0,VALID,SYNTHETIC,hash_cng_003818,True
3819,CONGESTION_PORT_NEWCASTLE,2026-08-12 00:00:00,2026-08-12 18:00:00,3.4,DAYS,3,v1.0,VALID,SYNTHETIC,hash_cng_003819,True
3820,CONGESTION_PORT_HEDLAND,2026-08-12 00:00:00,2026-08-12 18:00:00,2.6,DAYS,3,v1.0,VALID,SYNTHETIC,hash_cng_003820,True
3821,CONGESTION_PORT_PARADIP,2026-08-13 00:00:00,2026-08-13 18:00:00,4.5,DAYS,3,v1.0,VALID,SYNTHETIC,hash_cng_003821,True
3822,CONGESTION_PORT_DHAMRA,2026-08-13 00:00:00,2026-08-13 18:00:00,2.3,DAYS,3,v1.0,VALID,SYNTHETIC,hash_cng_003822,True
3823,CONGESTION_PORT_NEWCASTLE,2026-08-13 00:00:00,2026-08-13 18:00:00,4.1,DAYS,3,v1.0,VALID,SYNTHETIC,hash_cng_003823,True
3824,CONGESTION_PORT_HEDLAND,2026-08-13 00:00:00,2026-08-13 18:00:00,2.7,DAYS,3,v1.0,VALID,SYNTHETIC,hash_cng_003824,True
3825,CONGESTION_PORT_PARADIP,2026-08-14 00:00:00,2026-08-14 18:00:00,4.5,DAYS,3,v1.0,VALID,SYNTHETIC,hash_cng_003825,True
3826,CONGESTION_PORT_DHAMRA,2026-08-14 00:00:00,2026-08-14 18:00:00,2.1,DAYS,3,v1.0,VALID,SYNTHETIC,hash_cng_003826,True
3827,CONGESTION_PORT_NEWCASTLE,2026-08-14 00:00:00,2026-08-14 18:00:00,3.8,DAYS,3,v1.0,VALID,SYNTHETIC,hash_cng_003827,True
3828,CONGESTION_PORT_HEDLAND,2026-08-14 00:00:00,2026-08-14 18:00:00,3.2,DAYS,3,v1.0,VALID,SYNTHETIC,hash_cng_003828,True
3829,CONGESTION_PORT_PARADIP,2026-08-15 00:00:00,2026-08-15 18:00:00,4.9,DAYS,3,v1.0,VALID,SYNTHETIC,hash_cng_003829,True
3830,CONGESTION_PORT_DHAMRA,2026-08-15 00:00:00,2026-08-15 18:00:00,2.2,DAYS,3,v1.0,VALID,SYNTHETIC,hash_cng_003830,True
3831,CONGESTION_PORT_NEWCASTLE,2026-08-15 00:00:00,2026-08-15 18:00:00,4.5,DAYS,3,v1.0,VALID,SYNTHETIC,hash_cng_003831,True
3832,CONGESTION_PORT_HEDLAND,2026-08-15 00:00:00,2026-08-15 18:00:00,2.3,DAYS,3,v1.0,VALID,SYNTHETIC,hash_cng_003832,True
3833,CONGESTION_PORT_PARADIP,2026-08-16 00:00:00,2026-08-16 18:00:00,4.3,DAYS,3,v1.0,VALID,SYNTHETIC,hash_cng_003833,True
3834,CONGESTION_PORT_DHAMRA,2026-08-16 00:00:00,2026-08-16 18:00:00,2.2,DAYS,3,v1.0,VALID,SYNTHETIC,hash_cng_003834,True
3835,CONGESTION_PORT_NEWCASTLE,2026-08-16 00:00:00,2026-08-16 18:00:00,3.2,DAYS,3,v1.0,VALID,SYNTHETIC,hash_cng_003835,True
3836,CONGESTION_PORT_HEDLAND,2026-08-16 00:00:00,2026-08-16 18:00:00,2.8,DAYS,3,v1.0,VALID,SYNTHETIC,hash_cng_003836,True
3837,CONGESTION_PORT_PARADIP,2026-08-17 00:00:00,2026-08-17 18:00:00,4.1,DAYS,3,v1.0,VALID,SYNTHETIC,hash_cng_003837,True
3838,CONGESTION_PORT_DHAMRA,2026-08-17 00:00:00,2026-08-17 18:00:00,2.0,DAYS,3,v1.0,VALID,SYNTHETIC,hash_cng_003838,True
3839,CONGESTION_PORT_NEWCASTLE,2026-08-17 00:00:00,2026-08-17 18:00:00,3.9,DAYS,3,v1.0,VALID,SYNTHETIC,hash_cng_003839,True
3840,CONGESTION_PORT_HEDLAND,2026-08-17 00:00:00,2026-08-17 18:00:00,3.0,DAYS,3,v1.0,VALID,SYNTHETIC,hash_cng_003840,True
3841,CONGESTION_PORT_PARADIP,2026-08-18 00:00:00,2026-08-18 18:00:00,4.8,DAYS,3,v1.0,VALID,SYNTHETIC,hash_cng_003841,True
3842,CONGESTION_PORT_DHAMRA,2026-08-18 00:00:00,2026-08-18 18:00:00,2.2,DAYS,3,v1.0,VALID,SYNTHETIC,hash_cng_003842,True
3843,CONGESTION_PORT_NEWCASTLE,2026-08-18 00:00:00,2026-08-18 18:00:00,3.7,DAYS,3,v1.0,VALID,SYNTHETIC,hash_cng_003843,True
3844,CONGESTION_PORT_HEDLAND,2026-08-18 00:00:00,2026-08-18 18:00:00,2.9,DAYS,3,v1.0,VALID,SYNTHETIC,hash_cng_003844,True
3845,CONGESTION_PORT_PARADIP,2026-08-19 00:00:00,2026-08-19 18:00:00,4.3,DAYS,3,v1.0,VALID,SYNTHETIC,hash_cng_003845,True
3846,CONGESTION_PORT_DHAMRA,2026-08-19 00:00:00,2026-08-19 18:00:00,2.3,DAYS,3,v1.0,VALID,SYNTHETIC,hash_cng_003846,True
3847,CONGESTION_PORT_NEWCASTLE,2026-08-19 00:00:00,2026-08-19 18:00:00,3.4,DAYS,3,v1.0,VALID,SYNTHETIC,hash_cng_003847,True
3848,CONGESTION_PORT_HEDLAND,2026-08-19 00:00:00,2026-08-19 18:00:00,2.6,DAYS,3,v1.0,VALID,SYNTHETIC,hash_cng_003848,True
3849,CONGESTION_PORT_PARADIP,2026-08-20 00:00:00,2026-08-20 18:00:00,4.6,DAYS,3,v1.0,VALID,SYNTHETIC,hash_cng_003849,True
3850,CONGESTION_PORT_DHAMRA,2026-08-20 00:00:00,2026-08-20 18:00:00,2.0,DAYS,3,v1.0,VALID,SYNTHETIC,hash_cng_003850,True
3851,CONGESTION_PORT_NEWCASTLE,2026-08-20 00:00:00,2026-08-20 18:00:00,4.8,DAYS,3,v1.0,VALID,SYNTHETIC,hash_cng_003851,True
3852,CONGESTION_PORT_HEDLAND,2026-08-20 00:00:00,2026-08-20 18:00:00,3.0,DAYS,3,v1.0,VALID,SYNTHETIC,hash_cng_003852,True
3853,CONGESTION_PORT_PARADIP,2026-08-21 00:00:00,2026-08-21 18:00:00,4.8,DAYS,3,v1.0,VALID,SYNTHETIC,hash_cng_003853,True
3854,CONGESTION_PORT_DHAMRA,2026-08-21 00:00:00,2026-08-21 18:00:00,1.9,DAYS,3,v1.0,VALID,SYNTHETIC,hash_cng_003854,True
3855,CONGESTION_PORT_NEWCASTLE,2026-08-21 00:00:00,2026-08-21 18:00:00,2.0,DAYS,3,v1.0,VALID,SYNTHETIC,hash_cng_003855,True
3856,CONGESTION_PORT_HEDLAND,2026-08-21 00:00:00,2026-08-21 18:00:00,3.0,DAYS,3,v1.0,VALID,SYNTHETIC,hash_cng_003856,True
3857,CONGESTION_PORT_PARADIP,2026-08-22 00:00:00,2026-08-22 18:00:00,4.9,DAYS,3,v1.0,VALID,SYNTHETIC,hash_cng_003857,True
3858,CONGESTION_PORT_DHAMRA,2026-08-22 00:00:00,2026-08-22 18:00:00,2.1,DAYS,3,v1.0,VALID,SYNTHETIC,hash_cng_003858,True
3859,CONGESTION_PORT_NEWCASTLE,2026-08-22 00:00:00,2026-08-22 18:00:00,4.6,DAYS,3,v1.0,VALID,SYNTHETIC,hash_cng_003859,True
3860,CONGESTION_PORT_HEDLAND,2026-08-22 00:00:00,2026-08-22 18:00:00,3.1,DAYS,3,v1.0,VALID,SYNTHETIC,hash_cng_003860,True
3861,CONGESTION_PORT_PARADIP,2026-08-23 00:00:00,2026-08-23 18:00:00,4.3,DAYS,3,v1.0,VALID,SYNTHETIC,hash_cng_003861,True
3862,CONGESTION_PORT_DHAMRA,2026-08-23 00:00:00,2026-08-23 18:00:00,2.3,DAYS,3,v1.0,VALID,SYNTHETIC,hash_cng_003862,True
3863,CONGESTION_PORT_NEWCASTLE,2026-08-23 00:00:00,2026-08-23 18:00:00,4.0,DAYS,3,v1.0,VALID,SYNTHETIC,hash_cng_003863,True
3864,CONGESTION_PORT_HEDLAND,2026-08-23 00:00:00,2026-08-23 18:00:00,3.3,DAYS,3,v1.0,VALID,SYNTHETIC,hash_cng_003864,True
3865,CONGESTION_PORT_PARADIP,2026-08-24 00:00:00,2026-08-24 18:00:00,4.0,DAYS,3,v1.0,VALID,SYNTHETIC,hash_cng_003865,True
3866,CONGESTION_PORT_DHAMRA,2026-08-24 00:00:00,2026-08-24 18:00:00,2.5,DAYS,3,v1.0,VALID,SYNTHETIC,hash_cng_003866,True
3867,CONGESTION_PORT_NEWCASTLE,2026-08-24 00:00:00,2026-08-24 18:00:00,4.4,DAYS,3,v1.0,VALID,SYNTHETIC,hash_cng_003867,True
3868,CONGESTION_PORT_HEDLAND,2026-08-24 00:00:00,2026-08-24 18:00:00,2.7,DAYS,3,v1.0,VALID,SYNTHETIC,hash_cng_003868,True
3869,CONGESTION_PORT_PARADIP,2026-08-25 00:00:00,2026-08-25 18:00:00,4.1,DAYS,3,v1.0,VALID,SYNTHETIC,hash_cng_003869,True
3870,CONGESTION_PORT_DHAMRA,2026-08-25 00:00:00,2026-08-25 18:00:00,2.1,DAYS,3,v1.0,VALID,SYNTHETIC,hash_cng_003870,True
3871,CONGESTION_PORT_NEWCASTLE,2026-08-25 00:00:00,2026-08-25 18:00:00,3.9,DAYS,3,v1.0,VALID,SYNTHETIC,hash_cng_003871,True
3872,CONGESTION_PORT_HEDLAND,2026-08-25 00:00:00,2026-08-25 18:00:00,2.4,DAYS,3,v1.0,VALID,SYNTHETIC,hash_cng_003872,True
3873,CONGESTION_PORT_PARADIP,2026-08-26 00:00:00,2026-08-26 18:00:00,4.7,DAYS,3,v1.0,VALID,SYNTHETIC,hash_cng_003873,True
3874,CONGESTION_PORT_DHAMRA,2026-08-26 00:00:00,2026-08-26 18:00:00,2.0,DAYS,3,v1.0,VALID,SYNTHETIC,hash_cng_003874,True
3875,CONGESTION_PORT_NEWCASTLE,2026-08-26 00:00:00,2026-08-26 18:00:00,2.9,DAYS,3,v1.0,VALID,SYNTHETIC,hash_cng_003875,True
3876,CONGESTION_PORT_HEDLAND,2026-08-26 00:00:00,2026-08-26 18:00:00,2.6,DAYS,3,v1.0,VALID,SYNTHETIC,hash_cng_003876,True
3877,CONGESTION_PORT_PARADIP,2026-08-27 00:00:00,2026-08-27 18:00:00,4.8,DAYS,3,v1.0,VALID,SYNTHETIC,hash_cng_003877,True
3878,CONGESTION_PORT_DHAMRA,2026-08-27 00:00:00,2026-08-27 18:00:00,2.0,DAYS,3,v1.0,VALID,SYNTHETIC,hash_cng_003878,True
3879,CONGESTION_PORT_NEWCASTLE,2026-08-27 00:00:00,2026-08-27 18:00:00,2.8,DAYS,3,v1.0,VALID,SYNTHETIC,hash_cng_003879,True
3880,CONGESTION_PORT_HEDLAND,2026-08-27 00:00:00,2026-08-27 18:00:00,3.2,DAYS,3,v1.0,VALID,SYNTHETIC,hash_cng_003880,True
3881,CONGESTION_PORT_PARADIP,2026-08-28 00:00:00,2026-08-28 18:00:00,4.0,DAYS,3,v1.0,VALID,SYNTHETIC,hash_cng_003881,True
3882,CONGESTION_PORT_DHAMRA,2026-08-28 00:00:00,2026-08-28 18:00:00,1.6,DAYS,3,v1.0,VALID,SYNTHETIC,hash_cng_003882,True
3883,CONGESTION_PORT_NEWCASTLE,2026-08-28 00:00:00,2026-08-28 18:00:00,2.8,DAYS,3,v1.0,VALID,SYNTHETIC,hash_cng_003883,True
3884,CONGESTION_PORT_HEDLAND,2026-08-28 00:00:00,2026-08-28 18:00:00,3.0,DAYS,3,v1.0,VALID,SYNTHETIC,hash_cng_003884,True
3885,CONGESTION_PORT_PARADIP,2026-08-29 00:00:00,2026-08-29 18:00:00,4.5,DAYS,3,v1.0,VALID,SYNTHETIC,hash_cng_003885,True
3886,CONGESTION_PORT_DHAMRA,2026-08-29 00:00:00,2026-08-29 18:00:00,2.3,DAYS,3,v1.0,VALID,SYNTHETIC,hash_cng_003886,True
3887,CONGESTION_PORT_NEWCASTLE,2026-08-29 00:00:00,2026-08-29 18:00:00,4.2,DAYS,3,v1.0,VALID,SYNTHETIC,hash_cng_003887,True
3888,CONGESTION_PORT_HEDLAND,2026-08-29 00:00:00,2026-08-29 18:00:00,3.2,DAYS,3,v1.0,VALID,SYNTHETIC,hash_cng_003888,True
3889,CONGESTION_PORT_PARADIP,2026-08-30 00:00:00,2026-08-30 18:00:00,4.7,DAYS,3,v1.0,VALID,SYNTHETIC,hash_cng_003889,True
3890,CONGESTION_PORT_DHAMRA,2026-08-30 00:00:00,2026-08-30 18:00:00,2.1,DAYS,3,v1.0,VALID,SYNTHETIC,hash_cng_003890,True
3891,CONGESTION_PORT_NEWCASTLE,2026-08-30 00:00:00,2026-08-30 18:00:00,4.2,DAYS,3,v1.0,VALID,SYNTHETIC,hash_cng_003891,True
3892,CONGESTION_PORT_HEDLAND,2026-08-30 00:00:00,2026-08-30 18:00:00,3.1,DAYS,3,v1.0,VALID,SYNTHETIC,hash_cng_003892,True
3893,CONGESTION_PORT_PARADIP,2026-08-31 00:00:00,2026-08-31 18:00:00,4.2,DAYS,3,v1.0,VALID,SYNTHETIC,hash_cng_003893,True
3894,CONGESTION_PORT_DHAMRA,2026-08-31 00:00:00,2026-08-31 18:00:00,1.9,DAYS,3,v1.0,VALID,SYNTHETIC,hash_cng_003894,True
3895,CONGESTION_PORT_NEWCASTLE,2026-08-31 00:00:00,2026-08-31 18:00:00,4.2,DAYS,3,v1.0,VALID,SYNTHETIC,hash_cng_003895,True
3896,CONGESTION_PORT_HEDLAND,2026-08-31 00:00:00,2026-08-31 18:00:00,3.0,DAYS,3,v1.0,VALID,SYNTHETIC,hash_cng_003896,True
