id,series_id,observed_at,available_at,value,unit,source_id,source_version,quality_status,data_kind,content_hash,is_demo
1,FX_USD_INR,2024-01-01 00:00:00,2024-01-01 18:00:00,82.7925,INR_PER_USD,4,v1.0,VALID,SYNTHETIC,hash_fx_000001,True
2,FX_USD_EUR,2024-01-01 00:00:00,2024-01-01 18:00:00,0.9176,EUR_PER_USD,4,v1.0,VALID,SYNTHETIC,hash_fx_000002,True
3,FX_USD_INR,2024-01-02 00:00:00,2024-01-02 18:00:00,82.8549,INR_PER_USD,4,v1.0,VALID,SYNTHETIC,hash_fx_000003,True
4,FX_USD_EUR,2024-01-02 00:00:00,2024-01-02 18:00:00,0.9156,EUR_PER_USD,4,v1.0,VALID,SYNTHETIC,hash_fx_000004,True
5,FX_USD_INR,2024-01-03 00:00:00,2024-01-03 18:00:00,82.7338,INR_PER_USD,4,v1.0,VALID,SYNTHETIC,hash_fx_000005,True
6,FX_USD_EUR,2024-01-03 00:00:00,2024-01-03 18:00:00,0.9188,EUR_PER_USD,4,v1.0,VALID,SYNTHETIC,hash_fx_000006,True
7,FX_USD_INR,2024-01-04 00:00:00,2024-01-04 18:00:00,82.8168,INR_PER_USD,4,v1.0,VALID,SYNTHETIC,hash_fx_000007,True
8,FX_USD_EUR,2024-01-04 00:00:00,2024-01-04 18:00:00,0.916,EUR_PER_USD,4,v1.0,VALID,SYNTHETIC,hash_fx_000008,True
9,FX_USD_INR,2024-01-05 00:00:00,2024-01-05 18:00:00,82.7755,INR_PER_USD,4,v1.0,VALID,SYNTHETIC,hash_fx_000009,True
10,FX_USD_EUR,2024-01-05 00:00:00,2024-01-05 18:00:00,0.9149,EUR_PER_USD,4,v1.0,VALID,SYNTHETIC,hash_fx_000010,True
11,FX_USD_INR,2024-01-06 00:00:00,2024-01-06 18:00:00,82.8297,INR_PER_USD,4,v1.0,VALID,SYNTHETIC,hash_fx_000011,True
12,FX_USD_EUR,2024-01-06 00:00:00,2024-01-06 18:00:00,0.9151,EUR_PER_USD,4,v1.0,VALID,SYNTHETIC,hash_fx_000012,True
13,FX_USD_INR,2024-01-07 00:00:00,2024-01-07 18:00:00,82.7988,INR_PER_USD,4,v1.0,VALID,SYNTHETIC,hash_fx_000013,True
14,FX_USD_EUR,2024-01-07 00:00:00,2024-01-07 18:00:00,0.9152,EUR_PER_USD,4,v1.0,VALID,SYNTHETIC,hash_fx_000014,True
15,FX_USD_INR,2024-01-08 00:00:00,2024-01-08 18:00:00,82.8182,INR_PER_USD,4,v1.0,VALID,SYNTHETIC,hash_fx_000015,True
16,FX_USD_EUR,2024-01-08 00:00:00,2024-01-08 18:00:00,0.9148,EUR_PER_USD,4,v1.0,VALID,SYNTHETIC,hash_fx_000016,True
17,FX_USD_INR,2024-01-09 00:00:00,2024-01-09 18:00:00,82.7782,INR_PER_USD,4,v1.0,VALID,SYNTHETIC,hash_fx_000017,True
18,FX_USD_EUR,2024-01-09 00:00:00,2024-01-09 18:00:00,0.9157,EUR_PER_USD,4,v1.0,VALID,SYNTHETIC,hash_fx_000018,True
19,FX_USD_INR,2024-01-10 00:00:00,2024-01-10 18:00:00,82.7503,INR_PER_USD,4,v1.0,VALID,SYNTHETIC,hash_fx_000019,True
20,FX_USD_EUR,2024-01-10 00:00:00,2024-01-10 18:00:00,0.9167,EUR_PER_USD,4,v1.0,VALID,SYNTHETIC,hash_fx_000020,True
21,FX_USD_INR,2024-01-11 00:00:00,2024-01-11 18:00:00,82.8428,INR_PER_USD,4,v1.0,VALID,SYNTHETIC,hash_fx_000021,True
22,FX_USD_EUR,2024-01-11 00:00:00,2024-01-11 18:00:00,0.9174,EUR_PER_USD,4,v1.0,VALID,SYNTHETIC,hash_fx_000022,True
23,FX_USD_INR,2024-01-12 00:00:00,2024-01-12 18:00:00,82.8935,INR_PER_USD,4,v1.0,VALID,SYNTHETIC,hash_fx_000023,True
24,FX_USD_EUR,2024-01-12 00:00:00,2024-01-12 18:00:00,0.9155,EUR_PER_USD,4,v1.0,VALID,SYNTHETIC,hash_fx_000024,True
25,FX_USD_INR,2024-01-13 00:00:00,2024-01-13 18:00:00,82.8062,INR_PER_USD,4,v1.0,VALID,SYNTHETIC,hash_fx_000025,True
26,FX_USD_EUR,2024-01-13 00:00:00,2024-01-13 18:00:00,0.9154,EUR_PER_USD,4,v1.0,VALID,SYNTHETIC,hash_fx_000026,True
27,FX_USD_INR,2024-01-14 00:00:00,2024-01-14 18:00:00,82.8104,INR_PER_USD,4,v1.0,VALID,SYNTHETIC,hash_fx_000027,True
28,FX_USD_EUR,2024-01-14 00:00:00,2024-01-14 18:00:00,0.9158,EUR_PER_USD,4,v1.0,VALID,SYNTHETIC,hash_fx_000028,True
29,FX_USD_INR,2024-01-15 00:00:00,2024-01-15 18:00:00,82.7551,INR_PER_USD,4,v1.0,VALID,SYNTHETIC,hash_fx_000029,True
30,FX_USD_EUR,2024-01-15 00:00:00,2024-01-15 18:00:00,0.9168,EUR_PER_USD,4,v1.0,VALID,SYNTHETIC,hash_fx_000030,True
31,FX_USD_INR,2024-01-16 00:00:00,2024-01-16 18:00:00,82.8731,INR_PER_USD,4,v1.0,VALID,SYNTHETIC,hash_fx_000031,True
32,FX_USD_EUR,2024-01-16 00:00:00,2024-01-16 18:00:00,0.9173,EUR_PER_USD,4,v1.0,VALID,SYNTHETIC,hash_fx_000032,True
33,FX_USD_INR,2024-01-17 00:00:00,2024-01-17 18:00:00,82.9514,INR_PER_USD,4,v1.0,VALID,SYNTHETIC,hash_fx_000033,True
34,FX_USD_EUR,2024-01-17 00:00:00,2024-01-17 18:00:00,0.9156,EUR_PER_USD,4,v1.0,VALID,SYNTHETIC,hash_fx_000034,True
35,FX_USD_INR,2024-01-18 00:00:00,2024-01-18 18:00:00,82.8624,INR_PER_USD,4,v1.0,VALID,SYNTHETIC,hash_fx_000035,True
36,FX_USD_EUR,2024-01-18 00:00:00,2024-01-18 18:00:00,0.9146,EUR_PER_USD,4,v1.0,VALID,SYNTHETIC,hash_fx_000036,True
37,FX_USD_INR,2024-01-19 00:00:00,2024-01-19 18:00:00,82.8709,INR_PER_USD,4,v1.0,VALID,SYNTHETIC,hash_fx_000037,True
38,FX_USD_EUR,2024-01-19 00:00:00,2024-01-19 18:00:00,0.9211,EUR_PER_USD,4,v1.0,VALID,SYNTHETIC,hash_fx_000038,True
39,FX_USD_INR,2024-01-20 00:00:00,2024-01-20 18:00:00,82.9417,INR_PER_USD,4,v1.0,VALID,SYNTHETIC,hash_fx_000039,True
40,FX_USD_EUR,2024-01-20 00:00:00,2024-01-20 18:00:00,0.9158,EUR_PER_USD,4,v1.0,VALID,SYNTHETIC,hash_fx_000040,True
41,FX_USD_INR,2024-01-21 00:00:00,2024-01-21 18:00:00,82.8804,INR_PER_USD,4,v1.0,VALID,SYNTHETIC,hash_fx_000041,True
42,FX_USD_EUR,2024-01-21 00:00:00,2024-01-21 18:00:00,0.919,EUR_PER_USD,4,v1.0,VALID,SYNTHETIC,hash_fx_000042,True
43,FX_USD_INR,2024-01-22 00:00:00,2024-01-22 18:00:00,82.7482,INR_PER_USD,4,v1.0,VALID,SYNTHETIC,hash_fx_000043,True
44,FX_USD_EUR,2024-01-22 00:00:00,2024-01-22 18:00:00,0.9134,EUR_PER_USD,4,v1.0,VALID,SYNTHETIC,hash_fx_000044,True
45,FX_USD_INR,2024-01-23 00:00:00,2024-01-23 18:00:00,82.9868,INR_PER_USD,4,v1.0,VALID,SYNTHETIC,hash_fx_000045,True
46,FX_USD_EUR,2024-01-23 00:00:00,2024-01-23 18:00:00,0.9187,EUR_PER_USD,4,v1.0,VALID,SYNTHETIC,hash_fx_000046,True
47,FX_USD_INR,2024-01-24 00:00:00,2024-01-24 18:00:00,82.9841,INR_PER_USD,4,v1.0,VALID,SYNTHETIC,hash_fx_000047,True
48,FX_USD_EUR,2024-01-24 00:00:00,2024-01-24 18:00:00,0.9135,EUR_PER_USD,4,v1.0,VALID,SYNTHETIC,hash_fx_000048,True
49,FX_USD_INR,2024-01-25 00:00:00,2024-01-25 18:00:00,82.764,INR_PER_USD,4,v1.0,VALID,SYNTHETIC,hash_fx_000049,True
50,FX_USD_EUR,2024-01-25 00:00:00,2024-01-25 18:00:00,0.9168,EUR_PER_USD,4,v1.0,VALID,SYNTHETIC,hash_fx_000050,True
51,FX_USD_INR,2024-01-26 00:00:00,2024-01-26 18:00:00,82.8778,INR_PER_USD,4,v1.0,VALID,SYNTHETIC,hash_fx_000051,True
52,FX_USD_EUR,2024-01-26 00:00:00,2024-01-26 18:00:00,0.9171,EUR_PER_USD,4,v1.0,VALID,SYNTHETIC,hash_fx_000052,True
53,FX_USD_INR,2024-01-27 00:00:00,2024-01-27 18:00:00,82.8842,INR_PER_USD,4,v1.0,VALID,SYNTHETIC,hash_fx_000053,True
54,FX_USD_EUR,2024-01-27 00:00:00,2024-01-27 18:00:00,0.916,EUR_PER_USD,4,v1.0,VALID,SYNTHETIC,hash_fx_000054,True
55,FX_USD_INR,2024-01-28 00:00:00,2024-01-28 18:00:00,82.8047,INR_PER_USD,4,v1.0,VALID,SYNTHETIC,hash_fx_000055,True
56,FX_USD_EUR,2024-01-28 00:00:00,2024-01-28 18:00:00,0.9161,EUR_PER_USD,4,v1.0,VALID,SYNTHETIC,hash_fx_000056,True
57,FX_USD_INR,2024-01-29 00:00:00,2024-01-29 18:00:00,82.7143,INR_PER_USD,4,v1.0,VALID,SYNTHETIC,hash_fx_000057,True
58,FX_USD_EUR,2024-01-29 00:00:00,2024-01-29 18:00:00,0.9179,EUR_PER_USD,4,v1.0,VALID,SYNTHETIC,hash_fx_000058,True
59,FX_USD_INR,2024-01-30 00:00:00,2024-01-30 18:00:00,82.8337,INR_PER_USD,4,v1.0,VALID,SYNTHETIC,hash_fx_000059,True
60,FX_USD_EUR,2024-01-30 00:00:00,2024-01-30 18:00:00,0.9143,EUR_PER_USD,4,v1.0,VALID,SYNTHETIC,hash_fx_000060,True
61,FX_USD_INR,2024-01-31 00:00:00,2024-01-31 18:00:00,82.7328,INR_PER_USD,4,v1.0,VALID,SYNTHETIC,hash_fx_000061,True
62,FX_USD_EUR,2024-01-31 00:00:00,2024-01-31 18:00:00,0.917,EUR_PER_USD,4,v1.0,VALID,SYNTHETIC,hash_fx_000062,True
63,FX_USD_INR,2024-02-01 00:00:00,2024-02-01 18:00:00,82.7903,INR_PER_USD,4,v1.0,VALID,SYNTHETIC,hash_fx_000063,True
64,FX_USD_EUR,2024-02-01 00:00:00,2024-02-01 18:00:00,0.916,EUR_PER_USD,4,v1.0,VALID,SYNTHETIC,hash_fx_000064,True
65,FX_USD_INR,2024-02-02 00:00:00,2024-02-02 18:00:00,82.819,INR_PER_USD,4,v1.0,VALID,SYNTHETIC,hash_fx_000065,True
66,FX_USD_EUR,2024-02-02 00:00:00,2024-02-02 18:00:00,0.9151,EUR_PER_USD,4,v1.0,VALID,SYNTHETIC,hash_fx_000066,True
67,FX_USD_INR,2024-02-03 00:00:00,2024-02-03 18:00:00,82.9924,INR_PER_USD,4,v1.0,VALID,SYNTHETIC,hash_fx_000067,True
68,FX_USD_EUR,2024-02-03 00:00:00,2024-02-03 18:00:00,0.9147,EUR_PER_USD,4,v1.0,VALID,SYNTHETIC,hash_fx_000068,True
69,FX_USD_INR,2024-02-04 00:00:00,2024-02-04 18:00:00,82.7234,INR_PER_USD,4,v1.0,VALID,SYNTHETIC,hash_fx_000069,True
70,FX_USD_EUR,2024-02-04 00:00:00,2024-02-04 18:00:00,0.9159,EUR_PER_USD,4,v1.0,VALID,SYNTHETIC,hash_fx_000070,True
71,FX_USD_INR,2024-02-05 00:00:00,2024-02-05 18:00:00,82.8955,INR_PER_USD,4,v1.0,VALID,SYNTHETIC,hash_fx_000071,True
72,FX_USD_EUR,2024-02-05 00:00:00,2024-02-05 18:00:00,0.9135,EUR_PER_USD,4,v1.0,VALID,SYNTHETIC,hash_fx_000072,True
73,FX_USD_INR,2024-02-06 00:00:00,2024-02-06 18:00:00,82.8006,INR_PER_USD,4,v1.0,VALID,SYNTHETIC,hash_fx_000073,True
74,FX_USD_EUR,2024-02-06 00:00:00,2024-02-06 18:00:00,0.9158,EUR_PER_USD,4,v1.0,VALID,SYNTHETIC,hash_fx_000074,True
75,FX_USD_INR,2024-02-07 00:00:00,2024-02-07 18:00:00,82.926,INR_PER_USD,4,v1.0,VALID,SYNTHETIC,hash_fx_000075,True
76,FX_USD_EUR,2024-02-07 00:00:00,2024-02-07 18:00:00,0.9153,EUR_PER_USD,4,v1.0,VALID,SYNTHETIC,hash_fx_000076,True
77,FX_USD_INR,2024-02-08 00:00:00,2024-02-08 18:00:00,82.9366,INR_PER_USD,4,v1.0,VALID,SYNTHETIC,hash_fx_000077,True
78,FX_USD_EUR,2024-02-08 00:00:00,2024-02-08 18:00:00,0.9181,EUR_PER_USD,4,v1.0,VALID,SYNTHETIC,hash_fx_000078,True
79,FX_USD_INR,2024-02-09 00:00:00,2024-02-09 18:00:00,82.8872,INR_PER_USD,4,v1.0,VALID,SYNTHETIC,hash_fx_000079,True
80,FX_USD_EUR,2024-02-09 00:00:00,2024-02-09 18:00:00,0.9159,EUR_PER_USD,4,v1.0,VALID,SYNTHETIC,hash_fx_000080,True
81,FX_USD_INR,2024-02-10 00:00:00,2024-02-10 18:00:00,82.7132,INR_PER_USD,4,v1.0,VALID,SYNTHETIC,hash_fx_000081,True
82,FX_USD_EUR,2024-02-10 00:00:00,2024-02-10 18:00:00,0.9176,EUR_PER_USD,4,v1.0,VALID,SYNTHETIC,hash_fx_000082,True
83,FX_USD_INR,2024-02-11 00:00:00,2024-02-11 18:00:00,82.977,INR_PER_USD,4,v1.0,VALID,SYNTHETIC,hash_fx_000083,True
84,FX_USD_EUR,2024-02-11 00:00:00,2024-02-11 18:00:00,0.9165,EUR_PER_USD,4,v1.0,VALID,SYNTHETIC,hash_fx_000084,True
85,FX_USD_INR,2024-02-12 00:00:00,2024-02-12 18:00:00,82.8191,INR_PER_USD,4,v1.0,VALID,SYNTHETIC,hash_fx_000085,True
86,FX_USD_EUR,2024-02-12 00:00:00,2024-02-12 18:00:00,0.9162,EUR_PER_USD,4,v1.0,VALID,SYNTHETIC,hash_fx_000086,True
87,FX_USD_INR,2024-02-13 00:00:00,2024-02-13 18:00:00,82.9457,INR_PER_USD,4,v1.0,VALID,SYNTHETIC,hash_fx_000087,True
88,FX_USD_EUR,2024-02-13 00:00:00,2024-02-13 18:00:00,0.9154,EUR_PER_USD,4,v1.0,VALID,SYNTHETIC,hash_fx_000088,True
89,FX_USD_INR,2024-02-14 00:00:00,2024-02-14 18:00:00,82.9305,INR_PER_USD,4,v1.0,VALID,SYNTHETIC,hash_fx_000089,True
90,FX_USD_EUR,2024-02-14 00:00:00,2024-02-14 18:00:00,0.9151,EUR_PER_USD,4,v1.0,VALID,SYNTHETIC,hash_fx_000090,True
91,FX_USD_INR,2024-02-15 00:00:00,2024-02-15 18:00:00,82.8461,INR_PER_USD,4,v1.0,VALID,SYNTHETIC,hash_fx_000091,True
92,FX_USD_EUR,2024-02-15 00:00:00,2024-02-15 18:00:00,0.9147,EUR_PER_USD,4,v1.0,VALID,SYNTHETIC,hash_fx_000092,True
93,FX_USD_INR,2024-02-16 00:00:00,2024-02-16 18:00:00,82.9291,INR_PER_USD,4,v1.0,VALID,SYNTHETIC,hash_fx_000093,True
94,FX_USD_EUR,2024-02-16 00:00:00,2024-02-16 18:00:00,0.9153,EUR_PER_USD,4,v1.0,VALID,SYNTHETIC,hash_fx_000094,True
95,FX_USD_INR,2024-02-17 00:00:00,2024-02-17 18:00:00,82.761,INR_PER_USD,4,v1.0,VALID,SYNTHETIC,hash_fx_000095,True
96,FX_USD_EUR,2024-02-17 00:00:00,2024-02-17 18:00:00,0.913,EUR_PER_USD,4,v1.0,VALID,SYNTHETIC,hash_fx_000096,True
97,FX_USD_INR,2024-02-18 00:00:00,2024-02-18 18:00:00,82.8018,INR_PER_USD,4,v1.0,VALID,SYNTHETIC,hash_fx_000097,True
98,FX_USD_EUR,2024-02-18 00:00:00,2024-02-18 18:00:00,0.9172,EUR_PER_USD,4,v1.0,VALID,SYNTHETIC,hash_fx_000098,True
99,FX_USD_INR,2024-02-19 00:00:00,2024-02-19 18:00:00,82.8518,INR_PER_USD,4,v1.0,VALID,SYNTHETIC,hash_fx_000099,True
100,FX_USD_EUR,2024-02-19 00:00:00,2024-02-19 18:00:00,0.9158,EUR_PER_USD,4,v1.0,VALID,SYNTHETIC,hash_fx_000100,True
101,FX_USD_INR,2024-02-20 00:00:00,2024-02-20 18:00:00,82.8337,INR_PER_USD,4,v1.0,VALID,SYNTHETIC,hash_fx_000101,True
102,FX_USD_EUR,2024-02-20 00:00:00,2024-02-20 18:00:00,0.9172,EUR_PER_USD,4,v1.0,VALID,SYNTHETIC,hash_fx_000102,True
103,FX_USD_INR,2024-02-21 00:00:00,2024-02-21 18:00:00,82.8886,INR_PER_USD,4,v1.0,VALID,SYNTHETIC,hash_fx_000103,True
104,FX_USD_EUR,2024-02-21 00:00:00,2024-02-21 18:00:00,0.9162,EUR_PER_USD,4,v1.0,VALID,SYNTHETIC,hash_fx_000104,True
105,FX_USD_INR,2024-02-22 00:00:00,2024-02-22 18:00:00,82.8482,INR_PER_USD,4,v1.0,VALID,SYNTHETIC,hash_fx_000105,True
106,FX_USD_EUR,2024-02-22 00:00:00,2024-02-22 18:00:00,0.9133,EUR_PER_USD,4,v1.0,VALID,SYNTHETIC,hash_fx_000106,True
107,FX_USD_INR,2024-02-23 00:00:00,2024-02-23 18:00:00,82.9819,INR_PER_USD,4,v1.0,VALID,SYNTHETIC,hash_fx_000107,True
108,FX_USD_EUR,2024-02-23 00:00:00,2024-02-23 18:00:00,0.9165,EUR_PER_USD,4,v1.0,VALID,SYNTHETIC,hash_fx_000108,True
109,FX_USD_INR,2024-02-24 00:00:00,2024-02-24 18:00:00,83.0491,INR_PER_USD,4,v1.0,VALID,SYNTHETIC,hash_fx_000109,True
110,FX_USD_EUR,2024-02-24 00:00:00,2024-02-24 18:00:00,0.9169,EUR_PER_USD,4,v1.0,VALID,SYNTHETIC,hash_fx_000110,True
111,FX_USD_INR,2024-02-25 00:00:00,2024-02-25 18:00:00,82.9694,INR_PER_USD,4,v1.0,VALID,SYNTHETIC,hash_fx_000111,True
112,FX_USD_EUR,2024-02-25 00:00:00,2024-02-25 18:00:00,0.9153,EUR_PER_USD,4,v1.0,VALID,SYNTHETIC,hash_fx_000112,True
113,FX_USD_INR,2024-02-26 00:00:00,2024-02-26 18:00:00,82.9421,INR_PER_USD,4,v1.0,VALID,SYNTHETIC,hash_fx_000113,True
114,FX_USD_EUR,2024-02-26 00:00:00,2024-02-26 18:00:00,0.9161,EUR_PER_USD,4,v1.0,VALID,SYNTHETIC,hash_fx_000114,True
115,FX_USD_INR,2024-02-27 00:00:00,2024-02-27 18:00:00,82.9188,INR_PER_USD,4,v1.0,VALID,SYNTHETIC,hash_fx_000115,True
116,FX_USD_EUR,2024-02-27 00:00:00,2024-02-27 18:00:00,0.9176,EUR_PER_USD,4,v1.0,VALID,SYNTHETIC,hash_fx_000116,True
117,FX_USD_INR,2024-02-28 00:00:00,2024-02-28 18:00:00,82.9282,INR_PER_USD,4,v1.0,VALID,SYNTHETIC,hash_fx_000117,True
118,FX_USD_EUR,2024-02-28 00:00:00,2024-02-28 18:00:00,0.9146,EUR_PER_USD,4,v1.0,VALID,SYNTHETIC,hash_fx_000118,True
119,FX_USD_INR,2024-02-29 00:00:00,2024-02-29 18:00:00,82.9734,INR_PER_USD,4,v1.0,VALID,SYNTHETIC,hash_fx_000119,True
120,FX_USD_EUR,2024-02-29 00:00:00,2024-02-29 18:00:00,0.918,EUR_PER_USD,4,v1.0,VALID,SYNTHETIC,hash_fx_000120,True
121,FX_USD_INR,2024-03-01 00:00:00,2024-03-01 18:00:00,82.9668,INR_PER_USD,4,v1.0,VALID,SYNTHETIC,hash_fx_000121,True
122,FX_USD_EUR,2024-03-01 00:00:00,2024-03-01 18:00:00,0.9174,EUR_PER_USD,4,v1.0,VALID,SYNTHETIC,hash_fx_000122,True
123,FX_USD_INR,2024-03-02 00:00:00,2024-03-02 18:00:00,82.9348,INR_PER_USD,4,v1.0,VALID,SYNTHETIC,hash_fx_000123,True
124,FX_USD_EUR,2024-03-02 00:00:00,2024-03-02 18:00:00,0.92,EUR_PER_USD,4,v1.0,VALID,SYNTHETIC,hash_fx_000124,True
125,FX_USD_INR,2024-03-03 00:00:00,2024-03-03 18:00:00,83.0179,INR_PER_USD,4,v1.0,VALID,SYNTHETIC,hash_fx_000125,True
126,FX_USD_EUR,2024-03-03 00:00:00,2024-03-03 18:00:00,0.9119,EUR_PER_USD,4,v1.0,VALID,SYNTHETIC,hash_fx_000126,True
127,FX_USD_INR,2024-03-04 00:00:00,2024-03-04 18:00:00,82.8914,INR_PER_USD,4,v1.0,VALID,SYNTHETIC,hash_fx_000127,True
128,FX_USD_EUR,2024-03-04 00:00:00,2024-03-04 18:00:00,0.9174,EUR_PER_USD,4,v1.0,VALID,SYNTHETIC,hash_fx_000128,True
129,FX_USD_INR,2024-03-05 00:00:00,2024-03-05 18:00:00,82.9904,INR_PER_USD,4,v1.0,VALID,SYNTHETIC,hash_fx_000129,True
130,FX_USD_EUR,2024-03-05 00:00:00,2024-03-05 18:00:00,0.9151,EUR_PER_USD,4,v1.0,VALID,SYNTHETIC,hash_fx_000130,True
131,FX_USD_INR,2024-03-06 00:00:00,2024-03-06 18:00:00,82.9443,INR_PER_USD,4,v1.0,VALID,SYNTHETIC,hash_fx_000131,True
132,FX_USD_EUR,2024-03-06 00:00:00,2024-03-06 18:00:00,0.9178,EUR_PER_USD,4,v1.0,VALID,SYNTHETIC,hash_fx_000132,True
133,FX_USD_INR,2024-03-07 00:00:00,2024-03-07 18:00:00,82.8993,INR_PER_USD,4,v1.0,VALID,SYNTHETIC,hash_fx_000133,True
134,FX_USD_EUR,2024-03-07 00:00:00,2024-03-07 18:00:00,0.9127,EUR_PER_USD,4,v1.0,VALID,SYNTHETIC,hash_fx_000134,True
135,FX_USD_INR,2024-03-08 00:00:00,2024-03-08 18:00:00,82.9482,INR_PER_USD,4,v1.0,VALID,SYNTHETIC,hash_fx_000135,True
136,FX_USD_EUR,2024-03-08 00:00:00,2024-03-08 18:00:00,0.9153,EUR_PER_USD,4,v1.0,VALID,SYNTHETIC,hash_fx_000136,True
137,FX_USD_INR,2024-03-09 00:00:00,2024-03-09 18:00:00,82.9625,INR_PER_USD,4,v1.0,VALID,SYNTHETIC,hash_fx_000137,True
138,FX_USD_EUR,2024-03-09 00:00:00,2024-03-09 18:00:00,0.9178,EUR_PER_USD,4,v1.0,VALID,SYNTHETIC,hash_fx_000138,True
139,FX_USD_INR,2024-03-10 00:00:00,2024-03-10 18:00:00,82.8863,INR_PER_USD,4,v1.0,VALID,SYNTHETIC,hash_fx_000139,True
140,FX_USD_EUR,2024-03-10 00:00:00,2024-03-10 18:00:00,0.9165,EUR_PER_USD,4,v1.0,VALID,SYNTHETIC,hash_fx_000140,True
141,FX_USD_INR,2024-03-11 00:00:00,2024-03-11 18:00:00,82.8949,INR_PER_USD,4,v1.0,VALID,SYNTHETIC,hash_fx_000141,True
142,FX_USD_EUR,2024-03-11 00:00:00,2024-03-11 18:00:00,0.9216,EUR_PER_USD,4,v1.0,VALID,SYNTHETIC,hash_fx_000142,True
143,FX_USD_INR,2024-03-12 00:00:00,2024-03-12 18:00:00,82.9438,INR_PER_USD,4,v1.0,VALID,SYNTHETIC,hash_fx_000143,True
144,FX_USD_EUR,2024-03-12 00:00:00,2024-03-12 18:00:00,0.9163,EUR_PER_USD,4,v1.0,VALID,SYNTHETIC,hash_fx_000144,True
145,FX_USD_INR,2024-03-13 00:00:00,2024-03-13 18:00:00,83.0014,INR_PER_USD,4,v1.0,VALID,SYNTHETIC,hash_fx_000145,True
146,FX_USD_EUR,2024-03-13 00:00:00,2024-03-13 18:00:00,0.9193,EUR_PER_USD,4,v1.0,VALID,SYNTHETIC,hash_fx_000146,True
147,FX_USD_INR,2024-03-14 00:00:00,2024-03-14 18:00:00,82.9384,INR_PER_USD,4,v1.0,VALID,SYNTHETIC,hash_fx_000147,True
148,FX_USD_EUR,2024-03-14 00:00:00,2024-03-14 18:00:00,0.9152,EUR_PER_USD,4,v1.0,VALID,SYNTHETIC,hash_fx_000148,True
149,FX_USD_INR,2024-03-15 00:00:00,2024-03-15 18:00:00,82.9867,INR_PER_USD,4,v1.0,VALID,SYNTHETIC,hash_fx_000149,True
150,FX_USD_EUR,2024-03-15 00:00:00,2024-03-15 18:00:00,0.9177,EUR_PER_USD,4,v1.0,VALID,SYNTHETIC,hash_fx_000150,True
151,FX_USD_INR,2024-03-16 00:00:00,2024-03-16 18:00:00,82.9083,INR_PER_USD,4,v1.0,VALID,SYNTHETIC,hash_fx_000151,True
152,FX_USD_EUR,2024-03-16 00:00:00,2024-03-16 18:00:00,0.9163,EUR_PER_USD,4,v1.0,VALID,SYNTHETIC,hash_fx_000152,True
153,FX_USD_INR,2024-03-17 00:00:00,2024-03-17 18:00:00,83.0374,INR_PER_USD,4,v1.0,VALID,SYNTHETIC,hash_fx_000153,True
154,FX_USD_EUR,2024-03-17 00:00:00,2024-03-17 18:00:00,0.917,EUR_PER_USD,4,v1.0,VALID,SYNTHETIC,hash_fx_000154,True
155,FX_USD_INR,2024-03-18 00:00:00,2024-03-18 18:00:00,82.992,INR_PER_USD,4,v1.0,VALID,SYNTHETIC,hash_fx_000155,True
156,FX_USD_EUR,2024-03-18 00:00:00,2024-03-18 18:00:00,0.9157,EUR_PER_USD,4,v1.0,VALID,SYNTHETIC,hash_fx_000156,True
157,FX_USD_INR,2024-03-19 00:00:00,2024-03-19 18:00:00,82.8314,INR_PER_USD,4,v1.0,VALID,SYNTHETIC,hash_fx_000157,True
158,FX_USD_EUR,2024-03-19 00:00:00,2024-03-19 18:00:00,0.9134,EUR_PER_USD,4,v1.0,VALID,SYNTHETIC,hash_fx_000158,True
159,FX_USD_INR,2024-03-20 00:00:00,2024-03-20 18:00:00,83.02,INR_PER_USD,4,v1.0,VALID,SYNTHETIC,hash_fx_000159,True
160,FX_USD_EUR,2024-03-20 00:00:00,2024-03-20 18:00:00,0.9137,EUR_PER_USD,4,v1.0,VALID,SYNTHETIC,hash_fx_000160,True
161,FX_USD_INR,2024-03-21 00:00:00,2024-03-21 18:00:00,82.9852,INR_PER_USD,4,v1.0,VALID,SYNTHETIC,hash_fx_000161,True
162,FX_USD_EUR,2024-03-21 00:00:00,2024-03-21 18:00:00,0.9165,EUR_PER_USD,4,v1.0,VALID,SYNTHETIC,hash_fx_000162,True
163,FX_USD_INR,2024-03-22 00:00:00,2024-03-22 18:00:00,82.9879,INR_PER_USD,4,v1.0,VALID,SYNTHETIC,hash_fx_000163,True
164,FX_USD_EUR,2024-03-22 00:00:00,2024-03-22 18:00:00,0.9164,EUR_PER_USD,4,v1.0,VALID,SYNTHETIC,hash_fx_000164,True
165,FX_USD_INR,2024-03-23 00:00:00,2024-03-23 18:00:00,82.9694,INR_PER_USD,4,v1.0,VALID,SYNTHETIC,hash_fx_000165,True
166,FX_USD_EUR,2024-03-23 00:00:00,2024-03-23 18:00:00,0.9147,EUR_PER_USD,4,v1.0,VALID,SYNTHETIC,hash_fx_000166,True
167,FX_USD_INR,2024-03-24 00:00:00,2024-03-24 18:00:00,82.9364,INR_PER_USD,4,v1.0,VALID,SYNTHETIC,hash_fx_000167,True
168,FX_USD_EUR,2024-03-24 00:00:00,2024-03-24 18:00:00,0.9196,EUR_PER_USD,4,v1.0,VALID,SYNTHETIC,hash_fx_000168,True
169,FX_USD_INR,2024-03-25 00:00:00,2024-03-25 18:00:00,83.0174,INR_PER_USD,4,v1.0,VALID,SYNTHETIC,hash_fx_000169,True
170,FX_USD_EUR,2024-03-25 00:00:00,2024-03-25 18:00:00,0.918,EUR_PER_USD,4,v1.0,VALID,SYNTHETIC,hash_fx_000170,True
171,FX_USD_INR,2024-03-26 00:00:00,2024-03-26 18:00:00,82.9223,INR_PER_USD,4,v1.0,VALID,SYNTHETIC,hash_fx_000171,True
172,FX_USD_EUR,2024-03-26 00:00:00,2024-03-26 18:00:00,0.9155,EUR_PER_USD,4,v1.0,VALID,SYNTHETIC,hash_fx_000172,True
173,FX_USD_INR,2024-03-27 00:00:00,2024-03-27 18:00:00,82.8916,INR_PER_USD,4,v1.0,VALID,SYNTHETIC,hash_fx_000173,True
174,FX_USD_EUR,2024-03-27 00:00:00,2024-03-27 18:00:00,0.9174,EUR_PER_USD,4,v1.0,VALID,SYNTHETIC,hash_fx_000174,True
175,FX_USD_INR,2024-03-28 00:00:00,2024-03-28 18:00:00,83.0812,INR_PER_USD,4,v1.0,VALID,SYNTHETIC,hash_fx_000175,True
176,FX_USD_EUR,2024-03-28 00:00:00,2024-03-28 18:00:00,0.9171,EUR_PER_USD,4,v1.0,VALID,SYNTHETIC,hash_fx_000176,True
177,FX_USD_INR,2024-03-29 00:00:00,2024-03-29 18:00:00,82.9794,INR_PER_USD,4,v1.0,VALID,SYNTHETIC,hash_fx_000177,True
178,FX_USD_EUR,2024-03-29 00:00:00,2024-03-29 18:00:00,0.918,EUR_PER_USD,4,v1.0,VALID,SYNTHETIC,hash_fx_000178,True
179,FX_USD_INR,2024-03-30 00:00:00,2024-03-30 18:00:00,82.94,INR_PER_USD,4,v1.0,VALID,SYNTHETIC,hash_fx_000179,True
180,FX_USD_EUR,2024-03-30 00:00:00,2024-03-30 18:00:00,0.9168,EUR_PER_USD,4,v1.0,VALID,SYNTHETIC,hash_fx_000180,True
181,FX_USD_INR,2024-03-31 00:00:00,2024-03-31 18:00:00,82.9731,INR_PER_USD,4,v1.0,VALID,SYNTHETIC,hash_fx_000181,True
182,FX_USD_EUR,2024-03-31 00:00:00,2024-03-31 18:00:00,0.9154,EUR_PER_USD,4,v1.0,VALID,SYNTHETIC,hash_fx_000182,True
183,FX_USD_INR,2024-04-01 00:00:00,2024-04-01 18:00:00,83.039,INR_PER_USD,4,v1.0,VALID,SYNTHETIC,hash_fx_000183,True
184,FX_USD_EUR,2024-04-01 00:00:00,2024-04-01 18:00:00,0.9156,EUR_PER_USD,4,v1.0,VALID,SYNTHETIC,hash_fx_000184,True
185,FX_USD_INR,2024-04-02 00:00:00,2024-04-02 18:00:00,82.9139,INR_PER_USD,4,v1.0,VALID,SYNTHETIC,hash_fx_000185,True
186,FX_USD_EUR,2024-04-02 00:00:00,2024-04-02 18:00:00,0.9163,EUR_PER_USD,4,v1.0,VALID,SYNTHETIC,hash_fx_000186,True
187,FX_USD_INR,2024-04-03 00:00:00,2024-04-03 18:00:00,82.9036,INR_PER_USD,4,v1.0,VALID,SYNTHETIC,hash_fx_000187,True
188,FX_USD_EUR,2024-04-03 00:00:00,2024-04-03 18:00:00,0.9193,EUR_PER_USD,4,v1.0,VALID,SYNTHETIC,hash_fx_000188,True
189,FX_USD_INR,2024-04-04 00:00:00,2024-04-04 18:00:00,83.0441,INR_PER_USD,4,v1.0,VALID,SYNTHETIC,hash_fx_000189,True
190,FX_USD_EUR,2024-04-04 00:00:00,2024-04-04 18:00:00,0.9212,EUR_PER_USD,4,v1.0,VALID,SYNTHETIC,hash_fx_000190,True
191,FX_USD_INR,2024-04-05 00:00:00,2024-04-05 18:00:00,82.9684,INR_PER_USD,4,v1.0,VALID,SYNTHETIC,hash_fx_000191,True
192,FX_USD_EUR,2024-04-05 00:00:00,2024-04-05 18:00:00,0.92,EUR_PER_USD,4,v1.0,VALID,SYNTHETIC,hash_fx_000192,True
193,FX_USD_INR,2024-04-06 00:00:00,2024-04-06 18:00:00,82.9836,INR_PER_USD,4,v1.0,VALID,SYNTHETIC,hash_fx_000193,True
194,FX_USD_EUR,2024-04-06 00:00:00,2024-04-06 18:00:00,0.9166,EUR_PER_USD,4,v1.0,VALID,SYNTHETIC,hash_fx_000194,True
195,FX_USD_INR,2024-04-07 00:00:00,2024-04-07 18:00:00,82.9137,INR_PER_USD,4,v1.0,VALID,SYNTHETIC,hash_fx_000195,True
196,FX_USD_EUR,2024-04-07 00:00:00,2024-04-07 18:00:00,0.9155,EUR_PER_USD,4,v1.0,VALID,SYNTHETIC,hash_fx_000196,True
197,FX_USD_INR,2024-04-08 00:00:00,2024-04-08 18:00:00,82.9913,INR_PER_USD,4,v1.0,VALID,SYNTHETIC,hash_fx_000197,True
198,FX_USD_EUR,2024-04-08 00:00:00,2024-04-08 18:00:00,0.9158,EUR_PER_USD,4,v1.0,VALID,SYNTHETIC,hash_fx_000198,True
199,FX_USD_INR,2024-04-09 00:00:00,2024-04-09 18:00:00,82.8827,INR_PER_USD,4,v1.0,VALID,SYNTHETIC,hash_fx_000199,True
200,FX_USD_EUR,2024-04-09 00:00:00,2024-04-09 18:00:00,0.9178,EUR_PER_USD,4,v1.0,VALID,SYNTHETIC,hash_fx_000200,True
201,FX_USD_INR,2024-04-10 00:00:00,2024-04-10 18:00:00,83.1549,INR_PER_USD,4,v1.0,VALID,SYNTHETIC,hash_fx_000201,True
202,FX_USD_EUR,2024-04-10 00:00:00,2024-04-10 18:00:00,0.9191,EUR_PER_USD,4,v1.0,VALID,SYNTHETIC,hash_fx_000202,True
203,FX_USD_INR,2024-04-11 00:00:00,2024-04-11 18:00:00,82.9735,INR_PER_USD,4,v1.0,VALID,SYNTHETIC,hash_fx_000203,True
204,FX_USD_EUR,2024-04-11 00:00:00,2024-04-11 18:00:00,0.9147,EUR_PER_USD,4,v1.0,VALID,SYNTHETIC,hash_fx_000204,True
205,FX_USD_INR,2024-04-12 00:00:00,2024-04-12 18:00:00,83.054,INR_PER_USD,4,v1.0,VALID,SYNTHETIC,hash_fx_000205,True
206,FX_USD_EUR,2024-04-12 00:00:00,2024-04-12 18:00:00,0.9203,EUR_PER_USD,4,v1.0,VALID,SYNTHETIC,hash_fx_000206,True
207,FX_USD_INR,2024-04-13 00:00:00,2024-04-13 18:00:00,82.9029,INR_PER_USD,4,v1.0,VALID,SYNTHETIC,hash_fx_000207,True
208,FX_USD_EUR,2024-04-13 00:00:00,2024-04-13 18:00:00,0.9174,EUR_PER_USD,4,v1.0,VALID,SYNTHETIC,hash_fx_000208,True
209,FX_USD_INR,2024-04-14 00:00:00,2024-04-14 18:00:00,82.9346,INR_PER_USD,4,v1.0,VALID,SYNTHETIC,hash_fx_000209,True
210,FX_USD_EUR,2024-04-14 00:00:00,2024-04-14 18:00:00,0.9164,EUR_PER_USD,4,v1.0,VALID,SYNTHETIC,hash_fx_000210,True
211,FX_USD_INR,2024-04-15 00:00:00,2024-04-15 18:00:00,83.1607,INR_PER_USD,4,v1.0,VALID,SYNTHETIC,hash_fx_000211,True
212,FX_USD_EUR,2024-04-15 00:00:00,2024-04-15 18:00:00,0.9223,EUR_PER_USD,4,v1.0,VALID,SYNTHETIC,hash_fx_000212,True
213,FX_USD_INR,2024-04-16 00:00:00,2024-04-16 18:00:00,83.1588,INR_PER_USD,4,v1.0,VALID,SYNTHETIC,hash_fx_000213,True
214,FX_USD_EUR,2024-04-16 00:00:00,2024-04-16 18:00:00,0.9145,EUR_PER_USD,4,v1.0,VALID,SYNTHETIC,hash_fx_000214,True
215,FX_USD_INR,2024-04-17 00:00:00,2024-04-17 18:00:00,82.9224,INR_PER_USD,4,v1.0,VALID,SYNTHETIC,hash_fx_000215,True
216,FX_USD_EUR,2024-04-17 00:00:00,2024-04-17 18:00:00,0.9184,EUR_PER_USD,4,v1.0,VALID,SYNTHETIC,hash_fx_000216,True
217,FX_USD_INR,2024-04-18 00:00:00,2024-04-18 18:00:00,83.1468,INR_PER_USD,4,v1.0,VALID,SYNTHETIC,hash_fx_000217,True
218,FX_USD_EUR,2024-04-18 00:00:00,2024-04-18 18:00:00,0.9201,EUR_PER_USD,4,v1.0,VALID,SYNTHETIC,hash_fx_000218,True
219,FX_USD_INR,2024-04-19 00:00:00,2024-04-19 18:00:00,82.9881,INR_PER_USD,4,v1.0,VALID,SYNTHETIC,hash_fx_000219,True
220,FX_USD_EUR,2024-04-19 00:00:00,2024-04-19 18:00:00,0.9188,EUR_PER_USD,4,v1.0,VALID,SYNTHETIC,hash_fx_000220,True
221,FX_USD_INR,2024-04-20 00:00:00,2024-04-20 18:00:00,83.0289,INR_PER_USD,4,v1.0,VALID,SYNTHETIC,hash_fx_000221,True
222,FX_USD_EUR,2024-04-20 00:00:00,2024-04-20 18:00:00,0.9208,EUR_PER_USD,4,v1.0,VALID,SYNTHETIC,hash_fx_000222,True
223,FX_USD_INR,2024-04-21 00:00:00,2024-04-21 18:00:00,83.1144,INR_PER_USD,4,v1.0,VALID,SYNTHETIC,hash_fx_000223,True
224,FX_USD_EUR,2024-04-21 00:00:00,2024-04-21 18:00:00,0.9193,EUR_PER_USD,4,v1.0,VALID,SYNTHETIC,hash_fx_000224,True
225,FX_USD_INR,2024-04-22 00:00:00,2024-04-22 18:00:00,82.9889,INR_PER_USD,4,v1.0,VALID,SYNTHETIC,hash_fx_000225,True
226,FX_USD_EUR,2024-04-22 00:00:00,2024-04-22 18:00:00,0.9189,EUR_PER_USD,4,v1.0,VALID,SYNTHETIC,hash_fx_000226,True
227,FX_USD_INR,2024-04-23 00:00:00,2024-04-23 18:00:00,83.0418,INR_PER_USD,4,v1.0,VALID,SYNTHETIC,hash_fx_000227,True
228,FX_USD_EUR,2024-04-23 00:00:00,2024-04-23 18:00:00,0.9163,EUR_PER_USD,4,v1.0,VALID,SYNTHETIC,hash_fx_000228,True
229,FX_USD_INR,2024-04-24 00:00:00,2024-04-24 18:00:00,83.0503,INR_PER_USD,4,v1.0,VALID,SYNTHETIC,hash_fx_000229,True
230,FX_USD_EUR,2024-04-24 00:00:00,2024-04-24 18:00:00,0.9177,EUR_PER_USD,4,v1.0,VALID,SYNTHETIC,hash_fx_000230,True
231,FX_USD_INR,2024-04-25 00:00:00,2024-04-25 18:00:00,83.0749,INR_PER_USD,4,v1.0,VALID,SYNTHETIC,hash_fx_000231,True
232,FX_USD_EUR,2024-04-25 00:00:00,2024-04-25 18:00:00,0.9165,EUR_PER_USD,4,v1.0,VALID,SYNTHETIC,hash_fx_000232,True
233,FX_USD_INR,2024-04-26 00:00:00,2024-04-26 18:00:00,83.0035,INR_PER_USD,4,v1.0,VALID,SYNTHETIC,hash_fx_000233,True
234,FX_USD_EUR,2024-04-26 00:00:00,2024-04-26 18:00:00,0.921,EUR_PER_USD,4,v1.0,VALID,SYNTHETIC,hash_fx_000234,True
235,FX_USD_INR,2024-04-27 00:00:00,2024-04-27 18:00:00,82.9534,INR_PER_USD,4,v1.0,VALID,SYNTHETIC,hash_fx_000235,True
236,FX_USD_EUR,2024-04-27 00:00:00,2024-04-27 18:00:00,0.9154,EUR_PER_USD,4,v1.0,VALID,SYNTHETIC,hash_fx_000236,True
237,FX_USD_INR,2024-04-28 00:00:00,2024-04-28 18:00:00,82.9444,INR_PER_USD,4,v1.0,VALID,SYNTHETIC,hash_fx_000237,True
238,FX_USD_EUR,2024-04-28 00:00:00,2024-04-28 18:00:00,0.9219,EUR_PER_USD,4,v1.0,VALID,SYNTHETIC,hash_fx_000238,True
239,FX_USD_INR,2024-04-29 00:00:00,2024-04-29 18:00:00,83.0262,INR_PER_USD,4,v1.0,VALID,SYNTHETIC,hash_fx_000239,True
240,FX_USD_EUR,2024-04-29 00:00:00,2024-04-29 18:00:00,0.9161,EUR_PER_USD,4,v1.0,VALID,SYNTHETIC,hash_fx_000240,True
241,FX_USD_INR,2024-04-30 00:00:00,2024-04-30 18:00:00,83.0793,INR_PER_USD,4,v1.0,VALID,SYNTHETIC,hash_fx_000241,True
242,FX_USD_EUR,2024-04-30 00:00:00,2024-04-30 18:00:00,0.9195,EUR_PER_USD,4,v1.0,VALID,SYNTHETIC,hash_fx_000242,True
243,FX_USD_INR,2024-05-01 00:00:00,2024-05-01 18:00:00,83.0249,INR_PER_USD,4,v1.0,VALID,SYNTHETIC,hash_fx_000243,True
244,FX_USD_EUR,2024-05-01 00:00:00,2024-05-01 18:00:00,0.9223,EUR_PER_USD,4,v1.0,VALID,SYNTHETIC,hash_fx_000244,True
245,FX_USD_INR,2024-05-02 00:00:00,2024-05-02 18:00:00,82.8158,INR_PER_USD,4,v1.0,VALID,SYNTHETIC,hash_fx_000245,True
246,FX_USD_EUR,2024-05-02 00:00:00,2024-05-02 18:00:00,0.9186,EUR_PER_USD,4,v1.0,VALID,SYNTHETIC,hash_fx_000246,True
247,FX_USD_INR,2024-05-03 00:00:00,2024-05-03 18:00:00,83.1349,INR_PER_USD,4,v1.0,VALID,SYNTHETIC,hash_fx_000247,True
248,FX_USD_EUR,2024-05-03 00:00:00,2024-05-03 18:00:00,0.9199,EUR_PER_USD,4,v1.0,VALID,SYNTHETIC,hash_fx_000248,True
249,FX_USD_INR,2024-05-04 00:00:00,2024-05-04 18:00:00,83.0868,INR_PER_USD,4,v1.0,VALID,SYNTHETIC,hash_fx_000249,True
250,FX_USD_EUR,2024-05-04 00:00:00,2024-05-04 18:00:00,0.9132,EUR_PER_USD,4,v1.0,VALID,SYNTHETIC,hash_fx_000250,True
251,FX_USD_INR,2024-05-05 00:00:00,2024-05-05 18:00:00,83.0488,INR_PER_USD,4,v1.0,VALID,SYNTHETIC,hash_fx_000251,True
252,FX_USD_EUR,2024-05-05 00:00:00,2024-05-05 18:00:00,0.9166,EUR_PER_USD,4,v1.0,VALID,SYNTHETIC,hash_fx_000252,True
253,FX_USD_INR,2024-05-06 00:00:00,2024-05-06 18:00:00,83.0144,INR_PER_USD,4,v1.0,VALID,SYNTHETIC,hash_fx_000253,True
254,FX_USD_EUR,2024-05-06 00:00:00,2024-05-06 18:00:00,0.921,EUR_PER_USD,4,v1.0,VALID,SYNTHETIC,hash_fx_000254,True
255,FX_USD_INR,2024-05-07 00:00:00,2024-05-07 18:00:00,83.1338,INR_PER_USD,4,v1.0,VALID,SYNTHETIC,hash_fx_000255,True
256,FX_USD_EUR,2024-05-07 00:00:00,2024-05-07 18:00:00,0.9186,EUR_PER_USD,4,v1.0,VALID,SYNTHETIC,hash_fx_000256,True
257,FX_USD_INR,2024-05-08 00:00:00,2024-05-08 18:00:00,83.098,INR_PER_USD,4,v1.0,VALID,SYNTHETIC,hash_fx_000257,True
258,FX_USD_EUR,2024-05-08 00:00:00,2024-05-08 18:00:00,0.9157,EUR_PER_USD,4,v1.0,VALID,SYNTHETIC,hash_fx_000258,True
259,FX_USD_INR,2024-05-09 00:00:00,2024-05-09 18:00:00,83.0764,INR_PER_USD,4,v1.0,VALID,SYNTHETIC,hash_fx_000259,True
260,FX_USD_EUR,2024-05-09 00:00:00,2024-05-09 18:00:00,0.9191,EUR_PER_USD,4,v1.0,VALID,SYNTHETIC,hash_fx_000260,True
261,FX_USD_INR,2024-05-10 00:00:00,2024-05-10 18:00:00,83.0133,INR_PER_USD,4,v1.0,VALID,SYNTHETIC,hash_fx_000261,True
262,FX_USD_EUR,2024-05-10 00:00:00,2024-05-10 18:00:00,0.9193,EUR_PER_USD,4,v1.0,VALID,SYNTHETIC,hash_fx_000262,True
263,FX_USD_INR,2024-05-11 00:00:00,2024-05-11 18:00:00,82.9516,INR_PER_USD,4,v1.0,VALID,SYNTHETIC,hash_fx_000263,True
264,FX_USD_EUR,2024-05-11 00:00:00,2024-05-11 18:00:00,0.9182,EUR_PER_USD,4,v1.0,VALID,SYNTHETIC,hash_fx_000264,True
265,FX_USD_INR,2024-05-12 00:00:00,2024-05-12 18:00:00,83.0257,INR_PER_USD,4,v1.0,VALID,SYNTHETIC,hash_fx_000265,True
266,FX_USD_EUR,2024-05-12 00:00:00,2024-05-12 18:00:00,0.9199,EUR_PER_USD,4,v1.0,VALID,SYNTHETIC,hash_fx_000266,True
267,FX_USD_INR,2024-05-13 00:00:00,2024-05-13 18:00:00,83.0792,INR_PER_USD,4,v1.0,VALID,SYNTHETIC,hash_fx_000267,True
268,FX_USD_EUR,2024-05-13 00:00:00,2024-05-13 18:00:00,0.9164,EUR_PER_USD,4,v1.0,VALID,SYNTHETIC,hash_fx_000268,True
269,FX_USD_INR,2024-05-14 00:00:00,2024-05-14 18:00:00,83.1834,INR_PER_USD,4,v1.0,VALID,SYNTHETIC,hash_fx_000269,True
270,FX_USD_EUR,2024-05-14 00:00:00,2024-05-14 18:00:00,0.9199,EUR_PER_USD,4,v1.0,VALID,SYNTHETIC,hash_fx_000270,True
271,FX_USD_INR,2024-05-15 00:00:00,2024-05-15 18:00:00,82.9374,INR_PER_USD,4,v1.0,VALID,SYNTHETIC,hash_fx_000271,True
272,FX_USD_EUR,2024-05-15 00:00:00,2024-05-15 18:00:00,0.921,EUR_PER_USD,4,v1.0,VALID,SYNTHETIC,hash_fx_000272,True
273,FX_USD_INR,2024-05-16 00:00:00,2024-05-16 18:00:00,83.0247,INR_PER_USD,4,v1.0,VALID,SYNTHETIC,hash_fx_000273,True
274,FX_USD_EUR,2024-05-16 00:00:00,2024-05-16 18:00:00,0.9175,EUR_PER_USD,4,v1.0,VALID,SYNTHETIC,hash_fx_000274,True
275,FX_USD_INR,2024-05-17 00:00:00,2024-05-17 18:00:00,83.0562,INR_PER_USD,4,v1.0,VALID,SYNTHETIC,hash_fx_000275,True
276,FX_USD_EUR,2024-05-17 00:00:00,2024-05-17 18:00:00,0.9199,EUR_PER_USD,4,v1.0,VALID,SYNTHETIC,hash_fx_000276,True
277,FX_USD_INR,2024-05-18 00:00:00,2024-05-18 18:00:00,83.0694,INR_PER_USD,4,v1.0,VALID,SYNTHETIC,hash_fx_000277,True
278,FX_USD_EUR,2024-05-18 00:00:00,2024-05-18 18:00:00,0.9188,EUR_PER_USD,4,v1.0,VALID,SYNTHETIC,hash_fx_000278,True
279,FX_USD_INR,2024-05-19 00:00:00,2024-05-19 18:00:00,83.0803,INR_PER_USD,4,v1.0,VALID,SYNTHETIC,hash_fx_000279,True
280,FX_USD_EUR,2024-05-19 00:00:00,2024-05-19 18:00:00,0.9198,EUR_PER_USD,4,v1.0,VALID,SYNTHETIC,hash_fx_000280,True
281,FX_USD_INR,2024-05-20 00:00:00,2024-05-20 18:00:00,83.1577,INR_PER_USD,4,v1.0,VALID,SYNTHETIC,hash_fx_000281,True
282,FX_USD_EUR,2024-05-20 00:00:00,2024-05-20 18:00:00,0.9172,EUR_PER_USD,4,v1.0,VALID,SYNTHETIC,hash_fx_000282,True
283,FX_USD_INR,2024-05-21 00:00:00,2024-05-21 18:00:00,83.179,INR_PER_USD,4,v1.0,VALID,SYNTHETIC,hash_fx_000283,True
284,FX_USD_EUR,2024-05-21 00:00:00,2024-05-21 18:00:00,0.9175,EUR_PER_USD,4,v1.0,VALID,SYNTHETIC,hash_fx_000284,True
285,FX_USD_INR,2024-05-22 00:00:00,2024-05-22 18:00:00,83.0145,INR_PER_USD,4,v1.0,VALID,SYNTHETIC,hash_fx_000285,True
286,FX_USD_EUR,2024-05-22 00:00:00,2024-05-22 18:00:00,0.9198,EUR_PER_USD,4,v1.0,VALID,SYNTHETIC,hash_fx_000286,True
287,FX_USD_INR,2024-05-23 00:00:00,2024-05-23 18:00:00,83.0763,INR_PER_USD,4,v1.0,VALID,SYNTHETIC,hash_fx_000287,True
288,FX_USD_EUR,2024-05-23 00:00:00,2024-05-23 18:00:00,0.9221,EUR_PER_USD,4,v1.0,VALID,SYNTHETIC,hash_fx_000288,True
289,FX_USD_INR,2024-05-24 00:00:00,2024-05-24 18:00:00,83.1759,INR_PER_USD,4,v1.0,VALID,SYNTHETIC,hash_fx_000289,True
290,FX_USD_EUR,2024-05-24 00:00:00,2024-05-24 18:00:00,0.9201,EUR_PER_USD,4,v1.0,VALID,SYNTHETIC,hash_fx_000290,True
291,FX_USD_INR,2024-05-25 00:00:00,2024-05-25 18:00:00,82.9822,INR_PER_USD,4,v1.0,VALID,SYNTHETIC,hash_fx_000291,True
292,FX_USD_EUR,2024-05-25 00:00:00,2024-05-25 18:00:00,0.9192,EUR_PER_USD,4,v1.0,VALID,SYNTHETIC,hash_fx_000292,True
293,FX_USD_INR,2024-05-26 00:00:00,2024-05-26 18:00:00,83.0224,INR_PER_USD,4,v1.0,VALID,SYNTHETIC,hash_fx_000293,True
294,FX_USD_EUR,2024-05-26 00:00:00,2024-05-26 18:00:00,0.9159,EUR_PER_USD,4,v1.0,VALID,SYNTHETIC,hash_fx_000294,True
295,FX_USD_INR,2024-05-27 00:00:00,2024-05-27 18:00:00,83.0117,INR_PER_USD,4,v1.0,VALID,SYNTHETIC,hash_fx_000295,True
296,FX_USD_EUR,2024-05-27 00:00:00,2024-05-27 18:00:00,0.9207,EUR_PER_USD,4,v1.0,VALID,SYNTHETIC,hash_fx_000296,True
297,FX_USD_INR,2024-05-28 00:00:00,2024-05-28 18:00:00,83.118,INR_PER_USD,4,v1.0,VALID,SYNTHETIC,hash_fx_000297,True
298,FX_USD_EUR,2024-05-28 00:00:00,2024-05-28 18:00:00,0.9222,EUR_PER_USD,4,v1.0,VALID,SYNTHETIC,hash_fx_000298,True
299,FX_USD_INR,2024-05-29 00:00:00,2024-05-29 18:00:00,83.0515,INR_PER_USD,4,v1.0,VALID,SYNTHETIC,hash_fx_000299,True
300,FX_USD_EUR,2024-05-29 00:00:00,2024-05-29 18:00:00,0.9199,EUR_PER_USD,4,v1.0,VALID,SYNTHETIC,hash_fx_000300,True
301,FX_USD_INR,2024-05-30 00:00:00,2024-05-30 18:00:00,83.0794,INR_PER_USD,4,v1.0,VALID,SYNTHETIC,hash_fx_000301,True
302,FX_USD_EUR,2024-05-30 00:00:00,2024-05-30 18:00:00,0.9198,EUR_PER_USD,4,v1.0,VALID,SYNTHETIC,hash_fx_000302,True
303,FX_USD_INR,2024-05-31 00:00:00,2024-05-31 18:00:00,83.1488,INR_PER_USD,4,v1.0,VALID,SYNTHETIC,hash_fx_000303,True
304,FX_USD_EUR,2024-05-31 00:00:00,2024-05-31 18:00:00,0.9181,EUR_PER_USD,4,v1.0,VALID,SYNTHETIC,hash_fx_000304,True
305,FX_USD_INR,2024-06-01 00:00:00,2024-06-01 18:00:00,83.0725,INR_PER_USD,4,v1.0,VALID,SYNTHETIC,hash_fx_000305,True
306,FX_USD_EUR,2024-06-01 00:00:00,2024-06-01 18:00:00,0.9237,EUR_PER_USD,4,v1.0,VALID,SYNTHETIC,hash_fx_000306,True
307,FX_USD_INR,2024-06-02 00:00:00,2024-06-02 18:00:00,83.0798,INR_PER_USD,4,v1.0,VALID,SYNTHETIC,hash_fx_000307,True
308,FX_USD_EUR,2024-06-02 00:00:00,2024-06-02 18:00:00,0.9218,EUR_PER_USD,4,v1.0,VALID,SYNTHETIC,hash_fx_000308,True
309,FX_USD_INR,2024-06-03 00:00:00,2024-06-03 18:00:00,83.1537,INR_PER_USD,4,v1.0,VALID,SYNTHETIC,hash_fx_000309,True
310,FX_USD_EUR,2024-06-03 00:00:00,2024-06-03 18:00:00,0.9177,EUR_PER_USD,4,v1.0,VALID,SYNTHETIC,hash_fx_000310,True
311,FX_USD_INR,2024-06-04 00:00:00,2024-06-04 18:00:00,83.1662,INR_PER_USD,4,v1.0,VALID,SYNTHETIC,hash_fx_000311,True
312,FX_USD_EUR,2024-06-04 00:00:00,2024-06-04 18:00:00,0.9189,EUR_PER_USD,4,v1.0,VALID,SYNTHETIC,hash_fx_000312,True
313,FX_USD_INR,2024-06-05 00:00:00,2024-06-05 18:00:00,82.9715,INR_PER_USD,4,v1.0,VALID,SYNTHETIC,hash_fx_000313,True
314,FX_USD_EUR,2024-06-05 00:00:00,2024-06-05 18:00:00,0.9184,EUR_PER_USD,4,v1.0,VALID,SYNTHETIC,hash_fx_000314,True
315,FX_USD_INR,2024-06-06 00:00:00,2024-06-06 18:00:00,83.1272,INR_PER_USD,4,v1.0,VALID,SYNTHETIC,hash_fx_000315,True
316,FX_USD_EUR,2024-06-06 00:00:00,2024-06-06 18:00:00,0.9195,EUR_PER_USD,4,v1.0,VALID,SYNTHETIC,hash_fx_000316,True
317,FX_USD_INR,2024-06-07 00:00:00,2024-06-07 18:00:00,83.0824,INR_PER_USD,4,v1.0,VALID,SYNTHETIC,hash_fx_000317,True
318,FX_USD_EUR,2024-06-07 00:00:00,2024-06-07 18:00:00,0.9172,EUR_PER_USD,4,v1.0,VALID,SYNTHETIC,hash_fx_000318,True
319,FX_USD_INR,2024-06-08 00:00:00,2024-06-08 18:00:00,83.0623,INR_PER_USD,4,v1.0,VALID,SYNTHETIC,hash_fx_000319,True
320,FX_USD_EUR,2024-06-08 00:00:00,2024-06-08 18:00:00,0.9198,EUR_PER_USD,4,v1.0,VALID,SYNTHETIC,hash_fx_000320,True
321,FX_USD_INR,2024-06-09 00:00:00,2024-06-09 18:00:00,83.0259,INR_PER_USD,4,v1.0,VALID,SYNTHETIC,hash_fx_000321,True
322,FX_USD_EUR,2024-06-09 00:00:00,2024-06-09 18:00:00,0.9181,EUR_PER_USD,4,v1.0,VALID,SYNTHETIC,hash_fx_000322,True
323,FX_USD_INR,2024-06-10 00:00:00,2024-06-10 18:00:00,83.1033,INR_PER_USD,4,v1.0,VALID,SYNTHETIC,hash_fx_000323,True
324,FX_USD_EUR,2024-06-10 00:00:00,2024-06-10 18:00:00,0.9175,EUR_PER_USD,4,v1.0,VALID,SYNTHETIC,hash_fx_000324,True
325,FX_USD_INR,2024-06-11 00:00:00,2024-06-11 18:00:00,83.1689,INR_PER_USD,4,v1.0,VALID,SYNTHETIC,hash_fx_000325,True
326,FX_USD_EUR,2024-06-11 00:00:00,2024-06-11 18:00:00,0.9199,EUR_PER_USD,4,v1.0,VALID,SYNTHETIC,hash_fx_000326,True
327,FX_USD_INR,2024-06-12 00:00:00,2024-06-12 18:00:00,83.0581,INR_PER_USD,4,v1.0,VALID,SYNTHETIC,hash_fx_000327,True
328,FX_USD_EUR,2024-06-12 00:00:00,2024-06-12 18:00:00,0.9196,EUR_PER_USD,4,v1.0,VALID,SYNTHETIC,hash_fx_000328,True
329,FX_USD_INR,2024-06-13 00:00:00,2024-06-13 18:00:00,83.1886,INR_PER_USD,4,v1.0,VALID,SYNTHETIC,hash_fx_000329,True
330,FX_USD_EUR,2024-06-13 00:00:00,2024-06-13 18:00:00,0.9217,EUR_PER_USD,4,v1.0,VALID,SYNTHETIC,hash_fx_000330,True
331,FX_USD_INR,2024-06-14 00:00:00,2024-06-14 18:00:00,83.1886,INR_PER_USD,4,v1.0,VALID,SYNTHETIC,hash_fx_000331,True
332,FX_USD_EUR,2024-06-14 00:00:00,2024-06-14 18:00:00,0.9157,EUR_PER_USD,4,v1.0,VALID,SYNTHETIC,hash_fx_000332,True
333,FX_USD_INR,2024-06-15 00:00:00,2024-06-15 18:00:00,83.0988,INR_PER_USD,4,v1.0,VALID,SYNTHETIC,hash_fx_000333,True
334,FX_USD_EUR,2024-06-15 00:00:00,2024-06-15 18:00:00,0.9174,EUR_PER_USD,4,v1.0,VALID,SYNTHETIC,hash_fx_000334,True
335,FX_USD_INR,2024-06-16 00:00:00,2024-06-16 18:00:00,83.1943,INR_PER_USD,4,v1.0,VALID,SYNTHETIC,hash_fx_000335,True
336,FX_USD_EUR,2024-06-16 00:00:00,2024-06-16 18:00:00,0.9184,EUR_PER_USD,4,v1.0,VALID,SYNTHETIC,hash_fx_000336,True
337,FX_USD_INR,2024-06-17 00:00:00,2024-06-17 18:00:00,83.161,INR_PER_USD,4,v1.0,VALID,SYNTHETIC,hash_fx_000337,True
338,FX_USD_EUR,2024-06-17 00:00:00,2024-06-17 18:00:00,0.9195,EUR_PER_USD,4,v1.0,VALID,SYNTHETIC,hash_fx_000338,True
339,FX_USD_INR,2024-06-18 00:00:00,2024-06-18 18:00:00,83.1321,INR_PER_USD,4,v1.0,VALID,SYNTHETIC,hash_fx_000339,True
340,FX_USD_EUR,2024-06-18 00:00:00,2024-06-18 18:00:00,0.9197,EUR_PER_USD,4,v1.0,VALID,SYNTHETIC,hash_fx_000340,True
341,FX_USD_INR,2024-06-19 00:00:00,2024-06-19 18:00:00,83.0745,INR_PER_USD,4,v1.0,VALID,SYNTHETIC,hash_fx_000341,True
342,FX_USD_EUR,2024-06-19 00:00:00,2024-06-19 18:00:00,0.9195,EUR_PER_USD,4,v1.0,VALID,SYNTHETIC,hash_fx_000342,True
343,FX_USD_INR,2024-06-20 00:00:00,2024-06-20 18:00:00,83.2057,INR_PER_USD,4,v1.0,VALID,SYNTHETIC,hash_fx_000343,True
344,FX_USD_EUR,2024-06-20 00:00:00,2024-06-20 18:00:00,0.9189,EUR_PER_USD,4,v1.0,VALID,SYNTHETIC,hash_fx_000344,True
345,FX_USD_INR,2024-06-21 00:00:00,2024-06-21 18:00:00,83.1272,INR_PER_USD,4,v1.0,VALID,SYNTHETIC,hash_fx_000345,True
346,FX_USD_EUR,2024-06-21 00:00:00,2024-06-21 18:00:00,0.9209,EUR_PER_USD,4,v1.0,VALID,SYNTHETIC,hash_fx_000346,True
347,FX_USD_INR,2024-06-22 00:00:00,2024-06-22 18:00:00,83.2135,INR_PER_USD,4,v1.0,VALID,SYNTHETIC,hash_fx_000347,True
348,FX_USD_EUR,2024-06-22 00:00:00,2024-06-22 18:00:00,0.9208,EUR_PER_USD,4,v1.0,VALID,SYNTHETIC,hash_fx_000348,True
349,FX_USD_INR,2024-06-23 00:00:00,2024-06-23 18:00:00,83.2169,INR_PER_USD,4,v1.0,VALID,SYNTHETIC,hash_fx_000349,True
350,FX_USD_EUR,2024-06-23 00:00:00,2024-06-23 18:00:00,0.9223,EUR_PER_USD,4,v1.0,VALID,SYNTHETIC,hash_fx_000350,True
351,FX_USD_INR,2024-06-24 00:00:00,2024-06-24 18:00:00,83.0521,INR_PER_USD,4,v1.0,VALID,SYNTHETIC,hash_fx_000351,True
352,FX_USD_EUR,2024-06-24 00:00:00,2024-06-24 18:00:00,0.92,EUR_PER_USD,4,v1.0,VALID,SYNTHETIC,hash_fx_000352,True
353,FX_USD_INR,2024-06-25 00:00:00,2024-06-25 18:00:00,83.1839,INR_PER_USD,4,v1.0,VALID,SYNTHETIC,hash_fx_000353,True
354,FX_USD_EUR,2024-06-25 00:00:00,2024-06-25 18:00:00,0.9177,EUR_PER_USD,4,v1.0,VALID,SYNTHETIC,hash_fx_000354,True
355,FX_USD_INR,2024-06-26 00:00:00,2024-06-26 18:00:00,83.2323,INR_PER_USD,4,v1.0,VALID,SYNTHETIC,hash_fx_000355,True
356,FX_USD_EUR,2024-06-26 00:00:00,2024-06-26 18:00:00,0.9214,EUR_PER_USD,4,v1.0,VALID,SYNTHETIC,hash_fx_000356,True
357,FX_USD_INR,2024-06-27 00:00:00,2024-06-27 18:00:00,83.2155,INR_PER_USD,4,v1.0,VALID,SYNTHETIC,hash_fx_000357,True
358,FX_USD_EUR,2024-06-27 00:00:00,2024-06-27 18:00:00,0.9214,EUR_PER_USD,4,v1.0,VALID,SYNTHETIC,hash_fx_000358,True
359,FX_USD_INR,2024-06-28 00:00:00,2024-06-28 18:00:00,82.9804,INR_PER_USD,4,v1.0,VALID,SYNTHETIC,hash_fx_000359,True
360,FX_USD_EUR,2024-06-28 00:00:00,2024-06-28 18:00:00,0.9194,EUR_PER_USD,4,v1.0,VALID,SYNTHETIC,hash_fx_000360,True
361,FX_USD_INR,2024-06-29 00:00:00,2024-06-29 18:00:00,83.2491,INR_PER_USD,4,v1.0,VALID,SYNTHETIC,hash_fx_000361,True
362,FX_USD_EUR,2024-06-29 00:00:00,2024-06-29 18:00:00,0.9259,EUR_PER_USD,4,v1.0,VALID,SYNTHETIC,hash_fx_000362,True
363,FX_USD_INR,2024-06-30 00:00:00,2024-06-30 18:00:00,83.1578,INR_PER_USD,4,v1.0,VALID,SYNTHETIC,hash_fx_000363,True
364,FX_USD_EUR,2024-06-30 00:00:00,2024-06-30 18:00:00,0.9171,EUR_PER_USD,4,v1.0,VALID,SYNTHETIC,hash_fx_000364,True
365,FX_USD_INR,2024-07-01 00:00:00,2024-07-01 18:00:00,83.232,INR_PER_USD,4,v1.0,VALID,SYNTHETIC,hash_fx_000365,True
366,FX_USD_EUR,2024-07-01 00:00:00,2024-07-01 18:00:00,0.9194,EUR_PER_USD,4,v1.0,VALID,SYNTHETIC,hash_fx_000366,True
367,FX_USD_INR,2024-07-02 00:00:00,2024-07-02 18:00:00,83.1119,INR_PER_USD,4,v1.0,VALID,SYNTHETIC,hash_fx_000367,True
368,FX_USD_EUR,2024-07-02 00:00:00,2024-07-02 18:00:00,0.9171,EUR_PER_USD,4,v1.0,VALID,SYNTHETIC,hash_fx_000368,True
369,FX_USD_INR,2024-07-03 00:00:00,2024-07-03 18:00:00,83.1645,INR_PER_USD,4,v1.0,VALID,SYNTHETIC,hash_fx_000369,True
370,FX_USD_EUR,2024-07-03 00:00:00,2024-07-03 18:00:00,0.9204,EUR_PER_USD,4,v1.0,VALID,SYNTHETIC,hash_fx_000370,True
371,FX_USD_INR,2024-07-04 00:00:00,2024-07-04 18:00:00,83.2571,INR_PER_USD,4,v1.0,VALID,SYNTHETIC,hash_fx_000371,True
372,FX_USD_EUR,2024-07-04 00:00:00,2024-07-04 18:00:00,0.9161,EUR_PER_USD,4,v1.0,VALID,SYNTHETIC,hash_fx_000372,True
373,FX_USD_INR,2024-07-05 00:00:00,2024-07-05 18:00:00,83.2688,INR_PER_USD,4,v1.0,VALID,SYNTHETIC,hash_fx_000373,True
374,FX_USD_EUR,2024-07-05 00:00:00,2024-07-05 18:00:00,0.9182,EUR_PER_USD,4,v1.0,VALID,SYNTHETIC,hash_fx_000374,True
375,FX_USD_INR,2024-07-06 00:00:00,2024-07-06 18:00:00,83.2245,INR_PER_USD,4,v1.0,VALID,SYNTHETIC,hash_fx_000375,True
376,FX_USD_EUR,2024-07-06 00:00:00,2024-07-06 18:00:00,0.918,EUR_PER_USD,4,v1.0,VALID,SYNTHETIC,hash_fx_000376,True
377,FX_USD_INR,2024-07-07 00:00:00,2024-07-07 18:00:00,83.3066,INR_PER_USD,4,v1.0,VALID,SYNTHETIC,hash_fx_000377,True
378,FX_USD_EUR,2024-07-07 00:00:00,2024-07-07 18:00:00,0.9204,EUR_PER_USD,4,v1.0,VALID,SYNTHETIC,hash_fx_000378,True
379,FX_USD_INR,2024-07-08 00:00:00,2024-07-08 18:00:00,83.1861,INR_PER_USD,4,v1.0,VALID,SYNTHETIC,hash_fx_000379,True
380,FX_USD_EUR,2024-07-08 00:00:00,2024-07-08 18:00:00,0.9221,EUR_PER_USD,4,v1.0,VALID,SYNTHETIC,hash_fx_000380,True
381,FX_USD_INR,2024-07-09 00:00:00,2024-07-09 18:00:00,83.1981,INR_PER_USD,4,v1.0,VALID,SYNTHETIC,hash_fx_000381,True
382,FX_USD_EUR,2024-07-09 00:00:00,2024-07-09 18:00:00,0.9217,EUR_PER_USD,4,v1.0,VALID,SYNTHETIC,hash_fx_000382,True
383,FX_USD_INR,2024-07-10 00:00:00,2024-07-10 18:00:00,83.2031,INR_PER_USD,4,v1.0,VALID,SYNTHETIC,hash_fx_000383,True
384,FX_USD_EUR,2024-07-10 00:00:00,2024-07-10 18:00:00,0.9221,EUR_PER_USD,4,v1.0,VALID,SYNTHETIC,hash_fx_000384,True
385,FX_USD_INR,2024-07-11 00:00:00,2024-07-11 18:00:00,83.2351,INR_PER_USD,4,v1.0,VALID,SYNTHETIC,hash_fx_000385,True
386,FX_USD_EUR,2024-07-11 00:00:00,2024-07-11 18:00:00,0.9205,EUR_PER_USD,4,v1.0,VALID,SYNTHETIC,hash_fx_000386,True
387,FX_USD_INR,2024-07-12 00:00:00,2024-07-12 18:00:00,83.2212,INR_PER_USD,4,v1.0,VALID,SYNTHETIC,hash_fx_000387,True
388,FX_USD_EUR,2024-07-12 00:00:00,2024-07-12 18:00:00,0.924,EUR_PER_USD,4,v1.0,VALID,SYNTHETIC,hash_fx_000388,True
389,FX_USD_INR,2024-07-13 00:00:00,2024-07-13 18:00:00,83.1429,INR_PER_USD,4,v1.0,VALID,SYNTHETIC,hash_fx_000389,True
390,FX_USD_EUR,2024-07-13 00:00:00,2024-07-13 18:00:00,0.9229,EUR_PER_USD,4,v1.0,VALID,SYNTHETIC,hash_fx_000390,True
391,FX_USD_INR,2024-07-14 00:00:00,2024-07-14 18:00:00,83.2973,INR_PER_USD,4,v1.0,VALID,SYNTHETIC,hash_fx_000391,True
392,FX_USD_EUR,2024-07-14 00:00:00,2024-07-14 18:00:00,0.9236,EUR_PER_USD,4,v1.0,VALID,SYNTHETIC,hash_fx_000392,True
393,FX_USD_INR,2024-07-15 00:00:00,2024-07-15 18:00:00,83.1456,INR_PER_USD,4,v1.0,VALID,SYNTHETIC,hash_fx_000393,True
394,FX_USD_EUR,2024-07-15 00:00:00,2024-07-15 18:00:00,0.9202,EUR_PER_USD,4,v1.0,VALID,SYNTHETIC,hash_fx_000394,True
395,FX_USD_INR,2024-07-16 00:00:00,2024-07-16 18:00:00,83.0959,INR_PER_USD,4,v1.0,VALID,SYNTHETIC,hash_fx_000395,True
396,FX_USD_EUR,2024-07-16 00:00:00,2024-07-16 18:00:00,0.921,EUR_PER_USD,4,v1.0,VALID,SYNTHETIC,hash_fx_000396,True
397,FX_USD_INR,2024-07-17 00:00:00,2024-07-17 18:00:00,83.2013,INR_PER_USD,4,v1.0,VALID,SYNTHETIC,hash_fx_000397,True
398,FX_USD_EUR,2024-07-17 00:00:00,2024-07-17 18:00:00,0.9216,EUR_PER_USD,4,v1.0,VALID,SYNTHETIC,hash_fx_000398,True
399,FX_USD_INR,2024-07-18 00:00:00,2024-07-18 18:00:00,83.2393,INR_PER_USD,4,v1.0,VALID,SYNTHETIC,hash_fx_000399,True
400,FX_USD_EUR,2024-07-18 00:00:00,2024-07-18 18:00:00,0.9205,EUR_PER_USD,4,v1.0,VALID,SYNTHETIC,hash_fx_000400,True
401,FX_USD_INR,2024-07-19 00:00:00,2024-07-19 18:00:00,83.278,INR_PER_USD,4,v1.0,VALID,SYNTHETIC,hash_fx_000401,True
402,FX_USD_EUR,2024-07-19 00:00:00,2024-07-19 18:00:00,0.9228,EUR_PER_USD,4,v1.0,VALID,SYNTHETIC,hash_fx_000402,True
403,FX_USD_INR,2024-07-20 00:00:00,2024-07-20 18:00:00,83.1523,INR_PER_USD,4,v1.0,VALID,SYNTHETIC,hash_fx_000403,True
404,FX_USD_EUR,2024-07-20 00:00:00,2024-07-20 18:00:00,0.922,EUR_PER_USD,4,v1.0,VALID,SYNTHETIC,hash_fx_000404,True
405,FX_USD_INR,2024-07-21 00:00:00,2024-07-21 18:00:00,83.2502,INR_PER_USD,4,v1.0,VALID,SYNTHETIC,hash_fx_000405,True
406,FX_USD_EUR,2024-07-21 00:00:00,2024-07-21 18:00:00,0.9201,EUR_PER_USD,4,v1.0,VALID,SYNTHETIC,hash_fx_000406,True
407,FX_USD_INR,2024-07-22 00:00:00,2024-07-22 18:00:00,83.3356,INR_PER_USD,4,v1.0,VALID,SYNTHETIC,hash_fx_000407,True
408,FX_USD_EUR,2024-07-22 00:00:00,2024-07-22 18:00:00,0.9202,EUR_PER_USD,4,v1.0,VALID,SYNTHETIC,hash_fx_000408,True
409,FX_USD_INR,2024-07-23 00:00:00,2024-07-23 18:00:00,83.167,INR_PER_USD,4,v1.0,VALID,SYNTHETIC,hash_fx_000409,True
410,FX_USD_EUR,2024-07-23 00:00:00,2024-07-23 18:00:00,0.9207,EUR_PER_USD,4,v1.0,VALID,SYNTHETIC,hash_fx_000410,True
411,FX_USD_INR,2024-07-24 00:00:00,2024-07-24 18:00:00,83.2186,INR_PER_USD,4,v1.0,VALID,SYNTHETIC,hash_fx_000411,True
412,FX_USD_EUR,2024-07-24 00:00:00,2024-07-24 18:00:00,0.9215,EUR_PER_USD,4,v1.0,VALID,SYNTHETIC,hash_fx_000412,True
413,FX_USD_INR,2024-07-25 00:00:00,2024-07-25 18:00:00,83.2175,INR_PER_USD,4,v1.0,VALID,SYNTHETIC,hash_fx_000413,True
414,FX_USD_EUR,2024-07-25 00:00:00,2024-07-25 18:00:00,0.9176,EUR_PER_USD,4,v1.0,VALID,SYNTHETIC,hash_fx_000414,True
415,FX_USD_INR,2024-07-26 00:00:00,2024-07-26 18:00:00,83.2122,INR_PER_USD,4,v1.0,VALID,SYNTHETIC,hash_fx_000415,True
416,FX_USD_EUR,2024-07-26 00:00:00,2024-07-26 18:00:00,0.9222,EUR_PER_USD,4,v1.0,VALID,SYNTHETIC,hash_fx_000416,True
417,FX_USD_INR,2024-07-27 00:00:00,2024-07-27 18:00:00,83.1888,INR_PER_USD,4,v1.0,VALID,SYNTHETIC,hash_fx_000417,True
418,FX_USD_EUR,2024-07-27 00:00:00,2024-07-27 18:00:00,0.9239,EUR_PER_USD,4,v1.0,VALID,SYNTHETIC,hash_fx_000418,True
419,FX_USD_INR,2024-07-28 00:00:00,2024-07-28 18:00:00,83.2307,INR_PER_USD,4,v1.0,VALID,SYNTHETIC,hash_fx_000419,True
420,FX_USD_EUR,2024-07-28 00:00:00,2024-07-28 18:00:00,0.9209,EUR_PER_USD,4,v1.0,VALID,SYNTHETIC,hash_fx_000420,True
421,FX_USD_INR,2024-07-29 00:00:00,2024-07-29 18:00:00,83.3562,INR_PER_USD,4,v1.0,VALID,SYNTHETIC,hash_fx_000421,True
422,FX_USD_EUR,2024-07-29 00:00:00,2024-07-29 18:00:00,0.9216,EUR_PER_USD,4,v1.0,VALID,SYNTHETIC,hash_fx_000422,True
423,FX_USD_INR,2024-07-30 00:00:00,2024-07-30 18:00:00,83.4013,INR_PER_USD,4,v1.0,VALID,SYNTHETIC,hash_fx_000423,True
424,FX_USD_EUR,2024-07-30 00:00:00,2024-07-30 18:00:00,0.919,EUR_PER_USD,4,v1.0,VALID,SYNTHETIC,hash_fx_000424,True
425,FX_USD_INR,2024-07-31 00:00:00,2024-07-31 18:00:00,83.0657,INR_PER_USD,4,v1.0,VALID,SYNTHETIC,hash_fx_000425,True
426,FX_USD_EUR,2024-07-31 00:00:00,2024-07-31 18:00:00,0.9223,EUR_PER_USD,4,v1.0,VALID,SYNTHETIC,hash_fx_000426,True
427,FX_USD_INR,2024-08-01 00:00:00,2024-08-01 18:00:00,83.3668,INR_PER_USD,4,v1.0,VALID,SYNTHETIC,hash_fx_000427,True
428,FX_USD_EUR,2024-08-01 00:00:00,2024-08-01 18:00:00,0.9181,EUR_PER_USD,4,v1.0,VALID,SYNTHETIC,hash_fx_000428,True
429,FX_USD_INR,2024-08-02 00:00:00,2024-08-02 18:00:00,83.2993,INR_PER_USD,4,v1.0,VALID,SYNTHETIC,hash_fx_000429,True
430,FX_USD_EUR,2024-08-02 00:00:00,2024-08-02 18:00:00,0.9207,EUR_PER_USD,4,v1.0,VALID,SYNTHETIC,hash_fx_000430,True
431,FX_USD_INR,2024-08-03 00:00:00,2024-08-03 18:00:00,83.2374,INR_PER_USD,4,v1.0,VALID,SYNTHETIC,hash_fx_000431,True
432,FX_USD_EUR,2024-08-03 00:00:00,2024-08-03 18:00:00,0.9229,EUR_PER_USD,4,v1.0,VALID,SYNTHETIC,hash_fx_000432,True
433,FX_USD_INR,2024-08-04 00:00:00,2024-08-04 18:00:00,83.3019,INR_PER_USD,4,v1.0,VALID,SYNTHETIC,hash_fx_000433,True
434,FX_USD_EUR,2024-08-04 00:00:00,2024-08-04 18:00:00,0.9214,EUR_PER_USD,4,v1.0,VALID,SYNTHETIC,hash_fx_000434,True
435,FX_USD_INR,2024-08-05 00:00:00,2024-08-05 18:00:00,83.2458,INR_PER_USD,4,v1.0,VALID,SYNTHETIC,hash_fx_000435,True
436,FX_USD_EUR,2024-08-05 00:00:00,2024-08-05 18:00:00,0.9216,EUR_PER_USD,4,v1.0,VALID,SYNTHETIC,hash_fx_000436,True
437,FX_USD_INR,2024-08-06 00:00:00,2024-08-06 18:00:00,83.1289,INR_PER_USD,4,v1.0,VALID,SYNTHETIC,hash_fx_000437,True
438,FX_USD_EUR,2024-08-06 00:00:00,2024-08-06 18:00:00,0.9177,EUR_PER_USD,4,v1.0,VALID,SYNTHETIC,hash_fx_000438,True
439,FX_USD_INR,2024-08-07 00:00:00,2024-08-07 18:00:00,83.1381,INR_PER_USD,4,v1.0,VALID,SYNTHETIC,hash_fx_000439,True
440,FX_USD_EUR,2024-08-07 00:00:00,2024-08-07 18:00:00,0.9189,EUR_PER_USD,4,v1.0,VALID,SYNTHETIC,hash_fx_000440,True
441,FX_USD_INR,2024-08-08 00:00:00,2024-08-08 18:00:00,83.2686,INR_PER_USD,4,v1.0,VALID,SYNTHETIC,hash_fx_000441,True
442,FX_USD_EUR,2024-08-08 00:00:00,2024-08-08 18:00:00,0.9193,EUR_PER_USD,4,v1.0,VALID,SYNTHETIC,hash_fx_000442,True
443,FX_USD_INR,2024-08-09 00:00:00,2024-08-09 18:00:00,83.221,INR_PER_USD,4,v1.0,VALID,SYNTHETIC,hash_fx_000443,True
444,FX_USD_EUR,2024-08-09 00:00:00,2024-08-09 18:00:00,0.9246,EUR_PER_USD,4,v1.0,VALID,SYNTHETIC,hash_fx_000444,True
445,FX_USD_INR,2024-08-10 00:00:00,2024-08-10 18:00:00,83.3798,INR_PER_USD,4,v1.0,VALID,SYNTHETIC,hash_fx_000445,True
446,FX_USD_EUR,2024-08-10 00:00:00,2024-08-10 18:00:00,0.9247,EUR_PER_USD,4,v1.0,VALID,SYNTHETIC,hash_fx_000446,True
447,FX_USD_INR,2024-08-11 00:00:00,2024-08-11 18:00:00,83.2486,INR_PER_USD,4,v1.0,VALID,SYNTHETIC,hash_fx_000447,True
448,FX_USD_EUR,2024-08-11 00:00:00,2024-08-11 18:00:00,0.9236,EUR_PER_USD,4,v1.0,VALID,SYNTHETIC,hash_fx_000448,True
449,FX_USD_INR,2024-08-12 00:00:00,2024-08-12 18:00:00,83.2187,INR_PER_USD,4,v1.0,VALID,SYNTHETIC,hash_fx_000449,True
450,FX_USD_EUR,2024-08-12 00:00:00,2024-08-12 18:00:00,0.9177,EUR_PER_USD,4,v1.0,VALID,SYNTHETIC,hash_fx_000450,True
451,FX_USD_INR,2024-08-13 00:00:00,2024-08-13 18:00:00,83.2658,INR_PER_USD,4,v1.0,VALID,SYNTHETIC,hash_fx_000451,True
452,FX_USD_EUR,2024-08-13 00:00:00,2024-08-13 18:00:00,0.9252,EUR_PER_USD,4,v1.0,VALID,SYNTHETIC,hash_fx_000452,True
453,FX_USD_INR,2024-08-14 00:00:00,2024-08-14 18:00:00,83.2338,INR_PER_USD,4,v1.0,VALID,SYNTHETIC,hash_fx_000453,True
454,FX_USD_EUR,2024-08-14 00:00:00,2024-08-14 18:00:00,0.9198,EUR_PER_USD,4,v1.0,VALID,SYNTHETIC,hash_fx_000454,True
455,FX_USD_INR,2024-08-15 00:00:00,2024-08-15 18:00:00,83.2107,INR_PER_USD,4,v1.0,VALID,SYNTHETIC,hash_fx_000455,True
456,FX_USD_EUR,2024-08-15 00:00:00,2024-08-15 18:00:00,0.921,EUR_PER_USD,4,v1.0,VALID,SYNTHETIC,hash_fx_000456,True
457,FX_USD_INR,2024-08-16 00:00:00,2024-08-16 18:00:00,83.3604,INR_PER_USD,4,v1.0,VALID,SYNTHETIC,hash_fx_000457,True
458,FX_USD_EUR,2024-08-16 00:00:00,2024-08-16 18:00:00,0.9246,EUR_PER_USD,4,v1.0,VALID,SYNTHETIC,hash_fx_000458,True
459,FX_USD_INR,2024-08-17 00:00:00,2024-08-17 18:00:00,83.2154,INR_PER_USD,4,v1.0,VALID,SYNTHETIC,hash_fx_000459,True
460,FX_USD_EUR,2024-08-17 00:00:00,2024-08-17 18:00:00,0.9221,EUR_PER_USD,4,v1.0,VALID,SYNTHETIC,hash_fx_000460,True
461,FX_USD_INR,2024-08-18 00:00:00,2024-08-18 18:00:00,83.1624,INR_PER_USD,4,v1.0,VALID,SYNTHETIC,hash_fx_000461,True
462,FX_USD_EUR,2024-08-18 00:00:00,2024-08-18 18:00:00,0.9249,EUR_PER_USD,4,v1.0,VALID,SYNTHETIC,hash_fx_000462,True
463,FX_USD_INR,2024-08-19 00:00:00,2024-08-19 18:00:00,83.4649,INR_PER_USD,4,v1.0,VALID,SYNTHETIC,hash_fx_000463,True
464,FX_USD_EUR,2024-08-19 00:00:00,2024-08-19 18:00:00,0.9224,EUR_PER_USD,4,v1.0,VALID,SYNTHETIC,hash_fx_000464,True
465,FX_USD_INR,2024-08-20 00:00:00,2024-08-20 18:00:00,83.309,INR_PER_USD,4,v1.0,VALID,SYNTHETIC,hash_fx_000465,True
466,FX_USD_EUR,2024-08-20 00:00:00,2024-08-20 18:00:00,0.9238,EUR_PER_USD,4,v1.0,VALID,SYNTHETIC,hash_fx_000466,True
467,FX_USD_INR,2024-08-21 00:00:00,2024-08-21 18:00:00,83.2597,INR_PER_USD,4,v1.0,VALID,SYNTHETIC,hash_fx_000467,True
468,FX_USD_EUR,2024-08-21 00:00:00,2024-08-21 18:00:00,0.9218,EUR_PER_USD,4,v1.0,VALID,SYNTHETIC,hash_fx_000468,True
469,FX_USD_INR,2024-08-22 00:00:00,2024-08-22 18:00:00,83.3822,INR_PER_USD,4,v1.0,VALID,SYNTHETIC,hash_fx_000469,True
470,FX_USD_EUR,2024-08-22 00:00:00,2024-08-22 18:00:00,0.9225,EUR_PER_USD,4,v1.0,VALID,SYNTHETIC,hash_fx_000470,True
471,FX_USD_INR,2024-08-23 00:00:00,2024-08-23 18:00:00,83.158,INR_PER_USD,4,v1.0,VALID,SYNTHETIC,hash_fx_000471,True
472,FX_USD_EUR,2024-08-23 00:00:00,2024-08-23 18:00:00,0.9216,EUR_PER_USD,4,v1.0,VALID,SYNTHETIC,hash_fx_000472,True
473,FX_USD_INR,2024-08-24 00:00:00,2024-08-24 18:00:00,83.3053,INR_PER_USD,4,v1.0,VALID,SYNTHETIC,hash_fx_000473,True
474,FX_USD_EUR,2024-08-24 00:00:00,2024-08-24 18:00:00,0.9221,EUR_PER_USD,4,v1.0,VALID,SYNTHETIC,hash_fx_000474,True
475,FX_USD_INR,2024-08-25 00:00:00,2024-08-25 18:00:00,83.2841,INR_PER_USD,4,v1.0,VALID,SYNTHETIC,hash_fx_000475,True
476,FX_USD_EUR,2024-08-25 00:00:00,2024-08-25 18:00:00,0.9223,EUR_PER_USD,4,v1.0,VALID,SYNTHETIC,hash_fx_000476,True
477,FX_USD_INR,2024-08-26 00:00:00,2024-08-26 18:00:00,83.2582,INR_PER_USD,4,v1.0,VALID,SYNTHETIC,hash_fx_000477,True
478,FX_USD_EUR,2024-08-26 00:00:00,2024-08-26 18:00:00,0.9233,EUR_PER_USD,4,v1.0,VALID,SYNTHETIC,hash_fx_000478,True
479,FX_USD_INR,2024-08-27 00:00:00,2024-08-27 18:00:00,83.3189,INR_PER_USD,4,v1.0,VALID,SYNTHETIC,hash_fx_000479,True
480,FX_USD_EUR,2024-08-27 00:00:00,2024-08-27 18:00:00,0.9222,EUR_PER_USD,4,v1.0,VALID,SYNTHETIC,hash_fx_000480,True
481,FX_USD_INR,2024-08-28 00:00:00,2024-08-28 18:00:00,83.2068,INR_PER_USD,4,v1.0,VALID,SYNTHETIC,hash_fx_000481,True
482,FX_USD_EUR,2024-08-28 00:00:00,2024-08-28 18:00:00,0.9219,EUR_PER_USD,4,v1.0,VALID,SYNTHETIC,hash_fx_000482,True
483,FX_USD_INR,2024-08-29 00:00:00,2024-08-29 18:00:00,83.2294,INR_PER_USD,4,v1.0,VALID,SYNTHETIC,hash_fx_000483,True
484,FX_USD_EUR,2024-08-29 00:00:00,2024-08-29 18:00:00,0.925,EUR_PER_USD,4,v1.0,VALID,SYNTHETIC,hash_fx_000484,True
485,FX_USD_INR,2024-08-30 00:00:00,2024-08-30 18:00:00,83.3111,INR_PER_USD,4,v1.0,VALID,SYNTHETIC,hash_fx_000485,True
486,FX_USD_EUR,2024-08-30 00:00:00,2024-08-30 18:00:00,0.9229,EUR_PER_USD,4,v1.0,VALID,SYNTHETIC,hash_fx_000486,True
487,FX_USD_INR,2024-08-31 00:00:00,2024-08-31 18:00:00,83.2938,INR_PER_USD,4,v1.0,VALID,SYNTHETIC,hash_fx_000487,True
488,FX_USD_EUR,2024-08-31 00:00:00,2024-08-31 18:00:00,0.9222,EUR_PER_USD,4,v1.0,VALID,SYNTHETIC,hash_fx_000488,True
489,FX_USD_INR,2024-09-01 00:00:00,2024-09-01 18:00:00,83.2977,INR_PER_USD,4,v1.0,VALID,SYNTHETIC,hash_fx_000489,True
490,FX_USD_EUR,2024-09-01 00:00:00,2024-09-01 18:00:00,0.9253,EUR_PER_USD,4,v1.0,VALID,SYNTHETIC,hash_fx_000490,True
491,FX_USD_INR,2024-09-02 00:00:00,2024-09-02 18:00:00,83.1852,INR_PER_USD,4,v1.0,VALID,SYNTHETIC,hash_fx_000491,True
492,FX_USD_EUR,2024-09-02 00:00:00,2024-09-02 18:00:00,0.9218,EUR_PER_USD,4,v1.0,VALID,SYNTHETIC,hash_fx_000492,True
493,FX_USD_INR,2024-09-03 00:00:00,2024-09-03 18:00:00,83.2567,INR_PER_USD,4,v1.0,VALID,SYNTHETIC,hash_fx_000493,True
494,FX_USD_EUR,2024-09-03 00:00:00,2024-09-03 18:00:00,0.9231,EUR_PER_USD,4,v1.0,VALID,SYNTHETIC,hash_fx_000494,True
495,FX_USD_INR,2024-09-04 00:00:00,2024-09-04 18:00:00,83.2622,INR_PER_USD,4,v1.0,VALID,SYNTHETIC,hash_fx_000495,True
496,FX_USD_EUR,2024-09-04 00:00:00,2024-09-04 18:00:00,0.9236,EUR_PER_USD,4,v1.0,VALID,SYNTHETIC,hash_fx_000496,True
497,FX_USD_INR,2024-09-05 00:00:00,2024-09-05 18:00:00,83.2667,INR_PER_USD,4,v1.0,VALID,SYNTHETIC,hash_fx_000497,True
498,FX_USD_EUR,2024-09-05 00:00:00,2024-09-05 18:00:00,0.922,EUR_PER_USD,4,v1.0,VALID,SYNTHETIC,hash_fx_000498,True
499,FX_USD_INR,2024-09-06 00:00:00,2024-09-06 18:00:00,83.278,INR_PER_USD,4,v1.0,VALID,SYNTHETIC,hash_fx_000499,True
500,FX_USD_EUR,2024-09-06 00:00:00,2024-09-06 18:00:00,0.9253,EUR_PER_USD,4,v1.0,VALID,SYNTHETIC,hash_fx_000500,True
501,FX_USD_INR,2024-09-07 00:00:00,2024-09-07 18:00:00,83.4068,INR_PER_USD,4,v1.0,VALID,SYNTHETIC,hash_fx_000501,True
502,FX_USD_EUR,2024-09-07 00:00:00,2024-09-07 18:00:00,0.9196,EUR_PER_USD,4,v1.0,VALID,SYNTHETIC,hash_fx_000502,True
503,FX_USD_INR,2024-09-08 00:00:00,2024-09-08 18:00:00,83.259,INR_PER_USD,4,v1.0,VALID,SYNTHETIC,hash_fx_000503,True
504,FX_USD_EUR,2024-09-08 00:00:00,2024-09-08 18:00:00,0.9254,EUR_PER_USD,4,v1.0,VALID,SYNTHETIC,hash_fx_000504,True
505,FX_USD_INR,2024-09-09 00:00:00,2024-09-09 18:00:00,83.4193,INR_PER_USD,4,v1.0,VALID,SYNTHETIC,hash_fx_000505,True
506,FX_USD_EUR,2024-09-09 00:00:00,2024-09-09 18:00:00,0.922,EUR_PER_USD,4,v1.0,VALID,SYNTHETIC,hash_fx_000506,True
507,FX_USD_INR,2024-09-10 00:00:00,2024-09-10 18:00:00,83.1559,INR_PER_USD,4,v1.0,VALID,SYNTHETIC,hash_fx_000507,True
508,FX_USD_EUR,2024-09-10 00:00:00,2024-09-10 18:00:00,0.9188,EUR_PER_USD,4,v1.0,VALID,SYNTHETIC,hash_fx_000508,True
509,FX_USD_INR,2024-09-11 00:00:00,2024-09-11 18:00:00,83.3748,INR_PER_USD,4,v1.0,VALID,SYNTHETIC,hash_fx_000509,True
510,FX_USD_EUR,2024-09-11 00:00:00,2024-09-11 18:00:00,0.9244,EUR_PER_USD,4,v1.0,VALID,SYNTHETIC,hash_fx_000510,True
511,FX_USD_INR,2024-09-12 00:00:00,2024-09-12 18:00:00,83.2863,INR_PER_USD,4,v1.0,VALID,SYNTHETIC,hash_fx_000511,True
512,FX_USD_EUR,2024-09-12 00:00:00,2024-09-12 18:00:00,0.925,EUR_PER_USD,4,v1.0,VALID,SYNTHETIC,hash_fx_000512,True
513,FX_USD_INR,2024-09-13 00:00:00,2024-09-13 18:00:00,83.3128,INR_PER_USD,4,v1.0,VALID,SYNTHETIC,hash_fx_000513,True
514,FX_USD_EUR,2024-09-13 00:00:00,2024-09-13 18:00:00,0.9225,EUR_PER_USD,4,v1.0,VALID,SYNTHETIC,hash_fx_000514,True
515,FX_USD_INR,2024-09-14 00:00:00,2024-09-14 18:00:00,83.2315,INR_PER_USD,4,v1.0,VALID,SYNTHETIC,hash_fx_000515,True
516,FX_USD_EUR,2024-09-14 00:00:00,2024-09-14 18:00:00,0.9231,EUR_PER_USD,4,v1.0,VALID,SYNTHETIC,hash_fx_000516,True
517,FX_USD_INR,2024-09-15 00:00:00,2024-09-15 18:00:00,83.3776,INR_PER_USD,4,v1.0,VALID,SYNTHETIC,hash_fx_000517,True
518,FX_USD_EUR,2024-09-15 00:00:00,2024-09-15 18:00:00,0.9222,EUR_PER_USD,4,v1.0,VALID,SYNTHETIC,hash_fx_000518,True
519,FX_USD_INR,2024-09-16 00:00:00,2024-09-16 18:00:00,83.3038,INR_PER_USD,4,v1.0,VALID,SYNTHETIC,hash_fx_000519,True
520,FX_USD_EUR,2024-09-16 00:00:00,2024-09-16 18:00:00,0.9223,EUR_PER_USD,4,v1.0,VALID,SYNTHETIC,hash_fx_000520,True
521,FX_USD_INR,2024-09-17 00:00:00,2024-09-17 18:00:00,83.3751,INR_PER_USD,4,v1.0,VALID,SYNTHETIC,hash_fx_000521,True
522,FX_USD_EUR,2024-09-17 00:00:00,2024-09-17 18:00:00,0.9212,EUR_PER_USD,4,v1.0,VALID,SYNTHETIC,hash_fx_000522,True
523,FX_USD_INR,2024-09-18 00:00:00,2024-09-18 18:00:00,83.3654,INR_PER_USD,4,v1.0,VALID,SYNTHETIC,hash_fx_000523,True
524,FX_USD_EUR,2024-09-18 00:00:00,2024-09-18 18:00:00,0.9223,EUR_PER_USD,4,v1.0,VALID,SYNTHETIC,hash_fx_000524,True
525,FX_USD_INR,2024-09-19 00:00:00,2024-09-19 18:00:00,83.3824,INR_PER_USD,4,v1.0,VALID,SYNTHETIC,hash_fx_000525,True
526,FX_USD_EUR,2024-09-19 00:00:00,2024-09-19 18:00:00,0.9206,EUR_PER_USD,4,v1.0,VALID,SYNTHETIC,hash_fx_000526,True
527,FX_USD_INR,2024-09-20 00:00:00,2024-09-20 18:00:00,83.2719,INR_PER_USD,4,v1.0,VALID,SYNTHETIC,hash_fx_000527,True
528,FX_USD_EUR,2024-09-20 00:00:00,2024-09-20 18:00:00,0.922,EUR_PER_USD,4,v1.0,VALID,SYNTHETIC,hash_fx_000528,True
529,FX_USD_INR,2024-09-21 00:00:00,2024-09-21 18:00:00,83.3955,INR_PER_USD,4,v1.0,VALID,SYNTHETIC,hash_fx_000529,True
530,FX_USD_EUR,2024-09-21 00:00:00,2024-09-21 18:00:00,0.9228,EUR_PER_USD,4,v1.0,VALID,SYNTHETIC,hash_fx_000530,True
531,FX_USD_INR,2024-09-22 00:00:00,2024-09-22 18:00:00,83.3928,INR_PER_USD,4,v1.0,VALID,SYNTHETIC,hash_fx_000531,True
532,FX_USD_EUR,2024-09-22 00:00:00,2024-09-22 18:00:00,0.9231,EUR_PER_USD,4,v1.0,VALID,SYNTHETIC,hash_fx_000532,True
533,FX_USD_INR,2024-09-23 00:00:00,2024-09-23 18:00:00,83.4188,INR_PER_USD,4,v1.0,VALID,SYNTHETIC,hash_fx_000533,True
534,FX_USD_EUR,2024-09-23 00:00:00,2024-09-23 18:00:00,0.9252,EUR_PER_USD,4,v1.0,VALID,SYNTHETIC,hash_fx_000534,True
535,FX_USD_INR,2024-09-24 00:00:00,2024-09-24 18:00:00,83.2626,INR_PER_USD,4,v1.0,VALID,SYNTHETIC,hash_fx_000535,True
536,FX_USD_EUR,2024-09-24 00:00:00,2024-09-24 18:00:00,0.9241,EUR_PER_USD,4,v1.0,VALID,SYNTHETIC,hash_fx_000536,True
537,FX_USD_INR,2024-09-25 00:00:00,2024-09-25 18:00:00,83.2682,INR_PER_USD,4,v1.0,VALID,SYNTHETIC,hash_fx_000537,True
538,FX_USD_EUR,2024-09-25 00:00:00,2024-09-25 18:00:00,0.9238,EUR_PER_USD,4,v1.0,VALID,SYNTHETIC,hash_fx_000538,True
539,FX_USD_INR,2024-09-26 00:00:00,2024-09-26 18:00:00,83.363,INR_PER_USD,4,v1.0,VALID,SYNTHETIC,hash_fx_000539,True
540,FX_USD_EUR,2024-09-26 00:00:00,2024-09-26 18:00:00,0.9271,EUR_PER_USD,4,v1.0,VALID,SYNTHETIC,hash_fx_000540,True
541,FX_USD_INR,2024-09-27 00:00:00,2024-09-27 18:00:00,83.351,INR_PER_USD,4,v1.0,VALID,SYNTHETIC,hash_fx_000541,True
542,FX_USD_EUR,2024-09-27 00:00:00,2024-09-27 18:00:00,0.9246,EUR_PER_USD,4,v1.0,VALID,SYNTHETIC,hash_fx_000542,True
543,FX_USD_INR,2024-09-28 00:00:00,2024-09-28 18:00:00,83.2559,INR_PER_USD,4,v1.0,VALID,SYNTHETIC,hash_fx_000543,True
544,FX_USD_EUR,2024-09-28 00:00:00,2024-09-28 18:00:00,0.9212,EUR_PER_USD,4,v1.0,VALID,SYNTHETIC,hash_fx_000544,True
545,FX_USD_INR,2024-09-29 00:00:00,2024-09-29 18:00:00,83.4583,INR_PER_USD,4,v1.0,VALID,SYNTHETIC,hash_fx_000545,True
546,FX_USD_EUR,2024-09-29 00:00:00,2024-09-29 18:00:00,0.922,EUR_PER_USD,4,v1.0,VALID,SYNTHETIC,hash_fx_000546,True
547,FX_USD_INR,2024-09-30 00:00:00,2024-09-30 18:00:00,83.1708,INR_PER_USD,4,v1.0,VALID,SYNTHETIC,hash_fx_000547,True
548,FX_USD_EUR,2024-09-30 00:00:00,2024-09-30 18:00:00,0.9204,EUR_PER_USD,4,v1.0,VALID,SYNTHETIC,hash_fx_000548,True
549,FX_USD_INR,2024-10-01 00:00:00,2024-10-01 18:00:00,83.4356,INR_PER_USD,4,v1.0,VALID,SYNTHETIC,hash_fx_000549,True
550,FX_USD_EUR,2024-10-01 00:00:00,2024-10-01 18:00:00,0.9252,EUR_PER_USD,4,v1.0,VALID,SYNTHETIC,hash_fx_000550,True
551,FX_USD_INR,2024-10-02 00:00:00,2024-10-02 18:00:00,83.3063,INR_PER_USD,4,v1.0,VALID,SYNTHETIC,hash_fx_000551,True
552,FX_USD_EUR,2024-10-02 00:00:00,2024-10-02 18:00:00,0.9242,EUR_PER_USD,4,v1.0,VALID,SYNTHETIC,hash_fx_000552,True
553,FX_USD_INR,2024-10-03 00:00:00,2024-10-03 18:00:00,83.2342,INR_PER_USD,4,v1.0,VALID,SYNTHETIC,hash_fx_000553,True
554,FX_USD_EUR,2024-10-03 00:00:00,2024-10-03 18:00:00,0.9223,EUR_PER_USD,4,v1.0,VALID,SYNTHETIC,hash_fx_000554,True
555,FX_USD_INR,2024-10-04 00:00:00,2024-10-04 18:00:00,83.2814,INR_PER_USD,4,v1.0,VALID,SYNTHETIC,hash_fx_000555,True
556,FX_USD_EUR,2024-10-04 00:00:00,2024-10-04 18:00:00,0.9232,EUR_PER_USD,4,v1.0,VALID,SYNTHETIC,hash_fx_000556,True
557,FX_USD_INR,2024-10-05 00:00:00,2024-10-05 18:00:00,83.3923,INR_PER_USD,4,v1.0,VALID,SYNTHETIC,hash_fx_000557,True
558,FX_USD_EUR,2024-10-05 00:00:00,2024-10-05 18:00:00,0.9221,EUR_PER_USD,4,v1.0,VALID,SYNTHETIC,hash_fx_000558,True
559,FX_USD_INR,2024-10-06 00:00:00,2024-10-06 18:00:00,83.2259,INR_PER_USD,4,v1.0,VALID,SYNTHETIC,hash_fx_000559,True
560,FX_USD_EUR,2024-10-06 00:00:00,2024-10-06 18:00:00,0.9245,EUR_PER_USD,4,v1.0,VALID,SYNTHETIC,hash_fx_000560,True
561,FX_USD_INR,2024-10-07 00:00:00,2024-10-07 18:00:00,83.257,INR_PER_USD,4,v1.0,VALID,SYNTHETIC,hash_fx_000561,True
562,FX_USD_EUR,2024-10-07 00:00:00,2024-10-07 18:00:00,0.9203,EUR_PER_USD,4,v1.0,VALID,SYNTHETIC,hash_fx_000562,True
563,FX_USD_INR,2024-10-08 00:00:00,2024-10-08 18:00:00,83.3965,INR_PER_USD,4,v1.0,VALID,SYNTHETIC,hash_fx_000563,True
564,FX_USD_EUR,2024-10-08 00:00:00,2024-10-08 18:00:00,0.9257,EUR_PER_USD,4,v1.0,VALID,SYNTHETIC,hash_fx_000564,True
565,FX_USD_INR,2024-10-09 00:00:00,2024-10-09 18:00:00,83.4526,INR_PER_USD,4,v1.0,VALID,SYNTHETIC,hash_fx_000565,True
566,FX_USD_EUR,2024-10-09 00:00:00,2024-10-09 18:00:00,0.9249,EUR_PER_USD,4,v1.0,VALID,SYNTHETIC,hash_fx_000566,True
567,FX_USD_INR,2024-10-10 00:00:00,2024-10-10 18:00:00,83.4308,INR_PER_USD,4,v1.0,VALID,SYNTHETIC,hash_fx_000567,True
568,FX_USD_EUR,2024-10-10 00:00:00,2024-10-10 18:00:00,0.9209,EUR_PER_USD,4,v1.0,VALID,SYNTHETIC,hash_fx_000568,True
569,FX_USD_INR,2024-10-11 00:00:00,2024-10-11 18:00:00,83.2969,INR_PER_USD,4,v1.0,VALID,SYNTHETIC,hash_fx_000569,True
570,FX_USD_EUR,2024-10-11 00:00:00,2024-10-11 18:00:00,0.926,EUR_PER_USD,4,v1.0,VALID,SYNTHETIC,hash_fx_000570,True
571,FX_USD_INR,2024-10-12 00:00:00,2024-10-12 18:00:00,83.3399,INR_PER_USD,4,v1.0,VALID,SYNTHETIC,hash_fx_000571,True
572,FX_USD_EUR,2024-10-12 00:00:00,2024-10-12 18:00:00,0.9237,EUR_PER_USD,4,v1.0,VALID,SYNTHETIC,hash_fx_000572,True
573,FX_USD_INR,2024-10-13 00:00:00,2024-10-13 18:00:00,83.368,INR_PER_USD,4,v1.0,VALID,SYNTHETIC,hash_fx_000573,True
574,FX_USD_EUR,2024-10-13 00:00:00,2024-10-13 18:00:00,0.9188,EUR_PER_USD,4,v1.0,VALID,SYNTHETIC,hash_fx_000574,True
575,FX_USD_INR,2024-10-14 00:00:00,2024-10-14 18:00:00,83.3552,INR_PER_USD,4,v1.0,VALID,SYNTHETIC,hash_fx_000575,True
576,FX_USD_EUR,2024-10-14 00:00:00,2024-10-14 18:00:00,0.9243,EUR_PER_USD,4,v1.0,VALID,SYNTHETIC,hash_fx_000576,True
577,FX_USD_INR,2024-10-15 00:00:00,2024-10-15 18:00:00,83.3866,INR_PER_USD,4,v1.0,VALID,SYNTHETIC,hash_fx_000577,True
578,FX_USD_EUR,2024-10-15 00:00:00,2024-10-15 18:00:00,0.9236,EUR_PER_USD,4,v1.0,VALID,SYNTHETIC,hash_fx_000578,True
579,FX_USD_INR,2024-10-16 00:00:00,2024-10-16 18:00:00,83.4046,INR_PER_USD,4,v1.0,VALID,SYNTHETIC,hash_fx_000579,True
580,FX_USD_EUR,2024-10-16 00:00:00,2024-10-16 18:00:00,0.922,EUR_PER_USD,4,v1.0,VALID,SYNTHETIC,hash_fx_000580,True
581,FX_USD_INR,2024-10-17 00:00:00,2024-10-17 18:00:00,83.3451,INR_PER_USD,4,v1.0,VALID,SYNTHETIC,hash_fx_000581,True
582,FX_USD_EUR,2024-10-17 00:00:00,2024-10-17 18:00:00,0.9266,EUR_PER_USD,4,v1.0,VALID,SYNTHETIC,hash_fx_000582,True
583,FX_USD_INR,2024-10-18 00:00:00,2024-10-18 18:00:00,83.3229,INR_PER_USD,4,v1.0,VALID,SYNTHETIC,hash_fx_000583,True
584,FX_USD_EUR,2024-10-18 00:00:00,2024-10-18 18:00:00,0.9249,EUR_PER_USD,4,v1.0,VALID,SYNTHETIC,hash_fx_000584,True
585,FX_USD_INR,2024-10-19 00:00:00,2024-10-19 18:00:00,83.4018,INR_PER_USD,4,v1.0,VALID,SYNTHETIC,hash_fx_000585,True
586,FX_USD_EUR,2024-10-19 00:00:00,2024-10-19 18:00:00,0.9241,EUR_PER_USD,4,v1.0,VALID,SYNTHETIC,hash_fx_000586,True
587,FX_USD_INR,2024-10-20 00:00:00,2024-10-20 18:00:00,83.4835,INR_PER_USD,4,v1.0,VALID,SYNTHETIC,hash_fx_000587,True
588,FX_USD_EUR,2024-10-20 00:00:00,2024-10-20 18:00:00,0.9252,EUR_PER_USD,4,v1.0,VALID,SYNTHETIC,hash_fx_000588,True
589,FX_USD_INR,2024-10-21 00:00:00,2024-10-21 18:00:00,83.2484,INR_PER_USD,4,v1.0,VALID,SYNTHETIC,hash_fx_000589,True
590,FX_USD_EUR,2024-10-21 00:00:00,2024-10-21 18:00:00,0.9255,EUR_PER_USD,4,v1.0,VALID,SYNTHETIC,hash_fx_000590,True
591,FX_USD_INR,2024-10-22 00:00:00,2024-10-22 18:00:00,83.3691,INR_PER_USD,4,v1.0,VALID,SYNTHETIC,hash_fx_000591,True
592,FX_USD_EUR,2024-10-22 00:00:00,2024-10-22 18:00:00,0.9235,EUR_PER_USD,4,v1.0,VALID,SYNTHETIC,hash_fx_000592,True
593,FX_USD_INR,2024-10-23 00:00:00,2024-10-23 18:00:00,83.2501,INR_PER_USD,4,v1.0,VALID,SYNTHETIC,hash_fx_000593,True
594,FX_USD_EUR,2024-10-23 00:00:00,2024-10-23 18:00:00,0.9195,EUR_PER_USD,4,v1.0,VALID,SYNTHETIC,hash_fx_000594,True
595,FX_USD_INR,2024-10-24 00:00:00,2024-10-24 18:00:00,83.4384,INR_PER_USD,4,v1.0,VALID,SYNTHETIC,hash_fx_000595,True
596,FX_USD_EUR,2024-10-24 00:00:00,2024-10-24 18:00:00,0.9285,EUR_PER_USD,4,v1.0,VALID,SYNTHETIC,hash_fx_000596,True
597,FX_USD_INR,2024-10-25 00:00:00,2024-10-25 18:00:00,83.2787,INR_PER_USD,4,v1.0,VALID,SYNTHETIC,hash_fx_000597,True
598,FX_USD_EUR,2024-10-25 00:00:00,2024-10-25 18:00:00,0.9249,EUR_PER_USD,4,v1.0,VALID,SYNTHETIC,hash_fx_000598,True
599,FX_USD_INR,2024-10-26 00:00:00,2024-10-26 18:00:00,83.2759,INR_PER_USD,4,v1.0,VALID,SYNTHETIC,hash_fx_000599,True
600,FX_USD_EUR,2024-10-26 00:00:00,2024-10-26 18:00:00,0.9229,EUR_PER_USD,4,v1.0,VALID,SYNTHETIC,hash_fx_000600,True
601,FX_USD_INR,2024-10-27 00:00:00,2024-10-27 18:00:00,83.5418,INR_PER_USD,4,v1.0,VALID,SYNTHETIC,hash_fx_000601,True
602,FX_USD_EUR,2024-10-27 00:00:00,2024-10-27 18:00:00,0.9232,EUR_PER_USD,4,v1.0,VALID,SYNTHETIC,hash_fx_000602,True
603,FX_USD_INR,2024-10-28 00:00:00,2024-10-28 18:00:00,83.3291,INR_PER_USD,4,v1.0,VALID,SYNTHETIC,hash_fx_000603,True
604,FX_USD_EUR,2024-10-28 00:00:00,2024-10-28 18:00:00,0.9193,EUR_PER_USD,4,v1.0,VALID,SYNTHETIC,hash_fx_000604,True
605,FX_USD_INR,2024-10-29 00:00:00,2024-10-29 18:00:00,83.3583,INR_PER_USD,4,v1.0,VALID,SYNTHETIC,hash_fx_000605,True
606,FX_USD_EUR,2024-10-29 00:00:00,2024-10-29 18:00:00,0.9243,EUR_PER_USD,4,v1.0,VALID,SYNTHETIC,hash_fx_000606,True
607,FX_USD_INR,2024-10-30 00:00:00,2024-10-30 18:00:00,83.4418,INR_PER_USD,4,v1.0,VALID,SYNTHETIC,hash_fx_000607,True
608,FX_USD_EUR,2024-10-30 00:00:00,2024-10-30 18:00:00,0.923,EUR_PER_USD,4,v1.0,VALID,SYNTHETIC,hash_fx_000608,True
609,FX_USD_INR,2024-10-31 00:00:00,2024-10-31 18:00:00,83.3761,INR_PER_USD,4,v1.0,VALID,SYNTHETIC,hash_fx_000609,True
610,FX_USD_EUR,2024-10-31 00:00:00,2024-10-31 18:00:00,0.9202,EUR_PER_USD,4,v1.0,VALID,SYNTHETIC,hash_fx_000610,True
611,FX_USD_INR,2024-11-01 00:00:00,2024-11-01 18:00:00,83.389,INR_PER_USD,4,v1.0,VALID,SYNTHETIC,hash_fx_000611,True
612,FX_USD_EUR,2024-11-01 00:00:00,2024-11-01 18:00:00,0.9226,EUR_PER_USD,4,v1.0,VALID,SYNTHETIC,hash_fx_000612,True
613,FX_USD_INR,2024-11-02 00:00:00,2024-11-02 18:00:00,83.4934,INR_PER_USD,4,v1.0,VALID,SYNTHETIC,hash_fx_000613,True
614,FX_USD_EUR,2024-11-02 00:00:00,2024-11-02 18:00:00,0.9282,EUR_PER_USD,4,v1.0,VALID,SYNTHETIC,hash_fx_000614,True
615,FX_USD_INR,2024-11-03 00:00:00,2024-11-03 18:00:00,83.3833,INR_PER_USD,4,v1.0,VALID,SYNTHETIC,hash_fx_000615,True
616,FX_USD_EUR,2024-11-03 00:00:00,2024-11-03 18:00:00,0.9255,EUR_PER_USD,4,v1.0,VALID,SYNTHETIC,hash_fx_000616,True
617,FX_USD_INR,2024-11-04 00:00:00,2024-11-04 18:00:00,83.4452,INR_PER_USD,4,v1.0,VALID,SYNTHETIC,hash_fx_000617,True
618,FX_USD_EUR,2024-11-04 00:00:00,2024-11-04 18:00:00,0.9281,EUR_PER_USD,4,v1.0,VALID,SYNTHETIC,hash_fx_000618,True
619,FX_USD_INR,2024-11-05 00:00:00,2024-11-05 18:00:00,83.4058,INR_PER_USD,4,v1.0,VALID,SYNTHETIC,hash_fx_000619,True
620,FX_USD_EUR,2024-11-05 00:00:00,2024-11-05 18:00:00,0.9229,EUR_PER_USD,4,v1.0,VALID,SYNTHETIC,hash_fx_000620,True
621,FX_USD_INR,2024-11-06 00:00:00,2024-11-06 18:00:00,83.5086,INR_PER_USD,4,v1.0,VALID,SYNTHETIC,hash_fx_000621,True
622,FX_USD_EUR,2024-11-06 00:00:00,2024-11-06 18:00:00,0.9219,EUR_PER_USD,4,v1.0,VALID,SYNTHETIC,hash_fx_000622,True
623,FX_USD_INR,2024-11-07 00:00:00,2024-11-07 18:00:00,83.3739,INR_PER_USD,4,v1.0,VALID,SYNTHETIC,hash_fx_000623,True
624,FX_USD_EUR,2024-11-07 00:00:00,2024-11-07 18:00:00,0.9258,EUR_PER_USD,4,v1.0,VALID,SYNTHETIC,hash_fx_000624,True
625,FX_USD_INR,2024-11-08 00:00:00,2024-11-08 18:00:00,83.4279,INR_PER_USD,4,v1.0,VALID,SYNTHETIC,hash_fx_000625,True
626,FX_USD_EUR,2024-11-08 00:00:00,2024-11-08 18:00:00,0.9232,EUR_PER_USD,4,v1.0,VALID,SYNTHETIC,hash_fx_000626,True
627,FX_USD_INR,2024-11-09 00:00:00,2024-11-09 18:00:00,83.43,INR_PER_USD,4,v1.0,VALID,SYNTHETIC,hash_fx_000627,True
628,FX_USD_EUR,2024-11-09 00:00:00,2024-11-09 18:00:00,0.9257,EUR_PER_USD,4,v1.0,VALID,SYNTHETIC,hash_fx_000628,True
629,FX_USD_INR,2024-11-10 00:00:00,2024-11-10 18:00:00,83.4074,INR_PER_USD,4,v1.0,VALID,SYNTHETIC,hash_fx_000629,True
630,FX_USD_EUR,2024-11-10 00:00:00,2024-11-10 18:00:00,0.9233,EUR_PER_USD,4,v1.0,VALID,SYNTHETIC,hash_fx_000630,True
631,FX_USD_INR,2024-11-11 00:00:00,2024-11-11 18:00:00,83.5175,INR_PER_USD,4,v1.0,VALID,SYNTHETIC,hash_fx_000631,True
632,FX_USD_EUR,2024-11-11 00:00:00,2024-11-11 18:00:00,0.9213,EUR_PER_USD,4,v1.0,VALID,SYNTHETIC,hash_fx_000632,True
633,FX_USD_INR,2024-11-12 00:00:00,2024-11-12 18:00:00,83.4756,INR_PER_USD,4,v1.0,VALID,SYNTHETIC,hash_fx_000633,True
634,FX_USD_EUR,2024-11-12 00:00:00,2024-11-12 18:00:00,0.924,EUR_PER_USD,4,v1.0,VALID,SYNTHETIC,hash_fx_000634,True
635,FX_USD_INR,2024-11-13 00:00:00,2024-11-13 18:00:00,83.3508,INR_PER_USD,4,v1.0,VALID,SYNTHETIC,hash_fx_000635,True
636,FX_USD_EUR,2024-11-13 00:00:00,2024-11-13 18:00:00,0.927,EUR_PER_USD,4,v1.0,VALID,SYNTHETIC,hash_fx_000636,True
637,FX_USD_INR,2024-11-14 00:00:00,2024-11-14 18:00:00,83.4299,INR_PER_USD,4,v1.0,VALID,SYNTHETIC,hash_fx_000637,True
638,FX_USD_EUR,2024-11-14 00:00:00,2024-11-14 18:00:00,0.9281,EUR_PER_USD,4,v1.0,VALID,SYNTHETIC,hash_fx_000638,True
639,FX_USD_INR,2024-11-15 00:00:00,2024-11-15 18:00:00,83.4284,INR_PER_USD,4,v1.0,VALID,SYNTHETIC,hash_fx_000639,True
640,FX_USD_EUR,2024-11-15 00:00:00,2024-11-15 18:00:00,0.9234,EUR_PER_USD,4,v1.0,VALID,SYNTHETIC,hash_fx_000640,True
641,FX_USD_INR,2024-11-16 00:00:00,2024-11-16 18:00:00,83.3299,INR_PER_USD,4,v1.0,VALID,SYNTHETIC,hash_fx_000641,True
642,FX_USD_EUR,2024-11-16 00:00:00,2024-11-16 18:00:00,0.924,EUR_PER_USD,4,v1.0,VALID,SYNTHETIC,hash_fx_000642,True
643,FX_USD_INR,2024-11-17 00:00:00,2024-11-17 18:00:00,83.3574,INR_PER_USD,4,v1.0,VALID,SYNTHETIC,hash_fx_000643,True
644,FX_USD_EUR,2024-11-17 00:00:00,2024-11-17 18:00:00,0.9277,EUR_PER_USD,4,v1.0,VALID,SYNTHETIC,hash_fx_000644,True
645,FX_USD_INR,2024-11-18 00:00:00,2024-11-18 18:00:00,83.479,INR_PER_USD,4,v1.0,VALID,SYNTHETIC,hash_fx_000645,True
646,FX_USD_EUR,2024-11-18 00:00:00,2024-11-18 18:00:00,0.925,EUR_PER_USD,4,v1.0,VALID,SYNTHETIC,hash_fx_000646,True
647,FX_USD_INR,2024-11-19 00:00:00,2024-11-19 18:00:00,83.4089,INR_PER_USD,4,v1.0,VALID,SYNTHETIC,hash_fx_000647,True
648,FX_USD_EUR,2024-11-19 00:00:00,2024-11-19 18:00:00,0.9212,EUR_PER_USD,4,v1.0,VALID,SYNTHETIC,hash_fx_000648,True
649,FX_USD_INR,2024-11-20 00:00:00,2024-11-20 18:00:00,83.4958,INR_PER_USD,4,v1.0,VALID,SYNTHETIC,hash_fx_000649,True
650,FX_USD_EUR,2024-11-20 00:00:00,2024-11-20 18:00:00,0.9265,EUR_PER_USD,4,v1.0,VALID,SYNTHETIC,hash_fx_000650,True
651,FX_USD_INR,2024-11-21 00:00:00,2024-11-21 18:00:00,83.362,INR_PER_USD,4,v1.0,VALID,SYNTHETIC,hash_fx_000651,True
652,FX_USD_EUR,2024-11-21 00:00:00,2024-11-21 18:00:00,0.9207,EUR_PER_USD,4,v1.0,VALID,SYNTHETIC,hash_fx_000652,True
653,FX_USD_INR,2024-11-22 00:00:00,2024-11-22 18:00:00,83.2238,INR_PER_USD,4,v1.0,VALID,SYNTHETIC,hash_fx_000653,True
654,FX_USD_EUR,2024-11-22 00:00:00,2024-11-22 18:00:00,0.9231,EUR_PER_USD,4,v1.0,VALID,SYNTHETIC,hash_fx_000654,True
655,FX_USD_INR,2024-11-23 00:00:00,2024-11-23 18:00:00,83.481,INR_PER_USD,4,v1.0,VALID,SYNTHETIC,hash_fx_000655,True
656,FX_USD_EUR,2024-11-23 00:00:00,2024-11-23 18:00:00,0.923,EUR_PER_USD,4,v1.0,VALID,SYNTHETIC,hash_fx_000656,True
657,FX_USD_INR,2024-11-24 00:00:00,2024-11-24 18:00:00,83.4713,INR_PER_USD,4,v1.0,VALID,SYNTHETIC,hash_fx_000657,True
658,FX_USD_EUR,2024-11-24 00:00:00,2024-11-24 18:00:00,0.9236,EUR_PER_USD,4,v1.0,VALID,SYNTHETIC,hash_fx_000658,True
659,FX_USD_INR,2024-11-25 00:00:00,2024-11-25 18:00:00,83.6827,INR_PER_USD,4,v1.0,VALID,SYNTHETIC,hash_fx_000659,True
660,FX_USD_EUR,2024-11-25 00:00:00,2024-11-25 18:00:00,0.9274,EUR_PER_USD,4,v1.0,VALID,SYNTHETIC,hash_fx_000660,True
661,FX_USD_INR,2024-11-26 00:00:00,2024-11-26 18:00:00,83.5513,INR_PER_USD,4,v1.0,VALID,SYNTHETIC,hash_fx_000661,True
662,FX_USD_EUR,2024-11-26 00:00:00,2024-11-26 18:00:00,0.9275,EUR_PER_USD,4,v1.0,VALID,SYNTHETIC,hash_fx_000662,True
663,FX_USD_INR,2024-11-27 00:00:00,2024-11-27 18:00:00,83.4387,INR_PER_USD,4,v1.0,VALID,SYNTHETIC,hash_fx_000663,True
664,FX_USD_EUR,2024-11-27 00:00:00,2024-11-27 18:00:00,0.9248,EUR_PER_USD,4,v1.0,VALID,SYNTHETIC,hash_fx_000664,True
665,FX_USD_INR,2024-11-28 00:00:00,2024-11-28 18:00:00,83.3829,INR_PER_USD,4,v1.0,VALID,SYNTHETIC,hash_fx_000665,True
666,FX_USD_EUR,2024-11-28 00:00:00,2024-11-28 18:00:00,0.9241,EUR_PER_USD,4,v1.0,VALID,SYNTHETIC,hash_fx_000666,True
667,FX_USD_INR,2024-11-29 00:00:00,2024-11-29 18:00:00,83.4689,INR_PER_USD,4,v1.0,VALID,SYNTHETIC,hash_fx_000667,True
668,FX_USD_EUR,2024-11-29 00:00:00,2024-11-29 18:00:00,0.927,EUR_PER_USD,4,v1.0,VALID,SYNTHETIC,hash_fx_000668,True
669,FX_USD_INR,2024-11-30 00:00:00,2024-11-30 18:00:00,83.4624,INR_PER_USD,4,v1.0,VALID,SYNTHETIC,hash_fx_000669,True
670,FX_USD_EUR,2024-11-30 00:00:00,2024-11-30 18:00:00,0.9243,EUR_PER_USD,4,v1.0,VALID,SYNTHETIC,hash_fx_000670,True
671,FX_USD_INR,2024-12-01 00:00:00,2024-12-01 18:00:00,83.5703,INR_PER_USD,4,v1.0,VALID,SYNTHETIC,hash_fx_000671,True
672,FX_USD_EUR,2024-12-01 00:00:00,2024-12-01 18:00:00,0.9239,EUR_PER_USD,4,v1.0,VALID,SYNTHETIC,hash_fx_000672,True
673,FX_USD_INR,2024-12-02 00:00:00,2024-12-02 18:00:00,83.5202,INR_PER_USD,4,v1.0,VALID,SYNTHETIC,hash_fx_000673,True
674,FX_USD_EUR,2024-12-02 00:00:00,2024-12-02 18:00:00,0.9258,EUR_PER_USD,4,v1.0,VALID,SYNTHETIC,hash_fx_000674,True
675,FX_USD_INR,2024-12-03 00:00:00,2024-12-03 18:00:00,83.5121,INR_PER_USD,4,v1.0,VALID,SYNTHETIC,hash_fx_000675,True
676,FX_USD_EUR,2024-12-03 00:00:00,2024-12-03 18:00:00,0.9247,EUR_PER_USD,4,v1.0,VALID,SYNTHETIC,hash_fx_000676,True
677,FX_USD_INR,2024-12-04 00:00:00,2024-12-04 18:00:00,83.4482,INR_PER_USD,4,v1.0,VALID,SYNTHETIC,hash_fx_000677,True
678,FX_USD_EUR,2024-12-04 00:00:00,2024-12-04 18:00:00,0.9259,EUR_PER_USD,4,v1.0,VALID,SYNTHETIC,hash_fx_000678,True
679,FX_USD_INR,2024-12-05 00:00:00,2024-12-05 18:00:00,83.621,INR_PER_USD,4,v1.0,VALID,SYNTHETIC,hash_fx_000679,True
680,FX_USD_EUR,2024-12-05 00:00:00,2024-12-05 18:00:00,0.929,EUR_PER_USD,4,v1.0,VALID,SYNTHETIC,hash_fx_000680,True
681,FX_USD_INR,2024-12-06 00:00:00,2024-12-06 18:00:00,83.4554,INR_PER_USD,4,v1.0,VALID,SYNTHETIC,hash_fx_000681,True
682,FX_USD_EUR,2024-12-06 00:00:00,2024-12-06 18:00:00,0.9244,EUR_PER_USD,4,v1.0,VALID,SYNTHETIC,hash_fx_000682,True
683,FX_USD_INR,2024-12-07 00:00:00,2024-12-07 18:00:00,83.4933,INR_PER_USD,4,v1.0,VALID,SYNTHETIC,hash_fx_000683,True
684,FX_USD_EUR,2024-12-07 00:00:00,2024-12-07 18:00:00,0.9242,EUR_PER_USD,4,v1.0,VALID,SYNTHETIC,hash_fx_000684,True
685,FX_USD_INR,2024-12-08 00:00:00,2024-12-08 18:00:00,83.5873,INR_PER_USD,4,v1.0,VALID,SYNTHETIC,hash_fx_000685,True
686,FX_USD_EUR,2024-12-08 00:00:00,2024-12-08 18:00:00,0.9265,EUR_PER_USD,4,v1.0,VALID,SYNTHETIC,hash_fx_000686,True
687,FX_USD_INR,2024-12-09 00:00:00,2024-12-09 18:00:00,83.4467,INR_PER_USD,4,v1.0,VALID,SYNTHETIC,hash_fx_000687,True
688,FX_USD_EUR,2024-12-09 00:00:00,2024-12-09 18:00:00,0.9225,EUR_PER_USD,4,v1.0,VALID,SYNTHETIC,hash_fx_000688,True
689,FX_USD_INR,2024-12-10 00:00:00,2024-12-10 18:00:00,83.5419,INR_PER_USD,4,v1.0,VALID,SYNTHETIC,hash_fx_000689,True
690,FX_USD_EUR,2024-12-10 00:00:00,2024-12-10 18:00:00,0.9256,EUR_PER_USD,4,v1.0,VALID,SYNTHETIC,hash_fx_000690,True
691,FX_USD_INR,2024-12-11 00:00:00,2024-12-11 18:00:00,83.4149,INR_PER_USD,4,v1.0,VALID,SYNTHETIC,hash_fx_000691,True
692,FX_USD_EUR,2024-12-11 00:00:00,2024-12-11 18:00:00,0.9269,EUR_PER_USD,4,v1.0,VALID,SYNTHETIC,hash_fx_000692,True
693,FX_USD_INR,2024-12-12 00:00:00,2024-12-12 18:00:00,83.5414,INR_PER_USD,4,v1.0,VALID,SYNTHETIC,hash_fx_000693,True
694,FX_USD_EUR,2024-12-12 00:00:00,2024-12-12 18:00:00,0.9243,EUR_PER_USD,4,v1.0,VALID,SYNTHETIC,hash_fx_000694,True
695,FX_USD_INR,2024-12-13 00:00:00,2024-12-13 18:00:00,83.4741,INR_PER_USD,4,v1.0,VALID,SYNTHETIC,hash_fx_000695,True
696,FX_USD_EUR,2024-12-13 00:00:00,2024-12-13 18:00:00,0.9226,EUR_PER_USD,4,v1.0,VALID,SYNTHETIC,hash_fx_000696,True
697,FX_USD_INR,2024-12-14 00:00:00,2024-12-14 18:00:00,83.4656,INR_PER_USD,4,v1.0,VALID,SYNTHETIC,hash_fx_000697,True
698,FX_USD_EUR,2024-12-14 00:00:00,2024-12-14 18:00:00,0.9265,EUR_PER_USD,4,v1.0,VALID,SYNTHETIC,hash_fx_000698,True
699,FX_USD_INR,2024-12-15 00:00:00,2024-12-15 18:00:00,83.5109,INR_PER_USD,4,v1.0,VALID,SYNTHETIC,hash_fx_000699,True
700,FX_USD_EUR,2024-12-15 00:00:00,2024-12-15 18:00:00,0.9223,EUR_PER_USD,4,v1.0,VALID,SYNTHETIC,hash_fx_000700,True
701,FX_USD_INR,2024-12-16 00:00:00,2024-12-16 18:00:00,83.4521,INR_PER_USD,4,v1.0,VALID,SYNTHETIC,hash_fx_000701,True
702,FX_USD_EUR,2024-12-16 00:00:00,2024-12-16 18:00:00,0.9285,EUR_PER_USD,4,v1.0,VALID,SYNTHETIC,hash_fx_000702,True
703,FX_USD_INR,2024-12-17 00:00:00,2024-12-17 18:00:00,83.4573,INR_PER_USD,4,v1.0,VALID,SYNTHETIC,hash_fx_000703,True
704,FX_USD_EUR,2024-12-17 00:00:00,2024-12-17 18:00:00,0.9267,EUR_PER_USD,4,v1.0,VALID,SYNTHETIC,hash_fx_000704,True
705,FX_USD_INR,2024-12-18 00:00:00,2024-12-18 18:00:00,83.5598,INR_PER_USD,4,v1.0,VALID,SYNTHETIC,hash_fx_000705,True
706,FX_USD_EUR,2024-12-18 00:00:00,2024-12-18 18:00:00,0.9252,EUR_PER_USD,4,v1.0,VALID,SYNTHETIC,hash_fx_000706,True
707,FX_USD_INR,2024-12-19 00:00:00,2024-12-19 18:00:00,83.4515,INR_PER_USD,4,v1.0,VALID,SYNTHETIC,hash_fx_000707,True
708,FX_USD_EUR,2024-12-19 00:00:00,2024-12-19 18:00:00,0.9243,EUR_PER_USD,4,v1.0,VALID,SYNTHETIC,hash_fx_000708,True
709,FX_USD_INR,2024-12-20 00:00:00,2024-12-20 18:00:00,83.3746,INR_PER_USD,4,v1.0,VALID,SYNTHETIC,hash_fx_000709,True
710,FX_USD_EUR,2024-12-20 00:00:00,2024-12-20 18:00:00,0.9262,EUR_PER_USD,4,v1.0,VALID,SYNTHETIC,hash_fx_000710,True
711,FX_USD_INR,2024-12-21 00:00:00,2024-12-21 18:00:00,83.5117,INR_PER_USD,4,v1.0,VALID,SYNTHETIC,hash_fx_000711,True
712,FX_USD_EUR,2024-12-21 00:00:00,2024-12-21 18:00:00,0.927,EUR_PER_USD,4,v1.0,VALID,SYNTHETIC,hash_fx_000712,True
713,FX_USD_INR,2024-12-22 00:00:00,2024-12-22 18:00:00,83.5371,INR_PER_USD,4,v1.0,VALID,SYNTHETIC,hash_fx_000713,True
714,FX_USD_EUR,2024-12-22 00:00:00,2024-12-22 18:00:00,0.9239,EUR_PER_USD,4,v1.0,VALID,SYNTHETIC,hash_fx_000714,True
715,FX_USD_INR,2024-12-23 00:00:00,2024-12-23 18:00:00,83.5904,INR_PER_USD,4,v1.0,VALID,SYNTHETIC,hash_fx_000715,True
716,FX_USD_EUR,2024-12-23 00:00:00,2024-12-23 18:00:00,0.9259,EUR_PER_USD,4,v1.0,VALID,SYNTHETIC,hash_fx_000716,True
717,FX_USD_INR,2024-12-24 00:00:00,2024-12-24 18:00:00,83.5114,INR_PER_USD,4,v1.0,VALID,SYNTHETIC,hash_fx_000717,True
718,FX_USD_EUR,2024-12-24 00:00:00,2024-12-24 18:00:00,0.9291,EUR_PER_USD,4,v1.0,VALID,SYNTHETIC,hash_fx_000718,True
719,FX_USD_INR,2024-12-25 00:00:00,2024-12-25 18:00:00,83.622,INR_PER_USD,4,v1.0,VALID,SYNTHETIC,hash_fx_000719,True
720,FX_USD_EUR,2024-12-25 00:00:00,2024-12-25 18:00:00,0.93,EUR_PER_USD,4,v1.0,VALID,SYNTHETIC,hash_fx_000720,True
721,FX_USD_INR,2024-12-26 00:00:00,2024-12-26 18:00:00,83.5724,INR_PER_USD,4,v1.0,VALID,SYNTHETIC,hash_fx_000721,True
722,FX_USD_EUR,2024-12-26 00:00:00,2024-12-26 18:00:00,0.9244,EUR_PER_USD,4,v1.0,VALID,SYNTHETIC,hash_fx_000722,True
723,FX_USD_INR,2024-12-27 00:00:00,2024-12-27 18:00:00,83.5331,INR_PER_USD,4,v1.0,VALID,SYNTHETIC,hash_fx_000723,True
724,FX_USD_EUR,2024-12-27 00:00:00,2024-12-27 18:00:00,0.9255,EUR_PER_USD,4,v1.0,VALID,SYNTHETIC,hash_fx_000724,True
725,FX_USD_INR,2024-12-28 00:00:00,2024-12-28 18:00:00,83.6408,INR_PER_USD,4,v1.0,VALID,SYNTHETIC,hash_fx_000725,True
726,FX_USD_EUR,2024-12-28 00:00:00,2024-12-28 18:00:00,0.9272,EUR_PER_USD,4,v1.0,VALID,SYNTHETIC,hash_fx_000726,True
727,FX_USD_INR,2024-12-29 00:00:00,2024-12-29 18:00:00,83.6386,INR_PER_USD,4,v1.0,VALID,SYNTHETIC,hash_fx_000727,True
728,FX_USD_EUR,2024-12-29 00:00:00,2024-12-29 18:00:00,0.9279,EUR_PER_USD,4,v1.0,VALID,SYNTHETIC,hash_fx_000728,True
729,FX_USD_INR,2024-12-30 00:00:00,2024-12-30 18:00:00,83.6165,INR_PER_USD,4,v1.0,VALID,SYNTHETIC,hash_fx_000729,True
730,FX_USD_EUR,2024-12-30 00:00:00,2024-12-30 18:00:00,0.9266,EUR_PER_USD,4,v1.0,VALID,SYNTHETIC,hash_fx_000730,True
731,FX_USD_INR,2024-12-31 00:00:00,2024-12-31 18:00:00,83.5659,INR_PER_USD,4,v1.0,VALID,SYNTHETIC,hash_fx_000731,True
732,FX_USD_EUR,2024-12-31 00:00:00,2024-12-31 18:00:00,0.9256,EUR_PER_USD,4,v1.0,VALID,SYNTHETIC,hash_fx_000732,True
733,FX_USD_INR,2025-01-01 00:00:00,2025-01-01 18:00:00,83.5527,INR_PER_USD,4,v1.0,VALID,SYNTHETIC,hash_fx_000733,True
734,FX_USD_EUR,2025-01-01 00:00:00,2025-01-01 18:00:00,0.926,EUR_PER_USD,4,v1.0,VALID,SYNTHETIC,hash_fx_000734,True
735,FX_USD_INR,2025-01-02 00:00:00,2025-01-02 18:00:00,83.493,INR_PER_USD,4,v1.0,VALID,SYNTHETIC,hash_fx_000735,True
736,FX_USD_EUR,2025-01-02 00:00:00,2025-01-02 18:00:00,0.9243,EUR_PER_USD,4,v1.0,VALID,SYNTHETIC,hash_fx_000736,True
737,FX_USD_INR,2025-01-03 00:00:00,2025-01-03 18:00:00,83.5495,INR_PER_USD,4,v1.0,VALID,SYNTHETIC,hash_fx_000737,True
738,FX_USD_EUR,2025-01-03 00:00:00,2025-01-03 18:00:00,0.9285,EUR_PER_USD,4,v1.0,VALID,SYNTHETIC,hash_fx_000738,True
739,FX_USD_INR,2025-01-04 00:00:00,2025-01-04 18:00:00,83.5326,INR_PER_USD,4,v1.0,VALID,SYNTHETIC,hash_fx_000739,True
740,FX_USD_EUR,2025-01-04 00:00:00,2025-01-04 18:00:00,0.9271,EUR_PER_USD,4,v1.0,VALID,SYNTHETIC,hash_fx_000740,True
741,FX_USD_INR,2025-01-05 00:00:00,2025-01-05 18:00:00,83.5659,INR_PER_USD,4,v1.0,VALID,SYNTHETIC,hash_fx_000741,True
742,FX_USD_EUR,2025-01-05 00:00:00,2025-01-05 18:00:00,0.9282,EUR_PER_USD,4,v1.0,VALID,SYNTHETIC,hash_fx_000742,True
743,FX_USD_INR,2025-01-06 00:00:00,2025-01-06 18:00:00,83.5787,INR_PER_USD,4,v1.0,VALID,SYNTHETIC,hash_fx_000743,True
744,FX_USD_EUR,2025-01-06 00:00:00,2025-01-06 18:00:00,0.9252,EUR_PER_USD,4,v1.0,VALID,SYNTHETIC,hash_fx_000744,True
745,FX_USD_INR,2025-01-07 00:00:00,2025-01-07 18:00:00,83.5546,INR_PER_USD,4,v1.0,VALID,SYNTHETIC,hash_fx_000745,True
746,FX_USD_EUR,2025-01-07 00:00:00,2025-01-07 18:00:00,0.9291,EUR_PER_USD,4,v1.0,VALID,SYNTHETIC,hash_fx_000746,True
747,FX_USD_INR,2025-01-08 00:00:00,2025-01-08 18:00:00,83.4774,INR_PER_USD,4,v1.0,VALID,SYNTHETIC,hash_fx_000747,True
748,FX_USD_EUR,2025-01-08 00:00:00,2025-01-08 18:00:00,0.9298,EUR_PER_USD,4,v1.0,VALID,SYNTHETIC,hash_fx_000748,True
749,FX_USD_INR,2025-01-09 00:00:00,2025-01-09 18:00:00,83.5928,INR_PER_USD,4,v1.0,VALID,SYNTHETIC,hash_fx_000749,True
750,FX_USD_EUR,2025-01-09 00:00:00,2025-01-09 18:00:00,0.9264,EUR_PER_USD,4,v1.0,VALID,SYNTHETIC,hash_fx_000750,True
751,FX_USD_INR,2025-01-10 00:00:00,2025-01-10 18:00:00,83.5391,INR_PER_USD,4,v1.0,VALID,SYNTHETIC,hash_fx_000751,True
752,FX_USD_EUR,2025-01-10 00:00:00,2025-01-10 18:00:00,0.924,EUR_PER_USD,4,v1.0,VALID,SYNTHETIC,hash_fx_000752,True
753,FX_USD_INR,2025-01-11 00:00:00,2025-01-11 18:00:00,83.4006,INR_PER_USD,4,v1.0,VALID,SYNTHETIC,hash_fx_000753,True
754,FX_USD_EUR,2025-01-11 00:00:00,2025-01-11 18:00:00,0.9268,EUR_PER_USD,4,v1.0,VALID,SYNTHETIC,hash_fx_000754,True
755,FX_USD_INR,2025-01-12 00:00:00,2025-01-12 18:00:00,83.7134,INR_PER_USD,4,v1.0,VALID,SYNTHETIC,hash_fx_000755,True
756,FX_USD_EUR,2025-01-12 00:00:00,2025-01-12 18:00:00,0.9243,EUR_PER_USD,4,v1.0,VALID,SYNTHETIC,hash_fx_000756,True
757,FX_USD_INR,2025-01-13 00:00:00,2025-01-13 18:00:00,83.6741,INR_PER_USD,4,v1.0,VALID,SYNTHETIC,hash_fx_000757,True
758,FX_USD_EUR,2025-01-13 00:00:00,2025-01-13 18:00:00,0.926,EUR_PER_USD,4,v1.0,VALID,SYNTHETIC,hash_fx_000758,True
759,FX_USD_INR,2025-01-14 00:00:00,2025-01-14 18:00:00,83.5384,INR_PER_USD,4,v1.0,VALID,SYNTHETIC,hash_fx_000759,True
760,FX_USD_EUR,2025-01-14 00:00:00,2025-01-14 18:00:00,0.9276,EUR_PER_USD,4,v1.0,VALID,SYNTHETIC,hash_fx_000760,True
761,FX_USD_INR,2025-01-15 00:00:00,2025-01-15 18:00:00,83.4912,INR_PER_USD,4,v1.0,VALID,SYNTHETIC,hash_fx_000761,True
762,FX_USD_EUR,2025-01-15 00:00:00,2025-01-15 18:00:00,0.9244,EUR_PER_USD,4,v1.0,VALID,SYNTHETIC,hash_fx_000762,True
763,FX_USD_INR,2025-01-16 00:00:00,2025-01-16 18:00:00,83.5656,INR_PER_USD,4,v1.0,VALID,SYNTHETIC,hash_fx_000763,True
764,FX_USD_EUR,2025-01-16 00:00:00,2025-01-16 18:00:00,0.9233,EUR_PER_USD,4,v1.0,VALID,SYNTHETIC,hash_fx_000764,True
765,FX_USD_INR,2025-01-17 00:00:00,2025-01-17 18:00:00,83.6107,INR_PER_USD,4,v1.0,VALID,SYNTHETIC,hash_fx_000765,True
766,FX_USD_EUR,2025-01-17 00:00:00,2025-01-17 18:00:00,0.9275,EUR_PER_USD,4,v1.0,VALID,SYNTHETIC,hash_fx_000766,True
767,FX_USD_INR,2025-01-18 00:00:00,2025-01-18 18:00:00,83.6373,INR_PER_USD,4,v1.0,VALID,SYNTHETIC,hash_fx_000767,True
768,FX_USD_EUR,2025-01-18 00:00:00,2025-01-18 18:00:00,0.9268,EUR_PER_USD,4,v1.0,VALID,SYNTHETIC,hash_fx_000768,True
769,FX_USD_INR,2025-01-19 00:00:00,2025-01-19 18:00:00,83.5312,INR_PER_USD,4,v1.0,VALID,SYNTHETIC,hash_fx_000769,True
770,FX_USD_EUR,2025-01-19 00:00:00,2025-01-19 18:00:00,0.927,EUR_PER_USD,4,v1.0,VALID,SYNTHETIC,hash_fx_000770,True
771,FX_USD_INR,2025-01-20 00:00:00,2025-01-20 18:00:00,83.504,INR_PER_USD,4,v1.0,VALID,SYNTHETIC,hash_fx_000771,True
772,FX_USD_EUR,2025-01-20 00:00:00,2025-01-20 18:00:00,0.926,EUR_PER_USD,4,v1.0,VALID,SYNTHETIC,hash_fx_000772,True
773,FX_USD_INR,2025-01-21 00:00:00,2025-01-21 18:00:00,83.4974,INR_PER_USD,4,v1.0,VALID,SYNTHETIC,hash_fx_000773,True
774,FX_USD_EUR,2025-01-21 00:00:00,2025-01-21 18:00:00,0.9269,EUR_PER_USD,4,v1.0,VALID,SYNTHETIC,hash_fx_000774,True
775,FX_USD_INR,2025-01-22 00:00:00,2025-01-22 18:00:00,83.5288,INR_PER_USD,4,v1.0,VALID,SYNTHETIC,hash_fx_000775,True
776,FX_USD_EUR,2025-01-22 00:00:00,2025-01-22 18:00:00,0.9269,EUR_PER_USD,4,v1.0,VALID,SYNTHETIC,hash_fx_000776,True
777,FX_USD_INR,2025-01-23 00:00:00,2025-01-23 18:00:00,83.6588,INR_PER_USD,4,v1.0,VALID,SYNTHETIC,hash_fx_000777,True
778,FX_USD_EUR,2025-01-23 00:00:00,2025-01-23 18:00:00,0.9253,EUR_PER_USD,4,v1.0,VALID,SYNTHETIC,hash_fx_000778,True
779,FX_USD_INR,2025-01-24 00:00:00,2025-01-24 18:00:00,83.6184,INR_PER_USD,4,v1.0,VALID,SYNTHETIC,hash_fx_000779,True
780,FX_USD_EUR,2025-01-24 00:00:00,2025-01-24 18:00:00,0.9306,EUR_PER_USD,4,v1.0,VALID,SYNTHETIC,hash_fx_000780,True
781,FX_USD_INR,2025-01-25 00:00:00,2025-01-25 18:00:00,83.5933,INR_PER_USD,4,v1.0,VALID,SYNTHETIC,hash_fx_000781,True
782,FX_USD_EUR,2025-01-25 00:00:00,2025-01-25 18:00:00,0.9296,EUR_PER_USD,4,v1.0,VALID,SYNTHETIC,hash_fx_000782,True
783,FX_USD_INR,2025-01-26 00:00:00,2025-01-26 18:00:00,83.6316,INR_PER_USD,4,v1.0,VALID,SYNTHETIC,hash_fx_000783,True
784,FX_USD_EUR,2025-01-26 00:00:00,2025-01-26 18:00:00,0.9245,EUR_PER_USD,4,v1.0,VALID,SYNTHETIC,hash_fx_000784,True
785,FX_USD_INR,2025-01-27 00:00:00,2025-01-27 18:00:00,83.6745,INR_PER_USD,4,v1.0,VALID,SYNTHETIC,hash_fx_000785,True
786,FX_USD_EUR,2025-01-27 00:00:00,2025-01-27 18:00:00,0.9261,EUR_PER_USD,4,v1.0,VALID,SYNTHETIC,hash_fx_000786,True
787,FX_USD_INR,2025-01-28 00:00:00,2025-01-28 18:00:00,83.6102,INR_PER_USD,4,v1.0,VALID,SYNTHETIC,hash_fx_000787,True
788,FX_USD_EUR,2025-01-28 00:00:00,2025-01-28 18:00:00,0.9259,EUR_PER_USD,4,v1.0,VALID,SYNTHETIC,hash_fx_000788,True
789,FX_USD_INR,2025-01-29 00:00:00,2025-01-29 18:00:00,83.6107,INR_PER_USD,4,v1.0,VALID,SYNTHETIC,hash_fx_000789,True
790,FX_USD_EUR,2025-01-29 00:00:00,2025-01-29 18:00:00,0.9214,EUR_PER_USD,4,v1.0,VALID,SYNTHETIC,hash_fx_000790,True
791,FX_USD_INR,2025-01-30 00:00:00,2025-01-30 18:00:00,83.5179,INR_PER_USD,4,v1.0,VALID,SYNTHETIC,hash_fx_000791,True
792,FX_USD_EUR,2025-01-30 00:00:00,2025-01-30 18:00:00,0.9267,EUR_PER_USD,4,v1.0,VALID,SYNTHETIC,hash_fx_000792,True
793,FX_USD_INR,2025-01-31 00:00:00,2025-01-31 18:00:00,83.4543,INR_PER_USD,4,v1.0,VALID,SYNTHETIC,hash_fx_000793,True
794,FX_USD_EUR,2025-01-31 00:00:00,2025-01-31 18:00:00,0.9266,EUR_PER_USD,4,v1.0,VALID,SYNTHETIC,hash_fx_000794,True
795,FX_USD_INR,2025-02-01 00:00:00,2025-02-01 18:00:00,83.5195,INR_PER_USD,4,v1.0,VALID,SYNTHETIC,hash_fx_000795,True
796,FX_USD_EUR,2025-02-01 00:00:00,2025-02-01 18:00:00,0.9267,EUR_PER_USD,4,v1.0,VALID,SYNTHETIC,hash_fx_000796,True
797,FX_USD_INR,2025-02-02 00:00:00,2025-02-02 18:00:00,83.4388,INR_PER_USD,4,v1.0,VALID,SYNTHETIC,hash_fx_000797,True
798,FX_USD_EUR,2025-02-02 00:00:00,2025-02-02 18:00:00,0.9247,EUR_PER_USD,4,v1.0,VALID,SYNTHETIC,hash_fx_000798,True
799,FX_USD_INR,2025-02-03 00:00:00,2025-02-03 18:00:00,83.6303,INR_PER_USD,4,v1.0,VALID,SYNTHETIC,hash_fx_000799,True
800,FX_USD_EUR,2025-02-03 00:00:00,2025-02-03 18:00:00,0.9321,EUR_PER_USD,4,v1.0,VALID,SYNTHETIC,hash_fx_000800,True
801,FX_USD_INR,2025-02-04 00:00:00,2025-02-04 18:00:00,83.5915,INR_PER_USD,4,v1.0,VALID,SYNTHETIC,hash_fx_000801,True
802,FX_USD_EUR,2025-02-04 00:00:00,2025-02-04 18:00:00,0.9274,EUR_PER_USD,4,v1.0,VALID,SYNTHETIC,hash_fx_000802,True
803,FX_USD_INR,2025-02-05 00:00:00,2025-02-05 18:00:00,83.6743,INR_PER_USD,4,v1.0,VALID,SYNTHETIC,hash_fx_000803,True
804,FX_USD_EUR,2025-02-05 00:00:00,2025-02-05 18:00:00,0.9238,EUR_PER_USD,4,v1.0,VALID,SYNTHETIC,hash_fx_000804,True
805,FX_USD_INR,2025-02-06 00:00:00,2025-02-06 18:00:00,83.7074,INR_PER_USD,4,v1.0,VALID,SYNTHETIC,hash_fx_000805,True
806,FX_USD_EUR,2025-02-06 00:00:00,2025-02-06 18:00:00,0.9282,EUR_PER_USD,4,v1.0,VALID,SYNTHETIC,hash_fx_000806,True
807,FX_USD_INR,2025-02-07 00:00:00,2025-02-07 18:00:00,83.6458,INR_PER_USD,4,v1.0,VALID,SYNTHETIC,hash_fx_000807,True
808,FX_USD_EUR,2025-02-07 00:00:00,2025-02-07 18:00:00,0.9274,EUR_PER_USD,4,v1.0,VALID,SYNTHETIC,hash_fx_000808,True
809,FX_USD_INR,2025-02-08 00:00:00,2025-02-08 18:00:00,83.6187,INR_PER_USD,4,v1.0,VALID,SYNTHETIC,hash_fx_000809,True
810,FX_USD_EUR,2025-02-08 00:00:00,2025-02-08 18:00:00,0.9261,EUR_PER_USD,4,v1.0,VALID,SYNTHETIC,hash_fx_000810,True
811,FX_USD_INR,2025-02-09 00:00:00,2025-02-09 18:00:00,83.5582,INR_PER_USD,4,v1.0,VALID,SYNTHETIC,hash_fx_000811,True
812,FX_USD_EUR,2025-02-09 00:00:00,2025-02-09 18:00:00,0.9267,EUR_PER_USD,4,v1.0,VALID,SYNTHETIC,hash_fx_000812,True
813,FX_USD_INR,2025-02-10 00:00:00,2025-02-10 18:00:00,83.5647,INR_PER_USD,4,v1.0,VALID,SYNTHETIC,hash_fx_000813,True
814,FX_USD_EUR,2025-02-10 00:00:00,2025-02-10 18:00:00,0.9312,EUR_PER_USD,4,v1.0,VALID,SYNTHETIC,hash_fx_000814,True
815,FX_USD_INR,2025-02-11 00:00:00,2025-02-11 18:00:00,83.6431,INR_PER_USD,4,v1.0,VALID,SYNTHETIC,hash_fx_000815,True
816,FX_USD_EUR,2025-02-11 00:00:00,2025-02-11 18:00:00,0.9275,EUR_PER_USD,4,v1.0,VALID,SYNTHETIC,hash_fx_000816,True
817,FX_USD_INR,2025-02-12 00:00:00,2025-02-12 18:00:00,83.829,INR_PER_USD,4,v1.0,VALID,SYNTHETIC,hash_fx_000817,True
818,FX_USD_EUR,2025-02-12 00:00:00,2025-02-12 18:00:00,0.9271,EUR_PER_USD,4,v1.0,VALID,SYNTHETIC,hash_fx_000818,True
819,FX_USD_INR,2025-02-13 00:00:00,2025-02-13 18:00:00,83.6075,INR_PER_USD,4,v1.0,VALID,SYNTHETIC,hash_fx_000819,True
820,FX_USD_EUR,2025-02-13 00:00:00,2025-02-13 18:00:00,0.9281,EUR_PER_USD,4,v1.0,VALID,SYNTHETIC,hash_fx_000820,True
821,FX_USD_INR,2025-02-14 00:00:00,2025-02-14 18:00:00,83.6267,INR_PER_USD,4,v1.0,VALID,SYNTHETIC,hash_fx_000821,True
822,FX_USD_EUR,2025-02-14 00:00:00,2025-02-14 18:00:00,0.927,EUR_PER_USD,4,v1.0,VALID,SYNTHETIC,hash_fx_000822,True
823,FX_USD_INR,2025-02-15 00:00:00,2025-02-15 18:00:00,83.5007,INR_PER_USD,4,v1.0,VALID,SYNTHETIC,hash_fx_000823,True
824,FX_USD_EUR,2025-02-15 00:00:00,2025-02-15 18:00:00,0.9287,EUR_PER_USD,4,v1.0,VALID,SYNTHETIC,hash_fx_000824,True
825,FX_USD_INR,2025-02-16 00:00:00,2025-02-16 18:00:00,83.61,INR_PER_USD,4,v1.0,VALID,SYNTHETIC,hash_fx_000825,True
826,FX_USD_EUR,2025-02-16 00:00:00,2025-02-16 18:00:00,0.9269,EUR_PER_USD,4,v1.0,VALID,SYNTHETIC,hash_fx_000826,True
827,FX_USD_INR,2025-02-17 00:00:00,2025-02-17 18:00:00,83.6119,INR_PER_USD,4,v1.0,VALID,SYNTHETIC,hash_fx_000827,True
828,FX_USD_EUR,2025-02-17 00:00:00,2025-02-17 18:00:00,0.9279,EUR_PER_USD,4,v1.0,VALID,SYNTHETIC,hash_fx_000828,True
829,FX_USD_INR,2025-02-18 00:00:00,2025-02-18 18:00:00,83.7041,INR_PER_USD,4,v1.0,VALID,SYNTHETIC,hash_fx_000829,True
830,FX_USD_EUR,2025-02-18 00:00:00,2025-02-18 18:00:00,0.9248,EUR_PER_USD,4,v1.0,VALID,SYNTHETIC,hash_fx_000830,True
831,FX_USD_INR,2025-02-19 00:00:00,2025-02-19 18:00:00,83.5603,INR_PER_USD,4,v1.0,VALID,SYNTHETIC,hash_fx_000831,True
832,FX_USD_EUR,2025-02-19 00:00:00,2025-02-19 18:00:00,0.9282,EUR_PER_USD,4,v1.0,VALID,SYNTHETIC,hash_fx_000832,True
833,FX_USD_INR,2025-02-20 00:00:00,2025-02-20 18:00:00,83.7343,INR_PER_USD,4,v1.0,VALID,SYNTHETIC,hash_fx_000833,True
834,FX_USD_EUR,2025-02-20 00:00:00,2025-02-20 18:00:00,0.9302,EUR_PER_USD,4,v1.0,VALID,SYNTHETIC,hash_fx_000834,True
835,FX_USD_INR,2025-02-21 00:00:00,2025-02-21 18:00:00,83.6174,INR_PER_USD,4,v1.0,VALID,SYNTHETIC,hash_fx_000835,True
836,FX_USD_EUR,2025-02-21 00:00:00,2025-02-21 18:00:00,0.9224,EUR_PER_USD,4,v1.0,VALID,SYNTHETIC,hash_fx_000836,True
837,FX_USD_INR,2025-02-22 00:00:00,2025-02-22 18:00:00,83.5453,INR_PER_USD,4,v1.0,VALID,SYNTHETIC,hash_fx_000837,True
838,FX_USD_EUR,2025-02-22 00:00:00,2025-02-22 18:00:00,0.9237,EUR_PER_USD,4,v1.0,VALID,SYNTHETIC,hash_fx_000838,True
839,FX_USD_INR,2025-02-23 00:00:00,2025-02-23 18:00:00,83.5889,INR_PER_USD,4,v1.0,VALID,SYNTHETIC,hash_fx_000839,True
840,FX_USD_EUR,2025-02-23 00:00:00,2025-02-23 18:00:00,0.9299,EUR_PER_USD,4,v1.0,VALID,SYNTHETIC,hash_fx_000840,True
841,FX_USD_INR,2025-02-24 00:00:00,2025-02-24 18:00:00,83.6132,INR_PER_USD,4,v1.0,VALID,SYNTHETIC,hash_fx_000841,True
842,FX_USD_EUR,2025-02-24 00:00:00,2025-02-24 18:00:00,0.9274,EUR_PER_USD,4,v1.0,VALID,SYNTHETIC,hash_fx_000842,True
843,FX_USD_INR,2025-02-25 00:00:00,2025-02-25 18:00:00,83.7721,INR_PER_USD,4,v1.0,VALID,SYNTHETIC,hash_fx_000843,True
844,FX_USD_EUR,2025-02-25 00:00:00,2025-02-25 18:00:00,0.9299,EUR_PER_USD,4,v1.0,VALID,SYNTHETIC,hash_fx_000844,True
845,FX_USD_INR,2025-02-26 00:00:00,2025-02-26 18:00:00,83.5946,INR_PER_USD,4,v1.0,VALID,SYNTHETIC,hash_fx_000845,True
846,FX_USD_EUR,2025-02-26 00:00:00,2025-02-26 18:00:00,0.9296,EUR_PER_USD,4,v1.0,VALID,SYNTHETIC,hash_fx_000846,True
847,FX_USD_INR,2025-02-27 00:00:00,2025-02-27 18:00:00,83.6426,INR_PER_USD,4,v1.0,VALID,SYNTHETIC,hash_fx_000847,True
848,FX_USD_EUR,2025-02-27 00:00:00,2025-02-27 18:00:00,0.9232,EUR_PER_USD,4,v1.0,VALID,SYNTHETIC,hash_fx_000848,True
849,FX_USD_INR,2025-02-28 00:00:00,2025-02-28 18:00:00,83.652,INR_PER_USD,4,v1.0,VALID,SYNTHETIC,hash_fx_000849,True
850,FX_USD_EUR,2025-02-28 00:00:00,2025-02-28 18:00:00,0.9281,EUR_PER_USD,4,v1.0,VALID,SYNTHETIC,hash_fx_000850,True
851,FX_USD_INR,2025-03-01 00:00:00,2025-03-01 18:00:00,83.5877,INR_PER_USD,4,v1.0,VALID,SYNTHETIC,hash_fx_000851,True
852,FX_USD_EUR,2025-03-01 00:00:00,2025-03-01 18:00:00,0.9245,EUR_PER_USD,4,v1.0,VALID,SYNTHETIC,hash_fx_000852,True
853,FX_USD_INR,2025-03-02 00:00:00,2025-03-02 18:00:00,83.7253,INR_PER_USD,4,v1.0,VALID,SYNTHETIC,hash_fx_000853,True
854,FX_USD_EUR,2025-03-02 00:00:00,2025-03-02 18:00:00,0.9293,EUR_PER_USD,4,v1.0,VALID,SYNTHETIC,hash_fx_000854,True
855,FX_USD_INR,2025-03-03 00:00:00,2025-03-03 18:00:00,83.734,INR_PER_USD,4,v1.0,VALID,SYNTHETIC,hash_fx_000855,True
856,FX_USD_EUR,2025-03-03 00:00:00,2025-03-03 18:00:00,0.926,EUR_PER_USD,4,v1.0,VALID,SYNTHETIC,hash_fx_000856,True
857,FX_USD_INR,2025-03-04 00:00:00,2025-03-04 18:00:00,83.6504,INR_PER_USD,4,v1.0,VALID,SYNTHETIC,hash_fx_000857,True
858,FX_USD_EUR,2025-03-04 00:00:00,2025-03-04 18:00:00,0.9278,EUR_PER_USD,4,v1.0,VALID,SYNTHETIC,hash_fx_000858,True
859,FX_USD_INR,2025-03-05 00:00:00,2025-03-05 18:00:00,83.7458,INR_PER_USD,4,v1.0,VALID,SYNTHETIC,hash_fx_000859,True
860,FX_USD_EUR,2025-03-05 00:00:00,2025-03-05 18:00:00,0.9293,EUR_PER_USD,4,v1.0,VALID,SYNTHETIC,hash_fx_000860,True
861,FX_USD_INR,2025-03-06 00:00:00,2025-03-06 18:00:00,83.6946,INR_PER_USD,4,v1.0,VALID,SYNTHETIC,hash_fx_000861,True
862,FX_USD_EUR,2025-03-06 00:00:00,2025-03-06 18:00:00,0.9265,EUR_PER_USD,4,v1.0,VALID,SYNTHETIC,hash_fx_000862,True
863,FX_USD_INR,2025-03-07 00:00:00,2025-03-07 18:00:00,83.6561,INR_PER_USD,4,v1.0,VALID,SYNTHETIC,hash_fx_000863,True
864,FX_USD_EUR,2025-03-07 00:00:00,2025-03-07 18:00:00,0.928,EUR_PER_USD,4,v1.0,VALID,SYNTHETIC,hash_fx_000864,True
865,FX_USD_INR,2025-03-08 00:00:00,2025-03-08 18:00:00,83.7899,INR_PER_USD,4,v1.0,VALID,SYNTHETIC,hash_fx_000865,True
866,FX_USD_EUR,2025-03-08 00:00:00,2025-03-08 18:00:00,0.9223,EUR_PER_USD,4,v1.0,VALID,SYNTHETIC,hash_fx_000866,True
867,FX_USD_INR,2025-03-09 00:00:00,2025-03-09 18:00:00,83.6331,INR_PER_USD,4,v1.0,VALID,SYNTHETIC,hash_fx_000867,True
868,FX_USD_EUR,2025-03-09 00:00:00,2025-03-09 18:00:00,0.9301,EUR_PER_USD,4,v1.0,VALID,SYNTHETIC,hash_fx_000868,True
869,FX_USD_INR,2025-03-10 00:00:00,2025-03-10 18:00:00,83.6621,INR_PER_USD,4,v1.0,VALID,SYNTHETIC,hash_fx_000869,True
870,FX_USD_EUR,2025-03-10 00:00:00,2025-03-10 18:00:00,0.9271,EUR_PER_USD,4,v1.0,VALID,SYNTHETIC,hash_fx_000870,True
871,FX_USD_INR,2025-03-11 00:00:00,2025-03-11 18:00:00,83.7174,INR_PER_USD,4,v1.0,VALID,SYNTHETIC,hash_fx_000871,True
872,FX_USD_EUR,2025-03-11 00:00:00,2025-03-11 18:00:00,0.9275,EUR_PER_USD,4,v1.0,VALID,SYNTHETIC,hash_fx_000872,True
873,FX_USD_INR,2025-03-12 00:00:00,2025-03-12 18:00:00,83.6385,INR_PER_USD,4,v1.0,VALID,SYNTHETIC,hash_fx_000873,True
874,FX_USD_EUR,2025-03-12 00:00:00,2025-03-12 18:00:00,0.9311,EUR_PER_USD,4,v1.0,VALID,SYNTHETIC,hash_fx_000874,True
875,FX_USD_INR,2025-03-13 00:00:00,2025-03-13 18:00:00,83.7152,INR_PER_USD,4,v1.0,VALID,SYNTHETIC,hash_fx_000875,True
876,FX_USD_EUR,2025-03-13 00:00:00,2025-03-13 18:00:00,0.9299,EUR_PER_USD,4,v1.0,VALID,SYNTHETIC,hash_fx_000876,True
877,FX_USD_INR,2025-03-14 00:00:00,2025-03-14 18:00:00,83.7041,INR_PER_USD,4,v1.0,VALID,SYNTHETIC,hash_fx_000877,True
878,FX_USD_EUR,2025-03-14 00:00:00,2025-03-14 18:00:00,0.9298,EUR_PER_USD,4,v1.0,VALID,SYNTHETIC,hash_fx_000878,True
879,FX_USD_INR,2025-03-15 00:00:00,2025-03-15 18:00:00,83.5225,INR_PER_USD,4,v1.0,VALID,SYNTHETIC,hash_fx_000879,True
880,FX_USD_EUR,2025-03-15 00:00:00,2025-03-15 18:00:00,0.9279,EUR_PER_USD,4,v1.0,VALID,SYNTHETIC,hash_fx_000880,True
881,FX_USD_INR,2025-03-16 00:00:00,2025-03-16 18:00:00,83.7813,INR_PER_USD,4,v1.0,VALID,SYNTHETIC,hash_fx_000881,True
882,FX_USD_EUR,2025-03-16 00:00:00,2025-03-16 18:00:00,0.9303,EUR_PER_USD,4,v1.0,VALID,SYNTHETIC,hash_fx_000882,True
883,FX_USD_INR,2025-03-17 00:00:00,2025-03-17 18:00:00,83.6116,INR_PER_USD,4,v1.0,VALID,SYNTHETIC,hash_fx_000883,True
884,FX_USD_EUR,2025-03-17 00:00:00,2025-03-17 18:00:00,0.9291,EUR_PER_USD,4,v1.0,VALID,SYNTHETIC,hash_fx_000884,True
885,FX_USD_INR,2025-03-18 00:00:00,2025-03-18 18:00:00,83.7663,INR_PER_USD,4,v1.0,VALID,SYNTHETIC,hash_fx_000885,True
886,FX_USD_EUR,2025-03-18 00:00:00,2025-03-18 18:00:00,0.9284,EUR_PER_USD,4,v1.0,VALID,SYNTHETIC,hash_fx_000886,True
887,FX_USD_INR,2025-03-19 00:00:00,2025-03-19 18:00:00,83.707,INR_PER_USD,4,v1.0,VALID,SYNTHETIC,hash_fx_000887,True
888,FX_USD_EUR,2025-03-19 00:00:00,2025-03-19 18:00:00,0.9266,EUR_PER_USD,4,v1.0,VALID,SYNTHETIC,hash_fx_000888,True
889,FX_USD_INR,2025-03-20 00:00:00,2025-03-20 18:00:00,83.7316,INR_PER_USD,4,v1.0,VALID,SYNTHETIC,hash_fx_000889,True
890,FX_USD_EUR,2025-03-20 00:00:00,2025-03-20 18:00:00,0.9271,EUR_PER_USD,4,v1.0,VALID,SYNTHETIC,hash_fx_000890,True
891,FX_USD_INR,2025-03-21 00:00:00,2025-03-21 18:00:00,83.7366,INR_PER_USD,4,v1.0,VALID,SYNTHETIC,hash_fx_000891,True
892,FX_USD_EUR,2025-03-21 00:00:00,2025-03-21 18:00:00,0.926,EUR_PER_USD,4,v1.0,VALID,SYNTHETIC,hash_fx_000892,True
893,FX_USD_INR,2025-03-22 00:00:00,2025-03-22 18:00:00,83.6741,INR_PER_USD,4,v1.0,VALID,SYNTHETIC,hash_fx_000893,True
894,FX_USD_EUR,2025-03-22 00:00:00,2025-03-22 18:00:00,0.9274,EUR_PER_USD,4,v1.0,VALID,SYNTHETIC,hash_fx_000894,True
895,FX_USD_INR,2025-03-23 00:00:00,2025-03-23 18:00:00,83.6393,INR_PER_USD,4,v1.0,VALID,SYNTHETIC,hash_fx_000895,True
896,FX_USD_EUR,2025-03-23 00:00:00,2025-03-23 18:00:00,0.9275,EUR_PER_USD,4,v1.0,VALID,SYNTHETIC,hash_fx_000896,True
897,FX_USD_INR,2025-03-24 00:00:00,2025-03-24 18:00:00,83.7301,INR_PER_USD,4,v1.0,VALID,SYNTHETIC,hash_fx_000897,True
898,FX_USD_EUR,2025-03-24 00:00:00,2025-03-24 18:00:00,0.9277,EUR_PER_USD,4,v1.0,VALID,SYNTHETIC,hash_fx_000898,True
899,FX_USD_INR,2025-03-25 00:00:00,2025-03-25 18:00:00,83.677,INR_PER_USD,4,v1.0,VALID,SYNTHETIC,hash_fx_000899,True
900,FX_USD_EUR,2025-03-25 00:00:00,2025-03-25 18:00:00,0.9319,EUR_PER_USD,4,v1.0,VALID,SYNTHETIC,hash_fx_000900,True
901,FX_USD_INR,2025-03-26 00:00:00,2025-03-26 18:00:00,83.851,INR_PER_USD,4,v1.0,VALID,SYNTHETIC,hash_fx_000901,True
902,FX_USD_EUR,2025-03-26 00:00:00,2025-03-26 18:00:00,0.9319,EUR_PER_USD,4,v1.0,VALID,SYNTHETIC,hash_fx_000902,True
903,FX_USD_INR,2025-03-27 00:00:00,2025-03-27 18:00:00,83.712,INR_PER_USD,4,v1.0,VALID,SYNTHETIC,hash_fx_000903,True
904,FX_USD_EUR,2025-03-27 00:00:00,2025-03-27 18:00:00,0.9218,EUR_PER_USD,4,v1.0,VALID,SYNTHETIC,hash_fx_000904,True
905,FX_USD_INR,2025-03-28 00:00:00,2025-03-28 18:00:00,83.6797,INR_PER_USD,4,v1.0,VALID,SYNTHETIC,hash_fx_000905,True
906,FX_USD_EUR,2025-03-28 00:00:00,2025-03-28 18:00:00,0.9271,EUR_PER_USD,4,v1.0,VALID,SYNTHETIC,hash_fx_000906,True
907,FX_USD_INR,2025-03-29 00:00:00,2025-03-29 18:00:00,83.7179,INR_PER_USD,4,v1.0,VALID,SYNTHETIC,hash_fx_000907,True
908,FX_USD_EUR,2025-03-29 00:00:00,2025-03-29 18:00:00,0.9234,EUR_PER_USD,4,v1.0,VALID,SYNTHETIC,hash_fx_000908,True
909,FX_USD_INR,2025-03-30 00:00:00,2025-03-30 18:00:00,83.6846,INR_PER_USD,4,v1.0,VALID,SYNTHETIC,hash_fx_000909,True
910,FX_USD_EUR,2025-03-30 00:00:00,2025-03-30 18:00:00,0.9267,EUR_PER_USD,4,v1.0,VALID,SYNTHETIC,hash_fx_000910,True
911,FX_USD_INR,2025-03-31 00:00:00,2025-03-31 18:00:00,83.6528,INR_PER_USD,4,v1.0,VALID,SYNTHETIC,hash_fx_000911,True
912,FX_USD_EUR,2025-03-31 00:00:00,2025-03-31 18:00:00,0.9282,EUR_PER_USD,4,v1.0,VALID,SYNTHETIC,hash_fx_000912,True
913,FX_USD_INR,2025-04-01 00:00:00,2025-04-01 18:00:00,83.7081,INR_PER_USD,4,v1.0,VALID,SYNTHETIC,hash_fx_000913,True
914,FX_USD_EUR,2025-04-01 00:00:00,2025-04-01 18:00:00,0.9237,EUR_PER_USD,4,v1.0,VALID,SYNTHETIC,hash_fx_000914,True
915,FX_USD_INR,2025-04-02 00:00:00,2025-04-02 18:00:00,83.7254,INR_PER_USD,4,v1.0,VALID,SYNTHETIC,hash_fx_000915,True
916,FX_USD_EUR,2025-04-02 00:00:00,2025-04-02 18:00:00,0.9278,EUR_PER_USD,4,v1.0,VALID,SYNTHETIC,hash_fx_000916,True
917,FX_USD_INR,2025-04-03 00:00:00,2025-04-03 18:00:00,83.7586,INR_PER_USD,4,v1.0,VALID,SYNTHETIC,hash_fx_000917,True
918,FX_USD_EUR,2025-04-03 00:00:00,2025-04-03 18:00:00,0.9294,EUR_PER_USD,4,v1.0,VALID,SYNTHETIC,hash_fx_000918,True
919,FX_USD_INR,2025-04-04 00:00:00,2025-04-04 18:00:00,83.7574,INR_PER_USD,4,v1.0,VALID,SYNTHETIC,hash_fx_000919,True
920,FX_USD_EUR,2025-04-04 00:00:00,2025-04-04 18:00:00,0.929,EUR_PER_USD,4,v1.0,VALID,SYNTHETIC,hash_fx_000920,True
921,FX_USD_INR,2025-04-05 00:00:00,2025-04-05 18:00:00,83.7144,INR_PER_USD,4,v1.0,VALID,SYNTHETIC,hash_fx_000921,True
922,FX_USD_EUR,2025-04-05 00:00:00,2025-04-05 18:00:00,0.9256,EUR_PER_USD,4,v1.0,VALID,SYNTHETIC,hash_fx_000922,True
923,FX_USD_INR,2025-04-06 00:00:00,2025-04-06 18:00:00,83.7626,INR_PER_USD,4,v1.0,VALID,SYNTHETIC,hash_fx_000923,True
924,FX_USD_EUR,2025-04-06 00:00:00,2025-04-06 18:00:00,0.9292,EUR_PER_USD,4,v1.0,VALID,SYNTHETIC,hash_fx_000924,True
925,FX_USD_INR,2025-04-07 00:00:00,2025-04-07 18:00:00,83.6884,INR_PER_USD,4,v1.0,VALID,SYNTHETIC,hash_fx_000925,True
926,FX_USD_EUR,2025-04-07 00:00:00,2025-04-07 18:00:00,0.9328,EUR_PER_USD,4,v1.0,VALID,SYNTHETIC,hash_fx_000926,True
927,FX_USD_INR,2025-04-08 00:00:00,2025-04-08 18:00:00,83.7316,INR_PER_USD,4,v1.0,VALID,SYNTHETIC,hash_fx_000927,True
928,FX_USD_EUR,2025-04-08 00:00:00,2025-04-08 18:00:00,0.929,EUR_PER_USD,4,v1.0,VALID,SYNTHETIC,hash_fx_000928,True
929,FX_USD_INR,2025-04-09 00:00:00,2025-04-09 18:00:00,83.9195,INR_PER_USD,4,v1.0,VALID,SYNTHETIC,hash_fx_000929,True
930,FX_USD_EUR,2025-04-09 00:00:00,2025-04-09 18:00:00,0.9343,EUR_PER_USD,4,v1.0,VALID,SYNTHETIC,hash_fx_000930,True
931,FX_USD_INR,2025-04-10 00:00:00,2025-04-10 18:00:00,83.8001,INR_PER_USD,4,v1.0,VALID,SYNTHETIC,hash_fx_000931,True
932,FX_USD_EUR,2025-04-10 00:00:00,2025-04-10 18:00:00,0.9275,EUR_PER_USD,4,v1.0,VALID,SYNTHETIC,hash_fx_000932,True
933,FX_USD_INR,2025-04-11 00:00:00,2025-04-11 18:00:00,83.7266,INR_PER_USD,4,v1.0,VALID,SYNTHETIC,hash_fx_000933,True
934,FX_USD_EUR,2025-04-11 00:00:00,2025-04-11 18:00:00,0.9306,EUR_PER_USD,4,v1.0,VALID,SYNTHETIC,hash_fx_000934,True
935,FX_USD_INR,2025-04-12 00:00:00,2025-04-12 18:00:00,83.8219,INR_PER_USD,4,v1.0,VALID,SYNTHETIC,hash_fx_000935,True
936,FX_USD_EUR,2025-04-12 00:00:00,2025-04-12 18:00:00,0.9278,EUR_PER_USD,4,v1.0,VALID,SYNTHETIC,hash_fx_000936,True
937,FX_USD_INR,2025-04-13 00:00:00,2025-04-13 18:00:00,83.7081,INR_PER_USD,4,v1.0,VALID,SYNTHETIC,hash_fx_000937,True
938,FX_USD_EUR,2025-04-13 00:00:00,2025-04-13 18:00:00,0.9302,EUR_PER_USD,4,v1.0,VALID,SYNTHETIC,hash_fx_000938,True
939,FX_USD_INR,2025-04-14 00:00:00,2025-04-14 18:00:00,83.8053,INR_PER_USD,4,v1.0,VALID,SYNTHETIC,hash_fx_000939,True
940,FX_USD_EUR,2025-04-14 00:00:00,2025-04-14 18:00:00,0.9301,EUR_PER_USD,4,v1.0,VALID,SYNTHETIC,hash_fx_000940,True
941,FX_USD_INR,2025-04-15 00:00:00,2025-04-15 18:00:00,83.6789,INR_PER_USD,4,v1.0,VALID,SYNTHETIC,hash_fx_000941,True
942,FX_USD_EUR,2025-04-15 00:00:00,2025-04-15 18:00:00,0.9265,EUR_PER_USD,4,v1.0,VALID,SYNTHETIC,hash_fx_000942,True
943,FX_USD_INR,2025-04-16 00:00:00,2025-04-16 18:00:00,83.8222,INR_PER_USD,4,v1.0,VALID,SYNTHETIC,hash_fx_000943,True
944,FX_USD_EUR,2025-04-16 00:00:00,2025-04-16 18:00:00,0.9307,EUR_PER_USD,4,v1.0,VALID,SYNTHETIC,hash_fx_000944,True
945,FX_USD_INR,2025-04-17 00:00:00,2025-04-17 18:00:00,83.7151,INR_PER_USD,4,v1.0,VALID,SYNTHETIC,hash_fx_000945,True
946,FX_USD_EUR,2025-04-17 00:00:00,2025-04-17 18:00:00,0.9251,EUR_PER_USD,4,v1.0,VALID,SYNTHETIC,hash_fx_000946,True
947,FX_USD_INR,2025-04-18 00:00:00,2025-04-18 18:00:00,83.6558,INR_PER_USD,4,v1.0,VALID,SYNTHETIC,hash_fx_000947,True
948,FX_USD_EUR,2025-04-18 00:00:00,2025-04-18 18:00:00,0.9302,EUR_PER_USD,4,v1.0,VALID,SYNTHETIC,hash_fx_000948,True
949,FX_USD_INR,2025-04-19 00:00:00,2025-04-19 18:00:00,83.8398,INR_PER_USD,4,v1.0,VALID,SYNTHETIC,hash_fx_000949,True
950,FX_USD_EUR,2025-04-19 00:00:00,2025-04-19 18:00:00,0.9298,EUR_PER_USD,4,v1.0,VALID,SYNTHETIC,hash_fx_000950,True
951,FX_USD_INR,2025-04-20 00:00:00,2025-04-20 18:00:00,83.6885,INR_PER_USD,4,v1.0,VALID,SYNTHETIC,hash_fx_000951,True
952,FX_USD_EUR,2025-04-20 00:00:00,2025-04-20 18:00:00,0.9323,EUR_PER_USD,4,v1.0,VALID,SYNTHETIC,hash_fx_000952,True
953,FX_USD_INR,2025-04-21 00:00:00,2025-04-21 18:00:00,83.7761,INR_PER_USD,4,v1.0,VALID,SYNTHETIC,hash_fx_000953,True
954,FX_USD_EUR,2025-04-21 00:00:00,2025-04-21 18:00:00,0.9289,EUR_PER_USD,4,v1.0,VALID,SYNTHETIC,hash_fx_000954,True
955,FX_USD_INR,2025-04-22 00:00:00,2025-04-22 18:00:00,83.7657,INR_PER_USD,4,v1.0,VALID,SYNTHETIC,hash_fx_000955,True
956,FX_USD_EUR,2025-04-22 00:00:00,2025-04-22 18:00:00,0.9287,EUR_PER_USD,4,v1.0,VALID,SYNTHETIC,hash_fx_000956,True
957,FX_USD_INR,2025-04-23 00:00:00,2025-04-23 18:00:00,83.8239,INR_PER_USD,4,v1.0,VALID,SYNTHETIC,hash_fx_000957,True
958,FX_USD_EUR,2025-04-23 00:00:00,2025-04-23 18:00:00,0.9297,EUR_PER_USD,4,v1.0,VALID,SYNTHETIC,hash_fx_000958,True
959,FX_USD_INR,2025-04-24 00:00:00,2025-04-24 18:00:00,83.8372,INR_PER_USD,4,v1.0,VALID,SYNTHETIC,hash_fx_000959,True
960,FX_USD_EUR,2025-04-24 00:00:00,2025-04-24 18:00:00,0.9283,EUR_PER_USD,4,v1.0,VALID,SYNTHETIC,hash_fx_000960,True
961,FX_USD_INR,2025-04-25 00:00:00,2025-04-25 18:00:00,83.8193,INR_PER_USD,4,v1.0,VALID,SYNTHETIC,hash_fx_000961,True
962,FX_USD_EUR,2025-04-25 00:00:00,2025-04-25 18:00:00,0.9276,EUR_PER_USD,4,v1.0,VALID,SYNTHETIC,hash_fx_000962,True
963,FX_USD_INR,2025-04-26 00:00:00,2025-04-26 18:00:00,83.7732,INR_PER_USD,4,v1.0,VALID,SYNTHETIC,hash_fx_000963,True
964,FX_USD_EUR,2025-04-26 00:00:00,2025-04-26 18:00:00,0.9316,EUR_PER_USD,4,v1.0,VALID,SYNTHETIC,hash_fx_000964,True
965,FX_USD_INR,2025-04-27 00:00:00,2025-04-27 18:00:00,83.6961,INR_PER_USD,4,v1.0,VALID,SYNTHETIC,hash_fx_000965,True
966,FX_USD_EUR,2025-04-27 00:00:00,2025-04-27 18:00:00,0.93,EUR_PER_USD,4,v1.0,VALID,SYNTHETIC,hash_fx_000966,True
967,FX_USD_INR,2025-04-28 00:00:00,2025-04-28 18:00:00,83.7471,INR_PER_USD,4,v1.0,VALID,SYNTHETIC,hash_fx_000967,True
968,FX_USD_EUR,2025-04-28 00:00:00,2025-04-28 18:00:00,0.9289,EUR_PER_USD,4,v1.0,VALID,SYNTHETIC,hash_fx_000968,True
969,FX_USD_INR,2025-04-29 00:00:00,2025-04-29 18:00:00,83.6417,INR_PER_USD,4,v1.0,VALID,SYNTHETIC,hash_fx_000969,True
970,FX_USD_EUR,2025-04-29 00:00:00,2025-04-29 18:00:00,0.9286,EUR_PER_USD,4,v1.0,VALID,SYNTHETIC,hash_fx_000970,True
971,FX_USD_INR,2025-04-30 00:00:00,2025-04-30 18:00:00,83.7406,INR_PER_USD,4,v1.0,VALID,SYNTHETIC,hash_fx_000971,True
972,FX_USD_EUR,2025-04-30 00:00:00,2025-04-30 18:00:00,0.927,EUR_PER_USD,4,v1.0,VALID,SYNTHETIC,hash_fx_000972,True
973,FX_USD_INR,2025-05-01 00:00:00,2025-05-01 18:00:00,83.8788,INR_PER_USD,4,v1.0,VALID,SYNTHETIC,hash_fx_000973,True
974,FX_USD_EUR,2025-05-01 00:00:00,2025-05-01 18:00:00,0.9306,EUR_PER_USD,4,v1.0,VALID,SYNTHETIC,hash_fx_000974,True
975,FX_USD_INR,2025-05-02 00:00:00,2025-05-02 18:00:00,83.7852,INR_PER_USD,4,v1.0,VALID,SYNTHETIC,hash_fx_000975,True
976,FX_USD_EUR,2025-05-02 00:00:00,2025-05-02 18:00:00,0.9292,EUR_PER_USD,4,v1.0,VALID,SYNTHETIC,hash_fx_000976,True
977,FX_USD_INR,2025-05-03 00:00:00,2025-05-03 18:00:00,83.7648,INR_PER_USD,4,v1.0,VALID,SYNTHETIC,hash_fx_000977,True
978,FX_USD_EUR,2025-05-03 00:00:00,2025-05-03 18:00:00,0.9315,EUR_PER_USD,4,v1.0,VALID,SYNTHETIC,hash_fx_000978,True
979,FX_USD_INR,2025-05-04 00:00:00,2025-05-04 18:00:00,83.946,INR_PER_USD,4,v1.0,VALID,SYNTHETIC,hash_fx_000979,True
980,FX_USD_EUR,2025-05-04 00:00:00,2025-05-04 18:00:00,0.93,EUR_PER_USD,4,v1.0,VALID,SYNTHETIC,hash_fx_000980,True
981,FX_USD_INR,2025-05-05 00:00:00,2025-05-05 18:00:00,83.8264,INR_PER_USD,4,v1.0,VALID,SYNTHETIC,hash_fx_000981,True
982,FX_USD_EUR,2025-05-05 00:00:00,2025-05-05 18:00:00,0.93,EUR_PER_USD,4,v1.0,VALID,SYNTHETIC,hash_fx_000982,True
983,FX_USD_INR,2025-05-06 00:00:00,2025-05-06 18:00:00,83.7154,INR_PER_USD,4,v1.0,VALID,SYNTHETIC,hash_fx_000983,True
984,FX_USD_EUR,2025-05-06 00:00:00,2025-05-06 18:00:00,0.9287,EUR_PER_USD,4,v1.0,VALID,SYNTHETIC,hash_fx_000984,True
985,FX_USD_INR,2025-05-07 00:00:00,2025-05-07 18:00:00,83.846,INR_PER_USD,4,v1.0,VALID,SYNTHETIC,hash_fx_000985,True
986,FX_USD_EUR,2025-05-07 00:00:00,2025-05-07 18:00:00,0.9313,EUR_PER_USD,4,v1.0,VALID,SYNTHETIC,hash_fx_000986,True
987,FX_USD_INR,2025-05-08 00:00:00,2025-05-08 18:00:00,83.8867,INR_PER_USD,4,v1.0,VALID,SYNTHETIC,hash_fx_000987,True
988,FX_USD_EUR,2025-05-08 00:00:00,2025-05-08 18:00:00,0.9257,EUR_PER_USD,4,v1.0,VALID,SYNTHETIC,hash_fx_000988,True
989,FX_USD_INR,2025-05-09 00:00:00,2025-05-09 18:00:00,83.6512,INR_PER_USD,4,v1.0,VALID,SYNTHETIC,hash_fx_000989,True
990,FX_USD_EUR,2025-05-09 00:00:00,2025-05-09 18:00:00,0.9314,EUR_PER_USD,4,v1.0,VALID,SYNTHETIC,hash_fx_000990,True
991,FX_USD_INR,2025-05-10 00:00:00,2025-05-10 18:00:00,83.8029,INR_PER_USD,4,v1.0,VALID,SYNTHETIC,hash_fx_000991,True
992,FX_USD_EUR,2025-05-10 00:00:00,2025-05-10 18:00:00,0.9293,EUR_PER_USD,4,v1.0,VALID,SYNTHETIC,hash_fx_000992,True
993,FX_USD_INR,2025-05-11 00:00:00,2025-05-11 18:00:00,83.7565,INR_PER_USD,4,v1.0,VALID,SYNTHETIC,hash_fx_000993,True
994,FX_USD_EUR,2025-05-11 00:00:00,2025-05-11 18:00:00,0.9294,EUR_PER_USD,4,v1.0,VALID,SYNTHETIC,hash_fx_000994,True
995,FX_USD_INR,2025-05-12 00:00:00,2025-05-12 18:00:00,83.7161,INR_PER_USD,4,v1.0,VALID,SYNTHETIC,hash_fx_000995,True
996,FX_USD_EUR,2025-05-12 00:00:00,2025-05-12 18:00:00,0.9305,EUR_PER_USD,4,v1.0,VALID,SYNTHETIC,hash_fx_000996,True
997,FX_USD_INR,2025-05-13 00:00:00,2025-05-13 18:00:00,83.6294,INR_PER_USD,4,v1.0,VALID,SYNTHETIC,hash_fx_000997,True
998,FX_USD_EUR,2025-05-13 00:00:00,2025-05-13 18:00:00,0.9319,EUR_PER_USD,4,v1.0,VALID,SYNTHETIC,hash_fx_000998,True
999,FX_USD_INR,2025-05-14 00:00:00,2025-05-14 18:00:00,83.5954,INR_PER_USD,4,v1.0,VALID,SYNTHETIC,hash_fx_000999,True
1000,FX_USD_EUR,2025-05-14 00:00:00,2025-05-14 18:00:00,0.9301,EUR_PER_USD,4,v1.0,VALID,SYNTHETIC,hash_fx_001000,True
1001,FX_USD_INR,2025-05-15 00:00:00,2025-05-15 18:00:00,83.9011,INR_PER_USD,4,v1.0,VALID,SYNTHETIC,hash_fx_001001,True
1002,FX_USD_EUR,2025-05-15 00:00:00,2025-05-15 18:00:00,0.9324,EUR_PER_USD,4,v1.0,VALID,SYNTHETIC,hash_fx_001002,True
1003,FX_USD_INR,2025-05-16 00:00:00,2025-05-16 18:00:00,83.8246,INR_PER_USD,4,v1.0,VALID,SYNTHETIC,hash_fx_001003,True
1004,FX_USD_EUR,2025-05-16 00:00:00,2025-05-16 18:00:00,0.9301,EUR_PER_USD,4,v1.0,VALID,SYNTHETIC,hash_fx_001004,True
1005,FX_USD_INR,2025-05-17 00:00:00,2025-05-17 18:00:00,83.8555,INR_PER_USD,4,v1.0,VALID,SYNTHETIC,hash_fx_001005,True
1006,FX_USD_EUR,2025-05-17 00:00:00,2025-05-17 18:00:00,0.926,EUR_PER_USD,4,v1.0,VALID,SYNTHETIC,hash_fx_001006,True
1007,FX_USD_INR,2025-05-18 00:00:00,2025-05-18 18:00:00,83.6828,INR_PER_USD,4,v1.0,VALID,SYNTHETIC,hash_fx_001007,True
1008,FX_USD_EUR,2025-05-18 00:00:00,2025-05-18 18:00:00,0.929,EUR_PER_USD,4,v1.0,VALID,SYNTHETIC,hash_fx_001008,True
1009,FX_USD_INR,2025-05-19 00:00:00,2025-05-19 18:00:00,83.6949,INR_PER_USD,4,v1.0,VALID,SYNTHETIC,hash_fx_001009,True
1010,FX_USD_EUR,2025-05-19 00:00:00,2025-05-19 18:00:00,0.932,EUR_PER_USD,4,v1.0,VALID,SYNTHETIC,hash_fx_001010,True
1011,FX_USD_INR,2025-05-20 00:00:00,2025-05-20 18:00:00,83.8482,INR_PER_USD,4,v1.0,VALID,SYNTHETIC,hash_fx_001011,True
1012,FX_USD_EUR,2025-05-20 00:00:00,2025-05-20 18:00:00,0.9341,EUR_PER_USD,4,v1.0,VALID,SYNTHETIC,hash_fx_001012,True
1013,FX_USD_INR,2025-05-21 00:00:00,2025-05-21 18:00:00,83.8827,INR_PER_USD,4,v1.0,VALID,SYNTHETIC,hash_fx_001013,True
1014,FX_USD_EUR,2025-05-21 00:00:00,2025-05-21 18:00:00,0.9306,EUR_PER_USD,4,v1.0,VALID,SYNTHETIC,hash_fx_001014,True
1015,FX_USD_INR,2025-05-22 00:00:00,2025-05-22 18:00:00,83.852,INR_PER_USD,4,v1.0,VALID,SYNTHETIC,hash_fx_001015,True
1016,FX_USD_EUR,2025-05-22 00:00:00,2025-05-22 18:00:00,0.9318,EUR_PER_USD,4,v1.0,VALID,SYNTHETIC,hash_fx_001016,True
1017,FX_USD_INR,2025-05-23 00:00:00,2025-05-23 18:00:00,83.7103,INR_PER_USD,4,v1.0,VALID,SYNTHETIC,hash_fx_001017,True
1018,FX_USD_EUR,2025-05-23 00:00:00,2025-05-23 18:00:00,0.9272,EUR_PER_USD,4,v1.0,VALID,SYNTHETIC,hash_fx_001018,True
1019,FX_USD_INR,2025-05-24 00:00:00,2025-05-24 18:00:00,83.7651,INR_PER_USD,4,v1.0,VALID,SYNTHETIC,hash_fx_001019,True
1020,FX_USD_EUR,2025-05-24 00:00:00,2025-05-24 18:00:00,0.931,EUR_PER_USD,4,v1.0,VALID,SYNTHETIC,hash_fx_001020,True
1021,FX_USD_INR,2025-05-25 00:00:00,2025-05-25 18:00:00,83.7791,INR_PER_USD,4,v1.0,VALID,SYNTHETIC,hash_fx_001021,True
1022,FX_USD_EUR,2025-05-25 00:00:00,2025-05-25 18:00:00,0.9267,EUR_PER_USD,4,v1.0,VALID,SYNTHETIC,hash_fx_001022,True
1023,FX_USD_INR,2025-05-26 00:00:00,2025-05-26 18:00:00,83.8012,INR_PER_USD,4,v1.0,VALID,SYNTHETIC,hash_fx_001023,True
1024,FX_USD_EUR,2025-05-26 00:00:00,2025-05-26 18:00:00,0.9339,EUR_PER_USD,4,v1.0,VALID,SYNTHETIC,hash_fx_001024,True
1025,FX_USD_INR,2025-05-27 00:00:00,2025-05-27 18:00:00,83.7893,INR_PER_USD,4,v1.0,VALID,SYNTHETIC,hash_fx_001025,True
1026,FX_USD_EUR,2025-05-27 00:00:00,2025-05-27 18:00:00,0.93,EUR_PER_USD,4,v1.0,VALID,SYNTHETIC,hash_fx_001026,True
1027,FX_USD_INR,2025-05-28 00:00:00,2025-05-28 18:00:00,83.8721,INR_PER_USD,4,v1.0,VALID,SYNTHETIC,hash_fx_001027,True
1028,FX_USD_EUR,2025-05-28 00:00:00,2025-05-28 18:00:00,0.9338,EUR_PER_USD,4,v1.0,VALID,SYNTHETIC,hash_fx_001028,True
1029,FX_USD_INR,2025-05-29 00:00:00,2025-05-29 18:00:00,83.7205,INR_PER_USD,4,v1.0,VALID,SYNTHETIC,hash_fx_001029,True
1030,FX_USD_EUR,2025-05-29 00:00:00,2025-05-29 18:00:00,0.9317,EUR_PER_USD,4,v1.0,VALID,SYNTHETIC,hash_fx_001030,True
1031,FX_USD_INR,2025-05-30 00:00:00,2025-05-30 18:00:00,83.8057,INR_PER_USD,4,v1.0,VALID,SYNTHETIC,hash_fx_001031,True
1032,FX_USD_EUR,2025-05-30 00:00:00,2025-05-30 18:00:00,0.9275,EUR_PER_USD,4,v1.0,VALID,SYNTHETIC,hash_fx_001032,True
1033,FX_USD_INR,2025-05-31 00:00:00,2025-05-31 18:00:00,83.8944,INR_PER_USD,4,v1.0,VALID,SYNTHETIC,hash_fx_001033,True
1034,FX_USD_EUR,2025-05-31 00:00:00,2025-05-31 18:00:00,0.9298,EUR_PER_USD,4,v1.0,VALID,SYNTHETIC,hash_fx_001034,True
1035,FX_USD_INR,2025-06-01 00:00:00,2025-06-01 18:00:00,83.9725,INR_PER_USD,4,v1.0,VALID,SYNTHETIC,hash_fx_001035,True
1036,FX_USD_EUR,2025-06-01 00:00:00,2025-06-01 18:00:00,0.9307,EUR_PER_USD,4,v1.0,VALID,SYNTHETIC,hash_fx_001036,True
1037,FX_USD_INR,2025-06-02 00:00:00,2025-06-02 18:00:00,84.0118,INR_PER_USD,4,v1.0,VALID,SYNTHETIC,hash_fx_001037,True
1038,FX_USD_EUR,2025-06-02 00:00:00,2025-06-02 18:00:00,0.9295,EUR_PER_USD,4,v1.0,VALID,SYNTHETIC,hash_fx_001038,True
1039,FX_USD_INR,2025-06-03 00:00:00,2025-06-03 18:00:00,83.8194,INR_PER_USD,4,v1.0,VALID,SYNTHETIC,hash_fx_001039,True
1040,FX_USD_EUR,2025-06-03 00:00:00,2025-06-03 18:00:00,0.9313,EUR_PER_USD,4,v1.0,VALID,SYNTHETIC,hash_fx_001040,True
1041,FX_USD_INR,2025-06-04 00:00:00,2025-06-04 18:00:00,83.7026,INR_PER_USD,4,v1.0,VALID,SYNTHETIC,hash_fx_001041,True
1042,FX_USD_EUR,2025-06-04 00:00:00,2025-06-04 18:00:00,0.9332,EUR_PER_USD,4,v1.0,VALID,SYNTHETIC,hash_fx_001042,True
1043,FX_USD_INR,2025-06-05 00:00:00,2025-06-05 18:00:00,83.8211,INR_PER_USD,4,v1.0,VALID,SYNTHETIC,hash_fx_001043,True
1044,FX_USD_EUR,2025-06-05 00:00:00,2025-06-05 18:00:00,0.9311,EUR_PER_USD,4,v1.0,VALID,SYNTHETIC,hash_fx_001044,True
1045,FX_USD_INR,2025-06-06 00:00:00,2025-06-06 18:00:00,83.763,INR_PER_USD,4,v1.0,VALID,SYNTHETIC,hash_fx_001045,True
1046,FX_USD_EUR,2025-06-06 00:00:00,2025-06-06 18:00:00,0.9328,EUR_PER_USD,4,v1.0,VALID,SYNTHETIC,hash_fx_001046,True
1047,FX_USD_INR,2025-06-07 00:00:00,2025-06-07 18:00:00,83.7577,INR_PER_USD,4,v1.0,VALID,SYNTHETIC,hash_fx_001047,True
1048,FX_USD_EUR,2025-06-07 00:00:00,2025-06-07 18:00:00,0.9322,EUR_PER_USD,4,v1.0,VALID,SYNTHETIC,hash_fx_001048,True
1049,FX_USD_INR,2025-06-08 00:00:00,2025-06-08 18:00:00,83.8773,INR_PER_USD,4,v1.0,VALID,SYNTHETIC,hash_fx_001049,True
1050,FX_USD_EUR,2025-06-08 00:00:00,2025-06-08 18:00:00,0.9313,EUR_PER_USD,4,v1.0,VALID,SYNTHETIC,hash_fx_001050,True
1051,FX_USD_INR,2025-06-09 00:00:00,2025-06-09 18:00:00,83.872,INR_PER_USD,4,v1.0,VALID,SYNTHETIC,hash_fx_001051,True
1052,FX_USD_EUR,2025-06-09 00:00:00,2025-06-09 18:00:00,0.9308,EUR_PER_USD,4,v1.0,VALID,SYNTHETIC,hash_fx_001052,True
1053,FX_USD_INR,2025-06-10 00:00:00,2025-06-10 18:00:00,83.8896,INR_PER_USD,4,v1.0,VALID,SYNTHETIC,hash_fx_001053,True
1054,FX_USD_EUR,2025-06-10 00:00:00,2025-06-10 18:00:00,0.9303,EUR_PER_USD,4,v1.0,VALID,SYNTHETIC,hash_fx_001054,True
1055,FX_USD_INR,2025-06-11 00:00:00,2025-06-11 18:00:00,83.886,INR_PER_USD,4,v1.0,VALID,SYNTHETIC,hash_fx_001055,True
1056,FX_USD_EUR,2025-06-11 00:00:00,2025-06-11 18:00:00,0.9287,EUR_PER_USD,4,v1.0,VALID,SYNTHETIC,hash_fx_001056,True
1057,FX_USD_INR,2025-06-12 00:00:00,2025-06-12 18:00:00,83.8853,INR_PER_USD,4,v1.0,VALID,SYNTHETIC,hash_fx_001057,True
1058,FX_USD_EUR,2025-06-12 00:00:00,2025-06-12 18:00:00,0.9314,EUR_PER_USD,4,v1.0,VALID,SYNTHETIC,hash_fx_001058,True
1059,FX_USD_INR,2025-06-13 00:00:00,2025-06-13 18:00:00,83.8917,INR_PER_USD,4,v1.0,VALID,SYNTHETIC,hash_fx_001059,True
1060,FX_USD_EUR,2025-06-13 00:00:00,2025-06-13 18:00:00,0.9309,EUR_PER_USD,4,v1.0,VALID,SYNTHETIC,hash_fx_001060,True
1061,FX_USD_INR,2025-06-14 00:00:00,2025-06-14 18:00:00,83.8945,INR_PER_USD,4,v1.0,VALID,SYNTHETIC,hash_fx_001061,True
1062,FX_USD_EUR,2025-06-14 00:00:00,2025-06-14 18:00:00,0.9286,EUR_PER_USD,4,v1.0,VALID,SYNTHETIC,hash_fx_001062,True
1063,FX_USD_INR,2025-06-15 00:00:00,2025-06-15 18:00:00,83.9223,INR_PER_USD,4,v1.0,VALID,SYNTHETIC,hash_fx_001063,True
1064,FX_USD_EUR,2025-06-15 00:00:00,2025-06-15 18:00:00,0.9277,EUR_PER_USD,4,v1.0,VALID,SYNTHETIC,hash_fx_001064,True
1065,FX_USD_INR,2025-06-16 00:00:00,2025-06-16 18:00:00,83.9321,INR_PER_USD,4,v1.0,VALID,SYNTHETIC,hash_fx_001065,True
1066,FX_USD_EUR,2025-06-16 00:00:00,2025-06-16 18:00:00,0.9308,EUR_PER_USD,4,v1.0,VALID,SYNTHETIC,hash_fx_001066,True
1067,FX_USD_INR,2025-06-17 00:00:00,2025-06-17 18:00:00,83.8829,INR_PER_USD,4,v1.0,VALID,SYNTHETIC,hash_fx_001067,True
1068,FX_USD_EUR,2025-06-17 00:00:00,2025-06-17 18:00:00,0.9325,EUR_PER_USD,4,v1.0,VALID,SYNTHETIC,hash_fx_001068,True
1069,FX_USD_INR,2025-06-18 00:00:00,2025-06-18 18:00:00,83.9113,INR_PER_USD,4,v1.0,VALID,SYNTHETIC,hash_fx_001069,True
1070,FX_USD_EUR,2025-06-18 00:00:00,2025-06-18 18:00:00,0.9315,EUR_PER_USD,4,v1.0,VALID,SYNTHETIC,hash_fx_001070,True
1071,FX_USD_INR,2025-06-19 00:00:00,2025-06-19 18:00:00,83.8782,INR_PER_USD,4,v1.0,VALID,SYNTHETIC,hash_fx_001071,True
1072,FX_USD_EUR,2025-06-19 00:00:00,2025-06-19 18:00:00,0.9313,EUR_PER_USD,4,v1.0,VALID,SYNTHETIC,hash_fx_001072,True
1073,FX_USD_INR,2025-06-20 00:00:00,2025-06-20 18:00:00,83.6858,INR_PER_USD,4,v1.0,VALID,SYNTHETIC,hash_fx_001073,True
1074,FX_USD_EUR,2025-06-20 00:00:00,2025-06-20 18:00:00,0.9307,EUR_PER_USD,4,v1.0,VALID,SYNTHETIC,hash_fx_001074,True
1075,FX_USD_INR,2025-06-21 00:00:00,2025-06-21 18:00:00,83.9025,INR_PER_USD,4,v1.0,VALID,SYNTHETIC,hash_fx_001075,True
1076,FX_USD_EUR,2025-06-21 00:00:00,2025-06-21 18:00:00,0.9303,EUR_PER_USD,4,v1.0,VALID,SYNTHETIC,hash_fx_001076,True
1077,FX_USD_INR,2025-06-22 00:00:00,2025-06-22 18:00:00,83.8617,INR_PER_USD,4,v1.0,VALID,SYNTHETIC,hash_fx_001077,True
1078,FX_USD_EUR,2025-06-22 00:00:00,2025-06-22 18:00:00,0.9307,EUR_PER_USD,4,v1.0,VALID,SYNTHETIC,hash_fx_001078,True
1079,FX_USD_INR,2025-06-23 00:00:00,2025-06-23 18:00:00,83.9031,INR_PER_USD,4,v1.0,VALID,SYNTHETIC,hash_fx_001079,True
1080,FX_USD_EUR,2025-06-23 00:00:00,2025-06-23 18:00:00,0.9339,EUR_PER_USD,4,v1.0,VALID,SYNTHETIC,hash_fx_001080,True
1081,FX_USD_INR,2025-06-24 00:00:00,2025-06-24 18:00:00,83.9111,INR_PER_USD,4,v1.0,VALID,SYNTHETIC,hash_fx_001081,True
1082,FX_USD_EUR,2025-06-24 00:00:00,2025-06-24 18:00:00,0.9319,EUR_PER_USD,4,v1.0,VALID,SYNTHETIC,hash_fx_001082,True
1083,FX_USD_INR,2025-06-25 00:00:00,2025-06-25 18:00:00,84.0177,INR_PER_USD,4,v1.0,VALID,SYNTHETIC,hash_fx_001083,True
1084,FX_USD_EUR,2025-06-25 00:00:00,2025-06-25 18:00:00,0.9333,EUR_PER_USD,4,v1.0,VALID,SYNTHETIC,hash_fx_001084,True
1085,FX_USD_INR,2025-06-26 00:00:00,2025-06-26 18:00:00,83.8454,INR_PER_USD,4,v1.0,VALID,SYNTHETIC,hash_fx_001085,True
1086,FX_USD_EUR,2025-06-26 00:00:00,2025-06-26 18:00:00,0.9303,EUR_PER_USD,4,v1.0,VALID,SYNTHETIC,hash_fx_001086,True
1087,FX_USD_INR,2025-06-27 00:00:00,2025-06-27 18:00:00,83.7951,INR_PER_USD,4,v1.0,VALID,SYNTHETIC,hash_fx_001087,True
1088,FX_USD_EUR,2025-06-27 00:00:00,2025-06-27 18:00:00,0.9346,EUR_PER_USD,4,v1.0,VALID,SYNTHETIC,hash_fx_001088,True
1089,FX_USD_INR,2025-06-28 00:00:00,2025-06-28 18:00:00,83.8707,INR_PER_USD,4,v1.0,VALID,SYNTHETIC,hash_fx_001089,True
1090,FX_USD_EUR,2025-06-28 00:00:00,2025-06-28 18:00:00,0.9352,EUR_PER_USD,4,v1.0,VALID,SYNTHETIC,hash_fx_001090,True
1091,FX_USD_INR,2025-06-29 00:00:00,2025-06-29 18:00:00,83.9093,INR_PER_USD,4,v1.0,VALID,SYNTHETIC,hash_fx_001091,True
1092,FX_USD_EUR,2025-06-29 00:00:00,2025-06-29 18:00:00,0.9337,EUR_PER_USD,4,v1.0,VALID,SYNTHETIC,hash_fx_001092,True
1093,FX_USD_INR,2025-06-30 00:00:00,2025-06-30 18:00:00,83.858,INR_PER_USD,4,v1.0,VALID,SYNTHETIC,hash_fx_001093,True
1094,FX_USD_EUR,2025-06-30 00:00:00,2025-06-30 18:00:00,0.9318,EUR_PER_USD,4,v1.0,VALID,SYNTHETIC,hash_fx_001094,True
1095,FX_USD_INR,2025-07-01 00:00:00,2025-07-01 18:00:00,83.911,INR_PER_USD,4,v1.0,VALID,SYNTHETIC,hash_fx_001095,True
1096,FX_USD_EUR,2025-07-01 00:00:00,2025-07-01 18:00:00,0.9301,EUR_PER_USD,4,v1.0,VALID,SYNTHETIC,hash_fx_001096,True
1097,FX_USD_INR,2025-07-02 00:00:00,2025-07-02 18:00:00,83.7866,INR_PER_USD,4,v1.0,VALID,SYNTHETIC,hash_fx_001097,True
1098,FX_USD_EUR,2025-07-02 00:00:00,2025-07-02 18:00:00,0.9338,EUR_PER_USD,4,v1.0,VALID,SYNTHETIC,hash_fx_001098,True
1099,FX_USD_INR,2025-07-03 00:00:00,2025-07-03 18:00:00,83.8676,INR_PER_USD,4,v1.0,VALID,SYNTHETIC,hash_fx_001099,True
1100,FX_USD_EUR,2025-07-03 00:00:00,2025-07-03 18:00:00,0.9326,EUR_PER_USD,4,v1.0,VALID,SYNTHETIC,hash_fx_001100,True
1101,FX_USD_INR,2025-07-04 00:00:00,2025-07-04 18:00:00,83.9068,INR_PER_USD,4,v1.0,VALID,SYNTHETIC,hash_fx_001101,True
1102,FX_USD_EUR,2025-07-04 00:00:00,2025-07-04 18:00:00,0.9331,EUR_PER_USD,4,v1.0,VALID,SYNTHETIC,hash_fx_001102,True
1103,FX_USD_INR,2025-07-05 00:00:00,2025-07-05 18:00:00,83.8784,INR_PER_USD,4,v1.0,VALID,SYNTHETIC,hash_fx_001103,True
1104,FX_USD_EUR,2025-07-05 00:00:00,2025-07-05 18:00:00,0.9319,EUR_PER_USD,4,v1.0,VALID,SYNTHETIC,hash_fx_001104,True
1105,FX_USD_INR,2025-07-06 00:00:00,2025-07-06 18:00:00,83.9915,INR_PER_USD,4,v1.0,VALID,SYNTHETIC,hash_fx_001105,True
1106,FX_USD_EUR,2025-07-06 00:00:00,2025-07-06 18:00:00,0.9306,EUR_PER_USD,4,v1.0,VALID,SYNTHETIC,hash_fx_001106,True
1107,FX_USD_INR,2025-07-07 00:00:00,2025-07-07 18:00:00,83.8834,INR_PER_USD,4,v1.0,VALID,SYNTHETIC,hash_fx_001107,True
1108,FX_USD_EUR,2025-07-07 00:00:00,2025-07-07 18:00:00,0.9315,EUR_PER_USD,4,v1.0,VALID,SYNTHETIC,hash_fx_001108,True
1109,FX_USD_INR,2025-07-08 00:00:00,2025-07-08 18:00:00,84.0434,INR_PER_USD,4,v1.0,VALID,SYNTHETIC,hash_fx_001109,True
1110,FX_USD_EUR,2025-07-08 00:00:00,2025-07-08 18:00:00,0.9318,EUR_PER_USD,4,v1.0,VALID,SYNTHETIC,hash_fx_001110,True
1111,FX_USD_INR,2025-07-09 00:00:00,2025-07-09 18:00:00,83.8561,INR_PER_USD,4,v1.0,VALID,SYNTHETIC,hash_fx_001111,True
1112,FX_USD_EUR,2025-07-09 00:00:00,2025-07-09 18:00:00,0.9337,EUR_PER_USD,4,v1.0,VALID,SYNTHETIC,hash_fx_001112,True
1113,FX_USD_INR,2025-07-10 00:00:00,2025-07-10 18:00:00,83.8835,INR_PER_USD,4,v1.0,VALID,SYNTHETIC,hash_fx_001113,True
1114,FX_USD_EUR,2025-07-10 00:00:00,2025-07-10 18:00:00,0.9294,EUR_PER_USD,4,v1.0,VALID,SYNTHETIC,hash_fx_001114,True
1115,FX_USD_INR,2025-07-11 00:00:00,2025-07-11 18:00:00,84.1588,INR_PER_USD,4,v1.0,VALID,SYNTHETIC,hash_fx_001115,True
1116,FX_USD_EUR,2025-07-11 00:00:00,2025-07-11 18:00:00,0.9306,EUR_PER_USD,4,v1.0,VALID,SYNTHETIC,hash_fx_001116,True
1117,FX_USD_INR,2025-07-12 00:00:00,2025-07-12 18:00:00,83.8523,INR_PER_USD,4,v1.0,VALID,SYNTHETIC,hash_fx_001117,True
1118,FX_USD_EUR,2025-07-12 00:00:00,2025-07-12 18:00:00,0.9332,EUR_PER_USD,4,v1.0,VALID,SYNTHETIC,hash_fx_001118,True
1119,FX_USD_INR,2025-07-13 00:00:00,2025-07-13 18:00:00,83.9498,INR_PER_USD,4,v1.0,VALID,SYNTHETIC,hash_fx_001119,True
1120,FX_USD_EUR,2025-07-13 00:00:00,2025-07-13 18:00:00,0.9307,EUR_PER_USD,4,v1.0,VALID,SYNTHETIC,hash_fx_001120,True
1121,FX_USD_INR,2025-07-14 00:00:00,2025-07-14 18:00:00,83.982,INR_PER_USD,4,v1.0,VALID,SYNTHETIC,hash_fx_001121,True
1122,FX_USD_EUR,2025-07-14 00:00:00,2025-07-14 18:00:00,0.9357,EUR_PER_USD,4,v1.0,VALID,SYNTHETIC,hash_fx_001122,True
1123,FX_USD_INR,2025-07-15 00:00:00,2025-07-15 18:00:00,83.8816,INR_PER_USD,4,v1.0,VALID,SYNTHETIC,hash_fx_001123,True
1124,FX_USD_EUR,2025-07-15 00:00:00,2025-07-15 18:00:00,0.9349,EUR_PER_USD,4,v1.0,VALID,SYNTHETIC,hash_fx_001124,True
1125,FX_USD_INR,2025-07-16 00:00:00,2025-07-16 18:00:00,83.8688,INR_PER_USD,4,v1.0,VALID,SYNTHETIC,hash_fx_001125,True
1126,FX_USD_EUR,2025-07-16 00:00:00,2025-07-16 18:00:00,0.932,EUR_PER_USD,4,v1.0,VALID,SYNTHETIC,hash_fx_001126,True
1127,FX_USD_INR,2025-07-17 00:00:00,2025-07-17 18:00:00,83.9925,INR_PER_USD,4,v1.0,VALID,SYNTHETIC,hash_fx_001127,True
1128,FX_USD_EUR,2025-07-17 00:00:00,2025-07-17 18:00:00,0.9337,EUR_PER_USD,4,v1.0,VALID,SYNTHETIC,hash_fx_001128,True
1129,FX_USD_INR,2025-07-18 00:00:00,2025-07-18 18:00:00,83.8724,INR_PER_USD,4,v1.0,VALID,SYNTHETIC,hash_fx_001129,True
1130,FX_USD_EUR,2025-07-18 00:00:00,2025-07-18 18:00:00,0.9325,EUR_PER_USD,4,v1.0,VALID,SYNTHETIC,hash_fx_001130,True
1131,FX_USD_INR,2025-07-19 00:00:00,2025-07-19 18:00:00,84.0366,INR_PER_USD,4,v1.0,VALID,SYNTHETIC,hash_fx_001131,True
1132,FX_USD_EUR,2025-07-19 00:00:00,2025-07-19 18:00:00,0.9313,EUR_PER_USD,4,v1.0,VALID,SYNTHETIC,hash_fx_001132,True
1133,FX_USD_INR,2025-07-20 00:00:00,2025-07-20 18:00:00,83.8458,INR_PER_USD,4,v1.0,VALID,SYNTHETIC,hash_fx_001133,True
1134,FX_USD_EUR,2025-07-20 00:00:00,2025-07-20 18:00:00,0.9321,EUR_PER_USD,4,v1.0,VALID,SYNTHETIC,hash_fx_001134,True
1135,FX_USD_INR,2025-07-21 00:00:00,2025-07-21 18:00:00,83.9803,INR_PER_USD,4,v1.0,VALID,SYNTHETIC,hash_fx_001135,True
1136,FX_USD_EUR,2025-07-21 00:00:00,2025-07-21 18:00:00,0.9319,EUR_PER_USD,4,v1.0,VALID,SYNTHETIC,hash_fx_001136,True
1137,FX_USD_INR,2025-07-22 00:00:00,2025-07-22 18:00:00,83.9575,INR_PER_USD,4,v1.0,VALID,SYNTHETIC,hash_fx_001137,True
1138,FX_USD_EUR,2025-07-22 00:00:00,2025-07-22 18:00:00,0.9315,EUR_PER_USD,4,v1.0,VALID,SYNTHETIC,hash_fx_001138,True
1139,FX_USD_INR,2025-07-23 00:00:00,2025-07-23 18:00:00,83.9352,INR_PER_USD,4,v1.0,VALID,SYNTHETIC,hash_fx_001139,True
1140,FX_USD_EUR,2025-07-23 00:00:00,2025-07-23 18:00:00,0.9323,EUR_PER_USD,4,v1.0,VALID,SYNTHETIC,hash_fx_001140,True
1141,FX_USD_INR,2025-07-24 00:00:00,2025-07-24 18:00:00,83.9662,INR_PER_USD,4,v1.0,VALID,SYNTHETIC,hash_fx_001141,True
1142,FX_USD_EUR,2025-07-24 00:00:00,2025-07-24 18:00:00,0.9304,EUR_PER_USD,4,v1.0,VALID,SYNTHETIC,hash_fx_001142,True
1143,FX_USD_INR,2025-07-25 00:00:00,2025-07-25 18:00:00,83.9833,INR_PER_USD,4,v1.0,VALID,SYNTHETIC,hash_fx_001143,True
1144,FX_USD_EUR,2025-07-25 00:00:00,2025-07-25 18:00:00,0.932,EUR_PER_USD,4,v1.0,VALID,SYNTHETIC,hash_fx_001144,True
1145,FX_USD_INR,2025-07-26 00:00:00,2025-07-26 18:00:00,83.9347,INR_PER_USD,4,v1.0,VALID,SYNTHETIC,hash_fx_001145,True
1146,FX_USD_EUR,2025-07-26 00:00:00,2025-07-26 18:00:00,0.9329,EUR_PER_USD,4,v1.0,VALID,SYNTHETIC,hash_fx_001146,True
1147,FX_USD_INR,2025-07-27 00:00:00,2025-07-27 18:00:00,84.0347,INR_PER_USD,4,v1.0,VALID,SYNTHETIC,hash_fx_001147,True
1148,FX_USD_EUR,2025-07-27 00:00:00,2025-07-27 18:00:00,0.9302,EUR_PER_USD,4,v1.0,VALID,SYNTHETIC,hash_fx_001148,True
1149,FX_USD_INR,2025-07-28 00:00:00,2025-07-28 18:00:00,84.081,INR_PER_USD,4,v1.0,VALID,SYNTHETIC,hash_fx_001149,True
1150,FX_USD_EUR,2025-07-28 00:00:00,2025-07-28 18:00:00,0.9312,EUR_PER_USD,4,v1.0,VALID,SYNTHETIC,hash_fx_001150,True
1151,FX_USD_INR,2025-07-29 00:00:00,2025-07-29 18:00:00,83.826,INR_PER_USD,4,v1.0,VALID,SYNTHETIC,hash_fx_001151,True
1152,FX_USD_EUR,2025-07-29 00:00:00,2025-07-29 18:00:00,0.9314,EUR_PER_USD,4,v1.0,VALID,SYNTHETIC,hash_fx_001152,True
1153,FX_USD_INR,2025-07-30 00:00:00,2025-07-30 18:00:00,84.1314,INR_PER_USD,4,v1.0,VALID,SYNTHETIC,hash_fx_001153,True
1154,FX_USD_EUR,2025-07-30 00:00:00,2025-07-30 18:00:00,0.9354,EUR_PER_USD,4,v1.0,VALID,SYNTHETIC,hash_fx_001154,True
1155,FX_USD_INR,2025-07-31 00:00:00,2025-07-31 18:00:00,83.9203,INR_PER_USD,4,v1.0,VALID,SYNTHETIC,hash_fx_001155,True
1156,FX_USD_EUR,2025-07-31 00:00:00,2025-07-31 18:00:00,0.9324,EUR_PER_USD,4,v1.0,VALID,SYNTHETIC,hash_fx_001156,True
1157,FX_USD_INR,2025-08-01 00:00:00,2025-08-01 18:00:00,83.9578,INR_PER_USD,4,v1.0,VALID,SYNTHETIC,hash_fx_001157,True
1158,FX_USD_EUR,2025-08-01 00:00:00,2025-08-01 18:00:00,0.9365,EUR_PER_USD,4,v1.0,VALID,SYNTHETIC,hash_fx_001158,True
1159,FX_USD_INR,2025-08-02 00:00:00,2025-08-02 18:00:00,84.0048,INR_PER_USD,4,v1.0,VALID,SYNTHETIC,hash_fx_001159,True
1160,FX_USD_EUR,2025-08-02 00:00:00,2025-08-02 18:00:00,0.9296,EUR_PER_USD,4,v1.0,VALID,SYNTHETIC,hash_fx_001160,True
1161,FX_USD_INR,2025-08-03 00:00:00,2025-08-03 18:00:00,83.906,INR_PER_USD,4,v1.0,VALID,SYNTHETIC,hash_fx_001161,True
1162,FX_USD_EUR,2025-08-03 00:00:00,2025-08-03 18:00:00,0.9314,EUR_PER_USD,4,v1.0,VALID,SYNTHETIC,hash_fx_001162,True
1163,FX_USD_INR,2025-08-04 00:00:00,2025-08-04 18:00:00,83.9863,INR_PER_USD,4,v1.0,VALID,SYNTHETIC,hash_fx_001163,True
1164,FX_USD_EUR,2025-08-04 00:00:00,2025-08-04 18:00:00,0.9323,EUR_PER_USD,4,v1.0,VALID,SYNTHETIC,hash_fx_001164,True
1165,FX_USD_INR,2025-08-05 00:00:00,2025-08-05 18:00:00,83.9681,INR_PER_USD,4,v1.0,VALID,SYNTHETIC,hash_fx_001165,True
1166,FX_USD_EUR,2025-08-05 00:00:00,2025-08-05 18:00:00,0.9352,EUR_PER_USD,4,v1.0,VALID,SYNTHETIC,hash_fx_001166,True
1167,FX_USD_INR,2025-08-06 00:00:00,2025-08-06 18:00:00,84.0205,INR_PER_USD,4,v1.0,VALID,SYNTHETIC,hash_fx_001167,True
1168,FX_USD_EUR,2025-08-06 00:00:00,2025-08-06 18:00:00,0.9327,EUR_PER_USD,4,v1.0,VALID,SYNTHETIC,hash_fx_001168,True
1169,FX_USD_INR,2025-08-07 00:00:00,2025-08-07 18:00:00,84.1221,INR_PER_USD,4,v1.0,VALID,SYNTHETIC,hash_fx_001169,True
1170,FX_USD_EUR,2025-08-07 00:00:00,2025-08-07 18:00:00,0.9324,EUR_PER_USD,4,v1.0,VALID,SYNTHETIC,hash_fx_001170,True
1171,FX_USD_INR,2025-08-08 00:00:00,2025-08-08 18:00:00,83.8613,INR_PER_USD,4,v1.0,VALID,SYNTHETIC,hash_fx_001171,True
1172,FX_USD_EUR,2025-08-08 00:00:00,2025-08-08 18:00:00,0.9297,EUR_PER_USD,4,v1.0,VALID,SYNTHETIC,hash_fx_001172,True
1173,FX_USD_INR,2025-08-09 00:00:00,2025-08-09 18:00:00,84.056,INR_PER_USD,4,v1.0,VALID,SYNTHETIC,hash_fx_001173,True
1174,FX_USD_EUR,2025-08-09 00:00:00,2025-08-09 18:00:00,0.9347,EUR_PER_USD,4,v1.0,VALID,SYNTHETIC,hash_fx_001174,True
1175,FX_USD_INR,2025-08-10 00:00:00,2025-08-10 18:00:00,83.8781,INR_PER_USD,4,v1.0,VALID,SYNTHETIC,hash_fx_001175,True
1176,FX_USD_EUR,2025-08-10 00:00:00,2025-08-10 18:00:00,0.9315,EUR_PER_USD,4,v1.0,VALID,SYNTHETIC,hash_fx_001176,True
1177,FX_USD_INR,2025-08-11 00:00:00,2025-08-11 18:00:00,83.9806,INR_PER_USD,4,v1.0,VALID,SYNTHETIC,hash_fx_001177,True
1178,FX_USD_EUR,2025-08-11 00:00:00,2025-08-11 18:00:00,0.9331,EUR_PER_USD,4,v1.0,VALID,SYNTHETIC,hash_fx_001178,True
1179,FX_USD_INR,2025-08-12 00:00:00,2025-08-12 18:00:00,83.9322,INR_PER_USD,4,v1.0,VALID,SYNTHETIC,hash_fx_001179,True
1180,FX_USD_EUR,2025-08-12 00:00:00,2025-08-12 18:00:00,0.9348,EUR_PER_USD,4,v1.0,VALID,SYNTHETIC,hash_fx_001180,True
1181,FX_USD_INR,2025-08-13 00:00:00,2025-08-13 18:00:00,83.9937,INR_PER_USD,4,v1.0,VALID,SYNTHETIC,hash_fx_001181,True
1182,FX_USD_EUR,2025-08-13 00:00:00,2025-08-13 18:00:00,0.9319,EUR_PER_USD,4,v1.0,VALID,SYNTHETIC,hash_fx_001182,True
1183,FX_USD_INR,2025-08-14 00:00:00,2025-08-14 18:00:00,83.8501,INR_PER_USD,4,v1.0,VALID,SYNTHETIC,hash_fx_001183,True
1184,FX_USD_EUR,2025-08-14 00:00:00,2025-08-14 18:00:00,0.9334,EUR_PER_USD,4,v1.0,VALID,SYNTHETIC,hash_fx_001184,True
1185,FX_USD_INR,2025-08-15 00:00:00,2025-08-15 18:00:00,83.9391,INR_PER_USD,4,v1.0,VALID,SYNTHETIC,hash_fx_001185,True
1186,FX_USD_EUR,2025-08-15 00:00:00,2025-08-15 18:00:00,0.9336,EUR_PER_USD,4,v1.0,VALID,SYNTHETIC,hash_fx_001186,True
1187,FX_USD_INR,2025-08-16 00:00:00,2025-08-16 18:00:00,83.9219,INR_PER_USD,4,v1.0,VALID,SYNTHETIC,hash_fx_001187,True
1188,FX_USD_EUR,2025-08-16 00:00:00,2025-08-16 18:00:00,0.9325,EUR_PER_USD,4,v1.0,VALID,SYNTHETIC,hash_fx_001188,True
1189,FX_USD_INR,2025-08-17 00:00:00,2025-08-17 18:00:00,84.0425,INR_PER_USD,4,v1.0,VALID,SYNTHETIC,hash_fx_001189,True
1190,FX_USD_EUR,2025-08-17 00:00:00,2025-08-17 18:00:00,0.9324,EUR_PER_USD,4,v1.0,VALID,SYNTHETIC,hash_fx_001190,True
1191,FX_USD_INR,2025-08-18 00:00:00,2025-08-18 18:00:00,84.0491,INR_PER_USD,4,v1.0,VALID,SYNTHETIC,hash_fx_001191,True
1192,FX_USD_EUR,2025-08-18 00:00:00,2025-08-18 18:00:00,0.934,EUR_PER_USD,4,v1.0,VALID,SYNTHETIC,hash_fx_001192,True
1193,FX_USD_INR,2025-08-19 00:00:00,2025-08-19 18:00:00,84.0156,INR_PER_USD,4,v1.0,VALID,SYNTHETIC,hash_fx_001193,True
1194,FX_USD_EUR,2025-08-19 00:00:00,2025-08-19 18:00:00,0.9324,EUR_PER_USD,4,v1.0,VALID,SYNTHETIC,hash_fx_001194,True
1195,FX_USD_INR,2025-08-20 00:00:00,2025-08-20 18:00:00,83.9625,INR_PER_USD,4,v1.0,VALID,SYNTHETIC,hash_fx_001195,True
1196,FX_USD_EUR,2025-08-20 00:00:00,2025-08-20 18:00:00,0.9357,EUR_PER_USD,4,v1.0,VALID,SYNTHETIC,hash_fx_001196,True
1197,FX_USD_INR,2025-08-21 00:00:00,2025-08-21 18:00:00,84.0289,INR_PER_USD,4,v1.0,VALID,SYNTHETIC,hash_fx_001197,True
1198,FX_USD_EUR,2025-08-21 00:00:00,2025-08-21 18:00:00,0.9304,EUR_PER_USD,4,v1.0,VALID,SYNTHETIC,hash_fx_001198,True
1199,FX_USD_INR,2025-08-22 00:00:00,2025-08-22 18:00:00,84.1653,INR_PER_USD,4,v1.0,VALID,SYNTHETIC,hash_fx_001199,True
1200,FX_USD_EUR,2025-08-22 00:00:00,2025-08-22 18:00:00,0.9332,EUR_PER_USD,4,v1.0,VALID,SYNTHETIC,hash_fx_001200,True
1201,FX_USD_INR,2025-08-23 00:00:00,2025-08-23 18:00:00,84.0364,INR_PER_USD,4,v1.0,VALID,SYNTHETIC,hash_fx_001201,True
1202,FX_USD_EUR,2025-08-23 00:00:00,2025-08-23 18:00:00,0.9351,EUR_PER_USD,4,v1.0,VALID,SYNTHETIC,hash_fx_001202,True
1203,FX_USD_INR,2025-08-24 00:00:00,2025-08-24 18:00:00,84.0739,INR_PER_USD,4,v1.0,VALID,SYNTHETIC,hash_fx_001203,True
1204,FX_USD_EUR,2025-08-24 00:00:00,2025-08-24 18:00:00,0.9294,EUR_PER_USD,4,v1.0,VALID,SYNTHETIC,hash_fx_001204,True
1205,FX_USD_INR,2025-08-25 00:00:00,2025-08-25 18:00:00,83.9872,INR_PER_USD,4,v1.0,VALID,SYNTHETIC,hash_fx_001205,True
1206,FX_USD_EUR,2025-08-25 00:00:00,2025-08-25 18:00:00,0.9329,EUR_PER_USD,4,v1.0,VALID,SYNTHETIC,hash_fx_001206,True
1207,FX_USD_INR,2025-08-26 00:00:00,2025-08-26 18:00:00,83.9182,INR_PER_USD,4,v1.0,VALID,SYNTHETIC,hash_fx_001207,True
1208,FX_USD_EUR,2025-08-26 00:00:00,2025-08-26 18:00:00,0.9339,EUR_PER_USD,4,v1.0,VALID,SYNTHETIC,hash_fx_001208,True
1209,FX_USD_INR,2025-08-27 00:00:00,2025-08-27 18:00:00,84.2048,INR_PER_USD,4,v1.0,VALID,SYNTHETIC,hash_fx_001209,True
1210,FX_USD_EUR,2025-08-27 00:00:00,2025-08-27 18:00:00,0.939,EUR_PER_USD,4,v1.0,VALID,SYNTHETIC,hash_fx_001210,True
1211,FX_USD_INR,2025-08-28 00:00:00,2025-08-28 18:00:00,84.0202,INR_PER_USD,4,v1.0,VALID,SYNTHETIC,hash_fx_001211,True
1212,FX_USD_EUR,2025-08-28 00:00:00,2025-08-28 18:00:00,0.931,EUR_PER_USD,4,v1.0,VALID,SYNTHETIC,hash_fx_001212,True
1213,FX_USD_INR,2025-08-29 00:00:00,2025-08-29 18:00:00,84.0109,INR_PER_USD,4,v1.0,VALID,SYNTHETIC,hash_fx_001213,True
1214,FX_USD_EUR,2025-08-29 00:00:00,2025-08-29 18:00:00,0.9326,EUR_PER_USD,4,v1.0,VALID,SYNTHETIC,hash_fx_001214,True
1215,FX_USD_INR,2025-08-30 00:00:00,2025-08-30 18:00:00,84.1279,INR_PER_USD,4,v1.0,VALID,SYNTHETIC,hash_fx_001215,True
1216,FX_USD_EUR,2025-08-30 00:00:00,2025-08-30 18:00:00,0.933,EUR_PER_USD,4,v1.0,VALID,SYNTHETIC,hash_fx_001216,True
1217,FX_USD_INR,2025-08-31 00:00:00,2025-08-31 18:00:00,84.0747,INR_PER_USD,4,v1.0,VALID,SYNTHETIC,hash_fx_001217,True
1218,FX_USD_EUR,2025-08-31 00:00:00,2025-08-31 18:00:00,0.9325,EUR_PER_USD,4,v1.0,VALID,SYNTHETIC,hash_fx_001218,True
1219,FX_USD_INR,2025-09-01 00:00:00,2025-09-01 18:00:00,84.1643,INR_PER_USD,4,v1.0,VALID,SYNTHETIC,hash_fx_001219,True
1220,FX_USD_EUR,2025-09-01 00:00:00,2025-09-01 18:00:00,0.9363,EUR_PER_USD,4,v1.0,VALID,SYNTHETIC,hash_fx_001220,True
1221,FX_USD_INR,2025-09-02 00:00:00,2025-09-02 18:00:00,84.0155,INR_PER_USD,4,v1.0,VALID,SYNTHETIC,hash_fx_001221,True
1222,FX_USD_EUR,2025-09-02 00:00:00,2025-09-02 18:00:00,0.9312,EUR_PER_USD,4,v1.0,VALID,SYNTHETIC,hash_fx_001222,True
1223,FX_USD_INR,2025-09-03 00:00:00,2025-09-03 18:00:00,83.9763,INR_PER_USD,4,v1.0,VALID,SYNTHETIC,hash_fx_001223,True
1224,FX_USD_EUR,2025-09-03 00:00:00,2025-09-03 18:00:00,0.9369,EUR_PER_USD,4,v1.0,VALID,SYNTHETIC,hash_fx_001224,True
1225,FX_USD_INR,2025-09-04 00:00:00,2025-09-04 18:00:00,84.1098,INR_PER_USD,4,v1.0,VALID,SYNTHETIC,hash_fx_001225,True
1226,FX_USD_EUR,2025-09-04 00:00:00,2025-09-04 18:00:00,0.9325,EUR_PER_USD,4,v1.0,VALID,SYNTHETIC,hash_fx_001226,True
1227,FX_USD_INR,2025-09-05 00:00:00,2025-09-05 18:00:00,83.9374,INR_PER_USD,4,v1.0,VALID,SYNTHETIC,hash_fx_001227,True
1228,FX_USD_EUR,2025-09-05 00:00:00,2025-09-05 18:00:00,0.9337,EUR_PER_USD,4,v1.0,VALID,SYNTHETIC,hash_fx_001228,True
1229,FX_USD_INR,2025-09-06 00:00:00,2025-09-06 18:00:00,83.9138,INR_PER_USD,4,v1.0,VALID,SYNTHETIC,hash_fx_001229,True
1230,FX_USD_EUR,2025-09-06 00:00:00,2025-09-06 18:00:00,0.9332,EUR_PER_USD,4,v1.0,VALID,SYNTHETIC,hash_fx_001230,True
1231,FX_USD_INR,2025-09-07 00:00:00,2025-09-07 18:00:00,83.9117,INR_PER_USD,4,v1.0,VALID,SYNTHETIC,hash_fx_001231,True
1232,FX_USD_EUR,2025-09-07 00:00:00,2025-09-07 18:00:00,0.9323,EUR_PER_USD,4,v1.0,VALID,SYNTHETIC,hash_fx_001232,True
1233,FX_USD_INR,2025-09-08 00:00:00,2025-09-08 18:00:00,83.8806,INR_PER_USD,4,v1.0,VALID,SYNTHETIC,hash_fx_001233,True
1234,FX_USD_EUR,2025-09-08 00:00:00,2025-09-08 18:00:00,0.9345,EUR_PER_USD,4,v1.0,VALID,SYNTHETIC,hash_fx_001234,True
1235,FX_USD_INR,2025-09-09 00:00:00,2025-09-09 18:00:00,84.0914,INR_PER_USD,4,v1.0,VALID,SYNTHETIC,hash_fx_001235,True
1236,FX_USD_EUR,2025-09-09 00:00:00,2025-09-09 18:00:00,0.9324,EUR_PER_USD,4,v1.0,VALID,SYNTHETIC,hash_fx_001236,True
1237,FX_USD_INR,2025-09-10 00:00:00,2025-09-10 18:00:00,83.9741,INR_PER_USD,4,v1.0,VALID,SYNTHETIC,hash_fx_001237,True
1238,FX_USD_EUR,2025-09-10 00:00:00,2025-09-10 18:00:00,0.9323,EUR_PER_USD,4,v1.0,VALID,SYNTHETIC,hash_fx_001238,True
1239,FX_USD_INR,2025-09-11 00:00:00,2025-09-11 18:00:00,84.0793,INR_PER_USD,4,v1.0,VALID,SYNTHETIC,hash_fx_001239,True
1240,FX_USD_EUR,2025-09-11 00:00:00,2025-09-11 18:00:00,0.9329,EUR_PER_USD,4,v1.0,VALID,SYNTHETIC,hash_fx_001240,True
1241,FX_USD_INR,2025-09-12 00:00:00,2025-09-12 18:00:00,84.1092,INR_PER_USD,4,v1.0,VALID,SYNTHETIC,hash_fx_001241,True
1242,FX_USD_EUR,2025-09-12 00:00:00,2025-09-12 18:00:00,0.9342,EUR_PER_USD,4,v1.0,VALID,SYNTHETIC,hash_fx_001242,True
1243,FX_USD_INR,2025-09-13 00:00:00,2025-09-13 18:00:00,83.9987,INR_PER_USD,4,v1.0,VALID,SYNTHETIC,hash_fx_001243,True
1244,FX_USD_EUR,2025-09-13 00:00:00,2025-09-13 18:00:00,0.934,EUR_PER_USD,4,v1.0,VALID,SYNTHETIC,hash_fx_001244,True
1245,FX_USD_INR,2025-09-14 00:00:00,2025-09-14 18:00:00,84.0344,INR_PER_USD,4,v1.0,VALID,SYNTHETIC,hash_fx_001245,True
1246,FX_USD_EUR,2025-09-14 00:00:00,2025-09-14 18:00:00,0.9369,EUR_PER_USD,4,v1.0,VALID,SYNTHETIC,hash_fx_001246,True
1247,FX_USD_INR,2025-09-15 00:00:00,2025-09-15 18:00:00,83.8842,INR_PER_USD,4,v1.0,VALID,SYNTHETIC,hash_fx_001247,True
1248,FX_USD_EUR,2025-09-15 00:00:00,2025-09-15 18:00:00,0.9367,EUR_PER_USD,4,v1.0,VALID,SYNTHETIC,hash_fx_001248,True
1249,FX_USD_INR,2025-09-16 00:00:00,2025-09-16 18:00:00,84.0914,INR_PER_USD,4,v1.0,VALID,SYNTHETIC,hash_fx_001249,True
1250,FX_USD_EUR,2025-09-16 00:00:00,2025-09-16 18:00:00,0.9341,EUR_PER_USD,4,v1.0,VALID,SYNTHETIC,hash_fx_001250,True
1251,FX_USD_INR,2025-09-17 00:00:00,2025-09-17 18:00:00,84.1094,INR_PER_USD,4,v1.0,VALID,SYNTHETIC,hash_fx_001251,True
1252,FX_USD_EUR,2025-09-17 00:00:00,2025-09-17 18:00:00,0.9361,EUR_PER_USD,4,v1.0,VALID,SYNTHETIC,hash_fx_001252,True
1253,FX_USD_INR,2025-09-18 00:00:00,2025-09-18 18:00:00,84.1204,INR_PER_USD,4,v1.0,VALID,SYNTHETIC,hash_fx_001253,True
1254,FX_USD_EUR,2025-09-18 00:00:00,2025-09-18 18:00:00,0.9323,EUR_PER_USD,4,v1.0,VALID,SYNTHETIC,hash_fx_001254,True
1255,FX_USD_INR,2025-09-19 00:00:00,2025-09-19 18:00:00,84.0394,INR_PER_USD,4,v1.0,VALID,SYNTHETIC,hash_fx_001255,True
1256,FX_USD_EUR,2025-09-19 00:00:00,2025-09-19 18:00:00,0.9308,EUR_PER_USD,4,v1.0,VALID,SYNTHETIC,hash_fx_001256,True
1257,FX_USD_INR,2025-09-20 00:00:00,2025-09-20 18:00:00,84.1651,INR_PER_USD,4,v1.0,VALID,SYNTHETIC,hash_fx_001257,True
1258,FX_USD_EUR,2025-09-20 00:00:00,2025-09-20 18:00:00,0.9323,EUR_PER_USD,4,v1.0,VALID,SYNTHETIC,hash_fx_001258,True
1259,FX_USD_INR,2025-09-21 00:00:00,2025-09-21 18:00:00,84.0549,INR_PER_USD,4,v1.0,VALID,SYNTHETIC,hash_fx_001259,True
1260,FX_USD_EUR,2025-09-21 00:00:00,2025-09-21 18:00:00,0.9342,EUR_PER_USD,4,v1.0,VALID,SYNTHETIC,hash_fx_001260,True
1261,FX_USD_INR,2025-09-22 00:00:00,2025-09-22 18:00:00,84.0353,INR_PER_USD,4,v1.0,VALID,SYNTHETIC,hash_fx_001261,True
1262,FX_USD_EUR,2025-09-22 00:00:00,2025-09-22 18:00:00,0.9381,EUR_PER_USD,4,v1.0,VALID,SYNTHETIC,hash_fx_001262,True
1263,FX_USD_INR,2025-09-23 00:00:00,2025-09-23 18:00:00,84.0054,INR_PER_USD,4,v1.0,VALID,SYNTHETIC,hash_fx_001263,True
1264,FX_USD_EUR,2025-09-23 00:00:00,2025-09-23 18:00:00,0.9326,EUR_PER_USD,4,v1.0,VALID,SYNTHETIC,hash_fx_001264,True
1265,FX_USD_INR,2025-09-24 00:00:00,2025-09-24 18:00:00,84.1633,INR_PER_USD,4,v1.0,VALID,SYNTHETIC,hash_fx_001265,True
1266,FX_USD_EUR,2025-09-24 00:00:00,2025-09-24 18:00:00,0.9332,EUR_PER_USD,4,v1.0,VALID,SYNTHETIC,hash_fx_001266,True
1267,FX_USD_INR,2025-09-25 00:00:00,2025-09-25 18:00:00,84.0645,INR_PER_USD,4,v1.0,VALID,SYNTHETIC,hash_fx_001267,True
1268,FX_USD_EUR,2025-09-25 00:00:00,2025-09-25 18:00:00,0.9351,EUR_PER_USD,4,v1.0,VALID,SYNTHETIC,hash_fx_001268,True
1269,FX_USD_INR,2025-09-26 00:00:00,2025-09-26 18:00:00,83.9751,INR_PER_USD,4,v1.0,VALID,SYNTHETIC,hash_fx_001269,True
1270,FX_USD_EUR,2025-09-26 00:00:00,2025-09-26 18:00:00,0.937,EUR_PER_USD,4,v1.0,VALID,SYNTHETIC,hash_fx_001270,True
1271,FX_USD_INR,2025-09-27 00:00:00,2025-09-27 18:00:00,84.1832,INR_PER_USD,4,v1.0,VALID,SYNTHETIC,hash_fx_001271,True
1272,FX_USD_EUR,2025-09-27 00:00:00,2025-09-27 18:00:00,0.9359,EUR_PER_USD,4,v1.0,VALID,SYNTHETIC,hash_fx_001272,True
1273,FX_USD_INR,2025-09-28 00:00:00,2025-09-28 18:00:00,84.0071,INR_PER_USD,4,v1.0,VALID,SYNTHETIC,hash_fx_001273,True
1274,FX_USD_EUR,2025-09-28 00:00:00,2025-09-28 18:00:00,0.9352,EUR_PER_USD,4,v1.0,VALID,SYNTHETIC,hash_fx_001274,True
1275,FX_USD_INR,2025-09-29 00:00:00,2025-09-29 18:00:00,84.0508,INR_PER_USD,4,v1.0,VALID,SYNTHETIC,hash_fx_001275,True
1276,FX_USD_EUR,2025-09-29 00:00:00,2025-09-29 18:00:00,0.9311,EUR_PER_USD,4,v1.0,VALID,SYNTHETIC,hash_fx_001276,True
1277,FX_USD_INR,2025-09-30 00:00:00,2025-09-30 18:00:00,84.1221,INR_PER_USD,4,v1.0,VALID,SYNTHETIC,hash_fx_001277,True
1278,FX_USD_EUR,2025-09-30 00:00:00,2025-09-30 18:00:00,0.9348,EUR_PER_USD,4,v1.0,VALID,SYNTHETIC,hash_fx_001278,True
1279,FX_USD_INR,2025-10-01 00:00:00,2025-10-01 18:00:00,84.0225,INR_PER_USD,4,v1.0,VALID,SYNTHETIC,hash_fx_001279,True
1280,FX_USD_EUR,2025-10-01 00:00:00,2025-10-01 18:00:00,0.9339,EUR_PER_USD,4,v1.0,VALID,SYNTHETIC,hash_fx_001280,True
1281,FX_USD_INR,2025-10-02 00:00:00,2025-10-02 18:00:00,84.0344,INR_PER_USD,4,v1.0,VALID,SYNTHETIC,hash_fx_001281,True
1282,FX_USD_EUR,2025-10-02 00:00:00,2025-10-02 18:00:00,0.9365,EUR_PER_USD,4,v1.0,VALID,SYNTHETIC,hash_fx_001282,True
1283,FX_USD_INR,2025-10-03 00:00:00,2025-10-03 18:00:00,83.9242,INR_PER_USD,4,v1.0,VALID,SYNTHETIC,hash_fx_001283,True
1284,FX_USD_EUR,2025-10-03 00:00:00,2025-10-03 18:00:00,0.9351,EUR_PER_USD,4,v1.0,VALID,SYNTHETIC,hash_fx_001284,True
1285,FX_USD_INR,2025-10-04 00:00:00,2025-10-04 18:00:00,84.0969,INR_PER_USD,4,v1.0,VALID,SYNTHETIC,hash_fx_001285,True
1286,FX_USD_EUR,2025-10-04 00:00:00,2025-10-04 18:00:00,0.935,EUR_PER_USD,4,v1.0,VALID,SYNTHETIC,hash_fx_001286,True
1287,FX_USD_INR,2025-10-05 00:00:00,2025-10-05 18:00:00,84.1495,INR_PER_USD,4,v1.0,VALID,SYNTHETIC,hash_fx_001287,True
1288,FX_USD_EUR,2025-10-05 00:00:00,2025-10-05 18:00:00,0.934,EUR_PER_USD,4,v1.0,VALID,SYNTHETIC,hash_fx_001288,True
1289,FX_USD_INR,2025-10-06 00:00:00,2025-10-06 18:00:00,84.1651,INR_PER_USD,4,v1.0,VALID,SYNTHETIC,hash_fx_001289,True
1290,FX_USD_EUR,2025-10-06 00:00:00,2025-10-06 18:00:00,0.9316,EUR_PER_USD,4,v1.0,VALID,SYNTHETIC,hash_fx_001290,True
1291,FX_USD_INR,2025-10-07 00:00:00,2025-10-07 18:00:00,83.9968,INR_PER_USD,4,v1.0,VALID,SYNTHETIC,hash_fx_001291,True
1292,FX_USD_EUR,2025-10-07 00:00:00,2025-10-07 18:00:00,0.9344,EUR_PER_USD,4,v1.0,VALID,SYNTHETIC,hash_fx_001292,True
1293,FX_USD_INR,2025-10-08 00:00:00,2025-10-08 18:00:00,84.1248,INR_PER_USD,4,v1.0,VALID,SYNTHETIC,hash_fx_001293,True
1294,FX_USD_EUR,2025-10-08 00:00:00,2025-10-08 18:00:00,0.9343,EUR_PER_USD,4,v1.0,VALID,SYNTHETIC,hash_fx_001294,True
1295,FX_USD_INR,2025-10-09 00:00:00,2025-10-09 18:00:00,84.1303,INR_PER_USD,4,v1.0,VALID,SYNTHETIC,hash_fx_001295,True
1296,FX_USD_EUR,2025-10-09 00:00:00,2025-10-09 18:00:00,0.9368,EUR_PER_USD,4,v1.0,VALID,SYNTHETIC,hash_fx_001296,True
1297,FX_USD_INR,2025-10-10 00:00:00,2025-10-10 18:00:00,84.1406,INR_PER_USD,4,v1.0,VALID,SYNTHETIC,hash_fx_001297,True
1298,FX_USD_EUR,2025-10-10 00:00:00,2025-10-10 18:00:00,0.9334,EUR_PER_USD,4,v1.0,VALID,SYNTHETIC,hash_fx_001298,True
1299,FX_USD_INR,2025-10-11 00:00:00,2025-10-11 18:00:00,84.0655,INR_PER_USD,4,v1.0,VALID,SYNTHETIC,hash_fx_001299,True
1300,FX_USD_EUR,2025-10-11 00:00:00,2025-10-11 18:00:00,0.9332,EUR_PER_USD,4,v1.0,VALID,SYNTHETIC,hash_fx_001300,True
1301,FX_USD_INR,2025-10-12 00:00:00,2025-10-12 18:00:00,84.0686,INR_PER_USD,4,v1.0,VALID,SYNTHETIC,hash_fx_001301,True
1302,FX_USD_EUR,2025-10-12 00:00:00,2025-10-12 18:00:00,0.9355,EUR_PER_USD,4,v1.0,VALID,SYNTHETIC,hash_fx_001302,True
1303,FX_USD_INR,2025-10-13 00:00:00,2025-10-13 18:00:00,84.0813,INR_PER_USD,4,v1.0,VALID,SYNTHETIC,hash_fx_001303,True
1304,FX_USD_EUR,2025-10-13 00:00:00,2025-10-13 18:00:00,0.9355,EUR_PER_USD,4,v1.0,VALID,SYNTHETIC,hash_fx_001304,True
1305,FX_USD_INR,2025-10-14 00:00:00,2025-10-14 18:00:00,83.9755,INR_PER_USD,4,v1.0,VALID,SYNTHETIC,hash_fx_001305,True
1306,FX_USD_EUR,2025-10-14 00:00:00,2025-10-14 18:00:00,0.9346,EUR_PER_USD,4,v1.0,VALID,SYNTHETIC,hash_fx_001306,True
1307,FX_USD_INR,2025-10-15 00:00:00,2025-10-15 18:00:00,83.9495,INR_PER_USD,4,v1.0,VALID,SYNTHETIC,hash_fx_001307,True
1308,FX_USD_EUR,2025-10-15 00:00:00,2025-10-15 18:00:00,0.9336,EUR_PER_USD,4,v1.0,VALID,SYNTHETIC,hash_fx_001308,True
1309,FX_USD_INR,2025-10-16 00:00:00,2025-10-16 18:00:00,84.2536,INR_PER_USD,4,v1.0,VALID,SYNTHETIC,hash_fx_001309,True
1310,FX_USD_EUR,2025-10-16 00:00:00,2025-10-16 18:00:00,0.9357,EUR_PER_USD,4,v1.0,VALID,SYNTHETIC,hash_fx_001310,True
1311,FX_USD_INR,2025-10-17 00:00:00,2025-10-17 18:00:00,84.0336,INR_PER_USD,4,v1.0,VALID,SYNTHETIC,hash_fx_001311,True
1312,FX_USD_EUR,2025-10-17 00:00:00,2025-10-17 18:00:00,0.9372,EUR_PER_USD,4,v1.0,VALID,SYNTHETIC,hash_fx_001312,True
1313,FX_USD_INR,2025-10-18 00:00:00,2025-10-18 18:00:00,84.2499,INR_PER_USD,4,v1.0,VALID,SYNTHETIC,hash_fx_001313,True
1314,FX_USD_EUR,2025-10-18 00:00:00,2025-10-18 18:00:00,0.9344,EUR_PER_USD,4,v1.0,VALID,SYNTHETIC,hash_fx_001314,True
1315,FX_USD_INR,2025-10-19 00:00:00,2025-10-19 18:00:00,83.9993,INR_PER_USD,4,v1.0,VALID,SYNTHETIC,hash_fx_001315,True
1316,FX_USD_EUR,2025-10-19 00:00:00,2025-10-19 18:00:00,0.9343,EUR_PER_USD,4,v1.0,VALID,SYNTHETIC,hash_fx_001316,True
1317,FX_USD_INR,2025-10-20 00:00:00,2025-10-20 18:00:00,84.0241,INR_PER_USD,4,v1.0,VALID,SYNTHETIC,hash_fx_001317,True
1318,FX_USD_EUR,2025-10-20 00:00:00,2025-10-20 18:00:00,0.9346,EUR_PER_USD,4,v1.0,VALID,SYNTHETIC,hash_fx_001318,True
1319,FX_USD_INR,2025-10-21 00:00:00,2025-10-21 18:00:00,84.1895,INR_PER_USD,4,v1.0,VALID,SYNTHETIC,hash_fx_001319,True
1320,FX_USD_EUR,2025-10-21 00:00:00,2025-10-21 18:00:00,0.9338,EUR_PER_USD,4,v1.0,VALID,SYNTHETIC,hash_fx_001320,True
1321,FX_USD_INR,2025-10-22 00:00:00,2025-10-22 18:00:00,84.0818,INR_PER_USD,4,v1.0,VALID,SYNTHETIC,hash_fx_001321,True
1322,FX_USD_EUR,2025-10-22 00:00:00,2025-10-22 18:00:00,0.9358,EUR_PER_USD,4,v1.0,VALID,SYNTHETIC,hash_fx_001322,True
1323,FX_USD_INR,2025-10-23 00:00:00,2025-10-23 18:00:00,84.1839,INR_PER_USD,4,v1.0,VALID,SYNTHETIC,hash_fx_001323,True
1324,FX_USD_EUR,2025-10-23 00:00:00,2025-10-23 18:00:00,0.938,EUR_PER_USD,4,v1.0,VALID,SYNTHETIC,hash_fx_001324,True
1325,FX_USD_INR,2025-10-24 00:00:00,2025-10-24 18:00:00,84.127,INR_PER_USD,4,v1.0,VALID,SYNTHETIC,hash_fx_001325,True
1326,FX_USD_EUR,2025-10-24 00:00:00,2025-10-24 18:00:00,0.9361,EUR_PER_USD,4,v1.0,VALID,SYNTHETIC,hash_fx_001326,True
1327,FX_USD_INR,2025-10-25 00:00:00,2025-10-25 18:00:00,84.2732,INR_PER_USD,4,v1.0,VALID,SYNTHETIC,hash_fx_001327,True
1328,FX_USD_EUR,2025-10-25 00:00:00,2025-10-25 18:00:00,0.9348,EUR_PER_USD,4,v1.0,VALID,SYNTHETIC,hash_fx_001328,True
1329,FX_USD_INR,2025-10-26 00:00:00,2025-10-26 18:00:00,84.0984,INR_PER_USD,4,v1.0,VALID,SYNTHETIC,hash_fx_001329,True
1330,FX_USD_EUR,2025-10-26 00:00:00,2025-10-26 18:00:00,0.935,EUR_PER_USD,4,v1.0,VALID,SYNTHETIC,hash_fx_001330,True
1331,FX_USD_INR,2025-10-27 00:00:00,2025-10-27 18:00:00,84.2626,INR_PER_USD,4,v1.0,VALID,SYNTHETIC,hash_fx_001331,True
1332,FX_USD_EUR,2025-10-27 00:00:00,2025-10-27 18:00:00,0.935,EUR_PER_USD,4,v1.0,VALID,SYNTHETIC,hash_fx_001332,True
1333,FX_USD_INR,2025-10-28 00:00:00,2025-10-28 18:00:00,84.3303,INR_PER_USD,4,v1.0,VALID,SYNTHETIC,hash_fx_001333,True
1334,FX_USD_EUR,2025-10-28 00:00:00,2025-10-28 18:00:00,0.937,EUR_PER_USD,4,v1.0,VALID,SYNTHETIC,hash_fx_001334,True
1335,FX_USD_INR,2025-10-29 00:00:00,2025-10-29 18:00:00,84.2466,INR_PER_USD,4,v1.0,VALID,SYNTHETIC,hash_fx_001335,True
1336,FX_USD_EUR,2025-10-29 00:00:00,2025-10-29 18:00:00,0.9338,EUR_PER_USD,4,v1.0,VALID,SYNTHETIC,hash_fx_001336,True
1337,FX_USD_INR,2025-10-30 00:00:00,2025-10-30 18:00:00,84.0284,INR_PER_USD,4,v1.0,VALID,SYNTHETIC,hash_fx_001337,True
1338,FX_USD_EUR,2025-10-30 00:00:00,2025-10-30 18:00:00,0.9354,EUR_PER_USD,4,v1.0,VALID,SYNTHETIC,hash_fx_001338,True
1339,FX_USD_INR,2025-10-31 00:00:00,2025-10-31 18:00:00,84.2105,INR_PER_USD,4,v1.0,VALID,SYNTHETIC,hash_fx_001339,True
1340,FX_USD_EUR,2025-10-31 00:00:00,2025-10-31 18:00:00,0.9351,EUR_PER_USD,4,v1.0,VALID,SYNTHETIC,hash_fx_001340,True
1341,FX_USD_INR,2025-11-01 00:00:00,2025-11-01 18:00:00,84.1082,INR_PER_USD,4,v1.0,VALID,SYNTHETIC,hash_fx_001341,True
1342,FX_USD_EUR,2025-11-01 00:00:00,2025-11-01 18:00:00,0.9314,EUR_PER_USD,4,v1.0,VALID,SYNTHETIC,hash_fx_001342,True
1343,FX_USD_INR,2025-11-02 00:00:00,2025-11-02 18:00:00,83.9531,INR_PER_USD,4,v1.0,VALID,SYNTHETIC,hash_fx_001343,True
1344,FX_USD_EUR,2025-11-02 00:00:00,2025-11-02 18:00:00,0.9338,EUR_PER_USD,4,v1.0,VALID,SYNTHETIC,hash_fx_001344,True
1345,FX_USD_INR,2025-11-03 00:00:00,2025-11-03 18:00:00,83.9979,INR_PER_USD,4,v1.0,VALID,SYNTHETIC,hash_fx_001345,True
1346,FX_USD_EUR,2025-11-03 00:00:00,2025-11-03 18:00:00,0.9333,EUR_PER_USD,4,v1.0,VALID,SYNTHETIC,hash_fx_001346,True
1347,FX_USD_INR,2025-11-04 00:00:00,2025-11-04 18:00:00,84.2138,INR_PER_USD,4,v1.0,VALID,SYNTHETIC,hash_fx_001347,True
1348,FX_USD_EUR,2025-11-04 00:00:00,2025-11-04 18:00:00,0.9362,EUR_PER_USD,4,v1.0,VALID,SYNTHETIC,hash_fx_001348,True
1349,FX_USD_INR,2025-11-05 00:00:00,2025-11-05 18:00:00,84.1742,INR_PER_USD,4,v1.0,VALID,SYNTHETIC,hash_fx_001349,True
1350,FX_USD_EUR,2025-11-05 00:00:00,2025-11-05 18:00:00,0.9361,EUR_PER_USD,4,v1.0,VALID,SYNTHETIC,hash_fx_001350,True
1351,FX_USD_INR,2025-11-06 00:00:00,2025-11-06 18:00:00,84.251,INR_PER_USD,4,v1.0,VALID,SYNTHETIC,hash_fx_001351,True
1352,FX_USD_EUR,2025-11-06 00:00:00,2025-11-06 18:00:00,0.9338,EUR_PER_USD,4,v1.0,VALID,SYNTHETIC,hash_fx_001352,True
1353,FX_USD_INR,2025-11-07 00:00:00,2025-11-07 18:00:00,84.1363,INR_PER_USD,4,v1.0,VALID,SYNTHETIC,hash_fx_001353,True
1354,FX_USD_EUR,2025-11-07 00:00:00,2025-11-07 18:00:00,0.9353,EUR_PER_USD,4,v1.0,VALID,SYNTHETIC,hash_fx_001354,True
1355,FX_USD_INR,2025-11-08 00:00:00,2025-11-08 18:00:00,84.1788,INR_PER_USD,4,v1.0,VALID,SYNTHETIC,hash_fx_001355,True
1356,FX_USD_EUR,2025-11-08 00:00:00,2025-11-08 18:00:00,0.9357,EUR_PER_USD,4,v1.0,VALID,SYNTHETIC,hash_fx_001356,True
1357,FX_USD_INR,2025-11-09 00:00:00,2025-11-09 18:00:00,84.1731,INR_PER_USD,4,v1.0,VALID,SYNTHETIC,hash_fx_001357,True
1358,FX_USD_EUR,2025-11-09 00:00:00,2025-11-09 18:00:00,0.9372,EUR_PER_USD,4,v1.0,VALID,SYNTHETIC,hash_fx_001358,True
1359,FX_USD_INR,2025-11-10 00:00:00,2025-11-10 18:00:00,84.2164,INR_PER_USD,4,v1.0,VALID,SYNTHETIC,hash_fx_001359,True
1360,FX_USD_EUR,2025-11-10 00:00:00,2025-11-10 18:00:00,0.9335,EUR_PER_USD,4,v1.0,VALID,SYNTHETIC,hash_fx_001360,True
1361,FX_USD_INR,2025-11-11 00:00:00,2025-11-11 18:00:00,84.2742,INR_PER_USD,4,v1.0,VALID,SYNTHETIC,hash_fx_001361,True
1362,FX_USD_EUR,2025-11-11 00:00:00,2025-11-11 18:00:00,0.9362,EUR_PER_USD,4,v1.0,VALID,SYNTHETIC,hash_fx_001362,True
1363,FX_USD_INR,2025-11-12 00:00:00,2025-11-12 18:00:00,84.1788,INR_PER_USD,4,v1.0,VALID,SYNTHETIC,hash_fx_001363,True
1364,FX_USD_EUR,2025-11-12 00:00:00,2025-11-12 18:00:00,0.9312,EUR_PER_USD,4,v1.0,VALID,SYNTHETIC,hash_fx_001364,True
1365,FX_USD_INR,2025-11-13 00:00:00,2025-11-13 18:00:00,84.1018,INR_PER_USD,4,v1.0,VALID,SYNTHETIC,hash_fx_001365,True
1366,FX_USD_EUR,2025-11-13 00:00:00,2025-11-13 18:00:00,0.936,EUR_PER_USD,4,v1.0,VALID,SYNTHETIC,hash_fx_001366,True
1367,FX_USD_INR,2025-11-14 00:00:00,2025-11-14 18:00:00,84.3915,INR_PER_USD,4,v1.0,VALID,SYNTHETIC,hash_fx_001367,True
1368,FX_USD_EUR,2025-11-14 00:00:00,2025-11-14 18:00:00,0.9339,EUR_PER_USD,4,v1.0,VALID,SYNTHETIC,hash_fx_001368,True
1369,FX_USD_INR,2025-11-15 00:00:00,2025-11-15 18:00:00,84.1689,INR_PER_USD,4,v1.0,VALID,SYNTHETIC,hash_fx_001369,True
1370,FX_USD_EUR,2025-11-15 00:00:00,2025-11-15 18:00:00,0.936,EUR_PER_USD,4,v1.0,VALID,SYNTHETIC,hash_fx_001370,True
1371,FX_USD_INR,2025-11-16 00:00:00,2025-11-16 18:00:00,84.1051,INR_PER_USD,4,v1.0,VALID,SYNTHETIC,hash_fx_001371,True
1372,FX_USD_EUR,2025-11-16 00:00:00,2025-11-16 18:00:00,0.9366,EUR_PER_USD,4,v1.0,VALID,SYNTHETIC,hash_fx_001372,True
1373,FX_USD_INR,2025-11-17 00:00:00,2025-11-17 18:00:00,84.1221,INR_PER_USD,4,v1.0,VALID,SYNTHETIC,hash_fx_001373,True
1374,FX_USD_EUR,2025-11-17 00:00:00,2025-11-17 18:00:00,0.9339,EUR_PER_USD,4,v1.0,VALID,SYNTHETIC,hash_fx_001374,True
1375,FX_USD_INR,2025-11-18 00:00:00,2025-11-18 18:00:00,84.3178,INR_PER_USD,4,v1.0,VALID,SYNTHETIC,hash_fx_001375,True
1376,FX_USD_EUR,2025-11-18 00:00:00,2025-11-18 18:00:00,0.9357,EUR_PER_USD,4,v1.0,VALID,SYNTHETIC,hash_fx_001376,True
1377,FX_USD_INR,2025-11-19 00:00:00,2025-11-19 18:00:00,84.1403,INR_PER_USD,4,v1.0,VALID,SYNTHETIC,hash_fx_001377,True
1378,FX_USD_EUR,2025-11-19 00:00:00,2025-11-19 18:00:00,0.9315,EUR_PER_USD,4,v1.0,VALID,SYNTHETIC,hash_fx_001378,True
1379,FX_USD_INR,2025-11-20 00:00:00,2025-11-20 18:00:00,84.0538,INR_PER_USD,4,v1.0,VALID,SYNTHETIC,hash_fx_001379,True
1380,FX_USD_EUR,2025-11-20 00:00:00,2025-11-20 18:00:00,0.9338,EUR_PER_USD,4,v1.0,VALID,SYNTHETIC,hash_fx_001380,True
1381,FX_USD_INR,2025-11-21 00:00:00,2025-11-21 18:00:00,84.2242,INR_PER_USD,4,v1.0,VALID,SYNTHETIC,hash_fx_001381,True
1382,FX_USD_EUR,2025-11-21 00:00:00,2025-11-21 18:00:00,0.9316,EUR_PER_USD,4,v1.0,VALID,SYNTHETIC,hash_fx_001382,True
1383,FX_USD_INR,2025-11-22 00:00:00,2025-11-22 18:00:00,84.1284,INR_PER_USD,4,v1.0,VALID,SYNTHETIC,hash_fx_001383,True
1384,FX_USD_EUR,2025-11-22 00:00:00,2025-11-22 18:00:00,0.9314,EUR_PER_USD,4,v1.0,VALID,SYNTHETIC,hash_fx_001384,True
1385,FX_USD_INR,2025-11-23 00:00:00,2025-11-23 18:00:00,84.1708,INR_PER_USD,4,v1.0,VALID,SYNTHETIC,hash_fx_001385,True
1386,FX_USD_EUR,2025-11-23 00:00:00,2025-11-23 18:00:00,0.9331,EUR_PER_USD,4,v1.0,VALID,SYNTHETIC,hash_fx_001386,True
1387,FX_USD_INR,2025-11-24 00:00:00,2025-11-24 18:00:00,84.1032,INR_PER_USD,4,v1.0,VALID,SYNTHETIC,hash_fx_001387,True
1388,FX_USD_EUR,2025-11-24 00:00:00,2025-11-24 18:00:00,0.9362,EUR_PER_USD,4,v1.0,VALID,SYNTHETIC,hash_fx_001388,True
1389,FX_USD_INR,2025-11-25 00:00:00,2025-11-25 18:00:00,84.2449,INR_PER_USD,4,v1.0,VALID,SYNTHETIC,hash_fx_001389,True
1390,FX_USD_EUR,2025-11-25 00:00:00,2025-11-25 18:00:00,0.9341,EUR_PER_USD,4,v1.0,VALID,SYNTHETIC,hash_fx_001390,True
1391,FX_USD_INR,2025-11-26 00:00:00,2025-11-26 18:00:00,84.1295,INR_PER_USD,4,v1.0,VALID,SYNTHETIC,hash_fx_001391,True
1392,FX_USD_EUR,2025-11-26 00:00:00,2025-11-26 18:00:00,0.9363,EUR_PER_USD,4,v1.0,VALID,SYNTHETIC,hash_fx_001392,True
1393,FX_USD_INR,2025-11-27 00:00:00,2025-11-27 18:00:00,84.2431,INR_PER_USD,4,v1.0,VALID,SYNTHETIC,hash_fx_001393,True
1394,FX_USD_EUR,2025-11-27 00:00:00,2025-11-27 18:00:00,0.9362,EUR_PER_USD,4,v1.0,VALID,SYNTHETIC,hash_fx_001394,True
1395,FX_USD_INR,2025-11-28 00:00:00,2025-11-28 18:00:00,84.131,INR_PER_USD,4,v1.0,VALID,SYNTHETIC,hash_fx_001395,True
1396,FX_USD_EUR,2025-11-28 00:00:00,2025-11-28 18:00:00,0.9326,EUR_PER_USD,4,v1.0,VALID,SYNTHETIC,hash_fx_001396,True
1397,FX_USD_INR,2025-11-29 00:00:00,2025-11-29 18:00:00,84.3435,INR_PER_USD,4,v1.0,VALID,SYNTHETIC,hash_fx_001397,True
1398,FX_USD_EUR,2025-11-29 00:00:00,2025-11-29 18:00:00,0.9377,EUR_PER_USD,4,v1.0,VALID,SYNTHETIC,hash_fx_001398,True
1399,FX_USD_INR,2025-11-30 00:00:00,2025-11-30 18:00:00,84.2514,INR_PER_USD,4,v1.0,VALID,SYNTHETIC,hash_fx_001399,True
1400,FX_USD_EUR,2025-11-30 00:00:00,2025-11-30 18:00:00,0.9355,EUR_PER_USD,4,v1.0,VALID,SYNTHETIC,hash_fx_001400,True
1401,FX_USD_INR,2025-12-01 00:00:00,2025-12-01 18:00:00,84.1798,INR_PER_USD,4,v1.0,VALID,SYNTHETIC,hash_fx_001401,True
1402,FX_USD_EUR,2025-12-01 00:00:00,2025-12-01 18:00:00,0.9364,EUR_PER_USD,4,v1.0,VALID,SYNTHETIC,hash_fx_001402,True
1403,FX_USD_INR,2025-12-02 00:00:00,2025-12-02 18:00:00,84.0703,INR_PER_USD,4,v1.0,VALID,SYNTHETIC,hash_fx_001403,True
1404,FX_USD_EUR,2025-12-02 00:00:00,2025-12-02 18:00:00,0.9394,EUR_PER_USD,4,v1.0,VALID,SYNTHETIC,hash_fx_001404,True
1405,FX_USD_INR,2025-12-03 00:00:00,2025-12-03 18:00:00,84.3281,INR_PER_USD,4,v1.0,VALID,SYNTHETIC,hash_fx_001405,True
1406,FX_USD_EUR,2025-12-03 00:00:00,2025-12-03 18:00:00,0.9373,EUR_PER_USD,4,v1.0,VALID,SYNTHETIC,hash_fx_001406,True
1407,FX_USD_INR,2025-12-04 00:00:00,2025-12-04 18:00:00,84.2825,INR_PER_USD,4,v1.0,VALID,SYNTHETIC,hash_fx_001407,True
1408,FX_USD_EUR,2025-12-04 00:00:00,2025-12-04 18:00:00,0.9377,EUR_PER_USD,4,v1.0,VALID,SYNTHETIC,hash_fx_001408,True
1409,FX_USD_INR,2025-12-05 00:00:00,2025-12-05 18:00:00,84.2652,INR_PER_USD,4,v1.0,VALID,SYNTHETIC,hash_fx_001409,True
1410,FX_USD_EUR,2025-12-05 00:00:00,2025-12-05 18:00:00,0.9352,EUR_PER_USD,4,v1.0,VALID,SYNTHETIC,hash_fx_001410,True
1411,FX_USD_INR,2025-12-06 00:00:00,2025-12-06 18:00:00,84.129,INR_PER_USD,4,v1.0,VALID,SYNTHETIC,hash_fx_001411,True
1412,FX_USD_EUR,2025-12-06 00:00:00,2025-12-06 18:00:00,0.9347,EUR_PER_USD,4,v1.0,VALID,SYNTHETIC,hash_fx_001412,True
1413,FX_USD_INR,2025-12-07 00:00:00,2025-12-07 18:00:00,84.1102,INR_PER_USD,4,v1.0,VALID,SYNTHETIC,hash_fx_001413,True
1414,FX_USD_EUR,2025-12-07 00:00:00,2025-12-07 18:00:00,0.9392,EUR_PER_USD,4,v1.0,VALID,SYNTHETIC,hash_fx_001414,True
1415,FX_USD_INR,2025-12-08 00:00:00,2025-12-08 18:00:00,84.2877,INR_PER_USD,4,v1.0,VALID,SYNTHETIC,hash_fx_001415,True
1416,FX_USD_EUR,2025-12-08 00:00:00,2025-12-08 18:00:00,0.9341,EUR_PER_USD,4,v1.0,VALID,SYNTHETIC,hash_fx_001416,True
1417,FX_USD_INR,2025-12-09 00:00:00,2025-12-09 18:00:00,84.291,INR_PER_USD,4,v1.0,VALID,SYNTHETIC,hash_fx_001417,True
1418,FX_USD_EUR,2025-12-09 00:00:00,2025-12-09 18:00:00,0.9362,EUR_PER_USD,4,v1.0,VALID,SYNTHETIC,hash_fx_001418,True
1419,FX_USD_INR,2025-12-10 00:00:00,2025-12-10 18:00:00,84.3233,INR_PER_USD,4,v1.0,VALID,SYNTHETIC,hash_fx_001419,True
1420,FX_USD_EUR,2025-12-10 00:00:00,2025-12-10 18:00:00,0.9374,EUR_PER_USD,4,v1.0,VALID,SYNTHETIC,hash_fx_001420,True
1421,FX_USD_INR,2025-12-11 00:00:00,2025-12-11 18:00:00,84.0981,INR_PER_USD,4,v1.0,VALID,SYNTHETIC,hash_fx_001421,True
1422,FX_USD_EUR,2025-12-11 00:00:00,2025-12-11 18:00:00,0.9379,EUR_PER_USD,4,v1.0,VALID,SYNTHETIC,hash_fx_001422,True
1423,FX_USD_INR,2025-12-12 00:00:00,2025-12-12 18:00:00,84.1123,INR_PER_USD,4,v1.0,VALID,SYNTHETIC,hash_fx_001423,True
1424,FX_USD_EUR,2025-12-12 00:00:00,2025-12-12 18:00:00,0.9401,EUR_PER_USD,4,v1.0,VALID,SYNTHETIC,hash_fx_001424,True
1425,FX_USD_INR,2025-12-13 00:00:00,2025-12-13 18:00:00,84.119,INR_PER_USD,4,v1.0,VALID,SYNTHETIC,hash_fx_001425,True
1426,FX_USD_EUR,2025-12-13 00:00:00,2025-12-13 18:00:00,0.9368,EUR_PER_USD,4,v1.0,VALID,SYNTHETIC,hash_fx_001426,True
1427,FX_USD_INR,2025-12-14 00:00:00,2025-12-14 18:00:00,84.2025,INR_PER_USD,4,v1.0,VALID,SYNTHETIC,hash_fx_001427,True
1428,FX_USD_EUR,2025-12-14 00:00:00,2025-12-14 18:00:00,0.9363,EUR_PER_USD,4,v1.0,VALID,SYNTHETIC,hash_fx_001428,True
1429,FX_USD_INR,2025-12-15 00:00:00,2025-12-15 18:00:00,84.1546,INR_PER_USD,4,v1.0,VALID,SYNTHETIC,hash_fx_001429,True
1430,FX_USD_EUR,2025-12-15 00:00:00,2025-12-15 18:00:00,0.9415,EUR_PER_USD,4,v1.0,VALID,SYNTHETIC,hash_fx_001430,True
1431,FX_USD_INR,2025-12-16 00:00:00,2025-12-16 18:00:00,84.3313,INR_PER_USD,4,v1.0,VALID,SYNTHETIC,hash_fx_001431,True
1432,FX_USD_EUR,2025-12-16 00:00:00,2025-12-16 18:00:00,0.9347,EUR_PER_USD,4,v1.0,VALID,SYNTHETIC,hash_fx_001432,True
1433,FX_USD_INR,2025-12-17 00:00:00,2025-12-17 18:00:00,84.3104,INR_PER_USD,4,v1.0,VALID,SYNTHETIC,hash_fx_001433,True
1434,FX_USD_EUR,2025-12-17 00:00:00,2025-12-17 18:00:00,0.9344,EUR_PER_USD,4,v1.0,VALID,SYNTHETIC,hash_fx_001434,True
1435,FX_USD_INR,2025-12-18 00:00:00,2025-12-18 18:00:00,84.2062,INR_PER_USD,4,v1.0,VALID,SYNTHETIC,hash_fx_001435,True
1436,FX_USD_EUR,2025-12-18 00:00:00,2025-12-18 18:00:00,0.9361,EUR_PER_USD,4,v1.0,VALID,SYNTHETIC,hash_fx_001436,True
1437,FX_USD_INR,2025-12-19 00:00:00,2025-12-19 18:00:00,84.3091,INR_PER_USD,4,v1.0,VALID,SYNTHETIC,hash_fx_001437,True
1438,FX_USD_EUR,2025-12-19 00:00:00,2025-12-19 18:00:00,0.9359,EUR_PER_USD,4,v1.0,VALID,SYNTHETIC,hash_fx_001438,True
1439,FX_USD_INR,2025-12-20 00:00:00,2025-12-20 18:00:00,84.2244,INR_PER_USD,4,v1.0,VALID,SYNTHETIC,hash_fx_001439,True
1440,FX_USD_EUR,2025-12-20 00:00:00,2025-12-20 18:00:00,0.9353,EUR_PER_USD,4,v1.0,VALID,SYNTHETIC,hash_fx_001440,True
1441,FX_USD_INR,2025-12-21 00:00:00,2025-12-21 18:00:00,84.1901,INR_PER_USD,4,v1.0,VALID,SYNTHETIC,hash_fx_001441,True
1442,FX_USD_EUR,2025-12-21 00:00:00,2025-12-21 18:00:00,0.9374,EUR_PER_USD,4,v1.0,VALID,SYNTHETIC,hash_fx_001442,True
1443,FX_USD_INR,2025-12-22 00:00:00,2025-12-22 18:00:00,84.336,INR_PER_USD,4,v1.0,VALID,SYNTHETIC,hash_fx_001443,True
1444,FX_USD_EUR,2025-12-22 00:00:00,2025-12-22 18:00:00,0.9372,EUR_PER_USD,4,v1.0,VALID,SYNTHETIC,hash_fx_001444,True
1445,FX_USD_INR,2025-12-23 00:00:00,2025-12-23 18:00:00,84.2642,INR_PER_USD,4,v1.0,VALID,SYNTHETIC,hash_fx_001445,True
1446,FX_USD_EUR,2025-12-23 00:00:00,2025-12-23 18:00:00,0.9362,EUR_PER_USD,4,v1.0,VALID,SYNTHETIC,hash_fx_001446,True
1447,FX_USD_INR,2025-12-24 00:00:00,2025-12-24 18:00:00,84.3414,INR_PER_USD,4,v1.0,VALID,SYNTHETIC,hash_fx_001447,True
1448,FX_USD_EUR,2025-12-24 00:00:00,2025-12-24 18:00:00,0.9404,EUR_PER_USD,4,v1.0,VALID,SYNTHETIC,hash_fx_001448,True
1449,FX_USD_INR,2025-12-25 00:00:00,2025-12-25 18:00:00,84.3318,INR_PER_USD,4,v1.0,VALID,SYNTHETIC,hash_fx_001449,True
1450,FX_USD_EUR,2025-12-25 00:00:00,2025-12-25 18:00:00,0.9352,EUR_PER_USD,4,v1.0,VALID,SYNTHETIC,hash_fx_001450,True
1451,FX_USD_INR,2025-12-26 00:00:00,2025-12-26 18:00:00,84.3862,INR_PER_USD,4,v1.0,VALID,SYNTHETIC,hash_fx_001451,True
1452,FX_USD_EUR,2025-12-26 00:00:00,2025-12-26 18:00:00,0.9344,EUR_PER_USD,4,v1.0,VALID,SYNTHETIC,hash_fx_001452,True
1453,FX_USD_INR,2025-12-27 00:00:00,2025-12-27 18:00:00,84.147,INR_PER_USD,4,v1.0,VALID,SYNTHETIC,hash_fx_001453,True
1454,FX_USD_EUR,2025-12-27 00:00:00,2025-12-27 18:00:00,0.937,EUR_PER_USD,4,v1.0,VALID,SYNTHETIC,hash_fx_001454,True
1455,FX_USD_INR,2025-12-28 00:00:00,2025-12-28 18:00:00,84.2946,INR_PER_USD,4,v1.0,VALID,SYNTHETIC,hash_fx_001455,True
1456,FX_USD_EUR,2025-12-28 00:00:00,2025-12-28 18:00:00,0.9348,EUR_PER_USD,4,v1.0,VALID,SYNTHETIC,hash_fx_001456,True
1457,FX_USD_INR,2025-12-29 00:00:00,2025-12-29 18:00:00,84.3395,INR_PER_USD,4,v1.0,VALID,SYNTHETIC,hash_fx_001457,True
1458,FX_USD_EUR,2025-12-29 00:00:00,2025-12-29 18:00:00,0.9385,EUR_PER_USD,4,v1.0,VALID,SYNTHETIC,hash_fx_001458,True
1459,FX_USD_INR,2025-12-30 00:00:00,2025-12-30 18:00:00,84.2405,INR_PER_USD,4,v1.0,VALID,SYNTHETIC,hash_fx_001459,True
1460,FX_USD_EUR,2025-12-30 00:00:00,2025-12-30 18:00:00,0.9384,EUR_PER_USD,4,v1.0,VALID,SYNTHETIC,hash_fx_001460,True
1461,FX_USD_INR,2025-12-31 00:00:00,2025-12-31 18:00:00,84.241,INR_PER_USD,4,v1.0,VALID,SYNTHETIC,hash_fx_001461,True
1462,FX_USD_EUR,2025-12-31 00:00:00,2025-12-31 18:00:00,0.9375,EUR_PER_USD,4,v1.0,VALID,SYNTHETIC,hash_fx_001462,True
1463,FX_USD_INR,2026-01-01 00:00:00,2026-01-01 18:00:00,84.3244,INR_PER_USD,4,v1.0,VALID,SYNTHETIC,hash_fx_001463,True
1464,FX_USD_EUR,2026-01-01 00:00:00,2026-01-01 18:00:00,0.9355,EUR_PER_USD,4,v1.0,VALID,SYNTHETIC,hash_fx_001464,True
1465,FX_USD_INR,2026-01-02 00:00:00,2026-01-02 18:00:00,84.2819,INR_PER_USD,4,v1.0,VALID,SYNTHETIC,hash_fx_001465,True
1466,FX_USD_EUR,2026-01-02 00:00:00,2026-01-02 18:00:00,0.9326,EUR_PER_USD,4,v1.0,VALID,SYNTHETIC,hash_fx_001466,True
1467,FX_USD_INR,2026-01-03 00:00:00,2026-01-03 18:00:00,84.1904,INR_PER_USD,4,v1.0,VALID,SYNTHETIC,hash_fx_001467,True
1468,FX_USD_EUR,2026-01-03 00:00:00,2026-01-03 18:00:00,0.9415,EUR_PER_USD,4,v1.0,VALID,SYNTHETIC,hash_fx_001468,True
1469,FX_USD_INR,2026-01-04 00:00:00,2026-01-04 18:00:00,84.2253,INR_PER_USD,4,v1.0,VALID,SYNTHETIC,hash_fx_001469,True
1470,FX_USD_EUR,2026-01-04 00:00:00,2026-01-04 18:00:00,0.9345,EUR_PER_USD,4,v1.0,VALID,SYNTHETIC,hash_fx_001470,True
1471,FX_USD_INR,2026-01-05 00:00:00,2026-01-05 18:00:00,84.2892,INR_PER_USD,4,v1.0,VALID,SYNTHETIC,hash_fx_001471,True
1472,FX_USD_EUR,2026-01-05 00:00:00,2026-01-05 18:00:00,0.9356,EUR_PER_USD,4,v1.0,VALID,SYNTHETIC,hash_fx_001472,True
1473,FX_USD_INR,2026-01-06 00:00:00,2026-01-06 18:00:00,84.2238,INR_PER_USD,4,v1.0,VALID,SYNTHETIC,hash_fx_001473,True
1474,FX_USD_EUR,2026-01-06 00:00:00,2026-01-06 18:00:00,0.9348,EUR_PER_USD,4,v1.0,VALID,SYNTHETIC,hash_fx_001474,True
1475,FX_USD_INR,2026-01-07 00:00:00,2026-01-07 18:00:00,84.2397,INR_PER_USD,4,v1.0,VALID,SYNTHETIC,hash_fx_001475,True
1476,FX_USD_EUR,2026-01-07 00:00:00,2026-01-07 18:00:00,0.9413,EUR_PER_USD,4,v1.0,VALID,SYNTHETIC,hash_fx_001476,True
1477,FX_USD_INR,2026-01-08 00:00:00,2026-01-08 18:00:00,84.2465,INR_PER_USD,4,v1.0,VALID,SYNTHETIC,hash_fx_001477,True
1478,FX_USD_EUR,2026-01-08 00:00:00,2026-01-08 18:00:00,0.9369,EUR_PER_USD,4,v1.0,VALID,SYNTHETIC,hash_fx_001478,True
1479,FX_USD_INR,2026-01-09 00:00:00,2026-01-09 18:00:00,84.2755,INR_PER_USD,4,v1.0,VALID,SYNTHETIC,hash_fx_001479,True
1480,FX_USD_EUR,2026-01-09 00:00:00,2026-01-09 18:00:00,0.9389,EUR_PER_USD,4,v1.0,VALID,SYNTHETIC,hash_fx_001480,True
1481,FX_USD_INR,2026-01-10 00:00:00,2026-01-10 18:00:00,84.2133,INR_PER_USD,4,v1.0,VALID,SYNTHETIC,hash_fx_001481,True
1482,FX_USD_EUR,2026-01-10 00:00:00,2026-01-10 18:00:00,0.939,EUR_PER_USD,4,v1.0,VALID,SYNTHETIC,hash_fx_001482,True
1483,FX_USD_INR,2026-01-11 00:00:00,2026-01-11 18:00:00,84.276,INR_PER_USD,4,v1.0,VALID,SYNTHETIC,hash_fx_001483,True
1484,FX_USD_EUR,2026-01-11 00:00:00,2026-01-11 18:00:00,0.9354,EUR_PER_USD,4,v1.0,VALID,SYNTHETIC,hash_fx_001484,True
1485,FX_USD_INR,2026-01-12 00:00:00,2026-01-12 18:00:00,84.2972,INR_PER_USD,4,v1.0,VALID,SYNTHETIC,hash_fx_001485,True
1486,FX_USD_EUR,2026-01-12 00:00:00,2026-01-12 18:00:00,0.9367,EUR_PER_USD,4,v1.0,VALID,SYNTHETIC,hash_fx_001486,True
1487,FX_USD_INR,2026-01-13 00:00:00,2026-01-13 18:00:00,84.3955,INR_PER_USD,4,v1.0,VALID,SYNTHETIC,hash_fx_001487,True
1488,FX_USD_EUR,2026-01-13 00:00:00,2026-01-13 18:00:00,0.9342,EUR_PER_USD,4,v1.0,VALID,SYNTHETIC,hash_fx_001488,True
1489,FX_USD_INR,2026-01-14 00:00:00,2026-01-14 18:00:00,84.2184,INR_PER_USD,4,v1.0,VALID,SYNTHETIC,hash_fx_001489,True
1490,FX_USD_EUR,2026-01-14 00:00:00,2026-01-14 18:00:00,0.94,EUR_PER_USD,4,v1.0,VALID,SYNTHETIC,hash_fx_001490,True
1491,FX_USD_INR,2026-01-15 00:00:00,2026-01-15 18:00:00,84.2683,INR_PER_USD,4,v1.0,VALID,SYNTHETIC,hash_fx_001491,True
1492,FX_USD_EUR,2026-01-15 00:00:00,2026-01-15 18:00:00,0.9388,EUR_PER_USD,4,v1.0,VALID,SYNTHETIC,hash_fx_001492,True
1493,FX_USD_INR,2026-01-16 00:00:00,2026-01-16 18:00:00,84.3238,INR_PER_USD,4,v1.0,VALID,SYNTHETIC,hash_fx_001493,True
1494,FX_USD_EUR,2026-01-16 00:00:00,2026-01-16 18:00:00,0.9399,EUR_PER_USD,4,v1.0,VALID,SYNTHETIC,hash_fx_001494,True
1495,FX_USD_INR,2026-01-17 00:00:00,2026-01-17 18:00:00,84.2437,INR_PER_USD,4,v1.0,VALID,SYNTHETIC,hash_fx_001495,True
1496,FX_USD_EUR,2026-01-17 00:00:00,2026-01-17 18:00:00,0.9382,EUR_PER_USD,4,v1.0,VALID,SYNTHETIC,hash_fx_001496,True
1497,FX_USD_INR,2026-01-18 00:00:00,2026-01-18 18:00:00,84.3435,INR_PER_USD,4,v1.0,VALID,SYNTHETIC,hash_fx_001497,True
1498,FX_USD_EUR,2026-01-18 00:00:00,2026-01-18 18:00:00,0.9399,EUR_PER_USD,4,v1.0,VALID,SYNTHETIC,hash_fx_001498,True
1499,FX_USD_INR,2026-01-19 00:00:00,2026-01-19 18:00:00,84.3702,INR_PER_USD,4,v1.0,VALID,SYNTHETIC,hash_fx_001499,True
1500,FX_USD_EUR,2026-01-19 00:00:00,2026-01-19 18:00:00,0.9373,EUR_PER_USD,4,v1.0,VALID,SYNTHETIC,hash_fx_001500,True
1501,FX_USD_INR,2026-01-20 00:00:00,2026-01-20 18:00:00,84.2687,INR_PER_USD,4,v1.0,VALID,SYNTHETIC,hash_fx_001501,True
1502,FX_USD_EUR,2026-01-20 00:00:00,2026-01-20 18:00:00,0.9365,EUR_PER_USD,4,v1.0,VALID,SYNTHETIC,hash_fx_001502,True
1503,FX_USD_INR,2026-01-21 00:00:00,2026-01-21 18:00:00,84.3267,INR_PER_USD,4,v1.0,VALID,SYNTHETIC,hash_fx_001503,True
1504,FX_USD_EUR,2026-01-21 00:00:00,2026-01-21 18:00:00,0.9405,EUR_PER_USD,4,v1.0,VALID,SYNTHETIC,hash_fx_001504,True
1505,FX_USD_INR,2026-01-22 00:00:00,2026-01-22 18:00:00,84.3385,INR_PER_USD,4,v1.0,VALID,SYNTHETIC,hash_fx_001505,True
1506,FX_USD_EUR,2026-01-22 00:00:00,2026-01-22 18:00:00,0.9378,EUR_PER_USD,4,v1.0,VALID,SYNTHETIC,hash_fx_001506,True
1507,FX_USD_INR,2026-01-23 00:00:00,2026-01-23 18:00:00,84.4072,INR_PER_USD,4,v1.0,VALID,SYNTHETIC,hash_fx_001507,True
1508,FX_USD_EUR,2026-01-23 00:00:00,2026-01-23 18:00:00,0.9395,EUR_PER_USD,4,v1.0,VALID,SYNTHETIC,hash_fx_001508,True
1509,FX_USD_INR,2026-01-24 00:00:00,2026-01-24 18:00:00,84.3857,INR_PER_USD,4,v1.0,VALID,SYNTHETIC,hash_fx_001509,True
1510,FX_USD_EUR,2026-01-24 00:00:00,2026-01-24 18:00:00,0.9364,EUR_PER_USD,4,v1.0,VALID,SYNTHETIC,hash_fx_001510,True
1511,FX_USD_INR,2026-01-25 00:00:00,2026-01-25 18:00:00,84.4224,INR_PER_USD,4,v1.0,VALID,SYNTHETIC,hash_fx_001511,True
1512,FX_USD_EUR,2026-01-25 00:00:00,2026-01-25 18:00:00,0.9393,EUR_PER_USD,4,v1.0,VALID,SYNTHETIC,hash_fx_001512,True
1513,FX_USD_INR,2026-01-26 00:00:00,2026-01-26 18:00:00,84.2017,INR_PER_USD,4,v1.0,VALID,SYNTHETIC,hash_fx_001513,True
1514,FX_USD_EUR,2026-01-26 00:00:00,2026-01-26 18:00:00,0.9349,EUR_PER_USD,4,v1.0,VALID,SYNTHETIC,hash_fx_001514,True
1515,FX_USD_INR,2026-01-27 00:00:00,2026-01-27 18:00:00,84.2792,INR_PER_USD,4,v1.0,VALID,SYNTHETIC,hash_fx_001515,True
1516,FX_USD_EUR,2026-01-27 00:00:00,2026-01-27 18:00:00,0.9375,EUR_PER_USD,4,v1.0,VALID,SYNTHETIC,hash_fx_001516,True
1517,FX_USD_INR,2026-01-28 00:00:00,2026-01-28 18:00:00,84.3284,INR_PER_USD,4,v1.0,VALID,SYNTHETIC,hash_fx_001517,True
1518,FX_USD_EUR,2026-01-28 00:00:00,2026-01-28 18:00:00,0.9358,EUR_PER_USD,4,v1.0,VALID,SYNTHETIC,hash_fx_001518,True
1519,FX_USD_INR,2026-01-29 00:00:00,2026-01-29 18:00:00,84.4738,INR_PER_USD,4,v1.0,VALID,SYNTHETIC,hash_fx_001519,True
1520,FX_USD_EUR,2026-01-29 00:00:00,2026-01-29 18:00:00,0.9366,EUR_PER_USD,4,v1.0,VALID,SYNTHETIC,hash_fx_001520,True
1521,FX_USD_INR,2026-01-30 00:00:00,2026-01-30 18:00:00,84.3956,INR_PER_USD,4,v1.0,VALID,SYNTHETIC,hash_fx_001521,True
1522,FX_USD_EUR,2026-01-30 00:00:00,2026-01-30 18:00:00,0.934,EUR_PER_USD,4,v1.0,VALID,SYNTHETIC,hash_fx_001522,True
1523,FX_USD_INR,2026-01-31 00:00:00,2026-01-31 18:00:00,84.3409,INR_PER_USD,4,v1.0,VALID,SYNTHETIC,hash_fx_001523,True
1524,FX_USD_EUR,2026-01-31 00:00:00,2026-01-31 18:00:00,0.9347,EUR_PER_USD,4,v1.0,VALID,SYNTHETIC,hash_fx_001524,True
1525,FX_USD_INR,2026-02-01 00:00:00,2026-02-01 18:00:00,84.2826,INR_PER_USD,4,v1.0,VALID,SYNTHETIC,hash_fx_001525,True
1526,FX_USD_EUR,2026-02-01 00:00:00,2026-02-01 18:00:00,0.9405,EUR_PER_USD,4,v1.0,VALID,SYNTHETIC,hash_fx_001526,True
1527,FX_USD_INR,2026-02-02 00:00:00,2026-02-02 18:00:00,84.3564,INR_PER_USD,4,v1.0,VALID,SYNTHETIC,hash_fx_001527,True
1528,FX_USD_EUR,2026-02-02 00:00:00,2026-02-02 18:00:00,0.9395,EUR_PER_USD,4,v1.0,VALID,SYNTHETIC,hash_fx_001528,True
1529,FX_USD_INR,2026-02-03 00:00:00,2026-02-03 18:00:00,84.1967,INR_PER_USD,4,v1.0,VALID,SYNTHETIC,hash_fx_001529,True
1530,FX_USD_EUR,2026-02-03 00:00:00,2026-02-03 18:00:00,0.939,EUR_PER_USD,4,v1.0,VALID,SYNTHETIC,hash_fx_001530,True
1531,FX_USD_INR,2026-02-04 00:00:00,2026-02-04 18:00:00,84.3934,INR_PER_USD,4,v1.0,VALID,SYNTHETIC,hash_fx_001531,True
1532,FX_USD_EUR,2026-02-04 00:00:00,2026-02-04 18:00:00,0.9352,EUR_PER_USD,4,v1.0,VALID,SYNTHETIC,hash_fx_001532,True
1533,FX_USD_INR,2026-02-05 00:00:00,2026-02-05 18:00:00,84.2095,INR_PER_USD,4,v1.0,VALID,SYNTHETIC,hash_fx_001533,True
1534,FX_USD_EUR,2026-02-05 00:00:00,2026-02-05 18:00:00,0.94,EUR_PER_USD,4,v1.0,VALID,SYNTHETIC,hash_fx_001534,True
1535,FX_USD_INR,2026-02-06 00:00:00,2026-02-06 18:00:00,84.4022,INR_PER_USD,4,v1.0,VALID,SYNTHETIC,hash_fx_001535,True
1536,FX_USD_EUR,2026-02-06 00:00:00,2026-02-06 18:00:00,0.9374,EUR_PER_USD,4,v1.0,VALID,SYNTHETIC,hash_fx_001536,True
1537,FX_USD_INR,2026-02-07 00:00:00,2026-02-07 18:00:00,84.2993,INR_PER_USD,4,v1.0,VALID,SYNTHETIC,hash_fx_001537,True
1538,FX_USD_EUR,2026-02-07 00:00:00,2026-02-07 18:00:00,0.9382,EUR_PER_USD,4,v1.0,VALID,SYNTHETIC,hash_fx_001538,True
1539,FX_USD_INR,2026-02-08 00:00:00,2026-02-08 18:00:00,84.4448,INR_PER_USD,4,v1.0,VALID,SYNTHETIC,hash_fx_001539,True
1540,FX_USD_EUR,2026-02-08 00:00:00,2026-02-08 18:00:00,0.9404,EUR_PER_USD,4,v1.0,VALID,SYNTHETIC,hash_fx_001540,True
1541,FX_USD_INR,2026-02-09 00:00:00,2026-02-09 18:00:00,84.3475,INR_PER_USD,4,v1.0,VALID,SYNTHETIC,hash_fx_001541,True
1542,FX_USD_EUR,2026-02-09 00:00:00,2026-02-09 18:00:00,0.9382,EUR_PER_USD,4,v1.0,VALID,SYNTHETIC,hash_fx_001542,True
1543,FX_USD_INR,2026-02-10 00:00:00,2026-02-10 18:00:00,84.3107,INR_PER_USD,4,v1.0,VALID,SYNTHETIC,hash_fx_001543,True
1544,FX_USD_EUR,2026-02-10 00:00:00,2026-02-10 18:00:00,0.9384,EUR_PER_USD,4,v1.0,VALID,SYNTHETIC,hash_fx_001544,True
1545,FX_USD_INR,2026-02-11 00:00:00,2026-02-11 18:00:00,84.4234,INR_PER_USD,4,v1.0,VALID,SYNTHETIC,hash_fx_001545,True
1546,FX_USD_EUR,2026-02-11 00:00:00,2026-02-11 18:00:00,0.9394,EUR_PER_USD,4,v1.0,VALID,SYNTHETIC,hash_fx_001546,True
1547,FX_USD_INR,2026-02-12 00:00:00,2026-02-12 18:00:00,84.4053,INR_PER_USD,4,v1.0,VALID,SYNTHETIC,hash_fx_001547,True
1548,FX_USD_EUR,2026-02-12 00:00:00,2026-02-12 18:00:00,0.9422,EUR_PER_USD,4,v1.0,VALID,SYNTHETIC,hash_fx_001548,True
1549,FX_USD_INR,2026-02-13 00:00:00,2026-02-13 18:00:00,84.19,INR_PER_USD,4,v1.0,VALID,SYNTHETIC,hash_fx_001549,True
1550,FX_USD_EUR,2026-02-13 00:00:00,2026-02-13 18:00:00,0.9387,EUR_PER_USD,4,v1.0,VALID,SYNTHETIC,hash_fx_001550,True
1551,FX_USD_INR,2026-02-14 00:00:00,2026-02-14 18:00:00,84.3861,INR_PER_USD,4,v1.0,VALID,SYNTHETIC,hash_fx_001551,True
1552,FX_USD_EUR,2026-02-14 00:00:00,2026-02-14 18:00:00,0.9403,EUR_PER_USD,4,v1.0,VALID,SYNTHETIC,hash_fx_001552,True
1553,FX_USD_INR,2026-02-15 00:00:00,2026-02-15 18:00:00,84.2661,INR_PER_USD,4,v1.0,VALID,SYNTHETIC,hash_fx_001553,True
1554,FX_USD_EUR,2026-02-15 00:00:00,2026-02-15 18:00:00,0.9382,EUR_PER_USD,4,v1.0,VALID,SYNTHETIC,hash_fx_001554,True
1555,FX_USD_INR,2026-02-16 00:00:00,2026-02-16 18:00:00,84.4197,INR_PER_USD,4,v1.0,VALID,SYNTHETIC,hash_fx_001555,True
1556,FX_USD_EUR,2026-02-16 00:00:00,2026-02-16 18:00:00,0.9379,EUR_PER_USD,4,v1.0,VALID,SYNTHETIC,hash_fx_001556,True
1557,FX_USD_INR,2026-02-17 00:00:00,2026-02-17 18:00:00,84.2745,INR_PER_USD,4,v1.0,VALID,SYNTHETIC,hash_fx_001557,True
1558,FX_USD_EUR,2026-02-17 00:00:00,2026-02-17 18:00:00,0.9403,EUR_PER_USD,4,v1.0,VALID,SYNTHETIC,hash_fx_001558,True
1559,FX_USD_INR,2026-02-18 00:00:00,2026-02-18 18:00:00,84.2735,INR_PER_USD,4,v1.0,VALID,SYNTHETIC,hash_fx_001559,True
1560,FX_USD_EUR,2026-02-18 00:00:00,2026-02-18 18:00:00,0.9366,EUR_PER_USD,4,v1.0,VALID,SYNTHETIC,hash_fx_001560,True
1561,FX_USD_INR,2026-02-19 00:00:00,2026-02-19 18:00:00,84.4678,INR_PER_USD,4,v1.0,VALID,SYNTHETIC,hash_fx_001561,True
1562,FX_USD_EUR,2026-02-19 00:00:00,2026-02-19 18:00:00,0.9398,EUR_PER_USD,4,v1.0,VALID,SYNTHETIC,hash_fx_001562,True
1563,FX_USD_INR,2026-02-20 00:00:00,2026-02-20 18:00:00,84.3393,INR_PER_USD,4,v1.0,VALID,SYNTHETIC,hash_fx_001563,True
1564,FX_USD_EUR,2026-02-20 00:00:00,2026-02-20 18:00:00,0.9352,EUR_PER_USD,4,v1.0,VALID,SYNTHETIC,hash_fx_001564,True
1565,FX_USD_INR,2026-02-21 00:00:00,2026-02-21 18:00:00,84.4614,INR_PER_USD,4,v1.0,VALID,SYNTHETIC,hash_fx_001565,True
1566,FX_USD_EUR,2026-02-21 00:00:00,2026-02-21 18:00:00,0.9405,EUR_PER_USD,4,v1.0,VALID,SYNTHETIC,hash_fx_001566,True
1567,FX_USD_INR,2026-02-22 00:00:00,2026-02-22 18:00:00,84.3758,INR_PER_USD,4,v1.0,VALID,SYNTHETIC,hash_fx_001567,True
1568,FX_USD_EUR,2026-02-22 00:00:00,2026-02-22 18:00:00,0.9382,EUR_PER_USD,4,v1.0,VALID,SYNTHETIC,hash_fx_001568,True
1569,FX_USD_INR,2026-02-23 00:00:00,2026-02-23 18:00:00,84.3465,INR_PER_USD,4,v1.0,VALID,SYNTHETIC,hash_fx_001569,True
1570,FX_USD_EUR,2026-02-23 00:00:00,2026-02-23 18:00:00,0.9378,EUR_PER_USD,4,v1.0,VALID,SYNTHETIC,hash_fx_001570,True
1571,FX_USD_INR,2026-02-24 00:00:00,2026-02-24 18:00:00,84.3443,INR_PER_USD,4,v1.0,VALID,SYNTHETIC,hash_fx_001571,True
1572,FX_USD_EUR,2026-02-24 00:00:00,2026-02-24 18:00:00,0.9412,EUR_PER_USD,4,v1.0,VALID,SYNTHETIC,hash_fx_001572,True
1573,FX_USD_INR,2026-02-25 00:00:00,2026-02-25 18:00:00,84.3709,INR_PER_USD,4,v1.0,VALID,SYNTHETIC,hash_fx_001573,True
1574,FX_USD_EUR,2026-02-25 00:00:00,2026-02-25 18:00:00,0.9401,EUR_PER_USD,4,v1.0,VALID,SYNTHETIC,hash_fx_001574,True
1575,FX_USD_INR,2026-02-26 00:00:00,2026-02-26 18:00:00,84.4147,INR_PER_USD,4,v1.0,VALID,SYNTHETIC,hash_fx_001575,True
1576,FX_USD_EUR,2026-02-26 00:00:00,2026-02-26 18:00:00,0.9362,EUR_PER_USD,4,v1.0,VALID,SYNTHETIC,hash_fx_001576,True
1577,FX_USD_INR,2026-02-27 00:00:00,2026-02-27 18:00:00,84.4004,INR_PER_USD,4,v1.0,VALID,SYNTHETIC,hash_fx_001577,True
1578,FX_USD_EUR,2026-02-27 00:00:00,2026-02-27 18:00:00,0.9442,EUR_PER_USD,4,v1.0,VALID,SYNTHETIC,hash_fx_001578,True
1579,FX_USD_INR,2026-02-28 00:00:00,2026-02-28 18:00:00,84.4538,INR_PER_USD,4,v1.0,VALID,SYNTHETIC,hash_fx_001579,True
1580,FX_USD_EUR,2026-02-28 00:00:00,2026-02-28 18:00:00,0.9389,EUR_PER_USD,4,v1.0,VALID,SYNTHETIC,hash_fx_001580,True
1581,FX_USD_INR,2026-03-01 00:00:00,2026-03-01 18:00:00,84.4138,INR_PER_USD,4,v1.0,VALID,SYNTHETIC,hash_fx_001581,True
1582,FX_USD_EUR,2026-03-01 00:00:00,2026-03-01 18:00:00,0.9417,EUR_PER_USD,4,v1.0,VALID,SYNTHETIC,hash_fx_001582,True
1583,FX_USD_INR,2026-03-02 00:00:00,2026-03-02 18:00:00,84.413,INR_PER_USD,4,v1.0,VALID,SYNTHETIC,hash_fx_001583,True
1584,FX_USD_EUR,2026-03-02 00:00:00,2026-03-02 18:00:00,0.9406,EUR_PER_USD,4,v1.0,VALID,SYNTHETIC,hash_fx_001584,True
1585,FX_USD_INR,2026-03-03 00:00:00,2026-03-03 18:00:00,84.3495,INR_PER_USD,4,v1.0,VALID,SYNTHETIC,hash_fx_001585,True
1586,FX_USD_EUR,2026-03-03 00:00:00,2026-03-03 18:00:00,0.9403,EUR_PER_USD,4,v1.0,VALID,SYNTHETIC,hash_fx_001586,True
1587,FX_USD_INR,2026-03-04 00:00:00,2026-03-04 18:00:00,84.4119,INR_PER_USD,4,v1.0,VALID,SYNTHETIC,hash_fx_001587,True
1588,FX_USD_EUR,2026-03-04 00:00:00,2026-03-04 18:00:00,0.9397,EUR_PER_USD,4,v1.0,VALID,SYNTHETIC,hash_fx_001588,True
1589,FX_USD_INR,2026-03-05 00:00:00,2026-03-05 18:00:00,84.4123,INR_PER_USD,4,v1.0,VALID,SYNTHETIC,hash_fx_001589,True
1590,FX_USD_EUR,2026-03-05 00:00:00,2026-03-05 18:00:00,0.9368,EUR_PER_USD,4,v1.0,VALID,SYNTHETIC,hash_fx_001590,True
1591,FX_USD_INR,2026-03-06 00:00:00,2026-03-06 18:00:00,84.4964,INR_PER_USD,4,v1.0,VALID,SYNTHETIC,hash_fx_001591,True
1592,FX_USD_EUR,2026-03-06 00:00:00,2026-03-06 18:00:00,0.9373,EUR_PER_USD,4,v1.0,VALID,SYNTHETIC,hash_fx_001592,True
1593,FX_USD_INR,2026-03-07 00:00:00,2026-03-07 18:00:00,84.2597,INR_PER_USD,4,v1.0,VALID,SYNTHETIC,hash_fx_001593,True
1594,FX_USD_EUR,2026-03-07 00:00:00,2026-03-07 18:00:00,0.9406,EUR_PER_USD,4,v1.0,VALID,SYNTHETIC,hash_fx_001594,True
1595,FX_USD_INR,2026-03-08 00:00:00,2026-03-08 18:00:00,84.4923,INR_PER_USD,4,v1.0,VALID,SYNTHETIC,hash_fx_001595,True
1596,FX_USD_EUR,2026-03-08 00:00:00,2026-03-08 18:00:00,0.9357,EUR_PER_USD,4,v1.0,VALID,SYNTHETIC,hash_fx_001596,True
1597,FX_USD_INR,2026-03-09 00:00:00,2026-03-09 18:00:00,84.3317,INR_PER_USD,4,v1.0,VALID,SYNTHETIC,hash_fx_001597,True
1598,FX_USD_EUR,2026-03-09 00:00:00,2026-03-09 18:00:00,0.9388,EUR_PER_USD,4,v1.0,VALID,SYNTHETIC,hash_fx_001598,True
1599,FX_USD_INR,2026-03-10 00:00:00,2026-03-10 18:00:00,84.2818,INR_PER_USD,4,v1.0,VALID,SYNTHETIC,hash_fx_001599,True
1600,FX_USD_EUR,2026-03-10 00:00:00,2026-03-10 18:00:00,0.9382,EUR_PER_USD,4,v1.0,VALID,SYNTHETIC,hash_fx_001600,True
1601,FX_USD_INR,2026-03-11 00:00:00,2026-03-11 18:00:00,84.4732,INR_PER_USD,4,v1.0,VALID,SYNTHETIC,hash_fx_001601,True
1602,FX_USD_EUR,2026-03-11 00:00:00,2026-03-11 18:00:00,0.9406,EUR_PER_USD,4,v1.0,VALID,SYNTHETIC,hash_fx_001602,True
1603,FX_USD_INR,2026-03-12 00:00:00,2026-03-12 18:00:00,84.3547,INR_PER_USD,4,v1.0,VALID,SYNTHETIC,hash_fx_001603,True
1604,FX_USD_EUR,2026-03-12 00:00:00,2026-03-12 18:00:00,0.9388,EUR_PER_USD,4,v1.0,VALID,SYNTHETIC,hash_fx_001604,True
1605,FX_USD_INR,2026-03-13 00:00:00,2026-03-13 18:00:00,84.2411,INR_PER_USD,4,v1.0,VALID,SYNTHETIC,hash_fx_001605,True
1606,FX_USD_EUR,2026-03-13 00:00:00,2026-03-13 18:00:00,0.941,EUR_PER_USD,4,v1.0,VALID,SYNTHETIC,hash_fx_001606,True
1607,FX_USD_INR,2026-03-14 00:00:00,2026-03-14 18:00:00,84.5663,INR_PER_USD,4,v1.0,VALID,SYNTHETIC,hash_fx_001607,True
1608,FX_USD_EUR,2026-03-14 00:00:00,2026-03-14 18:00:00,0.9372,EUR_PER_USD,4,v1.0,VALID,SYNTHETIC,hash_fx_001608,True
1609,FX_USD_INR,2026-03-15 00:00:00,2026-03-15 18:00:00,84.4246,INR_PER_USD,4,v1.0,VALID,SYNTHETIC,hash_fx_001609,True
1610,FX_USD_EUR,2026-03-15 00:00:00,2026-03-15 18:00:00,0.9384,EUR_PER_USD,4,v1.0,VALID,SYNTHETIC,hash_fx_001610,True
1611,FX_USD_INR,2026-03-16 00:00:00,2026-03-16 18:00:00,84.2945,INR_PER_USD,4,v1.0,VALID,SYNTHETIC,hash_fx_001611,True
1612,FX_USD_EUR,2026-03-16 00:00:00,2026-03-16 18:00:00,0.9393,EUR_PER_USD,4,v1.0,VALID,SYNTHETIC,hash_fx_001612,True
1613,FX_USD_INR,2026-03-17 00:00:00,2026-03-17 18:00:00,84.4366,INR_PER_USD,4,v1.0,VALID,SYNTHETIC,hash_fx_001613,True
1614,FX_USD_EUR,2026-03-17 00:00:00,2026-03-17 18:00:00,0.9429,EUR_PER_USD,4,v1.0,VALID,SYNTHETIC,hash_fx_001614,True
1615,FX_USD_INR,2026-03-18 00:00:00,2026-03-18 18:00:00,84.4192,INR_PER_USD,4,v1.0,VALID,SYNTHETIC,hash_fx_001615,True
1616,FX_USD_EUR,2026-03-18 00:00:00,2026-03-18 18:00:00,0.9381,EUR_PER_USD,4,v1.0,VALID,SYNTHETIC,hash_fx_001616,True
1617,FX_USD_INR,2026-03-19 00:00:00,2026-03-19 18:00:00,84.3913,INR_PER_USD,4,v1.0,VALID,SYNTHETIC,hash_fx_001617,True
1618,FX_USD_EUR,2026-03-19 00:00:00,2026-03-19 18:00:00,0.937,EUR_PER_USD,4,v1.0,VALID,SYNTHETIC,hash_fx_001618,True
1619,FX_USD_INR,2026-03-20 00:00:00,2026-03-20 18:00:00,84.2465,INR_PER_USD,4,v1.0,VALID,SYNTHETIC,hash_fx_001619,True
1620,FX_USD_EUR,2026-03-20 00:00:00,2026-03-20 18:00:00,0.9412,EUR_PER_USD,4,v1.0,VALID,SYNTHETIC,hash_fx_001620,True
1621,FX_USD_INR,2026-03-21 00:00:00,2026-03-21 18:00:00,84.3102,INR_PER_USD,4,v1.0,VALID,SYNTHETIC,hash_fx_001621,True
1622,FX_USD_EUR,2026-03-21 00:00:00,2026-03-21 18:00:00,0.9394,EUR_PER_USD,4,v1.0,VALID,SYNTHETIC,hash_fx_001622,True
1623,FX_USD_INR,2026-03-22 00:00:00,2026-03-22 18:00:00,84.4054,INR_PER_USD,4,v1.0,VALID,SYNTHETIC,hash_fx_001623,True
1624,FX_USD_EUR,2026-03-22 00:00:00,2026-03-22 18:00:00,0.9385,EUR_PER_USD,4,v1.0,VALID,SYNTHETIC,hash_fx_001624,True
1625,FX_USD_INR,2026-03-23 00:00:00,2026-03-23 18:00:00,84.387,INR_PER_USD,4,v1.0,VALID,SYNTHETIC,hash_fx_001625,True
1626,FX_USD_EUR,2026-03-23 00:00:00,2026-03-23 18:00:00,0.9384,EUR_PER_USD,4,v1.0,VALID,SYNTHETIC,hash_fx_001626,True
1627,FX_USD_INR,2026-03-24 00:00:00,2026-03-24 18:00:00,84.4659,INR_PER_USD,4,v1.0,VALID,SYNTHETIC,hash_fx_001627,True
1628,FX_USD_EUR,2026-03-24 00:00:00,2026-03-24 18:00:00,0.9384,EUR_PER_USD,4,v1.0,VALID,SYNTHETIC,hash_fx_001628,True
1629,FX_USD_INR,2026-03-25 00:00:00,2026-03-25 18:00:00,84.3067,INR_PER_USD,4,v1.0,VALID,SYNTHETIC,hash_fx_001629,True
1630,FX_USD_EUR,2026-03-25 00:00:00,2026-03-25 18:00:00,0.9379,EUR_PER_USD,4,v1.0,VALID,SYNTHETIC,hash_fx_001630,True
1631,FX_USD_INR,2026-03-26 00:00:00,2026-03-26 18:00:00,84.4214,INR_PER_USD,4,v1.0,VALID,SYNTHETIC,hash_fx_001631,True
1632,FX_USD_EUR,2026-03-26 00:00:00,2026-03-26 18:00:00,0.9431,EUR_PER_USD,4,v1.0,VALID,SYNTHETIC,hash_fx_001632,True
1633,FX_USD_INR,2026-03-27 00:00:00,2026-03-27 18:00:00,84.4192,INR_PER_USD,4,v1.0,VALID,SYNTHETIC,hash_fx_001633,True
1634,FX_USD_EUR,2026-03-27 00:00:00,2026-03-27 18:00:00,0.9411,EUR_PER_USD,4,v1.0,VALID,SYNTHETIC,hash_fx_001634,True
1635,FX_USD_INR,2026-03-28 00:00:00,2026-03-28 18:00:00,84.5981,INR_PER_USD,4,v1.0,VALID,SYNTHETIC,hash_fx_001635,True
1636,FX_USD_EUR,2026-03-28 00:00:00,2026-03-28 18:00:00,0.9397,EUR_PER_USD,4,v1.0,VALID,SYNTHETIC,hash_fx_001636,True
1637,FX_USD_INR,2026-03-29 00:00:00,2026-03-29 18:00:00,84.3678,INR_PER_USD,4,v1.0,VALID,SYNTHETIC,hash_fx_001637,True
1638,FX_USD_EUR,2026-03-29 00:00:00,2026-03-29 18:00:00,0.9357,EUR_PER_USD,4,v1.0,VALID,SYNTHETIC,hash_fx_001638,True
1639,FX_USD_INR,2026-03-30 00:00:00,2026-03-30 18:00:00,84.4333,INR_PER_USD,4,v1.0,VALID,SYNTHETIC,hash_fx_001639,True
1640,FX_USD_EUR,2026-03-30 00:00:00,2026-03-30 18:00:00,0.9397,EUR_PER_USD,4,v1.0,VALID,SYNTHETIC,hash_fx_001640,True
1641,FX_USD_INR,2026-03-31 00:00:00,2026-03-31 18:00:00,84.3289,INR_PER_USD,4,v1.0,VALID,SYNTHETIC,hash_fx_001641,True
1642,FX_USD_EUR,2026-03-31 00:00:00,2026-03-31 18:00:00,0.9419,EUR_PER_USD,4,v1.0,VALID,SYNTHETIC,hash_fx_001642,True
1643,FX_USD_INR,2026-04-01 00:00:00,2026-04-01 18:00:00,84.3457,INR_PER_USD,4,v1.0,VALID,SYNTHETIC,hash_fx_001643,True
1644,FX_USD_EUR,2026-04-01 00:00:00,2026-04-01 18:00:00,0.939,EUR_PER_USD,4,v1.0,VALID,SYNTHETIC,hash_fx_001644,True
1645,FX_USD_INR,2026-04-02 00:00:00,2026-04-02 18:00:00,84.4755,INR_PER_USD,4,v1.0,VALID,SYNTHETIC,hash_fx_001645,True
1646,FX_USD_EUR,2026-04-02 00:00:00,2026-04-02 18:00:00,0.9421,EUR_PER_USD,4,v1.0,VALID,SYNTHETIC,hash_fx_001646,True
1647,FX_USD_INR,2026-04-03 00:00:00,2026-04-03 18:00:00,84.4324,INR_PER_USD,4,v1.0,VALID,SYNTHETIC,hash_fx_001647,True
1648,FX_USD_EUR,2026-04-03 00:00:00,2026-04-03 18:00:00,0.9418,EUR_PER_USD,4,v1.0,VALID,SYNTHETIC,hash_fx_001648,True
1649,FX_USD_INR,2026-04-04 00:00:00,2026-04-04 18:00:00,84.3542,INR_PER_USD,4,v1.0,VALID,SYNTHETIC,hash_fx_001649,True
1650,FX_USD_EUR,2026-04-04 00:00:00,2026-04-04 18:00:00,0.9397,EUR_PER_USD,4,v1.0,VALID,SYNTHETIC,hash_fx_001650,True
1651,FX_USD_INR,2026-04-05 00:00:00,2026-04-05 18:00:00,84.5108,INR_PER_USD,4,v1.0,VALID,SYNTHETIC,hash_fx_001651,True
1652,FX_USD_EUR,2026-04-05 00:00:00,2026-04-05 18:00:00,0.9399,EUR_PER_USD,4,v1.0,VALID,SYNTHETIC,hash_fx_001652,True
1653,FX_USD_INR,2026-04-06 00:00:00,2026-04-06 18:00:00,84.5018,INR_PER_USD,4,v1.0,VALID,SYNTHETIC,hash_fx_001653,True
1654,FX_USD_EUR,2026-04-06 00:00:00,2026-04-06 18:00:00,0.9377,EUR_PER_USD,4,v1.0,VALID,SYNTHETIC,hash_fx_001654,True
1655,FX_USD_INR,2026-04-07 00:00:00,2026-04-07 18:00:00,84.3786,INR_PER_USD,4,v1.0,VALID,SYNTHETIC,hash_fx_001655,True
1656,FX_USD_EUR,2026-04-07 00:00:00,2026-04-07 18:00:00,0.9408,EUR_PER_USD,4,v1.0,VALID,SYNTHETIC,hash_fx_001656,True
1657,FX_USD_INR,2026-04-08 00:00:00,2026-04-08 18:00:00,84.5474,INR_PER_USD,4,v1.0,VALID,SYNTHETIC,hash_fx_001657,True
1658,FX_USD_EUR,2026-04-08 00:00:00,2026-04-08 18:00:00,0.9383,EUR_PER_USD,4,v1.0,VALID,SYNTHETIC,hash_fx_001658,True
1659,FX_USD_INR,2026-04-09 00:00:00,2026-04-09 18:00:00,84.563,INR_PER_USD,4,v1.0,VALID,SYNTHETIC,hash_fx_001659,True
1660,FX_USD_EUR,2026-04-09 00:00:00,2026-04-09 18:00:00,0.9398,EUR_PER_USD,4,v1.0,VALID,SYNTHETIC,hash_fx_001660,True
1661,FX_USD_INR,2026-04-10 00:00:00,2026-04-10 18:00:00,84.3242,INR_PER_USD,4,v1.0,VALID,SYNTHETIC,hash_fx_001661,True
1662,FX_USD_EUR,2026-04-10 00:00:00,2026-04-10 18:00:00,0.9423,EUR_PER_USD,4,v1.0,VALID,SYNTHETIC,hash_fx_001662,True
1663,FX_USD_INR,2026-04-11 00:00:00,2026-04-11 18:00:00,84.6828,INR_PER_USD,4,v1.0,VALID,SYNTHETIC,hash_fx_001663,True
1664,FX_USD_EUR,2026-04-11 00:00:00,2026-04-11 18:00:00,0.9437,EUR_PER_USD,4,v1.0,VALID,SYNTHETIC,hash_fx_001664,True
1665,FX_USD_INR,2026-04-12 00:00:00,2026-04-12 18:00:00,84.5721,INR_PER_USD,4,v1.0,VALID,SYNTHETIC,hash_fx_001665,True
1666,FX_USD_EUR,2026-04-12 00:00:00,2026-04-12 18:00:00,0.9402,EUR_PER_USD,4,v1.0,VALID,SYNTHETIC,hash_fx_001666,True
1667,FX_USD_INR,2026-04-13 00:00:00,2026-04-13 18:00:00,84.4702,INR_PER_USD,4,v1.0,VALID,SYNTHETIC,hash_fx_001667,True
1668,FX_USD_EUR,2026-04-13 00:00:00,2026-04-13 18:00:00,0.9414,EUR_PER_USD,4,v1.0,VALID,SYNTHETIC,hash_fx_001668,True
1669,FX_USD_INR,2026-04-14 00:00:00,2026-04-14 18:00:00,84.4304,INR_PER_USD,4,v1.0,VALID,SYNTHETIC,hash_fx_001669,True
1670,FX_USD_EUR,2026-04-14 00:00:00,2026-04-14 18:00:00,0.9394,EUR_PER_USD,4,v1.0,VALID,SYNTHETIC,hash_fx_001670,True
1671,FX_USD_INR,2026-04-15 00:00:00,2026-04-15 18:00:00,84.5137,INR_PER_USD,4,v1.0,VALID,SYNTHETIC,hash_fx_001671,True
1672,FX_USD_EUR,2026-04-15 00:00:00,2026-04-15 18:00:00,0.9403,EUR_PER_USD,4,v1.0,VALID,SYNTHETIC,hash_fx_001672,True
1673,FX_USD_INR,2026-04-16 00:00:00,2026-04-16 18:00:00,84.5716,INR_PER_USD,4,v1.0,VALID,SYNTHETIC,hash_fx_001673,True
1674,FX_USD_EUR,2026-04-16 00:00:00,2026-04-16 18:00:00,0.9426,EUR_PER_USD,4,v1.0,VALID,SYNTHETIC,hash_fx_001674,True
1675,FX_USD_INR,2026-04-17 00:00:00,2026-04-17 18:00:00,84.5428,INR_PER_USD,4,v1.0,VALID,SYNTHETIC,hash_fx_001675,True
1676,FX_USD_EUR,2026-04-17 00:00:00,2026-04-17 18:00:00,0.9406,EUR_PER_USD,4,v1.0,VALID,SYNTHETIC,hash_fx_001676,True
1677,FX_USD_INR,2026-04-18 00:00:00,2026-04-18 18:00:00,84.4561,INR_PER_USD,4,v1.0,VALID,SYNTHETIC,hash_fx_001677,True
1678,FX_USD_EUR,2026-04-18 00:00:00,2026-04-18 18:00:00,0.9422,EUR_PER_USD,4,v1.0,VALID,SYNTHETIC,hash_fx_001678,True
1679,FX_USD_INR,2026-04-19 00:00:00,2026-04-19 18:00:00,84.5135,INR_PER_USD,4,v1.0,VALID,SYNTHETIC,hash_fx_001679,True
1680,FX_USD_EUR,2026-04-19 00:00:00,2026-04-19 18:00:00,0.9402,EUR_PER_USD,4,v1.0,VALID,SYNTHETIC,hash_fx_001680,True
1681,FX_USD_INR,2026-04-20 00:00:00,2026-04-20 18:00:00,84.4563,INR_PER_USD,4,v1.0,VALID,SYNTHETIC,hash_fx_001681,True
1682,FX_USD_EUR,2026-04-20 00:00:00,2026-04-20 18:00:00,0.9399,EUR_PER_USD,4,v1.0,VALID,SYNTHETIC,hash_fx_001682,True
1683,FX_USD_INR,2026-04-21 00:00:00,2026-04-21 18:00:00,84.5445,INR_PER_USD,4,v1.0,VALID,SYNTHETIC,hash_fx_001683,True
1684,FX_USD_EUR,2026-04-21 00:00:00,2026-04-21 18:00:00,0.9385,EUR_PER_USD,4,v1.0,VALID,SYNTHETIC,hash_fx_001684,True
1685,FX_USD_INR,2026-04-22 00:00:00,2026-04-22 18:00:00,84.5975,INR_PER_USD,4,v1.0,VALID,SYNTHETIC,hash_fx_001685,True
1686,FX_USD_EUR,2026-04-22 00:00:00,2026-04-22 18:00:00,0.9368,EUR_PER_USD,4,v1.0,VALID,SYNTHETIC,hash_fx_001686,True
1687,FX_USD_INR,2026-04-23 00:00:00,2026-04-23 18:00:00,84.5921,INR_PER_USD,4,v1.0,VALID,SYNTHETIC,hash_fx_001687,True
1688,FX_USD_EUR,2026-04-23 00:00:00,2026-04-23 18:00:00,0.9422,EUR_PER_USD,4,v1.0,VALID,SYNTHETIC,hash_fx_001688,True
1689,FX_USD_INR,2026-04-24 00:00:00,2026-04-24 18:00:00,84.3133,INR_PER_USD,4,v1.0,VALID,SYNTHETIC,hash_fx_001689,True
1690,FX_USD_EUR,2026-04-24 00:00:00,2026-04-24 18:00:00,0.9397,EUR_PER_USD,4,v1.0,VALID,SYNTHETIC,hash_fx_001690,True
1691,FX_USD_INR,2026-04-25 00:00:00,2026-04-25 18:00:00,84.5945,INR_PER_USD,4,v1.0,VALID,SYNTHETIC,hash_fx_001691,True
1692,FX_USD_EUR,2026-04-25 00:00:00,2026-04-25 18:00:00,0.9403,EUR_PER_USD,4,v1.0,VALID,SYNTHETIC,hash_fx_001692,True
1693,FX_USD_INR,2026-04-26 00:00:00,2026-04-26 18:00:00,84.573,INR_PER_USD,4,v1.0,VALID,SYNTHETIC,hash_fx_001693,True
1694,FX_USD_EUR,2026-04-26 00:00:00,2026-04-26 18:00:00,0.9432,EUR_PER_USD,4,v1.0,VALID,SYNTHETIC,hash_fx_001694,True
1695,FX_USD_INR,2026-04-27 00:00:00,2026-04-27 18:00:00,84.4177,INR_PER_USD,4,v1.0,VALID,SYNTHETIC,hash_fx_001695,True
1696,FX_USD_EUR,2026-04-27 00:00:00,2026-04-27 18:00:00,0.9386,EUR_PER_USD,4,v1.0,VALID,SYNTHETIC,hash_fx_001696,True
1697,FX_USD_INR,2026-04-28 00:00:00,2026-04-28 18:00:00,84.3195,INR_PER_USD,4,v1.0,VALID,SYNTHETIC,hash_fx_001697,True
1698,FX_USD_EUR,2026-04-28 00:00:00,2026-04-28 18:00:00,0.9405,EUR_PER_USD,4,v1.0,VALID,SYNTHETIC,hash_fx_001698,True
1699,FX_USD_INR,2026-04-29 00:00:00,2026-04-29 18:00:00,84.4816,INR_PER_USD,4,v1.0,VALID,SYNTHETIC,hash_fx_001699,True
1700,FX_USD_EUR,2026-04-29 00:00:00,2026-04-29 18:00:00,0.9387,EUR_PER_USD,4,v1.0,VALID,SYNTHETIC,hash_fx_001700,True
1701,FX_USD_INR,2026-04-30 00:00:00,2026-04-30 18:00:00,84.6223,INR_PER_USD,4,v1.0,VALID,SYNTHETIC,hash_fx_001701,True
1702,FX_USD_EUR,2026-04-30 00:00:00,2026-04-30 18:00:00,0.9408,EUR_PER_USD,4,v1.0,VALID,SYNTHETIC,hash_fx_001702,True
1703,FX_USD_INR,2026-05-01 00:00:00,2026-05-01 18:00:00,84.3894,INR_PER_USD,4,v1.0,VALID,SYNTHETIC,hash_fx_001703,True
1704,FX_USD_EUR,2026-05-01 00:00:00,2026-05-01 18:00:00,0.9379,EUR_PER_USD,4,v1.0,VALID,SYNTHETIC,hash_fx_001704,True
1705,FX_USD_INR,2026-05-02 00:00:00,2026-05-02 18:00:00,84.6083,INR_PER_USD,4,v1.0,VALID,SYNTHETIC,hash_fx_001705,True
1706,FX_USD_EUR,2026-05-02 00:00:00,2026-05-02 18:00:00,0.9362,EUR_PER_USD,4,v1.0,VALID,SYNTHETIC,hash_fx_001706,True
1707,FX_USD_INR,2026-05-03 00:00:00,2026-05-03 18:00:00,84.4428,INR_PER_USD,4,v1.0,VALID,SYNTHETIC,hash_fx_001707,True
1708,FX_USD_EUR,2026-05-03 00:00:00,2026-05-03 18:00:00,0.9406,EUR_PER_USD,4,v1.0,VALID,SYNTHETIC,hash_fx_001708,True
1709,FX_USD_INR,2026-05-04 00:00:00,2026-05-04 18:00:00,84.4918,INR_PER_USD,4,v1.0,VALID,SYNTHETIC,hash_fx_001709,True
1710,FX_USD_EUR,2026-05-04 00:00:00,2026-05-04 18:00:00,0.9452,EUR_PER_USD,4,v1.0,VALID,SYNTHETIC,hash_fx_001710,True
1711,FX_USD_INR,2026-05-05 00:00:00,2026-05-05 18:00:00,84.7103,INR_PER_USD,4,v1.0,VALID,SYNTHETIC,hash_fx_001711,True
1712,FX_USD_EUR,2026-05-05 00:00:00,2026-05-05 18:00:00,0.9405,EUR_PER_USD,4,v1.0,VALID,SYNTHETIC,hash_fx_001712,True
1713,FX_USD_INR,2026-05-06 00:00:00,2026-05-06 18:00:00,84.5226,INR_PER_USD,4,v1.0,VALID,SYNTHETIC,hash_fx_001713,True
1714,FX_USD_EUR,2026-05-06 00:00:00,2026-05-06 18:00:00,0.9406,EUR_PER_USD,4,v1.0,VALID,SYNTHETIC,hash_fx_001714,True
1715,FX_USD_INR,2026-05-07 00:00:00,2026-05-07 18:00:00,84.4674,INR_PER_USD,4,v1.0,VALID,SYNTHETIC,hash_fx_001715,True
1716,FX_USD_EUR,2026-05-07 00:00:00,2026-05-07 18:00:00,0.9427,EUR_PER_USD,4,v1.0,VALID,SYNTHETIC,hash_fx_001716,True
1717,FX_USD_INR,2026-05-08 00:00:00,2026-05-08 18:00:00,84.6125,INR_PER_USD,4,v1.0,VALID,SYNTHETIC,hash_fx_001717,True
1718,FX_USD_EUR,2026-05-08 00:00:00,2026-05-08 18:00:00,0.9406,EUR_PER_USD,4,v1.0,VALID,SYNTHETIC,hash_fx_001718,True
1719,FX_USD_INR,2026-05-09 00:00:00,2026-05-09 18:00:00,84.5954,INR_PER_USD,4,v1.0,VALID,SYNTHETIC,hash_fx_001719,True
1720,FX_USD_EUR,2026-05-09 00:00:00,2026-05-09 18:00:00,0.9423,EUR_PER_USD,4,v1.0,VALID,SYNTHETIC,hash_fx_001720,True
1721,FX_USD_INR,2026-05-10 00:00:00,2026-05-10 18:00:00,84.6455,INR_PER_USD,4,v1.0,VALID,SYNTHETIC,hash_fx_001721,True
1722,FX_USD_EUR,2026-05-10 00:00:00,2026-05-10 18:00:00,0.9411,EUR_PER_USD,4,v1.0,VALID,SYNTHETIC,hash_fx_001722,True
1723,FX_USD_INR,2026-05-11 00:00:00,2026-05-11 18:00:00,84.5735,INR_PER_USD,4,v1.0,VALID,SYNTHETIC,hash_fx_001723,True
1724,FX_USD_EUR,2026-05-11 00:00:00,2026-05-11 18:00:00,0.9393,EUR_PER_USD,4,v1.0,VALID,SYNTHETIC,hash_fx_001724,True
1725,FX_USD_INR,2026-05-12 00:00:00,2026-05-12 18:00:00,84.5869,INR_PER_USD,4,v1.0,VALID,SYNTHETIC,hash_fx_001725,True
1726,FX_USD_EUR,2026-05-12 00:00:00,2026-05-12 18:00:00,0.9417,EUR_PER_USD,4,v1.0,VALID,SYNTHETIC,hash_fx_001726,True
1727,FX_USD_INR,2026-05-13 00:00:00,2026-05-13 18:00:00,84.4321,INR_PER_USD,4,v1.0,VALID,SYNTHETIC,hash_fx_001727,True
1728,FX_USD_EUR,2026-05-13 00:00:00,2026-05-13 18:00:00,0.9434,EUR_PER_USD,4,v1.0,VALID,SYNTHETIC,hash_fx_001728,True
1729,FX_USD_INR,2026-05-14 00:00:00,2026-05-14 18:00:00,84.5565,INR_PER_USD,4,v1.0,VALID,SYNTHETIC,hash_fx_001729,True
1730,FX_USD_EUR,2026-05-14 00:00:00,2026-05-14 18:00:00,0.9419,EUR_PER_USD,4,v1.0,VALID,SYNTHETIC,hash_fx_001730,True
1731,FX_USD_INR,2026-05-15 00:00:00,2026-05-15 18:00:00,84.6544,INR_PER_USD,4,v1.0,VALID,SYNTHETIC,hash_fx_001731,True
1732,FX_USD_EUR,2026-05-15 00:00:00,2026-05-15 18:00:00,0.9417,EUR_PER_USD,4,v1.0,VALID,SYNTHETIC,hash_fx_001732,True
1733,FX_USD_INR,2026-05-16 00:00:00,2026-05-16 18:00:00,84.4631,INR_PER_USD,4,v1.0,VALID,SYNTHETIC,hash_fx_001733,True
1734,FX_USD_EUR,2026-05-16 00:00:00,2026-05-16 18:00:00,0.9419,EUR_PER_USD,4,v1.0,VALID,SYNTHETIC,hash_fx_001734,True
1735,FX_USD_INR,2026-05-17 00:00:00,2026-05-17 18:00:00,84.5581,INR_PER_USD,4,v1.0,VALID,SYNTHETIC,hash_fx_001735,True
1736,FX_USD_EUR,2026-05-17 00:00:00,2026-05-17 18:00:00,0.9395,EUR_PER_USD,4,v1.0,VALID,SYNTHETIC,hash_fx_001736,True
1737,FX_USD_INR,2026-05-18 00:00:00,2026-05-18 18:00:00,84.4731,INR_PER_USD,4,v1.0,VALID,SYNTHETIC,hash_fx_001737,True
1738,FX_USD_EUR,2026-05-18 00:00:00,2026-05-18 18:00:00,0.9434,EUR_PER_USD,4,v1.0,VALID,SYNTHETIC,hash_fx_001738,True
1739,FX_USD_INR,2026-05-19 00:00:00,2026-05-19 18:00:00,84.5082,INR_PER_USD,4,v1.0,VALID,SYNTHETIC,hash_fx_001739,True
1740,FX_USD_EUR,2026-05-19 00:00:00,2026-05-19 18:00:00,0.9434,EUR_PER_USD,4,v1.0,VALID,SYNTHETIC,hash_fx_001740,True
1741,FX_USD_INR,2026-05-20 00:00:00,2026-05-20 18:00:00,84.6319,INR_PER_USD,4,v1.0,VALID,SYNTHETIC,hash_fx_001741,True
1742,FX_USD_EUR,2026-05-20 00:00:00,2026-05-20 18:00:00,0.9444,EUR_PER_USD,4,v1.0,VALID,SYNTHETIC,hash_fx_001742,True
1743,FX_USD_INR,2026-05-21 00:00:00,2026-05-21 18:00:00,84.5772,INR_PER_USD,4,v1.0,VALID,SYNTHETIC,hash_fx_001743,True
1744,FX_USD_EUR,2026-05-21 00:00:00,2026-05-21 18:00:00,0.9403,EUR_PER_USD,4,v1.0,VALID,SYNTHETIC,hash_fx_001744,True
1745,FX_USD_INR,2026-05-22 00:00:00,2026-05-22 18:00:00,84.5635,INR_PER_USD,4,v1.0,VALID,SYNTHETIC,hash_fx_001745,True
1746,FX_USD_EUR,2026-05-22 00:00:00,2026-05-22 18:00:00,0.9411,EUR_PER_USD,4,v1.0,VALID,SYNTHETIC,hash_fx_001746,True
1747,FX_USD_INR,2026-05-23 00:00:00,2026-05-23 18:00:00,84.6158,INR_PER_USD,4,v1.0,VALID,SYNTHETIC,hash_fx_001747,True
1748,FX_USD_EUR,2026-05-23 00:00:00,2026-05-23 18:00:00,0.941,EUR_PER_USD,4,v1.0,VALID,SYNTHETIC,hash_fx_001748,True
1749,FX_USD_INR,2026-05-24 00:00:00,2026-05-24 18:00:00,84.5509,INR_PER_USD,4,v1.0,VALID,SYNTHETIC,hash_fx_001749,True
1750,FX_USD_EUR,2026-05-24 00:00:00,2026-05-24 18:00:00,0.9442,EUR_PER_USD,4,v1.0,VALID,SYNTHETIC,hash_fx_001750,True
1751,FX_USD_INR,2026-05-25 00:00:00,2026-05-25 18:00:00,84.492,INR_PER_USD,4,v1.0,VALID,SYNTHETIC,hash_fx_001751,True
1752,FX_USD_EUR,2026-05-25 00:00:00,2026-05-25 18:00:00,0.9413,EUR_PER_USD,4,v1.0,VALID,SYNTHETIC,hash_fx_001752,True
1753,FX_USD_INR,2026-05-26 00:00:00,2026-05-26 18:00:00,84.5406,INR_PER_USD,4,v1.0,VALID,SYNTHETIC,hash_fx_001753,True
1754,FX_USD_EUR,2026-05-26 00:00:00,2026-05-26 18:00:00,0.9424,EUR_PER_USD,4,v1.0,VALID,SYNTHETIC,hash_fx_001754,True
1755,FX_USD_INR,2026-05-27 00:00:00,2026-05-27 18:00:00,84.5702,INR_PER_USD,4,v1.0,VALID,SYNTHETIC,hash_fx_001755,True
1756,FX_USD_EUR,2026-05-27 00:00:00,2026-05-27 18:00:00,0.9429,EUR_PER_USD,4,v1.0,VALID,SYNTHETIC,hash_fx_001756,True
1757,FX_USD_INR,2026-05-28 00:00:00,2026-05-28 18:00:00,84.4864,INR_PER_USD,4,v1.0,VALID,SYNTHETIC,hash_fx_001757,True
1758,FX_USD_EUR,2026-05-28 00:00:00,2026-05-28 18:00:00,0.9403,EUR_PER_USD,4,v1.0,VALID,SYNTHETIC,hash_fx_001758,True
1759,FX_USD_INR,2026-05-29 00:00:00,2026-05-29 18:00:00,84.5057,INR_PER_USD,4,v1.0,VALID,SYNTHETIC,hash_fx_001759,True
1760,FX_USD_EUR,2026-05-29 00:00:00,2026-05-29 18:00:00,0.9406,EUR_PER_USD,4,v1.0,VALID,SYNTHETIC,hash_fx_001760,True
1761,FX_USD_INR,2026-05-30 00:00:00,2026-05-30 18:00:00,84.5024,INR_PER_USD,4,v1.0,VALID,SYNTHETIC,hash_fx_001761,True
1762,FX_USD_EUR,2026-05-30 00:00:00,2026-05-30 18:00:00,0.94,EUR_PER_USD,4,v1.0,VALID,SYNTHETIC,hash_fx_001762,True
1763,FX_USD_INR,2026-05-31 00:00:00,2026-05-31 18:00:00,84.7214,INR_PER_USD,4,v1.0,VALID,SYNTHETIC,hash_fx_001763,True
1764,FX_USD_EUR,2026-05-31 00:00:00,2026-05-31 18:00:00,0.9404,EUR_PER_USD,4,v1.0,VALID,SYNTHETIC,hash_fx_001764,True
1765,FX_USD_INR,2026-06-01 00:00:00,2026-06-01 18:00:00,84.5576,INR_PER_USD,4,v1.0,VALID,SYNTHETIC,hash_fx_001765,True
1766,FX_USD_EUR,2026-06-01 00:00:00,2026-06-01 18:00:00,0.9398,EUR_PER_USD,4,v1.0,VALID,SYNTHETIC,hash_fx_001766,True
1767,FX_USD_INR,2026-06-02 00:00:00,2026-06-02 18:00:00,84.5223,INR_PER_USD,4,v1.0,VALID,SYNTHETIC,hash_fx_001767,True
1768,FX_USD_EUR,2026-06-02 00:00:00,2026-06-02 18:00:00,0.9397,EUR_PER_USD,4,v1.0,VALID,SYNTHETIC,hash_fx_001768,True
1769,FX_USD_INR,2026-06-03 00:00:00,2026-06-03 18:00:00,84.5287,INR_PER_USD,4,v1.0,VALID,SYNTHETIC,hash_fx_001769,True
1770,FX_USD_EUR,2026-06-03 00:00:00,2026-06-03 18:00:00,0.9414,EUR_PER_USD,4,v1.0,VALID,SYNTHETIC,hash_fx_001770,True
1771,FX_USD_INR,2026-06-04 00:00:00,2026-06-04 18:00:00,84.4943,INR_PER_USD,4,v1.0,VALID,SYNTHETIC,hash_fx_001771,True
1772,FX_USD_EUR,2026-06-04 00:00:00,2026-06-04 18:00:00,0.9423,EUR_PER_USD,4,v1.0,VALID,SYNTHETIC,hash_fx_001772,True
1773,FX_USD_INR,2026-06-05 00:00:00,2026-06-05 18:00:00,84.647,INR_PER_USD,4,v1.0,VALID,SYNTHETIC,hash_fx_001773,True
1774,FX_USD_EUR,2026-06-05 00:00:00,2026-06-05 18:00:00,0.94,EUR_PER_USD,4,v1.0,VALID,SYNTHETIC,hash_fx_001774,True
1775,FX_USD_INR,2026-06-06 00:00:00,2026-06-06 18:00:00,84.599,INR_PER_USD,4,v1.0,VALID,SYNTHETIC,hash_fx_001775,True
1776,FX_USD_EUR,2026-06-06 00:00:00,2026-06-06 18:00:00,0.9407,EUR_PER_USD,4,v1.0,VALID,SYNTHETIC,hash_fx_001776,True
1777,FX_USD_INR,2026-06-07 00:00:00,2026-06-07 18:00:00,84.5541,INR_PER_USD,4,v1.0,VALID,SYNTHETIC,hash_fx_001777,True
1778,FX_USD_EUR,2026-06-07 00:00:00,2026-06-07 18:00:00,0.944,EUR_PER_USD,4,v1.0,VALID,SYNTHETIC,hash_fx_001778,True
1779,FX_USD_INR,2026-06-08 00:00:00,2026-06-08 18:00:00,84.5221,INR_PER_USD,4,v1.0,VALID,SYNTHETIC,hash_fx_001779,True
1780,FX_USD_EUR,2026-06-08 00:00:00,2026-06-08 18:00:00,0.942,EUR_PER_USD,4,v1.0,VALID,SYNTHETIC,hash_fx_001780,True
1781,FX_USD_INR,2026-06-09 00:00:00,2026-06-09 18:00:00,84.5563,INR_PER_USD,4,v1.0,VALID,SYNTHETIC,hash_fx_001781,True
1782,FX_USD_EUR,2026-06-09 00:00:00,2026-06-09 18:00:00,0.9436,EUR_PER_USD,4,v1.0,VALID,SYNTHETIC,hash_fx_001782,True
1783,FX_USD_INR,2026-06-10 00:00:00,2026-06-10 18:00:00,84.6244,INR_PER_USD,4,v1.0,VALID,SYNTHETIC,hash_fx_001783,True
1784,FX_USD_EUR,2026-06-10 00:00:00,2026-06-10 18:00:00,0.9413,EUR_PER_USD,4,v1.0,VALID,SYNTHETIC,hash_fx_001784,True
1785,FX_USD_INR,2026-06-11 00:00:00,2026-06-11 18:00:00,84.5678,INR_PER_USD,4,v1.0,VALID,SYNTHETIC,hash_fx_001785,True
1786,FX_USD_EUR,2026-06-11 00:00:00,2026-06-11 18:00:00,0.941,EUR_PER_USD,4,v1.0,VALID,SYNTHETIC,hash_fx_001786,True
1787,FX_USD_INR,2026-06-12 00:00:00,2026-06-12 18:00:00,84.5829,INR_PER_USD,4,v1.0,VALID,SYNTHETIC,hash_fx_001787,True
1788,FX_USD_EUR,2026-06-12 00:00:00,2026-06-12 18:00:00,0.9414,EUR_PER_USD,4,v1.0,VALID,SYNTHETIC,hash_fx_001788,True
1789,FX_USD_INR,2026-06-13 00:00:00,2026-06-13 18:00:00,84.4397,INR_PER_USD,4,v1.0,VALID,SYNTHETIC,hash_fx_001789,True
1790,FX_USD_EUR,2026-06-13 00:00:00,2026-06-13 18:00:00,0.9426,EUR_PER_USD,4,v1.0,VALID,SYNTHETIC,hash_fx_001790,True
1791,FX_USD_INR,2026-06-14 00:00:00,2026-06-14 18:00:00,84.5768,INR_PER_USD,4,v1.0,VALID,SYNTHETIC,hash_fx_001791,True
1792,FX_USD_EUR,2026-06-14 00:00:00,2026-06-14 18:00:00,0.9398,EUR_PER_USD,4,v1.0,VALID,SYNTHETIC,hash_fx_001792,True
1793,FX_USD_INR,2026-06-15 00:00:00,2026-06-15 18:00:00,84.5716,INR_PER_USD,4,v1.0,VALID,SYNTHETIC,hash_fx_001793,True
1794,FX_USD_EUR,2026-06-15 00:00:00,2026-06-15 18:00:00,0.9398,EUR_PER_USD,4,v1.0,VALID,SYNTHETIC,hash_fx_001794,True
1795,FX_USD_INR,2026-06-16 00:00:00,2026-06-16 18:00:00,84.6158,INR_PER_USD,4,v1.0,VALID,SYNTHETIC,hash_fx_001795,True
1796,FX_USD_EUR,2026-06-16 00:00:00,2026-06-16 18:00:00,0.9429,EUR_PER_USD,4,v1.0,VALID,SYNTHETIC,hash_fx_001796,True
1797,FX_USD_INR,2026-06-17 00:00:00,2026-06-17 18:00:00,84.5675,INR_PER_USD,4,v1.0,VALID,SYNTHETIC,hash_fx_001797,True
1798,FX_USD_EUR,2026-06-17 00:00:00,2026-06-17 18:00:00,0.9401,EUR_PER_USD,4,v1.0,VALID,SYNTHETIC,hash_fx_001798,True
1799,FX_USD_INR,2026-06-18 00:00:00,2026-06-18 18:00:00,84.6455,INR_PER_USD,4,v1.0,VALID,SYNTHETIC,hash_fx_001799,True
1800,FX_USD_EUR,2026-06-18 00:00:00,2026-06-18 18:00:00,0.9429,EUR_PER_USD,4,v1.0,VALID,SYNTHETIC,hash_fx_001800,True
1801,FX_USD_INR,2026-06-19 00:00:00,2026-06-19 18:00:00,84.586,INR_PER_USD,4,v1.0,VALID,SYNTHETIC,hash_fx_001801,True
1802,FX_USD_EUR,2026-06-19 00:00:00,2026-06-19 18:00:00,0.9423,EUR_PER_USD,4,v1.0,VALID,SYNTHETIC,hash_fx_001802,True
1803,FX_USD_INR,2026-06-20 00:00:00,2026-06-20 18:00:00,84.5928,INR_PER_USD,4,v1.0,VALID,SYNTHETIC,hash_fx_001803,True
1804,FX_USD_EUR,2026-06-20 00:00:00,2026-06-20 18:00:00,0.9423,EUR_PER_USD,4,v1.0,VALID,SYNTHETIC,hash_fx_001804,True
1805,FX_USD_INR,2026-06-21 00:00:00,2026-06-21 18:00:00,84.7377,INR_PER_USD,4,v1.0,VALID,SYNTHETIC,hash_fx_001805,True
1806,FX_USD_EUR,2026-06-21 00:00:00,2026-06-21 18:00:00,0.9456,EUR_PER_USD,4,v1.0,VALID,SYNTHETIC,hash_fx_001806,True
1807,FX_USD_INR,2026-06-22 00:00:00,2026-06-22 18:00:00,84.7127,INR_PER_USD,4,v1.0,VALID,SYNTHETIC,hash_fx_001807,True
1808,FX_USD_EUR,2026-06-22 00:00:00,2026-06-22 18:00:00,0.9424,EUR_PER_USD,4,v1.0,VALID,SYNTHETIC,hash_fx_001808,True
1809,FX_USD_INR,2026-06-23 00:00:00,2026-06-23 18:00:00,84.5366,INR_PER_USD,4,v1.0,VALID,SYNTHETIC,hash_fx_001809,True
1810,FX_USD_EUR,2026-06-23 00:00:00,2026-06-23 18:00:00,0.9396,EUR_PER_USD,4,v1.0,VALID,SYNTHETIC,hash_fx_001810,True
1811,FX_USD_INR,2026-06-24 00:00:00,2026-06-24 18:00:00,84.7062,INR_PER_USD,4,v1.0,VALID,SYNTHETIC,hash_fx_001811,True
1812,FX_USD_EUR,2026-06-24 00:00:00,2026-06-24 18:00:00,0.941,EUR_PER_USD,4,v1.0,VALID,SYNTHETIC,hash_fx_001812,True
1813,FX_USD_INR,2026-06-25 00:00:00,2026-06-25 18:00:00,84.5145,INR_PER_USD,4,v1.0,VALID,SYNTHETIC,hash_fx_001813,True
1814,FX_USD_EUR,2026-06-25 00:00:00,2026-06-25 18:00:00,0.94,EUR_PER_USD,4,v1.0,VALID,SYNTHETIC,hash_fx_001814,True
1815,FX_USD_INR,2026-06-26 00:00:00,2026-06-26 18:00:00,84.6985,INR_PER_USD,4,v1.0,VALID,SYNTHETIC,hash_fx_001815,True
1816,FX_USD_EUR,2026-06-26 00:00:00,2026-06-26 18:00:00,0.9431,EUR_PER_USD,4,v1.0,VALID,SYNTHETIC,hash_fx_001816,True
1817,FX_USD_INR,2026-06-27 00:00:00,2026-06-27 18:00:00,84.6595,INR_PER_USD,4,v1.0,VALID,SYNTHETIC,hash_fx_001817,True
1818,FX_USD_EUR,2026-06-27 00:00:00,2026-06-27 18:00:00,0.9437,EUR_PER_USD,4,v1.0,VALID,SYNTHETIC,hash_fx_001818,True
1819,FX_USD_INR,2026-06-28 00:00:00,2026-06-28 18:00:00,84.5327,INR_PER_USD,4,v1.0,VALID,SYNTHETIC,hash_fx_001819,True
1820,FX_USD_EUR,2026-06-28 00:00:00,2026-06-28 18:00:00,0.942,EUR_PER_USD,4,v1.0,VALID,SYNTHETIC,hash_fx_001820,True
1821,FX_USD_INR,2026-06-29 00:00:00,2026-06-29 18:00:00,84.4821,INR_PER_USD,4,v1.0,VALID,SYNTHETIC,hash_fx_001821,True
1822,FX_USD_EUR,2026-06-29 00:00:00,2026-06-29 18:00:00,0.9434,EUR_PER_USD,4,v1.0,VALID,SYNTHETIC,hash_fx_001822,True
1823,FX_USD_INR,2026-06-30 00:00:00,2026-06-30 18:00:00,84.5357,INR_PER_USD,4,v1.0,VALID,SYNTHETIC,hash_fx_001823,True
1824,FX_USD_EUR,2026-06-30 00:00:00,2026-06-30 18:00:00,0.9453,EUR_PER_USD,4,v1.0,VALID,SYNTHETIC,hash_fx_001824,True
1825,FX_USD_INR,2026-07-01 00:00:00,2026-07-01 18:00:00,84.663,INR_PER_USD,4,v1.0,VALID,SYNTHETIC,hash_fx_001825,True
1826,FX_USD_EUR,2026-07-01 00:00:00,2026-07-01 18:00:00,0.9428,EUR_PER_USD,4,v1.0,VALID,SYNTHETIC,hash_fx_001826,True
1827,FX_USD_INR,2026-07-02 00:00:00,2026-07-02 18:00:00,84.7075,INR_PER_USD,4,v1.0,VALID,SYNTHETIC,hash_fx_001827,True
1828,FX_USD_EUR,2026-07-02 00:00:00,2026-07-02 18:00:00,0.9419,EUR_PER_USD,4,v1.0,VALID,SYNTHETIC,hash_fx_001828,True
1829,FX_USD_INR,2026-07-03 00:00:00,2026-07-03 18:00:00,84.6681,INR_PER_USD,4,v1.0,VALID,SYNTHETIC,hash_fx_001829,True
1830,FX_USD_EUR,2026-07-03 00:00:00,2026-07-03 18:00:00,0.9402,EUR_PER_USD,4,v1.0,VALID,SYNTHETIC,hash_fx_001830,True
1831,FX_USD_INR,2026-07-04 00:00:00,2026-07-04 18:00:00,84.6438,INR_PER_USD,4,v1.0,VALID,SYNTHETIC,hash_fx_001831,True
1832,FX_USD_EUR,2026-07-04 00:00:00,2026-07-04 18:00:00,0.9471,EUR_PER_USD,4,v1.0,VALID,SYNTHETIC,hash_fx_001832,True
1833,FX_USD_INR,2026-07-05 00:00:00,2026-07-05 18:00:00,84.5902,INR_PER_USD,4,v1.0,VALID,SYNTHETIC,hash_fx_001833,True
1834,FX_USD_EUR,2026-07-05 00:00:00,2026-07-05 18:00:00,0.9418,EUR_PER_USD,4,v1.0,VALID,SYNTHETIC,hash_fx_001834,True
1835,FX_USD_INR,2026-07-06 00:00:00,2026-07-06 18:00:00,84.8484,INR_PER_USD,4,v1.0,VALID,SYNTHETIC,hash_fx_001835,True
1836,FX_USD_EUR,2026-07-06 00:00:00,2026-07-06 18:00:00,0.9453,EUR_PER_USD,4,v1.0,VALID,SYNTHETIC,hash_fx_001836,True
1837,FX_USD_INR,2026-07-07 00:00:00,2026-07-07 18:00:00,84.8158,INR_PER_USD,4,v1.0,VALID,SYNTHETIC,hash_fx_001837,True
1838,FX_USD_EUR,2026-07-07 00:00:00,2026-07-07 18:00:00,0.9456,EUR_PER_USD,4,v1.0,VALID,SYNTHETIC,hash_fx_001838,True
1839,FX_USD_INR,2026-07-08 00:00:00,2026-07-08 18:00:00,84.7005,INR_PER_USD,4,v1.0,VALID,SYNTHETIC,hash_fx_001839,True
1840,FX_USD_EUR,2026-07-08 00:00:00,2026-07-08 18:00:00,0.9465,EUR_PER_USD,4,v1.0,VALID,SYNTHETIC,hash_fx_001840,True
1841,FX_USD_INR,2026-07-09 00:00:00,2026-07-09 18:00:00,84.5682,INR_PER_USD,4,v1.0,VALID,SYNTHETIC,hash_fx_001841,True
1842,FX_USD_EUR,2026-07-09 00:00:00,2026-07-09 18:00:00,0.9451,EUR_PER_USD,4,v1.0,VALID,SYNTHETIC,hash_fx_001842,True
1843,FX_USD_INR,2026-07-10 00:00:00,2026-07-10 18:00:00,84.618,INR_PER_USD,4,v1.0,VALID,SYNTHETIC,hash_fx_001843,True
1844,FX_USD_EUR,2026-07-10 00:00:00,2026-07-10 18:00:00,0.9443,EUR_PER_USD,4,v1.0,VALID,SYNTHETIC,hash_fx_001844,True
1845,FX_USD_INR,2026-07-11 00:00:00,2026-07-11 18:00:00,84.5543,INR_PER_USD,4,v1.0,VALID,SYNTHETIC,hash_fx_001845,True
1846,FX_USD_EUR,2026-07-11 00:00:00,2026-07-11 18:00:00,0.9379,EUR_PER_USD,4,v1.0,VALID,SYNTHETIC,hash_fx_001846,True
1847,FX_USD_INR,2026-07-12 00:00:00,2026-07-12 18:00:00,84.7355,INR_PER_USD,4,v1.0,VALID,SYNTHETIC,hash_fx_001847,True
1848,FX_USD_EUR,2026-07-12 00:00:00,2026-07-12 18:00:00,0.9445,EUR_PER_USD,4,v1.0,VALID,SYNTHETIC,hash_fx_001848,True
1849,FX_USD_INR,2026-07-13 00:00:00,2026-07-13 18:00:00,84.624,INR_PER_USD,4,v1.0,VALID,SYNTHETIC,hash_fx_001849,True
1850,FX_USD_EUR,2026-07-13 00:00:00,2026-07-13 18:00:00,0.945,EUR_PER_USD,4,v1.0,VALID,SYNTHETIC,hash_fx_001850,True
1851,FX_USD_INR,2026-07-14 00:00:00,2026-07-14 18:00:00,84.7774,INR_PER_USD,4,v1.0,VALID,SYNTHETIC,hash_fx_001851,True
1852,FX_USD_EUR,2026-07-14 00:00:00,2026-07-14 18:00:00,0.9431,EUR_PER_USD,4,v1.0,VALID,SYNTHETIC,hash_fx_001852,True
1853,FX_USD_INR,2026-07-15 00:00:00,2026-07-15 18:00:00,84.6734,INR_PER_USD,4,v1.0,VALID,SYNTHETIC,hash_fx_001853,True
1854,FX_USD_EUR,2026-07-15 00:00:00,2026-07-15 18:00:00,0.946,EUR_PER_USD,4,v1.0,VALID,SYNTHETIC,hash_fx_001854,True
1855,FX_USD_INR,2026-07-16 00:00:00,2026-07-16 18:00:00,84.7543,INR_PER_USD,4,v1.0,VALID,SYNTHETIC,hash_fx_001855,True
1856,FX_USD_EUR,2026-07-16 00:00:00,2026-07-16 18:00:00,0.9441,EUR_PER_USD,4,v1.0,VALID,SYNTHETIC,hash_fx_001856,True
1857,FX_USD_INR,2026-07-17 00:00:00,2026-07-17 18:00:00,84.6523,INR_PER_USD,4,v1.0,VALID,SYNTHETIC,hash_fx_001857,True
1858,FX_USD_EUR,2026-07-17 00:00:00,2026-07-17 18:00:00,0.942,EUR_PER_USD,4,v1.0,VALID,SYNTHETIC,hash_fx_001858,True
1859,FX_USD_INR,2026-07-18 00:00:00,2026-07-18 18:00:00,84.5777,INR_PER_USD,4,v1.0,VALID,SYNTHETIC,hash_fx_001859,True
1860,FX_USD_EUR,2026-07-18 00:00:00,2026-07-18 18:00:00,0.9428,EUR_PER_USD,4,v1.0,VALID,SYNTHETIC,hash_fx_001860,True
1861,FX_USD_INR,2026-07-19 00:00:00,2026-07-19 18:00:00,84.6414,INR_PER_USD,4,v1.0,VALID,SYNTHETIC,hash_fx_001861,True
1862,FX_USD_EUR,2026-07-19 00:00:00,2026-07-19 18:00:00,0.9437,EUR_PER_USD,4,v1.0,VALID,SYNTHETIC,hash_fx_001862,True
1863,FX_USD_INR,2026-07-20 00:00:00,2026-07-20 18:00:00,84.7929,INR_PER_USD,4,v1.0,VALID,SYNTHETIC,hash_fx_001863,True
1864,FX_USD_EUR,2026-07-20 00:00:00,2026-07-20 18:00:00,0.9433,EUR_PER_USD,4,v1.0,VALID,SYNTHETIC,hash_fx_001864,True
1865,FX_USD_INR,2026-07-21 00:00:00,2026-07-21 18:00:00,84.7254,INR_PER_USD,4,v1.0,VALID,SYNTHETIC,hash_fx_001865,True
1866,FX_USD_EUR,2026-07-21 00:00:00,2026-07-21 18:00:00,0.9429,EUR_PER_USD,4,v1.0,VALID,SYNTHETIC,hash_fx_001866,True
1867,FX_USD_INR,2026-07-22 00:00:00,2026-07-22 18:00:00,84.6132,INR_PER_USD,4,v1.0,VALID,SYNTHETIC,hash_fx_001867,True
1868,FX_USD_EUR,2026-07-22 00:00:00,2026-07-22 18:00:00,0.9439,EUR_PER_USD,4,v1.0,VALID,SYNTHETIC,hash_fx_001868,True
1869,FX_USD_INR,2026-07-23 00:00:00,2026-07-23 18:00:00,84.6667,INR_PER_USD,4,v1.0,VALID,SYNTHETIC,hash_fx_001869,True
1870,FX_USD_EUR,2026-07-23 00:00:00,2026-07-23 18:00:00,0.9438,EUR_PER_USD,4,v1.0,VALID,SYNTHETIC,hash_fx_001870,True
1871,FX_USD_INR,2026-07-24 00:00:00,2026-07-24 18:00:00,84.6004,INR_PER_USD,4,v1.0,VALID,SYNTHETIC,hash_fx_001871,True
1872,FX_USD_EUR,2026-07-24 00:00:00,2026-07-24 18:00:00,0.9434,EUR_PER_USD,4,v1.0,VALID,SYNTHETIC,hash_fx_001872,True
1873,FX_USD_INR,2026-07-25 00:00:00,2026-07-25 18:00:00,84.7167,INR_PER_USD,4,v1.0,VALID,SYNTHETIC,hash_fx_001873,True
1874,FX_USD_EUR,2026-07-25 00:00:00,2026-07-25 18:00:00,0.9432,EUR_PER_USD,4,v1.0,VALID,SYNTHETIC,hash_fx_001874,True
1875,FX_USD_INR,2026-07-26 00:00:00,2026-07-26 18:00:00,84.7744,INR_PER_USD,4,v1.0,VALID,SYNTHETIC,hash_fx_001875,True
1876,FX_USD_EUR,2026-07-26 00:00:00,2026-07-26 18:00:00,0.94,EUR_PER_USD,4,v1.0,VALID,SYNTHETIC,hash_fx_001876,True
1877,FX_USD_INR,2026-07-27 00:00:00,2026-07-27 18:00:00,84.7132,INR_PER_USD,4,v1.0,VALID,SYNTHETIC,hash_fx_001877,True
1878,FX_USD_EUR,2026-07-27 00:00:00,2026-07-27 18:00:00,0.9448,EUR_PER_USD,4,v1.0,VALID,SYNTHETIC,hash_fx_001878,True
1879,FX_USD_INR,2026-07-28 00:00:00,2026-07-28 18:00:00,84.5983,INR_PER_USD,4,v1.0,VALID,SYNTHETIC,hash_fx_001879,True
1880,FX_USD_EUR,2026-07-28 00:00:00,2026-07-28 18:00:00,0.9427,EUR_PER_USD,4,v1.0,VALID,SYNTHETIC,hash_fx_001880,True
1881,FX_USD_INR,2026-07-29 00:00:00,2026-07-29 18:00:00,84.6526,INR_PER_USD,4,v1.0,VALID,SYNTHETIC,hash_fx_001881,True
1882,FX_USD_EUR,2026-07-29 00:00:00,2026-07-29 18:00:00,0.9431,EUR_PER_USD,4,v1.0,VALID,SYNTHETIC,hash_fx_001882,True
1883,FX_USD_INR,2026-07-30 00:00:00,2026-07-30 18:00:00,84.7363,INR_PER_USD,4,v1.0,VALID,SYNTHETIC,hash_fx_001883,True
1884,FX_USD_EUR,2026-07-30 00:00:00,2026-07-30 18:00:00,0.9436,EUR_PER_USD,4,v1.0,VALID,SYNTHETIC,hash_fx_001884,True
1885,FX_USD_INR,2026-07-31 00:00:00,2026-07-31 18:00:00,84.6694,INR_PER_USD,4,v1.0,VALID,SYNTHETIC,hash_fx_001885,True
1886,FX_USD_EUR,2026-07-31 00:00:00,2026-07-31 18:00:00,0.9407,EUR_PER_USD,4,v1.0,VALID,SYNTHETIC,hash_fx_001886,True
1887,FX_USD_INR,2026-08-01 00:00:00,2026-08-01 18:00:00,84.6898,INR_PER_USD,4,v1.0,VALID,SYNTHETIC,hash_fx_001887,True
1888,FX_USD_EUR,2026-08-01 00:00:00,2026-08-01 18:00:00,0.9448,EUR_PER_USD,4,v1.0,VALID,SYNTHETIC,hash_fx_001888,True
1889,FX_USD_INR,2026-08-02 00:00:00,2026-08-02 18:00:00,84.8862,INR_PER_USD,4,v1.0,VALID,SYNTHETIC,hash_fx_001889,True
1890,FX_USD_EUR,2026-08-02 00:00:00,2026-08-02 18:00:00,0.9452,EUR_PER_USD,4,v1.0,VALID,SYNTHETIC,hash_fx_001890,True
1891,FX_USD_INR,2026-08-03 00:00:00,2026-08-03 18:00:00,84.6559,INR_PER_USD,4,v1.0,VALID,SYNTHETIC,hash_fx_001891,True
1892,FX_USD_EUR,2026-08-03 00:00:00,2026-08-03 18:00:00,0.9412,EUR_PER_USD,4,v1.0,VALID,SYNTHETIC,hash_fx_001892,True
1893,FX_USD_INR,2026-08-04 00:00:00,2026-08-04 18:00:00,84.626,INR_PER_USD,4,v1.0,VALID,SYNTHETIC,hash_fx_001893,True
1894,FX_USD_EUR,2026-08-04 00:00:00,2026-08-04 18:00:00,0.9452,EUR_PER_USD,4,v1.0,VALID,SYNTHETIC,hash_fx_001894,True
1895,FX_USD_INR,2026-08-05 00:00:00,2026-08-05 18:00:00,84.7219,INR_PER_USD,4,v1.0,VALID,SYNTHETIC,hash_fx_001895,True
1896,FX_USD_EUR,2026-08-05 00:00:00,2026-08-05 18:00:00,0.9471,EUR_PER_USD,4,v1.0,VALID,SYNTHETIC,hash_fx_001896,True
1897,FX_USD_INR,2026-08-06 00:00:00,2026-08-06 18:00:00,84.7926,INR_PER_USD,4,v1.0,VALID,SYNTHETIC,hash_fx_001897,True
1898,FX_USD_EUR,2026-08-06 00:00:00,2026-08-06 18:00:00,0.9443,EUR_PER_USD,4,v1.0,VALID,SYNTHETIC,hash_fx_001898,True
1899,FX_USD_INR,2026-08-07 00:00:00,2026-08-07 18:00:00,84.7132,INR_PER_USD,4,v1.0,VALID,SYNTHETIC,hash_fx_001899,True
1900,FX_USD_EUR,2026-08-07 00:00:00,2026-08-07 18:00:00,0.9474,EUR_PER_USD,4,v1.0,VALID,SYNTHETIC,hash_fx_001900,True
1901,FX_USD_INR,2026-08-08 00:00:00,2026-08-08 18:00:00,84.6878,INR_PER_USD,4,v1.0,VALID,SYNTHETIC,hash_fx_001901,True
1902,FX_USD_EUR,2026-08-08 00:00:00,2026-08-08 18:00:00,0.941,EUR_PER_USD,4,v1.0,VALID,SYNTHETIC,hash_fx_001902,True
1903,FX_USD_INR,2026-08-09 00:00:00,2026-08-09 18:00:00,84.7607,INR_PER_USD,4,v1.0,VALID,SYNTHETIC,hash_fx_001903,True
1904,FX_USD_EUR,2026-08-09 00:00:00,2026-08-09 18:00:00,0.9435,EUR_PER_USD,4,v1.0,VALID,SYNTHETIC,hash_fx_001904,True
1905,FX_USD_INR,2026-08-10 00:00:00,2026-08-10 18:00:00,84.6248,INR_PER_USD,4,v1.0,VALID,SYNTHETIC,hash_fx_001905,True
1906,FX_USD_EUR,2026-08-10 00:00:00,2026-08-10 18:00:00,0.9465,EUR_PER_USD,4,v1.0,VALID,SYNTHETIC,hash_fx_001906,True
1907,FX_USD_INR,2026-08-11 00:00:00,2026-08-11 18:00:00,84.7057,INR_PER_USD,4,v1.0,VALID,SYNTHETIC,hash_fx_001907,True
1908,FX_USD_EUR,2026-08-11 00:00:00,2026-08-11 18:00:00,0.9402,EUR_PER_USD,4,v1.0,VALID,SYNTHETIC,hash_fx_001908,True
1909,FX_USD_INR,2026-08-12 00:00:00,2026-08-12 18:00:00,84.5161,INR_PER_USD,4,v1.0,VALID,SYNTHETIC,hash_fx_001909,True
1910,FX_USD_EUR,2026-08-12 00:00:00,2026-08-12 18:00:00,0.9447,EUR_PER_USD,4,v1.0,VALID,SYNTHETIC,hash_fx_001910,True
1911,FX_USD_INR,2026-08-13 00:00:00,2026-08-13 18:00:00,84.6555,INR_PER_USD,4,v1.0,VALID,SYNTHETIC,hash_fx_001911,True
1912,FX_USD_EUR,2026-08-13 00:00:00,2026-08-13 18:00:00,0.9426,EUR_PER_USD,4,v1.0,VALID,SYNTHETIC,hash_fx_001912,True
1913,FX_USD_INR,2026-08-14 00:00:00,2026-08-14 18:00:00,84.5699,INR_PER_USD,4,v1.0,VALID,SYNTHETIC,hash_fx_001913,True
1914,FX_USD_EUR,2026-08-14 00:00:00,2026-08-14 18:00:00,0.9429,EUR_PER_USD,4,v1.0,VALID,SYNTHETIC,hash_fx_001914,True
1915,FX_USD_INR,2026-08-15 00:00:00,2026-08-15 18:00:00,84.7939,INR_PER_USD,4,v1.0,VALID,SYNTHETIC,hash_fx_001915,True
1916,FX_USD_EUR,2026-08-15 00:00:00,2026-08-15 18:00:00,0.9466,EUR_PER_USD,4,v1.0,VALID,SYNTHETIC,hash_fx_001916,True
1917,FX_USD_INR,2026-08-16 00:00:00,2026-08-16 18:00:00,84.7927,INR_PER_USD,4,v1.0,VALID,SYNTHETIC,hash_fx_001917,True
1918,FX_USD_EUR,2026-08-16 00:00:00,2026-08-16 18:00:00,0.9442,EUR_PER_USD,4,v1.0,VALID,SYNTHETIC,hash_fx_001918,True
1919,FX_USD_INR,2026-08-17 00:00:00,2026-08-17 18:00:00,84.6542,INR_PER_USD,4,v1.0,VALID,SYNTHETIC,hash_fx_001919,True
1920,FX_USD_EUR,2026-08-17 00:00:00,2026-08-17 18:00:00,0.9442,EUR_PER_USD,4,v1.0,VALID,SYNTHETIC,hash_fx_001920,True
1921,FX_USD_INR,2026-08-18 00:00:00,2026-08-18 18:00:00,84.7099,INR_PER_USD,4,v1.0,VALID,SYNTHETIC,hash_fx_001921,True
1922,FX_USD_EUR,2026-08-18 00:00:00,2026-08-18 18:00:00,0.9401,EUR_PER_USD,4,v1.0,VALID,SYNTHETIC,hash_fx_001922,True
1923,FX_USD_INR,2026-08-19 00:00:00,2026-08-19 18:00:00,84.7482,INR_PER_USD,4,v1.0,VALID,SYNTHETIC,hash_fx_001923,True
1924,FX_USD_EUR,2026-08-19 00:00:00,2026-08-19 18:00:00,0.9431,EUR_PER_USD,4,v1.0,VALID,SYNTHETIC,hash_fx_001924,True
1925,FX_USD_INR,2026-08-20 00:00:00,2026-08-20 18:00:00,84.5343,INR_PER_USD,4,v1.0,VALID,SYNTHETIC,hash_fx_001925,True
1926,FX_USD_EUR,2026-08-20 00:00:00,2026-08-20 18:00:00,0.9455,EUR_PER_USD,4,v1.0,VALID,SYNTHETIC,hash_fx_001926,True
1927,FX_USD_INR,2026-08-21 00:00:00,2026-08-21 18:00:00,84.7784,INR_PER_USD,4,v1.0,VALID,SYNTHETIC,hash_fx_001927,True
1928,FX_USD_EUR,2026-08-21 00:00:00,2026-08-21 18:00:00,0.945,EUR_PER_USD,4,v1.0,VALID,SYNTHETIC,hash_fx_001928,True
1929,FX_USD_INR,2026-08-22 00:00:00,2026-08-22 18:00:00,84.734,INR_PER_USD,4,v1.0,VALID,SYNTHETIC,hash_fx_001929,True
1930,FX_USD_EUR,2026-08-22 00:00:00,2026-08-22 18:00:00,0.9432,EUR_PER_USD,4,v1.0,VALID,SYNTHETIC,hash_fx_001930,True
1931,FX_USD_INR,2026-08-23 00:00:00,2026-08-23 18:00:00,84.7714,INR_PER_USD,4,v1.0,VALID,SYNTHETIC,hash_fx_001931,True
1932,FX_USD_EUR,2026-08-23 00:00:00,2026-08-23 18:00:00,0.9416,EUR_PER_USD,4,v1.0,VALID,SYNTHETIC,hash_fx_001932,True
1933,FX_USD_INR,2026-08-24 00:00:00,2026-08-24 18:00:00,84.782,INR_PER_USD,4,v1.0,VALID,SYNTHETIC,hash_fx_001933,True
1934,FX_USD_EUR,2026-08-24 00:00:00,2026-08-24 18:00:00,0.9406,EUR_PER_USD,4,v1.0,VALID,SYNTHETIC,hash_fx_001934,True
1935,FX_USD_INR,2026-08-25 00:00:00,2026-08-25 18:00:00,84.6456,INR_PER_USD,4,v1.0,VALID,SYNTHETIC,hash_fx_001935,True
1936,FX_USD_EUR,2026-08-25 00:00:00,2026-08-25 18:00:00,0.9459,EUR_PER_USD,4,v1.0,VALID,SYNTHETIC,hash_fx_001936,True
1937,FX_USD_INR,2026-08-26 00:00:00,2026-08-26 18:00:00,84.7488,INR_PER_USD,4,v1.0,VALID,SYNTHETIC,hash_fx_001937,True
1938,FX_USD_EUR,2026-08-26 00:00:00,2026-08-26 18:00:00,0.9419,EUR_PER_USD,4,v1.0,VALID,SYNTHETIC,hash_fx_001938,True
1939,FX_USD_INR,2026-08-27 00:00:00,2026-08-27 18:00:00,84.6183,INR_PER_USD,4,v1.0,VALID,SYNTHETIC,hash_fx_001939,True
1940,FX_USD_EUR,2026-08-27 00:00:00,2026-08-27 18:00:00,0.9462,EUR_PER_USD,4,v1.0,VALID,SYNTHETIC,hash_fx_001940,True
1941,FX_USD_INR,2026-08-28 00:00:00,2026-08-28 18:00:00,84.6908,INR_PER_USD,4,v1.0,VALID,SYNTHETIC,hash_fx_001941,True
1942,FX_USD_EUR,2026-08-28 00:00:00,2026-08-28 18:00:00,0.9459,EUR_PER_USD,4,v1.0,VALID,SYNTHETIC,hash_fx_001942,True
1943,FX_USD_INR,2026-08-29 00:00:00,2026-08-29 18:00:00,84.7387,INR_PER_USD,4,v1.0,VALID,SYNTHETIC,hash_fx_001943,True
1944,FX_USD_EUR,2026-08-29 00:00:00,2026-08-29 18:00:00,0.9447,EUR_PER_USD,4,v1.0,VALID,SYNTHETIC,hash_fx_001944,True
1945,FX_USD_INR,2026-08-30 00:00:00,2026-08-30 18:00:00,84.635,INR_PER_USD,4,v1.0,VALID,SYNTHETIC,hash_fx_001945,True
1946,FX_USD_EUR,2026-08-30 00:00:00,2026-08-30 18:00:00,0.9429,EUR_PER_USD,4,v1.0,VALID,SYNTHETIC,hash_fx_001946,True
1947,FX_USD_INR,2026-08-31 00:00:00,2026-08-31 18:00:00,84.7894,INR_PER_USD,4,v1.0,VALID,SYNTHETIC,hash_fx_001947,True
1948,FX_USD_EUR,2026-08-31 00:00:00,2026-08-31 18:00:00,0.9448,EUR_PER_USD,4,v1.0,VALID,SYNTHETIC,hash_fx_001948,True
