id,series_id,observed_at,available_at,value,unit,source_id,source_version,quality_status,data_kind,content_hash,is_demo
1,BUNKER_VLSFO_SINGAPORE,2024-01-01 00:00:00,2024-01-01 18:00:00,653.32,USD_PER_MT,2,v1.0,VALID,SYNTHETIC,hash_bnk_000001,True
2,BUNKER_IFO380_SINGAPORE,2024-01-01 00:00:00,2024-01-01 18:00:00,485.28,USD_PER_MT,2,v1.0,VALID,SYNTHETIC,hash_bnk_000002,True
3,BUNKER_MGO_SINGAPORE,2024-01-01 00:00:00,2024-01-01 18:00:00,849.36,USD_PER_MT,2,v1.0,VALID,SYNTHETIC,hash_bnk_000003,True
4,BUNKER_VLSFO_ROTTERDAM,2024-01-01 00:00:00,2024-01-01 18:00:00,618.39,USD_PER_MT,2,v1.0,VALID,SYNTHETIC,hash_bnk_000004,True
5,BUNKER_VLSFO_PARADIP,2024-01-01 00:00:00,2024-01-01 18:00:00,689.03,USD_PER_MT,2,v1.0,VALID,SYNTHETIC,hash_bnk_000005,True
6,BUNKER_VLSFO_SINGAPORE,2024-01-02 00:00:00,2024-01-02 18:00:00,650.15,USD_PER_MT,2,v1.0,VALID,SYNTHETIC,hash_bnk_000006,True
7,BUNKER_IFO380_SINGAPORE,2024-01-02 00:00:00,2024-01-02 18:00:00,478.45,USD_PER_MT,2,v1.0,VALID,SYNTHETIC,hash_bnk_000007,True
8,BUNKER_MGO_SINGAPORE,2024-01-02 00:00:00,2024-01-02 18:00:00,855.2,USD_PER_MT,2,v1.0,VALID,SYNTHETIC,hash_bnk_000008,True
9,BUNKER_VLSFO_ROTTERDAM,2024-01-02 00:00:00,2024-01-02 18:00:00,620.29,USD_PER_MT,2,v1.0,VALID,SYNTHETIC,hash_bnk_000009,True
10,BUNKER_VLSFO_PARADIP,2024-01-02 00:00:00,2024-01-02 18:00:00,690.13,USD_PER_MT,2,v1.0,VALID,SYNTHETIC,hash_bnk_000010,True
11,BUNKER_VLSFO_SINGAPORE,2024-01-03 00:00:00,2024-01-03 18:00:00,653.65,USD_PER_MT,2,v1.0,VALID,SYNTHETIC,hash_bnk_000011,True
12,BUNKER_IFO380_SINGAPORE,2024-01-03 00:00:00,2024-01-03 18:00:00,489.63,USD_PER_MT,2,v1.0,VALID,SYNTHETIC,hash_bnk_000012,True
13,BUNKER_MGO_SINGAPORE,2024-01-03 00:00:00,2024-01-03 18:00:00,855.29,USD_PER_MT,2,v1.0,VALID,SYNTHETIC,hash_bnk_000013,True
14,BUNKER_VLSFO_ROTTERDAM,2024-01-03 00:00:00,2024-01-03 18:00:00,619.68,USD_PER_MT,2,v1.0,VALID,SYNTHETIC,hash_bnk_000014,True
15,BUNKER_VLSFO_PARADIP,2024-01-03 00:00:00,2024-01-03 18:00:00,692.94,USD_PER_MT,2,v1.0,VALID,SYNTHETIC,hash_bnk_000015,True
16,BUNKER_VLSFO_SINGAPORE,2024-01-04 00:00:00,2024-01-04 18:00:00,649.86,USD_PER_MT,2,v1.0,VALID,SYNTHETIC,hash_bnk_000016,True
17,BUNKER_IFO380_SINGAPORE,2024-01-04 00:00:00,2024-01-04 18:00:00,482.2,USD_PER_MT,2,v1.0,VALID,SYNTHETIC,hash_bnk_000017,True
18,BUNKER_MGO_SINGAPORE,2024-01-04 00:00:00,2024-01-04 18:00:00,848.13,USD_PER_MT,2,v1.0,VALID,SYNTHETIC,hash_bnk_000018,True
19,BUNKER_VLSFO_ROTTERDAM,2024-01-04 00:00:00,2024-01-04 18:00:00,631.45,USD_PER_MT,2,v1.0,VALID,SYNTHETIC,hash_bnk_000019,True
20,BUNKER_VLSFO_PARADIP,2024-01-04 00:00:00,2024-01-04 18:00:00,684.51,USD_PER_MT,2,v1.0,VALID,SYNTHETIC,hash_bnk_000020,True
21,BUNKER_VLSFO_SINGAPORE,2024-01-05 00:00:00,2024-01-05 18:00:00,653.19,USD_PER_MT,2,v1.0,VALID,SYNTHETIC,hash_bnk_000021,True
22,BUNKER_IFO380_SINGAPORE,2024-01-05 00:00:00,2024-01-05 18:00:00,492.87,USD_PER_MT,2,v1.0,VALID,SYNTHETIC,hash_bnk_000022,True
23,BUNKER_MGO_SINGAPORE,2024-01-05 00:00:00,2024-01-05 18:00:00,856.35,USD_PER_MT,2,v1.0,VALID,SYNTHETIC,hash_bnk_000023,True
24,BUNKER_VLSFO_ROTTERDAM,2024-01-05 00:00:00,2024-01-05 18:00:00,619.34,USD_PER_MT,2,v1.0,VALID,SYNTHETIC,hash_bnk_000024,True
25,BUNKER_VLSFO_PARADIP,2024-01-05 00:00:00,2024-01-05 18:00:00,684.42,USD_PER_MT,2,v1.0,VALID,SYNTHETIC,hash_bnk_000025,True
26,BUNKER_VLSFO_SINGAPORE,2024-01-06 00:00:00,2024-01-06 18:00:00,663.61,USD_PER_MT,2,v1.0,VALID,SYNTHETIC,hash_bnk_000026,True
27,BUNKER_IFO380_SINGAPORE,2024-01-06 00:00:00,2024-01-06 18:00:00,487.15,USD_PER_MT,2,v1.0,VALID,SYNTHETIC,hash_bnk_000027,True
28,BUNKER_MGO_SINGAPORE,2024-01-06 00:00:00,2024-01-06 18:00:00,855.82,USD_PER_MT,2,v1.0,VALID,SYNTHETIC,hash_bnk_000028,True
29,BUNKER_VLSFO_ROTTERDAM,2024-01-06 00:00:00,2024-01-06 18:00:00,617.17,USD_PER_MT,2,v1.0,VALID,SYNTHETIC,hash_bnk_000029,True
30,BUNKER_VLSFO_PARADIP,2024-01-06 00:00:00,2024-01-06 18:00:00,690.27,USD_PER_MT,2,v1.0,VALID,SYNTHETIC,hash_bnk_000030,True
31,BUNKER_VLSFO_SINGAPORE,2024-01-07 00:00:00,2024-01-07 18:00:00,658.03,USD_PER_MT,2,v1.0,VALID,SYNTHETIC,hash_bnk_000031,True
32,BUNKER_IFO380_SINGAPORE,2024-01-07 00:00:00,2024-01-07 18:00:00,488.51,USD_PER_MT,2,v1.0,VALID,SYNTHETIC,hash_bnk_000032,True
33,BUNKER_MGO_SINGAPORE,2024-01-07 00:00:00,2024-01-07 18:00:00,853.42,USD_PER_MT,2,v1.0,VALID,SYNTHETIC,hash_bnk_000033,True
34,BUNKER_VLSFO_ROTTERDAM,2024-01-07 00:00:00,2024-01-07 18:00:00,622.51,USD_PER_MT,2,v1.0,VALID,SYNTHETIC,hash_bnk_000034,True
35,BUNKER_VLSFO_PARADIP,2024-01-07 00:00:00,2024-01-07 18:00:00,684.83,USD_PER_MT,2,v1.0,VALID,SYNTHETIC,hash_bnk_000035,True
36,BUNKER_VLSFO_SINGAPORE,2024-01-08 00:00:00,2024-01-08 18:00:00,659.34,USD_PER_MT,2,v1.0,VALID,SYNTHETIC,hash_bnk_000036,True
37,BUNKER_IFO380_SINGAPORE,2024-01-08 00:00:00,2024-01-08 18:00:00,493.91,USD_PER_MT,2,v1.0,VALID,SYNTHETIC,hash_bnk_000037,True
38,BUNKER_MGO_SINGAPORE,2024-01-08 00:00:00,2024-01-08 18:00:00,859.72,USD_PER_MT,2,v1.0,VALID,SYNTHETIC,hash_bnk_000038,True
39,BUNKER_VLSFO_ROTTERDAM,2024-01-08 00:00:00,2024-01-08 18:00:00,621.56,USD_PER_MT,2,v1.0,VALID,SYNTHETIC,hash_bnk_000039,True
40,BUNKER_VLSFO_PARADIP,2024-01-08 00:00:00,2024-01-08 18:00:00,700.21,USD_PER_MT,2,v1.0,VALID,SYNTHETIC,hash_bnk_000040,True
41,BUNKER_VLSFO_SINGAPORE,2024-01-09 00:00:00,2024-01-09 18:00:00,650.66,USD_PER_MT,2,v1.0,VALID,SYNTHETIC,hash_bnk_000041,True
42,BUNKER_IFO380_SINGAPORE,2024-01-09 00:00:00,2024-01-09 18:00:00,482.9,USD_PER_MT,2,v1.0,VALID,SYNTHETIC,hash_bnk_000042,True
43,BUNKER_MGO_SINGAPORE,2024-01-09 00:00:00,2024-01-09 18:00:00,855.66,USD_PER_MT,2,v1.0,VALID,SYNTHETIC,hash_bnk_000043,True
44,BUNKER_VLSFO_ROTTERDAM,2024-01-09 00:00:00,2024-01-09 18:00:00,629.39,USD_PER_MT,2,v1.0,VALID,SYNTHETIC,hash_bnk_000044,True
45,BUNKER_VLSFO_PARADIP,2024-01-09 00:00:00,2024-01-09 18:00:00,693.12,USD_PER_MT,2,v1.0,VALID,SYNTHETIC,hash_bnk_000045,True
46,BUNKER_VLSFO_SINGAPORE,2024-01-10 00:00:00,2024-01-10 18:00:00,661.13,USD_PER_MT,2,v1.0,VALID,SYNTHETIC,hash_bnk_000046,True
47,BUNKER_IFO380_SINGAPORE,2024-01-10 00:00:00,2024-01-10 18:00:00,493.13,USD_PER_MT,2,v1.0,VALID,SYNTHETIC,hash_bnk_000047,True
48,BUNKER_MGO_SINGAPORE,2024-01-10 00:00:00,2024-01-10 18:00:00,853.58,USD_PER_MT,2,v1.0,VALID,SYNTHETIC,hash_bnk_000048,True
49,BUNKER_VLSFO_ROTTERDAM,2024-01-10 00:00:00,2024-01-10 18:00:00,635.54,USD_PER_MT,2,v1.0,VALID,SYNTHETIC,hash_bnk_000049,True
50,BUNKER_VLSFO_PARADIP,2024-01-10 00:00:00,2024-01-10 18:00:00,693.36,USD_PER_MT,2,v1.0,VALID,SYNTHETIC,hash_bnk_000050,True
51,BUNKER_VLSFO_SINGAPORE,2024-01-11 00:00:00,2024-01-11 18:00:00,657.55,USD_PER_MT,2,v1.0,VALID,SYNTHETIC,hash_bnk_000051,True
52,BUNKER_IFO380_SINGAPORE,2024-01-11 00:00:00,2024-01-11 18:00:00,489.77,USD_PER_MT,2,v1.0,VALID,SYNTHETIC,hash_bnk_000052,True
53,BUNKER_MGO_SINGAPORE,2024-01-11 00:00:00,2024-01-11 18:00:00,860.01,USD_PER_MT,2,v1.0,VALID,SYNTHETIC,hash_bnk_000053,True
54,BUNKER_VLSFO_ROTTERDAM,2024-01-11 00:00:00,2024-01-11 18:00:00,624.82,USD_PER_MT,2,v1.0,VALID,SYNTHETIC,hash_bnk_000054,True
55,BUNKER_VLSFO_PARADIP,2024-01-11 00:00:00,2024-01-11 18:00:00,698.66,USD_PER_MT,2,v1.0,VALID,SYNTHETIC,hash_bnk_000055,True
56,BUNKER_VLSFO_SINGAPORE,2024-01-12 00:00:00,2024-01-12 18:00:00,665.05,USD_PER_MT,2,v1.0,VALID,SYNTHETIC,hash_bnk_000056,True
57,BUNKER_IFO380_SINGAPORE,2024-01-12 00:00:00,2024-01-12 18:00:00,483.64,USD_PER_MT,2,v1.0,VALID,SYNTHETIC,hash_bnk_000057,True
58,BUNKER_MGO_SINGAPORE,2024-01-12 00:00:00,2024-01-12 18:00:00,860.56,USD_PER_MT,2,v1.0,VALID,SYNTHETIC,hash_bnk_000058,True
59,BUNKER_VLSFO_ROTTERDAM,2024-01-12 00:00:00,2024-01-12 18:00:00,625.43,USD_PER_MT,2,v1.0,VALID,SYNTHETIC,hash_bnk_000059,True
60,BUNKER_VLSFO_PARADIP,2024-01-12 00:00:00,2024-01-12 18:00:00,691.34,USD_PER_MT,2,v1.0,VALID,SYNTHETIC,hash_bnk_000060,True
61,BUNKER_VLSFO_SINGAPORE,2024-01-13 00:00:00,2024-01-13 18:00:00,666.56,USD_PER_MT,2,v1.0,VALID,SYNTHETIC,hash_bnk_000061,True
62,BUNKER_IFO380_SINGAPORE,2024-01-13 00:00:00,2024-01-13 18:00:00,495.05,USD_PER_MT,2,v1.0,VALID,SYNTHETIC,hash_bnk_000062,True
63,BUNKER_MGO_SINGAPORE,2024-01-13 00:00:00,2024-01-13 18:00:00,864.35,USD_PER_MT,2,v1.0,VALID,SYNTHETIC,hash_bnk_000063,True
64,BUNKER_VLSFO_ROTTERDAM,2024-01-13 00:00:00,2024-01-13 18:00:00,622.85,USD_PER_MT,2,v1.0,VALID,SYNTHETIC,hash_bnk_000064,True
65,BUNKER_VLSFO_PARADIP,2024-01-13 00:00:00,2024-01-13 18:00:00,703.52,USD_PER_MT,2,v1.0,VALID,SYNTHETIC,hash_bnk_000065,True
66,BUNKER_VLSFO_SINGAPORE,2024-01-14 00:00:00,2024-01-14 18:00:00,661.22,USD_PER_MT,2,v1.0,VALID,SYNTHETIC,hash_bnk_000066,True
67,BUNKER_IFO380_SINGAPORE,2024-01-14 00:00:00,2024-01-14 18:00:00,487.68,USD_PER_MT,2,v1.0,VALID,SYNTHETIC,hash_bnk_000067,True
68,BUNKER_MGO_SINGAPORE,2024-01-14 00:00:00,2024-01-14 18:00:00,868.38,USD_PER_MT,2,v1.0,VALID,SYNTHETIC,hash_bnk_000068,True
69,BUNKER_VLSFO_ROTTERDAM,2024-01-14 00:00:00,2024-01-14 18:00:00,628.82,USD_PER_MT,2,v1.0,VALID,SYNTHETIC,hash_bnk_000069,True
70,BUNKER_VLSFO_PARADIP,2024-01-14 00:00:00,2024-01-14 18:00:00,701.91,USD_PER_MT,2,v1.0,VALID,SYNTHETIC,hash_bnk_000070,True
71,BUNKER_VLSFO_SINGAPORE,2024-01-15 00:00:00,2024-01-15 18:00:00,667.43,USD_PER_MT,2,v1.0,VALID,SYNTHETIC,hash_bnk_000071,True
72,BUNKER_IFO380_SINGAPORE,2024-01-15 00:00:00,2024-01-15 18:00:00,489.03,USD_PER_MT,2,v1.0,VALID,SYNTHETIC,hash_bnk_000072,True
73,BUNKER_MGO_SINGAPORE,2024-01-15 00:00:00,2024-01-15 18:00:00,866.3,USD_PER_MT,2,v1.0,VALID,SYNTHETIC,hash_bnk_000073,True
74,BUNKER_VLSFO_ROTTERDAM,2024-01-15 00:00:00,2024-01-15 18:00:00,634.57,USD_PER_MT,2,v1.0,VALID,SYNTHETIC,hash_bnk_000074,True
75,BUNKER_VLSFO_PARADIP,2024-01-15 00:00:00,2024-01-15 18:00:00,706.82,USD_PER_MT,2,v1.0,VALID,SYNTHETIC,hash_bnk_000075,True
76,BUNKER_VLSFO_SINGAPORE,2024-01-16 00:00:00,2024-01-16 18:00:00,655.93,USD_PER_MT,2,v1.0,VALID,SYNTHETIC,hash_bnk_000076,True
77,BUNKER_IFO380_SINGAPORE,2024-01-16 00:00:00,2024-01-16 18:00:00,486.72,USD_PER_MT,2,v1.0,VALID,SYNTHETIC,hash_bnk_000077,True
78,BUNKER_MGO_SINGAPORE,2024-01-16 00:00:00,2024-01-16 18:00:00,867.23,USD_PER_MT,2,v1.0,VALID,SYNTHETIC,hash_bnk_000078,True
79,BUNKER_VLSFO_ROTTERDAM,2024-01-16 00:00:00,2024-01-16 18:00:00,635.19,USD_PER_MT,2,v1.0,VALID,SYNTHETIC,hash_bnk_000079,True
80,BUNKER_VLSFO_PARADIP,2024-01-16 00:00:00,2024-01-16 18:00:00,704.53,USD_PER_MT,2,v1.0,VALID,SYNTHETIC,hash_bnk_000080,True
81,BUNKER_VLSFO_SINGAPORE,2024-01-17 00:00:00,2024-01-17 18:00:00,673.79,USD_PER_MT,2,v1.0,VALID,SYNTHETIC,hash_bnk_000081,True
82,BUNKER_IFO380_SINGAPORE,2024-01-17 00:00:00,2024-01-17 18:00:00,495.61,USD_PER_MT,2,v1.0,VALID,SYNTHETIC,hash_bnk_000082,True
83,BUNKER_MGO_SINGAPORE,2024-01-17 00:00:00,2024-01-17 18:00:00,862.8,USD_PER_MT,2,v1.0,VALID,SYNTHETIC,hash_bnk_000083,True
84,BUNKER_VLSFO_ROTTERDAM,2024-01-17 00:00:00,2024-01-17 18:00:00,633.02,USD_PER_MT,2,v1.0,VALID,SYNTHETIC,hash_bnk_000084,True
85,BUNKER_VLSFO_PARADIP,2024-01-17 00:00:00,2024-01-17 18:00:00,697.44,USD_PER_MT,2,v1.0,VALID,SYNTHETIC,hash_bnk_000085,True
86,BUNKER_VLSFO_SINGAPORE,2024-01-18 00:00:00,2024-01-18 18:00:00,667.62,USD_PER_MT,2,v1.0,VALID,SYNTHETIC,hash_bnk_000086,True
87,BUNKER_IFO380_SINGAPORE,2024-01-18 00:00:00,2024-01-18 18:00:00,494.59,USD_PER_MT,2,v1.0,VALID,SYNTHETIC,hash_bnk_000087,True
88,BUNKER_MGO_SINGAPORE,2024-01-18 00:00:00,2024-01-18 18:00:00,864.14,USD_PER_MT,2,v1.0,VALID,SYNTHETIC,hash_bnk_000088,True
89,BUNKER_VLSFO_ROTTERDAM,2024-01-18 00:00:00,2024-01-18 18:00:00,632.56,USD_PER_MT,2,v1.0,VALID,SYNTHETIC,hash_bnk_000089,True
90,BUNKER_VLSFO_PARADIP,2024-01-18 00:00:00,2024-01-18 18:00:00,691.6,USD_PER_MT,2,v1.0,VALID,SYNTHETIC,hash_bnk_000090,True
91,BUNKER_VLSFO_SINGAPORE,2024-01-19 00:00:00,2024-01-19 18:00:00,674.45,USD_PER_MT,2,v1.0,VALID,SYNTHETIC,hash_bnk_000091,True
92,BUNKER_IFO380_SINGAPORE,2024-01-19 00:00:00,2024-01-19 18:00:00,491.48,USD_PER_MT,2,v1.0,VALID,SYNTHETIC,hash_bnk_000092,True
93,BUNKER_MGO_SINGAPORE,2024-01-19 00:00:00,2024-01-19 18:00:00,862.26,USD_PER_MT,2,v1.0,VALID,SYNTHETIC,hash_bnk_000093,True
94,BUNKER_VLSFO_ROTTERDAM,2024-01-19 00:00:00,2024-01-19 18:00:00,633.53,USD_PER_MT,2,v1.0,VALID,SYNTHETIC,hash_bnk_000094,True
95,BUNKER_VLSFO_PARADIP,2024-01-19 00:00:00,2024-01-19 18:00:00,704.61,USD_PER_MT,2,v1.0,VALID,SYNTHETIC,hash_bnk_000095,True
96,BUNKER_VLSFO_SINGAPORE,2024-01-20 00:00:00,2024-01-20 18:00:00,663.79,USD_PER_MT,2,v1.0,VALID,SYNTHETIC,hash_bnk_000096,True
97,BUNKER_IFO380_SINGAPORE,2024-01-20 00:00:00,2024-01-20 18:00:00,487.23,USD_PER_MT,2,v1.0,VALID,SYNTHETIC,hash_bnk_000097,True
98,BUNKER_MGO_SINGAPORE,2024-01-20 00:00:00,2024-01-20 18:00:00,868.9,USD_PER_MT,2,v1.0,VALID,SYNTHETIC,hash_bnk_000098,True
99,BUNKER_VLSFO_ROTTERDAM,2024-01-20 00:00:00,2024-01-20 18:00:00,635.19,USD_PER_MT,2,v1.0,VALID,SYNTHETIC,hash_bnk_000099,True
100,BUNKER_VLSFO_PARADIP,2024-01-20 00:00:00,2024-01-20 18:00:00,698.21,USD_PER_MT,2,v1.0,VALID,SYNTHETIC,hash_bnk_000100,True
101,BUNKER_VLSFO_SINGAPORE,2024-01-21 00:00:00,2024-01-21 18:00:00,661.04,USD_PER_MT,2,v1.0,VALID,SYNTHETIC,hash_bnk_000101,True
102,BUNKER_IFO380_SINGAPORE,2024-01-21 00:00:00,2024-01-21 18:00:00,496.19,USD_PER_MT,2,v1.0,VALID,SYNTHETIC,hash_bnk_000102,True
103,BUNKER_MGO_SINGAPORE,2024-01-21 00:00:00,2024-01-21 18:00:00,872.47,USD_PER_MT,2,v1.0,VALID,SYNTHETIC,hash_bnk_000103,True
104,BUNKER_VLSFO_ROTTERDAM,2024-01-21 00:00:00,2024-01-21 18:00:00,636.88,USD_PER_MT,2,v1.0,VALID,SYNTHETIC,hash_bnk_000104,True
105,BUNKER_VLSFO_PARADIP,2024-01-21 00:00:00,2024-01-21 18:00:00,700.11,USD_PER_MT,2,v1.0,VALID,SYNTHETIC,hash_bnk_000105,True
106,BUNKER_VLSFO_SINGAPORE,2024-01-22 00:00:00,2024-01-22 18:00:00,670.61,USD_PER_MT,2,v1.0,VALID,SYNTHETIC,hash_bnk_000106,True
107,BUNKER_IFO380_SINGAPORE,2024-01-22 00:00:00,2024-01-22 18:00:00,499.24,USD_PER_MT,2,v1.0,VALID,SYNTHETIC,hash_bnk_000107,True
108,BUNKER_MGO_SINGAPORE,2024-01-22 00:00:00,2024-01-22 18:00:00,867.79,USD_PER_MT,2,v1.0,VALID,SYNTHETIC,hash_bnk_000108,True
109,BUNKER_VLSFO_ROTTERDAM,2024-01-22 00:00:00,2024-01-22 18:00:00,634.9,USD_PER_MT,2,v1.0,VALID,SYNTHETIC,hash_bnk_000109,True
110,BUNKER_VLSFO_PARADIP,2024-01-22 00:00:00,2024-01-22 18:00:00,699.06,USD_PER_MT,2,v1.0,VALID,SYNTHETIC,hash_bnk_000110,True
111,BUNKER_VLSFO_SINGAPORE,2024-01-23 00:00:00,2024-01-23 18:00:00,671.14,USD_PER_MT,2,v1.0,VALID,SYNTHETIC,hash_bnk_000111,True
112,BUNKER_IFO380_SINGAPORE,2024-01-23 00:00:00,2024-01-23 18:00:00,495.47,USD_PER_MT,2,v1.0,VALID,SYNTHETIC,hash_bnk_000112,True
113,BUNKER_MGO_SINGAPORE,2024-01-23 00:00:00,2024-01-23 18:00:00,879.94,USD_PER_MT,2,v1.0,VALID,SYNTHETIC,hash_bnk_000113,True
114,BUNKER_VLSFO_ROTTERDAM,2024-01-23 00:00:00,2024-01-23 18:00:00,640.66,USD_PER_MT,2,v1.0,VALID,SYNTHETIC,hash_bnk_000114,True
115,BUNKER_VLSFO_PARADIP,2024-01-23 00:00:00,2024-01-23 18:00:00,708.14,USD_PER_MT,2,v1.0,VALID,SYNTHETIC,hash_bnk_000115,True
116,BUNKER_VLSFO_SINGAPORE,2024-01-24 00:00:00,2024-01-24 18:00:00,667.38,USD_PER_MT,2,v1.0,VALID,SYNTHETIC,hash_bnk_000116,True
117,BUNKER_IFO380_SINGAPORE,2024-01-24 00:00:00,2024-01-24 18:00:00,493.14,USD_PER_MT,2,v1.0,VALID,SYNTHETIC,hash_bnk_000117,True
118,BUNKER_MGO_SINGAPORE,2024-01-24 00:00:00,2024-01-24 18:00:00,876.02,USD_PER_MT,2,v1.0,VALID,SYNTHETIC,hash_bnk_000118,True
119,BUNKER_VLSFO_ROTTERDAM,2024-01-24 00:00:00,2024-01-24 18:00:00,643.48,USD_PER_MT,2,v1.0,VALID,SYNTHETIC,hash_bnk_000119,True
120,BUNKER_VLSFO_PARADIP,2024-01-24 00:00:00,2024-01-24 18:00:00,708.42,USD_PER_MT,2,v1.0,VALID,SYNTHETIC,hash_bnk_000120,True
121,BUNKER_VLSFO_SINGAPORE,2024-01-25 00:00:00,2024-01-25 18:00:00,671.27,USD_PER_MT,2,v1.0,VALID,SYNTHETIC,hash_bnk_000121,True
122,BUNKER_IFO380_SINGAPORE,2024-01-25 00:00:00,2024-01-25 18:00:00,497.33,USD_PER_MT,2,v1.0,VALID,SYNTHETIC,hash_bnk_000122,True
123,BUNKER_MGO_SINGAPORE,2024-01-25 00:00:00,2024-01-25 18:00:00,868.53,USD_PER_MT,2,v1.0,VALID,SYNTHETIC,hash_bnk_000123,True
124,BUNKER_VLSFO_ROTTERDAM,2024-01-25 00:00:00,2024-01-25 18:00:00,638.64,USD_PER_MT,2,v1.0,VALID,SYNTHETIC,hash_bnk_000124,True
125,BUNKER_VLSFO_PARADIP,2024-01-25 00:00:00,2024-01-25 18:00:00,715.42,USD_PER_MT,2,v1.0,VALID,SYNTHETIC,hash_bnk_000125,True
126,BUNKER_VLSFO_SINGAPORE,2024-01-26 00:00:00,2024-01-26 18:00:00,666.26,USD_PER_MT,2,v1.0,VALID,SYNTHETIC,hash_bnk_000126,True
127,BUNKER_IFO380_SINGAPORE,2024-01-26 00:00:00,2024-01-26 18:00:00,497.79,USD_PER_MT,2,v1.0,VALID,SYNTHETIC,hash_bnk_000127,True
128,BUNKER_MGO_SINGAPORE,2024-01-26 00:00:00,2024-01-26 18:00:00,874.53,USD_PER_MT,2,v1.0,VALID,SYNTHETIC,hash_bnk_000128,True
129,BUNKER_VLSFO_ROTTERDAM,2024-01-26 00:00:00,2024-01-26 18:00:00,634.78,USD_PER_MT,2,v1.0,VALID,SYNTHETIC,hash_bnk_000129,True
130,BUNKER_VLSFO_PARADIP,2024-01-26 00:00:00,2024-01-26 18:00:00,702.83,USD_PER_MT,2,v1.0,VALID,SYNTHETIC,hash_bnk_000130,True
131,BUNKER_VLSFO_SINGAPORE,2024-01-27 00:00:00,2024-01-27 18:00:00,672.41,USD_PER_MT,2,v1.0,VALID,SYNTHETIC,hash_bnk_000131,True
132,BUNKER_IFO380_SINGAPORE,2024-01-27 00:00:00,2024-01-27 18:00:00,495.82,USD_PER_MT,2,v1.0,VALID,SYNTHETIC,hash_bnk_000132,True
133,BUNKER_MGO_SINGAPORE,2024-01-27 00:00:00,2024-01-27 18:00:00,874.14,USD_PER_MT,2,v1.0,VALID,SYNTHETIC,hash_bnk_000133,True
134,BUNKER_VLSFO_ROTTERDAM,2024-01-27 00:00:00,2024-01-27 18:00:00,637.97,USD_PER_MT,2,v1.0,VALID,SYNTHETIC,hash_bnk_000134,True
135,BUNKER_VLSFO_PARADIP,2024-01-27 00:00:00,2024-01-27 18:00:00,703.98,USD_PER_MT,2,v1.0,VALID,SYNTHETIC,hash_bnk_000135,True
136,BUNKER_VLSFO_SINGAPORE,2024-01-28 00:00:00,2024-01-28 18:00:00,669.41,USD_PER_MT,2,v1.0,VALID,SYNTHETIC,hash_bnk_000136,True
137,BUNKER_IFO380_SINGAPORE,2024-01-28 00:00:00,2024-01-28 18:00:00,493.45,USD_PER_MT,2,v1.0,VALID,SYNTHETIC,hash_bnk_000137,True
138,BUNKER_MGO_SINGAPORE,2024-01-28 00:00:00,2024-01-28 18:00:00,869.37,USD_PER_MT,2,v1.0,VALID,SYNTHETIC,hash_bnk_000138,True
139,BUNKER_VLSFO_ROTTERDAM,2024-01-28 00:00:00,2024-01-28 18:00:00,641.07,USD_PER_MT,2,v1.0,VALID,SYNTHETIC,hash_bnk_000139,True
140,BUNKER_VLSFO_PARADIP,2024-01-28 00:00:00,2024-01-28 18:00:00,701.79,USD_PER_MT,2,v1.0,VALID,SYNTHETIC,hash_bnk_000140,True
141,BUNKER_VLSFO_SINGAPORE,2024-01-29 00:00:00,2024-01-29 18:00:00,680.0,USD_PER_MT,2,v1.0,VALID,SYNTHETIC,hash_bnk_000141,True
142,BUNKER_IFO380_SINGAPORE,2024-01-29 00:00:00,2024-01-29 18:00:00,501.12,USD_PER_MT,2,v1.0,VALID,SYNTHETIC,hash_bnk_000142,True
143,BUNKER_MGO_SINGAPORE,2024-01-29 00:00:00,2024-01-29 18:00:00,875.6,USD_PER_MT,2,v1.0,VALID,SYNTHETIC,hash_bnk_000143,True
144,BUNKER_VLSFO_ROTTERDAM,2024-01-29 00:00:00,2024-01-29 18:00:00,638.07,USD_PER_MT,2,v1.0,VALID,SYNTHETIC,hash_bnk_000144,True
145,BUNKER_VLSFO_PARADIP,2024-01-29 00:00:00,2024-01-29 18:00:00,707.74,USD_PER_MT,2,v1.0,VALID,SYNTHETIC,hash_bnk_000145,True
146,BUNKER_VLSFO_SINGAPORE,2024-01-30 00:00:00,2024-01-30 18:00:00,679.18,USD_PER_MT,2,v1.0,VALID,SYNTHETIC,hash_bnk_000146,True
147,BUNKER_IFO380_SINGAPORE,2024-01-30 00:00:00,2024-01-30 18:00:00,496.6,USD_PER_MT,2,v1.0,VALID,SYNTHETIC,hash_bnk_000147,True
148,BUNKER_MGO_SINGAPORE,2024-01-30 00:00:00,2024-01-30 18:00:00,875.86,USD_PER_MT,2,v1.0,VALID,SYNTHETIC,hash_bnk_000148,True
149,BUNKER_VLSFO_ROTTERDAM,2024-01-30 00:00:00,2024-01-30 18:00:00,641.9,USD_PER_MT,2,v1.0,VALID,SYNTHETIC,hash_bnk_000149,True
150,BUNKER_VLSFO_PARADIP,2024-01-30 00:00:00,2024-01-30 18:00:00,704.17,USD_PER_MT,2,v1.0,VALID,SYNTHETIC,hash_bnk_000150,True
151,BUNKER_VLSFO_SINGAPORE,2024-01-31 00:00:00,2024-01-31 18:00:00,674.13,USD_PER_MT,2,v1.0,VALID,SYNTHETIC,hash_bnk_000151,True
152,BUNKER_IFO380_SINGAPORE,2024-01-31 00:00:00,2024-01-31 18:00:00,500.62,USD_PER_MT,2,v1.0,VALID,SYNTHETIC,hash_bnk_000152,True
153,BUNKER_MGO_SINGAPORE,2024-01-31 00:00:00,2024-01-31 18:00:00,876.03,USD_PER_MT,2,v1.0,VALID,SYNTHETIC,hash_bnk_000153,True
154,BUNKER_VLSFO_ROTTERDAM,2024-01-31 00:00:00,2024-01-31 18:00:00,636.82,USD_PER_MT,2,v1.0,VALID,SYNTHETIC,hash_bnk_000154,True
155,BUNKER_VLSFO_PARADIP,2024-01-31 00:00:00,2024-01-31 18:00:00,711.71,USD_PER_MT,2,v1.0,VALID,SYNTHETIC,hash_bnk_000155,True
156,BUNKER_VLSFO_SINGAPORE,2024-02-01 00:00:00,2024-02-01 18:00:00,674.95,USD_PER_MT,2,v1.0,VALID,SYNTHETIC,hash_bnk_000156,True
157,BUNKER_IFO380_SINGAPORE,2024-02-01 00:00:00,2024-02-01 18:00:00,502.46,USD_PER_MT,2,v1.0,VALID,SYNTHETIC,hash_bnk_000157,True
158,BUNKER_MGO_SINGAPORE,2024-02-01 00:00:00,2024-02-01 18:00:00,883.18,USD_PER_MT,2,v1.0,VALID,SYNTHETIC,hash_bnk_000158,True
159,BUNKER_VLSFO_ROTTERDAM,2024-02-01 00:00:00,2024-02-01 18:00:00,641.51,USD_PER_MT,2,v1.0,VALID,SYNTHETIC,hash_bnk_000159,True
160,BUNKER_VLSFO_PARADIP,2024-02-01 00:00:00,2024-02-01 18:00:00,713.75,USD_PER_MT,2,v1.0,VALID,SYNTHETIC,hash_bnk_000160,True
161,BUNKER_VLSFO_SINGAPORE,2024-02-02 00:00:00,2024-02-02 18:00:00,668.11,USD_PER_MT,2,v1.0,VALID,SYNTHETIC,hash_bnk_000161,True
162,BUNKER_IFO380_SINGAPORE,2024-02-02 00:00:00,2024-02-02 18:00:00,494.69,USD_PER_MT,2,v1.0,VALID,SYNTHETIC,hash_bnk_000162,True
163,BUNKER_MGO_SINGAPORE,2024-02-02 00:00:00,2024-02-02 18:00:00,876.72,USD_PER_MT,2,v1.0,VALID,SYNTHETIC,hash_bnk_000163,True
164,BUNKER_VLSFO_ROTTERDAM,2024-02-02 00:00:00,2024-02-02 18:00:00,641.83,USD_PER_MT,2,v1.0,VALID,SYNTHETIC,hash_bnk_000164,True
165,BUNKER_VLSFO_PARADIP,2024-02-02 00:00:00,2024-02-02 18:00:00,708.03,USD_PER_MT,2,v1.0,VALID,SYNTHETIC,hash_bnk_000165,True
166,BUNKER_VLSFO_SINGAPORE,2024-02-03 00:00:00,2024-02-03 18:00:00,674.22,USD_PER_MT,2,v1.0,VALID,SYNTHETIC,hash_bnk_000166,True
167,BUNKER_IFO380_SINGAPORE,2024-02-03 00:00:00,2024-02-03 18:00:00,503.51,USD_PER_MT,2,v1.0,VALID,SYNTHETIC,hash_bnk_000167,True
168,BUNKER_MGO_SINGAPORE,2024-02-03 00:00:00,2024-02-03 18:00:00,884.19,USD_PER_MT,2,v1.0,VALID,SYNTHETIC,hash_bnk_000168,True
169,BUNKER_VLSFO_ROTTERDAM,2024-02-03 00:00:00,2024-02-03 18:00:00,641.0,USD_PER_MT,2,v1.0,VALID,SYNTHETIC,hash_bnk_000169,True
170,BUNKER_VLSFO_PARADIP,2024-02-03 00:00:00,2024-02-03 18:00:00,708.65,USD_PER_MT,2,v1.0,VALID,SYNTHETIC,hash_bnk_000170,True
171,BUNKER_VLSFO_SINGAPORE,2024-02-04 00:00:00,2024-02-04 18:00:00,678.19,USD_PER_MT,2,v1.0,VALID,SYNTHETIC,hash_bnk_000171,True
172,BUNKER_IFO380_SINGAPORE,2024-02-04 00:00:00,2024-02-04 18:00:00,500.32,USD_PER_MT,2,v1.0,VALID,SYNTHETIC,hash_bnk_000172,True
173,BUNKER_MGO_SINGAPORE,2024-02-04 00:00:00,2024-02-04 18:00:00,883.16,USD_PER_MT,2,v1.0,VALID,SYNTHETIC,hash_bnk_000173,True
174,BUNKER_VLSFO_ROTTERDAM,2024-02-04 00:00:00,2024-02-04 18:00:00,639.03,USD_PER_MT,2,v1.0,VALID,SYNTHETIC,hash_bnk_000174,True
175,BUNKER_VLSFO_PARADIP,2024-02-04 00:00:00,2024-02-04 18:00:00,714.14,USD_PER_MT,2,v1.0,VALID,SYNTHETIC,hash_bnk_000175,True
176,BUNKER_VLSFO_SINGAPORE,2024-02-05 00:00:00,2024-02-05 18:00:00,681.44,USD_PER_MT,2,v1.0,VALID,SYNTHETIC,hash_bnk_000176,True
177,BUNKER_IFO380_SINGAPORE,2024-02-05 00:00:00,2024-02-05 18:00:00,501.55,USD_PER_MT,2,v1.0,VALID,SYNTHETIC,hash_bnk_000177,True
178,BUNKER_MGO_SINGAPORE,2024-02-05 00:00:00,2024-02-05 18:00:00,877.14,USD_PER_MT,2,v1.0,VALID,SYNTHETIC,hash_bnk_000178,True
179,BUNKER_VLSFO_ROTTERDAM,2024-02-05 00:00:00,2024-02-05 18:00:00,649.79,USD_PER_MT,2,v1.0,VALID,SYNTHETIC,hash_bnk_000179,True
180,BUNKER_VLSFO_PARADIP,2024-02-05 00:00:00,2024-02-05 18:00:00,712.29,USD_PER_MT,2,v1.0,VALID,SYNTHETIC,hash_bnk_000180,True
181,BUNKER_VLSFO_SINGAPORE,2024-02-06 00:00:00,2024-02-06 18:00:00,672.47,USD_PER_MT,2,v1.0,VALID,SYNTHETIC,hash_bnk_000181,True
182,BUNKER_IFO380_SINGAPORE,2024-02-06 00:00:00,2024-02-06 18:00:00,496.81,USD_PER_MT,2,v1.0,VALID,SYNTHETIC,hash_bnk_000182,True
183,BUNKER_MGO_SINGAPORE,2024-02-06 00:00:00,2024-02-06 18:00:00,887.74,USD_PER_MT,2,v1.0,VALID,SYNTHETIC,hash_bnk_000183,True
184,BUNKER_VLSFO_ROTTERDAM,2024-02-06 00:00:00,2024-02-06 18:00:00,638.22,USD_PER_MT,2,v1.0,VALID,SYNTHETIC,hash_bnk_000184,True
185,BUNKER_VLSFO_PARADIP,2024-02-06 00:00:00,2024-02-06 18:00:00,716.28,USD_PER_MT,2,v1.0,VALID,SYNTHETIC,hash_bnk_000185,True
186,BUNKER_VLSFO_SINGAPORE,2024-02-07 00:00:00,2024-02-07 18:00:00,674.71,USD_PER_MT,2,v1.0,VALID,SYNTHETIC,hash_bnk_000186,True
187,BUNKER_IFO380_SINGAPORE,2024-02-07 00:00:00,2024-02-07 18:00:00,511.04,USD_PER_MT,2,v1.0,VALID,SYNTHETIC,hash_bnk_000187,True
188,BUNKER_MGO_SINGAPORE,2024-02-07 00:00:00,2024-02-07 18:00:00,879.1,USD_PER_MT,2,v1.0,VALID,SYNTHETIC,hash_bnk_000188,True
189,BUNKER_VLSFO_ROTTERDAM,2024-02-07 00:00:00,2024-02-07 18:00:00,649.21,USD_PER_MT,2,v1.0,VALID,SYNTHETIC,hash_bnk_000189,True
190,BUNKER_VLSFO_PARADIP,2024-02-07 00:00:00,2024-02-07 18:00:00,718.54,USD_PER_MT,2,v1.0,VALID,SYNTHETIC,hash_bnk_000190,True
191,BUNKER_VLSFO_SINGAPORE,2024-02-08 00:00:00,2024-02-08 18:00:00,677.81,USD_PER_MT,2,v1.0,VALID,SYNTHETIC,hash_bnk_000191,True
192,BUNKER_IFO380_SINGAPORE,2024-02-08 00:00:00,2024-02-08 18:00:00,501.76,USD_PER_MT,2,v1.0,VALID,SYNTHETIC,hash_bnk_000192,True
193,BUNKER_MGO_SINGAPORE,2024-02-08 00:00:00,2024-02-08 18:00:00,887.13,USD_PER_MT,2,v1.0,VALID,SYNTHETIC,hash_bnk_000193,True
194,BUNKER_VLSFO_ROTTERDAM,2024-02-08 00:00:00,2024-02-08 18:00:00,644.28,USD_PER_MT,2,v1.0,VALID,SYNTHETIC,hash_bnk_000194,True
195,BUNKER_VLSFO_PARADIP,2024-02-08 00:00:00,2024-02-08 18:00:00,715.16,USD_PER_MT,2,v1.0,VALID,SYNTHETIC,hash_bnk_000195,True
196,BUNKER_VLSFO_SINGAPORE,2024-02-09 00:00:00,2024-02-09 18:00:00,669.7,USD_PER_MT,2,v1.0,VALID,SYNTHETIC,hash_bnk_000196,True
197,BUNKER_IFO380_SINGAPORE,2024-02-09 00:00:00,2024-02-09 18:00:00,499.71,USD_PER_MT,2,v1.0,VALID,SYNTHETIC,hash_bnk_000197,True
198,BUNKER_MGO_SINGAPORE,2024-02-09 00:00:00,2024-02-09 18:00:00,891.57,USD_PER_MT,2,v1.0,VALID,SYNTHETIC,hash_bnk_000198,True
199,BUNKER_VLSFO_ROTTERDAM,2024-02-09 00:00:00,2024-02-09 18:00:00,642.67,USD_PER_MT,2,v1.0,VALID,SYNTHETIC,hash_bnk_000199,True
200,BUNKER_VLSFO_PARADIP,2024-02-09 00:00:00,2024-02-09 18:00:00,712.36,USD_PER_MT,2,v1.0,VALID,SYNTHETIC,hash_bnk_000200,True
201,BUNKER_VLSFO_SINGAPORE,2024-02-10 00:00:00,2024-02-10 18:00:00,677.59,USD_PER_MT,2,v1.0,VALID,SYNTHETIC,hash_bnk_000201,True
202,BUNKER_IFO380_SINGAPORE,2024-02-10 00:00:00,2024-02-10 18:00:00,503.52,USD_PER_MT,2,v1.0,VALID,SYNTHETIC,hash_bnk_000202,True
203,BUNKER_MGO_SINGAPORE,2024-02-10 00:00:00,2024-02-10 18:00:00,870.08,USD_PER_MT,2,v1.0,VALID,SYNTHETIC,hash_bnk_000203,True
204,BUNKER_VLSFO_ROTTERDAM,2024-02-10 00:00:00,2024-02-10 18:00:00,652.28,USD_PER_MT,2,v1.0,VALID,SYNTHETIC,hash_bnk_000204,True
205,BUNKER_VLSFO_PARADIP,2024-02-10 00:00:00,2024-02-10 18:00:00,711.62,USD_PER_MT,2,v1.0,VALID,SYNTHETIC,hash_bnk_000205,True
206,BUNKER_VLSFO_SINGAPORE,2024-02-11 00:00:00,2024-02-11 18:00:00,674.55,USD_PER_MT,2,v1.0,VALID,SYNTHETIC,hash_bnk_000206,True
207,BUNKER_IFO380_SINGAPORE,2024-02-11 00:00:00,2024-02-11 18:00:00,497.0,USD_PER_MT,2,v1.0,VALID,SYNTHETIC,hash_bnk_000207,True
208,BUNKER_MGO_SINGAPORE,2024-02-11 00:00:00,2024-02-11 18:00:00,881.93,USD_PER_MT,2,v1.0,VALID,SYNTHETIC,hash_bnk_000208,True
209,BUNKER_VLSFO_ROTTERDAM,2024-02-11 00:00:00,2024-02-11 18:00:00,646.45,USD_PER_MT,2,v1.0,VALID,SYNTHETIC,hash_bnk_000209,True
210,BUNKER_VLSFO_PARADIP,2024-02-11 00:00:00,2024-02-11 18:00:00,714.72,USD_PER_MT,2,v1.0,VALID,SYNTHETIC,hash_bnk_000210,True
211,BUNKER_VLSFO_SINGAPORE,2024-02-12 00:00:00,2024-02-12 18:00:00,682.28,USD_PER_MT,2,v1.0,VALID,SYNTHETIC,hash_bnk_000211,True
212,BUNKER_IFO380_SINGAPORE,2024-02-12 00:00:00,2024-02-12 18:00:00,502.17,USD_PER_MT,2,v1.0,VALID,SYNTHETIC,hash_bnk_000212,True
213,BUNKER_MGO_SINGAPORE,2024-02-12 00:00:00,2024-02-12 18:00:00,881.99,USD_PER_MT,2,v1.0,VALID,SYNTHETIC,hash_bnk_000213,True
214,BUNKER_VLSFO_ROTTERDAM,2024-02-12 00:00:00,2024-02-12 18:00:00,647.91,USD_PER_MT,2,v1.0,VALID,SYNTHETIC,hash_bnk_000214,True
215,BUNKER_VLSFO_PARADIP,2024-02-12 00:00:00,2024-02-12 18:00:00,716.49,USD_PER_MT,2,v1.0,VALID,SYNTHETIC,hash_bnk_000215,True
216,BUNKER_VLSFO_SINGAPORE,2024-02-13 00:00:00,2024-02-13 18:00:00,686.02,USD_PER_MT,2,v1.0,VALID,SYNTHETIC,hash_bnk_000216,True
217,BUNKER_IFO380_SINGAPORE,2024-02-13 00:00:00,2024-02-13 18:00:00,513.33,USD_PER_MT,2,v1.0,VALID,SYNTHETIC,hash_bnk_000217,True
218,BUNKER_MGO_SINGAPORE,2024-02-13 00:00:00,2024-02-13 18:00:00,894.3,USD_PER_MT,2,v1.0,VALID,SYNTHETIC,hash_bnk_000218,True
219,BUNKER_VLSFO_ROTTERDAM,2024-02-13 00:00:00,2024-02-13 18:00:00,645.62,USD_PER_MT,2,v1.0,VALID,SYNTHETIC,hash_bnk_000219,True
220,BUNKER_VLSFO_PARADIP,2024-02-13 00:00:00,2024-02-13 18:00:00,718.32,USD_PER_MT,2,v1.0,VALID,SYNTHETIC,hash_bnk_000220,True
221,BUNKER_VLSFO_SINGAPORE,2024-02-14 00:00:00,2024-02-14 18:00:00,678.08,USD_PER_MT,2,v1.0,VALID,SYNTHETIC,hash_bnk_000221,True
222,BUNKER_IFO380_SINGAPORE,2024-02-14 00:00:00,2024-02-14 18:00:00,502.98,USD_PER_MT,2,v1.0,VALID,SYNTHETIC,hash_bnk_000222,True
223,BUNKER_MGO_SINGAPORE,2024-02-14 00:00:00,2024-02-14 18:00:00,890.89,USD_PER_MT,2,v1.0,VALID,SYNTHETIC,hash_bnk_000223,True
224,BUNKER_VLSFO_ROTTERDAM,2024-02-14 00:00:00,2024-02-14 18:00:00,644.26,USD_PER_MT,2,v1.0,VALID,SYNTHETIC,hash_bnk_000224,True
225,BUNKER_VLSFO_PARADIP,2024-02-14 00:00:00,2024-02-14 18:00:00,716.91,USD_PER_MT,2,v1.0,VALID,SYNTHETIC,hash_bnk_000225,True
226,BUNKER_VLSFO_SINGAPORE,2024-02-15 00:00:00,2024-02-15 18:00:00,682.13,USD_PER_MT,2,v1.0,VALID,SYNTHETIC,hash_bnk_000226,True
227,BUNKER_IFO380_SINGAPORE,2024-02-15 00:00:00,2024-02-15 18:00:00,498.62,USD_PER_MT,2,v1.0,VALID,SYNTHETIC,hash_bnk_000227,True
228,BUNKER_MGO_SINGAPORE,2024-02-15 00:00:00,2024-02-15 18:00:00,900.21,USD_PER_MT,2,v1.0,VALID,SYNTHETIC,hash_bnk_000228,True
229,BUNKER_VLSFO_ROTTERDAM,2024-02-15 00:00:00,2024-02-15 18:00:00,650.21,USD_PER_MT,2,v1.0,VALID,SYNTHETIC,hash_bnk_000229,True
230,BUNKER_VLSFO_PARADIP,2024-02-15 00:00:00,2024-02-15 18:00:00,727.66,USD_PER_MT,2,v1.0,VALID,SYNTHETIC,hash_bnk_000230,True
231,BUNKER_VLSFO_SINGAPORE,2024-02-16 00:00:00,2024-02-16 18:00:00,687.2,USD_PER_MT,2,v1.0,VALID,SYNTHETIC,hash_bnk_000231,True
232,BUNKER_IFO380_SINGAPORE,2024-02-16 00:00:00,2024-02-16 18:00:00,511.52,USD_PER_MT,2,v1.0,VALID,SYNTHETIC,hash_bnk_000232,True
233,BUNKER_MGO_SINGAPORE,2024-02-16 00:00:00,2024-02-16 18:00:00,885.62,USD_PER_MT,2,v1.0,VALID,SYNTHETIC,hash_bnk_000233,True
234,BUNKER_VLSFO_ROTTERDAM,2024-02-16 00:00:00,2024-02-16 18:00:00,653.63,USD_PER_MT,2,v1.0,VALID,SYNTHETIC,hash_bnk_000234,True
235,BUNKER_VLSFO_PARADIP,2024-02-16 00:00:00,2024-02-16 18:00:00,722.48,USD_PER_MT,2,v1.0,VALID,SYNTHETIC,hash_bnk_000235,True
236,BUNKER_VLSFO_SINGAPORE,2024-02-17 00:00:00,2024-02-17 18:00:00,681.99,USD_PER_MT,2,v1.0,VALID,SYNTHETIC,hash_bnk_000236,True
237,BUNKER_IFO380_SINGAPORE,2024-02-17 00:00:00,2024-02-17 18:00:00,507.73,USD_PER_MT,2,v1.0,VALID,SYNTHETIC,hash_bnk_000237,True
238,BUNKER_MGO_SINGAPORE,2024-02-17 00:00:00,2024-02-17 18:00:00,893.17,USD_PER_MT,2,v1.0,VALID,SYNTHETIC,hash_bnk_000238,True
239,BUNKER_VLSFO_ROTTERDAM,2024-02-17 00:00:00,2024-02-17 18:00:00,642.88,USD_PER_MT,2,v1.0,VALID,SYNTHETIC,hash_bnk_000239,True
240,BUNKER_VLSFO_PARADIP,2024-02-17 00:00:00,2024-02-17 18:00:00,717.17,USD_PER_MT,2,v1.0,VALID,SYNTHETIC,hash_bnk_000240,True
241,BUNKER_VLSFO_SINGAPORE,2024-02-18 00:00:00,2024-02-18 18:00:00,675.6,USD_PER_MT,2,v1.0,VALID,SYNTHETIC,hash_bnk_000241,True
242,BUNKER_IFO380_SINGAPORE,2024-02-18 00:00:00,2024-02-18 18:00:00,506.86,USD_PER_MT,2,v1.0,VALID,SYNTHETIC,hash_bnk_000242,True
243,BUNKER_MGO_SINGAPORE,2024-02-18 00:00:00,2024-02-18 18:00:00,889.9,USD_PER_MT,2,v1.0,VALID,SYNTHETIC,hash_bnk_000243,True
244,BUNKER_VLSFO_ROTTERDAM,2024-02-18 00:00:00,2024-02-18 18:00:00,652.62,USD_PER_MT,2,v1.0,VALID,SYNTHETIC,hash_bnk_000244,True
245,BUNKER_VLSFO_PARADIP,2024-02-18 00:00:00,2024-02-18 18:00:00,715.9,USD_PER_MT,2,v1.0,VALID,SYNTHETIC,hash_bnk_000245,True
246,BUNKER_VLSFO_SINGAPORE,2024-02-19 00:00:00,2024-02-19 18:00:00,680.45,USD_PER_MT,2,v1.0,VALID,SYNTHETIC,hash_bnk_000246,True
247,BUNKER_IFO380_SINGAPORE,2024-02-19 00:00:00,2024-02-19 18:00:00,506.31,USD_PER_MT,2,v1.0,VALID,SYNTHETIC,hash_bnk_000247,True
248,BUNKER_MGO_SINGAPORE,2024-02-19 00:00:00,2024-02-19 18:00:00,882.08,USD_PER_MT,2,v1.0,VALID,SYNTHETIC,hash_bnk_000248,True
249,BUNKER_VLSFO_ROTTERDAM,2024-02-19 00:00:00,2024-02-19 18:00:00,644.17,USD_PER_MT,2,v1.0,VALID,SYNTHETIC,hash_bnk_000249,True
250,BUNKER_VLSFO_PARADIP,2024-02-19 00:00:00,2024-02-19 18:00:00,718.71,USD_PER_MT,2,v1.0,VALID,SYNTHETIC,hash_bnk_000250,True
251,BUNKER_VLSFO_SINGAPORE,2024-02-20 00:00:00,2024-02-20 18:00:00,677.41,USD_PER_MT,2,v1.0,VALID,SYNTHETIC,hash_bnk_000251,True
252,BUNKER_IFO380_SINGAPORE,2024-02-20 00:00:00,2024-02-20 18:00:00,500.12,USD_PER_MT,2,v1.0,VALID,SYNTHETIC,hash_bnk_000252,True
253,BUNKER_MGO_SINGAPORE,2024-02-20 00:00:00,2024-02-20 18:00:00,887.36,USD_PER_MT,2,v1.0,VALID,SYNTHETIC,hash_bnk_000253,True
254,BUNKER_VLSFO_ROTTERDAM,2024-02-20 00:00:00,2024-02-20 18:00:00,650.16,USD_PER_MT,2,v1.0,VALID,SYNTHETIC,hash_bnk_000254,True
255,BUNKER_VLSFO_PARADIP,2024-02-20 00:00:00,2024-02-20 18:00:00,717.04,USD_PER_MT,2,v1.0,VALID,SYNTHETIC,hash_bnk_000255,True
256,BUNKER_VLSFO_SINGAPORE,2024-02-21 00:00:00,2024-02-21 18:00:00,682.38,USD_PER_MT,2,v1.0,VALID,SYNTHETIC,hash_bnk_000256,True
257,BUNKER_IFO380_SINGAPORE,2024-02-21 00:00:00,2024-02-21 18:00:00,500.75,USD_PER_MT,2,v1.0,VALID,SYNTHETIC,hash_bnk_000257,True
258,BUNKER_MGO_SINGAPORE,2024-02-21 00:00:00,2024-02-21 18:00:00,897.86,USD_PER_MT,2,v1.0,VALID,SYNTHETIC,hash_bnk_000258,True
259,BUNKER_VLSFO_ROTTERDAM,2024-02-21 00:00:00,2024-02-21 18:00:00,643.37,USD_PER_MT,2,v1.0,VALID,SYNTHETIC,hash_bnk_000259,True
260,BUNKER_VLSFO_PARADIP,2024-02-21 00:00:00,2024-02-21 18:00:00,719.44,USD_PER_MT,2,v1.0,VALID,SYNTHETIC,hash_bnk_000260,True
261,BUNKER_VLSFO_SINGAPORE,2024-02-22 00:00:00,2024-02-22 18:00:00,676.55,USD_PER_MT,2,v1.0,VALID,SYNTHETIC,hash_bnk_000261,True
262,BUNKER_IFO380_SINGAPORE,2024-02-22 00:00:00,2024-02-22 18:00:00,509.87,USD_PER_MT,2,v1.0,VALID,SYNTHETIC,hash_bnk_000262,True
263,BUNKER_MGO_SINGAPORE,2024-02-22 00:00:00,2024-02-22 18:00:00,889.41,USD_PER_MT,2,v1.0,VALID,SYNTHETIC,hash_bnk_000263,True
264,BUNKER_VLSFO_ROTTERDAM,2024-02-22 00:00:00,2024-02-22 18:00:00,653.68,USD_PER_MT,2,v1.0,VALID,SYNTHETIC,hash_bnk_000264,True
265,BUNKER_VLSFO_PARADIP,2024-02-22 00:00:00,2024-02-22 18:00:00,716.22,USD_PER_MT,2,v1.0,VALID,SYNTHETIC,hash_bnk_000265,True
266,BUNKER_VLSFO_SINGAPORE,2024-02-23 00:00:00,2024-02-23 18:00:00,686.39,USD_PER_MT,2,v1.0,VALID,SYNTHETIC,hash_bnk_000266,True
267,BUNKER_IFO380_SINGAPORE,2024-02-23 00:00:00,2024-02-23 18:00:00,504.44,USD_PER_MT,2,v1.0,VALID,SYNTHETIC,hash_bnk_000267,True
268,BUNKER_MGO_SINGAPORE,2024-02-23 00:00:00,2024-02-23 18:00:00,885.68,USD_PER_MT,2,v1.0,VALID,SYNTHETIC,hash_bnk_000268,True
269,BUNKER_VLSFO_ROTTERDAM,2024-02-23 00:00:00,2024-02-23 18:00:00,646.5,USD_PER_MT,2,v1.0,VALID,SYNTHETIC,hash_bnk_000269,True
270,BUNKER_VLSFO_PARADIP,2024-02-23 00:00:00,2024-02-23 18:00:00,724.51,USD_PER_MT,2,v1.0,VALID,SYNTHETIC,hash_bnk_000270,True
271,BUNKER_VLSFO_SINGAPORE,2024-02-24 00:00:00,2024-02-24 18:00:00,686.35,USD_PER_MT,2,v1.0,VALID,SYNTHETIC,hash_bnk_000271,True
272,BUNKER_IFO380_SINGAPORE,2024-02-24 00:00:00,2024-02-24 18:00:00,507.94,USD_PER_MT,2,v1.0,VALID,SYNTHETIC,hash_bnk_000272,True
273,BUNKER_MGO_SINGAPORE,2024-02-24 00:00:00,2024-02-24 18:00:00,884.24,USD_PER_MT,2,v1.0,VALID,SYNTHETIC,hash_bnk_000273,True
274,BUNKER_VLSFO_ROTTERDAM,2024-02-24 00:00:00,2024-02-24 18:00:00,654.09,USD_PER_MT,2,v1.0,VALID,SYNTHETIC,hash_bnk_000274,True
275,BUNKER_VLSFO_PARADIP,2024-02-24 00:00:00,2024-02-24 18:00:00,712.23,USD_PER_MT,2,v1.0,VALID,SYNTHETIC,hash_bnk_000275,True
276,BUNKER_VLSFO_SINGAPORE,2024-02-25 00:00:00,2024-02-25 18:00:00,681.7,USD_PER_MT,2,v1.0,VALID,SYNTHETIC,hash_bnk_000276,True
277,BUNKER_IFO380_SINGAPORE,2024-02-25 00:00:00,2024-02-25 18:00:00,503.15,USD_PER_MT,2,v1.0,VALID,SYNTHETIC,hash_bnk_000277,True
278,BUNKER_MGO_SINGAPORE,2024-02-25 00:00:00,2024-02-25 18:00:00,892.34,USD_PER_MT,2,v1.0,VALID,SYNTHETIC,hash_bnk_000278,True
279,BUNKER_VLSFO_ROTTERDAM,2024-02-25 00:00:00,2024-02-25 18:00:00,649.45,USD_PER_MT,2,v1.0,VALID,SYNTHETIC,hash_bnk_000279,True
280,BUNKER_VLSFO_PARADIP,2024-02-25 00:00:00,2024-02-25 18:00:00,716.05,USD_PER_MT,2,v1.0,VALID,SYNTHETIC,hash_bnk_000280,True
281,BUNKER_VLSFO_SINGAPORE,2024-02-26 00:00:00,2024-02-26 18:00:00,682.01,USD_PER_MT,2,v1.0,VALID,SYNTHETIC,hash_bnk_000281,True
282,BUNKER_IFO380_SINGAPORE,2024-02-26 00:00:00,2024-02-26 18:00:00,506.68,USD_PER_MT,2,v1.0,VALID,SYNTHETIC,hash_bnk_000282,True
283,BUNKER_MGO_SINGAPORE,2024-02-26 00:00:00,2024-02-26 18:00:00,890.09,USD_PER_MT,2,v1.0,VALID,SYNTHETIC,hash_bnk_000283,True
284,BUNKER_VLSFO_ROTTERDAM,2024-02-26 00:00:00,2024-02-26 18:00:00,650.86,USD_PER_MT,2,v1.0,VALID,SYNTHETIC,hash_bnk_000284,True
285,BUNKER_VLSFO_PARADIP,2024-02-26 00:00:00,2024-02-26 18:00:00,722.72,USD_PER_MT,2,v1.0,VALID,SYNTHETIC,hash_bnk_000285,True
286,BUNKER_VLSFO_SINGAPORE,2024-02-27 00:00:00,2024-02-27 18:00:00,678.93,USD_PER_MT,2,v1.0,VALID,SYNTHETIC,hash_bnk_000286,True
287,BUNKER_IFO380_SINGAPORE,2024-02-27 00:00:00,2024-02-27 18:00:00,502.93,USD_PER_MT,2,v1.0,VALID,SYNTHETIC,hash_bnk_000287,True
288,BUNKER_MGO_SINGAPORE,2024-02-27 00:00:00,2024-02-27 18:00:00,891.81,USD_PER_MT,2,v1.0,VALID,SYNTHETIC,hash_bnk_000288,True
289,BUNKER_VLSFO_ROTTERDAM,2024-02-27 00:00:00,2024-02-27 18:00:00,652.77,USD_PER_MT,2,v1.0,VALID,SYNTHETIC,hash_bnk_000289,True
290,BUNKER_VLSFO_PARADIP,2024-02-27 00:00:00,2024-02-27 18:00:00,730.01,USD_PER_MT,2,v1.0,VALID,SYNTHETIC,hash_bnk_000290,True
291,BUNKER_VLSFO_SINGAPORE,2024-02-28 00:00:00,2024-02-28 18:00:00,677.11,USD_PER_MT,2,v1.0,VALID,SYNTHETIC,hash_bnk_000291,True
292,BUNKER_IFO380_SINGAPORE,2024-02-28 00:00:00,2024-02-28 18:00:00,504.94,USD_PER_MT,2,v1.0,VALID,SYNTHETIC,hash_bnk_000292,True
293,BUNKER_MGO_SINGAPORE,2024-02-28 00:00:00,2024-02-28 18:00:00,884.23,USD_PER_MT,2,v1.0,VALID,SYNTHETIC,hash_bnk_000293,True
294,BUNKER_VLSFO_ROTTERDAM,2024-02-28 00:00:00,2024-02-28 18:00:00,648.76,USD_PER_MT,2,v1.0,VALID,SYNTHETIC,hash_bnk_000294,True
295,BUNKER_VLSFO_PARADIP,2024-02-28 00:00:00,2024-02-28 18:00:00,724.32,USD_PER_MT,2,v1.0,VALID,SYNTHETIC,hash_bnk_000295,True
296,BUNKER_VLSFO_SINGAPORE,2024-02-29 00:00:00,2024-02-29 18:00:00,684.75,USD_PER_MT,2,v1.0,VALID,SYNTHETIC,hash_bnk_000296,True
297,BUNKER_IFO380_SINGAPORE,2024-02-29 00:00:00,2024-02-29 18:00:00,509.65,USD_PER_MT,2,v1.0,VALID,SYNTHETIC,hash_bnk_000297,True
298,BUNKER_MGO_SINGAPORE,2024-02-29 00:00:00,2024-02-29 18:00:00,887.55,USD_PER_MT,2,v1.0,VALID,SYNTHETIC,hash_bnk_000298,True
299,BUNKER_VLSFO_ROTTERDAM,2024-02-29 00:00:00,2024-02-29 18:00:00,651.75,USD_PER_MT,2,v1.0,VALID,SYNTHETIC,hash_bnk_000299,True
300,BUNKER_VLSFO_PARADIP,2024-02-29 00:00:00,2024-02-29 18:00:00,721.75,USD_PER_MT,2,v1.0,VALID,SYNTHETIC,hash_bnk_000300,True
301,BUNKER_VLSFO_SINGAPORE,2024-03-01 00:00:00,2024-03-01 18:00:00,683.11,USD_PER_MT,2,v1.0,VALID,SYNTHETIC,hash_bnk_000301,True
302,BUNKER_IFO380_SINGAPORE,2024-03-01 00:00:00,2024-03-01 18:00:00,508.37,USD_PER_MT,2,v1.0,VALID,SYNTHETIC,hash_bnk_000302,True
303,BUNKER_MGO_SINGAPORE,2024-03-01 00:00:00,2024-03-01 18:00:00,888.41,USD_PER_MT,2,v1.0,VALID,SYNTHETIC,hash_bnk_000303,True
304,BUNKER_VLSFO_ROTTERDAM,2024-03-01 00:00:00,2024-03-01 18:00:00,647.76,USD_PER_MT,2,v1.0,VALID,SYNTHETIC,hash_bnk_000304,True
305,BUNKER_VLSFO_PARADIP,2024-03-01 00:00:00,2024-03-01 18:00:00,713.73,USD_PER_MT,2,v1.0,VALID,SYNTHETIC,hash_bnk_000305,True
306,BUNKER_VLSFO_SINGAPORE,2024-03-02 00:00:00,2024-03-02 18:00:00,679.37,USD_PER_MT,2,v1.0,VALID,SYNTHETIC,hash_bnk_000306,True
307,BUNKER_IFO380_SINGAPORE,2024-03-02 00:00:00,2024-03-02 18:00:00,508.09,USD_PER_MT,2,v1.0,VALID,SYNTHETIC,hash_bnk_000307,True
308,BUNKER_MGO_SINGAPORE,2024-03-02 00:00:00,2024-03-02 18:00:00,889.37,USD_PER_MT,2,v1.0,VALID,SYNTHETIC,hash_bnk_000308,True
309,BUNKER_VLSFO_ROTTERDAM,2024-03-02 00:00:00,2024-03-02 18:00:00,648.69,USD_PER_MT,2,v1.0,VALID,SYNTHETIC,hash_bnk_000309,True
310,BUNKER_VLSFO_PARADIP,2024-03-02 00:00:00,2024-03-02 18:00:00,723.68,USD_PER_MT,2,v1.0,VALID,SYNTHETIC,hash_bnk_000310,True
311,BUNKER_VLSFO_SINGAPORE,2024-03-03 00:00:00,2024-03-03 18:00:00,679.77,USD_PER_MT,2,v1.0,VALID,SYNTHETIC,hash_bnk_000311,True
312,BUNKER_IFO380_SINGAPORE,2024-03-03 00:00:00,2024-03-03 18:00:00,511.29,USD_PER_MT,2,v1.0,VALID,SYNTHETIC,hash_bnk_000312,True
313,BUNKER_MGO_SINGAPORE,2024-03-03 00:00:00,2024-03-03 18:00:00,901.54,USD_PER_MT,2,v1.0,VALID,SYNTHETIC,hash_bnk_000313,True
314,BUNKER_VLSFO_ROTTERDAM,2024-03-03 00:00:00,2024-03-03 18:00:00,656.0,USD_PER_MT,2,v1.0,VALID,SYNTHETIC,hash_bnk_000314,True
315,BUNKER_VLSFO_PARADIP,2024-03-03 00:00:00,2024-03-03 18:00:00,721.72,USD_PER_MT,2,v1.0,VALID,SYNTHETIC,hash_bnk_000315,True
316,BUNKER_VLSFO_SINGAPORE,2024-03-04 00:00:00,2024-03-04 18:00:00,684.82,USD_PER_MT,2,v1.0,VALID,SYNTHETIC,hash_bnk_000316,True
317,BUNKER_IFO380_SINGAPORE,2024-03-04 00:00:00,2024-03-04 18:00:00,503.23,USD_PER_MT,2,v1.0,VALID,SYNTHETIC,hash_bnk_000317,True
318,BUNKER_MGO_SINGAPORE,2024-03-04 00:00:00,2024-03-04 18:00:00,888.59,USD_PER_MT,2,v1.0,VALID,SYNTHETIC,hash_bnk_000318,True
319,BUNKER_VLSFO_ROTTERDAM,2024-03-04 00:00:00,2024-03-04 18:00:00,651.98,USD_PER_MT,2,v1.0,VALID,SYNTHETIC,hash_bnk_000319,True
320,BUNKER_VLSFO_PARADIP,2024-03-04 00:00:00,2024-03-04 18:00:00,724.27,USD_PER_MT,2,v1.0,VALID,SYNTHETIC,hash_bnk_000320,True
321,BUNKER_VLSFO_SINGAPORE,2024-03-05 00:00:00,2024-03-05 18:00:00,686.68,USD_PER_MT,2,v1.0,VALID,SYNTHETIC,hash_bnk_000321,True
322,BUNKER_IFO380_SINGAPORE,2024-03-05 00:00:00,2024-03-05 18:00:00,506.05,USD_PER_MT,2,v1.0,VALID,SYNTHETIC,hash_bnk_000322,True
323,BUNKER_MGO_SINGAPORE,2024-03-05 00:00:00,2024-03-05 18:00:00,890.5,USD_PER_MT,2,v1.0,VALID,SYNTHETIC,hash_bnk_000323,True
324,BUNKER_VLSFO_ROTTERDAM,2024-03-05 00:00:00,2024-03-05 18:00:00,658.94,USD_PER_MT,2,v1.0,VALID,SYNTHETIC,hash_bnk_000324,True
325,BUNKER_VLSFO_PARADIP,2024-03-05 00:00:00,2024-03-05 18:00:00,717.98,USD_PER_MT,2,v1.0,VALID,SYNTHETIC,hash_bnk_000325,True
326,BUNKER_VLSFO_SINGAPORE,2024-03-06 00:00:00,2024-03-06 18:00:00,674.68,USD_PER_MT,2,v1.0,VALID,SYNTHETIC,hash_bnk_000326,True
327,BUNKER_IFO380_SINGAPORE,2024-03-06 00:00:00,2024-03-06 18:00:00,502.78,USD_PER_MT,2,v1.0,VALID,SYNTHETIC,hash_bnk_000327,True
328,BUNKER_MGO_SINGAPORE,2024-03-06 00:00:00,2024-03-06 18:00:00,885.14,USD_PER_MT,2,v1.0,VALID,SYNTHETIC,hash_bnk_000328,True
329,BUNKER_VLSFO_ROTTERDAM,2024-03-06 00:00:00,2024-03-06 18:00:00,653.2,USD_PER_MT,2,v1.0,VALID,SYNTHETIC,hash_bnk_000329,True
330,BUNKER_VLSFO_PARADIP,2024-03-06 00:00:00,2024-03-06 18:00:00,719.22,USD_PER_MT,2,v1.0,VALID,SYNTHETIC,hash_bnk_000330,True
331,BUNKER_VLSFO_SINGAPORE,2024-03-07 00:00:00,2024-03-07 18:00:00,679.11,USD_PER_MT,2,v1.0,VALID,SYNTHETIC,hash_bnk_000331,True
332,BUNKER_IFO380_SINGAPORE,2024-03-07 00:00:00,2024-03-07 18:00:00,501.84,USD_PER_MT,2,v1.0,VALID,SYNTHETIC,hash_bnk_000332,True
333,BUNKER_MGO_SINGAPORE,2024-03-07 00:00:00,2024-03-07 18:00:00,900.13,USD_PER_MT,2,v1.0,VALID,SYNTHETIC,hash_bnk_000333,True
334,BUNKER_VLSFO_ROTTERDAM,2024-03-07 00:00:00,2024-03-07 18:00:00,647.54,USD_PER_MT,2,v1.0,VALID,SYNTHETIC,hash_bnk_000334,True
335,BUNKER_VLSFO_PARADIP,2024-03-07 00:00:00,2024-03-07 18:00:00,717.91,USD_PER_MT,2,v1.0,VALID,SYNTHETIC,hash_bnk_000335,True
336,BUNKER_VLSFO_SINGAPORE,2024-03-08 00:00:00,2024-03-08 18:00:00,685.77,USD_PER_MT,2,v1.0,VALID,SYNTHETIC,hash_bnk_000336,True
337,BUNKER_IFO380_SINGAPORE,2024-03-08 00:00:00,2024-03-08 18:00:00,504.16,USD_PER_MT,2,v1.0,VALID,SYNTHETIC,hash_bnk_000337,True
338,BUNKER_MGO_SINGAPORE,2024-03-08 00:00:00,2024-03-08 18:00:00,891.07,USD_PER_MT,2,v1.0,VALID,SYNTHETIC,hash_bnk_000338,True
339,BUNKER_VLSFO_ROTTERDAM,2024-03-08 00:00:00,2024-03-08 18:00:00,648.34,USD_PER_MT,2,v1.0,VALID,SYNTHETIC,hash_bnk_000339,True
340,BUNKER_VLSFO_PARADIP,2024-03-08 00:00:00,2024-03-08 18:00:00,732.78,USD_PER_MT,2,v1.0,VALID,SYNTHETIC,hash_bnk_000340,True
341,BUNKER_VLSFO_SINGAPORE,2024-03-09 00:00:00,2024-03-09 18:00:00,675.18,USD_PER_MT,2,v1.0,VALID,SYNTHETIC,hash_bnk_000341,True
342,BUNKER_IFO380_SINGAPORE,2024-03-09 00:00:00,2024-03-09 18:00:00,500.5,USD_PER_MT,2,v1.0,VALID,SYNTHETIC,hash_bnk_000342,True
343,BUNKER_MGO_SINGAPORE,2024-03-09 00:00:00,2024-03-09 18:00:00,893.88,USD_PER_MT,2,v1.0,VALID,SYNTHETIC,hash_bnk_000343,True
344,BUNKER_VLSFO_ROTTERDAM,2024-03-09 00:00:00,2024-03-09 18:00:00,653.14,USD_PER_MT,2,v1.0,VALID,SYNTHETIC,hash_bnk_000344,True
345,BUNKER_VLSFO_PARADIP,2024-03-09 00:00:00,2024-03-09 18:00:00,730.76,USD_PER_MT,2,v1.0,VALID,SYNTHETIC,hash_bnk_000345,True
346,BUNKER_VLSFO_SINGAPORE,2024-03-10 00:00:00,2024-03-10 18:00:00,690.71,USD_PER_MT,2,v1.0,VALID,SYNTHETIC,hash_bnk_000346,True
347,BUNKER_IFO380_SINGAPORE,2024-03-10 00:00:00,2024-03-10 18:00:00,508.58,USD_PER_MT,2,v1.0,VALID,SYNTHETIC,hash_bnk_000347,True
348,BUNKER_MGO_SINGAPORE,2024-03-10 00:00:00,2024-03-10 18:00:00,896.95,USD_PER_MT,2,v1.0,VALID,SYNTHETIC,hash_bnk_000348,True
349,BUNKER_VLSFO_ROTTERDAM,2024-03-10 00:00:00,2024-03-10 18:00:00,644.92,USD_PER_MT,2,v1.0,VALID,SYNTHETIC,hash_bnk_000349,True
350,BUNKER_VLSFO_PARADIP,2024-03-10 00:00:00,2024-03-10 18:00:00,726.75,USD_PER_MT,2,v1.0,VALID,SYNTHETIC,hash_bnk_000350,True
351,BUNKER_VLSFO_SINGAPORE,2024-03-11 00:00:00,2024-03-11 18:00:00,685.69,USD_PER_MT,2,v1.0,VALID,SYNTHETIC,hash_bnk_000351,True
352,BUNKER_IFO380_SINGAPORE,2024-03-11 00:00:00,2024-03-11 18:00:00,506.81,USD_PER_MT,2,v1.0,VALID,SYNTHETIC,hash_bnk_000352,True
353,BUNKER_MGO_SINGAPORE,2024-03-11 00:00:00,2024-03-11 18:00:00,889.76,USD_PER_MT,2,v1.0,VALID,SYNTHETIC,hash_bnk_000353,True
354,BUNKER_VLSFO_ROTTERDAM,2024-03-11 00:00:00,2024-03-11 18:00:00,645.98,USD_PER_MT,2,v1.0,VALID,SYNTHETIC,hash_bnk_000354,True
355,BUNKER_VLSFO_PARADIP,2024-03-11 00:00:00,2024-03-11 18:00:00,722.57,USD_PER_MT,2,v1.0,VALID,SYNTHETIC,hash_bnk_000355,True
356,BUNKER_VLSFO_SINGAPORE,2024-03-12 00:00:00,2024-03-12 18:00:00,686.19,USD_PER_MT,2,v1.0,VALID,SYNTHETIC,hash_bnk_000356,True
357,BUNKER_IFO380_SINGAPORE,2024-03-12 00:00:00,2024-03-12 18:00:00,500.57,USD_PER_MT,2,v1.0,VALID,SYNTHETIC,hash_bnk_000357,True
358,BUNKER_MGO_SINGAPORE,2024-03-12 00:00:00,2024-03-12 18:00:00,887.23,USD_PER_MT,2,v1.0,VALID,SYNTHETIC,hash_bnk_000358,True
359,BUNKER_VLSFO_ROTTERDAM,2024-03-12 00:00:00,2024-03-12 18:00:00,656.05,USD_PER_MT,2,v1.0,VALID,SYNTHETIC,hash_bnk_000359,True
360,BUNKER_VLSFO_PARADIP,2024-03-12 00:00:00,2024-03-12 18:00:00,711.91,USD_PER_MT,2,v1.0,VALID,SYNTHETIC,hash_bnk_000360,True
361,BUNKER_VLSFO_SINGAPORE,2024-03-13 00:00:00,2024-03-13 18:00:00,675.89,USD_PER_MT,2,v1.0,VALID,SYNTHETIC,hash_bnk_000361,True
362,BUNKER_IFO380_SINGAPORE,2024-03-13 00:00:00,2024-03-13 18:00:00,500.55,USD_PER_MT,2,v1.0,VALID,SYNTHETIC,hash_bnk_000362,True
363,BUNKER_MGO_SINGAPORE,2024-03-13 00:00:00,2024-03-13 18:00:00,896.25,USD_PER_MT,2,v1.0,VALID,SYNTHETIC,hash_bnk_000363,True
364,BUNKER_VLSFO_ROTTERDAM,2024-03-13 00:00:00,2024-03-13 18:00:00,657.23,USD_PER_MT,2,v1.0,VALID,SYNTHETIC,hash_bnk_000364,True
365,BUNKER_VLSFO_PARADIP,2024-03-13 00:00:00,2024-03-13 18:00:00,712.34,USD_PER_MT,2,v1.0,VALID,SYNTHETIC,hash_bnk_000365,True
366,BUNKER_VLSFO_SINGAPORE,2024-03-14 00:00:00,2024-03-14 18:00:00,677.03,USD_PER_MT,2,v1.0,VALID,SYNTHETIC,hash_bnk_000366,True
367,BUNKER_IFO380_SINGAPORE,2024-03-14 00:00:00,2024-03-14 18:00:00,502.04,USD_PER_MT,2,v1.0,VALID,SYNTHETIC,hash_bnk_000367,True
368,BUNKER_MGO_SINGAPORE,2024-03-14 00:00:00,2024-03-14 18:00:00,892.76,USD_PER_MT,2,v1.0,VALID,SYNTHETIC,hash_bnk_000368,True
369,BUNKER_VLSFO_ROTTERDAM,2024-03-14 00:00:00,2024-03-14 18:00:00,643.69,USD_PER_MT,2,v1.0,VALID,SYNTHETIC,hash_bnk_000369,True
370,BUNKER_VLSFO_PARADIP,2024-03-14 00:00:00,2024-03-14 18:00:00,723.46,USD_PER_MT,2,v1.0,VALID,SYNTHETIC,hash_bnk_000370,True
371,BUNKER_VLSFO_SINGAPORE,2024-03-15 00:00:00,2024-03-15 18:00:00,678.12,USD_PER_MT,2,v1.0,VALID,SYNTHETIC,hash_bnk_000371,True
372,BUNKER_IFO380_SINGAPORE,2024-03-15 00:00:00,2024-03-15 18:00:00,504.09,USD_PER_MT,2,v1.0,VALID,SYNTHETIC,hash_bnk_000372,True
373,BUNKER_MGO_SINGAPORE,2024-03-15 00:00:00,2024-03-15 18:00:00,891.01,USD_PER_MT,2,v1.0,VALID,SYNTHETIC,hash_bnk_000373,True
374,BUNKER_VLSFO_ROTTERDAM,2024-03-15 00:00:00,2024-03-15 18:00:00,648.25,USD_PER_MT,2,v1.0,VALID,SYNTHETIC,hash_bnk_000374,True
375,BUNKER_VLSFO_PARADIP,2024-03-15 00:00:00,2024-03-15 18:00:00,719.19,USD_PER_MT,2,v1.0,VALID,SYNTHETIC,hash_bnk_000375,True
376,BUNKER_VLSFO_SINGAPORE,2024-03-16 00:00:00,2024-03-16 18:00:00,679.35,USD_PER_MT,2,v1.0,VALID,SYNTHETIC,hash_bnk_000376,True
377,BUNKER_IFO380_SINGAPORE,2024-03-16 00:00:00,2024-03-16 18:00:00,503.02,USD_PER_MT,2,v1.0,VALID,SYNTHETIC,hash_bnk_000377,True
378,BUNKER_MGO_SINGAPORE,2024-03-16 00:00:00,2024-03-16 18:00:00,889.35,USD_PER_MT,2,v1.0,VALID,SYNTHETIC,hash_bnk_000378,True
379,BUNKER_VLSFO_ROTTERDAM,2024-03-16 00:00:00,2024-03-16 18:00:00,645.16,USD_PER_MT,2,v1.0,VALID,SYNTHETIC,hash_bnk_000379,True
380,BUNKER_VLSFO_PARADIP,2024-03-16 00:00:00,2024-03-16 18:00:00,715.93,USD_PER_MT,2,v1.0,VALID,SYNTHETIC,hash_bnk_000380,True
381,BUNKER_VLSFO_SINGAPORE,2024-03-17 00:00:00,2024-03-17 18:00:00,683.04,USD_PER_MT,2,v1.0,VALID,SYNTHETIC,hash_bnk_000381,True
382,BUNKER_IFO380_SINGAPORE,2024-03-17 00:00:00,2024-03-17 18:00:00,511.08,USD_PER_MT,2,v1.0,VALID,SYNTHETIC,hash_bnk_000382,True
383,BUNKER_MGO_SINGAPORE,2024-03-17 00:00:00,2024-03-17 18:00:00,892.76,USD_PER_MT,2,v1.0,VALID,SYNTHETIC,hash_bnk_000383,True
384,BUNKER_VLSFO_ROTTERDAM,2024-03-17 00:00:00,2024-03-17 18:00:00,650.63,USD_PER_MT,2,v1.0,VALID,SYNTHETIC,hash_bnk_000384,True
385,BUNKER_VLSFO_PARADIP,2024-03-17 00:00:00,2024-03-17 18:00:00,705.74,USD_PER_MT,2,v1.0,VALID,SYNTHETIC,hash_bnk_000385,True
386,BUNKER_VLSFO_SINGAPORE,2024-03-18 00:00:00,2024-03-18 18:00:00,685.62,USD_PER_MT,2,v1.0,VALID,SYNTHETIC,hash_bnk_000386,True
387,BUNKER_IFO380_SINGAPORE,2024-03-18 00:00:00,2024-03-18 18:00:00,505.52,USD_PER_MT,2,v1.0,VALID,SYNTHETIC,hash_bnk_000387,True
388,BUNKER_MGO_SINGAPORE,2024-03-18 00:00:00,2024-03-18 18:00:00,877.12,USD_PER_MT,2,v1.0,VALID,SYNTHETIC,hash_bnk_000388,True
389,BUNKER_VLSFO_ROTTERDAM,2024-03-18 00:00:00,2024-03-18 18:00:00,642.56,USD_PER_MT,2,v1.0,VALID,SYNTHETIC,hash_bnk_000389,True
390,BUNKER_VLSFO_PARADIP,2024-03-18 00:00:00,2024-03-18 18:00:00,720.17,USD_PER_MT,2,v1.0,VALID,SYNTHETIC,hash_bnk_000390,True
391,BUNKER_VLSFO_SINGAPORE,2024-03-19 00:00:00,2024-03-19 18:00:00,685.29,USD_PER_MT,2,v1.0,VALID,SYNTHETIC,hash_bnk_000391,True
392,BUNKER_IFO380_SINGAPORE,2024-03-19 00:00:00,2024-03-19 18:00:00,507.6,USD_PER_MT,2,v1.0,VALID,SYNTHETIC,hash_bnk_000392,True
393,BUNKER_MGO_SINGAPORE,2024-03-19 00:00:00,2024-03-19 18:00:00,888.04,USD_PER_MT,2,v1.0,VALID,SYNTHETIC,hash_bnk_000393,True
394,BUNKER_VLSFO_ROTTERDAM,2024-03-19 00:00:00,2024-03-19 18:00:00,641.49,USD_PER_MT,2,v1.0,VALID,SYNTHETIC,hash_bnk_000394,True
395,BUNKER_VLSFO_PARADIP,2024-03-19 00:00:00,2024-03-19 18:00:00,717.53,USD_PER_MT,2,v1.0,VALID,SYNTHETIC,hash_bnk_000395,True
396,BUNKER_VLSFO_SINGAPORE,2024-03-20 00:00:00,2024-03-20 18:00:00,676.14,USD_PER_MT,2,v1.0,VALID,SYNTHETIC,hash_bnk_000396,True
397,BUNKER_IFO380_SINGAPORE,2024-03-20 00:00:00,2024-03-20 18:00:00,503.64,USD_PER_MT,2,v1.0,VALID,SYNTHETIC,hash_bnk_000397,True
398,BUNKER_MGO_SINGAPORE,2024-03-20 00:00:00,2024-03-20 18:00:00,879.57,USD_PER_MT,2,v1.0,VALID,SYNTHETIC,hash_bnk_000398,True
399,BUNKER_VLSFO_ROTTERDAM,2024-03-20 00:00:00,2024-03-20 18:00:00,649.98,USD_PER_MT,2,v1.0,VALID,SYNTHETIC,hash_bnk_000399,True
400,BUNKER_VLSFO_PARADIP,2024-03-20 00:00:00,2024-03-20 18:00:00,722.37,USD_PER_MT,2,v1.0,VALID,SYNTHETIC,hash_bnk_000400,True
401,BUNKER_VLSFO_SINGAPORE,2024-03-21 00:00:00,2024-03-21 18:00:00,678.07,USD_PER_MT,2,v1.0,VALID,SYNTHETIC,hash_bnk_000401,True
402,BUNKER_IFO380_SINGAPORE,2024-03-21 00:00:00,2024-03-21 18:00:00,502.97,USD_PER_MT,2,v1.0,VALID,SYNTHETIC,hash_bnk_000402,True
403,BUNKER_MGO_SINGAPORE,2024-03-21 00:00:00,2024-03-21 18:00:00,882.39,USD_PER_MT,2,v1.0,VALID,SYNTHETIC,hash_bnk_000403,True
404,BUNKER_VLSFO_ROTTERDAM,2024-03-21 00:00:00,2024-03-21 18:00:00,643.63,USD_PER_MT,2,v1.0,VALID,SYNTHETIC,hash_bnk_000404,True
405,BUNKER_VLSFO_PARADIP,2024-03-21 00:00:00,2024-03-21 18:00:00,714.56,USD_PER_MT,2,v1.0,VALID,SYNTHETIC,hash_bnk_000405,True
406,BUNKER_VLSFO_SINGAPORE,2024-03-22 00:00:00,2024-03-22 18:00:00,683.64,USD_PER_MT,2,v1.0,VALID,SYNTHETIC,hash_bnk_000406,True
407,BUNKER_IFO380_SINGAPORE,2024-03-22 00:00:00,2024-03-22 18:00:00,501.28,USD_PER_MT,2,v1.0,VALID,SYNTHETIC,hash_bnk_000407,True
408,BUNKER_MGO_SINGAPORE,2024-03-22 00:00:00,2024-03-22 18:00:00,883.52,USD_PER_MT,2,v1.0,VALID,SYNTHETIC,hash_bnk_000408,True
409,BUNKER_VLSFO_ROTTERDAM,2024-03-22 00:00:00,2024-03-22 18:00:00,649.46,USD_PER_MT,2,v1.0,VALID,SYNTHETIC,hash_bnk_000409,True
410,BUNKER_VLSFO_PARADIP,2024-03-22 00:00:00,2024-03-22 18:00:00,718.91,USD_PER_MT,2,v1.0,VALID,SYNTHETIC,hash_bnk_000410,True
411,BUNKER_VLSFO_SINGAPORE,2024-03-23 00:00:00,2024-03-23 18:00:00,678.27,USD_PER_MT,2,v1.0,VALID,SYNTHETIC,hash_bnk_000411,True
412,BUNKER_IFO380_SINGAPORE,2024-03-23 00:00:00,2024-03-23 18:00:00,509.01,USD_PER_MT,2,v1.0,VALID,SYNTHETIC,hash_bnk_000412,True
413,BUNKER_MGO_SINGAPORE,2024-03-23 00:00:00,2024-03-23 18:00:00,895.26,USD_PER_MT,2,v1.0,VALID,SYNTHETIC,hash_bnk_000413,True
414,BUNKER_VLSFO_ROTTERDAM,2024-03-23 00:00:00,2024-03-23 18:00:00,644.66,USD_PER_MT,2,v1.0,VALID,SYNTHETIC,hash_bnk_000414,True
415,BUNKER_VLSFO_PARADIP,2024-03-23 00:00:00,2024-03-23 18:00:00,719.04,USD_PER_MT,2,v1.0,VALID,SYNTHETIC,hash_bnk_000415,True
416,BUNKER_VLSFO_SINGAPORE,2024-03-24 00:00:00,2024-03-24 18:00:00,677.25,USD_PER_MT,2,v1.0,VALID,SYNTHETIC,hash_bnk_000416,True
417,BUNKER_IFO380_SINGAPORE,2024-03-24 00:00:00,2024-03-24 18:00:00,507.83,USD_PER_MT,2,v1.0,VALID,SYNTHETIC,hash_bnk_000417,True
418,BUNKER_MGO_SINGAPORE,2024-03-24 00:00:00,2024-03-24 18:00:00,894.66,USD_PER_MT,2,v1.0,VALID,SYNTHETIC,hash_bnk_000418,True
419,BUNKER_VLSFO_ROTTERDAM,2024-03-24 00:00:00,2024-03-24 18:00:00,642.95,USD_PER_MT,2,v1.0,VALID,SYNTHETIC,hash_bnk_000419,True
420,BUNKER_VLSFO_PARADIP,2024-03-24 00:00:00,2024-03-24 18:00:00,710.75,USD_PER_MT,2,v1.0,VALID,SYNTHETIC,hash_bnk_000420,True
421,BUNKER_VLSFO_SINGAPORE,2024-03-25 00:00:00,2024-03-25 18:00:00,682.14,USD_PER_MT,2,v1.0,VALID,SYNTHETIC,hash_bnk_000421,True
422,BUNKER_IFO380_SINGAPORE,2024-03-25 00:00:00,2024-03-25 18:00:00,503.57,USD_PER_MT,2,v1.0,VALID,SYNTHETIC,hash_bnk_000422,True
423,BUNKER_MGO_SINGAPORE,2024-03-25 00:00:00,2024-03-25 18:00:00,880.09,USD_PER_MT,2,v1.0,VALID,SYNTHETIC,hash_bnk_000423,True
424,BUNKER_VLSFO_ROTTERDAM,2024-03-25 00:00:00,2024-03-25 18:00:00,643.58,USD_PER_MT,2,v1.0,VALID,SYNTHETIC,hash_bnk_000424,True
425,BUNKER_VLSFO_PARADIP,2024-03-25 00:00:00,2024-03-25 18:00:00,721.9,USD_PER_MT,2,v1.0,VALID,SYNTHETIC,hash_bnk_000425,True
426,BUNKER_VLSFO_SINGAPORE,2024-03-26 00:00:00,2024-03-26 18:00:00,672.95,USD_PER_MT,2,v1.0,VALID,SYNTHETIC,hash_bnk_000426,True
427,BUNKER_IFO380_SINGAPORE,2024-03-26 00:00:00,2024-03-26 18:00:00,510.67,USD_PER_MT,2,v1.0,VALID,SYNTHETIC,hash_bnk_000427,True
428,BUNKER_MGO_SINGAPORE,2024-03-26 00:00:00,2024-03-26 18:00:00,885.41,USD_PER_MT,2,v1.0,VALID,SYNTHETIC,hash_bnk_000428,True
429,BUNKER_VLSFO_ROTTERDAM,2024-03-26 00:00:00,2024-03-26 18:00:00,647.06,USD_PER_MT,2,v1.0,VALID,SYNTHETIC,hash_bnk_000429,True
430,BUNKER_VLSFO_PARADIP,2024-03-26 00:00:00,2024-03-26 18:00:00,723.09,USD_PER_MT,2,v1.0,VALID,SYNTHETIC,hash_bnk_000430,True
431,BUNKER_VLSFO_SINGAPORE,2024-03-27 00:00:00,2024-03-27 18:00:00,674.62,USD_PER_MT,2,v1.0,VALID,SYNTHETIC,hash_bnk_000431,True
432,BUNKER_IFO380_SINGAPORE,2024-03-27 00:00:00,2024-03-27 18:00:00,495.93,USD_PER_MT,2,v1.0,VALID,SYNTHETIC,hash_bnk_000432,True
433,BUNKER_MGO_SINGAPORE,2024-03-27 00:00:00,2024-03-27 18:00:00,885.56,USD_PER_MT,2,v1.0,VALID,SYNTHETIC,hash_bnk_000433,True
434,BUNKER_VLSFO_ROTTERDAM,2024-03-27 00:00:00,2024-03-27 18:00:00,643.94,USD_PER_MT,2,v1.0,VALID,SYNTHETIC,hash_bnk_000434,True
435,BUNKER_VLSFO_PARADIP,2024-03-27 00:00:00,2024-03-27 18:00:00,715.59,USD_PER_MT,2,v1.0,VALID,SYNTHETIC,hash_bnk_000435,True
436,BUNKER_VLSFO_SINGAPORE,2024-03-28 00:00:00,2024-03-28 18:00:00,675.56,USD_PER_MT,2,v1.0,VALID,SYNTHETIC,hash_bnk_000436,True
437,BUNKER_IFO380_SINGAPORE,2024-03-28 00:00:00,2024-03-28 18:00:00,505.51,USD_PER_MT,2,v1.0,VALID,SYNTHETIC,hash_bnk_000437,True
438,BUNKER_MGO_SINGAPORE,2024-03-28 00:00:00,2024-03-28 18:00:00,900.64,USD_PER_MT,2,v1.0,VALID,SYNTHETIC,hash_bnk_000438,True
439,BUNKER_VLSFO_ROTTERDAM,2024-03-28 00:00:00,2024-03-28 18:00:00,644.18,USD_PER_MT,2,v1.0,VALID,SYNTHETIC,hash_bnk_000439,True
440,BUNKER_VLSFO_PARADIP,2024-03-28 00:00:00,2024-03-28 18:00:00,715.07,USD_PER_MT,2,v1.0,VALID,SYNTHETIC,hash_bnk_000440,True
441,BUNKER_VLSFO_SINGAPORE,2024-03-29 00:00:00,2024-03-29 18:00:00,674.21,USD_PER_MT,2,v1.0,VALID,SYNTHETIC,hash_bnk_000441,True
442,BUNKER_IFO380_SINGAPORE,2024-03-29 00:00:00,2024-03-29 18:00:00,506.23,USD_PER_MT,2,v1.0,VALID,SYNTHETIC,hash_bnk_000442,True
443,BUNKER_MGO_SINGAPORE,2024-03-29 00:00:00,2024-03-29 18:00:00,885.09,USD_PER_MT,2,v1.0,VALID,SYNTHETIC,hash_bnk_000443,True
444,BUNKER_VLSFO_ROTTERDAM,2024-03-29 00:00:00,2024-03-29 18:00:00,637.86,USD_PER_MT,2,v1.0,VALID,SYNTHETIC,hash_bnk_000444,True
445,BUNKER_VLSFO_PARADIP,2024-03-29 00:00:00,2024-03-29 18:00:00,711.22,USD_PER_MT,2,v1.0,VALID,SYNTHETIC,hash_bnk_000445,True
446,BUNKER_VLSFO_SINGAPORE,2024-03-30 00:00:00,2024-03-30 18:00:00,673.36,USD_PER_MT,2,v1.0,VALID,SYNTHETIC,hash_bnk_000446,True
447,BUNKER_IFO380_SINGAPORE,2024-03-30 00:00:00,2024-03-30 18:00:00,497.12,USD_PER_MT,2,v1.0,VALID,SYNTHETIC,hash_bnk_000447,True
448,BUNKER_MGO_SINGAPORE,2024-03-30 00:00:00,2024-03-30 18:00:00,884.45,USD_PER_MT,2,v1.0,VALID,SYNTHETIC,hash_bnk_000448,True
449,BUNKER_VLSFO_ROTTERDAM,2024-03-30 00:00:00,2024-03-30 18:00:00,644.41,USD_PER_MT,2,v1.0,VALID,SYNTHETIC,hash_bnk_000449,True
450,BUNKER_VLSFO_PARADIP,2024-03-30 00:00:00,2024-03-30 18:00:00,709.8,USD_PER_MT,2,v1.0,VALID,SYNTHETIC,hash_bnk_000450,True
451,BUNKER_VLSFO_SINGAPORE,2024-03-31 00:00:00,2024-03-31 18:00:00,669.62,USD_PER_MT,2,v1.0,VALID,SYNTHETIC,hash_bnk_000451,True
452,BUNKER_IFO380_SINGAPORE,2024-03-31 00:00:00,2024-03-31 18:00:00,504.58,USD_PER_MT,2,v1.0,VALID,SYNTHETIC,hash_bnk_000452,True
453,BUNKER_MGO_SINGAPORE,2024-03-31 00:00:00,2024-03-31 18:00:00,893.11,USD_PER_MT,2,v1.0,VALID,SYNTHETIC,hash_bnk_000453,True
454,BUNKER_VLSFO_ROTTERDAM,2024-03-31 00:00:00,2024-03-31 18:00:00,644.98,USD_PER_MT,2,v1.0,VALID,SYNTHETIC,hash_bnk_000454,True
455,BUNKER_VLSFO_PARADIP,2024-03-31 00:00:00,2024-03-31 18:00:00,711.4,USD_PER_MT,2,v1.0,VALID,SYNTHETIC,hash_bnk_000455,True
456,BUNKER_VLSFO_SINGAPORE,2024-04-01 00:00:00,2024-04-01 18:00:00,671.43,USD_PER_MT,2,v1.0,VALID,SYNTHETIC,hash_bnk_000456,True
457,BUNKER_IFO380_SINGAPORE,2024-04-01 00:00:00,2024-04-01 18:00:00,498.35,USD_PER_MT,2,v1.0,VALID,SYNTHETIC,hash_bnk_000457,True
458,BUNKER_MGO_SINGAPORE,2024-04-01 00:00:00,2024-04-01 18:00:00,875.58,USD_PER_MT,2,v1.0,VALID,SYNTHETIC,hash_bnk_000458,True
459,BUNKER_VLSFO_ROTTERDAM,2024-04-01 00:00:00,2024-04-01 18:00:00,640.38,USD_PER_MT,2,v1.0,VALID,SYNTHETIC,hash_bnk_000459,True
460,BUNKER_VLSFO_PARADIP,2024-04-01 00:00:00,2024-04-01 18:00:00,715.03,USD_PER_MT,2,v1.0,VALID,SYNTHETIC,hash_bnk_000460,True
461,BUNKER_VLSFO_SINGAPORE,2024-04-02 00:00:00,2024-04-02 18:00:00,670.57,USD_PER_MT,2,v1.0,VALID,SYNTHETIC,hash_bnk_000461,True
462,BUNKER_IFO380_SINGAPORE,2024-04-02 00:00:00,2024-04-02 18:00:00,503.19,USD_PER_MT,2,v1.0,VALID,SYNTHETIC,hash_bnk_000462,True
463,BUNKER_MGO_SINGAPORE,2024-04-02 00:00:00,2024-04-02 18:00:00,878.95,USD_PER_MT,2,v1.0,VALID,SYNTHETIC,hash_bnk_000463,True
464,BUNKER_VLSFO_ROTTERDAM,2024-04-02 00:00:00,2024-04-02 18:00:00,645.32,USD_PER_MT,2,v1.0,VALID,SYNTHETIC,hash_bnk_000464,True
465,BUNKER_VLSFO_PARADIP,2024-04-02 00:00:00,2024-04-02 18:00:00,701.68,USD_PER_MT,2,v1.0,VALID,SYNTHETIC,hash_bnk_000465,True
466,BUNKER_VLSFO_SINGAPORE,2024-04-03 00:00:00,2024-04-03 18:00:00,671.92,USD_PER_MT,2,v1.0,VALID,SYNTHETIC,hash_bnk_000466,True
467,BUNKER_IFO380_SINGAPORE,2024-04-03 00:00:00,2024-04-03 18:00:00,497.67,USD_PER_MT,2,v1.0,VALID,SYNTHETIC,hash_bnk_000467,True
468,BUNKER_MGO_SINGAPORE,2024-04-03 00:00:00,2024-04-03 18:00:00,878.56,USD_PER_MT,2,v1.0,VALID,SYNTHETIC,hash_bnk_000468,True
469,BUNKER_VLSFO_ROTTERDAM,2024-04-03 00:00:00,2024-04-03 18:00:00,649.19,USD_PER_MT,2,v1.0,VALID,SYNTHETIC,hash_bnk_000469,True
470,BUNKER_VLSFO_PARADIP,2024-04-03 00:00:00,2024-04-03 18:00:00,714.41,USD_PER_MT,2,v1.0,VALID,SYNTHETIC,hash_bnk_000470,True
471,BUNKER_VLSFO_SINGAPORE,2024-04-04 00:00:00,2024-04-04 18:00:00,671.29,USD_PER_MT,2,v1.0,VALID,SYNTHETIC,hash_bnk_000471,True
472,BUNKER_IFO380_SINGAPORE,2024-04-04 00:00:00,2024-04-04 18:00:00,496.3,USD_PER_MT,2,v1.0,VALID,SYNTHETIC,hash_bnk_000472,True
473,BUNKER_MGO_SINGAPORE,2024-04-04 00:00:00,2024-04-04 18:00:00,883.93,USD_PER_MT,2,v1.0,VALID,SYNTHETIC,hash_bnk_000473,True
474,BUNKER_VLSFO_ROTTERDAM,2024-04-04 00:00:00,2024-04-04 18:00:00,642.62,USD_PER_MT,2,v1.0,VALID,SYNTHETIC,hash_bnk_000474,True
475,BUNKER_VLSFO_PARADIP,2024-04-04 00:00:00,2024-04-04 18:00:00,712.18,USD_PER_MT,2,v1.0,VALID,SYNTHETIC,hash_bnk_000475,True
476,BUNKER_VLSFO_SINGAPORE,2024-04-05 00:00:00,2024-04-05 18:00:00,669.02,USD_PER_MT,2,v1.0,VALID,SYNTHETIC,hash_bnk_000476,True
477,BUNKER_IFO380_SINGAPORE,2024-04-05 00:00:00,2024-04-05 18:00:00,499.93,USD_PER_MT,2,v1.0,VALID,SYNTHETIC,hash_bnk_000477,True
478,BUNKER_MGO_SINGAPORE,2024-04-05 00:00:00,2024-04-05 18:00:00,889.54,USD_PER_MT,2,v1.0,VALID,SYNTHETIC,hash_bnk_000478,True
479,BUNKER_VLSFO_ROTTERDAM,2024-04-05 00:00:00,2024-04-05 18:00:00,645.4,USD_PER_MT,2,v1.0,VALID,SYNTHETIC,hash_bnk_000479,True
480,BUNKER_VLSFO_PARADIP,2024-04-05 00:00:00,2024-04-05 18:00:00,710.43,USD_PER_MT,2,v1.0,VALID,SYNTHETIC,hash_bnk_000480,True
481,BUNKER_VLSFO_SINGAPORE,2024-04-06 00:00:00,2024-04-06 18:00:00,665.88,USD_PER_MT,2,v1.0,VALID,SYNTHETIC,hash_bnk_000481,True
482,BUNKER_IFO380_SINGAPORE,2024-04-06 00:00:00,2024-04-06 18:00:00,499.18,USD_PER_MT,2,v1.0,VALID,SYNTHETIC,hash_bnk_000482,True
483,BUNKER_MGO_SINGAPORE,2024-04-06 00:00:00,2024-04-06 18:00:00,874.11,USD_PER_MT,2,v1.0,VALID,SYNTHETIC,hash_bnk_000483,True
484,BUNKER_VLSFO_ROTTERDAM,2024-04-06 00:00:00,2024-04-06 18:00:00,644.03,USD_PER_MT,2,v1.0,VALID,SYNTHETIC,hash_bnk_000484,True
485,BUNKER_VLSFO_PARADIP,2024-04-06 00:00:00,2024-04-06 18:00:00,701.42,USD_PER_MT,2,v1.0,VALID,SYNTHETIC,hash_bnk_000485,True
486,BUNKER_VLSFO_SINGAPORE,2024-04-07 00:00:00,2024-04-07 18:00:00,680.0,USD_PER_MT,2,v1.0,VALID,SYNTHETIC,hash_bnk_000486,True
487,BUNKER_IFO380_SINGAPORE,2024-04-07 00:00:00,2024-04-07 18:00:00,493.17,USD_PER_MT,2,v1.0,VALID,SYNTHETIC,hash_bnk_000487,True
488,BUNKER_MGO_SINGAPORE,2024-04-07 00:00:00,2024-04-07 18:00:00,884.85,USD_PER_MT,2,v1.0,VALID,SYNTHETIC,hash_bnk_000488,True
489,BUNKER_VLSFO_ROTTERDAM,2024-04-07 00:00:00,2024-04-07 18:00:00,634.6,USD_PER_MT,2,v1.0,VALID,SYNTHETIC,hash_bnk_000489,True
490,BUNKER_VLSFO_PARADIP,2024-04-07 00:00:00,2024-04-07 18:00:00,707.7,USD_PER_MT,2,v1.0,VALID,SYNTHETIC,hash_bnk_000490,True
491,BUNKER_VLSFO_SINGAPORE,2024-04-08 00:00:00,2024-04-08 18:00:00,669.07,USD_PER_MT,2,v1.0,VALID,SYNTHETIC,hash_bnk_000491,True
492,BUNKER_IFO380_SINGAPORE,2024-04-08 00:00:00,2024-04-08 18:00:00,497.78,USD_PER_MT,2,v1.0,VALID,SYNTHETIC,hash_bnk_000492,True
493,BUNKER_MGO_SINGAPORE,2024-04-08 00:00:00,2024-04-08 18:00:00,881.03,USD_PER_MT,2,v1.0,VALID,SYNTHETIC,hash_bnk_000493,True
494,BUNKER_VLSFO_ROTTERDAM,2024-04-08 00:00:00,2024-04-08 18:00:00,640.38,USD_PER_MT,2,v1.0,VALID,SYNTHETIC,hash_bnk_000494,True
495,BUNKER_VLSFO_PARADIP,2024-04-08 00:00:00,2024-04-08 18:00:00,714.97,USD_PER_MT,2,v1.0,VALID,SYNTHETIC,hash_bnk_000495,True
496,BUNKER_VLSFO_SINGAPORE,2024-04-09 00:00:00,2024-04-09 18:00:00,666.45,USD_PER_MT,2,v1.0,VALID,SYNTHETIC,hash_bnk_000496,True
497,BUNKER_IFO380_SINGAPORE,2024-04-09 00:00:00,2024-04-09 18:00:00,495.48,USD_PER_MT,2,v1.0,VALID,SYNTHETIC,hash_bnk_000497,True
498,BUNKER_MGO_SINGAPORE,2024-04-09 00:00:00,2024-04-09 18:00:00,863.25,USD_PER_MT,2,v1.0,VALID,SYNTHETIC,hash_bnk_000498,True
499,BUNKER_VLSFO_ROTTERDAM,2024-04-09 00:00:00,2024-04-09 18:00:00,631.53,USD_PER_MT,2,v1.0,VALID,SYNTHETIC,hash_bnk_000499,True
500,BUNKER_VLSFO_PARADIP,2024-04-09 00:00:00,2024-04-09 18:00:00,699.31,USD_PER_MT,2,v1.0,VALID,SYNTHETIC,hash_bnk_000500,True
501,BUNKER_VLSFO_SINGAPORE,2024-04-10 00:00:00,2024-04-10 18:00:00,666.38,USD_PER_MT,2,v1.0,VALID,SYNTHETIC,hash_bnk_000501,True
502,BUNKER_IFO380_SINGAPORE,2024-04-10 00:00:00,2024-04-10 18:00:00,500.06,USD_PER_MT,2,v1.0,VALID,SYNTHETIC,hash_bnk_000502,True
503,BUNKER_MGO_SINGAPORE,2024-04-10 00:00:00,2024-04-10 18:00:00,876.65,USD_PER_MT,2,v1.0,VALID,SYNTHETIC,hash_bnk_000503,True
504,BUNKER_VLSFO_ROTTERDAM,2024-04-10 00:00:00,2024-04-10 18:00:00,644.12,USD_PER_MT,2,v1.0,VALID,SYNTHETIC,hash_bnk_000504,True
505,BUNKER_VLSFO_PARADIP,2024-04-10 00:00:00,2024-04-10 18:00:00,710.49,USD_PER_MT,2,v1.0,VALID,SYNTHETIC,hash_bnk_000505,True
506,BUNKER_VLSFO_SINGAPORE,2024-04-11 00:00:00,2024-04-11 18:00:00,666.91,USD_PER_MT,2,v1.0,VALID,SYNTHETIC,hash_bnk_000506,True
507,BUNKER_IFO380_SINGAPORE,2024-04-11 00:00:00,2024-04-11 18:00:00,494.7,USD_PER_MT,2,v1.0,VALID,SYNTHETIC,hash_bnk_000507,True
508,BUNKER_MGO_SINGAPORE,2024-04-11 00:00:00,2024-04-11 18:00:00,865.27,USD_PER_MT,2,v1.0,VALID,SYNTHETIC,hash_bnk_000508,True
509,BUNKER_VLSFO_ROTTERDAM,2024-04-11 00:00:00,2024-04-11 18:00:00,640.61,USD_PER_MT,2,v1.0,VALID,SYNTHETIC,hash_bnk_000509,True
510,BUNKER_VLSFO_PARADIP,2024-04-11 00:00:00,2024-04-11 18:00:00,700.83,USD_PER_MT,2,v1.0,VALID,SYNTHETIC,hash_bnk_000510,True
511,BUNKER_VLSFO_SINGAPORE,2024-04-12 00:00:00,2024-04-12 18:00:00,666.61,USD_PER_MT,2,v1.0,VALID,SYNTHETIC,hash_bnk_000511,True
512,BUNKER_IFO380_SINGAPORE,2024-04-12 00:00:00,2024-04-12 18:00:00,493.56,USD_PER_MT,2,v1.0,VALID,SYNTHETIC,hash_bnk_000512,True
513,BUNKER_MGO_SINGAPORE,2024-04-12 00:00:00,2024-04-12 18:00:00,866.36,USD_PER_MT,2,v1.0,VALID,SYNTHETIC,hash_bnk_000513,True
514,BUNKER_VLSFO_ROTTERDAM,2024-04-12 00:00:00,2024-04-12 18:00:00,638.15,USD_PER_MT,2,v1.0,VALID,SYNTHETIC,hash_bnk_000514,True
515,BUNKER_VLSFO_PARADIP,2024-04-12 00:00:00,2024-04-12 18:00:00,704.47,USD_PER_MT,2,v1.0,VALID,SYNTHETIC,hash_bnk_000515,True
516,BUNKER_VLSFO_SINGAPORE,2024-04-13 00:00:00,2024-04-13 18:00:00,666.09,USD_PER_MT,2,v1.0,VALID,SYNTHETIC,hash_bnk_000516,True
517,BUNKER_IFO380_SINGAPORE,2024-04-13 00:00:00,2024-04-13 18:00:00,497.85,USD_PER_MT,2,v1.0,VALID,SYNTHETIC,hash_bnk_000517,True
518,BUNKER_MGO_SINGAPORE,2024-04-13 00:00:00,2024-04-13 18:00:00,867.37,USD_PER_MT,2,v1.0,VALID,SYNTHETIC,hash_bnk_000518,True
519,BUNKER_VLSFO_ROTTERDAM,2024-04-13 00:00:00,2024-04-13 18:00:00,633.49,USD_PER_MT,2,v1.0,VALID,SYNTHETIC,hash_bnk_000519,True
520,BUNKER_VLSFO_PARADIP,2024-04-13 00:00:00,2024-04-13 18:00:00,703.06,USD_PER_MT,2,v1.0,VALID,SYNTHETIC,hash_bnk_000520,True
521,BUNKER_VLSFO_SINGAPORE,2024-04-14 00:00:00,2024-04-14 18:00:00,656.65,USD_PER_MT,2,v1.0,VALID,SYNTHETIC,hash_bnk_000521,True
522,BUNKER_IFO380_SINGAPORE,2024-04-14 00:00:00,2024-04-14 18:00:00,493.2,USD_PER_MT,2,v1.0,VALID,SYNTHETIC,hash_bnk_000522,True
523,BUNKER_MGO_SINGAPORE,2024-04-14 00:00:00,2024-04-14 18:00:00,866.7,USD_PER_MT,2,v1.0,VALID,SYNTHETIC,hash_bnk_000523,True
524,BUNKER_VLSFO_ROTTERDAM,2024-04-14 00:00:00,2024-04-14 18:00:00,633.13,USD_PER_MT,2,v1.0,VALID,SYNTHETIC,hash_bnk_000524,True
525,BUNKER_VLSFO_PARADIP,2024-04-14 00:00:00,2024-04-14 18:00:00,705.57,USD_PER_MT,2,v1.0,VALID,SYNTHETIC,hash_bnk_000525,True
526,BUNKER_VLSFO_SINGAPORE,2024-04-15 00:00:00,2024-04-15 18:00:00,666.89,USD_PER_MT,2,v1.0,VALID,SYNTHETIC,hash_bnk_000526,True
527,BUNKER_IFO380_SINGAPORE,2024-04-15 00:00:00,2024-04-15 18:00:00,480.3,USD_PER_MT,2,v1.0,VALID,SYNTHETIC,hash_bnk_000527,True
528,BUNKER_MGO_SINGAPORE,2024-04-15 00:00:00,2024-04-15 18:00:00,877.97,USD_PER_MT,2,v1.0,VALID,SYNTHETIC,hash_bnk_000528,True
529,BUNKER_VLSFO_ROTTERDAM,2024-04-15 00:00:00,2024-04-15 18:00:00,638.36,USD_PER_MT,2,v1.0,VALID,SYNTHETIC,hash_bnk_000529,True
530,BUNKER_VLSFO_PARADIP,2024-04-15 00:00:00,2024-04-15 18:00:00,709.58,USD_PER_MT,2,v1.0,VALID,SYNTHETIC,hash_bnk_000530,True
531,BUNKER_VLSFO_SINGAPORE,2024-04-16 00:00:00,2024-04-16 18:00:00,662.36,USD_PER_MT,2,v1.0,VALID,SYNTHETIC,hash_bnk_000531,True
532,BUNKER_IFO380_SINGAPORE,2024-04-16 00:00:00,2024-04-16 18:00:00,489.62,USD_PER_MT,2,v1.0,VALID,SYNTHETIC,hash_bnk_000532,True
533,BUNKER_MGO_SINGAPORE,2024-04-16 00:00:00,2024-04-16 18:00:00,875.72,USD_PER_MT,2,v1.0,VALID,SYNTHETIC,hash_bnk_000533,True
534,BUNKER_VLSFO_ROTTERDAM,2024-04-16 00:00:00,2024-04-16 18:00:00,628.93,USD_PER_MT,2,v1.0,VALID,SYNTHETIC,hash_bnk_000534,True
535,BUNKER_VLSFO_PARADIP,2024-04-16 00:00:00,2024-04-16 18:00:00,697.45,USD_PER_MT,2,v1.0,VALID,SYNTHETIC,hash_bnk_000535,True
536,BUNKER_VLSFO_SINGAPORE,2024-04-17 00:00:00,2024-04-17 18:00:00,667.59,USD_PER_MT,2,v1.0,VALID,SYNTHETIC,hash_bnk_000536,True
537,BUNKER_IFO380_SINGAPORE,2024-04-17 00:00:00,2024-04-17 18:00:00,491.12,USD_PER_MT,2,v1.0,VALID,SYNTHETIC,hash_bnk_000537,True
538,BUNKER_MGO_SINGAPORE,2024-04-17 00:00:00,2024-04-17 18:00:00,863.79,USD_PER_MT,2,v1.0,VALID,SYNTHETIC,hash_bnk_000538,True
539,BUNKER_VLSFO_ROTTERDAM,2024-04-17 00:00:00,2024-04-17 18:00:00,630.65,USD_PER_MT,2,v1.0,VALID,SYNTHETIC,hash_bnk_000539,True
540,BUNKER_VLSFO_PARADIP,2024-04-17 00:00:00,2024-04-17 18:00:00,702.57,USD_PER_MT,2,v1.0,VALID,SYNTHETIC,hash_bnk_000540,True
541,BUNKER_VLSFO_SINGAPORE,2024-04-18 00:00:00,2024-04-18 18:00:00,668.26,USD_PER_MT,2,v1.0,VALID,SYNTHETIC,hash_bnk_000541,True
542,BUNKER_IFO380_SINGAPORE,2024-04-18 00:00:00,2024-04-18 18:00:00,487.69,USD_PER_MT,2,v1.0,VALID,SYNTHETIC,hash_bnk_000542,True
543,BUNKER_MGO_SINGAPORE,2024-04-18 00:00:00,2024-04-18 18:00:00,874.1,USD_PER_MT,2,v1.0,VALID,SYNTHETIC,hash_bnk_000543,True
544,BUNKER_VLSFO_ROTTERDAM,2024-04-18 00:00:00,2024-04-18 18:00:00,626.73,USD_PER_MT,2,v1.0,VALID,SYNTHETIC,hash_bnk_000544,True
545,BUNKER_VLSFO_PARADIP,2024-04-18 00:00:00,2024-04-18 18:00:00,700.85,USD_PER_MT,2,v1.0,VALID,SYNTHETIC,hash_bnk_000545,True
546,BUNKER_VLSFO_SINGAPORE,2024-04-19 00:00:00,2024-04-19 18:00:00,658.37,USD_PER_MT,2,v1.0,VALID,SYNTHETIC,hash_bnk_000546,True
547,BUNKER_IFO380_SINGAPORE,2024-04-19 00:00:00,2024-04-19 18:00:00,488.55,USD_PER_MT,2,v1.0,VALID,SYNTHETIC,hash_bnk_000547,True
548,BUNKER_MGO_SINGAPORE,2024-04-19 00:00:00,2024-04-19 18:00:00,869.12,USD_PER_MT,2,v1.0,VALID,SYNTHETIC,hash_bnk_000548,True
549,BUNKER_VLSFO_ROTTERDAM,2024-04-19 00:00:00,2024-04-19 18:00:00,629.06,USD_PER_MT,2,v1.0,VALID,SYNTHETIC,hash_bnk_000549,True
550,BUNKER_VLSFO_PARADIP,2024-04-19 00:00:00,2024-04-19 18:00:00,692.71,USD_PER_MT,2,v1.0,VALID,SYNTHETIC,hash_bnk_000550,True
551,BUNKER_VLSFO_SINGAPORE,2024-04-20 00:00:00,2024-04-20 18:00:00,665.04,USD_PER_MT,2,v1.0,VALID,SYNTHETIC,hash_bnk_000551,True
552,BUNKER_IFO380_SINGAPORE,2024-04-20 00:00:00,2024-04-20 18:00:00,487.82,USD_PER_MT,2,v1.0,VALID,SYNTHETIC,hash_bnk_000552,True
553,BUNKER_MGO_SINGAPORE,2024-04-20 00:00:00,2024-04-20 18:00:00,866.52,USD_PER_MT,2,v1.0,VALID,SYNTHETIC,hash_bnk_000553,True
554,BUNKER_VLSFO_ROTTERDAM,2024-04-20 00:00:00,2024-04-20 18:00:00,636.27,USD_PER_MT,2,v1.0,VALID,SYNTHETIC,hash_bnk_000554,True
555,BUNKER_VLSFO_PARADIP,2024-04-20 00:00:00,2024-04-20 18:00:00,705.44,USD_PER_MT,2,v1.0,VALID,SYNTHETIC,hash_bnk_000555,True
556,BUNKER_VLSFO_SINGAPORE,2024-04-21 00:00:00,2024-04-21 18:00:00,657.0,USD_PER_MT,2,v1.0,VALID,SYNTHETIC,hash_bnk_000556,True
557,BUNKER_IFO380_SINGAPORE,2024-04-21 00:00:00,2024-04-21 18:00:00,490.82,USD_PER_MT,2,v1.0,VALID,SYNTHETIC,hash_bnk_000557,True
558,BUNKER_MGO_SINGAPORE,2024-04-21 00:00:00,2024-04-21 18:00:00,866.99,USD_PER_MT,2,v1.0,VALID,SYNTHETIC,hash_bnk_000558,True
559,BUNKER_VLSFO_ROTTERDAM,2024-04-21 00:00:00,2024-04-21 18:00:00,628.86,USD_PER_MT,2,v1.0,VALID,SYNTHETIC,hash_bnk_000559,True
560,BUNKER_VLSFO_PARADIP,2024-04-21 00:00:00,2024-04-21 18:00:00,698.16,USD_PER_MT,2,v1.0,VALID,SYNTHETIC,hash_bnk_000560,True
561,BUNKER_VLSFO_SINGAPORE,2024-04-22 00:00:00,2024-04-22 18:00:00,659.77,USD_PER_MT,2,v1.0,VALID,SYNTHETIC,hash_bnk_000561,True
562,BUNKER_IFO380_SINGAPORE,2024-04-22 00:00:00,2024-04-22 18:00:00,489.85,USD_PER_MT,2,v1.0,VALID,SYNTHETIC,hash_bnk_000562,True
563,BUNKER_MGO_SINGAPORE,2024-04-22 00:00:00,2024-04-22 18:00:00,848.48,USD_PER_MT,2,v1.0,VALID,SYNTHETIC,hash_bnk_000563,True
564,BUNKER_VLSFO_ROTTERDAM,2024-04-22 00:00:00,2024-04-22 18:00:00,630.5,USD_PER_MT,2,v1.0,VALID,SYNTHETIC,hash_bnk_000564,True
565,BUNKER_VLSFO_PARADIP,2024-04-22 00:00:00,2024-04-22 18:00:00,694.35,USD_PER_MT,2,v1.0,VALID,SYNTHETIC,hash_bnk_000565,True
566,BUNKER_VLSFO_SINGAPORE,2024-04-23 00:00:00,2024-04-23 18:00:00,657.22,USD_PER_MT,2,v1.0,VALID,SYNTHETIC,hash_bnk_000566,True
567,BUNKER_IFO380_SINGAPORE,2024-04-23 00:00:00,2024-04-23 18:00:00,484.92,USD_PER_MT,2,v1.0,VALID,SYNTHETIC,hash_bnk_000567,True
568,BUNKER_MGO_SINGAPORE,2024-04-23 00:00:00,2024-04-23 18:00:00,863.59,USD_PER_MT,2,v1.0,VALID,SYNTHETIC,hash_bnk_000568,True
569,BUNKER_VLSFO_ROTTERDAM,2024-04-23 00:00:00,2024-04-23 18:00:00,626.69,USD_PER_MT,2,v1.0,VALID,SYNTHETIC,hash_bnk_000569,True
570,BUNKER_VLSFO_PARADIP,2024-04-23 00:00:00,2024-04-23 18:00:00,687.47,USD_PER_MT,2,v1.0,VALID,SYNTHETIC,hash_bnk_000570,True
571,BUNKER_VLSFO_SINGAPORE,2024-04-24 00:00:00,2024-04-24 18:00:00,650.93,USD_PER_MT,2,v1.0,VALID,SYNTHETIC,hash_bnk_000571,True
572,BUNKER_IFO380_SINGAPORE,2024-04-24 00:00:00,2024-04-24 18:00:00,491.61,USD_PER_MT,2,v1.0,VALID,SYNTHETIC,hash_bnk_000572,True
573,BUNKER_MGO_SINGAPORE,2024-04-24 00:00:00,2024-04-24 18:00:00,852.98,USD_PER_MT,2,v1.0,VALID,SYNTHETIC,hash_bnk_000573,True
574,BUNKER_VLSFO_ROTTERDAM,2024-04-24 00:00:00,2024-04-24 18:00:00,624.22,USD_PER_MT,2,v1.0,VALID,SYNTHETIC,hash_bnk_000574,True
575,BUNKER_VLSFO_PARADIP,2024-04-24 00:00:00,2024-04-24 18:00:00,698.29,USD_PER_MT,2,v1.0,VALID,SYNTHETIC,hash_bnk_000575,True
576,BUNKER_VLSFO_SINGAPORE,2024-04-25 00:00:00,2024-04-25 18:00:00,661.37,USD_PER_MT,2,v1.0,VALID,SYNTHETIC,hash_bnk_000576,True
577,BUNKER_IFO380_SINGAPORE,2024-04-25 00:00:00,2024-04-25 18:00:00,483.44,USD_PER_MT,2,v1.0,VALID,SYNTHETIC,hash_bnk_000577,True
578,BUNKER_MGO_SINGAPORE,2024-04-25 00:00:00,2024-04-25 18:00:00,858.54,USD_PER_MT,2,v1.0,VALID,SYNTHETIC,hash_bnk_000578,True
579,BUNKER_VLSFO_ROTTERDAM,2024-04-25 00:00:00,2024-04-25 18:00:00,630.32,USD_PER_MT,2,v1.0,VALID,SYNTHETIC,hash_bnk_000579,True
580,BUNKER_VLSFO_PARADIP,2024-04-25 00:00:00,2024-04-25 18:00:00,690.34,USD_PER_MT,2,v1.0,VALID,SYNTHETIC,hash_bnk_000580,True
581,BUNKER_VLSFO_SINGAPORE,2024-04-26 00:00:00,2024-04-26 18:00:00,653.78,USD_PER_MT,2,v1.0,VALID,SYNTHETIC,hash_bnk_000581,True
582,BUNKER_IFO380_SINGAPORE,2024-04-26 00:00:00,2024-04-26 18:00:00,483.06,USD_PER_MT,2,v1.0,VALID,SYNTHETIC,hash_bnk_000582,True
583,BUNKER_MGO_SINGAPORE,2024-04-26 00:00:00,2024-04-26 18:00:00,858.72,USD_PER_MT,2,v1.0,VALID,SYNTHETIC,hash_bnk_000583,True
584,BUNKER_VLSFO_ROTTERDAM,2024-04-26 00:00:00,2024-04-26 18:00:00,623.58,USD_PER_MT,2,v1.0,VALID,SYNTHETIC,hash_bnk_000584,True
585,BUNKER_VLSFO_PARADIP,2024-04-26 00:00:00,2024-04-26 18:00:00,687.36,USD_PER_MT,2,v1.0,VALID,SYNTHETIC,hash_bnk_000585,True
586,BUNKER_VLSFO_SINGAPORE,2024-04-27 00:00:00,2024-04-27 18:00:00,656.36,USD_PER_MT,2,v1.0,VALID,SYNTHETIC,hash_bnk_000586,True
587,BUNKER_IFO380_SINGAPORE,2024-04-27 00:00:00,2024-04-27 18:00:00,491.21,USD_PER_MT,2,v1.0,VALID,SYNTHETIC,hash_bnk_000587,True
588,BUNKER_MGO_SINGAPORE,2024-04-27 00:00:00,2024-04-27 18:00:00,849.02,USD_PER_MT,2,v1.0,VALID,SYNTHETIC,hash_bnk_000588,True
589,BUNKER_VLSFO_ROTTERDAM,2024-04-27 00:00:00,2024-04-27 18:00:00,624.71,USD_PER_MT,2,v1.0,VALID,SYNTHETIC,hash_bnk_000589,True
590,BUNKER_VLSFO_PARADIP,2024-04-27 00:00:00,2024-04-27 18:00:00,688.29,USD_PER_MT,2,v1.0,VALID,SYNTHETIC,hash_bnk_000590,True
591,BUNKER_VLSFO_SINGAPORE,2024-04-28 00:00:00,2024-04-28 18:00:00,651.88,USD_PER_MT,2,v1.0,VALID,SYNTHETIC,hash_bnk_000591,True
592,BUNKER_IFO380_SINGAPORE,2024-04-28 00:00:00,2024-04-28 18:00:00,488.06,USD_PER_MT,2,v1.0,VALID,SYNTHETIC,hash_bnk_000592,True
593,BUNKER_MGO_SINGAPORE,2024-04-28 00:00:00,2024-04-28 18:00:00,862.81,USD_PER_MT,2,v1.0,VALID,SYNTHETIC,hash_bnk_000593,True
594,BUNKER_VLSFO_ROTTERDAM,2024-04-28 00:00:00,2024-04-28 18:00:00,622.73,USD_PER_MT,2,v1.0,VALID,SYNTHETIC,hash_bnk_000594,True
595,BUNKER_VLSFO_PARADIP,2024-04-28 00:00:00,2024-04-28 18:00:00,689.39,USD_PER_MT,2,v1.0,VALID,SYNTHETIC,hash_bnk_000595,True
596,BUNKER_VLSFO_SINGAPORE,2024-04-29 00:00:00,2024-04-29 18:00:00,650.95,USD_PER_MT,2,v1.0,VALID,SYNTHETIC,hash_bnk_000596,True
597,BUNKER_IFO380_SINGAPORE,2024-04-29 00:00:00,2024-04-29 18:00:00,490.54,USD_PER_MT,2,v1.0,VALID,SYNTHETIC,hash_bnk_000597,True
598,BUNKER_MGO_SINGAPORE,2024-04-29 00:00:00,2024-04-29 18:00:00,855.87,USD_PER_MT,2,v1.0,VALID,SYNTHETIC,hash_bnk_000598,True
599,BUNKER_VLSFO_ROTTERDAM,2024-04-29 00:00:00,2024-04-29 18:00:00,623.85,USD_PER_MT,2,v1.0,VALID,SYNTHETIC,hash_bnk_000599,True
600,BUNKER_VLSFO_PARADIP,2024-04-29 00:00:00,2024-04-29 18:00:00,691.27,USD_PER_MT,2,v1.0,VALID,SYNTHETIC,hash_bnk_000600,True
601,BUNKER_VLSFO_SINGAPORE,2024-04-30 00:00:00,2024-04-30 18:00:00,657.3,USD_PER_MT,2,v1.0,VALID,SYNTHETIC,hash_bnk_000601,True
602,BUNKER_IFO380_SINGAPORE,2024-04-30 00:00:00,2024-04-30 18:00:00,484.15,USD_PER_MT,2,v1.0,VALID,SYNTHETIC,hash_bnk_000602,True
603,BUNKER_MGO_SINGAPORE,2024-04-30 00:00:00,2024-04-30 18:00:00,852.1,USD_PER_MT,2,v1.0,VALID,SYNTHETIC,hash_bnk_000603,True
604,BUNKER_VLSFO_ROTTERDAM,2024-04-30 00:00:00,2024-04-30 18:00:00,616.54,USD_PER_MT,2,v1.0,VALID,SYNTHETIC,hash_bnk_000604,True
605,BUNKER_VLSFO_PARADIP,2024-04-30 00:00:00,2024-04-30 18:00:00,690.61,USD_PER_MT,2,v1.0,VALID,SYNTHETIC,hash_bnk_000605,True
606,BUNKER_VLSFO_SINGAPORE,2024-05-01 00:00:00,2024-05-01 18:00:00,658.18,USD_PER_MT,2,v1.0,VALID,SYNTHETIC,hash_bnk_000606,True
607,BUNKER_IFO380_SINGAPORE,2024-05-01 00:00:00,2024-05-01 18:00:00,480.91,USD_PER_MT,2,v1.0,VALID,SYNTHETIC,hash_bnk_000607,True
608,BUNKER_MGO_SINGAPORE,2024-05-01 00:00:00,2024-05-01 18:00:00,855.13,USD_PER_MT,2,v1.0,VALID,SYNTHETIC,hash_bnk_000608,True
609,BUNKER_VLSFO_ROTTERDAM,2024-05-01 00:00:00,2024-05-01 18:00:00,622.96,USD_PER_MT,2,v1.0,VALID,SYNTHETIC,hash_bnk_000609,True
610,BUNKER_VLSFO_PARADIP,2024-05-01 00:00:00,2024-05-01 18:00:00,694.12,USD_PER_MT,2,v1.0,VALID,SYNTHETIC,hash_bnk_000610,True
611,BUNKER_VLSFO_SINGAPORE,2024-05-02 00:00:00,2024-05-02 18:00:00,651.12,USD_PER_MT,2,v1.0,VALID,SYNTHETIC,hash_bnk_000611,True
612,BUNKER_IFO380_SINGAPORE,2024-05-02 00:00:00,2024-05-02 18:00:00,488.13,USD_PER_MT,2,v1.0,VALID,SYNTHETIC,hash_bnk_000612,True
613,BUNKER_MGO_SINGAPORE,2024-05-02 00:00:00,2024-05-02 18:00:00,850.3,USD_PER_MT,2,v1.0,VALID,SYNTHETIC,hash_bnk_000613,True
614,BUNKER_VLSFO_ROTTERDAM,2024-05-02 00:00:00,2024-05-02 18:00:00,617.99,USD_PER_MT,2,v1.0,VALID,SYNTHETIC,hash_bnk_000614,True
615,BUNKER_VLSFO_PARADIP,2024-05-02 00:00:00,2024-05-02 18:00:00,684.04,USD_PER_MT,2,v1.0,VALID,SYNTHETIC,hash_bnk_000615,True
616,BUNKER_VLSFO_SINGAPORE,2024-05-03 00:00:00,2024-05-03 18:00:00,648.91,USD_PER_MT,2,v1.0,VALID,SYNTHETIC,hash_bnk_000616,True
617,BUNKER_IFO380_SINGAPORE,2024-05-03 00:00:00,2024-05-03 18:00:00,483.03,USD_PER_MT,2,v1.0,VALID,SYNTHETIC,hash_bnk_000617,True
618,BUNKER_MGO_SINGAPORE,2024-05-03 00:00:00,2024-05-03 18:00:00,855.21,USD_PER_MT,2,v1.0,VALID,SYNTHETIC,hash_bnk_000618,True
619,BUNKER_VLSFO_ROTTERDAM,2024-05-03 00:00:00,2024-05-03 18:00:00,620.45,USD_PER_MT,2,v1.0,VALID,SYNTHETIC,hash_bnk_000619,True
620,BUNKER_VLSFO_PARADIP,2024-05-03 00:00:00,2024-05-03 18:00:00,690.83,USD_PER_MT,2,v1.0,VALID,SYNTHETIC,hash_bnk_000620,True
621,BUNKER_VLSFO_SINGAPORE,2024-05-04 00:00:00,2024-05-04 18:00:00,648.72,USD_PER_MT,2,v1.0,VALID,SYNTHETIC,hash_bnk_000621,True
622,BUNKER_IFO380_SINGAPORE,2024-05-04 00:00:00,2024-05-04 18:00:00,487.21,USD_PER_MT,2,v1.0,VALID,SYNTHETIC,hash_bnk_000622,True
623,BUNKER_MGO_SINGAPORE,2024-05-04 00:00:00,2024-05-04 18:00:00,855.52,USD_PER_MT,2,v1.0,VALID,SYNTHETIC,hash_bnk_000623,True
624,BUNKER_VLSFO_ROTTERDAM,2024-05-04 00:00:00,2024-05-04 18:00:00,623.82,USD_PER_MT,2,v1.0,VALID,SYNTHETIC,hash_bnk_000624,True
625,BUNKER_VLSFO_PARADIP,2024-05-04 00:00:00,2024-05-04 18:00:00,685.83,USD_PER_MT,2,v1.0,VALID,SYNTHETIC,hash_bnk_000625,True
626,BUNKER_VLSFO_SINGAPORE,2024-05-05 00:00:00,2024-05-05 18:00:00,646.51,USD_PER_MT,2,v1.0,VALID,SYNTHETIC,hash_bnk_000626,True
627,BUNKER_IFO380_SINGAPORE,2024-05-05 00:00:00,2024-05-05 18:00:00,483.43,USD_PER_MT,2,v1.0,VALID,SYNTHETIC,hash_bnk_000627,True
628,BUNKER_MGO_SINGAPORE,2024-05-05 00:00:00,2024-05-05 18:00:00,849.55,USD_PER_MT,2,v1.0,VALID,SYNTHETIC,hash_bnk_000628,True
629,BUNKER_VLSFO_ROTTERDAM,2024-05-05 00:00:00,2024-05-05 18:00:00,623.01,USD_PER_MT,2,v1.0,VALID,SYNTHETIC,hash_bnk_000629,True
630,BUNKER_VLSFO_PARADIP,2024-05-05 00:00:00,2024-05-05 18:00:00,688.88,USD_PER_MT,2,v1.0,VALID,SYNTHETIC,hash_bnk_000630,True
631,BUNKER_VLSFO_SINGAPORE,2024-05-06 00:00:00,2024-05-06 18:00:00,651.25,USD_PER_MT,2,v1.0,VALID,SYNTHETIC,hash_bnk_000631,True
632,BUNKER_IFO380_SINGAPORE,2024-05-06 00:00:00,2024-05-06 18:00:00,489.32,USD_PER_MT,2,v1.0,VALID,SYNTHETIC,hash_bnk_000632,True
633,BUNKER_MGO_SINGAPORE,2024-05-06 00:00:00,2024-05-06 18:00:00,846.21,USD_PER_MT,2,v1.0,VALID,SYNTHETIC,hash_bnk_000633,True
634,BUNKER_VLSFO_ROTTERDAM,2024-05-06 00:00:00,2024-05-06 18:00:00,616.15,USD_PER_MT,2,v1.0,VALID,SYNTHETIC,hash_bnk_000634,True
635,BUNKER_VLSFO_PARADIP,2024-05-06 00:00:00,2024-05-06 18:00:00,685.8,USD_PER_MT,2,v1.0,VALID,SYNTHETIC,hash_bnk_000635,True
636,BUNKER_VLSFO_SINGAPORE,2024-05-07 00:00:00,2024-05-07 18:00:00,646.06,USD_PER_MT,2,v1.0,VALID,SYNTHETIC,hash_bnk_000636,True
637,BUNKER_IFO380_SINGAPORE,2024-05-07 00:00:00,2024-05-07 18:00:00,483.93,USD_PER_MT,2,v1.0,VALID,SYNTHETIC,hash_bnk_000637,True
638,BUNKER_MGO_SINGAPORE,2024-05-07 00:00:00,2024-05-07 18:00:00,841.2,USD_PER_MT,2,v1.0,VALID,SYNTHETIC,hash_bnk_000638,True
639,BUNKER_VLSFO_ROTTERDAM,2024-05-07 00:00:00,2024-05-07 18:00:00,621.08,USD_PER_MT,2,v1.0,VALID,SYNTHETIC,hash_bnk_000639,True
640,BUNKER_VLSFO_PARADIP,2024-05-07 00:00:00,2024-05-07 18:00:00,688.26,USD_PER_MT,2,v1.0,VALID,SYNTHETIC,hash_bnk_000640,True
641,BUNKER_VLSFO_SINGAPORE,2024-05-08 00:00:00,2024-05-08 18:00:00,645.44,USD_PER_MT,2,v1.0,VALID,SYNTHETIC,hash_bnk_000641,True
642,BUNKER_IFO380_SINGAPORE,2024-05-08 00:00:00,2024-05-08 18:00:00,478.71,USD_PER_MT,2,v1.0,VALID,SYNTHETIC,hash_bnk_000642,True
643,BUNKER_MGO_SINGAPORE,2024-05-08 00:00:00,2024-05-08 18:00:00,845.38,USD_PER_MT,2,v1.0,VALID,SYNTHETIC,hash_bnk_000643,True
644,BUNKER_VLSFO_ROTTERDAM,2024-05-08 00:00:00,2024-05-08 18:00:00,617.09,USD_PER_MT,2,v1.0,VALID,SYNTHETIC,hash_bnk_000644,True
645,BUNKER_VLSFO_PARADIP,2024-05-08 00:00:00,2024-05-08 18:00:00,685.47,USD_PER_MT,2,v1.0,VALID,SYNTHETIC,hash_bnk_000645,True
646,BUNKER_VLSFO_SINGAPORE,2024-05-09 00:00:00,2024-05-09 18:00:00,647.71,USD_PER_MT,2,v1.0,VALID,SYNTHETIC,hash_bnk_000646,True
647,BUNKER_IFO380_SINGAPORE,2024-05-09 00:00:00,2024-05-09 18:00:00,482.06,USD_PER_MT,2,v1.0,VALID,SYNTHETIC,hash_bnk_000647,True
648,BUNKER_MGO_SINGAPORE,2024-05-09 00:00:00,2024-05-09 18:00:00,842.83,USD_PER_MT,2,v1.0,VALID,SYNTHETIC,hash_bnk_000648,True
649,BUNKER_VLSFO_ROTTERDAM,2024-05-09 00:00:00,2024-05-09 18:00:00,614.49,USD_PER_MT,2,v1.0,VALID,SYNTHETIC,hash_bnk_000649,True
650,BUNKER_VLSFO_PARADIP,2024-05-09 00:00:00,2024-05-09 18:00:00,694.72,USD_PER_MT,2,v1.0,VALID,SYNTHETIC,hash_bnk_000650,True
651,BUNKER_VLSFO_SINGAPORE,2024-05-10 00:00:00,2024-05-10 18:00:00,649.25,USD_PER_MT,2,v1.0,VALID,SYNTHETIC,hash_bnk_000651,True
652,BUNKER_IFO380_SINGAPORE,2024-05-10 00:00:00,2024-05-10 18:00:00,476.98,USD_PER_MT,2,v1.0,VALID,SYNTHETIC,hash_bnk_000652,True
653,BUNKER_MGO_SINGAPORE,2024-05-10 00:00:00,2024-05-10 18:00:00,843.41,USD_PER_MT,2,v1.0,VALID,SYNTHETIC,hash_bnk_000653,True
654,BUNKER_VLSFO_ROTTERDAM,2024-05-10 00:00:00,2024-05-10 18:00:00,604.06,USD_PER_MT,2,v1.0,VALID,SYNTHETIC,hash_bnk_000654,True
655,BUNKER_VLSFO_PARADIP,2024-05-10 00:00:00,2024-05-10 18:00:00,675.95,USD_PER_MT,2,v1.0,VALID,SYNTHETIC,hash_bnk_000655,True
656,BUNKER_VLSFO_SINGAPORE,2024-05-11 00:00:00,2024-05-11 18:00:00,642.49,USD_PER_MT,2,v1.0,VALID,SYNTHETIC,hash_bnk_000656,True
657,BUNKER_IFO380_SINGAPORE,2024-05-11 00:00:00,2024-05-11 18:00:00,478.89,USD_PER_MT,2,v1.0,VALID,SYNTHETIC,hash_bnk_000657,True
658,BUNKER_MGO_SINGAPORE,2024-05-11 00:00:00,2024-05-11 18:00:00,834.95,USD_PER_MT,2,v1.0,VALID,SYNTHETIC,hash_bnk_000658,True
659,BUNKER_VLSFO_ROTTERDAM,2024-05-11 00:00:00,2024-05-11 18:00:00,612.7,USD_PER_MT,2,v1.0,VALID,SYNTHETIC,hash_bnk_000659,True
660,BUNKER_VLSFO_PARADIP,2024-05-11 00:00:00,2024-05-11 18:00:00,677.5,USD_PER_MT,2,v1.0,VALID,SYNTHETIC,hash_bnk_000660,True
661,BUNKER_VLSFO_SINGAPORE,2024-05-12 00:00:00,2024-05-12 18:00:00,640.37,USD_PER_MT,2,v1.0,VALID,SYNTHETIC,hash_bnk_000661,True
662,BUNKER_IFO380_SINGAPORE,2024-05-12 00:00:00,2024-05-12 18:00:00,474.59,USD_PER_MT,2,v1.0,VALID,SYNTHETIC,hash_bnk_000662,True
663,BUNKER_MGO_SINGAPORE,2024-05-12 00:00:00,2024-05-12 18:00:00,843.12,USD_PER_MT,2,v1.0,VALID,SYNTHETIC,hash_bnk_000663,True
664,BUNKER_VLSFO_ROTTERDAM,2024-05-12 00:00:00,2024-05-12 18:00:00,611.42,USD_PER_MT,2,v1.0,VALID,SYNTHETIC,hash_bnk_000664,True
665,BUNKER_VLSFO_PARADIP,2024-05-12 00:00:00,2024-05-12 18:00:00,683.26,USD_PER_MT,2,v1.0,VALID,SYNTHETIC,hash_bnk_000665,True
666,BUNKER_VLSFO_SINGAPORE,2024-05-13 00:00:00,2024-05-13 18:00:00,640.51,USD_PER_MT,2,v1.0,VALID,SYNTHETIC,hash_bnk_000666,True
667,BUNKER_IFO380_SINGAPORE,2024-05-13 00:00:00,2024-05-13 18:00:00,476.61,USD_PER_MT,2,v1.0,VALID,SYNTHETIC,hash_bnk_000667,True
668,BUNKER_MGO_SINGAPORE,2024-05-13 00:00:00,2024-05-13 18:00:00,842.49,USD_PER_MT,2,v1.0,VALID,SYNTHETIC,hash_bnk_000668,True
669,BUNKER_VLSFO_ROTTERDAM,2024-05-13 00:00:00,2024-05-13 18:00:00,604.87,USD_PER_MT,2,v1.0,VALID,SYNTHETIC,hash_bnk_000669,True
670,BUNKER_VLSFO_PARADIP,2024-05-13 00:00:00,2024-05-13 18:00:00,674.79,USD_PER_MT,2,v1.0,VALID,SYNTHETIC,hash_bnk_000670,True
671,BUNKER_VLSFO_SINGAPORE,2024-05-14 00:00:00,2024-05-14 18:00:00,638.0,USD_PER_MT,2,v1.0,VALID,SYNTHETIC,hash_bnk_000671,True
672,BUNKER_IFO380_SINGAPORE,2024-05-14 00:00:00,2024-05-14 18:00:00,472.71,USD_PER_MT,2,v1.0,VALID,SYNTHETIC,hash_bnk_000672,True
673,BUNKER_MGO_SINGAPORE,2024-05-14 00:00:00,2024-05-14 18:00:00,837.04,USD_PER_MT,2,v1.0,VALID,SYNTHETIC,hash_bnk_000673,True
674,BUNKER_VLSFO_ROTTERDAM,2024-05-14 00:00:00,2024-05-14 18:00:00,604.2,USD_PER_MT,2,v1.0,VALID,SYNTHETIC,hash_bnk_000674,True
675,BUNKER_VLSFO_PARADIP,2024-05-14 00:00:00,2024-05-14 18:00:00,675.57,USD_PER_MT,2,v1.0,VALID,SYNTHETIC,hash_bnk_000675,True
676,BUNKER_VLSFO_SINGAPORE,2024-05-15 00:00:00,2024-05-15 18:00:00,638.59,USD_PER_MT,2,v1.0,VALID,SYNTHETIC,hash_bnk_000676,True
677,BUNKER_IFO380_SINGAPORE,2024-05-15 00:00:00,2024-05-15 18:00:00,470.93,USD_PER_MT,2,v1.0,VALID,SYNTHETIC,hash_bnk_000677,True
678,BUNKER_MGO_SINGAPORE,2024-05-15 00:00:00,2024-05-15 18:00:00,840.09,USD_PER_MT,2,v1.0,VALID,SYNTHETIC,hash_bnk_000678,True
679,BUNKER_VLSFO_ROTTERDAM,2024-05-15 00:00:00,2024-05-15 18:00:00,607.43,USD_PER_MT,2,v1.0,VALID,SYNTHETIC,hash_bnk_000679,True
680,BUNKER_VLSFO_PARADIP,2024-05-15 00:00:00,2024-05-15 18:00:00,677.75,USD_PER_MT,2,v1.0,VALID,SYNTHETIC,hash_bnk_000680,True
681,BUNKER_VLSFO_SINGAPORE,2024-05-16 00:00:00,2024-05-16 18:00:00,634.64,USD_PER_MT,2,v1.0,VALID,SYNTHETIC,hash_bnk_000681,True
682,BUNKER_IFO380_SINGAPORE,2024-05-16 00:00:00,2024-05-16 18:00:00,473.18,USD_PER_MT,2,v1.0,VALID,SYNTHETIC,hash_bnk_000682,True
683,BUNKER_MGO_SINGAPORE,2024-05-16 00:00:00,2024-05-16 18:00:00,821.02,USD_PER_MT,2,v1.0,VALID,SYNTHETIC,hash_bnk_000683,True
684,BUNKER_VLSFO_ROTTERDAM,2024-05-16 00:00:00,2024-05-16 18:00:00,614.58,USD_PER_MT,2,v1.0,VALID,SYNTHETIC,hash_bnk_000684,True
685,BUNKER_VLSFO_PARADIP,2024-05-16 00:00:00,2024-05-16 18:00:00,666.41,USD_PER_MT,2,v1.0,VALID,SYNTHETIC,hash_bnk_000685,True
686,BUNKER_VLSFO_SINGAPORE,2024-05-17 00:00:00,2024-05-17 18:00:00,639.02,USD_PER_MT,2,v1.0,VALID,SYNTHETIC,hash_bnk_000686,True
687,BUNKER_IFO380_SINGAPORE,2024-05-17 00:00:00,2024-05-17 18:00:00,472.32,USD_PER_MT,2,v1.0,VALID,SYNTHETIC,hash_bnk_000687,True
688,BUNKER_MGO_SINGAPORE,2024-05-17 00:00:00,2024-05-17 18:00:00,836.83,USD_PER_MT,2,v1.0,VALID,SYNTHETIC,hash_bnk_000688,True
689,BUNKER_VLSFO_ROTTERDAM,2024-05-17 00:00:00,2024-05-17 18:00:00,604.85,USD_PER_MT,2,v1.0,VALID,SYNTHETIC,hash_bnk_000689,True
690,BUNKER_VLSFO_PARADIP,2024-05-17 00:00:00,2024-05-17 18:00:00,662.13,USD_PER_MT,2,v1.0,VALID,SYNTHETIC,hash_bnk_000690,True
691,BUNKER_VLSFO_SINGAPORE,2024-05-18 00:00:00,2024-05-18 18:00:00,633.35,USD_PER_MT,2,v1.0,VALID,SYNTHETIC,hash_bnk_000691,True
692,BUNKER_IFO380_SINGAPORE,2024-05-18 00:00:00,2024-05-18 18:00:00,469.8,USD_PER_MT,2,v1.0,VALID,SYNTHETIC,hash_bnk_000692,True
693,BUNKER_MGO_SINGAPORE,2024-05-18 00:00:00,2024-05-18 18:00:00,831.28,USD_PER_MT,2,v1.0,VALID,SYNTHETIC,hash_bnk_000693,True
694,BUNKER_VLSFO_ROTTERDAM,2024-05-18 00:00:00,2024-05-18 18:00:00,607.89,USD_PER_MT,2,v1.0,VALID,SYNTHETIC,hash_bnk_000694,True
695,BUNKER_VLSFO_PARADIP,2024-05-18 00:00:00,2024-05-18 18:00:00,670.04,USD_PER_MT,2,v1.0,VALID,SYNTHETIC,hash_bnk_000695,True
696,BUNKER_VLSFO_SINGAPORE,2024-05-19 00:00:00,2024-05-19 18:00:00,633.17,USD_PER_MT,2,v1.0,VALID,SYNTHETIC,hash_bnk_000696,True
697,BUNKER_IFO380_SINGAPORE,2024-05-19 00:00:00,2024-05-19 18:00:00,468.22,USD_PER_MT,2,v1.0,VALID,SYNTHETIC,hash_bnk_000697,True
698,BUNKER_MGO_SINGAPORE,2024-05-19 00:00:00,2024-05-19 18:00:00,830.37,USD_PER_MT,2,v1.0,VALID,SYNTHETIC,hash_bnk_000698,True
699,BUNKER_VLSFO_ROTTERDAM,2024-05-19 00:00:00,2024-05-19 18:00:00,607.42,USD_PER_MT,2,v1.0,VALID,SYNTHETIC,hash_bnk_000699,True
700,BUNKER_VLSFO_PARADIP,2024-05-19 00:00:00,2024-05-19 18:00:00,668.13,USD_PER_MT,2,v1.0,VALID,SYNTHETIC,hash_bnk_000700,True
701,BUNKER_VLSFO_SINGAPORE,2024-05-20 00:00:00,2024-05-20 18:00:00,645.07,USD_PER_MT,2,v1.0,VALID,SYNTHETIC,hash_bnk_000701,True
702,BUNKER_IFO380_SINGAPORE,2024-05-20 00:00:00,2024-05-20 18:00:00,468.61,USD_PER_MT,2,v1.0,VALID,SYNTHETIC,hash_bnk_000702,True
703,BUNKER_MGO_SINGAPORE,2024-05-20 00:00:00,2024-05-20 18:00:00,825.2,USD_PER_MT,2,v1.0,VALID,SYNTHETIC,hash_bnk_000703,True
704,BUNKER_VLSFO_ROTTERDAM,2024-05-20 00:00:00,2024-05-20 18:00:00,608.59,USD_PER_MT,2,v1.0,VALID,SYNTHETIC,hash_bnk_000704,True
705,BUNKER_VLSFO_PARADIP,2024-05-20 00:00:00,2024-05-20 18:00:00,672.85,USD_PER_MT,2,v1.0,VALID,SYNTHETIC,hash_bnk_000705,True
706,BUNKER_VLSFO_SINGAPORE,2024-05-21 00:00:00,2024-05-21 18:00:00,639.27,USD_PER_MT,2,v1.0,VALID,SYNTHETIC,hash_bnk_000706,True
707,BUNKER_IFO380_SINGAPORE,2024-05-21 00:00:00,2024-05-21 18:00:00,467.75,USD_PER_MT,2,v1.0,VALID,SYNTHETIC,hash_bnk_000707,True
708,BUNKER_MGO_SINGAPORE,2024-05-21 00:00:00,2024-05-21 18:00:00,829.03,USD_PER_MT,2,v1.0,VALID,SYNTHETIC,hash_bnk_000708,True
709,BUNKER_VLSFO_ROTTERDAM,2024-05-21 00:00:00,2024-05-21 18:00:00,603.17,USD_PER_MT,2,v1.0,VALID,SYNTHETIC,hash_bnk_000709,True
710,BUNKER_VLSFO_PARADIP,2024-05-21 00:00:00,2024-05-21 18:00:00,674.18,USD_PER_MT,2,v1.0,VALID,SYNTHETIC,hash_bnk_000710,True
711,BUNKER_VLSFO_SINGAPORE,2024-05-22 00:00:00,2024-05-22 18:00:00,630.95,USD_PER_MT,2,v1.0,VALID,SYNTHETIC,hash_bnk_000711,True
712,BUNKER_IFO380_SINGAPORE,2024-05-22 00:00:00,2024-05-22 18:00:00,474.61,USD_PER_MT,2,v1.0,VALID,SYNTHETIC,hash_bnk_000712,True
713,BUNKER_MGO_SINGAPORE,2024-05-22 00:00:00,2024-05-22 18:00:00,818.29,USD_PER_MT,2,v1.0,VALID,SYNTHETIC,hash_bnk_000713,True
714,BUNKER_VLSFO_ROTTERDAM,2024-05-22 00:00:00,2024-05-22 18:00:00,604.79,USD_PER_MT,2,v1.0,VALID,SYNTHETIC,hash_bnk_000714,True
715,BUNKER_VLSFO_PARADIP,2024-05-22 00:00:00,2024-05-22 18:00:00,672.14,USD_PER_MT,2,v1.0,VALID,SYNTHETIC,hash_bnk_000715,True
716,BUNKER_VLSFO_SINGAPORE,2024-05-23 00:00:00,2024-05-23 18:00:00,634.2,USD_PER_MT,2,v1.0,VALID,SYNTHETIC,hash_bnk_000716,True
717,BUNKER_IFO380_SINGAPORE,2024-05-23 00:00:00,2024-05-23 18:00:00,471.17,USD_PER_MT,2,v1.0,VALID,SYNTHETIC,hash_bnk_000717,True
718,BUNKER_MGO_SINGAPORE,2024-05-23 00:00:00,2024-05-23 18:00:00,825.42,USD_PER_MT,2,v1.0,VALID,SYNTHETIC,hash_bnk_000718,True
719,BUNKER_VLSFO_ROTTERDAM,2024-05-23 00:00:00,2024-05-23 18:00:00,600.73,USD_PER_MT,2,v1.0,VALID,SYNTHETIC,hash_bnk_000719,True
720,BUNKER_VLSFO_PARADIP,2024-05-23 00:00:00,2024-05-23 18:00:00,670.08,USD_PER_MT,2,v1.0,VALID,SYNTHETIC,hash_bnk_000720,True
721,BUNKER_VLSFO_SINGAPORE,2024-05-24 00:00:00,2024-05-24 18:00:00,629.07,USD_PER_MT,2,v1.0,VALID,SYNTHETIC,hash_bnk_000721,True
722,BUNKER_IFO380_SINGAPORE,2024-05-24 00:00:00,2024-05-24 18:00:00,474.67,USD_PER_MT,2,v1.0,VALID,SYNTHETIC,hash_bnk_000722,True
723,BUNKER_MGO_SINGAPORE,2024-05-24 00:00:00,2024-05-24 18:00:00,809.5,USD_PER_MT,2,v1.0,VALID,SYNTHETIC,hash_bnk_000723,True
724,BUNKER_VLSFO_ROTTERDAM,2024-05-24 00:00:00,2024-05-24 18:00:00,597.22,USD_PER_MT,2,v1.0,VALID,SYNTHETIC,hash_bnk_000724,True
725,BUNKER_VLSFO_PARADIP,2024-05-24 00:00:00,2024-05-24 18:00:00,661.35,USD_PER_MT,2,v1.0,VALID,SYNTHETIC,hash_bnk_000725,True
726,BUNKER_VLSFO_SINGAPORE,2024-05-25 00:00:00,2024-05-25 18:00:00,633.74,USD_PER_MT,2,v1.0,VALID,SYNTHETIC,hash_bnk_000726,True
727,BUNKER_IFO380_SINGAPORE,2024-05-25 00:00:00,2024-05-25 18:00:00,461.62,USD_PER_MT,2,v1.0,VALID,SYNTHETIC,hash_bnk_000727,True
728,BUNKER_MGO_SINGAPORE,2024-05-25 00:00:00,2024-05-25 18:00:00,831.33,USD_PER_MT,2,v1.0,VALID,SYNTHETIC,hash_bnk_000728,True
729,BUNKER_VLSFO_ROTTERDAM,2024-05-25 00:00:00,2024-05-25 18:00:00,596.09,USD_PER_MT,2,v1.0,VALID,SYNTHETIC,hash_bnk_000729,True
730,BUNKER_VLSFO_PARADIP,2024-05-25 00:00:00,2024-05-25 18:00:00,658.11,USD_PER_MT,2,v1.0,VALID,SYNTHETIC,hash_bnk_000730,True
731,BUNKER_VLSFO_SINGAPORE,2024-05-26 00:00:00,2024-05-26 18:00:00,631.37,USD_PER_MT,2,v1.0,VALID,SYNTHETIC,hash_bnk_000731,True
732,BUNKER_IFO380_SINGAPORE,2024-05-26 00:00:00,2024-05-26 18:00:00,465.92,USD_PER_MT,2,v1.0,VALID,SYNTHETIC,hash_bnk_000732,True
733,BUNKER_MGO_SINGAPORE,2024-05-26 00:00:00,2024-05-26 18:00:00,816.58,USD_PER_MT,2,v1.0,VALID,SYNTHETIC,hash_bnk_000733,True
734,BUNKER_VLSFO_ROTTERDAM,2024-05-26 00:00:00,2024-05-26 18:00:00,593.99,USD_PER_MT,2,v1.0,VALID,SYNTHETIC,hash_bnk_000734,True
735,BUNKER_VLSFO_PARADIP,2024-05-26 00:00:00,2024-05-26 18:00:00,667.26,USD_PER_MT,2,v1.0,VALID,SYNTHETIC,hash_bnk_000735,True
736,BUNKER_VLSFO_SINGAPORE,2024-05-27 00:00:00,2024-05-27 18:00:00,626.52,USD_PER_MT,2,v1.0,VALID,SYNTHETIC,hash_bnk_000736,True
737,BUNKER_IFO380_SINGAPORE,2024-05-27 00:00:00,2024-05-27 18:00:00,457.07,USD_PER_MT,2,v1.0,VALID,SYNTHETIC,hash_bnk_000737,True
738,BUNKER_MGO_SINGAPORE,2024-05-27 00:00:00,2024-05-27 18:00:00,822.87,USD_PER_MT,2,v1.0,VALID,SYNTHETIC,hash_bnk_000738,True
739,BUNKER_VLSFO_ROTTERDAM,2024-05-27 00:00:00,2024-05-27 18:00:00,595.17,USD_PER_MT,2,v1.0,VALID,SYNTHETIC,hash_bnk_000739,True
740,BUNKER_VLSFO_PARADIP,2024-05-27 00:00:00,2024-05-27 18:00:00,660.83,USD_PER_MT,2,v1.0,VALID,SYNTHETIC,hash_bnk_000740,True
741,BUNKER_VLSFO_SINGAPORE,2024-05-28 00:00:00,2024-05-28 18:00:00,626.73,USD_PER_MT,2,v1.0,VALID,SYNTHETIC,hash_bnk_000741,True
742,BUNKER_IFO380_SINGAPORE,2024-05-28 00:00:00,2024-05-28 18:00:00,459.02,USD_PER_MT,2,v1.0,VALID,SYNTHETIC,hash_bnk_000742,True
743,BUNKER_MGO_SINGAPORE,2024-05-28 00:00:00,2024-05-28 18:00:00,819.78,USD_PER_MT,2,v1.0,VALID,SYNTHETIC,hash_bnk_000743,True
744,BUNKER_VLSFO_ROTTERDAM,2024-05-28 00:00:00,2024-05-28 18:00:00,596.32,USD_PER_MT,2,v1.0,VALID,SYNTHETIC,hash_bnk_000744,True
745,BUNKER_VLSFO_PARADIP,2024-05-28 00:00:00,2024-05-28 18:00:00,656.65,USD_PER_MT,2,v1.0,VALID,SYNTHETIC,hash_bnk_000745,True
746,BUNKER_VLSFO_SINGAPORE,2024-05-29 00:00:00,2024-05-29 18:00:00,624.45,USD_PER_MT,2,v1.0,VALID,SYNTHETIC,hash_bnk_000746,True
747,BUNKER_IFO380_SINGAPORE,2024-05-29 00:00:00,2024-05-29 18:00:00,461.41,USD_PER_MT,2,v1.0,VALID,SYNTHETIC,hash_bnk_000747,True
748,BUNKER_MGO_SINGAPORE,2024-05-29 00:00:00,2024-05-29 18:00:00,809.68,USD_PER_MT,2,v1.0,VALID,SYNTHETIC,hash_bnk_000748,True
749,BUNKER_VLSFO_ROTTERDAM,2024-05-29 00:00:00,2024-05-29 18:00:00,592.87,USD_PER_MT,2,v1.0,VALID,SYNTHETIC,hash_bnk_000749,True
750,BUNKER_VLSFO_PARADIP,2024-05-29 00:00:00,2024-05-29 18:00:00,658.97,USD_PER_MT,2,v1.0,VALID,SYNTHETIC,hash_bnk_000750,True
751,BUNKER_VLSFO_SINGAPORE,2024-05-30 00:00:00,2024-05-30 18:00:00,625.97,USD_PER_MT,2,v1.0,VALID,SYNTHETIC,hash_bnk_000751,True
752,BUNKER_IFO380_SINGAPORE,2024-05-30 00:00:00,2024-05-30 18:00:00,462.99,USD_PER_MT,2,v1.0,VALID,SYNTHETIC,hash_bnk_000752,True
753,BUNKER_MGO_SINGAPORE,2024-05-30 00:00:00,2024-05-30 18:00:00,819.1,USD_PER_MT,2,v1.0,VALID,SYNTHETIC,hash_bnk_000753,True
754,BUNKER_VLSFO_ROTTERDAM,2024-05-30 00:00:00,2024-05-30 18:00:00,582.03,USD_PER_MT,2,v1.0,VALID,SYNTHETIC,hash_bnk_000754,True
755,BUNKER_VLSFO_PARADIP,2024-05-30 00:00:00,2024-05-30 18:00:00,659.86,USD_PER_MT,2,v1.0,VALID,SYNTHETIC,hash_bnk_000755,True
756,BUNKER_VLSFO_SINGAPORE,2024-05-31 00:00:00,2024-05-31 18:00:00,616.85,USD_PER_MT,2,v1.0,VALID,SYNTHETIC,hash_bnk_000756,True
757,BUNKER_IFO380_SINGAPORE,2024-05-31 00:00:00,2024-05-31 18:00:00,463.88,USD_PER_MT,2,v1.0,VALID,SYNTHETIC,hash_bnk_000757,True
758,BUNKER_MGO_SINGAPORE,2024-05-31 00:00:00,2024-05-31 18:00:00,814.25,USD_PER_MT,2,v1.0,VALID,SYNTHETIC,hash_bnk_000758,True
759,BUNKER_VLSFO_ROTTERDAM,2024-05-31 00:00:00,2024-05-31 18:00:00,590.95,USD_PER_MT,2,v1.0,VALID,SYNTHETIC,hash_bnk_000759,True
760,BUNKER_VLSFO_PARADIP,2024-05-31 00:00:00,2024-05-31 18:00:00,657.75,USD_PER_MT,2,v1.0,VALID,SYNTHETIC,hash_bnk_000760,True
761,BUNKER_VLSFO_SINGAPORE,2024-06-01 00:00:00,2024-06-01 18:00:00,617.07,USD_PER_MT,2,v1.0,VALID,SYNTHETIC,hash_bnk_000761,True
762,BUNKER_IFO380_SINGAPORE,2024-06-01 00:00:00,2024-06-01 18:00:00,464.75,USD_PER_MT,2,v1.0,VALID,SYNTHETIC,hash_bnk_000762,True
763,BUNKER_MGO_SINGAPORE,2024-06-01 00:00:00,2024-06-01 18:00:00,816.27,USD_PER_MT,2,v1.0,VALID,SYNTHETIC,hash_bnk_000763,True
764,BUNKER_VLSFO_ROTTERDAM,2024-06-01 00:00:00,2024-06-01 18:00:00,588.95,USD_PER_MT,2,v1.0,VALID,SYNTHETIC,hash_bnk_000764,True
765,BUNKER_VLSFO_PARADIP,2024-06-01 00:00:00,2024-06-01 18:00:00,657.09,USD_PER_MT,2,v1.0,VALID,SYNTHETIC,hash_bnk_000765,True
766,BUNKER_VLSFO_SINGAPORE,2024-06-02 00:00:00,2024-06-02 18:00:00,617.69,USD_PER_MT,2,v1.0,VALID,SYNTHETIC,hash_bnk_000766,True
767,BUNKER_IFO380_SINGAPORE,2024-06-02 00:00:00,2024-06-02 18:00:00,454.42,USD_PER_MT,2,v1.0,VALID,SYNTHETIC,hash_bnk_000767,True
768,BUNKER_MGO_SINGAPORE,2024-06-02 00:00:00,2024-06-02 18:00:00,823.74,USD_PER_MT,2,v1.0,VALID,SYNTHETIC,hash_bnk_000768,True
769,BUNKER_VLSFO_ROTTERDAM,2024-06-02 00:00:00,2024-06-02 18:00:00,586.37,USD_PER_MT,2,v1.0,VALID,SYNTHETIC,hash_bnk_000769,True
770,BUNKER_VLSFO_PARADIP,2024-06-02 00:00:00,2024-06-02 18:00:00,654.04,USD_PER_MT,2,v1.0,VALID,SYNTHETIC,hash_bnk_000770,True
771,BUNKER_VLSFO_SINGAPORE,2024-06-03 00:00:00,2024-06-03 18:00:00,620.22,USD_PER_MT,2,v1.0,VALID,SYNTHETIC,hash_bnk_000771,True
772,BUNKER_IFO380_SINGAPORE,2024-06-03 00:00:00,2024-06-03 18:00:00,466.42,USD_PER_MT,2,v1.0,VALID,SYNTHETIC,hash_bnk_000772,True
773,BUNKER_MGO_SINGAPORE,2024-06-03 00:00:00,2024-06-03 18:00:00,810.69,USD_PER_MT,2,v1.0,VALID,SYNTHETIC,hash_bnk_000773,True
774,BUNKER_VLSFO_ROTTERDAM,2024-06-03 00:00:00,2024-06-03 18:00:00,587.52,USD_PER_MT,2,v1.0,VALID,SYNTHETIC,hash_bnk_000774,True
775,BUNKER_VLSFO_PARADIP,2024-06-03 00:00:00,2024-06-03 18:00:00,648.63,USD_PER_MT,2,v1.0,VALID,SYNTHETIC,hash_bnk_000775,True
776,BUNKER_VLSFO_SINGAPORE,2024-06-04 00:00:00,2024-06-04 18:00:00,612.98,USD_PER_MT,2,v1.0,VALID,SYNTHETIC,hash_bnk_000776,True
777,BUNKER_IFO380_SINGAPORE,2024-06-04 00:00:00,2024-06-04 18:00:00,461.08,USD_PER_MT,2,v1.0,VALID,SYNTHETIC,hash_bnk_000777,True
778,BUNKER_MGO_SINGAPORE,2024-06-04 00:00:00,2024-06-04 18:00:00,806.58,USD_PER_MT,2,v1.0,VALID,SYNTHETIC,hash_bnk_000778,True
779,BUNKER_VLSFO_ROTTERDAM,2024-06-04 00:00:00,2024-06-04 18:00:00,584.99,USD_PER_MT,2,v1.0,VALID,SYNTHETIC,hash_bnk_000779,True
780,BUNKER_VLSFO_PARADIP,2024-06-04 00:00:00,2024-06-04 18:00:00,650.72,USD_PER_MT,2,v1.0,VALID,SYNTHETIC,hash_bnk_000780,True
781,BUNKER_VLSFO_SINGAPORE,2024-06-05 00:00:00,2024-06-05 18:00:00,618.01,USD_PER_MT,2,v1.0,VALID,SYNTHETIC,hash_bnk_000781,True
782,BUNKER_IFO380_SINGAPORE,2024-06-05 00:00:00,2024-06-05 18:00:00,455.4,USD_PER_MT,2,v1.0,VALID,SYNTHETIC,hash_bnk_000782,True
783,BUNKER_MGO_SINGAPORE,2024-06-05 00:00:00,2024-06-05 18:00:00,808.17,USD_PER_MT,2,v1.0,VALID,SYNTHETIC,hash_bnk_000783,True
784,BUNKER_VLSFO_ROTTERDAM,2024-06-05 00:00:00,2024-06-05 18:00:00,580.06,USD_PER_MT,2,v1.0,VALID,SYNTHETIC,hash_bnk_000784,True
785,BUNKER_VLSFO_PARADIP,2024-06-05 00:00:00,2024-06-05 18:00:00,649.16,USD_PER_MT,2,v1.0,VALID,SYNTHETIC,hash_bnk_000785,True
786,BUNKER_VLSFO_SINGAPORE,2024-06-06 00:00:00,2024-06-06 18:00:00,610.7,USD_PER_MT,2,v1.0,VALID,SYNTHETIC,hash_bnk_000786,True
787,BUNKER_IFO380_SINGAPORE,2024-06-06 00:00:00,2024-06-06 18:00:00,463.87,USD_PER_MT,2,v1.0,VALID,SYNTHETIC,hash_bnk_000787,True
788,BUNKER_MGO_SINGAPORE,2024-06-06 00:00:00,2024-06-06 18:00:00,813.95,USD_PER_MT,2,v1.0,VALID,SYNTHETIC,hash_bnk_000788,True
789,BUNKER_VLSFO_ROTTERDAM,2024-06-06 00:00:00,2024-06-06 18:00:00,587.01,USD_PER_MT,2,v1.0,VALID,SYNTHETIC,hash_bnk_000789,True
790,BUNKER_VLSFO_PARADIP,2024-06-06 00:00:00,2024-06-06 18:00:00,647.89,USD_PER_MT,2,v1.0,VALID,SYNTHETIC,hash_bnk_000790,True
791,BUNKER_VLSFO_SINGAPORE,2024-06-07 00:00:00,2024-06-07 18:00:00,612.03,USD_PER_MT,2,v1.0,VALID,SYNTHETIC,hash_bnk_000791,True
792,BUNKER_IFO380_SINGAPORE,2024-06-07 00:00:00,2024-06-07 18:00:00,451.54,USD_PER_MT,2,v1.0,VALID,SYNTHETIC,hash_bnk_000792,True
793,BUNKER_MGO_SINGAPORE,2024-06-07 00:00:00,2024-06-07 18:00:00,800.84,USD_PER_MT,2,v1.0,VALID,SYNTHETIC,hash_bnk_000793,True
794,BUNKER_VLSFO_ROTTERDAM,2024-06-07 00:00:00,2024-06-07 18:00:00,589.13,USD_PER_MT,2,v1.0,VALID,SYNTHETIC,hash_bnk_000794,True
795,BUNKER_VLSFO_PARADIP,2024-06-07 00:00:00,2024-06-07 18:00:00,647.11,USD_PER_MT,2,v1.0,VALID,SYNTHETIC,hash_bnk_000795,True
796,BUNKER_VLSFO_SINGAPORE,2024-06-08 00:00:00,2024-06-08 18:00:00,611.22,USD_PER_MT,2,v1.0,VALID,SYNTHETIC,hash_bnk_000796,True
797,BUNKER_IFO380_SINGAPORE,2024-06-08 00:00:00,2024-06-08 18:00:00,454.55,USD_PER_MT,2,v1.0,VALID,SYNTHETIC,hash_bnk_000797,True
798,BUNKER_MGO_SINGAPORE,2024-06-08 00:00:00,2024-06-08 18:00:00,801.08,USD_PER_MT,2,v1.0,VALID,SYNTHETIC,hash_bnk_000798,True
799,BUNKER_VLSFO_ROTTERDAM,2024-06-08 00:00:00,2024-06-08 18:00:00,593.33,USD_PER_MT,2,v1.0,VALID,SYNTHETIC,hash_bnk_000799,True
800,BUNKER_VLSFO_PARADIP,2024-06-08 00:00:00,2024-06-08 18:00:00,651.85,USD_PER_MT,2,v1.0,VALID,SYNTHETIC,hash_bnk_000800,True
801,BUNKER_VLSFO_SINGAPORE,2024-06-09 00:00:00,2024-06-09 18:00:00,611.52,USD_PER_MT,2,v1.0,VALID,SYNTHETIC,hash_bnk_000801,True
802,BUNKER_IFO380_SINGAPORE,2024-06-09 00:00:00,2024-06-09 18:00:00,460.56,USD_PER_MT,2,v1.0,VALID,SYNTHETIC,hash_bnk_000802,True
803,BUNKER_MGO_SINGAPORE,2024-06-09 00:00:00,2024-06-09 18:00:00,796.08,USD_PER_MT,2,v1.0,VALID,SYNTHETIC,hash_bnk_000803,True
804,BUNKER_VLSFO_ROTTERDAM,2024-06-09 00:00:00,2024-06-09 18:00:00,586.18,USD_PER_MT,2,v1.0,VALID,SYNTHETIC,hash_bnk_000804,True
805,BUNKER_VLSFO_PARADIP,2024-06-09 00:00:00,2024-06-09 18:00:00,647.03,USD_PER_MT,2,v1.0,VALID,SYNTHETIC,hash_bnk_000805,True
806,BUNKER_VLSFO_SINGAPORE,2024-06-10 00:00:00,2024-06-10 18:00:00,616.48,USD_PER_MT,2,v1.0,VALID,SYNTHETIC,hash_bnk_000806,True
807,BUNKER_IFO380_SINGAPORE,2024-06-10 00:00:00,2024-06-10 18:00:00,457.59,USD_PER_MT,2,v1.0,VALID,SYNTHETIC,hash_bnk_000807,True
808,BUNKER_MGO_SINGAPORE,2024-06-10 00:00:00,2024-06-10 18:00:00,803.93,USD_PER_MT,2,v1.0,VALID,SYNTHETIC,hash_bnk_000808,True
809,BUNKER_VLSFO_ROTTERDAM,2024-06-10 00:00:00,2024-06-10 18:00:00,581.73,USD_PER_MT,2,v1.0,VALID,SYNTHETIC,hash_bnk_000809,True
810,BUNKER_VLSFO_PARADIP,2024-06-10 00:00:00,2024-06-10 18:00:00,649.06,USD_PER_MT,2,v1.0,VALID,SYNTHETIC,hash_bnk_000810,True
811,BUNKER_VLSFO_SINGAPORE,2024-06-11 00:00:00,2024-06-11 18:00:00,616.22,USD_PER_MT,2,v1.0,VALID,SYNTHETIC,hash_bnk_000811,True
812,BUNKER_IFO380_SINGAPORE,2024-06-11 00:00:00,2024-06-11 18:00:00,452.55,USD_PER_MT,2,v1.0,VALID,SYNTHETIC,hash_bnk_000812,True
813,BUNKER_MGO_SINGAPORE,2024-06-11 00:00:00,2024-06-11 18:00:00,793.21,USD_PER_MT,2,v1.0,VALID,SYNTHETIC,hash_bnk_000813,True
814,BUNKER_VLSFO_ROTTERDAM,2024-06-11 00:00:00,2024-06-11 18:00:00,584.47,USD_PER_MT,2,v1.0,VALID,SYNTHETIC,hash_bnk_000814,True
815,BUNKER_VLSFO_PARADIP,2024-06-11 00:00:00,2024-06-11 18:00:00,644.8,USD_PER_MT,2,v1.0,VALID,SYNTHETIC,hash_bnk_000815,True
816,BUNKER_VLSFO_SINGAPORE,2024-06-12 00:00:00,2024-06-12 18:00:00,613.29,USD_PER_MT,2,v1.0,VALID,SYNTHETIC,hash_bnk_000816,True
817,BUNKER_IFO380_SINGAPORE,2024-06-12 00:00:00,2024-06-12 18:00:00,455.12,USD_PER_MT,2,v1.0,VALID,SYNTHETIC,hash_bnk_000817,True
818,BUNKER_MGO_SINGAPORE,2024-06-12 00:00:00,2024-06-12 18:00:00,796.39,USD_PER_MT,2,v1.0,VALID,SYNTHETIC,hash_bnk_000818,True
819,BUNKER_VLSFO_ROTTERDAM,2024-06-12 00:00:00,2024-06-12 18:00:00,573.81,USD_PER_MT,2,v1.0,VALID,SYNTHETIC,hash_bnk_000819,True
820,BUNKER_VLSFO_PARADIP,2024-06-12 00:00:00,2024-06-12 18:00:00,646.2,USD_PER_MT,2,v1.0,VALID,SYNTHETIC,hash_bnk_000820,True
821,BUNKER_VLSFO_SINGAPORE,2024-06-13 00:00:00,2024-06-13 18:00:00,599.94,USD_PER_MT,2,v1.0,VALID,SYNTHETIC,hash_bnk_000821,True
822,BUNKER_IFO380_SINGAPORE,2024-06-13 00:00:00,2024-06-13 18:00:00,449.2,USD_PER_MT,2,v1.0,VALID,SYNTHETIC,hash_bnk_000822,True
823,BUNKER_MGO_SINGAPORE,2024-06-13 00:00:00,2024-06-13 18:00:00,795.06,USD_PER_MT,2,v1.0,VALID,SYNTHETIC,hash_bnk_000823,True
824,BUNKER_VLSFO_ROTTERDAM,2024-06-13 00:00:00,2024-06-13 18:00:00,572.61,USD_PER_MT,2,v1.0,VALID,SYNTHETIC,hash_bnk_000824,True
825,BUNKER_VLSFO_PARADIP,2024-06-13 00:00:00,2024-06-13 18:00:00,642.44,USD_PER_MT,2,v1.0,VALID,SYNTHETIC,hash_bnk_000825,True
826,BUNKER_VLSFO_SINGAPORE,2024-06-14 00:00:00,2024-06-14 18:00:00,599.97,USD_PER_MT,2,v1.0,VALID,SYNTHETIC,hash_bnk_000826,True
827,BUNKER_IFO380_SINGAPORE,2024-06-14 00:00:00,2024-06-14 18:00:00,455.04,USD_PER_MT,2,v1.0,VALID,SYNTHETIC,hash_bnk_000827,True
828,BUNKER_MGO_SINGAPORE,2024-06-14 00:00:00,2024-06-14 18:00:00,796.44,USD_PER_MT,2,v1.0,VALID,SYNTHETIC,hash_bnk_000828,True
829,BUNKER_VLSFO_ROTTERDAM,2024-06-14 00:00:00,2024-06-14 18:00:00,573.48,USD_PER_MT,2,v1.0,VALID,SYNTHETIC,hash_bnk_000829,True
830,BUNKER_VLSFO_PARADIP,2024-06-14 00:00:00,2024-06-14 18:00:00,643.51,USD_PER_MT,2,v1.0,VALID,SYNTHETIC,hash_bnk_000830,True
831,BUNKER_VLSFO_SINGAPORE,2024-06-15 00:00:00,2024-06-15 18:00:00,607.53,USD_PER_MT,2,v1.0,VALID,SYNTHETIC,hash_bnk_000831,True
832,BUNKER_IFO380_SINGAPORE,2024-06-15 00:00:00,2024-06-15 18:00:00,449.09,USD_PER_MT,2,v1.0,VALID,SYNTHETIC,hash_bnk_000832,True
833,BUNKER_MGO_SINGAPORE,2024-06-15 00:00:00,2024-06-15 18:00:00,792.07,USD_PER_MT,2,v1.0,VALID,SYNTHETIC,hash_bnk_000833,True
834,BUNKER_VLSFO_ROTTERDAM,2024-06-15 00:00:00,2024-06-15 18:00:00,581.07,USD_PER_MT,2,v1.0,VALID,SYNTHETIC,hash_bnk_000834,True
835,BUNKER_VLSFO_PARADIP,2024-06-15 00:00:00,2024-06-15 18:00:00,643.72,USD_PER_MT,2,v1.0,VALID,SYNTHETIC,hash_bnk_000835,True
836,BUNKER_VLSFO_SINGAPORE,2024-06-16 00:00:00,2024-06-16 18:00:00,602.99,USD_PER_MT,2,v1.0,VALID,SYNTHETIC,hash_bnk_000836,True
837,BUNKER_IFO380_SINGAPORE,2024-06-16 00:00:00,2024-06-16 18:00:00,441.75,USD_PER_MT,2,v1.0,VALID,SYNTHETIC,hash_bnk_000837,True
838,BUNKER_MGO_SINGAPORE,2024-06-16 00:00:00,2024-06-16 18:00:00,805.28,USD_PER_MT,2,v1.0,VALID,SYNTHETIC,hash_bnk_000838,True
839,BUNKER_VLSFO_ROTTERDAM,2024-06-16 00:00:00,2024-06-16 18:00:00,577.65,USD_PER_MT,2,v1.0,VALID,SYNTHETIC,hash_bnk_000839,True
840,BUNKER_VLSFO_PARADIP,2024-06-16 00:00:00,2024-06-16 18:00:00,644.94,USD_PER_MT,2,v1.0,VALID,SYNTHETIC,hash_bnk_000840,True
841,BUNKER_VLSFO_SINGAPORE,2024-06-17 00:00:00,2024-06-17 18:00:00,600.5,USD_PER_MT,2,v1.0,VALID,SYNTHETIC,hash_bnk_000841,True
842,BUNKER_IFO380_SINGAPORE,2024-06-17 00:00:00,2024-06-17 18:00:00,449.77,USD_PER_MT,2,v1.0,VALID,SYNTHETIC,hash_bnk_000842,True
843,BUNKER_MGO_SINGAPORE,2024-06-17 00:00:00,2024-06-17 18:00:00,788.01,USD_PER_MT,2,v1.0,VALID,SYNTHETIC,hash_bnk_000843,True
844,BUNKER_VLSFO_ROTTERDAM,2024-06-17 00:00:00,2024-06-17 18:00:00,573.69,USD_PER_MT,2,v1.0,VALID,SYNTHETIC,hash_bnk_000844,True
845,BUNKER_VLSFO_PARADIP,2024-06-17 00:00:00,2024-06-17 18:00:00,642.35,USD_PER_MT,2,v1.0,VALID,SYNTHETIC,hash_bnk_000845,True
846,BUNKER_VLSFO_SINGAPORE,2024-06-18 00:00:00,2024-06-18 18:00:00,605.31,USD_PER_MT,2,v1.0,VALID,SYNTHETIC,hash_bnk_000846,True
847,BUNKER_IFO380_SINGAPORE,2024-06-18 00:00:00,2024-06-18 18:00:00,451.73,USD_PER_MT,2,v1.0,VALID,SYNTHETIC,hash_bnk_000847,True
848,BUNKER_MGO_SINGAPORE,2024-06-18 00:00:00,2024-06-18 18:00:00,785.96,USD_PER_MT,2,v1.0,VALID,SYNTHETIC,hash_bnk_000848,True
849,BUNKER_VLSFO_ROTTERDAM,2024-06-18 00:00:00,2024-06-18 18:00:00,570.55,USD_PER_MT,2,v1.0,VALID,SYNTHETIC,hash_bnk_000849,True
850,BUNKER_VLSFO_PARADIP,2024-06-18 00:00:00,2024-06-18 18:00:00,637.82,USD_PER_MT,2,v1.0,VALID,SYNTHETIC,hash_bnk_000850,True
851,BUNKER_VLSFO_SINGAPORE,2024-06-19 00:00:00,2024-06-19 18:00:00,610.03,USD_PER_MT,2,v1.0,VALID,SYNTHETIC,hash_bnk_000851,True
852,BUNKER_IFO380_SINGAPORE,2024-06-19 00:00:00,2024-06-19 18:00:00,442.29,USD_PER_MT,2,v1.0,VALID,SYNTHETIC,hash_bnk_000852,True
853,BUNKER_MGO_SINGAPORE,2024-06-19 00:00:00,2024-06-19 18:00:00,795.66,USD_PER_MT,2,v1.0,VALID,SYNTHETIC,hash_bnk_000853,True
854,BUNKER_VLSFO_ROTTERDAM,2024-06-19 00:00:00,2024-06-19 18:00:00,569.8,USD_PER_MT,2,v1.0,VALID,SYNTHETIC,hash_bnk_000854,True
855,BUNKER_VLSFO_PARADIP,2024-06-19 00:00:00,2024-06-19 18:00:00,636.82,USD_PER_MT,2,v1.0,VALID,SYNTHETIC,hash_bnk_000855,True
856,BUNKER_VLSFO_SINGAPORE,2024-06-20 00:00:00,2024-06-20 18:00:00,600.63,USD_PER_MT,2,v1.0,VALID,SYNTHETIC,hash_bnk_000856,True
857,BUNKER_IFO380_SINGAPORE,2024-06-20 00:00:00,2024-06-20 18:00:00,444.55,USD_PER_MT,2,v1.0,VALID,SYNTHETIC,hash_bnk_000857,True
858,BUNKER_MGO_SINGAPORE,2024-06-20 00:00:00,2024-06-20 18:00:00,784.67,USD_PER_MT,2,v1.0,VALID,SYNTHETIC,hash_bnk_000858,True
859,BUNKER_VLSFO_ROTTERDAM,2024-06-20 00:00:00,2024-06-20 18:00:00,569.99,USD_PER_MT,2,v1.0,VALID,SYNTHETIC,hash_bnk_000859,True
860,BUNKER_VLSFO_PARADIP,2024-06-20 00:00:00,2024-06-20 18:00:00,635.26,USD_PER_MT,2,v1.0,VALID,SYNTHETIC,hash_bnk_000860,True
861,BUNKER_VLSFO_SINGAPORE,2024-06-21 00:00:00,2024-06-21 18:00:00,598.01,USD_PER_MT,2,v1.0,VALID,SYNTHETIC,hash_bnk_000861,True
862,BUNKER_IFO380_SINGAPORE,2024-06-21 00:00:00,2024-06-21 18:00:00,446.87,USD_PER_MT,2,v1.0,VALID,SYNTHETIC,hash_bnk_000862,True
863,BUNKER_MGO_SINGAPORE,2024-06-21 00:00:00,2024-06-21 18:00:00,790.56,USD_PER_MT,2,v1.0,VALID,SYNTHETIC,hash_bnk_000863,True
864,BUNKER_VLSFO_ROTTERDAM,2024-06-21 00:00:00,2024-06-21 18:00:00,577.07,USD_PER_MT,2,v1.0,VALID,SYNTHETIC,hash_bnk_000864,True
865,BUNKER_VLSFO_PARADIP,2024-06-21 00:00:00,2024-06-21 18:00:00,646.46,USD_PER_MT,2,v1.0,VALID,SYNTHETIC,hash_bnk_000865,True
866,BUNKER_VLSFO_SINGAPORE,2024-06-22 00:00:00,2024-06-22 18:00:00,601.93,USD_PER_MT,2,v1.0,VALID,SYNTHETIC,hash_bnk_000866,True
867,BUNKER_IFO380_SINGAPORE,2024-06-22 00:00:00,2024-06-22 18:00:00,445.49,USD_PER_MT,2,v1.0,VALID,SYNTHETIC,hash_bnk_000867,True
868,BUNKER_MGO_SINGAPORE,2024-06-22 00:00:00,2024-06-22 18:00:00,777.18,USD_PER_MT,2,v1.0,VALID,SYNTHETIC,hash_bnk_000868,True
869,BUNKER_VLSFO_ROTTERDAM,2024-06-22 00:00:00,2024-06-22 18:00:00,575.06,USD_PER_MT,2,v1.0,VALID,SYNTHETIC,hash_bnk_000869,True
870,BUNKER_VLSFO_PARADIP,2024-06-22 00:00:00,2024-06-22 18:00:00,628.73,USD_PER_MT,2,v1.0,VALID,SYNTHETIC,hash_bnk_000870,True
871,BUNKER_VLSFO_SINGAPORE,2024-06-23 00:00:00,2024-06-23 18:00:00,600.67,USD_PER_MT,2,v1.0,VALID,SYNTHETIC,hash_bnk_000871,True
872,BUNKER_IFO380_SINGAPORE,2024-06-23 00:00:00,2024-06-23 18:00:00,445.5,USD_PER_MT,2,v1.0,VALID,SYNTHETIC,hash_bnk_000872,True
873,BUNKER_MGO_SINGAPORE,2024-06-23 00:00:00,2024-06-23 18:00:00,781.98,USD_PER_MT,2,v1.0,VALID,SYNTHETIC,hash_bnk_000873,True
874,BUNKER_VLSFO_ROTTERDAM,2024-06-23 00:00:00,2024-06-23 18:00:00,564.08,USD_PER_MT,2,v1.0,VALID,SYNTHETIC,hash_bnk_000874,True
875,BUNKER_VLSFO_PARADIP,2024-06-23 00:00:00,2024-06-23 18:00:00,623.55,USD_PER_MT,2,v1.0,VALID,SYNTHETIC,hash_bnk_000875,True
876,BUNKER_VLSFO_SINGAPORE,2024-06-24 00:00:00,2024-06-24 18:00:00,597.27,USD_PER_MT,2,v1.0,VALID,SYNTHETIC,hash_bnk_000876,True
877,BUNKER_IFO380_SINGAPORE,2024-06-24 00:00:00,2024-06-24 18:00:00,446.27,USD_PER_MT,2,v1.0,VALID,SYNTHETIC,hash_bnk_000877,True
878,BUNKER_MGO_SINGAPORE,2024-06-24 00:00:00,2024-06-24 18:00:00,781.84,USD_PER_MT,2,v1.0,VALID,SYNTHETIC,hash_bnk_000878,True
879,BUNKER_VLSFO_ROTTERDAM,2024-06-24 00:00:00,2024-06-24 18:00:00,566.84,USD_PER_MT,2,v1.0,VALID,SYNTHETIC,hash_bnk_000879,True
880,BUNKER_VLSFO_PARADIP,2024-06-24 00:00:00,2024-06-24 18:00:00,629.76,USD_PER_MT,2,v1.0,VALID,SYNTHETIC,hash_bnk_000880,True
881,BUNKER_VLSFO_SINGAPORE,2024-06-25 00:00:00,2024-06-25 18:00:00,596.13,USD_PER_MT,2,v1.0,VALID,SYNTHETIC,hash_bnk_000881,True
882,BUNKER_IFO380_SINGAPORE,2024-06-25 00:00:00,2024-06-25 18:00:00,442.15,USD_PER_MT,2,v1.0,VALID,SYNTHETIC,hash_bnk_000882,True
883,BUNKER_MGO_SINGAPORE,2024-06-25 00:00:00,2024-06-25 18:00:00,778.96,USD_PER_MT,2,v1.0,VALID,SYNTHETIC,hash_bnk_000883,True
884,BUNKER_VLSFO_ROTTERDAM,2024-06-25 00:00:00,2024-06-25 18:00:00,577.71,USD_PER_MT,2,v1.0,VALID,SYNTHETIC,hash_bnk_000884,True
885,BUNKER_VLSFO_PARADIP,2024-06-25 00:00:00,2024-06-25 18:00:00,629.51,USD_PER_MT,2,v1.0,VALID,SYNTHETIC,hash_bnk_000885,True
886,BUNKER_VLSFO_SINGAPORE,2024-06-26 00:00:00,2024-06-26 18:00:00,592.74,USD_PER_MT,2,v1.0,VALID,SYNTHETIC,hash_bnk_000886,True
887,BUNKER_IFO380_SINGAPORE,2024-06-26 00:00:00,2024-06-26 18:00:00,444.32,USD_PER_MT,2,v1.0,VALID,SYNTHETIC,hash_bnk_000887,True
888,BUNKER_MGO_SINGAPORE,2024-06-26 00:00:00,2024-06-26 18:00:00,787.79,USD_PER_MT,2,v1.0,VALID,SYNTHETIC,hash_bnk_000888,True
889,BUNKER_VLSFO_ROTTERDAM,2024-06-26 00:00:00,2024-06-26 18:00:00,566.84,USD_PER_MT,2,v1.0,VALID,SYNTHETIC,hash_bnk_000889,True
890,BUNKER_VLSFO_PARADIP,2024-06-26 00:00:00,2024-06-26 18:00:00,625.14,USD_PER_MT,2,v1.0,VALID,SYNTHETIC,hash_bnk_000890,True
891,BUNKER_VLSFO_SINGAPORE,2024-06-27 00:00:00,2024-06-27 18:00:00,594.72,USD_PER_MT,2,v1.0,VALID,SYNTHETIC,hash_bnk_000891,True
892,BUNKER_IFO380_SINGAPORE,2024-06-27 00:00:00,2024-06-27 18:00:00,438.99,USD_PER_MT,2,v1.0,VALID,SYNTHETIC,hash_bnk_000892,True
893,BUNKER_MGO_SINGAPORE,2024-06-27 00:00:00,2024-06-27 18:00:00,778.39,USD_PER_MT,2,v1.0,VALID,SYNTHETIC,hash_bnk_000893,True
894,BUNKER_VLSFO_ROTTERDAM,2024-06-27 00:00:00,2024-06-27 18:00:00,564.41,USD_PER_MT,2,v1.0,VALID,SYNTHETIC,hash_bnk_000894,True
895,BUNKER_VLSFO_PARADIP,2024-06-27 00:00:00,2024-06-27 18:00:00,633.27,USD_PER_MT,2,v1.0,VALID,SYNTHETIC,hash_bnk_000895,True
896,BUNKER_VLSFO_SINGAPORE,2024-06-28 00:00:00,2024-06-28 18:00:00,591.39,USD_PER_MT,2,v1.0,VALID,SYNTHETIC,hash_bnk_000896,True
897,BUNKER_IFO380_SINGAPORE,2024-06-28 00:00:00,2024-06-28 18:00:00,438.47,USD_PER_MT,2,v1.0,VALID,SYNTHETIC,hash_bnk_000897,True
898,BUNKER_MGO_SINGAPORE,2024-06-28 00:00:00,2024-06-28 18:00:00,776.4,USD_PER_MT,2,v1.0,VALID,SYNTHETIC,hash_bnk_000898,True
899,BUNKER_VLSFO_ROTTERDAM,2024-06-28 00:00:00,2024-06-28 18:00:00,566.13,USD_PER_MT,2,v1.0,VALID,SYNTHETIC,hash_bnk_000899,True
900,BUNKER_VLSFO_PARADIP,2024-06-28 00:00:00,2024-06-28 18:00:00,628.8,USD_PER_MT,2,v1.0,VALID,SYNTHETIC,hash_bnk_000900,True
901,BUNKER_VLSFO_SINGAPORE,2024-06-29 00:00:00,2024-06-29 18:00:00,593.39,USD_PER_MT,2,v1.0,VALID,SYNTHETIC,hash_bnk_000901,True
902,BUNKER_IFO380_SINGAPORE,2024-06-29 00:00:00,2024-06-29 18:00:00,440.55,USD_PER_MT,2,v1.0,VALID,SYNTHETIC,hash_bnk_000902,True
903,BUNKER_MGO_SINGAPORE,2024-06-29 00:00:00,2024-06-29 18:00:00,783.24,USD_PER_MT,2,v1.0,VALID,SYNTHETIC,hash_bnk_000903,True
904,BUNKER_VLSFO_ROTTERDAM,2024-06-29 00:00:00,2024-06-29 18:00:00,572.85,USD_PER_MT,2,v1.0,VALID,SYNTHETIC,hash_bnk_000904,True
905,BUNKER_VLSFO_PARADIP,2024-06-29 00:00:00,2024-06-29 18:00:00,626.03,USD_PER_MT,2,v1.0,VALID,SYNTHETIC,hash_bnk_000905,True
906,BUNKER_VLSFO_SINGAPORE,2024-06-30 00:00:00,2024-06-30 18:00:00,589.23,USD_PER_MT,2,v1.0,VALID,SYNTHETIC,hash_bnk_000906,True
907,BUNKER_IFO380_SINGAPORE,2024-06-30 00:00:00,2024-06-30 18:00:00,436.03,USD_PER_MT,2,v1.0,VALID,SYNTHETIC,hash_bnk_000907,True
908,BUNKER_MGO_SINGAPORE,2024-06-30 00:00:00,2024-06-30 18:00:00,774.33,USD_PER_MT,2,v1.0,VALID,SYNTHETIC,hash_bnk_000908,True
909,BUNKER_VLSFO_ROTTERDAM,2024-06-30 00:00:00,2024-06-30 18:00:00,566.64,USD_PER_MT,2,v1.0,VALID,SYNTHETIC,hash_bnk_000909,True
910,BUNKER_VLSFO_PARADIP,2024-06-30 00:00:00,2024-06-30 18:00:00,623.33,USD_PER_MT,2,v1.0,VALID,SYNTHETIC,hash_bnk_000910,True
911,BUNKER_VLSFO_SINGAPORE,2024-07-01 00:00:00,2024-07-01 18:00:00,584.75,USD_PER_MT,2,v1.0,VALID,SYNTHETIC,hash_bnk_000911,True
912,BUNKER_IFO380_SINGAPORE,2024-07-01 00:00:00,2024-07-01 18:00:00,437.71,USD_PER_MT,2,v1.0,VALID,SYNTHETIC,hash_bnk_000912,True
913,BUNKER_MGO_SINGAPORE,2024-07-01 00:00:00,2024-07-01 18:00:00,778.54,USD_PER_MT,2,v1.0,VALID,SYNTHETIC,hash_bnk_000913,True
914,BUNKER_VLSFO_ROTTERDAM,2024-07-01 00:00:00,2024-07-01 18:00:00,556.84,USD_PER_MT,2,v1.0,VALID,SYNTHETIC,hash_bnk_000914,True
915,BUNKER_VLSFO_PARADIP,2024-07-01 00:00:00,2024-07-01 18:00:00,630.87,USD_PER_MT,2,v1.0,VALID,SYNTHETIC,hash_bnk_000915,True
916,BUNKER_VLSFO_SINGAPORE,2024-07-02 00:00:00,2024-07-02 18:00:00,584.83,USD_PER_MT,2,v1.0,VALID,SYNTHETIC,hash_bnk_000916,True
917,BUNKER_IFO380_SINGAPORE,2024-07-02 00:00:00,2024-07-02 18:00:00,441.44,USD_PER_MT,2,v1.0,VALID,SYNTHETIC,hash_bnk_000917,True
918,BUNKER_MGO_SINGAPORE,2024-07-02 00:00:00,2024-07-02 18:00:00,773.73,USD_PER_MT,2,v1.0,VALID,SYNTHETIC,hash_bnk_000918,True
919,BUNKER_VLSFO_ROTTERDAM,2024-07-02 00:00:00,2024-07-02 18:00:00,562.43,USD_PER_MT,2,v1.0,VALID,SYNTHETIC,hash_bnk_000919,True
920,BUNKER_VLSFO_PARADIP,2024-07-02 00:00:00,2024-07-02 18:00:00,628.75,USD_PER_MT,2,v1.0,VALID,SYNTHETIC,hash_bnk_000920,True
921,BUNKER_VLSFO_SINGAPORE,2024-07-03 00:00:00,2024-07-03 18:00:00,599.22,USD_PER_MT,2,v1.0,VALID,SYNTHETIC,hash_bnk_000921,True
922,BUNKER_IFO380_SINGAPORE,2024-07-03 00:00:00,2024-07-03 18:00:00,440.1,USD_PER_MT,2,v1.0,VALID,SYNTHETIC,hash_bnk_000922,True
923,BUNKER_MGO_SINGAPORE,2024-07-03 00:00:00,2024-07-03 18:00:00,769.68,USD_PER_MT,2,v1.0,VALID,SYNTHETIC,hash_bnk_000923,True
924,BUNKER_VLSFO_ROTTERDAM,2024-07-03 00:00:00,2024-07-03 18:00:00,563.57,USD_PER_MT,2,v1.0,VALID,SYNTHETIC,hash_bnk_000924,True
925,BUNKER_VLSFO_PARADIP,2024-07-03 00:00:00,2024-07-03 18:00:00,629.14,USD_PER_MT,2,v1.0,VALID,SYNTHETIC,hash_bnk_000925,True
926,BUNKER_VLSFO_SINGAPORE,2024-07-04 00:00:00,2024-07-04 18:00:00,589.1,USD_PER_MT,2,v1.0,VALID,SYNTHETIC,hash_bnk_000926,True
927,BUNKER_IFO380_SINGAPORE,2024-07-04 00:00:00,2024-07-04 18:00:00,434.91,USD_PER_MT,2,v1.0,VALID,SYNTHETIC,hash_bnk_000927,True
928,BUNKER_MGO_SINGAPORE,2024-07-04 00:00:00,2024-07-04 18:00:00,774.63,USD_PER_MT,2,v1.0,VALID,SYNTHETIC,hash_bnk_000928,True
929,BUNKER_VLSFO_ROTTERDAM,2024-07-04 00:00:00,2024-07-04 18:00:00,561.81,USD_PER_MT,2,v1.0,VALID,SYNTHETIC,hash_bnk_000929,True
930,BUNKER_VLSFO_PARADIP,2024-07-04 00:00:00,2024-07-04 18:00:00,617.34,USD_PER_MT,2,v1.0,VALID,SYNTHETIC,hash_bnk_000930,True
931,BUNKER_VLSFO_SINGAPORE,2024-07-05 00:00:00,2024-07-05 18:00:00,589.97,USD_PER_MT,2,v1.0,VALID,SYNTHETIC,hash_bnk_000931,True
932,BUNKER_IFO380_SINGAPORE,2024-07-05 00:00:00,2024-07-05 18:00:00,439.02,USD_PER_MT,2,v1.0,VALID,SYNTHETIC,hash_bnk_000932,True
933,BUNKER_MGO_SINGAPORE,2024-07-05 00:00:00,2024-07-05 18:00:00,763.99,USD_PER_MT,2,v1.0,VALID,SYNTHETIC,hash_bnk_000933,True
934,BUNKER_VLSFO_ROTTERDAM,2024-07-05 00:00:00,2024-07-05 18:00:00,557.67,USD_PER_MT,2,v1.0,VALID,SYNTHETIC,hash_bnk_000934,True
935,BUNKER_VLSFO_PARADIP,2024-07-05 00:00:00,2024-07-05 18:00:00,627.29,USD_PER_MT,2,v1.0,VALID,SYNTHETIC,hash_bnk_000935,True
936,BUNKER_VLSFO_SINGAPORE,2024-07-06 00:00:00,2024-07-06 18:00:00,579.69,USD_PER_MT,2,v1.0,VALID,SYNTHETIC,hash_bnk_000936,True
937,BUNKER_IFO380_SINGAPORE,2024-07-06 00:00:00,2024-07-06 18:00:00,441.0,USD_PER_MT,2,v1.0,VALID,SYNTHETIC,hash_bnk_000937,True
938,BUNKER_MGO_SINGAPORE,2024-07-06 00:00:00,2024-07-06 18:00:00,771.11,USD_PER_MT,2,v1.0,VALID,SYNTHETIC,hash_bnk_000938,True
939,BUNKER_VLSFO_ROTTERDAM,2024-07-06 00:00:00,2024-07-06 18:00:00,552.93,USD_PER_MT,2,v1.0,VALID,SYNTHETIC,hash_bnk_000939,True
940,BUNKER_VLSFO_PARADIP,2024-07-06 00:00:00,2024-07-06 18:00:00,603.46,USD_PER_MT,2,v1.0,VALID,SYNTHETIC,hash_bnk_000940,True
941,BUNKER_VLSFO_SINGAPORE,2024-07-07 00:00:00,2024-07-07 18:00:00,586.93,USD_PER_MT,2,v1.0,VALID,SYNTHETIC,hash_bnk_000941,True
942,BUNKER_IFO380_SINGAPORE,2024-07-07 00:00:00,2024-07-07 18:00:00,435.98,USD_PER_MT,2,v1.0,VALID,SYNTHETIC,hash_bnk_000942,True
943,BUNKER_MGO_SINGAPORE,2024-07-07 00:00:00,2024-07-07 18:00:00,759.33,USD_PER_MT,2,v1.0,VALID,SYNTHETIC,hash_bnk_000943,True
944,BUNKER_VLSFO_ROTTERDAM,2024-07-07 00:00:00,2024-07-07 18:00:00,565.43,USD_PER_MT,2,v1.0,VALID,SYNTHETIC,hash_bnk_000944,True
945,BUNKER_VLSFO_PARADIP,2024-07-07 00:00:00,2024-07-07 18:00:00,615.12,USD_PER_MT,2,v1.0,VALID,SYNTHETIC,hash_bnk_000945,True
946,BUNKER_VLSFO_SINGAPORE,2024-07-08 00:00:00,2024-07-08 18:00:00,591.54,USD_PER_MT,2,v1.0,VALID,SYNTHETIC,hash_bnk_000946,True
947,BUNKER_IFO380_SINGAPORE,2024-07-08 00:00:00,2024-07-08 18:00:00,438.0,USD_PER_MT,2,v1.0,VALID,SYNTHETIC,hash_bnk_000947,True
948,BUNKER_MGO_SINGAPORE,2024-07-08 00:00:00,2024-07-08 18:00:00,770.83,USD_PER_MT,2,v1.0,VALID,SYNTHETIC,hash_bnk_000948,True
949,BUNKER_VLSFO_ROTTERDAM,2024-07-08 00:00:00,2024-07-08 18:00:00,554.67,USD_PER_MT,2,v1.0,VALID,SYNTHETIC,hash_bnk_000949,True
950,BUNKER_VLSFO_PARADIP,2024-07-08 00:00:00,2024-07-08 18:00:00,613.3,USD_PER_MT,2,v1.0,VALID,SYNTHETIC,hash_bnk_000950,True
951,BUNKER_VLSFO_SINGAPORE,2024-07-09 00:00:00,2024-07-09 18:00:00,579.2,USD_PER_MT,2,v1.0,VALID,SYNTHETIC,hash_bnk_000951,True
952,BUNKER_IFO380_SINGAPORE,2024-07-09 00:00:00,2024-07-09 18:00:00,432.19,USD_PER_MT,2,v1.0,VALID,SYNTHETIC,hash_bnk_000952,True
953,BUNKER_MGO_SINGAPORE,2024-07-09 00:00:00,2024-07-09 18:00:00,767.67,USD_PER_MT,2,v1.0,VALID,SYNTHETIC,hash_bnk_000953,True
954,BUNKER_VLSFO_ROTTERDAM,2024-07-09 00:00:00,2024-07-09 18:00:00,556.09,USD_PER_MT,2,v1.0,VALID,SYNTHETIC,hash_bnk_000954,True
955,BUNKER_VLSFO_PARADIP,2024-07-09 00:00:00,2024-07-09 18:00:00,615.04,USD_PER_MT,2,v1.0,VALID,SYNTHETIC,hash_bnk_000955,True
956,BUNKER_VLSFO_SINGAPORE,2024-07-10 00:00:00,2024-07-10 18:00:00,583.96,USD_PER_MT,2,v1.0,VALID,SYNTHETIC,hash_bnk_000956,True
957,BUNKER_IFO380_SINGAPORE,2024-07-10 00:00:00,2024-07-10 18:00:00,432.2,USD_PER_MT,2,v1.0,VALID,SYNTHETIC,hash_bnk_000957,True
958,BUNKER_MGO_SINGAPORE,2024-07-10 00:00:00,2024-07-10 18:00:00,766.07,USD_PER_MT,2,v1.0,VALID,SYNTHETIC,hash_bnk_000958,True
959,BUNKER_VLSFO_ROTTERDAM,2024-07-10 00:00:00,2024-07-10 18:00:00,554.53,USD_PER_MT,2,v1.0,VALID,SYNTHETIC,hash_bnk_000959,True
960,BUNKER_VLSFO_PARADIP,2024-07-10 00:00:00,2024-07-10 18:00:00,622.9,USD_PER_MT,2,v1.0,VALID,SYNTHETIC,hash_bnk_000960,True
961,BUNKER_VLSFO_SINGAPORE,2024-07-11 00:00:00,2024-07-11 18:00:00,578.25,USD_PER_MT,2,v1.0,VALID,SYNTHETIC,hash_bnk_000961,True
962,BUNKER_IFO380_SINGAPORE,2024-07-11 00:00:00,2024-07-11 18:00:00,430.63,USD_PER_MT,2,v1.0,VALID,SYNTHETIC,hash_bnk_000962,True
963,BUNKER_MGO_SINGAPORE,2024-07-11 00:00:00,2024-07-11 18:00:00,757.62,USD_PER_MT,2,v1.0,VALID,SYNTHETIC,hash_bnk_000963,True
964,BUNKER_VLSFO_ROTTERDAM,2024-07-11 00:00:00,2024-07-11 18:00:00,552.69,USD_PER_MT,2,v1.0,VALID,SYNTHETIC,hash_bnk_000964,True
965,BUNKER_VLSFO_PARADIP,2024-07-11 00:00:00,2024-07-11 18:00:00,613.58,USD_PER_MT,2,v1.0,VALID,SYNTHETIC,hash_bnk_000965,True
966,BUNKER_VLSFO_SINGAPORE,2024-07-12 00:00:00,2024-07-12 18:00:00,585.3,USD_PER_MT,2,v1.0,VALID,SYNTHETIC,hash_bnk_000966,True
967,BUNKER_IFO380_SINGAPORE,2024-07-12 00:00:00,2024-07-12 18:00:00,438.64,USD_PER_MT,2,v1.0,VALID,SYNTHETIC,hash_bnk_000967,True
968,BUNKER_MGO_SINGAPORE,2024-07-12 00:00:00,2024-07-12 18:00:00,754.95,USD_PER_MT,2,v1.0,VALID,SYNTHETIC,hash_bnk_000968,True
969,BUNKER_VLSFO_ROTTERDAM,2024-07-12 00:00:00,2024-07-12 18:00:00,554.78,USD_PER_MT,2,v1.0,VALID,SYNTHETIC,hash_bnk_000969,True
970,BUNKER_VLSFO_PARADIP,2024-07-12 00:00:00,2024-07-12 18:00:00,614.83,USD_PER_MT,2,v1.0,VALID,SYNTHETIC,hash_bnk_000970,True
971,BUNKER_VLSFO_SINGAPORE,2024-07-13 00:00:00,2024-07-13 18:00:00,575.43,USD_PER_MT,2,v1.0,VALID,SYNTHETIC,hash_bnk_000971,True
972,BUNKER_IFO380_SINGAPORE,2024-07-13 00:00:00,2024-07-13 18:00:00,430.14,USD_PER_MT,2,v1.0,VALID,SYNTHETIC,hash_bnk_000972,True
973,BUNKER_MGO_SINGAPORE,2024-07-13 00:00:00,2024-07-13 18:00:00,757.83,USD_PER_MT,2,v1.0,VALID,SYNTHETIC,hash_bnk_000973,True
974,BUNKER_VLSFO_ROTTERDAM,2024-07-13 00:00:00,2024-07-13 18:00:00,549.0,USD_PER_MT,2,v1.0,VALID,SYNTHETIC,hash_bnk_000974,True
975,BUNKER_VLSFO_PARADIP,2024-07-13 00:00:00,2024-07-13 18:00:00,613.03,USD_PER_MT,2,v1.0,VALID,SYNTHETIC,hash_bnk_000975,True
976,BUNKER_VLSFO_SINGAPORE,2024-07-14 00:00:00,2024-07-14 18:00:00,573.99,USD_PER_MT,2,v1.0,VALID,SYNTHETIC,hash_bnk_000976,True
977,BUNKER_IFO380_SINGAPORE,2024-07-14 00:00:00,2024-07-14 18:00:00,434.38,USD_PER_MT,2,v1.0,VALID,SYNTHETIC,hash_bnk_000977,True
978,BUNKER_MGO_SINGAPORE,2024-07-14 00:00:00,2024-07-14 18:00:00,754.87,USD_PER_MT,2,v1.0,VALID,SYNTHETIC,hash_bnk_000978,True
979,BUNKER_VLSFO_ROTTERDAM,2024-07-14 00:00:00,2024-07-14 18:00:00,550.2,USD_PER_MT,2,v1.0,VALID,SYNTHETIC,hash_bnk_000979,True
980,BUNKER_VLSFO_PARADIP,2024-07-14 00:00:00,2024-07-14 18:00:00,610.13,USD_PER_MT,2,v1.0,VALID,SYNTHETIC,hash_bnk_000980,True
981,BUNKER_VLSFO_SINGAPORE,2024-07-15 00:00:00,2024-07-15 18:00:00,578.94,USD_PER_MT,2,v1.0,VALID,SYNTHETIC,hash_bnk_000981,True
982,BUNKER_IFO380_SINGAPORE,2024-07-15 00:00:00,2024-07-15 18:00:00,432.4,USD_PER_MT,2,v1.0,VALID,SYNTHETIC,hash_bnk_000982,True
983,BUNKER_MGO_SINGAPORE,2024-07-15 00:00:00,2024-07-15 18:00:00,763.67,USD_PER_MT,2,v1.0,VALID,SYNTHETIC,hash_bnk_000983,True
984,BUNKER_VLSFO_ROTTERDAM,2024-07-15 00:00:00,2024-07-15 18:00:00,551.85,USD_PER_MT,2,v1.0,VALID,SYNTHETIC,hash_bnk_000984,True
985,BUNKER_VLSFO_PARADIP,2024-07-15 00:00:00,2024-07-15 18:00:00,609.83,USD_PER_MT,2,v1.0,VALID,SYNTHETIC,hash_bnk_000985,True
986,BUNKER_VLSFO_SINGAPORE,2024-07-16 00:00:00,2024-07-16 18:00:00,577.7,USD_PER_MT,2,v1.0,VALID,SYNTHETIC,hash_bnk_000986,True
987,BUNKER_IFO380_SINGAPORE,2024-07-16 00:00:00,2024-07-16 18:00:00,429.22,USD_PER_MT,2,v1.0,VALID,SYNTHETIC,hash_bnk_000987,True
988,BUNKER_MGO_SINGAPORE,2024-07-16 00:00:00,2024-07-16 18:00:00,753.3,USD_PER_MT,2,v1.0,VALID,SYNTHETIC,hash_bnk_000988,True
989,BUNKER_VLSFO_ROTTERDAM,2024-07-16 00:00:00,2024-07-16 18:00:00,547.84,USD_PER_MT,2,v1.0,VALID,SYNTHETIC,hash_bnk_000989,True
990,BUNKER_VLSFO_PARADIP,2024-07-16 00:00:00,2024-07-16 18:00:00,608.26,USD_PER_MT,2,v1.0,VALID,SYNTHETIC,hash_bnk_000990,True
991,BUNKER_VLSFO_SINGAPORE,2024-07-17 00:00:00,2024-07-17 18:00:00,573.33,USD_PER_MT,2,v1.0,VALID,SYNTHETIC,hash_bnk_000991,True
992,BUNKER_IFO380_SINGAPORE,2024-07-17 00:00:00,2024-07-17 18:00:00,430.18,USD_PER_MT,2,v1.0,VALID,SYNTHETIC,hash_bnk_000992,True
993,BUNKER_MGO_SINGAPORE,2024-07-17 00:00:00,2024-07-17 18:00:00,753.35,USD_PER_MT,2,v1.0,VALID,SYNTHETIC,hash_bnk_000993,True
994,BUNKER_VLSFO_ROTTERDAM,2024-07-17 00:00:00,2024-07-17 18:00:00,552.01,USD_PER_MT,2,v1.0,VALID,SYNTHETIC,hash_bnk_000994,True
995,BUNKER_VLSFO_PARADIP,2024-07-17 00:00:00,2024-07-17 18:00:00,612.08,USD_PER_MT,2,v1.0,VALID,SYNTHETIC,hash_bnk_000995,True
996,BUNKER_VLSFO_SINGAPORE,2024-07-18 00:00:00,2024-07-18 18:00:00,583.0,USD_PER_MT,2,v1.0,VALID,SYNTHETIC,hash_bnk_000996,True
997,BUNKER_IFO380_SINGAPORE,2024-07-18 00:00:00,2024-07-18 18:00:00,426.76,USD_PER_MT,2,v1.0,VALID,SYNTHETIC,hash_bnk_000997,True
998,BUNKER_MGO_SINGAPORE,2024-07-18 00:00:00,2024-07-18 18:00:00,750.75,USD_PER_MT,2,v1.0,VALID,SYNTHETIC,hash_bnk_000998,True
999,BUNKER_VLSFO_ROTTERDAM,2024-07-18 00:00:00,2024-07-18 18:00:00,550.8,USD_PER_MT,2,v1.0,VALID,SYNTHETIC,hash_bnk_000999,True
1000,BUNKER_VLSFO_PARADIP,2024-07-18 00:00:00,2024-07-18 18:00:00,609.7,USD_PER_MT,2,v1.0,VALID,SYNTHETIC,hash_bnk_001000,True
1001,BUNKER_VLSFO_SINGAPORE,2024-07-19 00:00:00,2024-07-19 18:00:00,569.8,USD_PER_MT,2,v1.0,VALID,SYNTHETIC,hash_bnk_001001,True
1002,BUNKER_IFO380_SINGAPORE,2024-07-19 00:00:00,2024-07-19 18:00:00,430.83,USD_PER_MT,2,v1.0,VALID,SYNTHETIC,hash_bnk_001002,True
1003,BUNKER_MGO_SINGAPORE,2024-07-19 00:00:00,2024-07-19 18:00:00,752.57,USD_PER_MT,2,v1.0,VALID,SYNTHETIC,hash_bnk_001003,True
1004,BUNKER_VLSFO_ROTTERDAM,2024-07-19 00:00:00,2024-07-19 18:00:00,551.81,USD_PER_MT,2,v1.0,VALID,SYNTHETIC,hash_bnk_001004,True
1005,BUNKER_VLSFO_PARADIP,2024-07-19 00:00:00,2024-07-19 18:00:00,615.66,USD_PER_MT,2,v1.0,VALID,SYNTHETIC,hash_bnk_001005,True
1006,BUNKER_VLSFO_SINGAPORE,2024-07-20 00:00:00,2024-07-20 18:00:00,577.92,USD_PER_MT,2,v1.0,VALID,SYNTHETIC,hash_bnk_001006,True
1007,BUNKER_IFO380_SINGAPORE,2024-07-20 00:00:00,2024-07-20 18:00:00,426.32,USD_PER_MT,2,v1.0,VALID,SYNTHETIC,hash_bnk_001007,True
1008,BUNKER_MGO_SINGAPORE,2024-07-20 00:00:00,2024-07-20 18:00:00,748.69,USD_PER_MT,2,v1.0,VALID,SYNTHETIC,hash_bnk_001008,True
1009,BUNKER_VLSFO_ROTTERDAM,2024-07-20 00:00:00,2024-07-20 18:00:00,547.64,USD_PER_MT,2,v1.0,VALID,SYNTHETIC,hash_bnk_001009,True
1010,BUNKER_VLSFO_PARADIP,2024-07-20 00:00:00,2024-07-20 18:00:00,608.77,USD_PER_MT,2,v1.0,VALID,SYNTHETIC,hash_bnk_001010,True
1011,BUNKER_VLSFO_SINGAPORE,2024-07-21 00:00:00,2024-07-21 18:00:00,575.49,USD_PER_MT,2,v1.0,VALID,SYNTHETIC,hash_bnk_001011,True
1012,BUNKER_IFO380_SINGAPORE,2024-07-21 00:00:00,2024-07-21 18:00:00,429.83,USD_PER_MT,2,v1.0,VALID,SYNTHETIC,hash_bnk_001012,True
1013,BUNKER_MGO_SINGAPORE,2024-07-21 00:00:00,2024-07-21 18:00:00,749.82,USD_PER_MT,2,v1.0,VALID,SYNTHETIC,hash_bnk_001013,True
1014,BUNKER_VLSFO_ROTTERDAM,2024-07-21 00:00:00,2024-07-21 18:00:00,547.05,USD_PER_MT,2,v1.0,VALID,SYNTHETIC,hash_bnk_001014,True
1015,BUNKER_VLSFO_PARADIP,2024-07-21 00:00:00,2024-07-21 18:00:00,605.0,USD_PER_MT,2,v1.0,VALID,SYNTHETIC,hash_bnk_001015,True
1016,BUNKER_VLSFO_SINGAPORE,2024-07-22 00:00:00,2024-07-22 18:00:00,568.33,USD_PER_MT,2,v1.0,VALID,SYNTHETIC,hash_bnk_001016,True
1017,BUNKER_IFO380_SINGAPORE,2024-07-22 00:00:00,2024-07-22 18:00:00,426.28,USD_PER_MT,2,v1.0,VALID,SYNTHETIC,hash_bnk_001017,True
1018,BUNKER_MGO_SINGAPORE,2024-07-22 00:00:00,2024-07-22 18:00:00,755.4,USD_PER_MT,2,v1.0,VALID,SYNTHETIC,hash_bnk_001018,True
1019,BUNKER_VLSFO_ROTTERDAM,2024-07-22 00:00:00,2024-07-22 18:00:00,545.12,USD_PER_MT,2,v1.0,VALID,SYNTHETIC,hash_bnk_001019,True
1020,BUNKER_VLSFO_PARADIP,2024-07-22 00:00:00,2024-07-22 18:00:00,608.34,USD_PER_MT,2,v1.0,VALID,SYNTHETIC,hash_bnk_001020,True
1021,BUNKER_VLSFO_SINGAPORE,2024-07-23 00:00:00,2024-07-23 18:00:00,571.42,USD_PER_MT,2,v1.0,VALID,SYNTHETIC,hash_bnk_001021,True
1022,BUNKER_IFO380_SINGAPORE,2024-07-23 00:00:00,2024-07-23 18:00:00,421.71,USD_PER_MT,2,v1.0,VALID,SYNTHETIC,hash_bnk_001022,True
1023,BUNKER_MGO_SINGAPORE,2024-07-23 00:00:00,2024-07-23 18:00:00,749.06,USD_PER_MT,2,v1.0,VALID,SYNTHETIC,hash_bnk_001023,True
1024,BUNKER_VLSFO_ROTTERDAM,2024-07-23 00:00:00,2024-07-23 18:00:00,547.72,USD_PER_MT,2,v1.0,VALID,SYNTHETIC,hash_bnk_001024,True
1025,BUNKER_VLSFO_PARADIP,2024-07-23 00:00:00,2024-07-23 18:00:00,603.32,USD_PER_MT,2,v1.0,VALID,SYNTHETIC,hash_bnk_001025,True
1026,BUNKER_VLSFO_SINGAPORE,2024-07-24 00:00:00,2024-07-24 18:00:00,570.23,USD_PER_MT,2,v1.0,VALID,SYNTHETIC,hash_bnk_001026,True
1027,BUNKER_IFO380_SINGAPORE,2024-07-24 00:00:00,2024-07-24 18:00:00,420.05,USD_PER_MT,2,v1.0,VALID,SYNTHETIC,hash_bnk_001027,True
1028,BUNKER_MGO_SINGAPORE,2024-07-24 00:00:00,2024-07-24 18:00:00,737.99,USD_PER_MT,2,v1.0,VALID,SYNTHETIC,hash_bnk_001028,True
1029,BUNKER_VLSFO_ROTTERDAM,2024-07-24 00:00:00,2024-07-24 18:00:00,537.65,USD_PER_MT,2,v1.0,VALID,SYNTHETIC,hash_bnk_001029,True
1030,BUNKER_VLSFO_PARADIP,2024-07-24 00:00:00,2024-07-24 18:00:00,613.59,USD_PER_MT,2,v1.0,VALID,SYNTHETIC,hash_bnk_001030,True
1031,BUNKER_VLSFO_SINGAPORE,2024-07-25 00:00:00,2024-07-25 18:00:00,577.61,USD_PER_MT,2,v1.0,VALID,SYNTHETIC,hash_bnk_001031,True
1032,BUNKER_IFO380_SINGAPORE,2024-07-25 00:00:00,2024-07-25 18:00:00,429.47,USD_PER_MT,2,v1.0,VALID,SYNTHETIC,hash_bnk_001032,True
1033,BUNKER_MGO_SINGAPORE,2024-07-25 00:00:00,2024-07-25 18:00:00,744.04,USD_PER_MT,2,v1.0,VALID,SYNTHETIC,hash_bnk_001033,True
1034,BUNKER_VLSFO_ROTTERDAM,2024-07-25 00:00:00,2024-07-25 18:00:00,538.54,USD_PER_MT,2,v1.0,VALID,SYNTHETIC,hash_bnk_001034,True
1035,BUNKER_VLSFO_PARADIP,2024-07-25 00:00:00,2024-07-25 18:00:00,598.74,USD_PER_MT,2,v1.0,VALID,SYNTHETIC,hash_bnk_001035,True
1036,BUNKER_VLSFO_SINGAPORE,2024-07-26 00:00:00,2024-07-26 18:00:00,563.12,USD_PER_MT,2,v1.0,VALID,SYNTHETIC,hash_bnk_001036,True
1037,BUNKER_IFO380_SINGAPORE,2024-07-26 00:00:00,2024-07-26 18:00:00,424.51,USD_PER_MT,2,v1.0,VALID,SYNTHETIC,hash_bnk_001037,True
1038,BUNKER_MGO_SINGAPORE,2024-07-26 00:00:00,2024-07-26 18:00:00,748.7,USD_PER_MT,2,v1.0,VALID,SYNTHETIC,hash_bnk_001038,True
1039,BUNKER_VLSFO_ROTTERDAM,2024-07-26 00:00:00,2024-07-26 18:00:00,540.69,USD_PER_MT,2,v1.0,VALID,SYNTHETIC,hash_bnk_001039,True
1040,BUNKER_VLSFO_PARADIP,2024-07-26 00:00:00,2024-07-26 18:00:00,601.62,USD_PER_MT,2,v1.0,VALID,SYNTHETIC,hash_bnk_001040,True
1041,BUNKER_VLSFO_SINGAPORE,2024-07-27 00:00:00,2024-07-27 18:00:00,579.39,USD_PER_MT,2,v1.0,VALID,SYNTHETIC,hash_bnk_001041,True
1042,BUNKER_IFO380_SINGAPORE,2024-07-27 00:00:00,2024-07-27 18:00:00,427.77,USD_PER_MT,2,v1.0,VALID,SYNTHETIC,hash_bnk_001042,True
1043,BUNKER_MGO_SINGAPORE,2024-07-27 00:00:00,2024-07-27 18:00:00,745.09,USD_PER_MT,2,v1.0,VALID,SYNTHETIC,hash_bnk_001043,True
1044,BUNKER_VLSFO_ROTTERDAM,2024-07-27 00:00:00,2024-07-27 18:00:00,542.79,USD_PER_MT,2,v1.0,VALID,SYNTHETIC,hash_bnk_001044,True
1045,BUNKER_VLSFO_PARADIP,2024-07-27 00:00:00,2024-07-27 18:00:00,602.41,USD_PER_MT,2,v1.0,VALID,SYNTHETIC,hash_bnk_001045,True
1046,BUNKER_VLSFO_SINGAPORE,2024-07-28 00:00:00,2024-07-28 18:00:00,568.76,USD_PER_MT,2,v1.0,VALID,SYNTHETIC,hash_bnk_001046,True
1047,BUNKER_IFO380_SINGAPORE,2024-07-28 00:00:00,2024-07-28 18:00:00,420.45,USD_PER_MT,2,v1.0,VALID,SYNTHETIC,hash_bnk_001047,True
1048,BUNKER_MGO_SINGAPORE,2024-07-28 00:00:00,2024-07-28 18:00:00,748.14,USD_PER_MT,2,v1.0,VALID,SYNTHETIC,hash_bnk_001048,True
1049,BUNKER_VLSFO_ROTTERDAM,2024-07-28 00:00:00,2024-07-28 18:00:00,535.89,USD_PER_MT,2,v1.0,VALID,SYNTHETIC,hash_bnk_001049,True
1050,BUNKER_VLSFO_PARADIP,2024-07-28 00:00:00,2024-07-28 18:00:00,595.6,USD_PER_MT,2,v1.0,VALID,SYNTHETIC,hash_bnk_001050,True
1051,BUNKER_VLSFO_SINGAPORE,2024-07-29 00:00:00,2024-07-29 18:00:00,562.35,USD_PER_MT,2,v1.0,VALID,SYNTHETIC,hash_bnk_001051,True
1052,BUNKER_IFO380_SINGAPORE,2024-07-29 00:00:00,2024-07-29 18:00:00,424.57,USD_PER_MT,2,v1.0,VALID,SYNTHETIC,hash_bnk_001052,True
1053,BUNKER_MGO_SINGAPORE,2024-07-29 00:00:00,2024-07-29 18:00:00,747.04,USD_PER_MT,2,v1.0,VALID,SYNTHETIC,hash_bnk_001053,True
1054,BUNKER_VLSFO_ROTTERDAM,2024-07-29 00:00:00,2024-07-29 18:00:00,545.14,USD_PER_MT,2,v1.0,VALID,SYNTHETIC,hash_bnk_001054,True
1055,BUNKER_VLSFO_PARADIP,2024-07-29 00:00:00,2024-07-29 18:00:00,596.81,USD_PER_MT,2,v1.0,VALID,SYNTHETIC,hash_bnk_001055,True
1056,BUNKER_VLSFO_SINGAPORE,2024-07-30 00:00:00,2024-07-30 18:00:00,562.38,USD_PER_MT,2,v1.0,VALID,SYNTHETIC,hash_bnk_001056,True
1057,BUNKER_IFO380_SINGAPORE,2024-07-30 00:00:00,2024-07-30 18:00:00,421.83,USD_PER_MT,2,v1.0,VALID,SYNTHETIC,hash_bnk_001057,True
1058,BUNKER_MGO_SINGAPORE,2024-07-30 00:00:00,2024-07-30 18:00:00,732.09,USD_PER_MT,2,v1.0,VALID,SYNTHETIC,hash_bnk_001058,True
1059,BUNKER_VLSFO_ROTTERDAM,2024-07-30 00:00:00,2024-07-30 18:00:00,547.1,USD_PER_MT,2,v1.0,VALID,SYNTHETIC,hash_bnk_001059,True
1060,BUNKER_VLSFO_PARADIP,2024-07-30 00:00:00,2024-07-30 18:00:00,608.18,USD_PER_MT,2,v1.0,VALID,SYNTHETIC,hash_bnk_001060,True
1061,BUNKER_VLSFO_SINGAPORE,2024-07-31 00:00:00,2024-07-31 18:00:00,563.44,USD_PER_MT,2,v1.0,VALID,SYNTHETIC,hash_bnk_001061,True
1062,BUNKER_IFO380_SINGAPORE,2024-07-31 00:00:00,2024-07-31 18:00:00,417.5,USD_PER_MT,2,v1.0,VALID,SYNTHETIC,hash_bnk_001062,True
1063,BUNKER_MGO_SINGAPORE,2024-07-31 00:00:00,2024-07-31 18:00:00,740.09,USD_PER_MT,2,v1.0,VALID,SYNTHETIC,hash_bnk_001063,True
1064,BUNKER_VLSFO_ROTTERDAM,2024-07-31 00:00:00,2024-07-31 18:00:00,535.49,USD_PER_MT,2,v1.0,VALID,SYNTHETIC,hash_bnk_001064,True
1065,BUNKER_VLSFO_PARADIP,2024-07-31 00:00:00,2024-07-31 18:00:00,589.94,USD_PER_MT,2,v1.0,VALID,SYNTHETIC,hash_bnk_001065,True
1066,BUNKER_VLSFO_SINGAPORE,2024-08-01 00:00:00,2024-08-01 18:00:00,564.25,USD_PER_MT,2,v1.0,VALID,SYNTHETIC,hash_bnk_001066,True
1067,BUNKER_IFO380_SINGAPORE,2024-08-01 00:00:00,2024-08-01 18:00:00,414.04,USD_PER_MT,2,v1.0,VALID,SYNTHETIC,hash_bnk_001067,True
1068,BUNKER_MGO_SINGAPORE,2024-08-01 00:00:00,2024-08-01 18:00:00,737.36,USD_PER_MT,2,v1.0,VALID,SYNTHETIC,hash_bnk_001068,True
1069,BUNKER_VLSFO_ROTTERDAM,2024-08-01 00:00:00,2024-08-01 18:00:00,542.66,USD_PER_MT,2,v1.0,VALID,SYNTHETIC,hash_bnk_001069,True
1070,BUNKER_VLSFO_PARADIP,2024-08-01 00:00:00,2024-08-01 18:00:00,597.62,USD_PER_MT,2,v1.0,VALID,SYNTHETIC,hash_bnk_001070,True
1071,BUNKER_VLSFO_SINGAPORE,2024-08-02 00:00:00,2024-08-02 18:00:00,573.98,USD_PER_MT,2,v1.0,VALID,SYNTHETIC,hash_bnk_001071,True
1072,BUNKER_IFO380_SINGAPORE,2024-08-02 00:00:00,2024-08-02 18:00:00,421.91,USD_PER_MT,2,v1.0,VALID,SYNTHETIC,hash_bnk_001072,True
1073,BUNKER_MGO_SINGAPORE,2024-08-02 00:00:00,2024-08-02 18:00:00,745.54,USD_PER_MT,2,v1.0,VALID,SYNTHETIC,hash_bnk_001073,True
1074,BUNKER_VLSFO_ROTTERDAM,2024-08-02 00:00:00,2024-08-02 18:00:00,541.01,USD_PER_MT,2,v1.0,VALID,SYNTHETIC,hash_bnk_001074,True
1075,BUNKER_VLSFO_PARADIP,2024-08-02 00:00:00,2024-08-02 18:00:00,594.73,USD_PER_MT,2,v1.0,VALID,SYNTHETIC,hash_bnk_001075,True
1076,BUNKER_VLSFO_SINGAPORE,2024-08-03 00:00:00,2024-08-03 18:00:00,565.29,USD_PER_MT,2,v1.0,VALID,SYNTHETIC,hash_bnk_001076,True
1077,BUNKER_IFO380_SINGAPORE,2024-08-03 00:00:00,2024-08-03 18:00:00,422.76,USD_PER_MT,2,v1.0,VALID,SYNTHETIC,hash_bnk_001077,True
1078,BUNKER_MGO_SINGAPORE,2024-08-03 00:00:00,2024-08-03 18:00:00,739.22,USD_PER_MT,2,v1.0,VALID,SYNTHETIC,hash_bnk_001078,True
1079,BUNKER_VLSFO_ROTTERDAM,2024-08-03 00:00:00,2024-08-03 18:00:00,539.66,USD_PER_MT,2,v1.0,VALID,SYNTHETIC,hash_bnk_001079,True
1080,BUNKER_VLSFO_PARADIP,2024-08-03 00:00:00,2024-08-03 18:00:00,599.85,USD_PER_MT,2,v1.0,VALID,SYNTHETIC,hash_bnk_001080,True
1081,BUNKER_VLSFO_SINGAPORE,2024-08-04 00:00:00,2024-08-04 18:00:00,561.06,USD_PER_MT,2,v1.0,VALID,SYNTHETIC,hash_bnk_001081,True
1082,BUNKER_IFO380_SINGAPORE,2024-08-04 00:00:00,2024-08-04 18:00:00,419.67,USD_PER_MT,2,v1.0,VALID,SYNTHETIC,hash_bnk_001082,True
1083,BUNKER_MGO_SINGAPORE,2024-08-04 00:00:00,2024-08-04 18:00:00,734.22,USD_PER_MT,2,v1.0,VALID,SYNTHETIC,hash_bnk_001083,True
1084,BUNKER_VLSFO_ROTTERDAM,2024-08-04 00:00:00,2024-08-04 18:00:00,541.94,USD_PER_MT,2,v1.0,VALID,SYNTHETIC,hash_bnk_001084,True
1085,BUNKER_VLSFO_PARADIP,2024-08-04 00:00:00,2024-08-04 18:00:00,594.44,USD_PER_MT,2,v1.0,VALID,SYNTHETIC,hash_bnk_001085,True
1086,BUNKER_VLSFO_SINGAPORE,2024-08-05 00:00:00,2024-08-05 18:00:00,569.06,USD_PER_MT,2,v1.0,VALID,SYNTHETIC,hash_bnk_001086,True
1087,BUNKER_IFO380_SINGAPORE,2024-08-05 00:00:00,2024-08-05 18:00:00,423.54,USD_PER_MT,2,v1.0,VALID,SYNTHETIC,hash_bnk_001087,True
1088,BUNKER_MGO_SINGAPORE,2024-08-05 00:00:00,2024-08-05 18:00:00,736.36,USD_PER_MT,2,v1.0,VALID,SYNTHETIC,hash_bnk_001088,True
1089,BUNKER_VLSFO_ROTTERDAM,2024-08-05 00:00:00,2024-08-05 18:00:00,540.92,USD_PER_MT,2,v1.0,VALID,SYNTHETIC,hash_bnk_001089,True
1090,BUNKER_VLSFO_PARADIP,2024-08-05 00:00:00,2024-08-05 18:00:00,597.85,USD_PER_MT,2,v1.0,VALID,SYNTHETIC,hash_bnk_001090,True
1091,BUNKER_VLSFO_SINGAPORE,2024-08-06 00:00:00,2024-08-06 18:00:00,570.4,USD_PER_MT,2,v1.0,VALID,SYNTHETIC,hash_bnk_001091,True
1092,BUNKER_IFO380_SINGAPORE,2024-08-06 00:00:00,2024-08-06 18:00:00,423.57,USD_PER_MT,2,v1.0,VALID,SYNTHETIC,hash_bnk_001092,True
1093,BUNKER_MGO_SINGAPORE,2024-08-06 00:00:00,2024-08-06 18:00:00,736.51,USD_PER_MT,2,v1.0,VALID,SYNTHETIC,hash_bnk_001093,True
1094,BUNKER_VLSFO_ROTTERDAM,2024-08-06 00:00:00,2024-08-06 18:00:00,538.13,USD_PER_MT,2,v1.0,VALID,SYNTHETIC,hash_bnk_001094,True
1095,BUNKER_VLSFO_PARADIP,2024-08-06 00:00:00,2024-08-06 18:00:00,593.15,USD_PER_MT,2,v1.0,VALID,SYNTHETIC,hash_bnk_001095,True
1096,BUNKER_VLSFO_SINGAPORE,2024-08-07 00:00:00,2024-08-07 18:00:00,568.87,USD_PER_MT,2,v1.0,VALID,SYNTHETIC,hash_bnk_001096,True
1097,BUNKER_IFO380_SINGAPORE,2024-08-07 00:00:00,2024-08-07 18:00:00,419.41,USD_PER_MT,2,v1.0,VALID,SYNTHETIC,hash_bnk_001097,True
1098,BUNKER_MGO_SINGAPORE,2024-08-07 00:00:00,2024-08-07 18:00:00,738.59,USD_PER_MT,2,v1.0,VALID,SYNTHETIC,hash_bnk_001098,True
1099,BUNKER_VLSFO_ROTTERDAM,2024-08-07 00:00:00,2024-08-07 18:00:00,533.37,USD_PER_MT,2,v1.0,VALID,SYNTHETIC,hash_bnk_001099,True
1100,BUNKER_VLSFO_PARADIP,2024-08-07 00:00:00,2024-08-07 18:00:00,594.34,USD_PER_MT,2,v1.0,VALID,SYNTHETIC,hash_bnk_001100,True
1101,BUNKER_VLSFO_SINGAPORE,2024-08-08 00:00:00,2024-08-08 18:00:00,559.1,USD_PER_MT,2,v1.0,VALID,SYNTHETIC,hash_bnk_001101,True
1102,BUNKER_IFO380_SINGAPORE,2024-08-08 00:00:00,2024-08-08 18:00:00,421.23,USD_PER_MT,2,v1.0,VALID,SYNTHETIC,hash_bnk_001102,True
1103,BUNKER_MGO_SINGAPORE,2024-08-08 00:00:00,2024-08-08 18:00:00,742.14,USD_PER_MT,2,v1.0,VALID,SYNTHETIC,hash_bnk_001103,True
1104,BUNKER_VLSFO_ROTTERDAM,2024-08-08 00:00:00,2024-08-08 18:00:00,533.79,USD_PER_MT,2,v1.0,VALID,SYNTHETIC,hash_bnk_001104,True
1105,BUNKER_VLSFO_PARADIP,2024-08-08 00:00:00,2024-08-08 18:00:00,593.88,USD_PER_MT,2,v1.0,VALID,SYNTHETIC,hash_bnk_001105,True
1106,BUNKER_VLSFO_SINGAPORE,2024-08-09 00:00:00,2024-08-09 18:00:00,559.61,USD_PER_MT,2,v1.0,VALID,SYNTHETIC,hash_bnk_001106,True
1107,BUNKER_IFO380_SINGAPORE,2024-08-09 00:00:00,2024-08-09 18:00:00,415.77,USD_PER_MT,2,v1.0,VALID,SYNTHETIC,hash_bnk_001107,True
1108,BUNKER_MGO_SINGAPORE,2024-08-09 00:00:00,2024-08-09 18:00:00,719.75,USD_PER_MT,2,v1.0,VALID,SYNTHETIC,hash_bnk_001108,True
1109,BUNKER_VLSFO_ROTTERDAM,2024-08-09 00:00:00,2024-08-09 18:00:00,534.23,USD_PER_MT,2,v1.0,VALID,SYNTHETIC,hash_bnk_001109,True
1110,BUNKER_VLSFO_PARADIP,2024-08-09 00:00:00,2024-08-09 18:00:00,596.15,USD_PER_MT,2,v1.0,VALID,SYNTHETIC,hash_bnk_001110,True
1111,BUNKER_VLSFO_SINGAPORE,2024-08-10 00:00:00,2024-08-10 18:00:00,564.35,USD_PER_MT,2,v1.0,VALID,SYNTHETIC,hash_bnk_001111,True
1112,BUNKER_IFO380_SINGAPORE,2024-08-10 00:00:00,2024-08-10 18:00:00,417.75,USD_PER_MT,2,v1.0,VALID,SYNTHETIC,hash_bnk_001112,True
1113,BUNKER_MGO_SINGAPORE,2024-08-10 00:00:00,2024-08-10 18:00:00,736.34,USD_PER_MT,2,v1.0,VALID,SYNTHETIC,hash_bnk_001113,True
1114,BUNKER_VLSFO_ROTTERDAM,2024-08-10 00:00:00,2024-08-10 18:00:00,532.71,USD_PER_MT,2,v1.0,VALID,SYNTHETIC,hash_bnk_001114,True
1115,BUNKER_VLSFO_PARADIP,2024-08-10 00:00:00,2024-08-10 18:00:00,587.36,USD_PER_MT,2,v1.0,VALID,SYNTHETIC,hash_bnk_001115,True
1116,BUNKER_VLSFO_SINGAPORE,2024-08-11 00:00:00,2024-08-11 18:00:00,564.02,USD_PER_MT,2,v1.0,VALID,SYNTHETIC,hash_bnk_001116,True
1117,BUNKER_IFO380_SINGAPORE,2024-08-11 00:00:00,2024-08-11 18:00:00,417.66,USD_PER_MT,2,v1.0,VALID,SYNTHETIC,hash_bnk_001117,True
1118,BUNKER_MGO_SINGAPORE,2024-08-11 00:00:00,2024-08-11 18:00:00,723.29,USD_PER_MT,2,v1.0,VALID,SYNTHETIC,hash_bnk_001118,True
1119,BUNKER_VLSFO_ROTTERDAM,2024-08-11 00:00:00,2024-08-11 18:00:00,539.26,USD_PER_MT,2,v1.0,VALID,SYNTHETIC,hash_bnk_001119,True
1120,BUNKER_VLSFO_PARADIP,2024-08-11 00:00:00,2024-08-11 18:00:00,597.82,USD_PER_MT,2,v1.0,VALID,SYNTHETIC,hash_bnk_001120,True
1121,BUNKER_VLSFO_SINGAPORE,2024-08-12 00:00:00,2024-08-12 18:00:00,579.36,USD_PER_MT,2,v1.0,VALID,SYNTHETIC,hash_bnk_001121,True
1122,BUNKER_IFO380_SINGAPORE,2024-08-12 00:00:00,2024-08-12 18:00:00,417.13,USD_PER_MT,2,v1.0,VALID,SYNTHETIC,hash_bnk_001122,True
1123,BUNKER_MGO_SINGAPORE,2024-08-12 00:00:00,2024-08-12 18:00:00,728.44,USD_PER_MT,2,v1.0,VALID,SYNTHETIC,hash_bnk_001123,True
1124,BUNKER_VLSFO_ROTTERDAM,2024-08-12 00:00:00,2024-08-12 18:00:00,537.13,USD_PER_MT,2,v1.0,VALID,SYNTHETIC,hash_bnk_001124,True
1125,BUNKER_VLSFO_PARADIP,2024-08-12 00:00:00,2024-08-12 18:00:00,589.45,USD_PER_MT,2,v1.0,VALID,SYNTHETIC,hash_bnk_001125,True
1126,BUNKER_VLSFO_SINGAPORE,2024-08-13 00:00:00,2024-08-13 18:00:00,563.62,USD_PER_MT,2,v1.0,VALID,SYNTHETIC,hash_bnk_001126,True
1127,BUNKER_IFO380_SINGAPORE,2024-08-13 00:00:00,2024-08-13 18:00:00,416.2,USD_PER_MT,2,v1.0,VALID,SYNTHETIC,hash_bnk_001127,True
1128,BUNKER_MGO_SINGAPORE,2024-08-13 00:00:00,2024-08-13 18:00:00,742.47,USD_PER_MT,2,v1.0,VALID,SYNTHETIC,hash_bnk_001128,True
1129,BUNKER_VLSFO_ROTTERDAM,2024-08-13 00:00:00,2024-08-13 18:00:00,536.27,USD_PER_MT,2,v1.0,VALID,SYNTHETIC,hash_bnk_001129,True
1130,BUNKER_VLSFO_PARADIP,2024-08-13 00:00:00,2024-08-13 18:00:00,595.77,USD_PER_MT,2,v1.0,VALID,SYNTHETIC,hash_bnk_001130,True
1131,BUNKER_VLSFO_SINGAPORE,2024-08-14 00:00:00,2024-08-14 18:00:00,561.93,USD_PER_MT,2,v1.0,VALID,SYNTHETIC,hash_bnk_001131,True
1132,BUNKER_IFO380_SINGAPORE,2024-08-14 00:00:00,2024-08-14 18:00:00,423.5,USD_PER_MT,2,v1.0,VALID,SYNTHETIC,hash_bnk_001132,True
1133,BUNKER_MGO_SINGAPORE,2024-08-14 00:00:00,2024-08-14 18:00:00,731.01,USD_PER_MT,2,v1.0,VALID,SYNTHETIC,hash_bnk_001133,True
1134,BUNKER_VLSFO_ROTTERDAM,2024-08-14 00:00:00,2024-08-14 18:00:00,534.71,USD_PER_MT,2,v1.0,VALID,SYNTHETIC,hash_bnk_001134,True
1135,BUNKER_VLSFO_PARADIP,2024-08-14 00:00:00,2024-08-14 18:00:00,593.38,USD_PER_MT,2,v1.0,VALID,SYNTHETIC,hash_bnk_001135,True
1136,BUNKER_VLSFO_SINGAPORE,2024-08-15 00:00:00,2024-08-15 18:00:00,561.21,USD_PER_MT,2,v1.0,VALID,SYNTHETIC,hash_bnk_001136,True
1137,BUNKER_IFO380_SINGAPORE,2024-08-15 00:00:00,2024-08-15 18:00:00,413.62,USD_PER_MT,2,v1.0,VALID,SYNTHETIC,hash_bnk_001137,True
1138,BUNKER_MGO_SINGAPORE,2024-08-15 00:00:00,2024-08-15 18:00:00,730.32,USD_PER_MT,2,v1.0,VALID,SYNTHETIC,hash_bnk_001138,True
1139,BUNKER_VLSFO_ROTTERDAM,2024-08-15 00:00:00,2024-08-15 18:00:00,536.63,USD_PER_MT,2,v1.0,VALID,SYNTHETIC,hash_bnk_001139,True
1140,BUNKER_VLSFO_PARADIP,2024-08-15 00:00:00,2024-08-15 18:00:00,587.66,USD_PER_MT,2,v1.0,VALID,SYNTHETIC,hash_bnk_001140,True
1141,BUNKER_VLSFO_SINGAPORE,2024-08-16 00:00:00,2024-08-16 18:00:00,564.85,USD_PER_MT,2,v1.0,VALID,SYNTHETIC,hash_bnk_001141,True
1142,BUNKER_IFO380_SINGAPORE,2024-08-16 00:00:00,2024-08-16 18:00:00,412.88,USD_PER_MT,2,v1.0,VALID,SYNTHETIC,hash_bnk_001142,True
1143,BUNKER_MGO_SINGAPORE,2024-08-16 00:00:00,2024-08-16 18:00:00,731.8,USD_PER_MT,2,v1.0,VALID,SYNTHETIC,hash_bnk_001143,True
1144,BUNKER_VLSFO_ROTTERDAM,2024-08-16 00:00:00,2024-08-16 18:00:00,531.49,USD_PER_MT,2,v1.0,VALID,SYNTHETIC,hash_bnk_001144,True
1145,BUNKER_VLSFO_PARADIP,2024-08-16 00:00:00,2024-08-16 18:00:00,590.48,USD_PER_MT,2,v1.0,VALID,SYNTHETIC,hash_bnk_001145,True
1146,BUNKER_VLSFO_SINGAPORE,2024-08-17 00:00:00,2024-08-17 18:00:00,559.68,USD_PER_MT,2,v1.0,VALID,SYNTHETIC,hash_bnk_001146,True
1147,BUNKER_IFO380_SINGAPORE,2024-08-17 00:00:00,2024-08-17 18:00:00,409.95,USD_PER_MT,2,v1.0,VALID,SYNTHETIC,hash_bnk_001147,True
1148,BUNKER_MGO_SINGAPORE,2024-08-17 00:00:00,2024-08-17 18:00:00,730.15,USD_PER_MT,2,v1.0,VALID,SYNTHETIC,hash_bnk_001148,True
1149,BUNKER_VLSFO_ROTTERDAM,2024-08-17 00:00:00,2024-08-17 18:00:00,530.76,USD_PER_MT,2,v1.0,VALID,SYNTHETIC,hash_bnk_001149,True
1150,BUNKER_VLSFO_PARADIP,2024-08-17 00:00:00,2024-08-17 18:00:00,595.55,USD_PER_MT,2,v1.0,VALID,SYNTHETIC,hash_bnk_001150,True
1151,BUNKER_VLSFO_SINGAPORE,2024-08-18 00:00:00,2024-08-18 18:00:00,556.31,USD_PER_MT,2,v1.0,VALID,SYNTHETIC,hash_bnk_001151,True
1152,BUNKER_IFO380_SINGAPORE,2024-08-18 00:00:00,2024-08-18 18:00:00,413.84,USD_PER_MT,2,v1.0,VALID,SYNTHETIC,hash_bnk_001152,True
1153,BUNKER_MGO_SINGAPORE,2024-08-18 00:00:00,2024-08-18 18:00:00,731.49,USD_PER_MT,2,v1.0,VALID,SYNTHETIC,hash_bnk_001153,True
1154,BUNKER_VLSFO_ROTTERDAM,2024-08-18 00:00:00,2024-08-18 18:00:00,531.99,USD_PER_MT,2,v1.0,VALID,SYNTHETIC,hash_bnk_001154,True
1155,BUNKER_VLSFO_PARADIP,2024-08-18 00:00:00,2024-08-18 18:00:00,589.9,USD_PER_MT,2,v1.0,VALID,SYNTHETIC,hash_bnk_001155,True
1156,BUNKER_VLSFO_SINGAPORE,2024-08-19 00:00:00,2024-08-19 18:00:00,556.1,USD_PER_MT,2,v1.0,VALID,SYNTHETIC,hash_bnk_001156,True
1157,BUNKER_IFO380_SINGAPORE,2024-08-19 00:00:00,2024-08-19 18:00:00,412.02,USD_PER_MT,2,v1.0,VALID,SYNTHETIC,hash_bnk_001157,True
1158,BUNKER_MGO_SINGAPORE,2024-08-19 00:00:00,2024-08-19 18:00:00,732.15,USD_PER_MT,2,v1.0,VALID,SYNTHETIC,hash_bnk_001158,True
1159,BUNKER_VLSFO_ROTTERDAM,2024-08-19 00:00:00,2024-08-19 18:00:00,526.96,USD_PER_MT,2,v1.0,VALID,SYNTHETIC,hash_bnk_001159,True
1160,BUNKER_VLSFO_PARADIP,2024-08-19 00:00:00,2024-08-19 18:00:00,592.59,USD_PER_MT,2,v1.0,VALID,SYNTHETIC,hash_bnk_001160,True
1161,BUNKER_VLSFO_SINGAPORE,2024-08-20 00:00:00,2024-08-20 18:00:00,560.9,USD_PER_MT,2,v1.0,VALID,SYNTHETIC,hash_bnk_001161,True
1162,BUNKER_IFO380_SINGAPORE,2024-08-20 00:00:00,2024-08-20 18:00:00,411.24,USD_PER_MT,2,v1.0,VALID,SYNTHETIC,hash_bnk_001162,True
1163,BUNKER_MGO_SINGAPORE,2024-08-20 00:00:00,2024-08-20 18:00:00,731.73,USD_PER_MT,2,v1.0,VALID,SYNTHETIC,hash_bnk_001163,True
1164,BUNKER_VLSFO_ROTTERDAM,2024-08-20 00:00:00,2024-08-20 18:00:00,526.26,USD_PER_MT,2,v1.0,VALID,SYNTHETIC,hash_bnk_001164,True
1165,BUNKER_VLSFO_PARADIP,2024-08-20 00:00:00,2024-08-20 18:00:00,588.86,USD_PER_MT,2,v1.0,VALID,SYNTHETIC,hash_bnk_001165,True
1166,BUNKER_VLSFO_SINGAPORE,2024-08-21 00:00:00,2024-08-21 18:00:00,558.65,USD_PER_MT,2,v1.0,VALID,SYNTHETIC,hash_bnk_001166,True
1167,BUNKER_IFO380_SINGAPORE,2024-08-21 00:00:00,2024-08-21 18:00:00,413.68,USD_PER_MT,2,v1.0,VALID,SYNTHETIC,hash_bnk_001167,True
1168,BUNKER_MGO_SINGAPORE,2024-08-21 00:00:00,2024-08-21 18:00:00,728.91,USD_PER_MT,2,v1.0,VALID,SYNTHETIC,hash_bnk_001168,True
1169,BUNKER_VLSFO_ROTTERDAM,2024-08-21 00:00:00,2024-08-21 18:00:00,536.03,USD_PER_MT,2,v1.0,VALID,SYNTHETIC,hash_bnk_001169,True
1170,BUNKER_VLSFO_PARADIP,2024-08-21 00:00:00,2024-08-21 18:00:00,586.93,USD_PER_MT,2,v1.0,VALID,SYNTHETIC,hash_bnk_001170,True
1171,BUNKER_VLSFO_SINGAPORE,2024-08-22 00:00:00,2024-08-22 18:00:00,556.25,USD_PER_MT,2,v1.0,VALID,SYNTHETIC,hash_bnk_001171,True
1172,BUNKER_IFO380_SINGAPORE,2024-08-22 00:00:00,2024-08-22 18:00:00,417.32,USD_PER_MT,2,v1.0,VALID,SYNTHETIC,hash_bnk_001172,True
1173,BUNKER_MGO_SINGAPORE,2024-08-22 00:00:00,2024-08-22 18:00:00,722.54,USD_PER_MT,2,v1.0,VALID,SYNTHETIC,hash_bnk_001173,True
1174,BUNKER_VLSFO_ROTTERDAM,2024-08-22 00:00:00,2024-08-22 18:00:00,533.35,USD_PER_MT,2,v1.0,VALID,SYNTHETIC,hash_bnk_001174,True
1175,BUNKER_VLSFO_PARADIP,2024-08-22 00:00:00,2024-08-22 18:00:00,594.07,USD_PER_MT,2,v1.0,VALID,SYNTHETIC,hash_bnk_001175,True
1176,BUNKER_VLSFO_SINGAPORE,2024-08-23 00:00:00,2024-08-23 18:00:00,555.36,USD_PER_MT,2,v1.0,VALID,SYNTHETIC,hash_bnk_001176,True
1177,BUNKER_IFO380_SINGAPORE,2024-08-23 00:00:00,2024-08-23 18:00:00,416.59,USD_PER_MT,2,v1.0,VALID,SYNTHETIC,hash_bnk_001177,True
1178,BUNKER_MGO_SINGAPORE,2024-08-23 00:00:00,2024-08-23 18:00:00,728.35,USD_PER_MT,2,v1.0,VALID,SYNTHETIC,hash_bnk_001178,True
1179,BUNKER_VLSFO_ROTTERDAM,2024-08-23 00:00:00,2024-08-23 18:00:00,528.92,USD_PER_MT,2,v1.0,VALID,SYNTHETIC,hash_bnk_001179,True
1180,BUNKER_VLSFO_PARADIP,2024-08-23 00:00:00,2024-08-23 18:00:00,591.97,USD_PER_MT,2,v1.0,VALID,SYNTHETIC,hash_bnk_001180,True
1181,BUNKER_VLSFO_SINGAPORE,2024-08-24 00:00:00,2024-08-24 18:00:00,559.64,USD_PER_MT,2,v1.0,VALID,SYNTHETIC,hash_bnk_001181,True
1182,BUNKER_IFO380_SINGAPORE,2024-08-24 00:00:00,2024-08-24 18:00:00,415.06,USD_PER_MT,2,v1.0,VALID,SYNTHETIC,hash_bnk_001182,True
1183,BUNKER_MGO_SINGAPORE,2024-08-24 00:00:00,2024-08-24 18:00:00,724.63,USD_PER_MT,2,v1.0,VALID,SYNTHETIC,hash_bnk_001183,True
1184,BUNKER_VLSFO_ROTTERDAM,2024-08-24 00:00:00,2024-08-24 18:00:00,538.25,USD_PER_MT,2,v1.0,VALID,SYNTHETIC,hash_bnk_001184,True
1185,BUNKER_VLSFO_PARADIP,2024-08-24 00:00:00,2024-08-24 18:00:00,592.08,USD_PER_MT,2,v1.0,VALID,SYNTHETIC,hash_bnk_001185,True
1186,BUNKER_VLSFO_SINGAPORE,2024-08-25 00:00:00,2024-08-25 18:00:00,557.66,USD_PER_MT,2,v1.0,VALID,SYNTHETIC,hash_bnk_001186,True
1187,BUNKER_IFO380_SINGAPORE,2024-08-25 00:00:00,2024-08-25 18:00:00,415.19,USD_PER_MT,2,v1.0,VALID,SYNTHETIC,hash_bnk_001187,True
1188,BUNKER_MGO_SINGAPORE,2024-08-25 00:00:00,2024-08-25 18:00:00,728.29,USD_PER_MT,2,v1.0,VALID,SYNTHETIC,hash_bnk_001188,True
1189,BUNKER_VLSFO_ROTTERDAM,2024-08-25 00:00:00,2024-08-25 18:00:00,531.66,USD_PER_MT,2,v1.0,VALID,SYNTHETIC,hash_bnk_001189,True
1190,BUNKER_VLSFO_PARADIP,2024-08-25 00:00:00,2024-08-25 18:00:00,596.15,USD_PER_MT,2,v1.0,VALID,SYNTHETIC,hash_bnk_001190,True
1191,BUNKER_VLSFO_SINGAPORE,2024-08-26 00:00:00,2024-08-26 18:00:00,557.3,USD_PER_MT,2,v1.0,VALID,SYNTHETIC,hash_bnk_001191,True
1192,BUNKER_IFO380_SINGAPORE,2024-08-26 00:00:00,2024-08-26 18:00:00,415.61,USD_PER_MT,2,v1.0,VALID,SYNTHETIC,hash_bnk_001192,True
1193,BUNKER_MGO_SINGAPORE,2024-08-26 00:00:00,2024-08-26 18:00:00,725.04,USD_PER_MT,2,v1.0,VALID,SYNTHETIC,hash_bnk_001193,True
1194,BUNKER_VLSFO_ROTTERDAM,2024-08-26 00:00:00,2024-08-26 18:00:00,534.03,USD_PER_MT,2,v1.0,VALID,SYNTHETIC,hash_bnk_001194,True
1195,BUNKER_VLSFO_PARADIP,2024-08-26 00:00:00,2024-08-26 18:00:00,583.76,USD_PER_MT,2,v1.0,VALID,SYNTHETIC,hash_bnk_001195,True
1196,BUNKER_VLSFO_SINGAPORE,2024-08-27 00:00:00,2024-08-27 18:00:00,562.85,USD_PER_MT,2,v1.0,VALID,SYNTHETIC,hash_bnk_001196,True
1197,BUNKER_IFO380_SINGAPORE,2024-08-27 00:00:00,2024-08-27 18:00:00,420.92,USD_PER_MT,2,v1.0,VALID,SYNTHETIC,hash_bnk_001197,True
1198,BUNKER_MGO_SINGAPORE,2024-08-27 00:00:00,2024-08-27 18:00:00,731.72,USD_PER_MT,2,v1.0,VALID,SYNTHETIC,hash_bnk_001198,True
1199,BUNKER_VLSFO_ROTTERDAM,2024-08-27 00:00:00,2024-08-27 18:00:00,530.0,USD_PER_MT,2,v1.0,VALID,SYNTHETIC,hash_bnk_001199,True
1200,BUNKER_VLSFO_PARADIP,2024-08-27 00:00:00,2024-08-27 18:00:00,592.13,USD_PER_MT,2,v1.0,VALID,SYNTHETIC,hash_bnk_001200,True
1201,BUNKER_VLSFO_SINGAPORE,2024-08-28 00:00:00,2024-08-28 18:00:00,559.51,USD_PER_MT,2,v1.0,VALID,SYNTHETIC,hash_bnk_001201,True
1202,BUNKER_IFO380_SINGAPORE,2024-08-28 00:00:00,2024-08-28 18:00:00,416.61,USD_PER_MT,2,v1.0,VALID,SYNTHETIC,hash_bnk_001202,True
1203,BUNKER_MGO_SINGAPORE,2024-08-28 00:00:00,2024-08-28 18:00:00,733.5,USD_PER_MT,2,v1.0,VALID,SYNTHETIC,hash_bnk_001203,True
1204,BUNKER_VLSFO_ROTTERDAM,2024-08-28 00:00:00,2024-08-28 18:00:00,531.97,USD_PER_MT,2,v1.0,VALID,SYNTHETIC,hash_bnk_001204,True
1205,BUNKER_VLSFO_PARADIP,2024-08-28 00:00:00,2024-08-28 18:00:00,596.3,USD_PER_MT,2,v1.0,VALID,SYNTHETIC,hash_bnk_001205,True
1206,BUNKER_VLSFO_SINGAPORE,2024-08-29 00:00:00,2024-08-29 18:00:00,555.24,USD_PER_MT,2,v1.0,VALID,SYNTHETIC,hash_bnk_001206,True
1207,BUNKER_IFO380_SINGAPORE,2024-08-29 00:00:00,2024-08-29 18:00:00,414.73,USD_PER_MT,2,v1.0,VALID,SYNTHETIC,hash_bnk_001207,True
1208,BUNKER_MGO_SINGAPORE,2024-08-29 00:00:00,2024-08-29 18:00:00,724.29,USD_PER_MT,2,v1.0,VALID,SYNTHETIC,hash_bnk_001208,True
1209,BUNKER_VLSFO_ROTTERDAM,2024-08-29 00:00:00,2024-08-29 18:00:00,529.77,USD_PER_MT,2,v1.0,VALID,SYNTHETIC,hash_bnk_001209,True
1210,BUNKER_VLSFO_PARADIP,2024-08-29 00:00:00,2024-08-29 18:00:00,588.3,USD_PER_MT,2,v1.0,VALID,SYNTHETIC,hash_bnk_001210,True
1211,BUNKER_VLSFO_SINGAPORE,2024-08-30 00:00:00,2024-08-30 18:00:00,556.36,USD_PER_MT,2,v1.0,VALID,SYNTHETIC,hash_bnk_001211,True
1212,BUNKER_IFO380_SINGAPORE,2024-08-30 00:00:00,2024-08-30 18:00:00,417.01,USD_PER_MT,2,v1.0,VALID,SYNTHETIC,hash_bnk_001212,True
1213,BUNKER_MGO_SINGAPORE,2024-08-30 00:00:00,2024-08-30 18:00:00,721.73,USD_PER_MT,2,v1.0,VALID,SYNTHETIC,hash_bnk_001213,True
1214,BUNKER_VLSFO_ROTTERDAM,2024-08-30 00:00:00,2024-08-30 18:00:00,532.18,USD_PER_MT,2,v1.0,VALID,SYNTHETIC,hash_bnk_001214,True
1215,BUNKER_VLSFO_PARADIP,2024-08-30 00:00:00,2024-08-30 18:00:00,589.9,USD_PER_MT,2,v1.0,VALID,SYNTHETIC,hash_bnk_001215,True
1216,BUNKER_VLSFO_SINGAPORE,2024-08-31 00:00:00,2024-08-31 18:00:00,554.5,USD_PER_MT,2,v1.0,VALID,SYNTHETIC,hash_bnk_001216,True
1217,BUNKER_IFO380_SINGAPORE,2024-08-31 00:00:00,2024-08-31 18:00:00,409.29,USD_PER_MT,2,v1.0,VALID,SYNTHETIC,hash_bnk_001217,True
1218,BUNKER_MGO_SINGAPORE,2024-08-31 00:00:00,2024-08-31 18:00:00,725.71,USD_PER_MT,2,v1.0,VALID,SYNTHETIC,hash_bnk_001218,True
1219,BUNKER_VLSFO_ROTTERDAM,2024-08-31 00:00:00,2024-08-31 18:00:00,537.41,USD_PER_MT,2,v1.0,VALID,SYNTHETIC,hash_bnk_001219,True
1220,BUNKER_VLSFO_PARADIP,2024-08-31 00:00:00,2024-08-31 18:00:00,581.8,USD_PER_MT,2,v1.0,VALID,SYNTHETIC,hash_bnk_001220,True
1221,BUNKER_VLSFO_SINGAPORE,2024-09-01 00:00:00,2024-09-01 18:00:00,555.7,USD_PER_MT,2,v1.0,VALID,SYNTHETIC,hash_bnk_001221,True
1222,BUNKER_IFO380_SINGAPORE,2024-09-01 00:00:00,2024-09-01 18:00:00,420.71,USD_PER_MT,2,v1.0,VALID,SYNTHETIC,hash_bnk_001222,True
1223,BUNKER_MGO_SINGAPORE,2024-09-01 00:00:00,2024-09-01 18:00:00,734.43,USD_PER_MT,2,v1.0,VALID,SYNTHETIC,hash_bnk_001223,True
1224,BUNKER_VLSFO_ROTTERDAM,2024-09-01 00:00:00,2024-09-01 18:00:00,529.5,USD_PER_MT,2,v1.0,VALID,SYNTHETIC,hash_bnk_001224,True
1225,BUNKER_VLSFO_PARADIP,2024-09-01 00:00:00,2024-09-01 18:00:00,591.66,USD_PER_MT,2,v1.0,VALID,SYNTHETIC,hash_bnk_001225,True
1226,BUNKER_VLSFO_SINGAPORE,2024-09-02 00:00:00,2024-09-02 18:00:00,567.25,USD_PER_MT,2,v1.0,VALID,SYNTHETIC,hash_bnk_001226,True
1227,BUNKER_IFO380_SINGAPORE,2024-09-02 00:00:00,2024-09-02 18:00:00,416.99,USD_PER_MT,2,v1.0,VALID,SYNTHETIC,hash_bnk_001227,True
1228,BUNKER_MGO_SINGAPORE,2024-09-02 00:00:00,2024-09-02 18:00:00,729.32,USD_PER_MT,2,v1.0,VALID,SYNTHETIC,hash_bnk_001228,True
1229,BUNKER_VLSFO_ROTTERDAM,2024-09-02 00:00:00,2024-09-02 18:00:00,532.43,USD_PER_MT,2,v1.0,VALID,SYNTHETIC,hash_bnk_001229,True
1230,BUNKER_VLSFO_PARADIP,2024-09-02 00:00:00,2024-09-02 18:00:00,592.4,USD_PER_MT,2,v1.0,VALID,SYNTHETIC,hash_bnk_001230,True
1231,BUNKER_VLSFO_SINGAPORE,2024-09-03 00:00:00,2024-09-03 18:00:00,551.68,USD_PER_MT,2,v1.0,VALID,SYNTHETIC,hash_bnk_001231,True
1232,BUNKER_IFO380_SINGAPORE,2024-09-03 00:00:00,2024-09-03 18:00:00,409.61,USD_PER_MT,2,v1.0,VALID,SYNTHETIC,hash_bnk_001232,True
1233,BUNKER_MGO_SINGAPORE,2024-09-03 00:00:00,2024-09-03 18:00:00,731.74,USD_PER_MT,2,v1.0,VALID,SYNTHETIC,hash_bnk_001233,True
1234,BUNKER_VLSFO_ROTTERDAM,2024-09-03 00:00:00,2024-09-03 18:00:00,529.02,USD_PER_MT,2,v1.0,VALID,SYNTHETIC,hash_bnk_001234,True
1235,BUNKER_VLSFO_PARADIP,2024-09-03 00:00:00,2024-09-03 18:00:00,581.5,USD_PER_MT,2,v1.0,VALID,SYNTHETIC,hash_bnk_001235,True
1236,BUNKER_VLSFO_SINGAPORE,2024-09-04 00:00:00,2024-09-04 18:00:00,557.29,USD_PER_MT,2,v1.0,VALID,SYNTHETIC,hash_bnk_001236,True
1237,BUNKER_IFO380_SINGAPORE,2024-09-04 00:00:00,2024-09-04 18:00:00,417.36,USD_PER_MT,2,v1.0,VALID,SYNTHETIC,hash_bnk_001237,True
1238,BUNKER_MGO_SINGAPORE,2024-09-04 00:00:00,2024-09-04 18:00:00,734.57,USD_PER_MT,2,v1.0,VALID,SYNTHETIC,hash_bnk_001238,True
1239,BUNKER_VLSFO_ROTTERDAM,2024-09-04 00:00:00,2024-09-04 18:00:00,524.94,USD_PER_MT,2,v1.0,VALID,SYNTHETIC,hash_bnk_001239,True
1240,BUNKER_VLSFO_PARADIP,2024-09-04 00:00:00,2024-09-04 18:00:00,593.98,USD_PER_MT,2,v1.0,VALID,SYNTHETIC,hash_bnk_001240,True
1241,BUNKER_VLSFO_SINGAPORE,2024-09-05 00:00:00,2024-09-05 18:00:00,558.0,USD_PER_MT,2,v1.0,VALID,SYNTHETIC,hash_bnk_001241,True
1242,BUNKER_IFO380_SINGAPORE,2024-09-05 00:00:00,2024-09-05 18:00:00,412.66,USD_PER_MT,2,v1.0,VALID,SYNTHETIC,hash_bnk_001242,True
1243,BUNKER_MGO_SINGAPORE,2024-09-05 00:00:00,2024-09-05 18:00:00,734.67,USD_PER_MT,2,v1.0,VALID,SYNTHETIC,hash_bnk_001243,True
1244,BUNKER_VLSFO_ROTTERDAM,2024-09-05 00:00:00,2024-09-05 18:00:00,532.37,USD_PER_MT,2,v1.0,VALID,SYNTHETIC,hash_bnk_001244,True
1245,BUNKER_VLSFO_PARADIP,2024-09-05 00:00:00,2024-09-05 18:00:00,591.57,USD_PER_MT,2,v1.0,VALID,SYNTHETIC,hash_bnk_001245,True
1246,BUNKER_VLSFO_SINGAPORE,2024-09-06 00:00:00,2024-09-06 18:00:00,559.08,USD_PER_MT,2,v1.0,VALID,SYNTHETIC,hash_bnk_001246,True
1247,BUNKER_IFO380_SINGAPORE,2024-09-06 00:00:00,2024-09-06 18:00:00,409.59,USD_PER_MT,2,v1.0,VALID,SYNTHETIC,hash_bnk_001247,True
1248,BUNKER_MGO_SINGAPORE,2024-09-06 00:00:00,2024-09-06 18:00:00,728.26,USD_PER_MT,2,v1.0,VALID,SYNTHETIC,hash_bnk_001248,True
1249,BUNKER_VLSFO_ROTTERDAM,2024-09-06 00:00:00,2024-09-06 18:00:00,532.77,USD_PER_MT,2,v1.0,VALID,SYNTHETIC,hash_bnk_001249,True
1250,BUNKER_VLSFO_PARADIP,2024-09-06 00:00:00,2024-09-06 18:00:00,589.92,USD_PER_MT,2,v1.0,VALID,SYNTHETIC,hash_bnk_001250,True
1251,BUNKER_VLSFO_SINGAPORE,2024-09-07 00:00:00,2024-09-07 18:00:00,558.19,USD_PER_MT,2,v1.0,VALID,SYNTHETIC,hash_bnk_001251,True
1252,BUNKER_IFO380_SINGAPORE,2024-09-07 00:00:00,2024-09-07 18:00:00,414.67,USD_PER_MT,2,v1.0,VALID,SYNTHETIC,hash_bnk_001252,True
1253,BUNKER_MGO_SINGAPORE,2024-09-07 00:00:00,2024-09-07 18:00:00,726.27,USD_PER_MT,2,v1.0,VALID,SYNTHETIC,hash_bnk_001253,True
1254,BUNKER_VLSFO_ROTTERDAM,2024-09-07 00:00:00,2024-09-07 18:00:00,536.22,USD_PER_MT,2,v1.0,VALID,SYNTHETIC,hash_bnk_001254,True
1255,BUNKER_VLSFO_PARADIP,2024-09-07 00:00:00,2024-09-07 18:00:00,597.4,USD_PER_MT,2,v1.0,VALID,SYNTHETIC,hash_bnk_001255,True
1256,BUNKER_VLSFO_SINGAPORE,2024-09-08 00:00:00,2024-09-08 18:00:00,563.28,USD_PER_MT,2,v1.0,VALID,SYNTHETIC,hash_bnk_001256,True
1257,BUNKER_IFO380_SINGAPORE,2024-09-08 00:00:00,2024-09-08 18:00:00,414.29,USD_PER_MT,2,v1.0,VALID,SYNTHETIC,hash_bnk_001257,True
1258,BUNKER_MGO_SINGAPORE,2024-09-08 00:00:00,2024-09-08 18:00:00,729.42,USD_PER_MT,2,v1.0,VALID,SYNTHETIC,hash_bnk_001258,True
1259,BUNKER_VLSFO_ROTTERDAM,2024-09-08 00:00:00,2024-09-08 18:00:00,535.75,USD_PER_MT,2,v1.0,VALID,SYNTHETIC,hash_bnk_001259,True
1260,BUNKER_VLSFO_PARADIP,2024-09-08 00:00:00,2024-09-08 18:00:00,595.82,USD_PER_MT,2,v1.0,VALID,SYNTHETIC,hash_bnk_001260,True
1261,BUNKER_VLSFO_SINGAPORE,2024-09-09 00:00:00,2024-09-09 18:00:00,559.36,USD_PER_MT,2,v1.0,VALID,SYNTHETIC,hash_bnk_001261,True
1262,BUNKER_IFO380_SINGAPORE,2024-09-09 00:00:00,2024-09-09 18:00:00,412.71,USD_PER_MT,2,v1.0,VALID,SYNTHETIC,hash_bnk_001262,True
1263,BUNKER_MGO_SINGAPORE,2024-09-09 00:00:00,2024-09-09 18:00:00,731.8,USD_PER_MT,2,v1.0,VALID,SYNTHETIC,hash_bnk_001263,True
1264,BUNKER_VLSFO_ROTTERDAM,2024-09-09 00:00:00,2024-09-09 18:00:00,528.31,USD_PER_MT,2,v1.0,VALID,SYNTHETIC,hash_bnk_001264,True
1265,BUNKER_VLSFO_PARADIP,2024-09-09 00:00:00,2024-09-09 18:00:00,593.07,USD_PER_MT,2,v1.0,VALID,SYNTHETIC,hash_bnk_001265,True
1266,BUNKER_VLSFO_SINGAPORE,2024-09-10 00:00:00,2024-09-10 18:00:00,558.1,USD_PER_MT,2,v1.0,VALID,SYNTHETIC,hash_bnk_001266,True
1267,BUNKER_IFO380_SINGAPORE,2024-09-10 00:00:00,2024-09-10 18:00:00,410.8,USD_PER_MT,2,v1.0,VALID,SYNTHETIC,hash_bnk_001267,True
1268,BUNKER_MGO_SINGAPORE,2024-09-10 00:00:00,2024-09-10 18:00:00,730.38,USD_PER_MT,2,v1.0,VALID,SYNTHETIC,hash_bnk_001268,True
1269,BUNKER_VLSFO_ROTTERDAM,2024-09-10 00:00:00,2024-09-10 18:00:00,529.65,USD_PER_MT,2,v1.0,VALID,SYNTHETIC,hash_bnk_001269,True
1270,BUNKER_VLSFO_PARADIP,2024-09-10 00:00:00,2024-09-10 18:00:00,587.36,USD_PER_MT,2,v1.0,VALID,SYNTHETIC,hash_bnk_001270,True
1271,BUNKER_VLSFO_SINGAPORE,2024-09-11 00:00:00,2024-09-11 18:00:00,557.29,USD_PER_MT,2,v1.0,VALID,SYNTHETIC,hash_bnk_001271,True
1272,BUNKER_IFO380_SINGAPORE,2024-09-11 00:00:00,2024-09-11 18:00:00,413.03,USD_PER_MT,2,v1.0,VALID,SYNTHETIC,hash_bnk_001272,True
1273,BUNKER_MGO_SINGAPORE,2024-09-11 00:00:00,2024-09-11 18:00:00,731.71,USD_PER_MT,2,v1.0,VALID,SYNTHETIC,hash_bnk_001273,True
1274,BUNKER_VLSFO_ROTTERDAM,2024-09-11 00:00:00,2024-09-11 18:00:00,526.61,USD_PER_MT,2,v1.0,VALID,SYNTHETIC,hash_bnk_001274,True
1275,BUNKER_VLSFO_PARADIP,2024-09-11 00:00:00,2024-09-11 18:00:00,585.97,USD_PER_MT,2,v1.0,VALID,SYNTHETIC,hash_bnk_001275,True
1276,BUNKER_VLSFO_SINGAPORE,2024-09-12 00:00:00,2024-09-12 18:00:00,564.99,USD_PER_MT,2,v1.0,VALID,SYNTHETIC,hash_bnk_001276,True
1277,BUNKER_IFO380_SINGAPORE,2024-09-12 00:00:00,2024-09-12 18:00:00,413.76,USD_PER_MT,2,v1.0,VALID,SYNTHETIC,hash_bnk_001277,True
1278,BUNKER_MGO_SINGAPORE,2024-09-12 00:00:00,2024-09-12 18:00:00,733.82,USD_PER_MT,2,v1.0,VALID,SYNTHETIC,hash_bnk_001278,True
1279,BUNKER_VLSFO_ROTTERDAM,2024-09-12 00:00:00,2024-09-12 18:00:00,524.27,USD_PER_MT,2,v1.0,VALID,SYNTHETIC,hash_bnk_001279,True
1280,BUNKER_VLSFO_PARADIP,2024-09-12 00:00:00,2024-09-12 18:00:00,596.62,USD_PER_MT,2,v1.0,VALID,SYNTHETIC,hash_bnk_001280,True
1281,BUNKER_VLSFO_SINGAPORE,2024-09-13 00:00:00,2024-09-13 18:00:00,561.27,USD_PER_MT,2,v1.0,VALID,SYNTHETIC,hash_bnk_001281,True
1282,BUNKER_IFO380_SINGAPORE,2024-09-13 00:00:00,2024-09-13 18:00:00,411.59,USD_PER_MT,2,v1.0,VALID,SYNTHETIC,hash_bnk_001282,True
1283,BUNKER_MGO_SINGAPORE,2024-09-13 00:00:00,2024-09-13 18:00:00,732.51,USD_PER_MT,2,v1.0,VALID,SYNTHETIC,hash_bnk_001283,True
1284,BUNKER_VLSFO_ROTTERDAM,2024-09-13 00:00:00,2024-09-13 18:00:00,537.83,USD_PER_MT,2,v1.0,VALID,SYNTHETIC,hash_bnk_001284,True
1285,BUNKER_VLSFO_PARADIP,2024-09-13 00:00:00,2024-09-13 18:00:00,591.49,USD_PER_MT,2,v1.0,VALID,SYNTHETIC,hash_bnk_001285,True
1286,BUNKER_VLSFO_SINGAPORE,2024-09-14 00:00:00,2024-09-14 18:00:00,563.15,USD_PER_MT,2,v1.0,VALID,SYNTHETIC,hash_bnk_001286,True
1287,BUNKER_IFO380_SINGAPORE,2024-09-14 00:00:00,2024-09-14 18:00:00,412.93,USD_PER_MT,2,v1.0,VALID,SYNTHETIC,hash_bnk_001287,True
1288,BUNKER_MGO_SINGAPORE,2024-09-14 00:00:00,2024-09-14 18:00:00,736.07,USD_PER_MT,2,v1.0,VALID,SYNTHETIC,hash_bnk_001288,True
1289,BUNKER_VLSFO_ROTTERDAM,2024-09-14 00:00:00,2024-09-14 18:00:00,531.47,USD_PER_MT,2,v1.0,VALID,SYNTHETIC,hash_bnk_001289,True
1290,BUNKER_VLSFO_PARADIP,2024-09-14 00:00:00,2024-09-14 18:00:00,589.09,USD_PER_MT,2,v1.0,VALID,SYNTHETIC,hash_bnk_001290,True
1291,BUNKER_VLSFO_SINGAPORE,2024-09-15 00:00:00,2024-09-15 18:00:00,557.08,USD_PER_MT,2,v1.0,VALID,SYNTHETIC,hash_bnk_001291,True
1292,BUNKER_IFO380_SINGAPORE,2024-09-15 00:00:00,2024-09-15 18:00:00,412.06,USD_PER_MT,2,v1.0,VALID,SYNTHETIC,hash_bnk_001292,True
1293,BUNKER_MGO_SINGAPORE,2024-09-15 00:00:00,2024-09-15 18:00:00,732.01,USD_PER_MT,2,v1.0,VALID,SYNTHETIC,hash_bnk_001293,True
1294,BUNKER_VLSFO_ROTTERDAM,2024-09-15 00:00:00,2024-09-15 18:00:00,526.11,USD_PER_MT,2,v1.0,VALID,SYNTHETIC,hash_bnk_001294,True
1295,BUNKER_VLSFO_PARADIP,2024-09-15 00:00:00,2024-09-15 18:00:00,593.7,USD_PER_MT,2,v1.0,VALID,SYNTHETIC,hash_bnk_001295,True
1296,BUNKER_VLSFO_SINGAPORE,2024-09-16 00:00:00,2024-09-16 18:00:00,560.29,USD_PER_MT,2,v1.0,VALID,SYNTHETIC,hash_bnk_001296,True
1297,BUNKER_IFO380_SINGAPORE,2024-09-16 00:00:00,2024-09-16 18:00:00,410.82,USD_PER_MT,2,v1.0,VALID,SYNTHETIC,hash_bnk_001297,True
1298,BUNKER_MGO_SINGAPORE,2024-09-16 00:00:00,2024-09-16 18:00:00,733.45,USD_PER_MT,2,v1.0,VALID,SYNTHETIC,hash_bnk_001298,True
1299,BUNKER_VLSFO_ROTTERDAM,2024-09-16 00:00:00,2024-09-16 18:00:00,533.66,USD_PER_MT,2,v1.0,VALID,SYNTHETIC,hash_bnk_001299,True
1300,BUNKER_VLSFO_PARADIP,2024-09-16 00:00:00,2024-09-16 18:00:00,593.63,USD_PER_MT,2,v1.0,VALID,SYNTHETIC,hash_bnk_001300,True
1301,BUNKER_VLSFO_SINGAPORE,2024-09-17 00:00:00,2024-09-17 18:00:00,558.61,USD_PER_MT,2,v1.0,VALID,SYNTHETIC,hash_bnk_001301,True
1302,BUNKER_IFO380_SINGAPORE,2024-09-17 00:00:00,2024-09-17 18:00:00,421.36,USD_PER_MT,2,v1.0,VALID,SYNTHETIC,hash_bnk_001302,True
1303,BUNKER_MGO_SINGAPORE,2024-09-17 00:00:00,2024-09-17 18:00:00,731.66,USD_PER_MT,2,v1.0,VALID,SYNTHETIC,hash_bnk_001303,True
1304,BUNKER_VLSFO_ROTTERDAM,2024-09-17 00:00:00,2024-09-17 18:00:00,537.14,USD_PER_MT,2,v1.0,VALID,SYNTHETIC,hash_bnk_001304,True
1305,BUNKER_VLSFO_PARADIP,2024-09-17 00:00:00,2024-09-17 18:00:00,591.12,USD_PER_MT,2,v1.0,VALID,SYNTHETIC,hash_bnk_001305,True
1306,BUNKER_VLSFO_SINGAPORE,2024-09-18 00:00:00,2024-09-18 18:00:00,559.64,USD_PER_MT,2,v1.0,VALID,SYNTHETIC,hash_bnk_001306,True
1307,BUNKER_IFO380_SINGAPORE,2024-09-18 00:00:00,2024-09-18 18:00:00,422.43,USD_PER_MT,2,v1.0,VALID,SYNTHETIC,hash_bnk_001307,True
1308,BUNKER_MGO_SINGAPORE,2024-09-18 00:00:00,2024-09-18 18:00:00,740.22,USD_PER_MT,2,v1.0,VALID,SYNTHETIC,hash_bnk_001308,True
1309,BUNKER_VLSFO_ROTTERDAM,2024-09-18 00:00:00,2024-09-18 18:00:00,533.41,USD_PER_MT,2,v1.0,VALID,SYNTHETIC,hash_bnk_001309,True
1310,BUNKER_VLSFO_PARADIP,2024-09-18 00:00:00,2024-09-18 18:00:00,596.35,USD_PER_MT,2,v1.0,VALID,SYNTHETIC,hash_bnk_001310,True
1311,BUNKER_VLSFO_SINGAPORE,2024-09-19 00:00:00,2024-09-19 18:00:00,563.24,USD_PER_MT,2,v1.0,VALID,SYNTHETIC,hash_bnk_001311,True
1312,BUNKER_IFO380_SINGAPORE,2024-09-19 00:00:00,2024-09-19 18:00:00,417.47,USD_PER_MT,2,v1.0,VALID,SYNTHETIC,hash_bnk_001312,True
1313,BUNKER_MGO_SINGAPORE,2024-09-19 00:00:00,2024-09-19 18:00:00,740.51,USD_PER_MT,2,v1.0,VALID,SYNTHETIC,hash_bnk_001313,True
1314,BUNKER_VLSFO_ROTTERDAM,2024-09-19 00:00:00,2024-09-19 18:00:00,534.41,USD_PER_MT,2,v1.0,VALID,SYNTHETIC,hash_bnk_001314,True
1315,BUNKER_VLSFO_PARADIP,2024-09-19 00:00:00,2024-09-19 18:00:00,593.28,USD_PER_MT,2,v1.0,VALID,SYNTHETIC,hash_bnk_001315,True
1316,BUNKER_VLSFO_SINGAPORE,2024-09-20 00:00:00,2024-09-20 18:00:00,557.43,USD_PER_MT,2,v1.0,VALID,SYNTHETIC,hash_bnk_001316,True
1317,BUNKER_IFO380_SINGAPORE,2024-09-20 00:00:00,2024-09-20 18:00:00,421.43,USD_PER_MT,2,v1.0,VALID,SYNTHETIC,hash_bnk_001317,True
1318,BUNKER_MGO_SINGAPORE,2024-09-20 00:00:00,2024-09-20 18:00:00,731.99,USD_PER_MT,2,v1.0,VALID,SYNTHETIC,hash_bnk_001318,True
1319,BUNKER_VLSFO_ROTTERDAM,2024-09-20 00:00:00,2024-09-20 18:00:00,538.77,USD_PER_MT,2,v1.0,VALID,SYNTHETIC,hash_bnk_001319,True
1320,BUNKER_VLSFO_PARADIP,2024-09-20 00:00:00,2024-09-20 18:00:00,590.92,USD_PER_MT,2,v1.0,VALID,SYNTHETIC,hash_bnk_001320,True
1321,BUNKER_VLSFO_SINGAPORE,2024-09-21 00:00:00,2024-09-21 18:00:00,560.49,USD_PER_MT,2,v1.0,VALID,SYNTHETIC,hash_bnk_001321,True
1322,BUNKER_IFO380_SINGAPORE,2024-09-21 00:00:00,2024-09-21 18:00:00,414.41,USD_PER_MT,2,v1.0,VALID,SYNTHETIC,hash_bnk_001322,True
1323,BUNKER_MGO_SINGAPORE,2024-09-21 00:00:00,2024-09-21 18:00:00,731.85,USD_PER_MT,2,v1.0,VALID,SYNTHETIC,hash_bnk_001323,True
1324,BUNKER_VLSFO_ROTTERDAM,2024-09-21 00:00:00,2024-09-21 18:00:00,529.45,USD_PER_MT,2,v1.0,VALID,SYNTHETIC,hash_bnk_001324,True
1325,BUNKER_VLSFO_PARADIP,2024-09-21 00:00:00,2024-09-21 18:00:00,591.3,USD_PER_MT,2,v1.0,VALID,SYNTHETIC,hash_bnk_001325,True
1326,BUNKER_VLSFO_SINGAPORE,2024-09-22 00:00:00,2024-09-22 18:00:00,559.6,USD_PER_MT,2,v1.0,VALID,SYNTHETIC,hash_bnk_001326,True
1327,BUNKER_IFO380_SINGAPORE,2024-09-22 00:00:00,2024-09-22 18:00:00,413.88,USD_PER_MT,2,v1.0,VALID,SYNTHETIC,hash_bnk_001327,True
1328,BUNKER_MGO_SINGAPORE,2024-09-22 00:00:00,2024-09-22 18:00:00,734.71,USD_PER_MT,2,v1.0,VALID,SYNTHETIC,hash_bnk_001328,True
1329,BUNKER_VLSFO_ROTTERDAM,2024-09-22 00:00:00,2024-09-22 18:00:00,533.16,USD_PER_MT,2,v1.0,VALID,SYNTHETIC,hash_bnk_001329,True
1330,BUNKER_VLSFO_PARADIP,2024-09-22 00:00:00,2024-09-22 18:00:00,584.6,USD_PER_MT,2,v1.0,VALID,SYNTHETIC,hash_bnk_001330,True
1331,BUNKER_VLSFO_SINGAPORE,2024-09-23 00:00:00,2024-09-23 18:00:00,567.21,USD_PER_MT,2,v1.0,VALID,SYNTHETIC,hash_bnk_001331,True
1332,BUNKER_IFO380_SINGAPORE,2024-09-23 00:00:00,2024-09-23 18:00:00,418.85,USD_PER_MT,2,v1.0,VALID,SYNTHETIC,hash_bnk_001332,True
1333,BUNKER_MGO_SINGAPORE,2024-09-23 00:00:00,2024-09-23 18:00:00,734.87,USD_PER_MT,2,v1.0,VALID,SYNTHETIC,hash_bnk_001333,True
1334,BUNKER_VLSFO_ROTTERDAM,2024-09-23 00:00:00,2024-09-23 18:00:00,529.24,USD_PER_MT,2,v1.0,VALID,SYNTHETIC,hash_bnk_001334,True
1335,BUNKER_VLSFO_PARADIP,2024-09-23 00:00:00,2024-09-23 18:00:00,584.67,USD_PER_MT,2,v1.0,VALID,SYNTHETIC,hash_bnk_001335,True
1336,BUNKER_VLSFO_SINGAPORE,2024-09-24 00:00:00,2024-09-24 18:00:00,559.78,USD_PER_MT,2,v1.0,VALID,SYNTHETIC,hash_bnk_001336,True
1337,BUNKER_IFO380_SINGAPORE,2024-09-24 00:00:00,2024-09-24 18:00:00,420.69,USD_PER_MT,2,v1.0,VALID,SYNTHETIC,hash_bnk_001337,True
1338,BUNKER_MGO_SINGAPORE,2024-09-24 00:00:00,2024-09-24 18:00:00,744.15,USD_PER_MT,2,v1.0,VALID,SYNTHETIC,hash_bnk_001338,True
1339,BUNKER_VLSFO_ROTTERDAM,2024-09-24 00:00:00,2024-09-24 18:00:00,527.94,USD_PER_MT,2,v1.0,VALID,SYNTHETIC,hash_bnk_001339,True
1340,BUNKER_VLSFO_PARADIP,2024-09-24 00:00:00,2024-09-24 18:00:00,597.03,USD_PER_MT,2,v1.0,VALID,SYNTHETIC,hash_bnk_001340,True
1341,BUNKER_VLSFO_SINGAPORE,2024-09-25 00:00:00,2024-09-25 18:00:00,559.04,USD_PER_MT,2,v1.0,VALID,SYNTHETIC,hash_bnk_001341,True
1342,BUNKER_IFO380_SINGAPORE,2024-09-25 00:00:00,2024-09-25 18:00:00,416.72,USD_PER_MT,2,v1.0,VALID,SYNTHETIC,hash_bnk_001342,True
1343,BUNKER_MGO_SINGAPORE,2024-09-25 00:00:00,2024-09-25 18:00:00,740.81,USD_PER_MT,2,v1.0,VALID,SYNTHETIC,hash_bnk_001343,True
1344,BUNKER_VLSFO_ROTTERDAM,2024-09-25 00:00:00,2024-09-25 18:00:00,542.66,USD_PER_MT,2,v1.0,VALID,SYNTHETIC,hash_bnk_001344,True
1345,BUNKER_VLSFO_PARADIP,2024-09-25 00:00:00,2024-09-25 18:00:00,598.11,USD_PER_MT,2,v1.0,VALID,SYNTHETIC,hash_bnk_001345,True
1346,BUNKER_VLSFO_SINGAPORE,2024-09-26 00:00:00,2024-09-26 18:00:00,572.32,USD_PER_MT,2,v1.0,VALID,SYNTHETIC,hash_bnk_001346,True
1347,BUNKER_IFO380_SINGAPORE,2024-09-26 00:00:00,2024-09-26 18:00:00,414.78,USD_PER_MT,2,v1.0,VALID,SYNTHETIC,hash_bnk_001347,True
1348,BUNKER_MGO_SINGAPORE,2024-09-26 00:00:00,2024-09-26 18:00:00,726.78,USD_PER_MT,2,v1.0,VALID,SYNTHETIC,hash_bnk_001348,True
1349,BUNKER_VLSFO_ROTTERDAM,2024-09-26 00:00:00,2024-09-26 18:00:00,532.03,USD_PER_MT,2,v1.0,VALID,SYNTHETIC,hash_bnk_001349,True
1350,BUNKER_VLSFO_PARADIP,2024-09-26 00:00:00,2024-09-26 18:00:00,592.88,USD_PER_MT,2,v1.0,VALID,SYNTHETIC,hash_bnk_001350,True
1351,BUNKER_VLSFO_SINGAPORE,2024-09-27 00:00:00,2024-09-27 18:00:00,552.61,USD_PER_MT,2,v1.0,VALID,SYNTHETIC,hash_bnk_001351,True
1352,BUNKER_IFO380_SINGAPORE,2024-09-27 00:00:00,2024-09-27 18:00:00,415.72,USD_PER_MT,2,v1.0,VALID,SYNTHETIC,hash_bnk_001352,True
1353,BUNKER_MGO_SINGAPORE,2024-09-27 00:00:00,2024-09-27 18:00:00,742.95,USD_PER_MT,2,v1.0,VALID,SYNTHETIC,hash_bnk_001353,True
1354,BUNKER_VLSFO_ROTTERDAM,2024-09-27 00:00:00,2024-09-27 18:00:00,532.42,USD_PER_MT,2,v1.0,VALID,SYNTHETIC,hash_bnk_001354,True
1355,BUNKER_VLSFO_PARADIP,2024-09-27 00:00:00,2024-09-27 18:00:00,599.18,USD_PER_MT,2,v1.0,VALID,SYNTHETIC,hash_bnk_001355,True
1356,BUNKER_VLSFO_SINGAPORE,2024-09-28 00:00:00,2024-09-28 18:00:00,560.49,USD_PER_MT,2,v1.0,VALID,SYNTHETIC,hash_bnk_001356,True
1357,BUNKER_IFO380_SINGAPORE,2024-09-28 00:00:00,2024-09-28 18:00:00,413.71,USD_PER_MT,2,v1.0,VALID,SYNTHETIC,hash_bnk_001357,True
1358,BUNKER_MGO_SINGAPORE,2024-09-28 00:00:00,2024-09-28 18:00:00,735.74,USD_PER_MT,2,v1.0,VALID,SYNTHETIC,hash_bnk_001358,True
1359,BUNKER_VLSFO_ROTTERDAM,2024-09-28 00:00:00,2024-09-28 18:00:00,545.07,USD_PER_MT,2,v1.0,VALID,SYNTHETIC,hash_bnk_001359,True
1360,BUNKER_VLSFO_PARADIP,2024-09-28 00:00:00,2024-09-28 18:00:00,591.47,USD_PER_MT,2,v1.0,VALID,SYNTHETIC,hash_bnk_001360,True
1361,BUNKER_VLSFO_SINGAPORE,2024-09-29 00:00:00,2024-09-29 18:00:00,567.56,USD_PER_MT,2,v1.0,VALID,SYNTHETIC,hash_bnk_001361,True
1362,BUNKER_IFO380_SINGAPORE,2024-09-29 00:00:00,2024-09-29 18:00:00,422.12,USD_PER_MT,2,v1.0,VALID,SYNTHETIC,hash_bnk_001362,True
1363,BUNKER_MGO_SINGAPORE,2024-09-29 00:00:00,2024-09-29 18:00:00,739.08,USD_PER_MT,2,v1.0,VALID,SYNTHETIC,hash_bnk_001363,True
1364,BUNKER_VLSFO_ROTTERDAM,2024-09-29 00:00:00,2024-09-29 18:00:00,535.9,USD_PER_MT,2,v1.0,VALID,SYNTHETIC,hash_bnk_001364,True
1365,BUNKER_VLSFO_PARADIP,2024-09-29 00:00:00,2024-09-29 18:00:00,599.29,USD_PER_MT,2,v1.0,VALID,SYNTHETIC,hash_bnk_001365,True
1366,BUNKER_VLSFO_SINGAPORE,2024-09-30 00:00:00,2024-09-30 18:00:00,564.66,USD_PER_MT,2,v1.0,VALID,SYNTHETIC,hash_bnk_001366,True
1367,BUNKER_IFO380_SINGAPORE,2024-09-30 00:00:00,2024-09-30 18:00:00,420.58,USD_PER_MT,2,v1.0,VALID,SYNTHETIC,hash_bnk_001367,True
1368,BUNKER_MGO_SINGAPORE,2024-09-30 00:00:00,2024-09-30 18:00:00,737.76,USD_PER_MT,2,v1.0,VALID,SYNTHETIC,hash_bnk_001368,True
1369,BUNKER_VLSFO_ROTTERDAM,2024-09-30 00:00:00,2024-09-30 18:00:00,543.45,USD_PER_MT,2,v1.0,VALID,SYNTHETIC,hash_bnk_001369,True
1370,BUNKER_VLSFO_PARADIP,2024-09-30 00:00:00,2024-09-30 18:00:00,602.72,USD_PER_MT,2,v1.0,VALID,SYNTHETIC,hash_bnk_001370,True
1371,BUNKER_VLSFO_SINGAPORE,2024-10-01 00:00:00,2024-10-01 18:00:00,569.24,USD_PER_MT,2,v1.0,VALID,SYNTHETIC,hash_bnk_001371,True
1372,BUNKER_IFO380_SINGAPORE,2024-10-01 00:00:00,2024-10-01 18:00:00,425.13,USD_PER_MT,2,v1.0,VALID,SYNTHETIC,hash_bnk_001372,True
1373,BUNKER_MGO_SINGAPORE,2024-10-01 00:00:00,2024-10-01 18:00:00,735.67,USD_PER_MT,2,v1.0,VALID,SYNTHETIC,hash_bnk_001373,True
1374,BUNKER_VLSFO_ROTTERDAM,2024-10-01 00:00:00,2024-10-01 18:00:00,535.38,USD_PER_MT,2,v1.0,VALID,SYNTHETIC,hash_bnk_001374,True
1375,BUNKER_VLSFO_PARADIP,2024-10-01 00:00:00,2024-10-01 18:00:00,596.38,USD_PER_MT,2,v1.0,VALID,SYNTHETIC,hash_bnk_001375,True
1376,BUNKER_VLSFO_SINGAPORE,2024-10-02 00:00:00,2024-10-02 18:00:00,563.59,USD_PER_MT,2,v1.0,VALID,SYNTHETIC,hash_bnk_001376,True
1377,BUNKER_IFO380_SINGAPORE,2024-10-02 00:00:00,2024-10-02 18:00:00,416.06,USD_PER_MT,2,v1.0,VALID,SYNTHETIC,hash_bnk_001377,True
1378,BUNKER_MGO_SINGAPORE,2024-10-02 00:00:00,2024-10-02 18:00:00,741.76,USD_PER_MT,2,v1.0,VALID,SYNTHETIC,hash_bnk_001378,True
1379,BUNKER_VLSFO_ROTTERDAM,2024-10-02 00:00:00,2024-10-02 18:00:00,535.65,USD_PER_MT,2,v1.0,VALID,SYNTHETIC,hash_bnk_001379,True
1380,BUNKER_VLSFO_PARADIP,2024-10-02 00:00:00,2024-10-02 18:00:00,604.34,USD_PER_MT,2,v1.0,VALID,SYNTHETIC,hash_bnk_001380,True
1381,BUNKER_VLSFO_SINGAPORE,2024-10-03 00:00:00,2024-10-03 18:00:00,570.12,USD_PER_MT,2,v1.0,VALID,SYNTHETIC,hash_bnk_001381,True
1382,BUNKER_IFO380_SINGAPORE,2024-10-03 00:00:00,2024-10-03 18:00:00,418.63,USD_PER_MT,2,v1.0,VALID,SYNTHETIC,hash_bnk_001382,True
1383,BUNKER_MGO_SINGAPORE,2024-10-03 00:00:00,2024-10-03 18:00:00,729.66,USD_PER_MT,2,v1.0,VALID,SYNTHETIC,hash_bnk_001383,True
1384,BUNKER_VLSFO_ROTTERDAM,2024-10-03 00:00:00,2024-10-03 18:00:00,538.02,USD_PER_MT,2,v1.0,VALID,SYNTHETIC,hash_bnk_001384,True
1385,BUNKER_VLSFO_PARADIP,2024-10-03 00:00:00,2024-10-03 18:00:00,610.25,USD_PER_MT,2,v1.0,VALID,SYNTHETIC,hash_bnk_001385,True
1386,BUNKER_VLSFO_SINGAPORE,2024-10-04 00:00:00,2024-10-04 18:00:00,571.67,USD_PER_MT,2,v1.0,VALID,SYNTHETIC,hash_bnk_001386,True
1387,BUNKER_IFO380_SINGAPORE,2024-10-04 00:00:00,2024-10-04 18:00:00,424.19,USD_PER_MT,2,v1.0,VALID,SYNTHETIC,hash_bnk_001387,True
1388,BUNKER_MGO_SINGAPORE,2024-10-04 00:00:00,2024-10-04 18:00:00,737.87,USD_PER_MT,2,v1.0,VALID,SYNTHETIC,hash_bnk_001388,True
1389,BUNKER_VLSFO_ROTTERDAM,2024-10-04 00:00:00,2024-10-04 18:00:00,546.11,USD_PER_MT,2,v1.0,VALID,SYNTHETIC,hash_bnk_001389,True
1390,BUNKER_VLSFO_PARADIP,2024-10-04 00:00:00,2024-10-04 18:00:00,604.04,USD_PER_MT,2,v1.0,VALID,SYNTHETIC,hash_bnk_001390,True
1391,BUNKER_VLSFO_SINGAPORE,2024-10-05 00:00:00,2024-10-05 18:00:00,573.78,USD_PER_MT,2,v1.0,VALID,SYNTHETIC,hash_bnk_001391,True
1392,BUNKER_IFO380_SINGAPORE,2024-10-05 00:00:00,2024-10-05 18:00:00,419.95,USD_PER_MT,2,v1.0,VALID,SYNTHETIC,hash_bnk_001392,True
1393,BUNKER_MGO_SINGAPORE,2024-10-05 00:00:00,2024-10-05 18:00:00,734.85,USD_PER_MT,2,v1.0,VALID,SYNTHETIC,hash_bnk_001393,True
1394,BUNKER_VLSFO_ROTTERDAM,2024-10-05 00:00:00,2024-10-05 18:00:00,542.94,USD_PER_MT,2,v1.0,VALID,SYNTHETIC,hash_bnk_001394,True
1395,BUNKER_VLSFO_PARADIP,2024-10-05 00:00:00,2024-10-05 18:00:00,600.95,USD_PER_MT,2,v1.0,VALID,SYNTHETIC,hash_bnk_001395,True
1396,BUNKER_VLSFO_SINGAPORE,2024-10-06 00:00:00,2024-10-06 18:00:00,566.67,USD_PER_MT,2,v1.0,VALID,SYNTHETIC,hash_bnk_001396,True
1397,BUNKER_IFO380_SINGAPORE,2024-10-06 00:00:00,2024-10-06 18:00:00,425.57,USD_PER_MT,2,v1.0,VALID,SYNTHETIC,hash_bnk_001397,True
1398,BUNKER_MGO_SINGAPORE,2024-10-06 00:00:00,2024-10-06 18:00:00,751.49,USD_PER_MT,2,v1.0,VALID,SYNTHETIC,hash_bnk_001398,True
1399,BUNKER_VLSFO_ROTTERDAM,2024-10-06 00:00:00,2024-10-06 18:00:00,540.71,USD_PER_MT,2,v1.0,VALID,SYNTHETIC,hash_bnk_001399,True
1400,BUNKER_VLSFO_PARADIP,2024-10-06 00:00:00,2024-10-06 18:00:00,609.69,USD_PER_MT,2,v1.0,VALID,SYNTHETIC,hash_bnk_001400,True
1401,BUNKER_VLSFO_SINGAPORE,2024-10-07 00:00:00,2024-10-07 18:00:00,571.22,USD_PER_MT,2,v1.0,VALID,SYNTHETIC,hash_bnk_001401,True
1402,BUNKER_IFO380_SINGAPORE,2024-10-07 00:00:00,2024-10-07 18:00:00,421.64,USD_PER_MT,2,v1.0,VALID,SYNTHETIC,hash_bnk_001402,True
1403,BUNKER_MGO_SINGAPORE,2024-10-07 00:00:00,2024-10-07 18:00:00,743.44,USD_PER_MT,2,v1.0,VALID,SYNTHETIC,hash_bnk_001403,True
1404,BUNKER_VLSFO_ROTTERDAM,2024-10-07 00:00:00,2024-10-07 18:00:00,541.96,USD_PER_MT,2,v1.0,VALID,SYNTHETIC,hash_bnk_001404,True
1405,BUNKER_VLSFO_PARADIP,2024-10-07 00:00:00,2024-10-07 18:00:00,603.6,USD_PER_MT,2,v1.0,VALID,SYNTHETIC,hash_bnk_001405,True
1406,BUNKER_VLSFO_SINGAPORE,2024-10-08 00:00:00,2024-10-08 18:00:00,564.34,USD_PER_MT,2,v1.0,VALID,SYNTHETIC,hash_bnk_001406,True
1407,BUNKER_IFO380_SINGAPORE,2024-10-08 00:00:00,2024-10-08 18:00:00,426.12,USD_PER_MT,2,v1.0,VALID,SYNTHETIC,hash_bnk_001407,True
1408,BUNKER_MGO_SINGAPORE,2024-10-08 00:00:00,2024-10-08 18:00:00,738.61,USD_PER_MT,2,v1.0,VALID,SYNTHETIC,hash_bnk_001408,True
1409,BUNKER_VLSFO_ROTTERDAM,2024-10-08 00:00:00,2024-10-08 18:00:00,544.98,USD_PER_MT,2,v1.0,VALID,SYNTHETIC,hash_bnk_001409,True
1410,BUNKER_VLSFO_PARADIP,2024-10-08 00:00:00,2024-10-08 18:00:00,598.9,USD_PER_MT,2,v1.0,VALID,SYNTHETIC,hash_bnk_001410,True
1411,BUNKER_VLSFO_SINGAPORE,2024-10-09 00:00:00,2024-10-09 18:00:00,568.07,USD_PER_MT,2,v1.0,VALID,SYNTHETIC,hash_bnk_001411,True
1412,BUNKER_IFO380_SINGAPORE,2024-10-09 00:00:00,2024-10-09 18:00:00,419.7,USD_PER_MT,2,v1.0,VALID,SYNTHETIC,hash_bnk_001412,True
1413,BUNKER_MGO_SINGAPORE,2024-10-09 00:00:00,2024-10-09 18:00:00,746.54,USD_PER_MT,2,v1.0,VALID,SYNTHETIC,hash_bnk_001413,True
1414,BUNKER_VLSFO_ROTTERDAM,2024-10-09 00:00:00,2024-10-09 18:00:00,541.05,USD_PER_MT,2,v1.0,VALID,SYNTHETIC,hash_bnk_001414,True
1415,BUNKER_VLSFO_PARADIP,2024-10-09 00:00:00,2024-10-09 18:00:00,607.49,USD_PER_MT,2,v1.0,VALID,SYNTHETIC,hash_bnk_001415,True
1416,BUNKER_VLSFO_SINGAPORE,2024-10-10 00:00:00,2024-10-10 18:00:00,570.26,USD_PER_MT,2,v1.0,VALID,SYNTHETIC,hash_bnk_001416,True
1417,BUNKER_IFO380_SINGAPORE,2024-10-10 00:00:00,2024-10-10 18:00:00,419.86,USD_PER_MT,2,v1.0,VALID,SYNTHETIC,hash_bnk_001417,True
1418,BUNKER_MGO_SINGAPORE,2024-10-10 00:00:00,2024-10-10 18:00:00,740.97,USD_PER_MT,2,v1.0,VALID,SYNTHETIC,hash_bnk_001418,True
1419,BUNKER_VLSFO_ROTTERDAM,2024-10-10 00:00:00,2024-10-10 18:00:00,536.64,USD_PER_MT,2,v1.0,VALID,SYNTHETIC,hash_bnk_001419,True
1420,BUNKER_VLSFO_PARADIP,2024-10-10 00:00:00,2024-10-10 18:00:00,592.43,USD_PER_MT,2,v1.0,VALID,SYNTHETIC,hash_bnk_001420,True
1421,BUNKER_VLSFO_SINGAPORE,2024-10-11 00:00:00,2024-10-11 18:00:00,577.31,USD_PER_MT,2,v1.0,VALID,SYNTHETIC,hash_bnk_001421,True
1422,BUNKER_IFO380_SINGAPORE,2024-10-11 00:00:00,2024-10-11 18:00:00,419.16,USD_PER_MT,2,v1.0,VALID,SYNTHETIC,hash_bnk_001422,True
1423,BUNKER_MGO_SINGAPORE,2024-10-11 00:00:00,2024-10-11 18:00:00,742.65,USD_PER_MT,2,v1.0,VALID,SYNTHETIC,hash_bnk_001423,True
1424,BUNKER_VLSFO_ROTTERDAM,2024-10-11 00:00:00,2024-10-11 18:00:00,549.9,USD_PER_MT,2,v1.0,VALID,SYNTHETIC,hash_bnk_001424,True
1425,BUNKER_VLSFO_PARADIP,2024-10-11 00:00:00,2024-10-11 18:00:00,605.6,USD_PER_MT,2,v1.0,VALID,SYNTHETIC,hash_bnk_001425,True
1426,BUNKER_VLSFO_SINGAPORE,2024-10-12 00:00:00,2024-10-12 18:00:00,570.84,USD_PER_MT,2,v1.0,VALID,SYNTHETIC,hash_bnk_001426,True
1427,BUNKER_IFO380_SINGAPORE,2024-10-12 00:00:00,2024-10-12 18:00:00,424.5,USD_PER_MT,2,v1.0,VALID,SYNTHETIC,hash_bnk_001427,True
1428,BUNKER_MGO_SINGAPORE,2024-10-12 00:00:00,2024-10-12 18:00:00,746.47,USD_PER_MT,2,v1.0,VALID,SYNTHETIC,hash_bnk_001428,True
1429,BUNKER_VLSFO_ROTTERDAM,2024-10-12 00:00:00,2024-10-12 18:00:00,549.92,USD_PER_MT,2,v1.0,VALID,SYNTHETIC,hash_bnk_001429,True
1430,BUNKER_VLSFO_PARADIP,2024-10-12 00:00:00,2024-10-12 18:00:00,605.7,USD_PER_MT,2,v1.0,VALID,SYNTHETIC,hash_bnk_001430,True
1431,BUNKER_VLSFO_SINGAPORE,2024-10-13 00:00:00,2024-10-13 18:00:00,576.62,USD_PER_MT,2,v1.0,VALID,SYNTHETIC,hash_bnk_001431,True
1432,BUNKER_IFO380_SINGAPORE,2024-10-13 00:00:00,2024-10-13 18:00:00,428.23,USD_PER_MT,2,v1.0,VALID,SYNTHETIC,hash_bnk_001432,True
1433,BUNKER_MGO_SINGAPORE,2024-10-13 00:00:00,2024-10-13 18:00:00,753.09,USD_PER_MT,2,v1.0,VALID,SYNTHETIC,hash_bnk_001433,True
1434,BUNKER_VLSFO_ROTTERDAM,2024-10-13 00:00:00,2024-10-13 18:00:00,544.97,USD_PER_MT,2,v1.0,VALID,SYNTHETIC,hash_bnk_001434,True
1435,BUNKER_VLSFO_PARADIP,2024-10-13 00:00:00,2024-10-13 18:00:00,605.53,USD_PER_MT,2,v1.0,VALID,SYNTHETIC,hash_bnk_001435,True
1436,BUNKER_VLSFO_SINGAPORE,2024-10-14 00:00:00,2024-10-14 18:00:00,571.04,USD_PER_MT,2,v1.0,VALID,SYNTHETIC,hash_bnk_001436,True
1437,BUNKER_IFO380_SINGAPORE,2024-10-14 00:00:00,2024-10-14 18:00:00,422.31,USD_PER_MT,2,v1.0,VALID,SYNTHETIC,hash_bnk_001437,True
1438,BUNKER_MGO_SINGAPORE,2024-10-14 00:00:00,2024-10-14 18:00:00,749.5,USD_PER_MT,2,v1.0,VALID,SYNTHETIC,hash_bnk_001438,True
1439,BUNKER_VLSFO_ROTTERDAM,2024-10-14 00:00:00,2024-10-14 18:00:00,547.21,USD_PER_MT,2,v1.0,VALID,SYNTHETIC,hash_bnk_001439,True
1440,BUNKER_VLSFO_PARADIP,2024-10-14 00:00:00,2024-10-14 18:00:00,609.31,USD_PER_MT,2,v1.0,VALID,SYNTHETIC,hash_bnk_001440,True
1441,BUNKER_VLSFO_SINGAPORE,2024-10-15 00:00:00,2024-10-15 18:00:00,572.03,USD_PER_MT,2,v1.0,VALID,SYNTHETIC,hash_bnk_001441,True
1442,BUNKER_IFO380_SINGAPORE,2024-10-15 00:00:00,2024-10-15 18:00:00,428.55,USD_PER_MT,2,v1.0,VALID,SYNTHETIC,hash_bnk_001442,True
1443,BUNKER_MGO_SINGAPORE,2024-10-15 00:00:00,2024-10-15 18:00:00,751.32,USD_PER_MT,2,v1.0,VALID,SYNTHETIC,hash_bnk_001443,True
1444,BUNKER_VLSFO_ROTTERDAM,2024-10-15 00:00:00,2024-10-15 18:00:00,551.17,USD_PER_MT,2,v1.0,VALID,SYNTHETIC,hash_bnk_001444,True
1445,BUNKER_VLSFO_PARADIP,2024-10-15 00:00:00,2024-10-15 18:00:00,604.37,USD_PER_MT,2,v1.0,VALID,SYNTHETIC,hash_bnk_001445,True
1446,BUNKER_VLSFO_SINGAPORE,2024-10-16 00:00:00,2024-10-16 18:00:00,577.61,USD_PER_MT,2,v1.0,VALID,SYNTHETIC,hash_bnk_001446,True
1447,BUNKER_IFO380_SINGAPORE,2024-10-16 00:00:00,2024-10-16 18:00:00,423.83,USD_PER_MT,2,v1.0,VALID,SYNTHETIC,hash_bnk_001447,True
1448,BUNKER_MGO_SINGAPORE,2024-10-16 00:00:00,2024-10-16 18:00:00,752.91,USD_PER_MT,2,v1.0,VALID,SYNTHETIC,hash_bnk_001448,True
1449,BUNKER_VLSFO_ROTTERDAM,2024-10-16 00:00:00,2024-10-16 18:00:00,551.28,USD_PER_MT,2,v1.0,VALID,SYNTHETIC,hash_bnk_001449,True
1450,BUNKER_VLSFO_PARADIP,2024-10-16 00:00:00,2024-10-16 18:00:00,605.34,USD_PER_MT,2,v1.0,VALID,SYNTHETIC,hash_bnk_001450,True
1451,BUNKER_VLSFO_SINGAPORE,2024-10-17 00:00:00,2024-10-17 18:00:00,579.67,USD_PER_MT,2,v1.0,VALID,SYNTHETIC,hash_bnk_001451,True
1452,BUNKER_IFO380_SINGAPORE,2024-10-17 00:00:00,2024-10-17 18:00:00,426.28,USD_PER_MT,2,v1.0,VALID,SYNTHETIC,hash_bnk_001452,True
1453,BUNKER_MGO_SINGAPORE,2024-10-17 00:00:00,2024-10-17 18:00:00,751.27,USD_PER_MT,2,v1.0,VALID,SYNTHETIC,hash_bnk_001453,True
1454,BUNKER_VLSFO_ROTTERDAM,2024-10-17 00:00:00,2024-10-17 18:00:00,549.83,USD_PER_MT,2,v1.0,VALID,SYNTHETIC,hash_bnk_001454,True
1455,BUNKER_VLSFO_PARADIP,2024-10-17 00:00:00,2024-10-17 18:00:00,607.88,USD_PER_MT,2,v1.0,VALID,SYNTHETIC,hash_bnk_001455,True
1456,BUNKER_VLSFO_SINGAPORE,2024-10-18 00:00:00,2024-10-18 18:00:00,572.77,USD_PER_MT,2,v1.0,VALID,SYNTHETIC,hash_bnk_001456,True
1457,BUNKER_IFO380_SINGAPORE,2024-10-18 00:00:00,2024-10-18 18:00:00,422.78,USD_PER_MT,2,v1.0,VALID,SYNTHETIC,hash_bnk_001457,True
1458,BUNKER_MGO_SINGAPORE,2024-10-18 00:00:00,2024-10-18 18:00:00,754.04,USD_PER_MT,2,v1.0,VALID,SYNTHETIC,hash_bnk_001458,True
1459,BUNKER_VLSFO_ROTTERDAM,2024-10-18 00:00:00,2024-10-18 18:00:00,545.96,USD_PER_MT,2,v1.0,VALID,SYNTHETIC,hash_bnk_001459,True
1460,BUNKER_VLSFO_PARADIP,2024-10-18 00:00:00,2024-10-18 18:00:00,610.25,USD_PER_MT,2,v1.0,VALID,SYNTHETIC,hash_bnk_001460,True
1461,BUNKER_VLSFO_SINGAPORE,2024-10-19 00:00:00,2024-10-19 18:00:00,572.8,USD_PER_MT,2,v1.0,VALID,SYNTHETIC,hash_bnk_001461,True
1462,BUNKER_IFO380_SINGAPORE,2024-10-19 00:00:00,2024-10-19 18:00:00,428.56,USD_PER_MT,2,v1.0,VALID,SYNTHETIC,hash_bnk_001462,True
1463,BUNKER_MGO_SINGAPORE,2024-10-19 00:00:00,2024-10-19 18:00:00,753.77,USD_PER_MT,2,v1.0,VALID,SYNTHETIC,hash_bnk_001463,True
1464,BUNKER_VLSFO_ROTTERDAM,2024-10-19 00:00:00,2024-10-19 18:00:00,551.83,USD_PER_MT,2,v1.0,VALID,SYNTHETIC,hash_bnk_001464,True
1465,BUNKER_VLSFO_PARADIP,2024-10-19 00:00:00,2024-10-19 18:00:00,605.58,USD_PER_MT,2,v1.0,VALID,SYNTHETIC,hash_bnk_001465,True
1466,BUNKER_VLSFO_SINGAPORE,2024-10-20 00:00:00,2024-10-20 18:00:00,581.35,USD_PER_MT,2,v1.0,VALID,SYNTHETIC,hash_bnk_001466,True
1467,BUNKER_IFO380_SINGAPORE,2024-10-20 00:00:00,2024-10-20 18:00:00,432.74,USD_PER_MT,2,v1.0,VALID,SYNTHETIC,hash_bnk_001467,True
1468,BUNKER_MGO_SINGAPORE,2024-10-20 00:00:00,2024-10-20 18:00:00,763.44,USD_PER_MT,2,v1.0,VALID,SYNTHETIC,hash_bnk_001468,True
1469,BUNKER_VLSFO_ROTTERDAM,2024-10-20 00:00:00,2024-10-20 18:00:00,557.24,USD_PER_MT,2,v1.0,VALID,SYNTHETIC,hash_bnk_001469,True
1470,BUNKER_VLSFO_PARADIP,2024-10-20 00:00:00,2024-10-20 18:00:00,607.8,USD_PER_MT,2,v1.0,VALID,SYNTHETIC,hash_bnk_001470,True
1471,BUNKER_VLSFO_SINGAPORE,2024-10-21 00:00:00,2024-10-21 18:00:00,577.51,USD_PER_MT,2,v1.0,VALID,SYNTHETIC,hash_bnk_001471,True
1472,BUNKER_IFO380_SINGAPORE,2024-10-21 00:00:00,2024-10-21 18:00:00,428.76,USD_PER_MT,2,v1.0,VALID,SYNTHETIC,hash_bnk_001472,True
1473,BUNKER_MGO_SINGAPORE,2024-10-21 00:00:00,2024-10-21 18:00:00,750.5,USD_PER_MT,2,v1.0,VALID,SYNTHETIC,hash_bnk_001473,True
1474,BUNKER_VLSFO_ROTTERDAM,2024-10-21 00:00:00,2024-10-21 18:00:00,553.49,USD_PER_MT,2,v1.0,VALID,SYNTHETIC,hash_bnk_001474,True
1475,BUNKER_VLSFO_PARADIP,2024-10-21 00:00:00,2024-10-21 18:00:00,610.02,USD_PER_MT,2,v1.0,VALID,SYNTHETIC,hash_bnk_001475,True
1476,BUNKER_VLSFO_SINGAPORE,2024-10-22 00:00:00,2024-10-22 18:00:00,581.83,USD_PER_MT,2,v1.0,VALID,SYNTHETIC,hash_bnk_001476,True
1477,BUNKER_IFO380_SINGAPORE,2024-10-22 00:00:00,2024-10-22 18:00:00,426.27,USD_PER_MT,2,v1.0,VALID,SYNTHETIC,hash_bnk_001477,True
1478,BUNKER_MGO_SINGAPORE,2024-10-22 00:00:00,2024-10-22 18:00:00,757.7,USD_PER_MT,2,v1.0,VALID,SYNTHETIC,hash_bnk_001478,True
1479,BUNKER_VLSFO_ROTTERDAM,2024-10-22 00:00:00,2024-10-22 18:00:00,549.39,USD_PER_MT,2,v1.0,VALID,SYNTHETIC,hash_bnk_001479,True
1480,BUNKER_VLSFO_PARADIP,2024-10-22 00:00:00,2024-10-22 18:00:00,607.09,USD_PER_MT,2,v1.0,VALID,SYNTHETIC,hash_bnk_001480,True
1481,BUNKER_VLSFO_SINGAPORE,2024-10-23 00:00:00,2024-10-23 18:00:00,579.26,USD_PER_MT,2,v1.0,VALID,SYNTHETIC,hash_bnk_001481,True
1482,BUNKER_IFO380_SINGAPORE,2024-10-23 00:00:00,2024-10-23 18:00:00,435.45,USD_PER_MT,2,v1.0,VALID,SYNTHETIC,hash_bnk_001482,True
1483,BUNKER_MGO_SINGAPORE,2024-10-23 00:00:00,2024-10-23 18:00:00,758.97,USD_PER_MT,2,v1.0,VALID,SYNTHETIC,hash_bnk_001483,True
1484,BUNKER_VLSFO_ROTTERDAM,2024-10-23 00:00:00,2024-10-23 18:00:00,554.36,USD_PER_MT,2,v1.0,VALID,SYNTHETIC,hash_bnk_001484,True
1485,BUNKER_VLSFO_PARADIP,2024-10-23 00:00:00,2024-10-23 18:00:00,612.68,USD_PER_MT,2,v1.0,VALID,SYNTHETIC,hash_bnk_001485,True
1486,BUNKER_VLSFO_SINGAPORE,2024-10-24 00:00:00,2024-10-24 18:00:00,579.66,USD_PER_MT,2,v1.0,VALID,SYNTHETIC,hash_bnk_001486,True
1487,BUNKER_IFO380_SINGAPORE,2024-10-24 00:00:00,2024-10-24 18:00:00,430.0,USD_PER_MT,2,v1.0,VALID,SYNTHETIC,hash_bnk_001487,True
1488,BUNKER_MGO_SINGAPORE,2024-10-24 00:00:00,2024-10-24 18:00:00,769.39,USD_PER_MT,2,v1.0,VALID,SYNTHETIC,hash_bnk_001488,True
1489,BUNKER_VLSFO_ROTTERDAM,2024-10-24 00:00:00,2024-10-24 18:00:00,552.47,USD_PER_MT,2,v1.0,VALID,SYNTHETIC,hash_bnk_001489,True
1490,BUNKER_VLSFO_PARADIP,2024-10-24 00:00:00,2024-10-24 18:00:00,618.43,USD_PER_MT,2,v1.0,VALID,SYNTHETIC,hash_bnk_001490,True
1491,BUNKER_VLSFO_SINGAPORE,2024-10-25 00:00:00,2024-10-25 18:00:00,587.13,USD_PER_MT,2,v1.0,VALID,SYNTHETIC,hash_bnk_001491,True
1492,BUNKER_IFO380_SINGAPORE,2024-10-25 00:00:00,2024-10-25 18:00:00,431.96,USD_PER_MT,2,v1.0,VALID,SYNTHETIC,hash_bnk_001492,True
1493,BUNKER_MGO_SINGAPORE,2024-10-25 00:00:00,2024-10-25 18:00:00,768.49,USD_PER_MT,2,v1.0,VALID,SYNTHETIC,hash_bnk_001493,True
1494,BUNKER_VLSFO_ROTTERDAM,2024-10-25 00:00:00,2024-10-25 18:00:00,557.05,USD_PER_MT,2,v1.0,VALID,SYNTHETIC,hash_bnk_001494,True
1495,BUNKER_VLSFO_PARADIP,2024-10-25 00:00:00,2024-10-25 18:00:00,617.0,USD_PER_MT,2,v1.0,VALID,SYNTHETIC,hash_bnk_001495,True
1496,BUNKER_VLSFO_SINGAPORE,2024-10-26 00:00:00,2024-10-26 18:00:00,580.73,USD_PER_MT,2,v1.0,VALID,SYNTHETIC,hash_bnk_001496,True
1497,BUNKER_IFO380_SINGAPORE,2024-10-26 00:00:00,2024-10-26 18:00:00,437.36,USD_PER_MT,2,v1.0,VALID,SYNTHETIC,hash_bnk_001497,True
1498,BUNKER_MGO_SINGAPORE,2024-10-26 00:00:00,2024-10-26 18:00:00,755.49,USD_PER_MT,2,v1.0,VALID,SYNTHETIC,hash_bnk_001498,True
1499,BUNKER_VLSFO_ROTTERDAM,2024-10-26 00:00:00,2024-10-26 18:00:00,556.1,USD_PER_MT,2,v1.0,VALID,SYNTHETIC,hash_bnk_001499,True
1500,BUNKER_VLSFO_PARADIP,2024-10-26 00:00:00,2024-10-26 18:00:00,617.7,USD_PER_MT,2,v1.0,VALID,SYNTHETIC,hash_bnk_001500,True
1501,BUNKER_VLSFO_SINGAPORE,2024-10-27 00:00:00,2024-10-27 18:00:00,583.64,USD_PER_MT,2,v1.0,VALID,SYNTHETIC,hash_bnk_001501,True
1502,BUNKER_IFO380_SINGAPORE,2024-10-27 00:00:00,2024-10-27 18:00:00,429.7,USD_PER_MT,2,v1.0,VALID,SYNTHETIC,hash_bnk_001502,True
1503,BUNKER_MGO_SINGAPORE,2024-10-27 00:00:00,2024-10-27 18:00:00,758.13,USD_PER_MT,2,v1.0,VALID,SYNTHETIC,hash_bnk_001503,True
1504,BUNKER_VLSFO_ROTTERDAM,2024-10-27 00:00:00,2024-10-27 18:00:00,559.8,USD_PER_MT,2,v1.0,VALID,SYNTHETIC,hash_bnk_001504,True
1505,BUNKER_VLSFO_PARADIP,2024-10-27 00:00:00,2024-10-27 18:00:00,614.47,USD_PER_MT,2,v1.0,VALID,SYNTHETIC,hash_bnk_001505,True
1506,BUNKER_VLSFO_SINGAPORE,2024-10-28 00:00:00,2024-10-28 18:00:00,585.46,USD_PER_MT,2,v1.0,VALID,SYNTHETIC,hash_bnk_001506,True
1507,BUNKER_IFO380_SINGAPORE,2024-10-28 00:00:00,2024-10-28 18:00:00,433.55,USD_PER_MT,2,v1.0,VALID,SYNTHETIC,hash_bnk_001507,True
1508,BUNKER_MGO_SINGAPORE,2024-10-28 00:00:00,2024-10-28 18:00:00,770.09,USD_PER_MT,2,v1.0,VALID,SYNTHETIC,hash_bnk_001508,True
1509,BUNKER_VLSFO_ROTTERDAM,2024-10-28 00:00:00,2024-10-28 18:00:00,555.35,USD_PER_MT,2,v1.0,VALID,SYNTHETIC,hash_bnk_001509,True
1510,BUNKER_VLSFO_PARADIP,2024-10-28 00:00:00,2024-10-28 18:00:00,617.44,USD_PER_MT,2,v1.0,VALID,SYNTHETIC,hash_bnk_001510,True
1511,BUNKER_VLSFO_SINGAPORE,2024-10-29 00:00:00,2024-10-29 18:00:00,583.77,USD_PER_MT,2,v1.0,VALID,SYNTHETIC,hash_bnk_001511,True
1512,BUNKER_IFO380_SINGAPORE,2024-10-29 00:00:00,2024-10-29 18:00:00,425.14,USD_PER_MT,2,v1.0,VALID,SYNTHETIC,hash_bnk_001512,True
1513,BUNKER_MGO_SINGAPORE,2024-10-29 00:00:00,2024-10-29 18:00:00,756.33,USD_PER_MT,2,v1.0,VALID,SYNTHETIC,hash_bnk_001513,True
1514,BUNKER_VLSFO_ROTTERDAM,2024-10-29 00:00:00,2024-10-29 18:00:00,560.75,USD_PER_MT,2,v1.0,VALID,SYNTHETIC,hash_bnk_001514,True
1515,BUNKER_VLSFO_PARADIP,2024-10-29 00:00:00,2024-10-29 18:00:00,621.95,USD_PER_MT,2,v1.0,VALID,SYNTHETIC,hash_bnk_001515,True
1516,BUNKER_VLSFO_SINGAPORE,2024-10-30 00:00:00,2024-10-30 18:00:00,595.29,USD_PER_MT,2,v1.0,VALID,SYNTHETIC,hash_bnk_001516,True
1517,BUNKER_IFO380_SINGAPORE,2024-10-30 00:00:00,2024-10-30 18:00:00,442.15,USD_PER_MT,2,v1.0,VALID,SYNTHETIC,hash_bnk_001517,True
1518,BUNKER_MGO_SINGAPORE,2024-10-30 00:00:00,2024-10-30 18:00:00,760.59,USD_PER_MT,2,v1.0,VALID,SYNTHETIC,hash_bnk_001518,True
1519,BUNKER_VLSFO_ROTTERDAM,2024-10-30 00:00:00,2024-10-30 18:00:00,565.74,USD_PER_MT,2,v1.0,VALID,SYNTHETIC,hash_bnk_001519,True
1520,BUNKER_VLSFO_PARADIP,2024-10-30 00:00:00,2024-10-30 18:00:00,618.22,USD_PER_MT,2,v1.0,VALID,SYNTHETIC,hash_bnk_001520,True
1521,BUNKER_VLSFO_SINGAPORE,2024-10-31 00:00:00,2024-10-31 18:00:00,599.58,USD_PER_MT,2,v1.0,VALID,SYNTHETIC,hash_bnk_001521,True
1522,BUNKER_IFO380_SINGAPORE,2024-10-31 00:00:00,2024-10-31 18:00:00,431.09,USD_PER_MT,2,v1.0,VALID,SYNTHETIC,hash_bnk_001522,True
1523,BUNKER_MGO_SINGAPORE,2024-10-31 00:00:00,2024-10-31 18:00:00,758.91,USD_PER_MT,2,v1.0,VALID,SYNTHETIC,hash_bnk_001523,True
1524,BUNKER_VLSFO_ROTTERDAM,2024-10-31 00:00:00,2024-10-31 18:00:00,567.97,USD_PER_MT,2,v1.0,VALID,SYNTHETIC,hash_bnk_001524,True
1525,BUNKER_VLSFO_PARADIP,2024-10-31 00:00:00,2024-10-31 18:00:00,628.77,USD_PER_MT,2,v1.0,VALID,SYNTHETIC,hash_bnk_001525,True
1526,BUNKER_VLSFO_SINGAPORE,2024-11-01 00:00:00,2024-11-01 18:00:00,587.51,USD_PER_MT,2,v1.0,VALID,SYNTHETIC,hash_bnk_001526,True
1527,BUNKER_IFO380_SINGAPORE,2024-11-01 00:00:00,2024-11-01 18:00:00,442.25,USD_PER_MT,2,v1.0,VALID,SYNTHETIC,hash_bnk_001527,True
1528,BUNKER_MGO_SINGAPORE,2024-11-01 00:00:00,2024-11-01 18:00:00,771.05,USD_PER_MT,2,v1.0,VALID,SYNTHETIC,hash_bnk_001528,True
1529,BUNKER_VLSFO_ROTTERDAM,2024-11-01 00:00:00,2024-11-01 18:00:00,555.59,USD_PER_MT,2,v1.0,VALID,SYNTHETIC,hash_bnk_001529,True
1530,BUNKER_VLSFO_PARADIP,2024-11-01 00:00:00,2024-11-01 18:00:00,627.63,USD_PER_MT,2,v1.0,VALID,SYNTHETIC,hash_bnk_001530,True
1531,BUNKER_VLSFO_SINGAPORE,2024-11-02 00:00:00,2024-11-02 18:00:00,586.81,USD_PER_MT,2,v1.0,VALID,SYNTHETIC,hash_bnk_001531,True
1532,BUNKER_IFO380_SINGAPORE,2024-11-02 00:00:00,2024-11-02 18:00:00,439.88,USD_PER_MT,2,v1.0,VALID,SYNTHETIC,hash_bnk_001532,True
1533,BUNKER_MGO_SINGAPORE,2024-11-02 00:00:00,2024-11-02 18:00:00,772.18,USD_PER_MT,2,v1.0,VALID,SYNTHETIC,hash_bnk_001533,True
1534,BUNKER_VLSFO_ROTTERDAM,2024-11-02 00:00:00,2024-11-02 18:00:00,565.5,USD_PER_MT,2,v1.0,VALID,SYNTHETIC,hash_bnk_001534,True
1535,BUNKER_VLSFO_PARADIP,2024-11-02 00:00:00,2024-11-02 18:00:00,619.8,USD_PER_MT,2,v1.0,VALID,SYNTHETIC,hash_bnk_001535,True
1536,BUNKER_VLSFO_SINGAPORE,2024-11-03 00:00:00,2024-11-03 18:00:00,588.23,USD_PER_MT,2,v1.0,VALID,SYNTHETIC,hash_bnk_001536,True
1537,BUNKER_IFO380_SINGAPORE,2024-11-03 00:00:00,2024-11-03 18:00:00,435.2,USD_PER_MT,2,v1.0,VALID,SYNTHETIC,hash_bnk_001537,True
1538,BUNKER_MGO_SINGAPORE,2024-11-03 00:00:00,2024-11-03 18:00:00,768.7,USD_PER_MT,2,v1.0,VALID,SYNTHETIC,hash_bnk_001538,True
1539,BUNKER_VLSFO_ROTTERDAM,2024-11-03 00:00:00,2024-11-03 18:00:00,571.33,USD_PER_MT,2,v1.0,VALID,SYNTHETIC,hash_bnk_001539,True
1540,BUNKER_VLSFO_PARADIP,2024-11-03 00:00:00,2024-11-03 18:00:00,612.31,USD_PER_MT,2,v1.0,VALID,SYNTHETIC,hash_bnk_001540,True
1541,BUNKER_VLSFO_SINGAPORE,2024-11-04 00:00:00,2024-11-04 18:00:00,594.5,USD_PER_MT,2,v1.0,VALID,SYNTHETIC,hash_bnk_001541,True
1542,BUNKER_IFO380_SINGAPORE,2024-11-04 00:00:00,2024-11-04 18:00:00,437.85,USD_PER_MT,2,v1.0,VALID,SYNTHETIC,hash_bnk_001542,True
1543,BUNKER_MGO_SINGAPORE,2024-11-04 00:00:00,2024-11-04 18:00:00,770.59,USD_PER_MT,2,v1.0,VALID,SYNTHETIC,hash_bnk_001543,True
1544,BUNKER_VLSFO_ROTTERDAM,2024-11-04 00:00:00,2024-11-04 18:00:00,567.07,USD_PER_MT,2,v1.0,VALID,SYNTHETIC,hash_bnk_001544,True
1545,BUNKER_VLSFO_PARADIP,2024-11-04 00:00:00,2024-11-04 18:00:00,623.08,USD_PER_MT,2,v1.0,VALID,SYNTHETIC,hash_bnk_001545,True
1546,BUNKER_VLSFO_SINGAPORE,2024-11-05 00:00:00,2024-11-05 18:00:00,588.16,USD_PER_MT,2,v1.0,VALID,SYNTHETIC,hash_bnk_001546,True
1547,BUNKER_IFO380_SINGAPORE,2024-11-05 00:00:00,2024-11-05 18:00:00,438.41,USD_PER_MT,2,v1.0,VALID,SYNTHETIC,hash_bnk_001547,True
1548,BUNKER_MGO_SINGAPORE,2024-11-05 00:00:00,2024-11-05 18:00:00,767.75,USD_PER_MT,2,v1.0,VALID,SYNTHETIC,hash_bnk_001548,True
1549,BUNKER_VLSFO_ROTTERDAM,2024-11-05 00:00:00,2024-11-05 18:00:00,565.15,USD_PER_MT,2,v1.0,VALID,SYNTHETIC,hash_bnk_001549,True
1550,BUNKER_VLSFO_PARADIP,2024-11-05 00:00:00,2024-11-05 18:00:00,628.82,USD_PER_MT,2,v1.0,VALID,SYNTHETIC,hash_bnk_001550,True
1551,BUNKER_VLSFO_SINGAPORE,2024-11-06 00:00:00,2024-11-06 18:00:00,595.38,USD_PER_MT,2,v1.0,VALID,SYNTHETIC,hash_bnk_001551,True
1552,BUNKER_IFO380_SINGAPORE,2024-11-06 00:00:00,2024-11-06 18:00:00,446.43,USD_PER_MT,2,v1.0,VALID,SYNTHETIC,hash_bnk_001552,True
1553,BUNKER_MGO_SINGAPORE,2024-11-06 00:00:00,2024-11-06 18:00:00,770.75,USD_PER_MT,2,v1.0,VALID,SYNTHETIC,hash_bnk_001553,True
1554,BUNKER_VLSFO_ROTTERDAM,2024-11-06 00:00:00,2024-11-06 18:00:00,557.43,USD_PER_MT,2,v1.0,VALID,SYNTHETIC,hash_bnk_001554,True
1555,BUNKER_VLSFO_PARADIP,2024-11-06 00:00:00,2024-11-06 18:00:00,622.9,USD_PER_MT,2,v1.0,VALID,SYNTHETIC,hash_bnk_001555,True
1556,BUNKER_VLSFO_SINGAPORE,2024-11-07 00:00:00,2024-11-07 18:00:00,599.46,USD_PER_MT,2,v1.0,VALID,SYNTHETIC,hash_bnk_001556,True
1557,BUNKER_IFO380_SINGAPORE,2024-11-07 00:00:00,2024-11-07 18:00:00,435.24,USD_PER_MT,2,v1.0,VALID,SYNTHETIC,hash_bnk_001557,True
1558,BUNKER_MGO_SINGAPORE,2024-11-07 00:00:00,2024-11-07 18:00:00,775.03,USD_PER_MT,2,v1.0,VALID,SYNTHETIC,hash_bnk_001558,True
1559,BUNKER_VLSFO_ROTTERDAM,2024-11-07 00:00:00,2024-11-07 18:00:00,565.06,USD_PER_MT,2,v1.0,VALID,SYNTHETIC,hash_bnk_001559,True
1560,BUNKER_VLSFO_PARADIP,2024-11-07 00:00:00,2024-11-07 18:00:00,623.5,USD_PER_MT,2,v1.0,VALID,SYNTHETIC,hash_bnk_001560,True
1561,BUNKER_VLSFO_SINGAPORE,2024-11-08 00:00:00,2024-11-08 18:00:00,602.35,USD_PER_MT,2,v1.0,VALID,SYNTHETIC,hash_bnk_001561,True
1562,BUNKER_IFO380_SINGAPORE,2024-11-08 00:00:00,2024-11-08 18:00:00,442.3,USD_PER_MT,2,v1.0,VALID,SYNTHETIC,hash_bnk_001562,True
1563,BUNKER_MGO_SINGAPORE,2024-11-08 00:00:00,2024-11-08 18:00:00,779.59,USD_PER_MT,2,v1.0,VALID,SYNTHETIC,hash_bnk_001563,True
1564,BUNKER_VLSFO_ROTTERDAM,2024-11-08 00:00:00,2024-11-08 18:00:00,560.81,USD_PER_MT,2,v1.0,VALID,SYNTHETIC,hash_bnk_001564,True
1565,BUNKER_VLSFO_PARADIP,2024-11-08 00:00:00,2024-11-08 18:00:00,630.16,USD_PER_MT,2,v1.0,VALID,SYNTHETIC,hash_bnk_001565,True
1566,BUNKER_VLSFO_SINGAPORE,2024-11-09 00:00:00,2024-11-09 18:00:00,596.99,USD_PER_MT,2,v1.0,VALID,SYNTHETIC,hash_bnk_001566,True
1567,BUNKER_IFO380_SINGAPORE,2024-11-09 00:00:00,2024-11-09 18:00:00,446.93,USD_PER_MT,2,v1.0,VALID,SYNTHETIC,hash_bnk_001567,True
1568,BUNKER_MGO_SINGAPORE,2024-11-09 00:00:00,2024-11-09 18:00:00,779.37,USD_PER_MT,2,v1.0,VALID,SYNTHETIC,hash_bnk_001568,True
1569,BUNKER_VLSFO_ROTTERDAM,2024-11-09 00:00:00,2024-11-09 18:00:00,569.16,USD_PER_MT,2,v1.0,VALID,SYNTHETIC,hash_bnk_001569,True
1570,BUNKER_VLSFO_PARADIP,2024-11-09 00:00:00,2024-11-09 18:00:00,623.17,USD_PER_MT,2,v1.0,VALID,SYNTHETIC,hash_bnk_001570,True
1571,BUNKER_VLSFO_SINGAPORE,2024-11-10 00:00:00,2024-11-10 18:00:00,605.84,USD_PER_MT,2,v1.0,VALID,SYNTHETIC,hash_bnk_001571,True
1572,BUNKER_IFO380_SINGAPORE,2024-11-10 00:00:00,2024-11-10 18:00:00,438.09,USD_PER_MT,2,v1.0,VALID,SYNTHETIC,hash_bnk_001572,True
1573,BUNKER_MGO_SINGAPORE,2024-11-10 00:00:00,2024-11-10 18:00:00,778.38,USD_PER_MT,2,v1.0,VALID,SYNTHETIC,hash_bnk_001573,True
1574,BUNKER_VLSFO_ROTTERDAM,2024-11-10 00:00:00,2024-11-10 18:00:00,566.69,USD_PER_MT,2,v1.0,VALID,SYNTHETIC,hash_bnk_001574,True
1575,BUNKER_VLSFO_PARADIP,2024-11-10 00:00:00,2024-11-10 18:00:00,628.46,USD_PER_MT,2,v1.0,VALID,SYNTHETIC,hash_bnk_001575,True
1576,BUNKER_VLSFO_SINGAPORE,2024-11-11 00:00:00,2024-11-11 18:00:00,603.3,USD_PER_MT,2,v1.0,VALID,SYNTHETIC,hash_bnk_001576,True
1577,BUNKER_IFO380_SINGAPORE,2024-11-11 00:00:00,2024-11-11 18:00:00,446.64,USD_PER_MT,2,v1.0,VALID,SYNTHETIC,hash_bnk_001577,True
1578,BUNKER_MGO_SINGAPORE,2024-11-11 00:00:00,2024-11-11 18:00:00,774.69,USD_PER_MT,2,v1.0,VALID,SYNTHETIC,hash_bnk_001578,True
1579,BUNKER_VLSFO_ROTTERDAM,2024-11-11 00:00:00,2024-11-11 18:00:00,572.45,USD_PER_MT,2,v1.0,VALID,SYNTHETIC,hash_bnk_001579,True
1580,BUNKER_VLSFO_PARADIP,2024-11-11 00:00:00,2024-11-11 18:00:00,629.24,USD_PER_MT,2,v1.0,VALID,SYNTHETIC,hash_bnk_001580,True
1581,BUNKER_VLSFO_SINGAPORE,2024-11-12 00:00:00,2024-11-12 18:00:00,596.94,USD_PER_MT,2,v1.0,VALID,SYNTHETIC,hash_bnk_001581,True
1582,BUNKER_IFO380_SINGAPORE,2024-11-12 00:00:00,2024-11-12 18:00:00,445.29,USD_PER_MT,2,v1.0,VALID,SYNTHETIC,hash_bnk_001582,True
1583,BUNKER_MGO_SINGAPORE,2024-11-12 00:00:00,2024-11-12 18:00:00,784.68,USD_PER_MT,2,v1.0,VALID,SYNTHETIC,hash_bnk_001583,True
1584,BUNKER_VLSFO_ROTTERDAM,2024-11-12 00:00:00,2024-11-12 18:00:00,571.33,USD_PER_MT,2,v1.0,VALID,SYNTHETIC,hash_bnk_001584,True
1585,BUNKER_VLSFO_PARADIP,2024-11-12 00:00:00,2024-11-12 18:00:00,634.83,USD_PER_MT,2,v1.0,VALID,SYNTHETIC,hash_bnk_001585,True
1586,BUNKER_VLSFO_SINGAPORE,2024-11-13 00:00:00,2024-11-13 18:00:00,595.29,USD_PER_MT,2,v1.0,VALID,SYNTHETIC,hash_bnk_001586,True
1587,BUNKER_IFO380_SINGAPORE,2024-11-13 00:00:00,2024-11-13 18:00:00,449.83,USD_PER_MT,2,v1.0,VALID,SYNTHETIC,hash_bnk_001587,True
1588,BUNKER_MGO_SINGAPORE,2024-11-13 00:00:00,2024-11-13 18:00:00,782.81,USD_PER_MT,2,v1.0,VALID,SYNTHETIC,hash_bnk_001588,True
1589,BUNKER_VLSFO_ROTTERDAM,2024-11-13 00:00:00,2024-11-13 18:00:00,568.32,USD_PER_MT,2,v1.0,VALID,SYNTHETIC,hash_bnk_001589,True
1590,BUNKER_VLSFO_PARADIP,2024-11-13 00:00:00,2024-11-13 18:00:00,636.43,USD_PER_MT,2,v1.0,VALID,SYNTHETIC,hash_bnk_001590,True
1591,BUNKER_VLSFO_SINGAPORE,2024-11-14 00:00:00,2024-11-14 18:00:00,593.89,USD_PER_MT,2,v1.0,VALID,SYNTHETIC,hash_bnk_001591,True
1592,BUNKER_IFO380_SINGAPORE,2024-11-14 00:00:00,2024-11-14 18:00:00,448.39,USD_PER_MT,2,v1.0,VALID,SYNTHETIC,hash_bnk_001592,True
1593,BUNKER_MGO_SINGAPORE,2024-11-14 00:00:00,2024-11-14 18:00:00,782.33,USD_PER_MT,2,v1.0,VALID,SYNTHETIC,hash_bnk_001593,True
1594,BUNKER_VLSFO_ROTTERDAM,2024-11-14 00:00:00,2024-11-14 18:00:00,579.4,USD_PER_MT,2,v1.0,VALID,SYNTHETIC,hash_bnk_001594,True
1595,BUNKER_VLSFO_PARADIP,2024-11-14 00:00:00,2024-11-14 18:00:00,638.06,USD_PER_MT,2,v1.0,VALID,SYNTHETIC,hash_bnk_001595,True
1596,BUNKER_VLSFO_SINGAPORE,2024-11-15 00:00:00,2024-11-15 18:00:00,601.96,USD_PER_MT,2,v1.0,VALID,SYNTHETIC,hash_bnk_001596,True
1597,BUNKER_IFO380_SINGAPORE,2024-11-15 00:00:00,2024-11-15 18:00:00,439.7,USD_PER_MT,2,v1.0,VALID,SYNTHETIC,hash_bnk_001597,True
1598,BUNKER_MGO_SINGAPORE,2024-11-15 00:00:00,2024-11-15 18:00:00,784.43,USD_PER_MT,2,v1.0,VALID,SYNTHETIC,hash_bnk_001598,True
1599,BUNKER_VLSFO_ROTTERDAM,2024-11-15 00:00:00,2024-11-15 18:00:00,574.9,USD_PER_MT,2,v1.0,VALID,SYNTHETIC,hash_bnk_001599,True
1600,BUNKER_VLSFO_PARADIP,2024-11-15 00:00:00,2024-11-15 18:00:00,639.64,USD_PER_MT,2,v1.0,VALID,SYNTHETIC,hash_bnk_001600,True
1601,BUNKER_VLSFO_SINGAPORE,2024-11-16 00:00:00,2024-11-16 18:00:00,605.19,USD_PER_MT,2,v1.0,VALID,SYNTHETIC,hash_bnk_001601,True
1602,BUNKER_IFO380_SINGAPORE,2024-11-16 00:00:00,2024-11-16 18:00:00,452.44,USD_PER_MT,2,v1.0,VALID,SYNTHETIC,hash_bnk_001602,True
1603,BUNKER_MGO_SINGAPORE,2024-11-16 00:00:00,2024-11-16 18:00:00,791.31,USD_PER_MT,2,v1.0,VALID,SYNTHETIC,hash_bnk_001603,True
1604,BUNKER_VLSFO_ROTTERDAM,2024-11-16 00:00:00,2024-11-16 18:00:00,570.92,USD_PER_MT,2,v1.0,VALID,SYNTHETIC,hash_bnk_001604,True
1605,BUNKER_VLSFO_PARADIP,2024-11-16 00:00:00,2024-11-16 18:00:00,638.87,USD_PER_MT,2,v1.0,VALID,SYNTHETIC,hash_bnk_001605,True
1606,BUNKER_VLSFO_SINGAPORE,2024-11-17 00:00:00,2024-11-17 18:00:00,609.35,USD_PER_MT,2,v1.0,VALID,SYNTHETIC,hash_bnk_001606,True
1607,BUNKER_IFO380_SINGAPORE,2024-11-17 00:00:00,2024-11-17 18:00:00,446.6,USD_PER_MT,2,v1.0,VALID,SYNTHETIC,hash_bnk_001607,True
1608,BUNKER_MGO_SINGAPORE,2024-11-17 00:00:00,2024-11-17 18:00:00,785.84,USD_PER_MT,2,v1.0,VALID,SYNTHETIC,hash_bnk_001608,True
1609,BUNKER_VLSFO_ROTTERDAM,2024-11-17 00:00:00,2024-11-17 18:00:00,581.72,USD_PER_MT,2,v1.0,VALID,SYNTHETIC,hash_bnk_001609,True
1610,BUNKER_VLSFO_PARADIP,2024-11-17 00:00:00,2024-11-17 18:00:00,632.91,USD_PER_MT,2,v1.0,VALID,SYNTHETIC,hash_bnk_001610,True
1611,BUNKER_VLSFO_SINGAPORE,2024-11-18 00:00:00,2024-11-18 18:00:00,602.25,USD_PER_MT,2,v1.0,VALID,SYNTHETIC,hash_bnk_001611,True
1612,BUNKER_IFO380_SINGAPORE,2024-11-18 00:00:00,2024-11-18 18:00:00,445.05,USD_PER_MT,2,v1.0,VALID,SYNTHETIC,hash_bnk_001612,True
1613,BUNKER_MGO_SINGAPORE,2024-11-18 00:00:00,2024-11-18 18:00:00,796.15,USD_PER_MT,2,v1.0,VALID,SYNTHETIC,hash_bnk_001613,True
1614,BUNKER_VLSFO_ROTTERDAM,2024-11-18 00:00:00,2024-11-18 18:00:00,581.89,USD_PER_MT,2,v1.0,VALID,SYNTHETIC,hash_bnk_001614,True
1615,BUNKER_VLSFO_PARADIP,2024-11-18 00:00:00,2024-11-18 18:00:00,638.8,USD_PER_MT,2,v1.0,VALID,SYNTHETIC,hash_bnk_001615,True
1616,BUNKER_VLSFO_SINGAPORE,2024-11-19 00:00:00,2024-11-19 18:00:00,604.09,USD_PER_MT,2,v1.0,VALID,SYNTHETIC,hash_bnk_001616,True
1617,BUNKER_IFO380_SINGAPORE,2024-11-19 00:00:00,2024-11-19 18:00:00,449.89,USD_PER_MT,2,v1.0,VALID,SYNTHETIC,hash_bnk_001617,True
1618,BUNKER_MGO_SINGAPORE,2024-11-19 00:00:00,2024-11-19 18:00:00,797.18,USD_PER_MT,2,v1.0,VALID,SYNTHETIC,hash_bnk_001618,True
1619,BUNKER_VLSFO_ROTTERDAM,2024-11-19 00:00:00,2024-11-19 18:00:00,576.3,USD_PER_MT,2,v1.0,VALID,SYNTHETIC,hash_bnk_001619,True
1620,BUNKER_VLSFO_PARADIP,2024-11-19 00:00:00,2024-11-19 18:00:00,649.02,USD_PER_MT,2,v1.0,VALID,SYNTHETIC,hash_bnk_001620,True
1621,BUNKER_VLSFO_SINGAPORE,2024-11-20 00:00:00,2024-11-20 18:00:00,606.69,USD_PER_MT,2,v1.0,VALID,SYNTHETIC,hash_bnk_001621,True
1622,BUNKER_IFO380_SINGAPORE,2024-11-20 00:00:00,2024-11-20 18:00:00,452.55,USD_PER_MT,2,v1.0,VALID,SYNTHETIC,hash_bnk_001622,True
1623,BUNKER_MGO_SINGAPORE,2024-11-20 00:00:00,2024-11-20 18:00:00,789.63,USD_PER_MT,2,v1.0,VALID,SYNTHETIC,hash_bnk_001623,True
1624,BUNKER_VLSFO_ROTTERDAM,2024-11-20 00:00:00,2024-11-20 18:00:00,580.12,USD_PER_MT,2,v1.0,VALID,SYNTHETIC,hash_bnk_001624,True
1625,BUNKER_VLSFO_PARADIP,2024-11-20 00:00:00,2024-11-20 18:00:00,648.73,USD_PER_MT,2,v1.0,VALID,SYNTHETIC,hash_bnk_001625,True
1626,BUNKER_VLSFO_SINGAPORE,2024-11-21 00:00:00,2024-11-21 18:00:00,616.93,USD_PER_MT,2,v1.0,VALID,SYNTHETIC,hash_bnk_001626,True
1627,BUNKER_IFO380_SINGAPORE,2024-11-21 00:00:00,2024-11-21 18:00:00,446.93,USD_PER_MT,2,v1.0,VALID,SYNTHETIC,hash_bnk_001627,True
1628,BUNKER_MGO_SINGAPORE,2024-11-21 00:00:00,2024-11-21 18:00:00,801.89,USD_PER_MT,2,v1.0,VALID,SYNTHETIC,hash_bnk_001628,True
1629,BUNKER_VLSFO_ROTTERDAM,2024-11-21 00:00:00,2024-11-21 18:00:00,576.83,USD_PER_MT,2,v1.0,VALID,SYNTHETIC,hash_bnk_001629,True
1630,BUNKER_VLSFO_PARADIP,2024-11-21 00:00:00,2024-11-21 18:00:00,643.37,USD_PER_MT,2,v1.0,VALID,SYNTHETIC,hash_bnk_001630,True
1631,BUNKER_VLSFO_SINGAPORE,2024-11-22 00:00:00,2024-11-22 18:00:00,609.43,USD_PER_MT,2,v1.0,VALID,SYNTHETIC,hash_bnk_001631,True
1632,BUNKER_IFO380_SINGAPORE,2024-11-22 00:00:00,2024-11-22 18:00:00,451.05,USD_PER_MT,2,v1.0,VALID,SYNTHETIC,hash_bnk_001632,True
1633,BUNKER_MGO_SINGAPORE,2024-11-22 00:00:00,2024-11-22 18:00:00,792.99,USD_PER_MT,2,v1.0,VALID,SYNTHETIC,hash_bnk_001633,True
1634,BUNKER_VLSFO_ROTTERDAM,2024-11-22 00:00:00,2024-11-22 18:00:00,576.17,USD_PER_MT,2,v1.0,VALID,SYNTHETIC,hash_bnk_001634,True
1635,BUNKER_VLSFO_PARADIP,2024-11-22 00:00:00,2024-11-22 18:00:00,644.14,USD_PER_MT,2,v1.0,VALID,SYNTHETIC,hash_bnk_001635,True
1636,BUNKER_VLSFO_SINGAPORE,2024-11-23 00:00:00,2024-11-23 18:00:00,610.12,USD_PER_MT,2,v1.0,VALID,SYNTHETIC,hash_bnk_001636,True
1637,BUNKER_IFO380_SINGAPORE,2024-11-23 00:00:00,2024-11-23 18:00:00,458.63,USD_PER_MT,2,v1.0,VALID,SYNTHETIC,hash_bnk_001637,True
1638,BUNKER_MGO_SINGAPORE,2024-11-23 00:00:00,2024-11-23 18:00:00,802.28,USD_PER_MT,2,v1.0,VALID,SYNTHETIC,hash_bnk_001638,True
1639,BUNKER_VLSFO_ROTTERDAM,2024-11-23 00:00:00,2024-11-23 18:00:00,582.27,USD_PER_MT,2,v1.0,VALID,SYNTHETIC,hash_bnk_001639,True
1640,BUNKER_VLSFO_PARADIP,2024-11-23 00:00:00,2024-11-23 18:00:00,651.35,USD_PER_MT,2,v1.0,VALID,SYNTHETIC,hash_bnk_001640,True
1641,BUNKER_VLSFO_SINGAPORE,2024-11-24 00:00:00,2024-11-24 18:00:00,607.2,USD_PER_MT,2,v1.0,VALID,SYNTHETIC,hash_bnk_001641,True
1642,BUNKER_IFO380_SINGAPORE,2024-11-24 00:00:00,2024-11-24 18:00:00,448.45,USD_PER_MT,2,v1.0,VALID,SYNTHETIC,hash_bnk_001642,True
1643,BUNKER_MGO_SINGAPORE,2024-11-24 00:00:00,2024-11-24 18:00:00,804.56,USD_PER_MT,2,v1.0,VALID,SYNTHETIC,hash_bnk_001643,True
1644,BUNKER_VLSFO_ROTTERDAM,2024-11-24 00:00:00,2024-11-24 18:00:00,587.11,USD_PER_MT,2,v1.0,VALID,SYNTHETIC,hash_bnk_001644,True
1645,BUNKER_VLSFO_PARADIP,2024-11-24 00:00:00,2024-11-24 18:00:00,646.3,USD_PER_MT,2,v1.0,VALID,SYNTHETIC,hash_bnk_001645,True
1646,BUNKER_VLSFO_SINGAPORE,2024-11-25 00:00:00,2024-11-25 18:00:00,613.78,USD_PER_MT,2,v1.0,VALID,SYNTHETIC,hash_bnk_001646,True
1647,BUNKER_IFO380_SINGAPORE,2024-11-25 00:00:00,2024-11-25 18:00:00,452.74,USD_PER_MT,2,v1.0,VALID,SYNTHETIC,hash_bnk_001647,True
1648,BUNKER_MGO_SINGAPORE,2024-11-25 00:00:00,2024-11-25 18:00:00,805.87,USD_PER_MT,2,v1.0,VALID,SYNTHETIC,hash_bnk_001648,True
1649,BUNKER_VLSFO_ROTTERDAM,2024-11-25 00:00:00,2024-11-25 18:00:00,586.32,USD_PER_MT,2,v1.0,VALID,SYNTHETIC,hash_bnk_001649,True
1650,BUNKER_VLSFO_PARADIP,2024-11-25 00:00:00,2024-11-25 18:00:00,640.31,USD_PER_MT,2,v1.0,VALID,SYNTHETIC,hash_bnk_001650,True
1651,BUNKER_VLSFO_SINGAPORE,2024-11-26 00:00:00,2024-11-26 18:00:00,618.32,USD_PER_MT,2,v1.0,VALID,SYNTHETIC,hash_bnk_001651,True
1652,BUNKER_IFO380_SINGAPORE,2024-11-26 00:00:00,2024-11-26 18:00:00,452.21,USD_PER_MT,2,v1.0,VALID,SYNTHETIC,hash_bnk_001652,True
1653,BUNKER_MGO_SINGAPORE,2024-11-26 00:00:00,2024-11-26 18:00:00,801.36,USD_PER_MT,2,v1.0,VALID,SYNTHETIC,hash_bnk_001653,True
1654,BUNKER_VLSFO_ROTTERDAM,2024-11-26 00:00:00,2024-11-26 18:00:00,580.96,USD_PER_MT,2,v1.0,VALID,SYNTHETIC,hash_bnk_001654,True
1655,BUNKER_VLSFO_PARADIP,2024-11-26 00:00:00,2024-11-26 18:00:00,649.58,USD_PER_MT,2,v1.0,VALID,SYNTHETIC,hash_bnk_001655,True
1656,BUNKER_VLSFO_SINGAPORE,2024-11-27 00:00:00,2024-11-27 18:00:00,620.71,USD_PER_MT,2,v1.0,VALID,SYNTHETIC,hash_bnk_001656,True
1657,BUNKER_IFO380_SINGAPORE,2024-11-27 00:00:00,2024-11-27 18:00:00,450.91,USD_PER_MT,2,v1.0,VALID,SYNTHETIC,hash_bnk_001657,True
1658,BUNKER_MGO_SINGAPORE,2024-11-27 00:00:00,2024-11-27 18:00:00,806.45,USD_PER_MT,2,v1.0,VALID,SYNTHETIC,hash_bnk_001658,True
1659,BUNKER_VLSFO_ROTTERDAM,2024-11-27 00:00:00,2024-11-27 18:00:00,571.45,USD_PER_MT,2,v1.0,VALID,SYNTHETIC,hash_bnk_001659,True
1660,BUNKER_VLSFO_PARADIP,2024-11-27 00:00:00,2024-11-27 18:00:00,649.13,USD_PER_MT,2,v1.0,VALID,SYNTHETIC,hash_bnk_001660,True
1661,BUNKER_VLSFO_SINGAPORE,2024-11-28 00:00:00,2024-11-28 18:00:00,610.47,USD_PER_MT,2,v1.0,VALID,SYNTHETIC,hash_bnk_001661,True
1662,BUNKER_IFO380_SINGAPORE,2024-11-28 00:00:00,2024-11-28 18:00:00,462.49,USD_PER_MT,2,v1.0,VALID,SYNTHETIC,hash_bnk_001662,True
1663,BUNKER_MGO_SINGAPORE,2024-11-28 00:00:00,2024-11-28 18:00:00,801.38,USD_PER_MT,2,v1.0,VALID,SYNTHETIC,hash_bnk_001663,True
1664,BUNKER_VLSFO_ROTTERDAM,2024-11-28 00:00:00,2024-11-28 18:00:00,588.6,USD_PER_MT,2,v1.0,VALID,SYNTHETIC,hash_bnk_001664,True
1665,BUNKER_VLSFO_PARADIP,2024-11-28 00:00:00,2024-11-28 18:00:00,653.54,USD_PER_MT,2,v1.0,VALID,SYNTHETIC,hash_bnk_001665,True
1666,BUNKER_VLSFO_SINGAPORE,2024-11-29 00:00:00,2024-11-29 18:00:00,616.41,USD_PER_MT,2,v1.0,VALID,SYNTHETIC,hash_bnk_001666,True
1667,BUNKER_IFO380_SINGAPORE,2024-11-29 00:00:00,2024-11-29 18:00:00,462.21,USD_PER_MT,2,v1.0,VALID,SYNTHETIC,hash_bnk_001667,True
1668,BUNKER_MGO_SINGAPORE,2024-11-29 00:00:00,2024-11-29 18:00:00,818.85,USD_PER_MT,2,v1.0,VALID,SYNTHETIC,hash_bnk_001668,True
1669,BUNKER_VLSFO_ROTTERDAM,2024-11-29 00:00:00,2024-11-29 18:00:00,588.3,USD_PER_MT,2,v1.0,VALID,SYNTHETIC,hash_bnk_001669,True
1670,BUNKER_VLSFO_PARADIP,2024-11-29 00:00:00,2024-11-29 18:00:00,649.49,USD_PER_MT,2,v1.0,VALID,SYNTHETIC,hash_bnk_001670,True
1671,BUNKER_VLSFO_SINGAPORE,2024-11-30 00:00:00,2024-11-30 18:00:00,614.61,USD_PER_MT,2,v1.0,VALID,SYNTHETIC,hash_bnk_001671,True
1672,BUNKER_IFO380_SINGAPORE,2024-11-30 00:00:00,2024-11-30 18:00:00,455.45,USD_PER_MT,2,v1.0,VALID,SYNTHETIC,hash_bnk_001672,True
1673,BUNKER_MGO_SINGAPORE,2024-11-30 00:00:00,2024-11-30 18:00:00,807.36,USD_PER_MT,2,v1.0,VALID,SYNTHETIC,hash_bnk_001673,True
1674,BUNKER_VLSFO_ROTTERDAM,2024-11-30 00:00:00,2024-11-30 18:00:00,593.81,USD_PER_MT,2,v1.0,VALID,SYNTHETIC,hash_bnk_001674,True
1675,BUNKER_VLSFO_PARADIP,2024-11-30 00:00:00,2024-11-30 18:00:00,656.14,USD_PER_MT,2,v1.0,VALID,SYNTHETIC,hash_bnk_001675,True
1676,BUNKER_VLSFO_SINGAPORE,2024-12-01 00:00:00,2024-12-01 18:00:00,616.91,USD_PER_MT,2,v1.0,VALID,SYNTHETIC,hash_bnk_001676,True
1677,BUNKER_IFO380_SINGAPORE,2024-12-01 00:00:00,2024-12-01 18:00:00,462.63,USD_PER_MT,2,v1.0,VALID,SYNTHETIC,hash_bnk_001677,True
1678,BUNKER_MGO_SINGAPORE,2024-12-01 00:00:00,2024-12-01 18:00:00,818.26,USD_PER_MT,2,v1.0,VALID,SYNTHETIC,hash_bnk_001678,True
1679,BUNKER_VLSFO_ROTTERDAM,2024-12-01 00:00:00,2024-12-01 18:00:00,583.95,USD_PER_MT,2,v1.0,VALID,SYNTHETIC,hash_bnk_001679,True
1680,BUNKER_VLSFO_PARADIP,2024-12-01 00:00:00,2024-12-01 18:00:00,659.99,USD_PER_MT,2,v1.0,VALID,SYNTHETIC,hash_bnk_001680,True
1681,BUNKER_VLSFO_SINGAPORE,2024-12-02 00:00:00,2024-12-02 18:00:00,620.16,USD_PER_MT,2,v1.0,VALID,SYNTHETIC,hash_bnk_001681,True
1682,BUNKER_IFO380_SINGAPORE,2024-12-02 00:00:00,2024-12-02 18:00:00,465.13,USD_PER_MT,2,v1.0,VALID,SYNTHETIC,hash_bnk_001682,True
1683,BUNKER_MGO_SINGAPORE,2024-12-02 00:00:00,2024-12-02 18:00:00,820.41,USD_PER_MT,2,v1.0,VALID,SYNTHETIC,hash_bnk_001683,True
1684,BUNKER_VLSFO_ROTTERDAM,2024-12-02 00:00:00,2024-12-02 18:00:00,583.43,USD_PER_MT,2,v1.0,VALID,SYNTHETIC,hash_bnk_001684,True
1685,BUNKER_VLSFO_PARADIP,2024-12-02 00:00:00,2024-12-02 18:00:00,650.6,USD_PER_MT,2,v1.0,VALID,SYNTHETIC,hash_bnk_001685,True
1686,BUNKER_VLSFO_SINGAPORE,2024-12-03 00:00:00,2024-12-03 18:00:00,620.87,USD_PER_MT,2,v1.0,VALID,SYNTHETIC,hash_bnk_001686,True
1687,BUNKER_IFO380_SINGAPORE,2024-12-03 00:00:00,2024-12-03 18:00:00,458.89,USD_PER_MT,2,v1.0,VALID,SYNTHETIC,hash_bnk_001687,True
1688,BUNKER_MGO_SINGAPORE,2024-12-03 00:00:00,2024-12-03 18:00:00,814.71,USD_PER_MT,2,v1.0,VALID,SYNTHETIC,hash_bnk_001688,True
1689,BUNKER_VLSFO_ROTTERDAM,2024-12-03 00:00:00,2024-12-03 18:00:00,592.51,USD_PER_MT,2,v1.0,VALID,SYNTHETIC,hash_bnk_001689,True
1690,BUNKER_VLSFO_PARADIP,2024-12-03 00:00:00,2024-12-03 18:00:00,657.25,USD_PER_MT,2,v1.0,VALID,SYNTHETIC,hash_bnk_001690,True
1691,BUNKER_VLSFO_SINGAPORE,2024-12-04 00:00:00,2024-12-04 18:00:00,613.93,USD_PER_MT,2,v1.0,VALID,SYNTHETIC,hash_bnk_001691,True
1692,BUNKER_IFO380_SINGAPORE,2024-12-04 00:00:00,2024-12-04 18:00:00,464.0,USD_PER_MT,2,v1.0,VALID,SYNTHETIC,hash_bnk_001692,True
1693,BUNKER_MGO_SINGAPORE,2024-12-04 00:00:00,2024-12-04 18:00:00,812.58,USD_PER_MT,2,v1.0,VALID,SYNTHETIC,hash_bnk_001693,True
1694,BUNKER_VLSFO_ROTTERDAM,2024-12-04 00:00:00,2024-12-04 18:00:00,597.35,USD_PER_MT,2,v1.0,VALID,SYNTHETIC,hash_bnk_001694,True
1695,BUNKER_VLSFO_PARADIP,2024-12-04 00:00:00,2024-12-04 18:00:00,656.04,USD_PER_MT,2,v1.0,VALID,SYNTHETIC,hash_bnk_001695,True
1696,BUNKER_VLSFO_SINGAPORE,2024-12-05 00:00:00,2024-12-05 18:00:00,620.39,USD_PER_MT,2,v1.0,VALID,SYNTHETIC,hash_bnk_001696,True
1697,BUNKER_IFO380_SINGAPORE,2024-12-05 00:00:00,2024-12-05 18:00:00,462.69,USD_PER_MT,2,v1.0,VALID,SYNTHETIC,hash_bnk_001697,True
1698,BUNKER_MGO_SINGAPORE,2024-12-05 00:00:00,2024-12-05 18:00:00,812.81,USD_PER_MT,2,v1.0,VALID,SYNTHETIC,hash_bnk_001698,True
1699,BUNKER_VLSFO_ROTTERDAM,2024-12-05 00:00:00,2024-12-05 18:00:00,585.16,USD_PER_MT,2,v1.0,VALID,SYNTHETIC,hash_bnk_001699,True
1700,BUNKER_VLSFO_PARADIP,2024-12-05 00:00:00,2024-12-05 18:00:00,652.48,USD_PER_MT,2,v1.0,VALID,SYNTHETIC,hash_bnk_001700,True
1701,BUNKER_VLSFO_SINGAPORE,2024-12-06 00:00:00,2024-12-06 18:00:00,624.92,USD_PER_MT,2,v1.0,VALID,SYNTHETIC,hash_bnk_001701,True
1702,BUNKER_IFO380_SINGAPORE,2024-12-06 00:00:00,2024-12-06 18:00:00,465.49,USD_PER_MT,2,v1.0,VALID,SYNTHETIC,hash_bnk_001702,True
1703,BUNKER_MGO_SINGAPORE,2024-12-06 00:00:00,2024-12-06 18:00:00,817.81,USD_PER_MT,2,v1.0,VALID,SYNTHETIC,hash_bnk_001703,True
1704,BUNKER_VLSFO_ROTTERDAM,2024-12-06 00:00:00,2024-12-06 18:00:00,593.9,USD_PER_MT,2,v1.0,VALID,SYNTHETIC,hash_bnk_001704,True
1705,BUNKER_VLSFO_PARADIP,2024-12-06 00:00:00,2024-12-06 18:00:00,658.37,USD_PER_MT,2,v1.0,VALID,SYNTHETIC,hash_bnk_001705,True
1706,BUNKER_VLSFO_SINGAPORE,2024-12-07 00:00:00,2024-12-07 18:00:00,623.5,USD_PER_MT,2,v1.0,VALID,SYNTHETIC,hash_bnk_001706,True
1707,BUNKER_IFO380_SINGAPORE,2024-12-07 00:00:00,2024-12-07 18:00:00,462.75,USD_PER_MT,2,v1.0,VALID,SYNTHETIC,hash_bnk_001707,True
1708,BUNKER_MGO_SINGAPORE,2024-12-07 00:00:00,2024-12-07 18:00:00,813.97,USD_PER_MT,2,v1.0,VALID,SYNTHETIC,hash_bnk_001708,True
1709,BUNKER_VLSFO_ROTTERDAM,2024-12-07 00:00:00,2024-12-07 18:00:00,601.04,USD_PER_MT,2,v1.0,VALID,SYNTHETIC,hash_bnk_001709,True
1710,BUNKER_VLSFO_PARADIP,2024-12-07 00:00:00,2024-12-07 18:00:00,664.8,USD_PER_MT,2,v1.0,VALID,SYNTHETIC,hash_bnk_001710,True
1711,BUNKER_VLSFO_SINGAPORE,2024-12-08 00:00:00,2024-12-08 18:00:00,632.74,USD_PER_MT,2,v1.0,VALID,SYNTHETIC,hash_bnk_001711,True
1712,BUNKER_IFO380_SINGAPORE,2024-12-08 00:00:00,2024-12-08 18:00:00,456.6,USD_PER_MT,2,v1.0,VALID,SYNTHETIC,hash_bnk_001712,True
1713,BUNKER_MGO_SINGAPORE,2024-12-08 00:00:00,2024-12-08 18:00:00,813.79,USD_PER_MT,2,v1.0,VALID,SYNTHETIC,hash_bnk_001713,True
1714,BUNKER_VLSFO_ROTTERDAM,2024-12-08 00:00:00,2024-12-08 18:00:00,602.78,USD_PER_MT,2,v1.0,VALID,SYNTHETIC,hash_bnk_001714,True
1715,BUNKER_VLSFO_PARADIP,2024-12-08 00:00:00,2024-12-08 18:00:00,665.53,USD_PER_MT,2,v1.0,VALID,SYNTHETIC,hash_bnk_001715,True
1716,BUNKER_VLSFO_SINGAPORE,2024-12-09 00:00:00,2024-12-09 18:00:00,627.05,USD_PER_MT,2,v1.0,VALID,SYNTHETIC,hash_bnk_001716,True
1717,BUNKER_IFO380_SINGAPORE,2024-12-09 00:00:00,2024-12-09 18:00:00,464.73,USD_PER_MT,2,v1.0,VALID,SYNTHETIC,hash_bnk_001717,True
1718,BUNKER_MGO_SINGAPORE,2024-12-09 00:00:00,2024-12-09 18:00:00,825.79,USD_PER_MT,2,v1.0,VALID,SYNTHETIC,hash_bnk_001718,True
1719,BUNKER_VLSFO_ROTTERDAM,2024-12-09 00:00:00,2024-12-09 18:00:00,592.25,USD_PER_MT,2,v1.0,VALID,SYNTHETIC,hash_bnk_001719,True
1720,BUNKER_VLSFO_PARADIP,2024-12-09 00:00:00,2024-12-09 18:00:00,668.42,USD_PER_MT,2,v1.0,VALID,SYNTHETIC,hash_bnk_001720,True
1721,BUNKER_VLSFO_SINGAPORE,2024-12-10 00:00:00,2024-12-10 18:00:00,629.24,USD_PER_MT,2,v1.0,VALID,SYNTHETIC,hash_bnk_001721,True
1722,BUNKER_IFO380_SINGAPORE,2024-12-10 00:00:00,2024-12-10 18:00:00,470.03,USD_PER_MT,2,v1.0,VALID,SYNTHETIC,hash_bnk_001722,True
1723,BUNKER_MGO_SINGAPORE,2024-12-10 00:00:00,2024-12-10 18:00:00,824.56,USD_PER_MT,2,v1.0,VALID,SYNTHETIC,hash_bnk_001723,True
1724,BUNKER_VLSFO_ROTTERDAM,2024-12-10 00:00:00,2024-12-10 18:00:00,600.42,USD_PER_MT,2,v1.0,VALID,SYNTHETIC,hash_bnk_001724,True
1725,BUNKER_VLSFO_PARADIP,2024-12-10 00:00:00,2024-12-10 18:00:00,675.41,USD_PER_MT,2,v1.0,VALID,SYNTHETIC,hash_bnk_001725,True
1726,BUNKER_VLSFO_SINGAPORE,2024-12-11 00:00:00,2024-12-11 18:00:00,627.77,USD_PER_MT,2,v1.0,VALID,SYNTHETIC,hash_bnk_001726,True
1727,BUNKER_IFO380_SINGAPORE,2024-12-11 00:00:00,2024-12-11 18:00:00,469.25,USD_PER_MT,2,v1.0,VALID,SYNTHETIC,hash_bnk_001727,True
1728,BUNKER_MGO_SINGAPORE,2024-12-11 00:00:00,2024-12-11 18:00:00,819.12,USD_PER_MT,2,v1.0,VALID,SYNTHETIC,hash_bnk_001728,True
1729,BUNKER_VLSFO_ROTTERDAM,2024-12-11 00:00:00,2024-12-11 18:00:00,606.09,USD_PER_MT,2,v1.0,VALID,SYNTHETIC,hash_bnk_001729,True
1730,BUNKER_VLSFO_PARADIP,2024-12-11 00:00:00,2024-12-11 18:00:00,672.87,USD_PER_MT,2,v1.0,VALID,SYNTHETIC,hash_bnk_001730,True
1731,BUNKER_VLSFO_SINGAPORE,2024-12-12 00:00:00,2024-12-12 18:00:00,631.31,USD_PER_MT,2,v1.0,VALID,SYNTHETIC,hash_bnk_001731,True
1732,BUNKER_IFO380_SINGAPORE,2024-12-12 00:00:00,2024-12-12 18:00:00,468.54,USD_PER_MT,2,v1.0,VALID,SYNTHETIC,hash_bnk_001732,True
1733,BUNKER_MGO_SINGAPORE,2024-12-12 00:00:00,2024-12-12 18:00:00,823.17,USD_PER_MT,2,v1.0,VALID,SYNTHETIC,hash_bnk_001733,True
1734,BUNKER_VLSFO_ROTTERDAM,2024-12-12 00:00:00,2024-12-12 18:00:00,599.09,USD_PER_MT,2,v1.0,VALID,SYNTHETIC,hash_bnk_001734,True
1735,BUNKER_VLSFO_PARADIP,2024-12-12 00:00:00,2024-12-12 18:00:00,666.17,USD_PER_MT,2,v1.0,VALID,SYNTHETIC,hash_bnk_001735,True
1736,BUNKER_VLSFO_SINGAPORE,2024-12-13 00:00:00,2024-12-13 18:00:00,630.25,USD_PER_MT,2,v1.0,VALID,SYNTHETIC,hash_bnk_001736,True
1737,BUNKER_IFO380_SINGAPORE,2024-12-13 00:00:00,2024-12-13 18:00:00,462.61,USD_PER_MT,2,v1.0,VALID,SYNTHETIC,hash_bnk_001737,True
1738,BUNKER_MGO_SINGAPORE,2024-12-13 00:00:00,2024-12-13 18:00:00,819.63,USD_PER_MT,2,v1.0,VALID,SYNTHETIC,hash_bnk_001738,True
1739,BUNKER_VLSFO_ROTTERDAM,2024-12-13 00:00:00,2024-12-13 18:00:00,599.54,USD_PER_MT,2,v1.0,VALID,SYNTHETIC,hash_bnk_001739,True
1740,BUNKER_VLSFO_PARADIP,2024-12-13 00:00:00,2024-12-13 18:00:00,673.41,USD_PER_MT,2,v1.0,VALID,SYNTHETIC,hash_bnk_001740,True
1741,BUNKER_VLSFO_SINGAPORE,2024-12-14 00:00:00,2024-12-14 18:00:00,639.3,USD_PER_MT,2,v1.0,VALID,SYNTHETIC,hash_bnk_001741,True
1742,BUNKER_IFO380_SINGAPORE,2024-12-14 00:00:00,2024-12-14 18:00:00,463.27,USD_PER_MT,2,v1.0,VALID,SYNTHETIC,hash_bnk_001742,True
1743,BUNKER_MGO_SINGAPORE,2024-12-14 00:00:00,2024-12-14 18:00:00,826.23,USD_PER_MT,2,v1.0,VALID,SYNTHETIC,hash_bnk_001743,True
1744,BUNKER_VLSFO_ROTTERDAM,2024-12-14 00:00:00,2024-12-14 18:00:00,596.21,USD_PER_MT,2,v1.0,VALID,SYNTHETIC,hash_bnk_001744,True
1745,BUNKER_VLSFO_PARADIP,2024-12-14 00:00:00,2024-12-14 18:00:00,664.76,USD_PER_MT,2,v1.0,VALID,SYNTHETIC,hash_bnk_001745,True
1746,BUNKER_VLSFO_SINGAPORE,2024-12-15 00:00:00,2024-12-15 18:00:00,636.32,USD_PER_MT,2,v1.0,VALID,SYNTHETIC,hash_bnk_001746,True
1747,BUNKER_IFO380_SINGAPORE,2024-12-15 00:00:00,2024-12-15 18:00:00,471.42,USD_PER_MT,2,v1.0,VALID,SYNTHETIC,hash_bnk_001747,True
1748,BUNKER_MGO_SINGAPORE,2024-12-15 00:00:00,2024-12-15 18:00:00,826.46,USD_PER_MT,2,v1.0,VALID,SYNTHETIC,hash_bnk_001748,True
1749,BUNKER_VLSFO_ROTTERDAM,2024-12-15 00:00:00,2024-12-15 18:00:00,604.24,USD_PER_MT,2,v1.0,VALID,SYNTHETIC,hash_bnk_001749,True
1750,BUNKER_VLSFO_PARADIP,2024-12-15 00:00:00,2024-12-15 18:00:00,673.69,USD_PER_MT,2,v1.0,VALID,SYNTHETIC,hash_bnk_001750,True
1751,BUNKER_VLSFO_SINGAPORE,2024-12-16 00:00:00,2024-12-16 18:00:00,633.55,USD_PER_MT,2,v1.0,VALID,SYNTHETIC,hash_bnk_001751,True
1752,BUNKER_IFO380_SINGAPORE,2024-12-16 00:00:00,2024-12-16 18:00:00,469.71,USD_PER_MT,2,v1.0,VALID,SYNTHETIC,hash_bnk_001752,True
1753,BUNKER_MGO_SINGAPORE,2024-12-16 00:00:00,2024-12-16 18:00:00,837.31,USD_PER_MT,2,v1.0,VALID,SYNTHETIC,hash_bnk_001753,True
1754,BUNKER_VLSFO_ROTTERDAM,2024-12-16 00:00:00,2024-12-16 18:00:00,604.53,USD_PER_MT,2,v1.0,VALID,SYNTHETIC,hash_bnk_001754,True
1755,BUNKER_VLSFO_PARADIP,2024-12-16 00:00:00,2024-12-16 18:00:00,680.0,USD_PER_MT,2,v1.0,VALID,SYNTHETIC,hash_bnk_001755,True
1756,BUNKER_VLSFO_SINGAPORE,2024-12-17 00:00:00,2024-12-17 18:00:00,636.26,USD_PER_MT,2,v1.0,VALID,SYNTHETIC,hash_bnk_001756,True
1757,BUNKER_IFO380_SINGAPORE,2024-12-17 00:00:00,2024-12-17 18:00:00,472.87,USD_PER_MT,2,v1.0,VALID,SYNTHETIC,hash_bnk_001757,True
1758,BUNKER_MGO_SINGAPORE,2024-12-17 00:00:00,2024-12-17 18:00:00,825.51,USD_PER_MT,2,v1.0,VALID,SYNTHETIC,hash_bnk_001758,True
1759,BUNKER_VLSFO_ROTTERDAM,2024-12-17 00:00:00,2024-12-17 18:00:00,606.51,USD_PER_MT,2,v1.0,VALID,SYNTHETIC,hash_bnk_001759,True
1760,BUNKER_VLSFO_PARADIP,2024-12-17 00:00:00,2024-12-17 18:00:00,667.07,USD_PER_MT,2,v1.0,VALID,SYNTHETIC,hash_bnk_001760,True
1761,BUNKER_VLSFO_SINGAPORE,2024-12-18 00:00:00,2024-12-18 18:00:00,631.55,USD_PER_MT,2,v1.0,VALID,SYNTHETIC,hash_bnk_001761,True
1762,BUNKER_IFO380_SINGAPORE,2024-12-18 00:00:00,2024-12-18 18:00:00,471.48,USD_PER_MT,2,v1.0,VALID,SYNTHETIC,hash_bnk_001762,True
1763,BUNKER_MGO_SINGAPORE,2024-12-18 00:00:00,2024-12-18 18:00:00,825.88,USD_PER_MT,2,v1.0,VALID,SYNTHETIC,hash_bnk_001763,True
1764,BUNKER_VLSFO_ROTTERDAM,2024-12-18 00:00:00,2024-12-18 18:00:00,603.86,USD_PER_MT,2,v1.0,VALID,SYNTHETIC,hash_bnk_001764,True
1765,BUNKER_VLSFO_PARADIP,2024-12-18 00:00:00,2024-12-18 18:00:00,671.04,USD_PER_MT,2,v1.0,VALID,SYNTHETIC,hash_bnk_001765,True
1766,BUNKER_VLSFO_SINGAPORE,2024-12-19 00:00:00,2024-12-19 18:00:00,643.07,USD_PER_MT,2,v1.0,VALID,SYNTHETIC,hash_bnk_001766,True
1767,BUNKER_IFO380_SINGAPORE,2024-12-19 00:00:00,2024-12-19 18:00:00,471.78,USD_PER_MT,2,v1.0,VALID,SYNTHETIC,hash_bnk_001767,True
1768,BUNKER_MGO_SINGAPORE,2024-12-19 00:00:00,2024-12-19 18:00:00,831.05,USD_PER_MT,2,v1.0,VALID,SYNTHETIC,hash_bnk_001768,True
1769,BUNKER_VLSFO_ROTTERDAM,2024-12-19 00:00:00,2024-12-19 18:00:00,606.27,USD_PER_MT,2,v1.0,VALID,SYNTHETIC,hash_bnk_001769,True
1770,BUNKER_VLSFO_PARADIP,2024-12-19 00:00:00,2024-12-19 18:00:00,664.33,USD_PER_MT,2,v1.0,VALID,SYNTHETIC,hash_bnk_001770,True
1771,BUNKER_VLSFO_SINGAPORE,2024-12-20 00:00:00,2024-12-20 18:00:00,635.99,USD_PER_MT,2,v1.0,VALID,SYNTHETIC,hash_bnk_001771,True
1772,BUNKER_IFO380_SINGAPORE,2024-12-20 00:00:00,2024-12-20 18:00:00,466.52,USD_PER_MT,2,v1.0,VALID,SYNTHETIC,hash_bnk_001772,True
1773,BUNKER_MGO_SINGAPORE,2024-12-20 00:00:00,2024-12-20 18:00:00,829.98,USD_PER_MT,2,v1.0,VALID,SYNTHETIC,hash_bnk_001773,True
1774,BUNKER_VLSFO_ROTTERDAM,2024-12-20 00:00:00,2024-12-20 18:00:00,613.69,USD_PER_MT,2,v1.0,VALID,SYNTHETIC,hash_bnk_001774,True
1775,BUNKER_VLSFO_PARADIP,2024-12-20 00:00:00,2024-12-20 18:00:00,680.96,USD_PER_MT,2,v1.0,VALID,SYNTHETIC,hash_bnk_001775,True
1776,BUNKER_VLSFO_SINGAPORE,2024-12-21 00:00:00,2024-12-21 18:00:00,637.05,USD_PER_MT,2,v1.0,VALID,SYNTHETIC,hash_bnk_001776,True
1777,BUNKER_IFO380_SINGAPORE,2024-12-21 00:00:00,2024-12-21 18:00:00,472.58,USD_PER_MT,2,v1.0,VALID,SYNTHETIC,hash_bnk_001777,True
1778,BUNKER_MGO_SINGAPORE,2024-12-21 00:00:00,2024-12-21 18:00:00,838.95,USD_PER_MT,2,v1.0,VALID,SYNTHETIC,hash_bnk_001778,True
1779,BUNKER_VLSFO_ROTTERDAM,2024-12-21 00:00:00,2024-12-21 18:00:00,613.88,USD_PER_MT,2,v1.0,VALID,SYNTHETIC,hash_bnk_001779,True
1780,BUNKER_VLSFO_PARADIP,2024-12-21 00:00:00,2024-12-21 18:00:00,674.71,USD_PER_MT,2,v1.0,VALID,SYNTHETIC,hash_bnk_001780,True
1781,BUNKER_VLSFO_SINGAPORE,2024-12-22 00:00:00,2024-12-22 18:00:00,650.46,USD_PER_MT,2,v1.0,VALID,SYNTHETIC,hash_bnk_001781,True
1782,BUNKER_IFO380_SINGAPORE,2024-12-22 00:00:00,2024-12-22 18:00:00,477.9,USD_PER_MT,2,v1.0,VALID,SYNTHETIC,hash_bnk_001782,True
1783,BUNKER_MGO_SINGAPORE,2024-12-22 00:00:00,2024-12-22 18:00:00,836.26,USD_PER_MT,2,v1.0,VALID,SYNTHETIC,hash_bnk_001783,True
1784,BUNKER_VLSFO_ROTTERDAM,2024-12-22 00:00:00,2024-12-22 18:00:00,613.51,USD_PER_MT,2,v1.0,VALID,SYNTHETIC,hash_bnk_001784,True
1785,BUNKER_VLSFO_PARADIP,2024-12-22 00:00:00,2024-12-22 18:00:00,674.36,USD_PER_MT,2,v1.0,VALID,SYNTHETIC,hash_bnk_001785,True
1786,BUNKER_VLSFO_SINGAPORE,2024-12-23 00:00:00,2024-12-23 18:00:00,641.29,USD_PER_MT,2,v1.0,VALID,SYNTHETIC,hash_bnk_001786,True
1787,BUNKER_IFO380_SINGAPORE,2024-12-23 00:00:00,2024-12-23 18:00:00,476.35,USD_PER_MT,2,v1.0,VALID,SYNTHETIC,hash_bnk_001787,True
1788,BUNKER_MGO_SINGAPORE,2024-12-23 00:00:00,2024-12-23 18:00:00,838.27,USD_PER_MT,2,v1.0,VALID,SYNTHETIC,hash_bnk_001788,True
1789,BUNKER_VLSFO_ROTTERDAM,2024-12-23 00:00:00,2024-12-23 18:00:00,609.08,USD_PER_MT,2,v1.0,VALID,SYNTHETIC,hash_bnk_001789,True
1790,BUNKER_VLSFO_PARADIP,2024-12-23 00:00:00,2024-12-23 18:00:00,678.29,USD_PER_MT,2,v1.0,VALID,SYNTHETIC,hash_bnk_001790,True
1791,BUNKER_VLSFO_SINGAPORE,2024-12-24 00:00:00,2024-12-24 18:00:00,640.25,USD_PER_MT,2,v1.0,VALID,SYNTHETIC,hash_bnk_001791,True
1792,BUNKER_IFO380_SINGAPORE,2024-12-24 00:00:00,2024-12-24 18:00:00,475.99,USD_PER_MT,2,v1.0,VALID,SYNTHETIC,hash_bnk_001792,True
1793,BUNKER_MGO_SINGAPORE,2024-12-24 00:00:00,2024-12-24 18:00:00,834.73,USD_PER_MT,2,v1.0,VALID,SYNTHETIC,hash_bnk_001793,True
1794,BUNKER_VLSFO_ROTTERDAM,2024-12-24 00:00:00,2024-12-24 18:00:00,613.48,USD_PER_MT,2,v1.0,VALID,SYNTHETIC,hash_bnk_001794,True
1795,BUNKER_VLSFO_PARADIP,2024-12-24 00:00:00,2024-12-24 18:00:00,682.06,USD_PER_MT,2,v1.0,VALID,SYNTHETIC,hash_bnk_001795,True
1796,BUNKER_VLSFO_SINGAPORE,2024-12-25 00:00:00,2024-12-25 18:00:00,642.96,USD_PER_MT,2,v1.0,VALID,SYNTHETIC,hash_bnk_001796,True
1797,BUNKER_IFO380_SINGAPORE,2024-12-25 00:00:00,2024-12-25 18:00:00,474.66,USD_PER_MT,2,v1.0,VALID,SYNTHETIC,hash_bnk_001797,True
1798,BUNKER_MGO_SINGAPORE,2024-12-25 00:00:00,2024-12-25 18:00:00,838.8,USD_PER_MT,2,v1.0,VALID,SYNTHETIC,hash_bnk_001798,True
1799,BUNKER_VLSFO_ROTTERDAM,2024-12-25 00:00:00,2024-12-25 18:00:00,616.77,USD_PER_MT,2,v1.0,VALID,SYNTHETIC,hash_bnk_001799,True
1800,BUNKER_VLSFO_PARADIP,2024-12-25 00:00:00,2024-12-25 18:00:00,679.82,USD_PER_MT,2,v1.0,VALID,SYNTHETIC,hash_bnk_001800,True
1801,BUNKER_VLSFO_SINGAPORE,2024-12-26 00:00:00,2024-12-26 18:00:00,648.23,USD_PER_MT,2,v1.0,VALID,SYNTHETIC,hash_bnk_001801,True
1802,BUNKER_IFO380_SINGAPORE,2024-12-26 00:00:00,2024-12-26 18:00:00,476.88,USD_PER_MT,2,v1.0,VALID,SYNTHETIC,hash_bnk_001802,True
1803,BUNKER_MGO_SINGAPORE,2024-12-26 00:00:00,2024-12-26 18:00:00,835.26,USD_PER_MT,2,v1.0,VALID,SYNTHETIC,hash_bnk_001803,True
1804,BUNKER_VLSFO_ROTTERDAM,2024-12-26 00:00:00,2024-12-26 18:00:00,616.01,USD_PER_MT,2,v1.0,VALID,SYNTHETIC,hash_bnk_001804,True
1805,BUNKER_VLSFO_PARADIP,2024-12-26 00:00:00,2024-12-26 18:00:00,678.98,USD_PER_MT,2,v1.0,VALID,SYNTHETIC,hash_bnk_001805,True
1806,BUNKER_VLSFO_SINGAPORE,2024-12-27 00:00:00,2024-12-27 18:00:00,645.2,USD_PER_MT,2,v1.0,VALID,SYNTHETIC,hash_bnk_001806,True
1807,BUNKER_IFO380_SINGAPORE,2024-12-27 00:00:00,2024-12-27 18:00:00,478.42,USD_PER_MT,2,v1.0,VALID,SYNTHETIC,hash_bnk_001807,True
1808,BUNKER_MGO_SINGAPORE,2024-12-27 00:00:00,2024-12-27 18:00:00,846.85,USD_PER_MT,2,v1.0,VALID,SYNTHETIC,hash_bnk_001808,True
1809,BUNKER_VLSFO_ROTTERDAM,2024-12-27 00:00:00,2024-12-27 18:00:00,615.51,USD_PER_MT,2,v1.0,VALID,SYNTHETIC,hash_bnk_001809,True
1810,BUNKER_VLSFO_PARADIP,2024-12-27 00:00:00,2024-12-27 18:00:00,685.74,USD_PER_MT,2,v1.0,VALID,SYNTHETIC,hash_bnk_001810,True
1811,BUNKER_VLSFO_SINGAPORE,2024-12-28 00:00:00,2024-12-28 18:00:00,640.67,USD_PER_MT,2,v1.0,VALID,SYNTHETIC,hash_bnk_001811,True
1812,BUNKER_IFO380_SINGAPORE,2024-12-28 00:00:00,2024-12-28 18:00:00,482.46,USD_PER_MT,2,v1.0,VALID,SYNTHETIC,hash_bnk_001812,True
1813,BUNKER_MGO_SINGAPORE,2024-12-28 00:00:00,2024-12-28 18:00:00,837.43,USD_PER_MT,2,v1.0,VALID,SYNTHETIC,hash_bnk_001813,True
1814,BUNKER_VLSFO_ROTTERDAM,2024-12-28 00:00:00,2024-12-28 18:00:00,615.76,USD_PER_MT,2,v1.0,VALID,SYNTHETIC,hash_bnk_001814,True
1815,BUNKER_VLSFO_PARADIP,2024-12-28 00:00:00,2024-12-28 18:00:00,683.41,USD_PER_MT,2,v1.0,VALID,SYNTHETIC,hash_bnk_001815,True
1816,BUNKER_VLSFO_SINGAPORE,2024-12-29 00:00:00,2024-12-29 18:00:00,646.3,USD_PER_MT,2,v1.0,VALID,SYNTHETIC,hash_bnk_001816,True
1817,BUNKER_IFO380_SINGAPORE,2024-12-29 00:00:00,2024-12-29 18:00:00,475.95,USD_PER_MT,2,v1.0,VALID,SYNTHETIC,hash_bnk_001817,True
1818,BUNKER_MGO_SINGAPORE,2024-12-29 00:00:00,2024-12-29 18:00:00,846.36,USD_PER_MT,2,v1.0,VALID,SYNTHETIC,hash_bnk_001818,True
1819,BUNKER_VLSFO_ROTTERDAM,2024-12-29 00:00:00,2024-12-29 18:00:00,615.4,USD_PER_MT,2,v1.0,VALID,SYNTHETIC,hash_bnk_001819,True
1820,BUNKER_VLSFO_PARADIP,2024-12-29 00:00:00,2024-12-29 18:00:00,681.62,USD_PER_MT,2,v1.0,VALID,SYNTHETIC,hash_bnk_001820,True
1821,BUNKER_VLSFO_SINGAPORE,2024-12-30 00:00:00,2024-12-30 18:00:00,654.14,USD_PER_MT,2,v1.0,VALID,SYNTHETIC,hash_bnk_001821,True
1822,BUNKER_IFO380_SINGAPORE,2024-12-30 00:00:00,2024-12-30 18:00:00,483.02,USD_PER_MT,2,v1.0,VALID,SYNTHETIC,hash_bnk_001822,True
1823,BUNKER_MGO_SINGAPORE,2024-12-30 00:00:00,2024-12-30 18:00:00,844.43,USD_PER_MT,2,v1.0,VALID,SYNTHETIC,hash_bnk_001823,True
1824,BUNKER_VLSFO_ROTTERDAM,2024-12-30 00:00:00,2024-12-30 18:00:00,615.49,USD_PER_MT,2,v1.0,VALID,SYNTHETIC,hash_bnk_001824,True
1825,BUNKER_VLSFO_PARADIP,2024-12-30 00:00:00,2024-12-30 18:00:00,688.13,USD_PER_MT,2,v1.0,VALID,SYNTHETIC,hash_bnk_001825,True
1826,BUNKER_VLSFO_SINGAPORE,2024-12-31 00:00:00,2024-12-31 18:00:00,648.3,USD_PER_MT,2,v1.0,VALID,SYNTHETIC,hash_bnk_001826,True
1827,BUNKER_IFO380_SINGAPORE,2024-12-31 00:00:00,2024-12-31 18:00:00,477.62,USD_PER_MT,2,v1.0,VALID,SYNTHETIC,hash_bnk_001827,True
1828,BUNKER_MGO_SINGAPORE,2024-12-31 00:00:00,2024-12-31 18:00:00,842.28,USD_PER_MT,2,v1.0,VALID,SYNTHETIC,hash_bnk_001828,True
1829,BUNKER_VLSFO_ROTTERDAM,2024-12-31 00:00:00,2024-12-31 18:00:00,622.0,USD_PER_MT,2,v1.0,VALID,SYNTHETIC,hash_bnk_001829,True
1830,BUNKER_VLSFO_PARADIP,2024-12-31 00:00:00,2024-12-31 18:00:00,679.3,USD_PER_MT,2,v1.0,VALID,SYNTHETIC,hash_bnk_001830,True
1831,BUNKER_VLSFO_SINGAPORE,2025-01-01 00:00:00,2025-01-01 18:00:00,660.52,USD_PER_MT,2,v1.0,VALID,SYNTHETIC,hash_bnk_001831,True
1832,BUNKER_IFO380_SINGAPORE,2025-01-01 00:00:00,2025-01-01 18:00:00,485.07,USD_PER_MT,2,v1.0,VALID,SYNTHETIC,hash_bnk_001832,True
1833,BUNKER_MGO_SINGAPORE,2025-01-01 00:00:00,2025-01-01 18:00:00,848.35,USD_PER_MT,2,v1.0,VALID,SYNTHETIC,hash_bnk_001833,True
1834,BUNKER_VLSFO_ROTTERDAM,2025-01-01 00:00:00,2025-01-01 18:00:00,619.92,USD_PER_MT,2,v1.0,VALID,SYNTHETIC,hash_bnk_001834,True
1835,BUNKER_VLSFO_PARADIP,2025-01-01 00:00:00,2025-01-01 18:00:00,679.73,USD_PER_MT,2,v1.0,VALID,SYNTHETIC,hash_bnk_001835,True
1836,BUNKER_VLSFO_SINGAPORE,2025-01-02 00:00:00,2025-01-02 18:00:00,656.96,USD_PER_MT,2,v1.0,VALID,SYNTHETIC,hash_bnk_001836,True
1837,BUNKER_IFO380_SINGAPORE,2025-01-02 00:00:00,2025-01-02 18:00:00,485.46,USD_PER_MT,2,v1.0,VALID,SYNTHETIC,hash_bnk_001837,True
1838,BUNKER_MGO_SINGAPORE,2025-01-02 00:00:00,2025-01-02 18:00:00,854.65,USD_PER_MT,2,v1.0,VALID,SYNTHETIC,hash_bnk_001838,True
1839,BUNKER_VLSFO_ROTTERDAM,2025-01-02 00:00:00,2025-01-02 18:00:00,618.03,USD_PER_MT,2,v1.0,VALID,SYNTHETIC,hash_bnk_001839,True
1840,BUNKER_VLSFO_PARADIP,2025-01-02 00:00:00,2025-01-02 18:00:00,687.24,USD_PER_MT,2,v1.0,VALID,SYNTHETIC,hash_bnk_001840,True
1841,BUNKER_VLSFO_SINGAPORE,2025-01-03 00:00:00,2025-01-03 18:00:00,651.72,USD_PER_MT,2,v1.0,VALID,SYNTHETIC,hash_bnk_001841,True
1842,BUNKER_IFO380_SINGAPORE,2025-01-03 00:00:00,2025-01-03 18:00:00,483.71,USD_PER_MT,2,v1.0,VALID,SYNTHETIC,hash_bnk_001842,True
1843,BUNKER_MGO_SINGAPORE,2025-01-03 00:00:00,2025-01-03 18:00:00,849.03,USD_PER_MT,2,v1.0,VALID,SYNTHETIC,hash_bnk_001843,True
1844,BUNKER_VLSFO_ROTTERDAM,2025-01-03 00:00:00,2025-01-03 18:00:00,623.47,USD_PER_MT,2,v1.0,VALID,SYNTHETIC,hash_bnk_001844,True
1845,BUNKER_VLSFO_PARADIP,2025-01-03 00:00:00,2025-01-03 18:00:00,685.55,USD_PER_MT,2,v1.0,VALID,SYNTHETIC,hash_bnk_001845,True
1846,BUNKER_VLSFO_SINGAPORE,2025-01-04 00:00:00,2025-01-04 18:00:00,647.72,USD_PER_MT,2,v1.0,VALID,SYNTHETIC,hash_bnk_001846,True
1847,BUNKER_IFO380_SINGAPORE,2025-01-04 00:00:00,2025-01-04 18:00:00,486.6,USD_PER_MT,2,v1.0,VALID,SYNTHETIC,hash_bnk_001847,True
1848,BUNKER_MGO_SINGAPORE,2025-01-04 00:00:00,2025-01-04 18:00:00,846.83,USD_PER_MT,2,v1.0,VALID,SYNTHETIC,hash_bnk_001848,True
1849,BUNKER_VLSFO_ROTTERDAM,2025-01-04 00:00:00,2025-01-04 18:00:00,625.58,USD_PER_MT,2,v1.0,VALID,SYNTHETIC,hash_bnk_001849,True
1850,BUNKER_VLSFO_PARADIP,2025-01-04 00:00:00,2025-01-04 18:00:00,687.01,USD_PER_MT,2,v1.0,VALID,SYNTHETIC,hash_bnk_001850,True
1851,BUNKER_VLSFO_SINGAPORE,2025-01-05 00:00:00,2025-01-05 18:00:00,654.76,USD_PER_MT,2,v1.0,VALID,SYNTHETIC,hash_bnk_001851,True
1852,BUNKER_IFO380_SINGAPORE,2025-01-05 00:00:00,2025-01-05 18:00:00,484.64,USD_PER_MT,2,v1.0,VALID,SYNTHETIC,hash_bnk_001852,True
1853,BUNKER_MGO_SINGAPORE,2025-01-05 00:00:00,2025-01-05 18:00:00,859.67,USD_PER_MT,2,v1.0,VALID,SYNTHETIC,hash_bnk_001853,True
1854,BUNKER_VLSFO_ROTTERDAM,2025-01-05 00:00:00,2025-01-05 18:00:00,625.51,USD_PER_MT,2,v1.0,VALID,SYNTHETIC,hash_bnk_001854,True
1855,BUNKER_VLSFO_PARADIP,2025-01-05 00:00:00,2025-01-05 18:00:00,687.2,USD_PER_MT,2,v1.0,VALID,SYNTHETIC,hash_bnk_001855,True
1856,BUNKER_VLSFO_SINGAPORE,2025-01-06 00:00:00,2025-01-06 18:00:00,652.79,USD_PER_MT,2,v1.0,VALID,SYNTHETIC,hash_bnk_001856,True
1857,BUNKER_IFO380_SINGAPORE,2025-01-06 00:00:00,2025-01-06 18:00:00,483.94,USD_PER_MT,2,v1.0,VALID,SYNTHETIC,hash_bnk_001857,True
1858,BUNKER_MGO_SINGAPORE,2025-01-06 00:00:00,2025-01-06 18:00:00,854.28,USD_PER_MT,2,v1.0,VALID,SYNTHETIC,hash_bnk_001858,True
1859,BUNKER_VLSFO_ROTTERDAM,2025-01-06 00:00:00,2025-01-06 18:00:00,617.44,USD_PER_MT,2,v1.0,VALID,SYNTHETIC,hash_bnk_001859,True
1860,BUNKER_VLSFO_PARADIP,2025-01-06 00:00:00,2025-01-06 18:00:00,693.66,USD_PER_MT,2,v1.0,VALID,SYNTHETIC,hash_bnk_001860,True
1861,BUNKER_VLSFO_SINGAPORE,2025-01-07 00:00:00,2025-01-07 18:00:00,658.81,USD_PER_MT,2,v1.0,VALID,SYNTHETIC,hash_bnk_001861,True
1862,BUNKER_IFO380_SINGAPORE,2025-01-07 00:00:00,2025-01-07 18:00:00,485.28,USD_PER_MT,2,v1.0,VALID,SYNTHETIC,hash_bnk_001862,True
1863,BUNKER_MGO_SINGAPORE,2025-01-07 00:00:00,2025-01-07 18:00:00,858.07,USD_PER_MT,2,v1.0,VALID,SYNTHETIC,hash_bnk_001863,True
1864,BUNKER_VLSFO_ROTTERDAM,2025-01-07 00:00:00,2025-01-07 18:00:00,630.68,USD_PER_MT,2,v1.0,VALID,SYNTHETIC,hash_bnk_001864,True
1865,BUNKER_VLSFO_PARADIP,2025-01-07 00:00:00,2025-01-07 18:00:00,689.21,USD_PER_MT,2,v1.0,VALID,SYNTHETIC,hash_bnk_001865,True
1866,BUNKER_VLSFO_SINGAPORE,2025-01-08 00:00:00,2025-01-08 18:00:00,658.31,USD_PER_MT,2,v1.0,VALID,SYNTHETIC,hash_bnk_001866,True
1867,BUNKER_IFO380_SINGAPORE,2025-01-08 00:00:00,2025-01-08 18:00:00,489.58,USD_PER_MT,2,v1.0,VALID,SYNTHETIC,hash_bnk_001867,True
1868,BUNKER_MGO_SINGAPORE,2025-01-08 00:00:00,2025-01-08 18:00:00,867.04,USD_PER_MT,2,v1.0,VALID,SYNTHETIC,hash_bnk_001868,True
1869,BUNKER_VLSFO_ROTTERDAM,2025-01-08 00:00:00,2025-01-08 18:00:00,621.73,USD_PER_MT,2,v1.0,VALID,SYNTHETIC,hash_bnk_001869,True
1870,BUNKER_VLSFO_PARADIP,2025-01-08 00:00:00,2025-01-08 18:00:00,694.16,USD_PER_MT,2,v1.0,VALID,SYNTHETIC,hash_bnk_001870,True
1871,BUNKER_VLSFO_SINGAPORE,2025-01-09 00:00:00,2025-01-09 18:00:00,654.09,USD_PER_MT,2,v1.0,VALID,SYNTHETIC,hash_bnk_001871,True
1872,BUNKER_IFO380_SINGAPORE,2025-01-09 00:00:00,2025-01-09 18:00:00,488.64,USD_PER_MT,2,v1.0,VALID,SYNTHETIC,hash_bnk_001872,True
1873,BUNKER_MGO_SINGAPORE,2025-01-09 00:00:00,2025-01-09 18:00:00,857.12,USD_PER_MT,2,v1.0,VALID,SYNTHETIC,hash_bnk_001873,True
1874,BUNKER_VLSFO_ROTTERDAM,2025-01-09 00:00:00,2025-01-09 18:00:00,626.71,USD_PER_MT,2,v1.0,VALID,SYNTHETIC,hash_bnk_001874,True
1875,BUNKER_VLSFO_PARADIP,2025-01-09 00:00:00,2025-01-09 18:00:00,702.66,USD_PER_MT,2,v1.0,VALID,SYNTHETIC,hash_bnk_001875,True
1876,BUNKER_VLSFO_SINGAPORE,2025-01-10 00:00:00,2025-01-10 18:00:00,659.62,USD_PER_MT,2,v1.0,VALID,SYNTHETIC,hash_bnk_001876,True
1877,BUNKER_IFO380_SINGAPORE,2025-01-10 00:00:00,2025-01-10 18:00:00,497.41,USD_PER_MT,2,v1.0,VALID,SYNTHETIC,hash_bnk_001877,True
1878,BUNKER_MGO_SINGAPORE,2025-01-10 00:00:00,2025-01-10 18:00:00,864.38,USD_PER_MT,2,v1.0,VALID,SYNTHETIC,hash_bnk_001878,True
1879,BUNKER_VLSFO_ROTTERDAM,2025-01-10 00:00:00,2025-01-10 18:00:00,633.53,USD_PER_MT,2,v1.0,VALID,SYNTHETIC,hash_bnk_001879,True
1880,BUNKER_VLSFO_PARADIP,2025-01-10 00:00:00,2025-01-10 18:00:00,696.95,USD_PER_MT,2,v1.0,VALID,SYNTHETIC,hash_bnk_001880,True
1881,BUNKER_VLSFO_SINGAPORE,2025-01-11 00:00:00,2025-01-11 18:00:00,654.19,USD_PER_MT,2,v1.0,VALID,SYNTHETIC,hash_bnk_001881,True
1882,BUNKER_IFO380_SINGAPORE,2025-01-11 00:00:00,2025-01-11 18:00:00,489.75,USD_PER_MT,2,v1.0,VALID,SYNTHETIC,hash_bnk_001882,True
1883,BUNKER_MGO_SINGAPORE,2025-01-11 00:00:00,2025-01-11 18:00:00,850.01,USD_PER_MT,2,v1.0,VALID,SYNTHETIC,hash_bnk_001883,True
1884,BUNKER_VLSFO_ROTTERDAM,2025-01-11 00:00:00,2025-01-11 18:00:00,627.5,USD_PER_MT,2,v1.0,VALID,SYNTHETIC,hash_bnk_001884,True
1885,BUNKER_VLSFO_PARADIP,2025-01-11 00:00:00,2025-01-11 18:00:00,696.17,USD_PER_MT,2,v1.0,VALID,SYNTHETIC,hash_bnk_001885,True
1886,BUNKER_VLSFO_SINGAPORE,2025-01-12 00:00:00,2025-01-12 18:00:00,660.36,USD_PER_MT,2,v1.0,VALID,SYNTHETIC,hash_bnk_001886,True
1887,BUNKER_IFO380_SINGAPORE,2025-01-12 00:00:00,2025-01-12 18:00:00,489.01,USD_PER_MT,2,v1.0,VALID,SYNTHETIC,hash_bnk_001887,True
1888,BUNKER_MGO_SINGAPORE,2025-01-12 00:00:00,2025-01-12 18:00:00,867.18,USD_PER_MT,2,v1.0,VALID,SYNTHETIC,hash_bnk_001888,True
1889,BUNKER_VLSFO_ROTTERDAM,2025-01-12 00:00:00,2025-01-12 18:00:00,627.29,USD_PER_MT,2,v1.0,VALID,SYNTHETIC,hash_bnk_001889,True
1890,BUNKER_VLSFO_PARADIP,2025-01-12 00:00:00,2025-01-12 18:00:00,698.71,USD_PER_MT,2,v1.0,VALID,SYNTHETIC,hash_bnk_001890,True
1891,BUNKER_VLSFO_SINGAPORE,2025-01-13 00:00:00,2025-01-13 18:00:00,661.33,USD_PER_MT,2,v1.0,VALID,SYNTHETIC,hash_bnk_001891,True
1892,BUNKER_IFO380_SINGAPORE,2025-01-13 00:00:00,2025-01-13 18:00:00,491.8,USD_PER_MT,2,v1.0,VALID,SYNTHETIC,hash_bnk_001892,True
1893,BUNKER_MGO_SINGAPORE,2025-01-13 00:00:00,2025-01-13 18:00:00,864.01,USD_PER_MT,2,v1.0,VALID,SYNTHETIC,hash_bnk_001893,True
1894,BUNKER_VLSFO_ROTTERDAM,2025-01-13 00:00:00,2025-01-13 18:00:00,634.47,USD_PER_MT,2,v1.0,VALID,SYNTHETIC,hash_bnk_001894,True
1895,BUNKER_VLSFO_PARADIP,2025-01-13 00:00:00,2025-01-13 18:00:00,696.12,USD_PER_MT,2,v1.0,VALID,SYNTHETIC,hash_bnk_001895,True
1896,BUNKER_VLSFO_SINGAPORE,2025-01-14 00:00:00,2025-01-14 18:00:00,663.03,USD_PER_MT,2,v1.0,VALID,SYNTHETIC,hash_bnk_001896,True
1897,BUNKER_IFO380_SINGAPORE,2025-01-14 00:00:00,2025-01-14 18:00:00,490.48,USD_PER_MT,2,v1.0,VALID,SYNTHETIC,hash_bnk_001897,True
1898,BUNKER_MGO_SINGAPORE,2025-01-14 00:00:00,2025-01-14 18:00:00,855.09,USD_PER_MT,2,v1.0,VALID,SYNTHETIC,hash_bnk_001898,True
1899,BUNKER_VLSFO_ROTTERDAM,2025-01-14 00:00:00,2025-01-14 18:00:00,629.54,USD_PER_MT,2,v1.0,VALID,SYNTHETIC,hash_bnk_001899,True
1900,BUNKER_VLSFO_PARADIP,2025-01-14 00:00:00,2025-01-14 18:00:00,704.93,USD_PER_MT,2,v1.0,VALID,SYNTHETIC,hash_bnk_001900,True
1901,BUNKER_VLSFO_SINGAPORE,2025-01-15 00:00:00,2025-01-15 18:00:00,660.54,USD_PER_MT,2,v1.0,VALID,SYNTHETIC,hash_bnk_001901,True
1902,BUNKER_IFO380_SINGAPORE,2025-01-15 00:00:00,2025-01-15 18:00:00,488.55,USD_PER_MT,2,v1.0,VALID,SYNTHETIC,hash_bnk_001902,True
1903,BUNKER_MGO_SINGAPORE,2025-01-15 00:00:00,2025-01-15 18:00:00,864.7,USD_PER_MT,2,v1.0,VALID,SYNTHETIC,hash_bnk_001903,True
1904,BUNKER_VLSFO_ROTTERDAM,2025-01-15 00:00:00,2025-01-15 18:00:00,636.16,USD_PER_MT,2,v1.0,VALID,SYNTHETIC,hash_bnk_001904,True
1905,BUNKER_VLSFO_PARADIP,2025-01-15 00:00:00,2025-01-15 18:00:00,700.78,USD_PER_MT,2,v1.0,VALID,SYNTHETIC,hash_bnk_001905,True
1906,BUNKER_VLSFO_SINGAPORE,2025-01-16 00:00:00,2025-01-16 18:00:00,662.41,USD_PER_MT,2,v1.0,VALID,SYNTHETIC,hash_bnk_001906,True
1907,BUNKER_IFO380_SINGAPORE,2025-01-16 00:00:00,2025-01-16 18:00:00,489.22,USD_PER_MT,2,v1.0,VALID,SYNTHETIC,hash_bnk_001907,True
1908,BUNKER_MGO_SINGAPORE,2025-01-16 00:00:00,2025-01-16 18:00:00,860.99,USD_PER_MT,2,v1.0,VALID,SYNTHETIC,hash_bnk_001908,True
1909,BUNKER_VLSFO_ROTTERDAM,2025-01-16 00:00:00,2025-01-16 18:00:00,635.38,USD_PER_MT,2,v1.0,VALID,SYNTHETIC,hash_bnk_001909,True
1910,BUNKER_VLSFO_PARADIP,2025-01-16 00:00:00,2025-01-16 18:00:00,701.7,USD_PER_MT,2,v1.0,VALID,SYNTHETIC,hash_bnk_001910,True
1911,BUNKER_VLSFO_SINGAPORE,2025-01-17 00:00:00,2025-01-17 18:00:00,662.82,USD_PER_MT,2,v1.0,VALID,SYNTHETIC,hash_bnk_001911,True
1912,BUNKER_IFO380_SINGAPORE,2025-01-17 00:00:00,2025-01-17 18:00:00,496.16,USD_PER_MT,2,v1.0,VALID,SYNTHETIC,hash_bnk_001912,True
1913,BUNKER_MGO_SINGAPORE,2025-01-17 00:00:00,2025-01-17 18:00:00,868.13,USD_PER_MT,2,v1.0,VALID,SYNTHETIC,hash_bnk_001913,True
1914,BUNKER_VLSFO_ROTTERDAM,2025-01-17 00:00:00,2025-01-17 18:00:00,628.33,USD_PER_MT,2,v1.0,VALID,SYNTHETIC,hash_bnk_001914,True
1915,BUNKER_VLSFO_PARADIP,2025-01-17 00:00:00,2025-01-17 18:00:00,700.07,USD_PER_MT,2,v1.0,VALID,SYNTHETIC,hash_bnk_001915,True
1916,BUNKER_VLSFO_SINGAPORE,2025-01-18 00:00:00,2025-01-18 18:00:00,667.85,USD_PER_MT,2,v1.0,VALID,SYNTHETIC,hash_bnk_001916,True
1917,BUNKER_IFO380_SINGAPORE,2025-01-18 00:00:00,2025-01-18 18:00:00,483.88,USD_PER_MT,2,v1.0,VALID,SYNTHETIC,hash_bnk_001917,True
1918,BUNKER_MGO_SINGAPORE,2025-01-18 00:00:00,2025-01-18 18:00:00,867.58,USD_PER_MT,2,v1.0,VALID,SYNTHETIC,hash_bnk_001918,True
1919,BUNKER_VLSFO_ROTTERDAM,2025-01-18 00:00:00,2025-01-18 18:00:00,631.58,USD_PER_MT,2,v1.0,VALID,SYNTHETIC,hash_bnk_001919,True
1920,BUNKER_VLSFO_PARADIP,2025-01-18 00:00:00,2025-01-18 18:00:00,699.5,USD_PER_MT,2,v1.0,VALID,SYNTHETIC,hash_bnk_001920,True
1921,BUNKER_VLSFO_SINGAPORE,2025-01-19 00:00:00,2025-01-19 18:00:00,664.22,USD_PER_MT,2,v1.0,VALID,SYNTHETIC,hash_bnk_001921,True
1922,BUNKER_IFO380_SINGAPORE,2025-01-19 00:00:00,2025-01-19 18:00:00,494.03,USD_PER_MT,2,v1.0,VALID,SYNTHETIC,hash_bnk_001922,True
1923,BUNKER_MGO_SINGAPORE,2025-01-19 00:00:00,2025-01-19 18:00:00,868.03,USD_PER_MT,2,v1.0,VALID,SYNTHETIC,hash_bnk_001923,True
1924,BUNKER_VLSFO_ROTTERDAM,2025-01-19 00:00:00,2025-01-19 18:00:00,637.24,USD_PER_MT,2,v1.0,VALID,SYNTHETIC,hash_bnk_001924,True
1925,BUNKER_VLSFO_PARADIP,2025-01-19 00:00:00,2025-01-19 18:00:00,708.0,USD_PER_MT,2,v1.0,VALID,SYNTHETIC,hash_bnk_001925,True
1926,BUNKER_VLSFO_SINGAPORE,2025-01-20 00:00:00,2025-01-20 18:00:00,668.53,USD_PER_MT,2,v1.0,VALID,SYNTHETIC,hash_bnk_001926,True
1927,BUNKER_IFO380_SINGAPORE,2025-01-20 00:00:00,2025-01-20 18:00:00,491.42,USD_PER_MT,2,v1.0,VALID,SYNTHETIC,hash_bnk_001927,True
1928,BUNKER_MGO_SINGAPORE,2025-01-20 00:00:00,2025-01-20 18:00:00,873.99,USD_PER_MT,2,v1.0,VALID,SYNTHETIC,hash_bnk_001928,True
1929,BUNKER_VLSFO_ROTTERDAM,2025-01-20 00:00:00,2025-01-20 18:00:00,632.79,USD_PER_MT,2,v1.0,VALID,SYNTHETIC,hash_bnk_001929,True
1930,BUNKER_VLSFO_PARADIP,2025-01-20 00:00:00,2025-01-20 18:00:00,699.3,USD_PER_MT,2,v1.0,VALID,SYNTHETIC,hash_bnk_001930,True
1931,BUNKER_VLSFO_SINGAPORE,2025-01-21 00:00:00,2025-01-21 18:00:00,665.24,USD_PER_MT,2,v1.0,VALID,SYNTHETIC,hash_bnk_001931,True
1932,BUNKER_IFO380_SINGAPORE,2025-01-21 00:00:00,2025-01-21 18:00:00,493.63,USD_PER_MT,2,v1.0,VALID,SYNTHETIC,hash_bnk_001932,True
1933,BUNKER_MGO_SINGAPORE,2025-01-21 00:00:00,2025-01-21 18:00:00,871.06,USD_PER_MT,2,v1.0,VALID,SYNTHETIC,hash_bnk_001933,True
1934,BUNKER_VLSFO_ROTTERDAM,2025-01-21 00:00:00,2025-01-21 18:00:00,631.7,USD_PER_MT,2,v1.0,VALID,SYNTHETIC,hash_bnk_001934,True
1935,BUNKER_VLSFO_PARADIP,2025-01-21 00:00:00,2025-01-21 18:00:00,703.14,USD_PER_MT,2,v1.0,VALID,SYNTHETIC,hash_bnk_001935,True
1936,BUNKER_VLSFO_SINGAPORE,2025-01-22 00:00:00,2025-01-22 18:00:00,668.35,USD_PER_MT,2,v1.0,VALID,SYNTHETIC,hash_bnk_001936,True
1937,BUNKER_IFO380_SINGAPORE,2025-01-22 00:00:00,2025-01-22 18:00:00,494.53,USD_PER_MT,2,v1.0,VALID,SYNTHETIC,hash_bnk_001937,True
1938,BUNKER_MGO_SINGAPORE,2025-01-22 00:00:00,2025-01-22 18:00:00,877.52,USD_PER_MT,2,v1.0,VALID,SYNTHETIC,hash_bnk_001938,True
1939,BUNKER_VLSFO_ROTTERDAM,2025-01-22 00:00:00,2025-01-22 18:00:00,635.61,USD_PER_MT,2,v1.0,VALID,SYNTHETIC,hash_bnk_001939,True
1940,BUNKER_VLSFO_PARADIP,2025-01-22 00:00:00,2025-01-22 18:00:00,709.93,USD_PER_MT,2,v1.0,VALID,SYNTHETIC,hash_bnk_001940,True
1941,BUNKER_VLSFO_SINGAPORE,2025-01-23 00:00:00,2025-01-23 18:00:00,666.11,USD_PER_MT,2,v1.0,VALID,SYNTHETIC,hash_bnk_001941,True
1942,BUNKER_IFO380_SINGAPORE,2025-01-23 00:00:00,2025-01-23 18:00:00,495.95,USD_PER_MT,2,v1.0,VALID,SYNTHETIC,hash_bnk_001942,True
1943,BUNKER_MGO_SINGAPORE,2025-01-23 00:00:00,2025-01-23 18:00:00,876.04,USD_PER_MT,2,v1.0,VALID,SYNTHETIC,hash_bnk_001943,True
1944,BUNKER_VLSFO_ROTTERDAM,2025-01-23 00:00:00,2025-01-23 18:00:00,634.33,USD_PER_MT,2,v1.0,VALID,SYNTHETIC,hash_bnk_001944,True
1945,BUNKER_VLSFO_PARADIP,2025-01-23 00:00:00,2025-01-23 18:00:00,703.75,USD_PER_MT,2,v1.0,VALID,SYNTHETIC,hash_bnk_001945,True
1946,BUNKER_VLSFO_SINGAPORE,2025-01-24 00:00:00,2025-01-24 18:00:00,665.31,USD_PER_MT,2,v1.0,VALID,SYNTHETIC,hash_bnk_001946,True
1947,BUNKER_IFO380_SINGAPORE,2025-01-24 00:00:00,2025-01-24 18:00:00,485.41,USD_PER_MT,2,v1.0,VALID,SYNTHETIC,hash_bnk_001947,True
1948,BUNKER_MGO_SINGAPORE,2025-01-24 00:00:00,2025-01-24 18:00:00,881.46,USD_PER_MT,2,v1.0,VALID,SYNTHETIC,hash_bnk_001948,True
1949,BUNKER_VLSFO_ROTTERDAM,2025-01-24 00:00:00,2025-01-24 18:00:00,639.35,USD_PER_MT,2,v1.0,VALID,SYNTHETIC,hash_bnk_001949,True
1950,BUNKER_VLSFO_PARADIP,2025-01-24 00:00:00,2025-01-24 18:00:00,703.2,USD_PER_MT,2,v1.0,VALID,SYNTHETIC,hash_bnk_001950,True
1951,BUNKER_VLSFO_SINGAPORE,2025-01-25 00:00:00,2025-01-25 18:00:00,671.4,USD_PER_MT,2,v1.0,VALID,SYNTHETIC,hash_bnk_001951,True
1952,BUNKER_IFO380_SINGAPORE,2025-01-25 00:00:00,2025-01-25 18:00:00,500.83,USD_PER_MT,2,v1.0,VALID,SYNTHETIC,hash_bnk_001952,True
1953,BUNKER_MGO_SINGAPORE,2025-01-25 00:00:00,2025-01-25 18:00:00,876.14,USD_PER_MT,2,v1.0,VALID,SYNTHETIC,hash_bnk_001953,True
1954,BUNKER_VLSFO_ROTTERDAM,2025-01-25 00:00:00,2025-01-25 18:00:00,631.88,USD_PER_MT,2,v1.0,VALID,SYNTHETIC,hash_bnk_001954,True
1955,BUNKER_VLSFO_PARADIP,2025-01-25 00:00:00,2025-01-25 18:00:00,709.24,USD_PER_MT,2,v1.0,VALID,SYNTHETIC,hash_bnk_001955,True
1956,BUNKER_VLSFO_SINGAPORE,2025-01-26 00:00:00,2025-01-26 18:00:00,668.53,USD_PER_MT,2,v1.0,VALID,SYNTHETIC,hash_bnk_001956,True
1957,BUNKER_IFO380_SINGAPORE,2025-01-26 00:00:00,2025-01-26 18:00:00,494.63,USD_PER_MT,2,v1.0,VALID,SYNTHETIC,hash_bnk_001957,True
1958,BUNKER_MGO_SINGAPORE,2025-01-26 00:00:00,2025-01-26 18:00:00,871.59,USD_PER_MT,2,v1.0,VALID,SYNTHETIC,hash_bnk_001958,True
1959,BUNKER_VLSFO_ROTTERDAM,2025-01-26 00:00:00,2025-01-26 18:00:00,636.78,USD_PER_MT,2,v1.0,VALID,SYNTHETIC,hash_bnk_001959,True
1960,BUNKER_VLSFO_PARADIP,2025-01-26 00:00:00,2025-01-26 18:00:00,713.0,USD_PER_MT,2,v1.0,VALID,SYNTHETIC,hash_bnk_001960,True
1961,BUNKER_VLSFO_SINGAPORE,2025-01-27 00:00:00,2025-01-27 18:00:00,670.81,USD_PER_MT,2,v1.0,VALID,SYNTHETIC,hash_bnk_001961,True
1962,BUNKER_IFO380_SINGAPORE,2025-01-27 00:00:00,2025-01-27 18:00:00,498.65,USD_PER_MT,2,v1.0,VALID,SYNTHETIC,hash_bnk_001962,True
1963,BUNKER_MGO_SINGAPORE,2025-01-27 00:00:00,2025-01-27 18:00:00,874.87,USD_PER_MT,2,v1.0,VALID,SYNTHETIC,hash_bnk_001963,True
1964,BUNKER_VLSFO_ROTTERDAM,2025-01-27 00:00:00,2025-01-27 18:00:00,645.31,USD_PER_MT,2,v1.0,VALID,SYNTHETIC,hash_bnk_001964,True
1965,BUNKER_VLSFO_PARADIP,2025-01-27 00:00:00,2025-01-27 18:00:00,705.29,USD_PER_MT,2,v1.0,VALID,SYNTHETIC,hash_bnk_001965,True
1966,BUNKER_VLSFO_SINGAPORE,2025-01-28 00:00:00,2025-01-28 18:00:00,665.68,USD_PER_MT,2,v1.0,VALID,SYNTHETIC,hash_bnk_001966,True
1967,BUNKER_IFO380_SINGAPORE,2025-01-28 00:00:00,2025-01-28 18:00:00,492.67,USD_PER_MT,2,v1.0,VALID,SYNTHETIC,hash_bnk_001967,True
1968,BUNKER_MGO_SINGAPORE,2025-01-28 00:00:00,2025-01-28 18:00:00,874.97,USD_PER_MT,2,v1.0,VALID,SYNTHETIC,hash_bnk_001968,True
1969,BUNKER_VLSFO_ROTTERDAM,2025-01-28 00:00:00,2025-01-28 18:00:00,644.94,USD_PER_MT,2,v1.0,VALID,SYNTHETIC,hash_bnk_001969,True
1970,BUNKER_VLSFO_PARADIP,2025-01-28 00:00:00,2025-01-28 18:00:00,713.99,USD_PER_MT,2,v1.0,VALID,SYNTHETIC,hash_bnk_001970,True
1971,BUNKER_VLSFO_SINGAPORE,2025-01-29 00:00:00,2025-01-29 18:00:00,666.4,USD_PER_MT,2,v1.0,VALID,SYNTHETIC,hash_bnk_001971,True
1972,BUNKER_IFO380_SINGAPORE,2025-01-29 00:00:00,2025-01-29 18:00:00,493.51,USD_PER_MT,2,v1.0,VALID,SYNTHETIC,hash_bnk_001972,True
1973,BUNKER_MGO_SINGAPORE,2025-01-29 00:00:00,2025-01-29 18:00:00,870.05,USD_PER_MT,2,v1.0,VALID,SYNTHETIC,hash_bnk_001973,True
1974,BUNKER_VLSFO_ROTTERDAM,2025-01-29 00:00:00,2025-01-29 18:00:00,640.98,USD_PER_MT,2,v1.0,VALID,SYNTHETIC,hash_bnk_001974,True
1975,BUNKER_VLSFO_PARADIP,2025-01-29 00:00:00,2025-01-29 18:00:00,711.19,USD_PER_MT,2,v1.0,VALID,SYNTHETIC,hash_bnk_001975,True
1976,BUNKER_VLSFO_SINGAPORE,2025-01-30 00:00:00,2025-01-30 18:00:00,671.65,USD_PER_MT,2,v1.0,VALID,SYNTHETIC,hash_bnk_001976,True
1977,BUNKER_IFO380_SINGAPORE,2025-01-30 00:00:00,2025-01-30 18:00:00,497.5,USD_PER_MT,2,v1.0,VALID,SYNTHETIC,hash_bnk_001977,True
1978,BUNKER_MGO_SINGAPORE,2025-01-30 00:00:00,2025-01-30 18:00:00,878.88,USD_PER_MT,2,v1.0,VALID,SYNTHETIC,hash_bnk_001978,True
1979,BUNKER_VLSFO_ROTTERDAM,2025-01-30 00:00:00,2025-01-30 18:00:00,631.92,USD_PER_MT,2,v1.0,VALID,SYNTHETIC,hash_bnk_001979,True
1980,BUNKER_VLSFO_PARADIP,2025-01-30 00:00:00,2025-01-30 18:00:00,711.77,USD_PER_MT,2,v1.0,VALID,SYNTHETIC,hash_bnk_001980,True
1981,BUNKER_VLSFO_SINGAPORE,2025-01-31 00:00:00,2025-01-31 18:00:00,673.64,USD_PER_MT,2,v1.0,VALID,SYNTHETIC,hash_bnk_001981,True
1982,BUNKER_IFO380_SINGAPORE,2025-01-31 00:00:00,2025-01-31 18:00:00,505.48,USD_PER_MT,2,v1.0,VALID,SYNTHETIC,hash_bnk_001982,True
1983,BUNKER_MGO_SINGAPORE,2025-01-31 00:00:00,2025-01-31 18:00:00,881.48,USD_PER_MT,2,v1.0,VALID,SYNTHETIC,hash_bnk_001983,True
1984,BUNKER_VLSFO_ROTTERDAM,2025-01-31 00:00:00,2025-01-31 18:00:00,640.5,USD_PER_MT,2,v1.0,VALID,SYNTHETIC,hash_bnk_001984,True
1985,BUNKER_VLSFO_PARADIP,2025-01-31 00:00:00,2025-01-31 18:00:00,709.63,USD_PER_MT,2,v1.0,VALID,SYNTHETIC,hash_bnk_001985,True
1986,BUNKER_VLSFO_SINGAPORE,2025-02-01 00:00:00,2025-02-01 18:00:00,668.77,USD_PER_MT,2,v1.0,VALID,SYNTHETIC,hash_bnk_001986,True
1987,BUNKER_IFO380_SINGAPORE,2025-02-01 00:00:00,2025-02-01 18:00:00,501.01,USD_PER_MT,2,v1.0,VALID,SYNTHETIC,hash_bnk_001987,True
1988,BUNKER_MGO_SINGAPORE,2025-02-01 00:00:00,2025-02-01 18:00:00,869.36,USD_PER_MT,2,v1.0,VALID,SYNTHETIC,hash_bnk_001988,True
1989,BUNKER_VLSFO_ROTTERDAM,2025-02-01 00:00:00,2025-02-01 18:00:00,634.74,USD_PER_MT,2,v1.0,VALID,SYNTHETIC,hash_bnk_001989,True
1990,BUNKER_VLSFO_PARADIP,2025-02-01 00:00:00,2025-02-01 18:00:00,705.2,USD_PER_MT,2,v1.0,VALID,SYNTHETIC,hash_bnk_001990,True
1991,BUNKER_VLSFO_SINGAPORE,2025-02-02 00:00:00,2025-02-02 18:00:00,670.93,USD_PER_MT,2,v1.0,VALID,SYNTHETIC,hash_bnk_001991,True
1992,BUNKER_IFO380_SINGAPORE,2025-02-02 00:00:00,2025-02-02 18:00:00,499.91,USD_PER_MT,2,v1.0,VALID,SYNTHETIC,hash_bnk_001992,True
1993,BUNKER_MGO_SINGAPORE,2025-02-02 00:00:00,2025-02-02 18:00:00,882.35,USD_PER_MT,2,v1.0,VALID,SYNTHETIC,hash_bnk_001993,True
1994,BUNKER_VLSFO_ROTTERDAM,2025-02-02 00:00:00,2025-02-02 18:00:00,646.24,USD_PER_MT,2,v1.0,VALID,SYNTHETIC,hash_bnk_001994,True
1995,BUNKER_VLSFO_PARADIP,2025-02-02 00:00:00,2025-02-02 18:00:00,710.22,USD_PER_MT,2,v1.0,VALID,SYNTHETIC,hash_bnk_001995,True
1996,BUNKER_VLSFO_SINGAPORE,2025-02-03 00:00:00,2025-02-03 18:00:00,675.73,USD_PER_MT,2,v1.0,VALID,SYNTHETIC,hash_bnk_001996,True
1997,BUNKER_IFO380_SINGAPORE,2025-02-03 00:00:00,2025-02-03 18:00:00,504.19,USD_PER_MT,2,v1.0,VALID,SYNTHETIC,hash_bnk_001997,True
1998,BUNKER_MGO_SINGAPORE,2025-02-03 00:00:00,2025-02-03 18:00:00,882.25,USD_PER_MT,2,v1.0,VALID,SYNTHETIC,hash_bnk_001998,True
1999,BUNKER_VLSFO_ROTTERDAM,2025-02-03 00:00:00,2025-02-03 18:00:00,637.84,USD_PER_MT,2,v1.0,VALID,SYNTHETIC,hash_bnk_001999,True
2000,BUNKER_VLSFO_PARADIP,2025-02-03 00:00:00,2025-02-03 18:00:00,706.11,USD_PER_MT,2,v1.0,VALID,SYNTHETIC,hash_bnk_002000,True
2001,BUNKER_VLSFO_SINGAPORE,2025-02-04 00:00:00,2025-02-04 18:00:00,678.34,USD_PER_MT,2,v1.0,VALID,SYNTHETIC,hash_bnk_002001,True
2002,BUNKER_IFO380_SINGAPORE,2025-02-04 00:00:00,2025-02-04 18:00:00,500.25,USD_PER_MT,2,v1.0,VALID,SYNTHETIC,hash_bnk_002002,True
2003,BUNKER_MGO_SINGAPORE,2025-02-04 00:00:00,2025-02-04 18:00:00,882.43,USD_PER_MT,2,v1.0,VALID,SYNTHETIC,hash_bnk_002003,True
2004,BUNKER_VLSFO_ROTTERDAM,2025-02-04 00:00:00,2025-02-04 18:00:00,643.88,USD_PER_MT,2,v1.0,VALID,SYNTHETIC,hash_bnk_002004,True
2005,BUNKER_VLSFO_PARADIP,2025-02-04 00:00:00,2025-02-04 18:00:00,717.99,USD_PER_MT,2,v1.0,VALID,SYNTHETIC,hash_bnk_002005,True
2006,BUNKER_VLSFO_SINGAPORE,2025-02-05 00:00:00,2025-02-05 18:00:00,672.65,USD_PER_MT,2,v1.0,VALID,SYNTHETIC,hash_bnk_002006,True
2007,BUNKER_IFO380_SINGAPORE,2025-02-05 00:00:00,2025-02-05 18:00:00,494.66,USD_PER_MT,2,v1.0,VALID,SYNTHETIC,hash_bnk_002007,True
2008,BUNKER_MGO_SINGAPORE,2025-02-05 00:00:00,2025-02-05 18:00:00,875.42,USD_PER_MT,2,v1.0,VALID,SYNTHETIC,hash_bnk_002008,True
2009,BUNKER_VLSFO_ROTTERDAM,2025-02-05 00:00:00,2025-02-05 18:00:00,644.13,USD_PER_MT,2,v1.0,VALID,SYNTHETIC,hash_bnk_002009,True
2010,BUNKER_VLSFO_PARADIP,2025-02-05 00:00:00,2025-02-05 18:00:00,711.96,USD_PER_MT,2,v1.0,VALID,SYNTHETIC,hash_bnk_002010,True
2011,BUNKER_VLSFO_SINGAPORE,2025-02-06 00:00:00,2025-02-06 18:00:00,682.33,USD_PER_MT,2,v1.0,VALID,SYNTHETIC,hash_bnk_002011,True
2012,BUNKER_IFO380_SINGAPORE,2025-02-06 00:00:00,2025-02-06 18:00:00,500.38,USD_PER_MT,2,v1.0,VALID,SYNTHETIC,hash_bnk_002012,True
2013,BUNKER_MGO_SINGAPORE,2025-02-06 00:00:00,2025-02-06 18:00:00,876.29,USD_PER_MT,2,v1.0,VALID,SYNTHETIC,hash_bnk_002013,True
2014,BUNKER_VLSFO_ROTTERDAM,2025-02-06 00:00:00,2025-02-06 18:00:00,644.17,USD_PER_MT,2,v1.0,VALID,SYNTHETIC,hash_bnk_002014,True
2015,BUNKER_VLSFO_PARADIP,2025-02-06 00:00:00,2025-02-06 18:00:00,722.0,USD_PER_MT,2,v1.0,VALID,SYNTHETIC,hash_bnk_002015,True
2016,BUNKER_VLSFO_SINGAPORE,2025-02-07 00:00:00,2025-02-07 18:00:00,675.68,USD_PER_MT,2,v1.0,VALID,SYNTHETIC,hash_bnk_002016,True
2017,BUNKER_IFO380_SINGAPORE,2025-02-07 00:00:00,2025-02-07 18:00:00,498.4,USD_PER_MT,2,v1.0,VALID,SYNTHETIC,hash_bnk_002017,True
2018,BUNKER_MGO_SINGAPORE,2025-02-07 00:00:00,2025-02-07 18:00:00,891.36,USD_PER_MT,2,v1.0,VALID,SYNTHETIC,hash_bnk_002018,True
2019,BUNKER_VLSFO_ROTTERDAM,2025-02-07 00:00:00,2025-02-07 18:00:00,647.37,USD_PER_MT,2,v1.0,VALID,SYNTHETIC,hash_bnk_002019,True
2020,BUNKER_VLSFO_PARADIP,2025-02-07 00:00:00,2025-02-07 18:00:00,719.27,USD_PER_MT,2,v1.0,VALID,SYNTHETIC,hash_bnk_002020,True
2021,BUNKER_VLSFO_SINGAPORE,2025-02-08 00:00:00,2025-02-08 18:00:00,684.77,USD_PER_MT,2,v1.0,VALID,SYNTHETIC,hash_bnk_002021,True
2022,BUNKER_IFO380_SINGAPORE,2025-02-08 00:00:00,2025-02-08 18:00:00,499.6,USD_PER_MT,2,v1.0,VALID,SYNTHETIC,hash_bnk_002022,True
2023,BUNKER_MGO_SINGAPORE,2025-02-08 00:00:00,2025-02-08 18:00:00,877.32,USD_PER_MT,2,v1.0,VALID,SYNTHETIC,hash_bnk_002023,True
2024,BUNKER_VLSFO_ROTTERDAM,2025-02-08 00:00:00,2025-02-08 18:00:00,647.03,USD_PER_MT,2,v1.0,VALID,SYNTHETIC,hash_bnk_002024,True
2025,BUNKER_VLSFO_PARADIP,2025-02-08 00:00:00,2025-02-08 18:00:00,720.58,USD_PER_MT,2,v1.0,VALID,SYNTHETIC,hash_bnk_002025,True
2026,BUNKER_VLSFO_SINGAPORE,2025-02-09 00:00:00,2025-02-09 18:00:00,681.46,USD_PER_MT,2,v1.0,VALID,SYNTHETIC,hash_bnk_002026,True
2027,BUNKER_IFO380_SINGAPORE,2025-02-09 00:00:00,2025-02-09 18:00:00,505.83,USD_PER_MT,2,v1.0,VALID,SYNTHETIC,hash_bnk_002027,True
2028,BUNKER_MGO_SINGAPORE,2025-02-09 00:00:00,2025-02-09 18:00:00,887.46,USD_PER_MT,2,v1.0,VALID,SYNTHETIC,hash_bnk_002028,True
2029,BUNKER_VLSFO_ROTTERDAM,2025-02-09 00:00:00,2025-02-09 18:00:00,647.65,USD_PER_MT,2,v1.0,VALID,SYNTHETIC,hash_bnk_002029,True
2030,BUNKER_VLSFO_PARADIP,2025-02-09 00:00:00,2025-02-09 18:00:00,720.92,USD_PER_MT,2,v1.0,VALID,SYNTHETIC,hash_bnk_002030,True
2031,BUNKER_VLSFO_SINGAPORE,2025-02-10 00:00:00,2025-02-10 18:00:00,674.32,USD_PER_MT,2,v1.0,VALID,SYNTHETIC,hash_bnk_002031,True
2032,BUNKER_IFO380_SINGAPORE,2025-02-10 00:00:00,2025-02-10 18:00:00,506.47,USD_PER_MT,2,v1.0,VALID,SYNTHETIC,hash_bnk_002032,True
2033,BUNKER_MGO_SINGAPORE,2025-02-10 00:00:00,2025-02-10 18:00:00,888.77,USD_PER_MT,2,v1.0,VALID,SYNTHETIC,hash_bnk_002033,True
2034,BUNKER_VLSFO_ROTTERDAM,2025-02-10 00:00:00,2025-02-10 18:00:00,640.23,USD_PER_MT,2,v1.0,VALID,SYNTHETIC,hash_bnk_002034,True
2035,BUNKER_VLSFO_PARADIP,2025-02-10 00:00:00,2025-02-10 18:00:00,717.27,USD_PER_MT,2,v1.0,VALID,SYNTHETIC,hash_bnk_002035,True
2036,BUNKER_VLSFO_SINGAPORE,2025-02-11 00:00:00,2025-02-11 18:00:00,682.01,USD_PER_MT,2,v1.0,VALID,SYNTHETIC,hash_bnk_002036,True
2037,BUNKER_IFO380_SINGAPORE,2025-02-11 00:00:00,2025-02-11 18:00:00,505.77,USD_PER_MT,2,v1.0,VALID,SYNTHETIC,hash_bnk_002037,True
2038,BUNKER_MGO_SINGAPORE,2025-02-11 00:00:00,2025-02-11 18:00:00,880.81,USD_PER_MT,2,v1.0,VALID,SYNTHETIC,hash_bnk_002038,True
2039,BUNKER_VLSFO_ROTTERDAM,2025-02-11 00:00:00,2025-02-11 18:00:00,638.04,USD_PER_MT,2,v1.0,VALID,SYNTHETIC,hash_bnk_002039,True
2040,BUNKER_VLSFO_PARADIP,2025-02-11 00:00:00,2025-02-11 18:00:00,717.21,USD_PER_MT,2,v1.0,VALID,SYNTHETIC,hash_bnk_002040,True
2041,BUNKER_VLSFO_SINGAPORE,2025-02-12 00:00:00,2025-02-12 18:00:00,683.55,USD_PER_MT,2,v1.0,VALID,SYNTHETIC,hash_bnk_002041,True
2042,BUNKER_IFO380_SINGAPORE,2025-02-12 00:00:00,2025-02-12 18:00:00,505.95,USD_PER_MT,2,v1.0,VALID,SYNTHETIC,hash_bnk_002042,True
2043,BUNKER_MGO_SINGAPORE,2025-02-12 00:00:00,2025-02-12 18:00:00,888.91,USD_PER_MT,2,v1.0,VALID,SYNTHETIC,hash_bnk_002043,True
2044,BUNKER_VLSFO_ROTTERDAM,2025-02-12 00:00:00,2025-02-12 18:00:00,643.34,USD_PER_MT,2,v1.0,VALID,SYNTHETIC,hash_bnk_002044,True
2045,BUNKER_VLSFO_PARADIP,2025-02-12 00:00:00,2025-02-12 18:00:00,719.53,USD_PER_MT,2,v1.0,VALID,SYNTHETIC,hash_bnk_002045,True
2046,BUNKER_VLSFO_SINGAPORE,2025-02-13 00:00:00,2025-02-13 18:00:00,682.92,USD_PER_MT,2,v1.0,VALID,SYNTHETIC,hash_bnk_002046,True
2047,BUNKER_IFO380_SINGAPORE,2025-02-13 00:00:00,2025-02-13 18:00:00,497.23,USD_PER_MT,2,v1.0,VALID,SYNTHETIC,hash_bnk_002047,True
2048,BUNKER_MGO_SINGAPORE,2025-02-13 00:00:00,2025-02-13 18:00:00,893.07,USD_PER_MT,2,v1.0,VALID,SYNTHETIC,hash_bnk_002048,True
2049,BUNKER_VLSFO_ROTTERDAM,2025-02-13 00:00:00,2025-02-13 18:00:00,646.2,USD_PER_MT,2,v1.0,VALID,SYNTHETIC,hash_bnk_002049,True
2050,BUNKER_VLSFO_PARADIP,2025-02-13 00:00:00,2025-02-13 18:00:00,715.66,USD_PER_MT,2,v1.0,VALID,SYNTHETIC,hash_bnk_002050,True
2051,BUNKER_VLSFO_SINGAPORE,2025-02-14 00:00:00,2025-02-14 18:00:00,683.72,USD_PER_MT,2,v1.0,VALID,SYNTHETIC,hash_bnk_002051,True
2052,BUNKER_IFO380_SINGAPORE,2025-02-14 00:00:00,2025-02-14 18:00:00,504.19,USD_PER_MT,2,v1.0,VALID,SYNTHETIC,hash_bnk_002052,True
2053,BUNKER_MGO_SINGAPORE,2025-02-14 00:00:00,2025-02-14 18:00:00,897.32,USD_PER_MT,2,v1.0,VALID,SYNTHETIC,hash_bnk_002053,True
2054,BUNKER_VLSFO_ROTTERDAM,2025-02-14 00:00:00,2025-02-14 18:00:00,642.64,USD_PER_MT,2,v1.0,VALID,SYNTHETIC,hash_bnk_002054,True
2055,BUNKER_VLSFO_PARADIP,2025-02-14 00:00:00,2025-02-14 18:00:00,723.65,USD_PER_MT,2,v1.0,VALID,SYNTHETIC,hash_bnk_002055,True
2056,BUNKER_VLSFO_SINGAPORE,2025-02-15 00:00:00,2025-02-15 18:00:00,681.9,USD_PER_MT,2,v1.0,VALID,SYNTHETIC,hash_bnk_002056,True
2057,BUNKER_IFO380_SINGAPORE,2025-02-15 00:00:00,2025-02-15 18:00:00,503.88,USD_PER_MT,2,v1.0,VALID,SYNTHETIC,hash_bnk_002057,True
2058,BUNKER_MGO_SINGAPORE,2025-02-15 00:00:00,2025-02-15 18:00:00,893.96,USD_PER_MT,2,v1.0,VALID,SYNTHETIC,hash_bnk_002058,True
2059,BUNKER_VLSFO_ROTTERDAM,2025-02-15 00:00:00,2025-02-15 18:00:00,648.13,USD_PER_MT,2,v1.0,VALID,SYNTHETIC,hash_bnk_002059,True
2060,BUNKER_VLSFO_PARADIP,2025-02-15 00:00:00,2025-02-15 18:00:00,720.67,USD_PER_MT,2,v1.0,VALID,SYNTHETIC,hash_bnk_002060,True
2061,BUNKER_VLSFO_SINGAPORE,2025-02-16 00:00:00,2025-02-16 18:00:00,682.41,USD_PER_MT,2,v1.0,VALID,SYNTHETIC,hash_bnk_002061,True
2062,BUNKER_IFO380_SINGAPORE,2025-02-16 00:00:00,2025-02-16 18:00:00,501.69,USD_PER_MT,2,v1.0,VALID,SYNTHETIC,hash_bnk_002062,True
2063,BUNKER_MGO_SINGAPORE,2025-02-16 00:00:00,2025-02-16 18:00:00,890.89,USD_PER_MT,2,v1.0,VALID,SYNTHETIC,hash_bnk_002063,True
2064,BUNKER_VLSFO_ROTTERDAM,2025-02-16 00:00:00,2025-02-16 18:00:00,650.77,USD_PER_MT,2,v1.0,VALID,SYNTHETIC,hash_bnk_002064,True
2065,BUNKER_VLSFO_PARADIP,2025-02-16 00:00:00,2025-02-16 18:00:00,718.55,USD_PER_MT,2,v1.0,VALID,SYNTHETIC,hash_bnk_002065,True
2066,BUNKER_VLSFO_SINGAPORE,2025-02-17 00:00:00,2025-02-17 18:00:00,680.09,USD_PER_MT,2,v1.0,VALID,SYNTHETIC,hash_bnk_002066,True
2067,BUNKER_IFO380_SINGAPORE,2025-02-17 00:00:00,2025-02-17 18:00:00,503.56,USD_PER_MT,2,v1.0,VALID,SYNTHETIC,hash_bnk_002067,True
2068,BUNKER_MGO_SINGAPORE,2025-02-17 00:00:00,2025-02-17 18:00:00,889.32,USD_PER_MT,2,v1.0,VALID,SYNTHETIC,hash_bnk_002068,True
2069,BUNKER_VLSFO_ROTTERDAM,2025-02-17 00:00:00,2025-02-17 18:00:00,649.96,USD_PER_MT,2,v1.0,VALID,SYNTHETIC,hash_bnk_002069,True
2070,BUNKER_VLSFO_PARADIP,2025-02-17 00:00:00,2025-02-17 18:00:00,719.2,USD_PER_MT,2,v1.0,VALID,SYNTHETIC,hash_bnk_002070,True
2071,BUNKER_VLSFO_SINGAPORE,2025-02-18 00:00:00,2025-02-18 18:00:00,678.77,USD_PER_MT,2,v1.0,VALID,SYNTHETIC,hash_bnk_002071,True
2072,BUNKER_IFO380_SINGAPORE,2025-02-18 00:00:00,2025-02-18 18:00:00,508.1,USD_PER_MT,2,v1.0,VALID,SYNTHETIC,hash_bnk_002072,True
2073,BUNKER_MGO_SINGAPORE,2025-02-18 00:00:00,2025-02-18 18:00:00,884.34,USD_PER_MT,2,v1.0,VALID,SYNTHETIC,hash_bnk_002073,True
2074,BUNKER_VLSFO_ROTTERDAM,2025-02-18 00:00:00,2025-02-18 18:00:00,648.88,USD_PER_MT,2,v1.0,VALID,SYNTHETIC,hash_bnk_002074,True
2075,BUNKER_VLSFO_PARADIP,2025-02-18 00:00:00,2025-02-18 18:00:00,714.76,USD_PER_MT,2,v1.0,VALID,SYNTHETIC,hash_bnk_002075,True
2076,BUNKER_VLSFO_SINGAPORE,2025-02-19 00:00:00,2025-02-19 18:00:00,679.92,USD_PER_MT,2,v1.0,VALID,SYNTHETIC,hash_bnk_002076,True
2077,BUNKER_IFO380_SINGAPORE,2025-02-19 00:00:00,2025-02-19 18:00:00,506.3,USD_PER_MT,2,v1.0,VALID,SYNTHETIC,hash_bnk_002077,True
2078,BUNKER_MGO_SINGAPORE,2025-02-19 00:00:00,2025-02-19 18:00:00,887.75,USD_PER_MT,2,v1.0,VALID,SYNTHETIC,hash_bnk_002078,True
2079,BUNKER_VLSFO_ROTTERDAM,2025-02-19 00:00:00,2025-02-19 18:00:00,655.73,USD_PER_MT,2,v1.0,VALID,SYNTHETIC,hash_bnk_002079,True
2080,BUNKER_VLSFO_PARADIP,2025-02-19 00:00:00,2025-02-19 18:00:00,724.24,USD_PER_MT,2,v1.0,VALID,SYNTHETIC,hash_bnk_002080,True
2081,BUNKER_VLSFO_SINGAPORE,2025-02-20 00:00:00,2025-02-20 18:00:00,684.54,USD_PER_MT,2,v1.0,VALID,SYNTHETIC,hash_bnk_002081,True
2082,BUNKER_IFO380_SINGAPORE,2025-02-20 00:00:00,2025-02-20 18:00:00,505.82,USD_PER_MT,2,v1.0,VALID,SYNTHETIC,hash_bnk_002082,True
2083,BUNKER_MGO_SINGAPORE,2025-02-20 00:00:00,2025-02-20 18:00:00,891.77,USD_PER_MT,2,v1.0,VALID,SYNTHETIC,hash_bnk_002083,True
2084,BUNKER_VLSFO_ROTTERDAM,2025-02-20 00:00:00,2025-02-20 18:00:00,649.82,USD_PER_MT,2,v1.0,VALID,SYNTHETIC,hash_bnk_002084,True
2085,BUNKER_VLSFO_PARADIP,2025-02-20 00:00:00,2025-02-20 18:00:00,719.2,USD_PER_MT,2,v1.0,VALID,SYNTHETIC,hash_bnk_002085,True
2086,BUNKER_VLSFO_SINGAPORE,2025-02-21 00:00:00,2025-02-21 18:00:00,678.77,USD_PER_MT,2,v1.0,VALID,SYNTHETIC,hash_bnk_002086,True
2087,BUNKER_IFO380_SINGAPORE,2025-02-21 00:00:00,2025-02-21 18:00:00,510.01,USD_PER_MT,2,v1.0,VALID,SYNTHETIC,hash_bnk_002087,True
2088,BUNKER_MGO_SINGAPORE,2025-02-21 00:00:00,2025-02-21 18:00:00,896.3,USD_PER_MT,2,v1.0,VALID,SYNTHETIC,hash_bnk_002088,True
2089,BUNKER_VLSFO_ROTTERDAM,2025-02-21 00:00:00,2025-02-21 18:00:00,644.56,USD_PER_MT,2,v1.0,VALID,SYNTHETIC,hash_bnk_002089,True
2090,BUNKER_VLSFO_PARADIP,2025-02-21 00:00:00,2025-02-21 18:00:00,723.72,USD_PER_MT,2,v1.0,VALID,SYNTHETIC,hash_bnk_002090,True
2091,BUNKER_VLSFO_SINGAPORE,2025-02-22 00:00:00,2025-02-22 18:00:00,683.3,USD_PER_MT,2,v1.0,VALID,SYNTHETIC,hash_bnk_002091,True
2092,BUNKER_IFO380_SINGAPORE,2025-02-22 00:00:00,2025-02-22 18:00:00,499.77,USD_PER_MT,2,v1.0,VALID,SYNTHETIC,hash_bnk_002092,True
2093,BUNKER_MGO_SINGAPORE,2025-02-22 00:00:00,2025-02-22 18:00:00,882.53,USD_PER_MT,2,v1.0,VALID,SYNTHETIC,hash_bnk_002093,True
2094,BUNKER_VLSFO_ROTTERDAM,2025-02-22 00:00:00,2025-02-22 18:00:00,651.28,USD_PER_MT,2,v1.0,VALID,SYNTHETIC,hash_bnk_002094,True
2095,BUNKER_VLSFO_PARADIP,2025-02-22 00:00:00,2025-02-22 18:00:00,718.58,USD_PER_MT,2,v1.0,VALID,SYNTHETIC,hash_bnk_002095,True
2096,BUNKER_VLSFO_SINGAPORE,2025-02-23 00:00:00,2025-02-23 18:00:00,687.58,USD_PER_MT,2,v1.0,VALID,SYNTHETIC,hash_bnk_002096,True
2097,BUNKER_IFO380_SINGAPORE,2025-02-23 00:00:00,2025-02-23 18:00:00,503.3,USD_PER_MT,2,v1.0,VALID,SYNTHETIC,hash_bnk_002097,True
2098,BUNKER_MGO_SINGAPORE,2025-02-23 00:00:00,2025-02-23 18:00:00,890.86,USD_PER_MT,2,v1.0,VALID,SYNTHETIC,hash_bnk_002098,True
2099,BUNKER_VLSFO_ROTTERDAM,2025-02-23 00:00:00,2025-02-23 18:00:00,653.4,USD_PER_MT,2,v1.0,VALID,SYNTHETIC,hash_bnk_002099,True
2100,BUNKER_VLSFO_PARADIP,2025-02-23 00:00:00,2025-02-23 18:00:00,715.06,USD_PER_MT,2,v1.0,VALID,SYNTHETIC,hash_bnk_002100,True
2101,BUNKER_VLSFO_SINGAPORE,2025-02-24 00:00:00,2025-02-24 18:00:00,681.0,USD_PER_MT,2,v1.0,VALID,SYNTHETIC,hash_bnk_002101,True
2102,BUNKER_IFO380_SINGAPORE,2025-02-24 00:00:00,2025-02-24 18:00:00,506.18,USD_PER_MT,2,v1.0,VALID,SYNTHETIC,hash_bnk_002102,True
2103,BUNKER_MGO_SINGAPORE,2025-02-24 00:00:00,2025-02-24 18:00:00,895.26,USD_PER_MT,2,v1.0,VALID,SYNTHETIC,hash_bnk_002103,True
2104,BUNKER_VLSFO_ROTTERDAM,2025-02-24 00:00:00,2025-02-24 18:00:00,651.0,USD_PER_MT,2,v1.0,VALID,SYNTHETIC,hash_bnk_002104,True
2105,BUNKER_VLSFO_PARADIP,2025-02-24 00:00:00,2025-02-24 18:00:00,716.58,USD_PER_MT,2,v1.0,VALID,SYNTHETIC,hash_bnk_002105,True
2106,BUNKER_VLSFO_SINGAPORE,2025-02-25 00:00:00,2025-02-25 18:00:00,677.54,USD_PER_MT,2,v1.0,VALID,SYNTHETIC,hash_bnk_002106,True
2107,BUNKER_IFO380_SINGAPORE,2025-02-25 00:00:00,2025-02-25 18:00:00,506.36,USD_PER_MT,2,v1.0,VALID,SYNTHETIC,hash_bnk_002107,True
2108,BUNKER_MGO_SINGAPORE,2025-02-25 00:00:00,2025-02-25 18:00:00,895.16,USD_PER_MT,2,v1.0,VALID,SYNTHETIC,hash_bnk_002108,True
2109,BUNKER_VLSFO_ROTTERDAM,2025-02-25 00:00:00,2025-02-25 18:00:00,649.69,USD_PER_MT,2,v1.0,VALID,SYNTHETIC,hash_bnk_002109,True
2110,BUNKER_VLSFO_PARADIP,2025-02-25 00:00:00,2025-02-25 18:00:00,719.76,USD_PER_MT,2,v1.0,VALID,SYNTHETIC,hash_bnk_002110,True
2111,BUNKER_VLSFO_SINGAPORE,2025-02-26 00:00:00,2025-02-26 18:00:00,680.81,USD_PER_MT,2,v1.0,VALID,SYNTHETIC,hash_bnk_002111,True
2112,BUNKER_IFO380_SINGAPORE,2025-02-26 00:00:00,2025-02-26 18:00:00,510.98,USD_PER_MT,2,v1.0,VALID,SYNTHETIC,hash_bnk_002112,True
2113,BUNKER_MGO_SINGAPORE,2025-02-26 00:00:00,2025-02-26 18:00:00,890.15,USD_PER_MT,2,v1.0,VALID,SYNTHETIC,hash_bnk_002113,True
2114,BUNKER_VLSFO_ROTTERDAM,2025-02-26 00:00:00,2025-02-26 18:00:00,649.51,USD_PER_MT,2,v1.0,VALID,SYNTHETIC,hash_bnk_002114,True
2115,BUNKER_VLSFO_PARADIP,2025-02-26 00:00:00,2025-02-26 18:00:00,721.24,USD_PER_MT,2,v1.0,VALID,SYNTHETIC,hash_bnk_002115,True
2116,BUNKER_VLSFO_SINGAPORE,2025-02-27 00:00:00,2025-02-27 18:00:00,680.2,USD_PER_MT,2,v1.0,VALID,SYNTHETIC,hash_bnk_002116,True
2117,BUNKER_IFO380_SINGAPORE,2025-02-27 00:00:00,2025-02-27 18:00:00,503.83,USD_PER_MT,2,v1.0,VALID,SYNTHETIC,hash_bnk_002117,True
2118,BUNKER_MGO_SINGAPORE,2025-02-27 00:00:00,2025-02-27 18:00:00,881.31,USD_PER_MT,2,v1.0,VALID,SYNTHETIC,hash_bnk_002118,True
2119,BUNKER_VLSFO_ROTTERDAM,2025-02-27 00:00:00,2025-02-27 18:00:00,647.19,USD_PER_MT,2,v1.0,VALID,SYNTHETIC,hash_bnk_002119,True
2120,BUNKER_VLSFO_PARADIP,2025-02-27 00:00:00,2025-02-27 18:00:00,717.39,USD_PER_MT,2,v1.0,VALID,SYNTHETIC,hash_bnk_002120,True
2121,BUNKER_VLSFO_SINGAPORE,2025-02-28 00:00:00,2025-02-28 18:00:00,676.23,USD_PER_MT,2,v1.0,VALID,SYNTHETIC,hash_bnk_002121,True
2122,BUNKER_IFO380_SINGAPORE,2025-02-28 00:00:00,2025-02-28 18:00:00,506.92,USD_PER_MT,2,v1.0,VALID,SYNTHETIC,hash_bnk_002122,True
2123,BUNKER_MGO_SINGAPORE,2025-02-28 00:00:00,2025-02-28 18:00:00,885.73,USD_PER_MT,2,v1.0,VALID,SYNTHETIC,hash_bnk_002123,True
2124,BUNKER_VLSFO_ROTTERDAM,2025-02-28 00:00:00,2025-02-28 18:00:00,651.3,USD_PER_MT,2,v1.0,VALID,SYNTHETIC,hash_bnk_002124,True
2125,BUNKER_VLSFO_PARADIP,2025-02-28 00:00:00,2025-02-28 18:00:00,713.9,USD_PER_MT,2,v1.0,VALID,SYNTHETIC,hash_bnk_002125,True
2126,BUNKER_VLSFO_SINGAPORE,2025-03-01 00:00:00,2025-03-01 18:00:00,684.11,USD_PER_MT,2,v1.0,VALID,SYNTHETIC,hash_bnk_002126,True
2127,BUNKER_IFO380_SINGAPORE,2025-03-01 00:00:00,2025-03-01 18:00:00,498.16,USD_PER_MT,2,v1.0,VALID,SYNTHETIC,hash_bnk_002127,True
2128,BUNKER_MGO_SINGAPORE,2025-03-01 00:00:00,2025-03-01 18:00:00,885.25,USD_PER_MT,2,v1.0,VALID,SYNTHETIC,hash_bnk_002128,True
2129,BUNKER_VLSFO_ROTTERDAM,2025-03-01 00:00:00,2025-03-01 18:00:00,646.25,USD_PER_MT,2,v1.0,VALID,SYNTHETIC,hash_bnk_002129,True
2130,BUNKER_VLSFO_PARADIP,2025-03-01 00:00:00,2025-03-01 18:00:00,716.78,USD_PER_MT,2,v1.0,VALID,SYNTHETIC,hash_bnk_002130,True
2131,BUNKER_VLSFO_SINGAPORE,2025-03-02 00:00:00,2025-03-02 18:00:00,673.48,USD_PER_MT,2,v1.0,VALID,SYNTHETIC,hash_bnk_002131,True
2132,BUNKER_IFO380_SINGAPORE,2025-03-02 00:00:00,2025-03-02 18:00:00,500.55,USD_PER_MT,2,v1.0,VALID,SYNTHETIC,hash_bnk_002132,True
2133,BUNKER_MGO_SINGAPORE,2025-03-02 00:00:00,2025-03-02 18:00:00,894.63,USD_PER_MT,2,v1.0,VALID,SYNTHETIC,hash_bnk_002133,True
2134,BUNKER_VLSFO_ROTTERDAM,2025-03-02 00:00:00,2025-03-02 18:00:00,647.91,USD_PER_MT,2,v1.0,VALID,SYNTHETIC,hash_bnk_002134,True
2135,BUNKER_VLSFO_PARADIP,2025-03-02 00:00:00,2025-03-02 18:00:00,723.0,USD_PER_MT,2,v1.0,VALID,SYNTHETIC,hash_bnk_002135,True
2136,BUNKER_VLSFO_SINGAPORE,2025-03-03 00:00:00,2025-03-03 18:00:00,687.76,USD_PER_MT,2,v1.0,VALID,SYNTHETIC,hash_bnk_002136,True
2137,BUNKER_IFO380_SINGAPORE,2025-03-03 00:00:00,2025-03-03 18:00:00,508.29,USD_PER_MT,2,v1.0,VALID,SYNTHETIC,hash_bnk_002137,True
2138,BUNKER_MGO_SINGAPORE,2025-03-03 00:00:00,2025-03-03 18:00:00,882.82,USD_PER_MT,2,v1.0,VALID,SYNTHETIC,hash_bnk_002138,True
2139,BUNKER_VLSFO_ROTTERDAM,2025-03-03 00:00:00,2025-03-03 18:00:00,646.07,USD_PER_MT,2,v1.0,VALID,SYNTHETIC,hash_bnk_002139,True
2140,BUNKER_VLSFO_PARADIP,2025-03-03 00:00:00,2025-03-03 18:00:00,728.12,USD_PER_MT,2,v1.0,VALID,SYNTHETIC,hash_bnk_002140,True
2141,BUNKER_VLSFO_SINGAPORE,2025-03-04 00:00:00,2025-03-04 18:00:00,682.01,USD_PER_MT,2,v1.0,VALID,SYNTHETIC,hash_bnk_002141,True
2142,BUNKER_IFO380_SINGAPORE,2025-03-04 00:00:00,2025-03-04 18:00:00,510.6,USD_PER_MT,2,v1.0,VALID,SYNTHETIC,hash_bnk_002142,True
2143,BUNKER_MGO_SINGAPORE,2025-03-04 00:00:00,2025-03-04 18:00:00,893.51,USD_PER_MT,2,v1.0,VALID,SYNTHETIC,hash_bnk_002143,True
2144,BUNKER_VLSFO_ROTTERDAM,2025-03-04 00:00:00,2025-03-04 18:00:00,654.25,USD_PER_MT,2,v1.0,VALID,SYNTHETIC,hash_bnk_002144,True
2145,BUNKER_VLSFO_PARADIP,2025-03-04 00:00:00,2025-03-04 18:00:00,726.66,USD_PER_MT,2,v1.0,VALID,SYNTHETIC,hash_bnk_002145,True
2146,BUNKER_VLSFO_SINGAPORE,2025-03-05 00:00:00,2025-03-05 18:00:00,675.26,USD_PER_MT,2,v1.0,VALID,SYNTHETIC,hash_bnk_002146,True
2147,BUNKER_IFO380_SINGAPORE,2025-03-05 00:00:00,2025-03-05 18:00:00,505.65,USD_PER_MT,2,v1.0,VALID,SYNTHETIC,hash_bnk_002147,True
2148,BUNKER_MGO_SINGAPORE,2025-03-05 00:00:00,2025-03-05 18:00:00,893.27,USD_PER_MT,2,v1.0,VALID,SYNTHETIC,hash_bnk_002148,True
2149,BUNKER_VLSFO_ROTTERDAM,2025-03-05 00:00:00,2025-03-05 18:00:00,646.97,USD_PER_MT,2,v1.0,VALID,SYNTHETIC,hash_bnk_002149,True
2150,BUNKER_VLSFO_PARADIP,2025-03-05 00:00:00,2025-03-05 18:00:00,723.54,USD_PER_MT,2,v1.0,VALID,SYNTHETIC,hash_bnk_002150,True
2151,BUNKER_VLSFO_SINGAPORE,2025-03-06 00:00:00,2025-03-06 18:00:00,683.9,USD_PER_MT,2,v1.0,VALID,SYNTHETIC,hash_bnk_002151,True
2152,BUNKER_IFO380_SINGAPORE,2025-03-06 00:00:00,2025-03-06 18:00:00,504.1,USD_PER_MT,2,v1.0,VALID,SYNTHETIC,hash_bnk_002152,True
2153,BUNKER_MGO_SINGAPORE,2025-03-06 00:00:00,2025-03-06 18:00:00,885.57,USD_PER_MT,2,v1.0,VALID,SYNTHETIC,hash_bnk_002153,True
2154,BUNKER_VLSFO_ROTTERDAM,2025-03-06 00:00:00,2025-03-06 18:00:00,657.31,USD_PER_MT,2,v1.0,VALID,SYNTHETIC,hash_bnk_002154,True
2155,BUNKER_VLSFO_PARADIP,2025-03-06 00:00:00,2025-03-06 18:00:00,725.82,USD_PER_MT,2,v1.0,VALID,SYNTHETIC,hash_bnk_002155,True
2156,BUNKER_VLSFO_SINGAPORE,2025-03-07 00:00:00,2025-03-07 18:00:00,680.05,USD_PER_MT,2,v1.0,VALID,SYNTHETIC,hash_bnk_002156,True
2157,BUNKER_IFO380_SINGAPORE,2025-03-07 00:00:00,2025-03-07 18:00:00,513.99,USD_PER_MT,2,v1.0,VALID,SYNTHETIC,hash_bnk_002157,True
2158,BUNKER_MGO_SINGAPORE,2025-03-07 00:00:00,2025-03-07 18:00:00,881.31,USD_PER_MT,2,v1.0,VALID,SYNTHETIC,hash_bnk_002158,True
2159,BUNKER_VLSFO_ROTTERDAM,2025-03-07 00:00:00,2025-03-07 18:00:00,652.58,USD_PER_MT,2,v1.0,VALID,SYNTHETIC,hash_bnk_002159,True
2160,BUNKER_VLSFO_PARADIP,2025-03-07 00:00:00,2025-03-07 18:00:00,723.85,USD_PER_MT,2,v1.0,VALID,SYNTHETIC,hash_bnk_002160,True
2161,BUNKER_VLSFO_SINGAPORE,2025-03-08 00:00:00,2025-03-08 18:00:00,685.2,USD_PER_MT,2,v1.0,VALID,SYNTHETIC,hash_bnk_002161,True
2162,BUNKER_IFO380_SINGAPORE,2025-03-08 00:00:00,2025-03-08 18:00:00,506.86,USD_PER_MT,2,v1.0,VALID,SYNTHETIC,hash_bnk_002162,True
2163,BUNKER_MGO_SINGAPORE,2025-03-08 00:00:00,2025-03-08 18:00:00,899.35,USD_PER_MT,2,v1.0,VALID,SYNTHETIC,hash_bnk_002163,True
2164,BUNKER_VLSFO_ROTTERDAM,2025-03-08 00:00:00,2025-03-08 18:00:00,651.7,USD_PER_MT,2,v1.0,VALID,SYNTHETIC,hash_bnk_002164,True
2165,BUNKER_VLSFO_PARADIP,2025-03-08 00:00:00,2025-03-08 18:00:00,723.22,USD_PER_MT,2,v1.0,VALID,SYNTHETIC,hash_bnk_002165,True
2166,BUNKER_VLSFO_SINGAPORE,2025-03-09 00:00:00,2025-03-09 18:00:00,681.79,USD_PER_MT,2,v1.0,VALID,SYNTHETIC,hash_bnk_002166,True
2167,BUNKER_IFO380_SINGAPORE,2025-03-09 00:00:00,2025-03-09 18:00:00,504.38,USD_PER_MT,2,v1.0,VALID,SYNTHETIC,hash_bnk_002167,True
2168,BUNKER_MGO_SINGAPORE,2025-03-09 00:00:00,2025-03-09 18:00:00,894.9,USD_PER_MT,2,v1.0,VALID,SYNTHETIC,hash_bnk_002168,True
2169,BUNKER_VLSFO_ROTTERDAM,2025-03-09 00:00:00,2025-03-09 18:00:00,652.67,USD_PER_MT,2,v1.0,VALID,SYNTHETIC,hash_bnk_002169,True
2170,BUNKER_VLSFO_PARADIP,2025-03-09 00:00:00,2025-03-09 18:00:00,718.19,USD_PER_MT,2,v1.0,VALID,SYNTHETIC,hash_bnk_002170,True
2171,BUNKER_VLSFO_SINGAPORE,2025-03-10 00:00:00,2025-03-10 18:00:00,677.52,USD_PER_MT,2,v1.0,VALID,SYNTHETIC,hash_bnk_002171,True
2172,BUNKER_IFO380_SINGAPORE,2025-03-10 00:00:00,2025-03-10 18:00:00,501.83,USD_PER_MT,2,v1.0,VALID,SYNTHETIC,hash_bnk_002172,True
2173,BUNKER_MGO_SINGAPORE,2025-03-10 00:00:00,2025-03-10 18:00:00,889.28,USD_PER_MT,2,v1.0,VALID,SYNTHETIC,hash_bnk_002173,True
2174,BUNKER_VLSFO_ROTTERDAM,2025-03-10 00:00:00,2025-03-10 18:00:00,645.76,USD_PER_MT,2,v1.0,VALID,SYNTHETIC,hash_bnk_002174,True
2175,BUNKER_VLSFO_PARADIP,2025-03-10 00:00:00,2025-03-10 18:00:00,724.18,USD_PER_MT,2,v1.0,VALID,SYNTHETIC,hash_bnk_002175,True
2176,BUNKER_VLSFO_SINGAPORE,2025-03-11 00:00:00,2025-03-11 18:00:00,687.09,USD_PER_MT,2,v1.0,VALID,SYNTHETIC,hash_bnk_002176,True
2177,BUNKER_IFO380_SINGAPORE,2025-03-11 00:00:00,2025-03-11 18:00:00,510.1,USD_PER_MT,2,v1.0,VALID,SYNTHETIC,hash_bnk_002177,True
2178,BUNKER_MGO_SINGAPORE,2025-03-11 00:00:00,2025-03-11 18:00:00,895.01,USD_PER_MT,2,v1.0,VALID,SYNTHETIC,hash_bnk_002178,True
2179,BUNKER_VLSFO_ROTTERDAM,2025-03-11 00:00:00,2025-03-11 18:00:00,648.55,USD_PER_MT,2,v1.0,VALID,SYNTHETIC,hash_bnk_002179,True
2180,BUNKER_VLSFO_PARADIP,2025-03-11 00:00:00,2025-03-11 18:00:00,721.07,USD_PER_MT,2,v1.0,VALID,SYNTHETIC,hash_bnk_002180,True
2181,BUNKER_VLSFO_SINGAPORE,2025-03-12 00:00:00,2025-03-12 18:00:00,678.45,USD_PER_MT,2,v1.0,VALID,SYNTHETIC,hash_bnk_002181,True
2182,BUNKER_IFO380_SINGAPORE,2025-03-12 00:00:00,2025-03-12 18:00:00,505.84,USD_PER_MT,2,v1.0,VALID,SYNTHETIC,hash_bnk_002182,True
2183,BUNKER_MGO_SINGAPORE,2025-03-12 00:00:00,2025-03-12 18:00:00,890.58,USD_PER_MT,2,v1.0,VALID,SYNTHETIC,hash_bnk_002183,True
2184,BUNKER_VLSFO_ROTTERDAM,2025-03-12 00:00:00,2025-03-12 18:00:00,642.2,USD_PER_MT,2,v1.0,VALID,SYNTHETIC,hash_bnk_002184,True
2185,BUNKER_VLSFO_PARADIP,2025-03-12 00:00:00,2025-03-12 18:00:00,717.18,USD_PER_MT,2,v1.0,VALID,SYNTHETIC,hash_bnk_002185,True
2186,BUNKER_VLSFO_SINGAPORE,2025-03-13 00:00:00,2025-03-13 18:00:00,685.13,USD_PER_MT,2,v1.0,VALID,SYNTHETIC,hash_bnk_002186,True
2187,BUNKER_IFO380_SINGAPORE,2025-03-13 00:00:00,2025-03-13 18:00:00,501.85,USD_PER_MT,2,v1.0,VALID,SYNTHETIC,hash_bnk_002187,True
2188,BUNKER_MGO_SINGAPORE,2025-03-13 00:00:00,2025-03-13 18:00:00,900.36,USD_PER_MT,2,v1.0,VALID,SYNTHETIC,hash_bnk_002188,True
2189,BUNKER_VLSFO_ROTTERDAM,2025-03-13 00:00:00,2025-03-13 18:00:00,647.63,USD_PER_MT,2,v1.0,VALID,SYNTHETIC,hash_bnk_002189,True
2190,BUNKER_VLSFO_PARADIP,2025-03-13 00:00:00,2025-03-13 18:00:00,715.03,USD_PER_MT,2,v1.0,VALID,SYNTHETIC,hash_bnk_002190,True
2191,BUNKER_VLSFO_SINGAPORE,2025-03-14 00:00:00,2025-03-14 18:00:00,680.51,USD_PER_MT,2,v1.0,VALID,SYNTHETIC,hash_bnk_002191,True
2192,BUNKER_IFO380_SINGAPORE,2025-03-14 00:00:00,2025-03-14 18:00:00,505.89,USD_PER_MT,2,v1.0,VALID,SYNTHETIC,hash_bnk_002192,True
2193,BUNKER_MGO_SINGAPORE,2025-03-14 00:00:00,2025-03-14 18:00:00,897.62,USD_PER_MT,2,v1.0,VALID,SYNTHETIC,hash_bnk_002193,True
2194,BUNKER_VLSFO_ROTTERDAM,2025-03-14 00:00:00,2025-03-14 18:00:00,653.59,USD_PER_MT,2,v1.0,VALID,SYNTHETIC,hash_bnk_002194,True
2195,BUNKER_VLSFO_PARADIP,2025-03-14 00:00:00,2025-03-14 18:00:00,722.26,USD_PER_MT,2,v1.0,VALID,SYNTHETIC,hash_bnk_002195,True
2196,BUNKER_VLSFO_SINGAPORE,2025-03-15 00:00:00,2025-03-15 18:00:00,681.74,USD_PER_MT,2,v1.0,VALID,SYNTHETIC,hash_bnk_002196,True
2197,BUNKER_IFO380_SINGAPORE,2025-03-15 00:00:00,2025-03-15 18:00:00,506.46,USD_PER_MT,2,v1.0,VALID,SYNTHETIC,hash_bnk_002197,True
2198,BUNKER_MGO_SINGAPORE,2025-03-15 00:00:00,2025-03-15 18:00:00,888.08,USD_PER_MT,2,v1.0,VALID,SYNTHETIC,hash_bnk_002198,True
2199,BUNKER_VLSFO_ROTTERDAM,2025-03-15 00:00:00,2025-03-15 18:00:00,648.76,USD_PER_MT,2,v1.0,VALID,SYNTHETIC,hash_bnk_002199,True
2200,BUNKER_VLSFO_PARADIP,2025-03-15 00:00:00,2025-03-15 18:00:00,719.82,USD_PER_MT,2,v1.0,VALID,SYNTHETIC,hash_bnk_002200,True
2201,BUNKER_VLSFO_SINGAPORE,2025-03-16 00:00:00,2025-03-16 18:00:00,682.04,USD_PER_MT,2,v1.0,VALID,SYNTHETIC,hash_bnk_002201,True
2202,BUNKER_IFO380_SINGAPORE,2025-03-16 00:00:00,2025-03-16 18:00:00,498.17,USD_PER_MT,2,v1.0,VALID,SYNTHETIC,hash_bnk_002202,True
2203,BUNKER_MGO_SINGAPORE,2025-03-16 00:00:00,2025-03-16 18:00:00,883.41,USD_PER_MT,2,v1.0,VALID,SYNTHETIC,hash_bnk_002203,True
2204,BUNKER_VLSFO_ROTTERDAM,2025-03-16 00:00:00,2025-03-16 18:00:00,653.39,USD_PER_MT,2,v1.0,VALID,SYNTHETIC,hash_bnk_002204,True
2205,BUNKER_VLSFO_PARADIP,2025-03-16 00:00:00,2025-03-16 18:00:00,724.06,USD_PER_MT,2,v1.0,VALID,SYNTHETIC,hash_bnk_002205,True
2206,BUNKER_VLSFO_SINGAPORE,2025-03-17 00:00:00,2025-03-17 18:00:00,678.72,USD_PER_MT,2,v1.0,VALID,SYNTHETIC,hash_bnk_002206,True
2207,BUNKER_IFO380_SINGAPORE,2025-03-17 00:00:00,2025-03-17 18:00:00,504.59,USD_PER_MT,2,v1.0,VALID,SYNTHETIC,hash_bnk_002207,True
2208,BUNKER_MGO_SINGAPORE,2025-03-17 00:00:00,2025-03-17 18:00:00,878.69,USD_PER_MT,2,v1.0,VALID,SYNTHETIC,hash_bnk_002208,True
2209,BUNKER_VLSFO_ROTTERDAM,2025-03-17 00:00:00,2025-03-17 18:00:00,645.91,USD_PER_MT,2,v1.0,VALID,SYNTHETIC,hash_bnk_002209,True
2210,BUNKER_VLSFO_PARADIP,2025-03-17 00:00:00,2025-03-17 18:00:00,712.04,USD_PER_MT,2,v1.0,VALID,SYNTHETIC,hash_bnk_002210,True
2211,BUNKER_VLSFO_SINGAPORE,2025-03-18 00:00:00,2025-03-18 18:00:00,679.56,USD_PER_MT,2,v1.0,VALID,SYNTHETIC,hash_bnk_002211,True
2212,BUNKER_IFO380_SINGAPORE,2025-03-18 00:00:00,2025-03-18 18:00:00,500.48,USD_PER_MT,2,v1.0,VALID,SYNTHETIC,hash_bnk_002212,True
2213,BUNKER_MGO_SINGAPORE,2025-03-18 00:00:00,2025-03-18 18:00:00,884.27,USD_PER_MT,2,v1.0,VALID,SYNTHETIC,hash_bnk_002213,True
2214,BUNKER_VLSFO_ROTTERDAM,2025-03-18 00:00:00,2025-03-18 18:00:00,646.51,USD_PER_MT,2,v1.0,VALID,SYNTHETIC,hash_bnk_002214,True
2215,BUNKER_VLSFO_PARADIP,2025-03-18 00:00:00,2025-03-18 18:00:00,724.75,USD_PER_MT,2,v1.0,VALID,SYNTHETIC,hash_bnk_002215,True
2216,BUNKER_VLSFO_SINGAPORE,2025-03-19 00:00:00,2025-03-19 18:00:00,677.32,USD_PER_MT,2,v1.0,VALID,SYNTHETIC,hash_bnk_002216,True
2217,BUNKER_IFO380_SINGAPORE,2025-03-19 00:00:00,2025-03-19 18:00:00,506.72,USD_PER_MT,2,v1.0,VALID,SYNTHETIC,hash_bnk_002217,True
2218,BUNKER_MGO_SINGAPORE,2025-03-19 00:00:00,2025-03-19 18:00:00,896.75,USD_PER_MT,2,v1.0,VALID,SYNTHETIC,hash_bnk_002218,True
2219,BUNKER_VLSFO_ROTTERDAM,2025-03-19 00:00:00,2025-03-19 18:00:00,649.05,USD_PER_MT,2,v1.0,VALID,SYNTHETIC,hash_bnk_002219,True
2220,BUNKER_VLSFO_PARADIP,2025-03-19 00:00:00,2025-03-19 18:00:00,707.6,USD_PER_MT,2,v1.0,VALID,SYNTHETIC,hash_bnk_002220,True
2221,BUNKER_VLSFO_SINGAPORE,2025-03-20 00:00:00,2025-03-20 18:00:00,677.27,USD_PER_MT,2,v1.0,VALID,SYNTHETIC,hash_bnk_002221,True
2222,BUNKER_IFO380_SINGAPORE,2025-03-20 00:00:00,2025-03-20 18:00:00,506.75,USD_PER_MT,2,v1.0,VALID,SYNTHETIC,hash_bnk_002222,True
2223,BUNKER_MGO_SINGAPORE,2025-03-20 00:00:00,2025-03-20 18:00:00,891.13,USD_PER_MT,2,v1.0,VALID,SYNTHETIC,hash_bnk_002223,True
2224,BUNKER_VLSFO_ROTTERDAM,2025-03-20 00:00:00,2025-03-20 18:00:00,647.68,USD_PER_MT,2,v1.0,VALID,SYNTHETIC,hash_bnk_002224,True
2225,BUNKER_VLSFO_PARADIP,2025-03-20 00:00:00,2025-03-20 18:00:00,718.29,USD_PER_MT,2,v1.0,VALID,SYNTHETIC,hash_bnk_002225,True
2226,BUNKER_VLSFO_SINGAPORE,2025-03-21 00:00:00,2025-03-21 18:00:00,681.37,USD_PER_MT,2,v1.0,VALID,SYNTHETIC,hash_bnk_002226,True
2227,BUNKER_IFO380_SINGAPORE,2025-03-21 00:00:00,2025-03-21 18:00:00,500.4,USD_PER_MT,2,v1.0,VALID,SYNTHETIC,hash_bnk_002227,True
2228,BUNKER_MGO_SINGAPORE,2025-03-21 00:00:00,2025-03-21 18:00:00,882.67,USD_PER_MT,2,v1.0,VALID,SYNTHETIC,hash_bnk_002228,True
2229,BUNKER_VLSFO_ROTTERDAM,2025-03-21 00:00:00,2025-03-21 18:00:00,644.65,USD_PER_MT,2,v1.0,VALID,SYNTHETIC,hash_bnk_002229,True
2230,BUNKER_VLSFO_PARADIP,2025-03-21 00:00:00,2025-03-21 18:00:00,719.72,USD_PER_MT,2,v1.0,VALID,SYNTHETIC,hash_bnk_002230,True
2231,BUNKER_VLSFO_SINGAPORE,2025-03-22 00:00:00,2025-03-22 18:00:00,674.68,USD_PER_MT,2,v1.0,VALID,SYNTHETIC,hash_bnk_002231,True
2232,BUNKER_IFO380_SINGAPORE,2025-03-22 00:00:00,2025-03-22 18:00:00,505.65,USD_PER_MT,2,v1.0,VALID,SYNTHETIC,hash_bnk_002232,True
2233,BUNKER_MGO_SINGAPORE,2025-03-22 00:00:00,2025-03-22 18:00:00,886.94,USD_PER_MT,2,v1.0,VALID,SYNTHETIC,hash_bnk_002233,True
2234,BUNKER_VLSFO_ROTTERDAM,2025-03-22 00:00:00,2025-03-22 18:00:00,641.37,USD_PER_MT,2,v1.0,VALID,SYNTHETIC,hash_bnk_002234,True
2235,BUNKER_VLSFO_PARADIP,2025-03-22 00:00:00,2025-03-22 18:00:00,709.83,USD_PER_MT,2,v1.0,VALID,SYNTHETIC,hash_bnk_002235,True
2236,BUNKER_VLSFO_SINGAPORE,2025-03-23 00:00:00,2025-03-23 18:00:00,691.24,USD_PER_MT,2,v1.0,VALID,SYNTHETIC,hash_bnk_002236,True
2237,BUNKER_IFO380_SINGAPORE,2025-03-23 00:00:00,2025-03-23 18:00:00,500.1,USD_PER_MT,2,v1.0,VALID,SYNTHETIC,hash_bnk_002237,True
2238,BUNKER_MGO_SINGAPORE,2025-03-23 00:00:00,2025-03-23 18:00:00,876.64,USD_PER_MT,2,v1.0,VALID,SYNTHETIC,hash_bnk_002238,True
2239,BUNKER_VLSFO_ROTTERDAM,2025-03-23 00:00:00,2025-03-23 18:00:00,639.04,USD_PER_MT,2,v1.0,VALID,SYNTHETIC,hash_bnk_002239,True
2240,BUNKER_VLSFO_PARADIP,2025-03-23 00:00:00,2025-03-23 18:00:00,714.02,USD_PER_MT,2,v1.0,VALID,SYNTHETIC,hash_bnk_002240,True
2241,BUNKER_VLSFO_SINGAPORE,2025-03-24 00:00:00,2025-03-24 18:00:00,677.65,USD_PER_MT,2,v1.0,VALID,SYNTHETIC,hash_bnk_002241,True
2242,BUNKER_IFO380_SINGAPORE,2025-03-24 00:00:00,2025-03-24 18:00:00,499.34,USD_PER_MT,2,v1.0,VALID,SYNTHETIC,hash_bnk_002242,True
2243,BUNKER_MGO_SINGAPORE,2025-03-24 00:00:00,2025-03-24 18:00:00,880.58,USD_PER_MT,2,v1.0,VALID,SYNTHETIC,hash_bnk_002243,True
2244,BUNKER_VLSFO_ROTTERDAM,2025-03-24 00:00:00,2025-03-24 18:00:00,642.93,USD_PER_MT,2,v1.0,VALID,SYNTHETIC,hash_bnk_002244,True
2245,BUNKER_VLSFO_PARADIP,2025-03-24 00:00:00,2025-03-24 18:00:00,717.51,USD_PER_MT,2,v1.0,VALID,SYNTHETIC,hash_bnk_002245,True
2246,BUNKER_VLSFO_SINGAPORE,2025-03-25 00:00:00,2025-03-25 18:00:00,681.02,USD_PER_MT,2,v1.0,VALID,SYNTHETIC,hash_bnk_002246,True
2247,BUNKER_IFO380_SINGAPORE,2025-03-25 00:00:00,2025-03-25 18:00:00,500.47,USD_PER_MT,2,v1.0,VALID,SYNTHETIC,hash_bnk_002247,True
2248,BUNKER_MGO_SINGAPORE,2025-03-25 00:00:00,2025-03-25 18:00:00,881.94,USD_PER_MT,2,v1.0,VALID,SYNTHETIC,hash_bnk_002248,True
2249,BUNKER_VLSFO_ROTTERDAM,2025-03-25 00:00:00,2025-03-25 18:00:00,638.09,USD_PER_MT,2,v1.0,VALID,SYNTHETIC,hash_bnk_002249,True
2250,BUNKER_VLSFO_PARADIP,2025-03-25 00:00:00,2025-03-25 18:00:00,718.37,USD_PER_MT,2,v1.0,VALID,SYNTHETIC,hash_bnk_002250,True
2251,BUNKER_VLSFO_SINGAPORE,2025-03-26 00:00:00,2025-03-26 18:00:00,771.51,USD_PER_MT,2,v1.0,VALID,SYNTHETIC,hash_bnk_002251,True
2252,BUNKER_IFO380_SINGAPORE,2025-03-26 00:00:00,2025-03-26 18:00:00,572.25,USD_PER_MT,2,v1.0,VALID,SYNTHETIC,hash_bnk_002252,True
2253,BUNKER_MGO_SINGAPORE,2025-03-26 00:00:00,2025-03-26 18:00:00,1003.48,USD_PER_MT,2,v1.0,VALID,SYNTHETIC,hash_bnk_002253,True
2254,BUNKER_VLSFO_ROTTERDAM,2025-03-26 00:00:00,2025-03-26 18:00:00,734.16,USD_PER_MT,2,v1.0,VALID,SYNTHETIC,hash_bnk_002254,True
2255,BUNKER_VLSFO_PARADIP,2025-03-26 00:00:00,2025-03-26 18:00:00,809.69,USD_PER_MT,2,v1.0,VALID,SYNTHETIC,hash_bnk_002255,True
2256,BUNKER_VLSFO_SINGAPORE,2025-03-27 00:00:00,2025-03-27 18:00:00,777.57,USD_PER_MT,2,v1.0,VALID,SYNTHETIC,hash_bnk_002256,True
2257,BUNKER_IFO380_SINGAPORE,2025-03-27 00:00:00,2025-03-27 18:00:00,570.62,USD_PER_MT,2,v1.0,VALID,SYNTHETIC,hash_bnk_002257,True
2258,BUNKER_MGO_SINGAPORE,2025-03-27 00:00:00,2025-03-27 18:00:00,1003.63,USD_PER_MT,2,v1.0,VALID,SYNTHETIC,hash_bnk_002258,True
2259,BUNKER_VLSFO_ROTTERDAM,2025-03-27 00:00:00,2025-03-27 18:00:00,726.56,USD_PER_MT,2,v1.0,VALID,SYNTHETIC,hash_bnk_002259,True
2260,BUNKER_VLSFO_PARADIP,2025-03-27 00:00:00,2025-03-27 18:00:00,808.76,USD_PER_MT,2,v1.0,VALID,SYNTHETIC,hash_bnk_002260,True
2261,BUNKER_VLSFO_SINGAPORE,2025-03-28 00:00:00,2025-03-28 18:00:00,773.16,USD_PER_MT,2,v1.0,VALID,SYNTHETIC,hash_bnk_002261,True
2262,BUNKER_IFO380_SINGAPORE,2025-03-28 00:00:00,2025-03-28 18:00:00,572.88,USD_PER_MT,2,v1.0,VALID,SYNTHETIC,hash_bnk_002262,True
2263,BUNKER_MGO_SINGAPORE,2025-03-28 00:00:00,2025-03-28 18:00:00,1009.35,USD_PER_MT,2,v1.0,VALID,SYNTHETIC,hash_bnk_002263,True
2264,BUNKER_VLSFO_ROTTERDAM,2025-03-28 00:00:00,2025-03-28 18:00:00,734.69,USD_PER_MT,2,v1.0,VALID,SYNTHETIC,hash_bnk_002264,True
2265,BUNKER_VLSFO_PARADIP,2025-03-28 00:00:00,2025-03-28 18:00:00,812.39,USD_PER_MT,2,v1.0,VALID,SYNTHETIC,hash_bnk_002265,True
2266,BUNKER_VLSFO_SINGAPORE,2025-03-29 00:00:00,2025-03-29 18:00:00,771.48,USD_PER_MT,2,v1.0,VALID,SYNTHETIC,hash_bnk_002266,True
2267,BUNKER_IFO380_SINGAPORE,2025-03-29 00:00:00,2025-03-29 18:00:00,573.15,USD_PER_MT,2,v1.0,VALID,SYNTHETIC,hash_bnk_002267,True
2268,BUNKER_MGO_SINGAPORE,2025-03-29 00:00:00,2025-03-29 18:00:00,997.49,USD_PER_MT,2,v1.0,VALID,SYNTHETIC,hash_bnk_002268,True
2269,BUNKER_VLSFO_ROTTERDAM,2025-03-29 00:00:00,2025-03-29 18:00:00,728.97,USD_PER_MT,2,v1.0,VALID,SYNTHETIC,hash_bnk_002269,True
2270,BUNKER_VLSFO_PARADIP,2025-03-29 00:00:00,2025-03-29 18:00:00,810.29,USD_PER_MT,2,v1.0,VALID,SYNTHETIC,hash_bnk_002270,True
2271,BUNKER_VLSFO_SINGAPORE,2025-03-30 00:00:00,2025-03-30 18:00:00,764.83,USD_PER_MT,2,v1.0,VALID,SYNTHETIC,hash_bnk_002271,True
2272,BUNKER_IFO380_SINGAPORE,2025-03-30 00:00:00,2025-03-30 18:00:00,574.22,USD_PER_MT,2,v1.0,VALID,SYNTHETIC,hash_bnk_002272,True
2273,BUNKER_MGO_SINGAPORE,2025-03-30 00:00:00,2025-03-30 18:00:00,1010.61,USD_PER_MT,2,v1.0,VALID,SYNTHETIC,hash_bnk_002273,True
2274,BUNKER_VLSFO_ROTTERDAM,2025-03-30 00:00:00,2025-03-30 18:00:00,731.33,USD_PER_MT,2,v1.0,VALID,SYNTHETIC,hash_bnk_002274,True
2275,BUNKER_VLSFO_PARADIP,2025-03-30 00:00:00,2025-03-30 18:00:00,811.93,USD_PER_MT,2,v1.0,VALID,SYNTHETIC,hash_bnk_002275,True
2276,BUNKER_VLSFO_SINGAPORE,2025-03-31 00:00:00,2025-03-31 18:00:00,770.97,USD_PER_MT,2,v1.0,VALID,SYNTHETIC,hash_bnk_002276,True
2277,BUNKER_IFO380_SINGAPORE,2025-03-31 00:00:00,2025-03-31 18:00:00,564.42,USD_PER_MT,2,v1.0,VALID,SYNTHETIC,hash_bnk_002277,True
2278,BUNKER_MGO_SINGAPORE,2025-03-31 00:00:00,2025-03-31 18:00:00,997.06,USD_PER_MT,2,v1.0,VALID,SYNTHETIC,hash_bnk_002278,True
2279,BUNKER_VLSFO_ROTTERDAM,2025-03-31 00:00:00,2025-03-31 18:00:00,730.62,USD_PER_MT,2,v1.0,VALID,SYNTHETIC,hash_bnk_002279,True
2280,BUNKER_VLSFO_PARADIP,2025-03-31 00:00:00,2025-03-31 18:00:00,805.67,USD_PER_MT,2,v1.0,VALID,SYNTHETIC,hash_bnk_002280,True
2281,BUNKER_VLSFO_SINGAPORE,2025-04-01 00:00:00,2025-04-01 18:00:00,762.78,USD_PER_MT,2,v1.0,VALID,SYNTHETIC,hash_bnk_002281,True
2282,BUNKER_IFO380_SINGAPORE,2025-04-01 00:00:00,2025-04-01 18:00:00,570.25,USD_PER_MT,2,v1.0,VALID,SYNTHETIC,hash_bnk_002282,True
2283,BUNKER_MGO_SINGAPORE,2025-04-01 00:00:00,2025-04-01 18:00:00,1000.41,USD_PER_MT,2,v1.0,VALID,SYNTHETIC,hash_bnk_002283,True
2284,BUNKER_VLSFO_ROTTERDAM,2025-04-01 00:00:00,2025-04-01 18:00:00,738.46,USD_PER_MT,2,v1.0,VALID,SYNTHETIC,hash_bnk_002284,True
2285,BUNKER_VLSFO_PARADIP,2025-04-01 00:00:00,2025-04-01 18:00:00,813.42,USD_PER_MT,2,v1.0,VALID,SYNTHETIC,hash_bnk_002285,True
2286,BUNKER_VLSFO_SINGAPORE,2025-04-02 00:00:00,2025-04-02 18:00:00,763.76,USD_PER_MT,2,v1.0,VALID,SYNTHETIC,hash_bnk_002286,True
2287,BUNKER_IFO380_SINGAPORE,2025-04-02 00:00:00,2025-04-02 18:00:00,567.13,USD_PER_MT,2,v1.0,VALID,SYNTHETIC,hash_bnk_002287,True
2288,BUNKER_MGO_SINGAPORE,2025-04-02 00:00:00,2025-04-02 18:00:00,1012.27,USD_PER_MT,2,v1.0,VALID,SYNTHETIC,hash_bnk_002288,True
2289,BUNKER_VLSFO_ROTTERDAM,2025-04-02 00:00:00,2025-04-02 18:00:00,726.98,USD_PER_MT,2,v1.0,VALID,SYNTHETIC,hash_bnk_002289,True
2290,BUNKER_VLSFO_PARADIP,2025-04-02 00:00:00,2025-04-02 18:00:00,813.08,USD_PER_MT,2,v1.0,VALID,SYNTHETIC,hash_bnk_002290,True
2291,BUNKER_VLSFO_SINGAPORE,2025-04-03 00:00:00,2025-04-03 18:00:00,769.06,USD_PER_MT,2,v1.0,VALID,SYNTHETIC,hash_bnk_002291,True
2292,BUNKER_IFO380_SINGAPORE,2025-04-03 00:00:00,2025-04-03 18:00:00,571.65,USD_PER_MT,2,v1.0,VALID,SYNTHETIC,hash_bnk_002292,True
2293,BUNKER_MGO_SINGAPORE,2025-04-03 00:00:00,2025-04-03 18:00:00,1001.44,USD_PER_MT,2,v1.0,VALID,SYNTHETIC,hash_bnk_002293,True
2294,BUNKER_VLSFO_ROTTERDAM,2025-04-03 00:00:00,2025-04-03 18:00:00,737.92,USD_PER_MT,2,v1.0,VALID,SYNTHETIC,hash_bnk_002294,True
2295,BUNKER_VLSFO_PARADIP,2025-04-03 00:00:00,2025-04-03 18:00:00,811.28,USD_PER_MT,2,v1.0,VALID,SYNTHETIC,hash_bnk_002295,True
2296,BUNKER_VLSFO_SINGAPORE,2025-04-04 00:00:00,2025-04-04 18:00:00,760.45,USD_PER_MT,2,v1.0,VALID,SYNTHETIC,hash_bnk_002296,True
2297,BUNKER_IFO380_SINGAPORE,2025-04-04 00:00:00,2025-04-04 18:00:00,564.73,USD_PER_MT,2,v1.0,VALID,SYNTHETIC,hash_bnk_002297,True
2298,BUNKER_MGO_SINGAPORE,2025-04-04 00:00:00,2025-04-04 18:00:00,999.35,USD_PER_MT,2,v1.0,VALID,SYNTHETIC,hash_bnk_002298,True
2299,BUNKER_VLSFO_ROTTERDAM,2025-04-04 00:00:00,2025-04-04 18:00:00,724.25,USD_PER_MT,2,v1.0,VALID,SYNTHETIC,hash_bnk_002299,True
2300,BUNKER_VLSFO_PARADIP,2025-04-04 00:00:00,2025-04-04 18:00:00,801.91,USD_PER_MT,2,v1.0,VALID,SYNTHETIC,hash_bnk_002300,True
2301,BUNKER_VLSFO_SINGAPORE,2025-04-05 00:00:00,2025-04-05 18:00:00,761.13,USD_PER_MT,2,v1.0,VALID,SYNTHETIC,hash_bnk_002301,True
2302,BUNKER_IFO380_SINGAPORE,2025-04-05 00:00:00,2025-04-05 18:00:00,564.19,USD_PER_MT,2,v1.0,VALID,SYNTHETIC,hash_bnk_002302,True
2303,BUNKER_MGO_SINGAPORE,2025-04-05 00:00:00,2025-04-05 18:00:00,1008.89,USD_PER_MT,2,v1.0,VALID,SYNTHETIC,hash_bnk_002303,True
2304,BUNKER_VLSFO_ROTTERDAM,2025-04-05 00:00:00,2025-04-05 18:00:00,722.94,USD_PER_MT,2,v1.0,VALID,SYNTHETIC,hash_bnk_002304,True
2305,BUNKER_VLSFO_PARADIP,2025-04-05 00:00:00,2025-04-05 18:00:00,807.77,USD_PER_MT,2,v1.0,VALID,SYNTHETIC,hash_bnk_002305,True
2306,BUNKER_VLSFO_SINGAPORE,2025-04-06 00:00:00,2025-04-06 18:00:00,762.57,USD_PER_MT,2,v1.0,VALID,SYNTHETIC,hash_bnk_002306,True
2307,BUNKER_IFO380_SINGAPORE,2025-04-06 00:00:00,2025-04-06 18:00:00,567.66,USD_PER_MT,2,v1.0,VALID,SYNTHETIC,hash_bnk_002307,True
2308,BUNKER_MGO_SINGAPORE,2025-04-06 00:00:00,2025-04-06 18:00:00,990.5,USD_PER_MT,2,v1.0,VALID,SYNTHETIC,hash_bnk_002308,True
2309,BUNKER_VLSFO_ROTTERDAM,2025-04-06 00:00:00,2025-04-06 18:00:00,726.56,USD_PER_MT,2,v1.0,VALID,SYNTHETIC,hash_bnk_002309,True
2310,BUNKER_VLSFO_PARADIP,2025-04-06 00:00:00,2025-04-06 18:00:00,807.23,USD_PER_MT,2,v1.0,VALID,SYNTHETIC,hash_bnk_002310,True
2311,BUNKER_VLSFO_SINGAPORE,2025-04-07 00:00:00,2025-04-07 18:00:00,759.72,USD_PER_MT,2,v1.0,VALID,SYNTHETIC,hash_bnk_002311,True
2312,BUNKER_IFO380_SINGAPORE,2025-04-07 00:00:00,2025-04-07 18:00:00,566.66,USD_PER_MT,2,v1.0,VALID,SYNTHETIC,hash_bnk_002312,True
2313,BUNKER_MGO_SINGAPORE,2025-04-07 00:00:00,2025-04-07 18:00:00,993.35,USD_PER_MT,2,v1.0,VALID,SYNTHETIC,hash_bnk_002313,True
2314,BUNKER_VLSFO_ROTTERDAM,2025-04-07 00:00:00,2025-04-07 18:00:00,720.72,USD_PER_MT,2,v1.0,VALID,SYNTHETIC,hash_bnk_002314,True
2315,BUNKER_VLSFO_PARADIP,2025-04-07 00:00:00,2025-04-07 18:00:00,804.08,USD_PER_MT,2,v1.0,VALID,SYNTHETIC,hash_bnk_002315,True
2316,BUNKER_VLSFO_SINGAPORE,2025-04-08 00:00:00,2025-04-08 18:00:00,759.01,USD_PER_MT,2,v1.0,VALID,SYNTHETIC,hash_bnk_002316,True
2317,BUNKER_IFO380_SINGAPORE,2025-04-08 00:00:00,2025-04-08 18:00:00,563.99,USD_PER_MT,2,v1.0,VALID,SYNTHETIC,hash_bnk_002317,True
2318,BUNKER_MGO_SINGAPORE,2025-04-08 00:00:00,2025-04-08 18:00:00,988.98,USD_PER_MT,2,v1.0,VALID,SYNTHETIC,hash_bnk_002318,True
2319,BUNKER_VLSFO_ROTTERDAM,2025-04-08 00:00:00,2025-04-08 18:00:00,727.4,USD_PER_MT,2,v1.0,VALID,SYNTHETIC,hash_bnk_002319,True
2320,BUNKER_VLSFO_PARADIP,2025-04-08 00:00:00,2025-04-08 18:00:00,802.74,USD_PER_MT,2,v1.0,VALID,SYNTHETIC,hash_bnk_002320,True
2321,BUNKER_VLSFO_SINGAPORE,2025-04-09 00:00:00,2025-04-09 18:00:00,765.75,USD_PER_MT,2,v1.0,VALID,SYNTHETIC,hash_bnk_002321,True
2322,BUNKER_IFO380_SINGAPORE,2025-04-09 00:00:00,2025-04-09 18:00:00,569.43,USD_PER_MT,2,v1.0,VALID,SYNTHETIC,hash_bnk_002322,True
2323,BUNKER_MGO_SINGAPORE,2025-04-09 00:00:00,2025-04-09 18:00:00,997.67,USD_PER_MT,2,v1.0,VALID,SYNTHETIC,hash_bnk_002323,True
2324,BUNKER_VLSFO_ROTTERDAM,2025-04-09 00:00:00,2025-04-09 18:00:00,725.53,USD_PER_MT,2,v1.0,VALID,SYNTHETIC,hash_bnk_002324,True
2325,BUNKER_VLSFO_PARADIP,2025-04-09 00:00:00,2025-04-09 18:00:00,799.69,USD_PER_MT,2,v1.0,VALID,SYNTHETIC,hash_bnk_002325,True
2326,BUNKER_VLSFO_SINGAPORE,2025-04-10 00:00:00,2025-04-10 18:00:00,764.02,USD_PER_MT,2,v1.0,VALID,SYNTHETIC,hash_bnk_002326,True
2327,BUNKER_IFO380_SINGAPORE,2025-04-10 00:00:00,2025-04-10 18:00:00,567.64,USD_PER_MT,2,v1.0,VALID,SYNTHETIC,hash_bnk_002327,True
2328,BUNKER_MGO_SINGAPORE,2025-04-10 00:00:00,2025-04-10 18:00:00,991.46,USD_PER_MT,2,v1.0,VALID,SYNTHETIC,hash_bnk_002328,True
2329,BUNKER_VLSFO_ROTTERDAM,2025-04-10 00:00:00,2025-04-10 18:00:00,719.54,USD_PER_MT,2,v1.0,VALID,SYNTHETIC,hash_bnk_002329,True
2330,BUNKER_VLSFO_PARADIP,2025-04-10 00:00:00,2025-04-10 18:00:00,808.18,USD_PER_MT,2,v1.0,VALID,SYNTHETIC,hash_bnk_002330,True
2331,BUNKER_VLSFO_SINGAPORE,2025-04-11 00:00:00,2025-04-11 18:00:00,763.75,USD_PER_MT,2,v1.0,VALID,SYNTHETIC,hash_bnk_002331,True
2332,BUNKER_IFO380_SINGAPORE,2025-04-11 00:00:00,2025-04-11 18:00:00,568.25,USD_PER_MT,2,v1.0,VALID,SYNTHETIC,hash_bnk_002332,True
2333,BUNKER_MGO_SINGAPORE,2025-04-11 00:00:00,2025-04-11 18:00:00,990.92,USD_PER_MT,2,v1.0,VALID,SYNTHETIC,hash_bnk_002333,True
2334,BUNKER_VLSFO_ROTTERDAM,2025-04-11 00:00:00,2025-04-11 18:00:00,725.45,USD_PER_MT,2,v1.0,VALID,SYNTHETIC,hash_bnk_002334,True
2335,BUNKER_VLSFO_PARADIP,2025-04-11 00:00:00,2025-04-11 18:00:00,807.89,USD_PER_MT,2,v1.0,VALID,SYNTHETIC,hash_bnk_002335,True
2336,BUNKER_VLSFO_SINGAPORE,2025-04-12 00:00:00,2025-04-12 18:00:00,767.56,USD_PER_MT,2,v1.0,VALID,SYNTHETIC,hash_bnk_002336,True
2337,BUNKER_IFO380_SINGAPORE,2025-04-12 00:00:00,2025-04-12 18:00:00,569.31,USD_PER_MT,2,v1.0,VALID,SYNTHETIC,hash_bnk_002337,True
2338,BUNKER_MGO_SINGAPORE,2025-04-12 00:00:00,2025-04-12 18:00:00,993.1,USD_PER_MT,2,v1.0,VALID,SYNTHETIC,hash_bnk_002338,True
2339,BUNKER_VLSFO_ROTTERDAM,2025-04-12 00:00:00,2025-04-12 18:00:00,728.71,USD_PER_MT,2,v1.0,VALID,SYNTHETIC,hash_bnk_002339,True
2340,BUNKER_VLSFO_PARADIP,2025-04-12 00:00:00,2025-04-12 18:00:00,807.21,USD_PER_MT,2,v1.0,VALID,SYNTHETIC,hash_bnk_002340,True
2341,BUNKER_VLSFO_SINGAPORE,2025-04-13 00:00:00,2025-04-13 18:00:00,759.19,USD_PER_MT,2,v1.0,VALID,SYNTHETIC,hash_bnk_002341,True
2342,BUNKER_IFO380_SINGAPORE,2025-04-13 00:00:00,2025-04-13 18:00:00,566.2,USD_PER_MT,2,v1.0,VALID,SYNTHETIC,hash_bnk_002342,True
2343,BUNKER_MGO_SINGAPORE,2025-04-13 00:00:00,2025-04-13 18:00:00,990.41,USD_PER_MT,2,v1.0,VALID,SYNTHETIC,hash_bnk_002343,True
2344,BUNKER_VLSFO_ROTTERDAM,2025-04-13 00:00:00,2025-04-13 18:00:00,726.49,USD_PER_MT,2,v1.0,VALID,SYNTHETIC,hash_bnk_002344,True
2345,BUNKER_VLSFO_PARADIP,2025-04-13 00:00:00,2025-04-13 18:00:00,805.66,USD_PER_MT,2,v1.0,VALID,SYNTHETIC,hash_bnk_002345,True
2346,BUNKER_VLSFO_SINGAPORE,2025-04-14 00:00:00,2025-04-14 18:00:00,760.41,USD_PER_MT,2,v1.0,VALID,SYNTHETIC,hash_bnk_002346,True
2347,BUNKER_IFO380_SINGAPORE,2025-04-14 00:00:00,2025-04-14 18:00:00,566.82,USD_PER_MT,2,v1.0,VALID,SYNTHETIC,hash_bnk_002347,True
2348,BUNKER_MGO_SINGAPORE,2025-04-14 00:00:00,2025-04-14 18:00:00,989.79,USD_PER_MT,2,v1.0,VALID,SYNTHETIC,hash_bnk_002348,True
2349,BUNKER_VLSFO_ROTTERDAM,2025-04-14 00:00:00,2025-04-14 18:00:00,724.13,USD_PER_MT,2,v1.0,VALID,SYNTHETIC,hash_bnk_002349,True
2350,BUNKER_VLSFO_PARADIP,2025-04-14 00:00:00,2025-04-14 18:00:00,800.52,USD_PER_MT,2,v1.0,VALID,SYNTHETIC,hash_bnk_002350,True
2351,BUNKER_VLSFO_SINGAPORE,2025-04-15 00:00:00,2025-04-15 18:00:00,761.19,USD_PER_MT,2,v1.0,VALID,SYNTHETIC,hash_bnk_002351,True
2352,BUNKER_IFO380_SINGAPORE,2025-04-15 00:00:00,2025-04-15 18:00:00,568.11,USD_PER_MT,2,v1.0,VALID,SYNTHETIC,hash_bnk_002352,True
2353,BUNKER_MGO_SINGAPORE,2025-04-15 00:00:00,2025-04-15 18:00:00,987.85,USD_PER_MT,2,v1.0,VALID,SYNTHETIC,hash_bnk_002353,True
2354,BUNKER_VLSFO_ROTTERDAM,2025-04-15 00:00:00,2025-04-15 18:00:00,718.71,USD_PER_MT,2,v1.0,VALID,SYNTHETIC,hash_bnk_002354,True
2355,BUNKER_VLSFO_PARADIP,2025-04-15 00:00:00,2025-04-15 18:00:00,795.82,USD_PER_MT,2,v1.0,VALID,SYNTHETIC,hash_bnk_002355,True
2356,BUNKER_VLSFO_SINGAPORE,2025-04-16 00:00:00,2025-04-16 18:00:00,765.05,USD_PER_MT,2,v1.0,VALID,SYNTHETIC,hash_bnk_002356,True
2357,BUNKER_IFO380_SINGAPORE,2025-04-16 00:00:00,2025-04-16 18:00:00,562.76,USD_PER_MT,2,v1.0,VALID,SYNTHETIC,hash_bnk_002357,True
2358,BUNKER_MGO_SINGAPORE,2025-04-16 00:00:00,2025-04-16 18:00:00,1001.97,USD_PER_MT,2,v1.0,VALID,SYNTHETIC,hash_bnk_002358,True
2359,BUNKER_VLSFO_ROTTERDAM,2025-04-16 00:00:00,2025-04-16 18:00:00,712.84,USD_PER_MT,2,v1.0,VALID,SYNTHETIC,hash_bnk_002359,True
2360,BUNKER_VLSFO_PARADIP,2025-04-16 00:00:00,2025-04-16 18:00:00,802.17,USD_PER_MT,2,v1.0,VALID,SYNTHETIC,hash_bnk_002360,True
2361,BUNKER_VLSFO_SINGAPORE,2025-04-17 00:00:00,2025-04-17 18:00:00,755.29,USD_PER_MT,2,v1.0,VALID,SYNTHETIC,hash_bnk_002361,True
2362,BUNKER_IFO380_SINGAPORE,2025-04-17 00:00:00,2025-04-17 18:00:00,562.37,USD_PER_MT,2,v1.0,VALID,SYNTHETIC,hash_bnk_002362,True
2363,BUNKER_MGO_SINGAPORE,2025-04-17 00:00:00,2025-04-17 18:00:00,985.62,USD_PER_MT,2,v1.0,VALID,SYNTHETIC,hash_bnk_002363,True
2364,BUNKER_VLSFO_ROTTERDAM,2025-04-17 00:00:00,2025-04-17 18:00:00,720.68,USD_PER_MT,2,v1.0,VALID,SYNTHETIC,hash_bnk_002364,True
2365,BUNKER_VLSFO_PARADIP,2025-04-17 00:00:00,2025-04-17 18:00:00,806.49,USD_PER_MT,2,v1.0,VALID,SYNTHETIC,hash_bnk_002365,True
2366,BUNKER_VLSFO_SINGAPORE,2025-04-18 00:00:00,2025-04-18 18:00:00,760.45,USD_PER_MT,2,v1.0,VALID,SYNTHETIC,hash_bnk_002366,True
2367,BUNKER_IFO380_SINGAPORE,2025-04-18 00:00:00,2025-04-18 18:00:00,560.48,USD_PER_MT,2,v1.0,VALID,SYNTHETIC,hash_bnk_002367,True
2368,BUNKER_MGO_SINGAPORE,2025-04-18 00:00:00,2025-04-18 18:00:00,992.7,USD_PER_MT,2,v1.0,VALID,SYNTHETIC,hash_bnk_002368,True
2369,BUNKER_VLSFO_ROTTERDAM,2025-04-18 00:00:00,2025-04-18 18:00:00,718.33,USD_PER_MT,2,v1.0,VALID,SYNTHETIC,hash_bnk_002369,True
2370,BUNKER_VLSFO_PARADIP,2025-04-18 00:00:00,2025-04-18 18:00:00,799.62,USD_PER_MT,2,v1.0,VALID,SYNTHETIC,hash_bnk_002370,True
2371,BUNKER_VLSFO_SINGAPORE,2025-04-19 00:00:00,2025-04-19 18:00:00,755.46,USD_PER_MT,2,v1.0,VALID,SYNTHETIC,hash_bnk_002371,True
2372,BUNKER_IFO380_SINGAPORE,2025-04-19 00:00:00,2025-04-19 18:00:00,558.25,USD_PER_MT,2,v1.0,VALID,SYNTHETIC,hash_bnk_002372,True
2373,BUNKER_MGO_SINGAPORE,2025-04-19 00:00:00,2025-04-19 18:00:00,994.04,USD_PER_MT,2,v1.0,VALID,SYNTHETIC,hash_bnk_002373,True
2374,BUNKER_VLSFO_ROTTERDAM,2025-04-19 00:00:00,2025-04-19 18:00:00,722.62,USD_PER_MT,2,v1.0,VALID,SYNTHETIC,hash_bnk_002374,True
2375,BUNKER_VLSFO_PARADIP,2025-04-19 00:00:00,2025-04-19 18:00:00,797.53,USD_PER_MT,2,v1.0,VALID,SYNTHETIC,hash_bnk_002375,True
2376,BUNKER_VLSFO_SINGAPORE,2025-04-20 00:00:00,2025-04-20 18:00:00,755.79,USD_PER_MT,2,v1.0,VALID,SYNTHETIC,hash_bnk_002376,True
2377,BUNKER_IFO380_SINGAPORE,2025-04-20 00:00:00,2025-04-20 18:00:00,561.88,USD_PER_MT,2,v1.0,VALID,SYNTHETIC,hash_bnk_002377,True
2378,BUNKER_MGO_SINGAPORE,2025-04-20 00:00:00,2025-04-20 18:00:00,986.71,USD_PER_MT,2,v1.0,VALID,SYNTHETIC,hash_bnk_002378,True
2379,BUNKER_VLSFO_ROTTERDAM,2025-04-20 00:00:00,2025-04-20 18:00:00,720.74,USD_PER_MT,2,v1.0,VALID,SYNTHETIC,hash_bnk_002379,True
2380,BUNKER_VLSFO_PARADIP,2025-04-20 00:00:00,2025-04-20 18:00:00,792.53,USD_PER_MT,2,v1.0,VALID,SYNTHETIC,hash_bnk_002380,True
2381,BUNKER_VLSFO_SINGAPORE,2025-04-21 00:00:00,2025-04-21 18:00:00,758.52,USD_PER_MT,2,v1.0,VALID,SYNTHETIC,hash_bnk_002381,True
2382,BUNKER_IFO380_SINGAPORE,2025-04-21 00:00:00,2025-04-21 18:00:00,561.1,USD_PER_MT,2,v1.0,VALID,SYNTHETIC,hash_bnk_002382,True
2383,BUNKER_MGO_SINGAPORE,2025-04-21 00:00:00,2025-04-21 18:00:00,987.61,USD_PER_MT,2,v1.0,VALID,SYNTHETIC,hash_bnk_002383,True
2384,BUNKER_VLSFO_ROTTERDAM,2025-04-21 00:00:00,2025-04-21 18:00:00,720.31,USD_PER_MT,2,v1.0,VALID,SYNTHETIC,hash_bnk_002384,True
2385,BUNKER_VLSFO_PARADIP,2025-04-21 00:00:00,2025-04-21 18:00:00,799.23,USD_PER_MT,2,v1.0,VALID,SYNTHETIC,hash_bnk_002385,True
2386,BUNKER_VLSFO_SINGAPORE,2025-04-22 00:00:00,2025-04-22 18:00:00,752.56,USD_PER_MT,2,v1.0,VALID,SYNTHETIC,hash_bnk_002386,True
2387,BUNKER_IFO380_SINGAPORE,2025-04-22 00:00:00,2025-04-22 18:00:00,557.26,USD_PER_MT,2,v1.0,VALID,SYNTHETIC,hash_bnk_002387,True
2388,BUNKER_MGO_SINGAPORE,2025-04-22 00:00:00,2025-04-22 18:00:00,988.05,USD_PER_MT,2,v1.0,VALID,SYNTHETIC,hash_bnk_002388,True
2389,BUNKER_VLSFO_ROTTERDAM,2025-04-22 00:00:00,2025-04-22 18:00:00,718.33,USD_PER_MT,2,v1.0,VALID,SYNTHETIC,hash_bnk_002389,True
2390,BUNKER_VLSFO_PARADIP,2025-04-22 00:00:00,2025-04-22 18:00:00,795.12,USD_PER_MT,2,v1.0,VALID,SYNTHETIC,hash_bnk_002390,True
2391,BUNKER_VLSFO_SINGAPORE,2025-04-23 00:00:00,2025-04-23 18:00:00,752.95,USD_PER_MT,2,v1.0,VALID,SYNTHETIC,hash_bnk_002391,True
2392,BUNKER_IFO380_SINGAPORE,2025-04-23 00:00:00,2025-04-23 18:00:00,557.79,USD_PER_MT,2,v1.0,VALID,SYNTHETIC,hash_bnk_002392,True
2393,BUNKER_MGO_SINGAPORE,2025-04-23 00:00:00,2025-04-23 18:00:00,985.41,USD_PER_MT,2,v1.0,VALID,SYNTHETIC,hash_bnk_002393,True
2394,BUNKER_VLSFO_ROTTERDAM,2025-04-23 00:00:00,2025-04-23 18:00:00,722.23,USD_PER_MT,2,v1.0,VALID,SYNTHETIC,hash_bnk_002394,True
2395,BUNKER_VLSFO_PARADIP,2025-04-23 00:00:00,2025-04-23 18:00:00,794.55,USD_PER_MT,2,v1.0,VALID,SYNTHETIC,hash_bnk_002395,True
2396,BUNKER_VLSFO_SINGAPORE,2025-04-24 00:00:00,2025-04-24 18:00:00,755.95,USD_PER_MT,2,v1.0,VALID,SYNTHETIC,hash_bnk_002396,True
2397,BUNKER_IFO380_SINGAPORE,2025-04-24 00:00:00,2025-04-24 18:00:00,552.86,USD_PER_MT,2,v1.0,VALID,SYNTHETIC,hash_bnk_002397,True
2398,BUNKER_MGO_SINGAPORE,2025-04-24 00:00:00,2025-04-24 18:00:00,984.29,USD_PER_MT,2,v1.0,VALID,SYNTHETIC,hash_bnk_002398,True
2399,BUNKER_VLSFO_ROTTERDAM,2025-04-24 00:00:00,2025-04-24 18:00:00,710.32,USD_PER_MT,2,v1.0,VALID,SYNTHETIC,hash_bnk_002399,True
2400,BUNKER_VLSFO_PARADIP,2025-04-24 00:00:00,2025-04-24 18:00:00,795.0,USD_PER_MT,2,v1.0,VALID,SYNTHETIC,hash_bnk_002400,True
2401,BUNKER_VLSFO_SINGAPORE,2025-04-25 00:00:00,2025-04-25 18:00:00,758.06,USD_PER_MT,2,v1.0,VALID,SYNTHETIC,hash_bnk_002401,True
2402,BUNKER_IFO380_SINGAPORE,2025-04-25 00:00:00,2025-04-25 18:00:00,558.14,USD_PER_MT,2,v1.0,VALID,SYNTHETIC,hash_bnk_002402,True
2403,BUNKER_MGO_SINGAPORE,2025-04-25 00:00:00,2025-04-25 18:00:00,987.62,USD_PER_MT,2,v1.0,VALID,SYNTHETIC,hash_bnk_002403,True
2404,BUNKER_VLSFO_ROTTERDAM,2025-04-25 00:00:00,2025-04-25 18:00:00,715.24,USD_PER_MT,2,v1.0,VALID,SYNTHETIC,hash_bnk_002404,True
2405,BUNKER_VLSFO_PARADIP,2025-04-25 00:00:00,2025-04-25 18:00:00,792.56,USD_PER_MT,2,v1.0,VALID,SYNTHETIC,hash_bnk_002405,True
2406,BUNKER_VLSFO_SINGAPORE,2025-04-26 00:00:00,2025-04-26 18:00:00,754.74,USD_PER_MT,2,v1.0,VALID,SYNTHETIC,hash_bnk_002406,True
2407,BUNKER_IFO380_SINGAPORE,2025-04-26 00:00:00,2025-04-26 18:00:00,554.94,USD_PER_MT,2,v1.0,VALID,SYNTHETIC,hash_bnk_002407,True
2408,BUNKER_MGO_SINGAPORE,2025-04-26 00:00:00,2025-04-26 18:00:00,980.25,USD_PER_MT,2,v1.0,VALID,SYNTHETIC,hash_bnk_002408,True
2409,BUNKER_VLSFO_ROTTERDAM,2025-04-26 00:00:00,2025-04-26 18:00:00,713.19,USD_PER_MT,2,v1.0,VALID,SYNTHETIC,hash_bnk_002409,True
2410,BUNKER_VLSFO_PARADIP,2025-04-26 00:00:00,2025-04-26 18:00:00,798.91,USD_PER_MT,2,v1.0,VALID,SYNTHETIC,hash_bnk_002410,True
2411,BUNKER_VLSFO_SINGAPORE,2025-04-27 00:00:00,2025-04-27 18:00:00,746.45,USD_PER_MT,2,v1.0,VALID,SYNTHETIC,hash_bnk_002411,True
2412,BUNKER_IFO380_SINGAPORE,2025-04-27 00:00:00,2025-04-27 18:00:00,554.04,USD_PER_MT,2,v1.0,VALID,SYNTHETIC,hash_bnk_002412,True
2413,BUNKER_MGO_SINGAPORE,2025-04-27 00:00:00,2025-04-27 18:00:00,980.91,USD_PER_MT,2,v1.0,VALID,SYNTHETIC,hash_bnk_002413,True
2414,BUNKER_VLSFO_ROTTERDAM,2025-04-27 00:00:00,2025-04-27 18:00:00,711.45,USD_PER_MT,2,v1.0,VALID,SYNTHETIC,hash_bnk_002414,True
2415,BUNKER_VLSFO_PARADIP,2025-04-27 00:00:00,2025-04-27 18:00:00,789.07,USD_PER_MT,2,v1.0,VALID,SYNTHETIC,hash_bnk_002415,True
2416,BUNKER_VLSFO_SINGAPORE,2025-04-28 00:00:00,2025-04-28 18:00:00,748.82,USD_PER_MT,2,v1.0,VALID,SYNTHETIC,hash_bnk_002416,True
2417,BUNKER_IFO380_SINGAPORE,2025-04-28 00:00:00,2025-04-28 18:00:00,553.57,USD_PER_MT,2,v1.0,VALID,SYNTHETIC,hash_bnk_002417,True
2418,BUNKER_MGO_SINGAPORE,2025-04-28 00:00:00,2025-04-28 18:00:00,979.0,USD_PER_MT,2,v1.0,VALID,SYNTHETIC,hash_bnk_002418,True
2419,BUNKER_VLSFO_ROTTERDAM,2025-04-28 00:00:00,2025-04-28 18:00:00,708.72,USD_PER_MT,2,v1.0,VALID,SYNTHETIC,hash_bnk_002419,True
2420,BUNKER_VLSFO_PARADIP,2025-04-28 00:00:00,2025-04-28 18:00:00,790.94,USD_PER_MT,2,v1.0,VALID,SYNTHETIC,hash_bnk_002420,True
2421,BUNKER_VLSFO_SINGAPORE,2025-04-29 00:00:00,2025-04-29 18:00:00,754.87,USD_PER_MT,2,v1.0,VALID,SYNTHETIC,hash_bnk_002421,True
2422,BUNKER_IFO380_SINGAPORE,2025-04-29 00:00:00,2025-04-29 18:00:00,554.69,USD_PER_MT,2,v1.0,VALID,SYNTHETIC,hash_bnk_002422,True
2423,BUNKER_MGO_SINGAPORE,2025-04-29 00:00:00,2025-04-29 18:00:00,976.36,USD_PER_MT,2,v1.0,VALID,SYNTHETIC,hash_bnk_002423,True
2424,BUNKER_VLSFO_ROTTERDAM,2025-04-29 00:00:00,2025-04-29 18:00:00,708.49,USD_PER_MT,2,v1.0,VALID,SYNTHETIC,hash_bnk_002424,True
2425,BUNKER_VLSFO_PARADIP,2025-04-29 00:00:00,2025-04-29 18:00:00,789.83,USD_PER_MT,2,v1.0,VALID,SYNTHETIC,hash_bnk_002425,True
2426,BUNKER_VLSFO_SINGAPORE,2025-04-30 00:00:00,2025-04-30 18:00:00,745.0,USD_PER_MT,2,v1.0,VALID,SYNTHETIC,hash_bnk_002426,True
2427,BUNKER_IFO380_SINGAPORE,2025-04-30 00:00:00,2025-04-30 18:00:00,551.26,USD_PER_MT,2,v1.0,VALID,SYNTHETIC,hash_bnk_002427,True
2428,BUNKER_MGO_SINGAPORE,2025-04-30 00:00:00,2025-04-30 18:00:00,979.66,USD_PER_MT,2,v1.0,VALID,SYNTHETIC,hash_bnk_002428,True
2429,BUNKER_VLSFO_ROTTERDAM,2025-04-30 00:00:00,2025-04-30 18:00:00,712.46,USD_PER_MT,2,v1.0,VALID,SYNTHETIC,hash_bnk_002429,True
2430,BUNKER_VLSFO_PARADIP,2025-04-30 00:00:00,2025-04-30 18:00:00,795.33,USD_PER_MT,2,v1.0,VALID,SYNTHETIC,hash_bnk_002430,True
2431,BUNKER_VLSFO_SINGAPORE,2025-05-01 00:00:00,2025-05-01 18:00:00,748.53,USD_PER_MT,2,v1.0,VALID,SYNTHETIC,hash_bnk_002431,True
2432,BUNKER_IFO380_SINGAPORE,2025-05-01 00:00:00,2025-05-01 18:00:00,544.54,USD_PER_MT,2,v1.0,VALID,SYNTHETIC,hash_bnk_002432,True
2433,BUNKER_MGO_SINGAPORE,2025-05-01 00:00:00,2025-05-01 18:00:00,975.04,USD_PER_MT,2,v1.0,VALID,SYNTHETIC,hash_bnk_002433,True
2434,BUNKER_VLSFO_ROTTERDAM,2025-05-01 00:00:00,2025-05-01 18:00:00,707.16,USD_PER_MT,2,v1.0,VALID,SYNTHETIC,hash_bnk_002434,True
2435,BUNKER_VLSFO_PARADIP,2025-05-01 00:00:00,2025-05-01 18:00:00,785.41,USD_PER_MT,2,v1.0,VALID,SYNTHETIC,hash_bnk_002435,True
2436,BUNKER_VLSFO_SINGAPORE,2025-05-02 00:00:00,2025-05-02 18:00:00,742.67,USD_PER_MT,2,v1.0,VALID,SYNTHETIC,hash_bnk_002436,True
2437,BUNKER_IFO380_SINGAPORE,2025-05-02 00:00:00,2025-05-02 18:00:00,545.65,USD_PER_MT,2,v1.0,VALID,SYNTHETIC,hash_bnk_002437,True
2438,BUNKER_MGO_SINGAPORE,2025-05-02 00:00:00,2025-05-02 18:00:00,977.79,USD_PER_MT,2,v1.0,VALID,SYNTHETIC,hash_bnk_002438,True
2439,BUNKER_VLSFO_ROTTERDAM,2025-05-02 00:00:00,2025-05-02 18:00:00,712.61,USD_PER_MT,2,v1.0,VALID,SYNTHETIC,hash_bnk_002439,True
2440,BUNKER_VLSFO_PARADIP,2025-05-02 00:00:00,2025-05-02 18:00:00,790.05,USD_PER_MT,2,v1.0,VALID,SYNTHETIC,hash_bnk_002440,True
2441,BUNKER_VLSFO_SINGAPORE,2025-05-03 00:00:00,2025-05-03 18:00:00,742.97,USD_PER_MT,2,v1.0,VALID,SYNTHETIC,hash_bnk_002441,True
2442,BUNKER_IFO380_SINGAPORE,2025-05-03 00:00:00,2025-05-03 18:00:00,551.39,USD_PER_MT,2,v1.0,VALID,SYNTHETIC,hash_bnk_002442,True
2443,BUNKER_MGO_SINGAPORE,2025-05-03 00:00:00,2025-05-03 18:00:00,979.07,USD_PER_MT,2,v1.0,VALID,SYNTHETIC,hash_bnk_002443,True
2444,BUNKER_VLSFO_ROTTERDAM,2025-05-03 00:00:00,2025-05-03 18:00:00,710.63,USD_PER_MT,2,v1.0,VALID,SYNTHETIC,hash_bnk_002444,True
2445,BUNKER_VLSFO_PARADIP,2025-05-03 00:00:00,2025-05-03 18:00:00,784.76,USD_PER_MT,2,v1.0,VALID,SYNTHETIC,hash_bnk_002445,True
2446,BUNKER_VLSFO_SINGAPORE,2025-05-04 00:00:00,2025-05-04 18:00:00,740.87,USD_PER_MT,2,v1.0,VALID,SYNTHETIC,hash_bnk_002446,True
2447,BUNKER_IFO380_SINGAPORE,2025-05-04 00:00:00,2025-05-04 18:00:00,549.97,USD_PER_MT,2,v1.0,VALID,SYNTHETIC,hash_bnk_002447,True
2448,BUNKER_MGO_SINGAPORE,2025-05-04 00:00:00,2025-05-04 18:00:00,969.91,USD_PER_MT,2,v1.0,VALID,SYNTHETIC,hash_bnk_002448,True
2449,BUNKER_VLSFO_ROTTERDAM,2025-05-04 00:00:00,2025-05-04 18:00:00,706.89,USD_PER_MT,2,v1.0,VALID,SYNTHETIC,hash_bnk_002449,True
2450,BUNKER_VLSFO_PARADIP,2025-05-04 00:00:00,2025-05-04 18:00:00,782.55,USD_PER_MT,2,v1.0,VALID,SYNTHETIC,hash_bnk_002450,True
2451,BUNKER_VLSFO_SINGAPORE,2025-05-05 00:00:00,2025-05-05 18:00:00,746.51,USD_PER_MT,2,v1.0,VALID,SYNTHETIC,hash_bnk_002451,True
2452,BUNKER_IFO380_SINGAPORE,2025-05-05 00:00:00,2025-05-05 18:00:00,553.07,USD_PER_MT,2,v1.0,VALID,SYNTHETIC,hash_bnk_002452,True
2453,BUNKER_MGO_SINGAPORE,2025-05-05 00:00:00,2025-05-05 18:00:00,967.7,USD_PER_MT,2,v1.0,VALID,SYNTHETIC,hash_bnk_002453,True
2454,BUNKER_VLSFO_ROTTERDAM,2025-05-05 00:00:00,2025-05-05 18:00:00,706.39,USD_PER_MT,2,v1.0,VALID,SYNTHETIC,hash_bnk_002454,True
2455,BUNKER_VLSFO_PARADIP,2025-05-05 00:00:00,2025-05-05 18:00:00,783.94,USD_PER_MT,2,v1.0,VALID,SYNTHETIC,hash_bnk_002455,True
2456,BUNKER_VLSFO_SINGAPORE,2025-05-06 00:00:00,2025-05-06 18:00:00,745.99,USD_PER_MT,2,v1.0,VALID,SYNTHETIC,hash_bnk_002456,True
2457,BUNKER_IFO380_SINGAPORE,2025-05-06 00:00:00,2025-05-06 18:00:00,549.76,USD_PER_MT,2,v1.0,VALID,SYNTHETIC,hash_bnk_002457,True
2458,BUNKER_MGO_SINGAPORE,2025-05-06 00:00:00,2025-05-06 18:00:00,972.12,USD_PER_MT,2,v1.0,VALID,SYNTHETIC,hash_bnk_002458,True
2459,BUNKER_VLSFO_ROTTERDAM,2025-05-06 00:00:00,2025-05-06 18:00:00,703.88,USD_PER_MT,2,v1.0,VALID,SYNTHETIC,hash_bnk_002459,True
2460,BUNKER_VLSFO_PARADIP,2025-05-06 00:00:00,2025-05-06 18:00:00,781.92,USD_PER_MT,2,v1.0,VALID,SYNTHETIC,hash_bnk_002460,True
2461,BUNKER_VLSFO_SINGAPORE,2025-05-07 00:00:00,2025-05-07 18:00:00,744.19,USD_PER_MT,2,v1.0,VALID,SYNTHETIC,hash_bnk_002461,True
2462,BUNKER_IFO380_SINGAPORE,2025-05-07 00:00:00,2025-05-07 18:00:00,550.75,USD_PER_MT,2,v1.0,VALID,SYNTHETIC,hash_bnk_002462,True
2463,BUNKER_MGO_SINGAPORE,2025-05-07 00:00:00,2025-05-07 18:00:00,970.15,USD_PER_MT,2,v1.0,VALID,SYNTHETIC,hash_bnk_002463,True
2464,BUNKER_VLSFO_ROTTERDAM,2025-05-07 00:00:00,2025-05-07 18:00:00,701.13,USD_PER_MT,2,v1.0,VALID,SYNTHETIC,hash_bnk_002464,True
2465,BUNKER_VLSFO_PARADIP,2025-05-07 00:00:00,2025-05-07 18:00:00,783.22,USD_PER_MT,2,v1.0,VALID,SYNTHETIC,hash_bnk_002465,True
2466,BUNKER_VLSFO_SINGAPORE,2025-05-08 00:00:00,2025-05-08 18:00:00,727.8,USD_PER_MT,2,v1.0,VALID,SYNTHETIC,hash_bnk_002466,True
2467,BUNKER_IFO380_SINGAPORE,2025-05-08 00:00:00,2025-05-08 18:00:00,545.17,USD_PER_MT,2,v1.0,VALID,SYNTHETIC,hash_bnk_002467,True
2468,BUNKER_MGO_SINGAPORE,2025-05-08 00:00:00,2025-05-08 18:00:00,967.48,USD_PER_MT,2,v1.0,VALID,SYNTHETIC,hash_bnk_002468,True
2469,BUNKER_VLSFO_ROTTERDAM,2025-05-08 00:00:00,2025-05-08 18:00:00,703.31,USD_PER_MT,2,v1.0,VALID,SYNTHETIC,hash_bnk_002469,True
2470,BUNKER_VLSFO_PARADIP,2025-05-08 00:00:00,2025-05-08 18:00:00,781.96,USD_PER_MT,2,v1.0,VALID,SYNTHETIC,hash_bnk_002470,True
2471,BUNKER_VLSFO_SINGAPORE,2025-05-09 00:00:00,2025-05-09 18:00:00,733.87,USD_PER_MT,2,v1.0,VALID,SYNTHETIC,hash_bnk_002471,True
2472,BUNKER_IFO380_SINGAPORE,2025-05-09 00:00:00,2025-05-09 18:00:00,553.31,USD_PER_MT,2,v1.0,VALID,SYNTHETIC,hash_bnk_002472,True
2473,BUNKER_MGO_SINGAPORE,2025-05-09 00:00:00,2025-05-09 18:00:00,964.98,USD_PER_MT,2,v1.0,VALID,SYNTHETIC,hash_bnk_002473,True
2474,BUNKER_VLSFO_ROTTERDAM,2025-05-09 00:00:00,2025-05-09 18:00:00,711.12,USD_PER_MT,2,v1.0,VALID,SYNTHETIC,hash_bnk_002474,True
2475,BUNKER_VLSFO_PARADIP,2025-05-09 00:00:00,2025-05-09 18:00:00,786.17,USD_PER_MT,2,v1.0,VALID,SYNTHETIC,hash_bnk_002475,True
2476,BUNKER_VLSFO_SINGAPORE,2025-05-10 00:00:00,2025-05-10 18:00:00,730.25,USD_PER_MT,2,v1.0,VALID,SYNTHETIC,hash_bnk_002476,True
2477,BUNKER_IFO380_SINGAPORE,2025-05-10 00:00:00,2025-05-10 18:00:00,538.63,USD_PER_MT,2,v1.0,VALID,SYNTHETIC,hash_bnk_002477,True
2478,BUNKER_MGO_SINGAPORE,2025-05-10 00:00:00,2025-05-10 18:00:00,968.4,USD_PER_MT,2,v1.0,VALID,SYNTHETIC,hash_bnk_002478,True
2479,BUNKER_VLSFO_ROTTERDAM,2025-05-10 00:00:00,2025-05-10 18:00:00,689.05,USD_PER_MT,2,v1.0,VALID,SYNTHETIC,hash_bnk_002479,True
2480,BUNKER_VLSFO_PARADIP,2025-05-10 00:00:00,2025-05-10 18:00:00,780.77,USD_PER_MT,2,v1.0,VALID,SYNTHETIC,hash_bnk_002480,True
2481,BUNKER_VLSFO_SINGAPORE,2025-05-11 00:00:00,2025-05-11 18:00:00,731.29,USD_PER_MT,2,v1.0,VALID,SYNTHETIC,hash_bnk_002481,True
2482,BUNKER_IFO380_SINGAPORE,2025-05-11 00:00:00,2025-05-11 18:00:00,545.41,USD_PER_MT,2,v1.0,VALID,SYNTHETIC,hash_bnk_002482,True
2483,BUNKER_MGO_SINGAPORE,2025-05-11 00:00:00,2025-05-11 18:00:00,963.77,USD_PER_MT,2,v1.0,VALID,SYNTHETIC,hash_bnk_002483,True
2484,BUNKER_VLSFO_ROTTERDAM,2025-05-11 00:00:00,2025-05-11 18:00:00,695.63,USD_PER_MT,2,v1.0,VALID,SYNTHETIC,hash_bnk_002484,True
2485,BUNKER_VLSFO_PARADIP,2025-05-11 00:00:00,2025-05-11 18:00:00,781.71,USD_PER_MT,2,v1.0,VALID,SYNTHETIC,hash_bnk_002485,True
2486,BUNKER_VLSFO_SINGAPORE,2025-05-12 00:00:00,2025-05-12 18:00:00,734.61,USD_PER_MT,2,v1.0,VALID,SYNTHETIC,hash_bnk_002486,True
2487,BUNKER_IFO380_SINGAPORE,2025-05-12 00:00:00,2025-05-12 18:00:00,546.73,USD_PER_MT,2,v1.0,VALID,SYNTHETIC,hash_bnk_002487,True
2488,BUNKER_MGO_SINGAPORE,2025-05-12 00:00:00,2025-05-12 18:00:00,957.43,USD_PER_MT,2,v1.0,VALID,SYNTHETIC,hash_bnk_002488,True
2489,BUNKER_VLSFO_ROTTERDAM,2025-05-12 00:00:00,2025-05-12 18:00:00,703.98,USD_PER_MT,2,v1.0,VALID,SYNTHETIC,hash_bnk_002489,True
2490,BUNKER_VLSFO_PARADIP,2025-05-12 00:00:00,2025-05-12 18:00:00,782.71,USD_PER_MT,2,v1.0,VALID,SYNTHETIC,hash_bnk_002490,True
2491,BUNKER_VLSFO_SINGAPORE,2025-05-13 00:00:00,2025-05-13 18:00:00,729.93,USD_PER_MT,2,v1.0,VALID,SYNTHETIC,hash_bnk_002491,True
2492,BUNKER_IFO380_SINGAPORE,2025-05-13 00:00:00,2025-05-13 18:00:00,541.24,USD_PER_MT,2,v1.0,VALID,SYNTHETIC,hash_bnk_002492,True
2493,BUNKER_MGO_SINGAPORE,2025-05-13 00:00:00,2025-05-13 18:00:00,960.34,USD_PER_MT,2,v1.0,VALID,SYNTHETIC,hash_bnk_002493,True
2494,BUNKER_VLSFO_ROTTERDAM,2025-05-13 00:00:00,2025-05-13 18:00:00,698.45,USD_PER_MT,2,v1.0,VALID,SYNTHETIC,hash_bnk_002494,True
2495,BUNKER_VLSFO_PARADIP,2025-05-13 00:00:00,2025-05-13 18:00:00,772.37,USD_PER_MT,2,v1.0,VALID,SYNTHETIC,hash_bnk_002495,True
2496,BUNKER_VLSFO_SINGAPORE,2025-05-14 00:00:00,2025-05-14 18:00:00,730.3,USD_PER_MT,2,v1.0,VALID,SYNTHETIC,hash_bnk_002496,True
2497,BUNKER_IFO380_SINGAPORE,2025-05-14 00:00:00,2025-05-14 18:00:00,544.34,USD_PER_MT,2,v1.0,VALID,SYNTHETIC,hash_bnk_002497,True
2498,BUNKER_MGO_SINGAPORE,2025-05-14 00:00:00,2025-05-14 18:00:00,962.93,USD_PER_MT,2,v1.0,VALID,SYNTHETIC,hash_bnk_002498,True
2499,BUNKER_VLSFO_ROTTERDAM,2025-05-14 00:00:00,2025-05-14 18:00:00,696.06,USD_PER_MT,2,v1.0,VALID,SYNTHETIC,hash_bnk_002499,True
2500,BUNKER_VLSFO_PARADIP,2025-05-14 00:00:00,2025-05-14 18:00:00,772.41,USD_PER_MT,2,v1.0,VALID,SYNTHETIC,hash_bnk_002500,True
2501,BUNKER_VLSFO_SINGAPORE,2025-05-15 00:00:00,2025-05-15 18:00:00,728.84,USD_PER_MT,2,v1.0,VALID,SYNTHETIC,hash_bnk_002501,True
2502,BUNKER_IFO380_SINGAPORE,2025-05-15 00:00:00,2025-05-15 18:00:00,542.05,USD_PER_MT,2,v1.0,VALID,SYNTHETIC,hash_bnk_002502,True
2503,BUNKER_MGO_SINGAPORE,2025-05-15 00:00:00,2025-05-15 18:00:00,966.26,USD_PER_MT,2,v1.0,VALID,SYNTHETIC,hash_bnk_002503,True
2504,BUNKER_VLSFO_ROTTERDAM,2025-05-15 00:00:00,2025-05-15 18:00:00,695.44,USD_PER_MT,2,v1.0,VALID,SYNTHETIC,hash_bnk_002504,True
2505,BUNKER_VLSFO_PARADIP,2025-05-15 00:00:00,2025-05-15 18:00:00,783.94,USD_PER_MT,2,v1.0,VALID,SYNTHETIC,hash_bnk_002505,True
2506,BUNKER_VLSFO_SINGAPORE,2025-05-16 00:00:00,2025-05-16 18:00:00,727.14,USD_PER_MT,2,v1.0,VALID,SYNTHETIC,hash_bnk_002506,True
2507,BUNKER_IFO380_SINGAPORE,2025-05-16 00:00:00,2025-05-16 18:00:00,544.97,USD_PER_MT,2,v1.0,VALID,SYNTHETIC,hash_bnk_002507,True
2508,BUNKER_MGO_SINGAPORE,2025-05-16 00:00:00,2025-05-16 18:00:00,954.38,USD_PER_MT,2,v1.0,VALID,SYNTHETIC,hash_bnk_002508,True
2509,BUNKER_VLSFO_ROTTERDAM,2025-05-16 00:00:00,2025-05-16 18:00:00,699.51,USD_PER_MT,2,v1.0,VALID,SYNTHETIC,hash_bnk_002509,True
2510,BUNKER_VLSFO_PARADIP,2025-05-16 00:00:00,2025-05-16 18:00:00,771.32,USD_PER_MT,2,v1.0,VALID,SYNTHETIC,hash_bnk_002510,True
2511,BUNKER_VLSFO_SINGAPORE,2025-05-17 00:00:00,2025-05-17 18:00:00,731.76,USD_PER_MT,2,v1.0,VALID,SYNTHETIC,hash_bnk_002511,True
2512,BUNKER_IFO380_SINGAPORE,2025-05-17 00:00:00,2025-05-17 18:00:00,546.34,USD_PER_MT,2,v1.0,VALID,SYNTHETIC,hash_bnk_002512,True
2513,BUNKER_MGO_SINGAPORE,2025-05-17 00:00:00,2025-05-17 18:00:00,948.52,USD_PER_MT,2,v1.0,VALID,SYNTHETIC,hash_bnk_002513,True
2514,BUNKER_VLSFO_ROTTERDAM,2025-05-17 00:00:00,2025-05-17 18:00:00,698.86,USD_PER_MT,2,v1.0,VALID,SYNTHETIC,hash_bnk_002514,True
2515,BUNKER_VLSFO_PARADIP,2025-05-17 00:00:00,2025-05-17 18:00:00,769.45,USD_PER_MT,2,v1.0,VALID,SYNTHETIC,hash_bnk_002515,True
2516,BUNKER_VLSFO_SINGAPORE,2025-05-18 00:00:00,2025-05-18 18:00:00,729.38,USD_PER_MT,2,v1.0,VALID,SYNTHETIC,hash_bnk_002516,True
2517,BUNKER_IFO380_SINGAPORE,2025-05-18 00:00:00,2025-05-18 18:00:00,541.6,USD_PER_MT,2,v1.0,VALID,SYNTHETIC,hash_bnk_002517,True
2518,BUNKER_MGO_SINGAPORE,2025-05-18 00:00:00,2025-05-18 18:00:00,949.46,USD_PER_MT,2,v1.0,VALID,SYNTHETIC,hash_bnk_002518,True
2519,BUNKER_VLSFO_ROTTERDAM,2025-05-18 00:00:00,2025-05-18 18:00:00,687.51,USD_PER_MT,2,v1.0,VALID,SYNTHETIC,hash_bnk_002519,True
2520,BUNKER_VLSFO_PARADIP,2025-05-18 00:00:00,2025-05-18 18:00:00,769.39,USD_PER_MT,2,v1.0,VALID,SYNTHETIC,hash_bnk_002520,True
2521,BUNKER_VLSFO_SINGAPORE,2025-05-19 00:00:00,2025-05-19 18:00:00,726.61,USD_PER_MT,2,v1.0,VALID,SYNTHETIC,hash_bnk_002521,True
2522,BUNKER_IFO380_SINGAPORE,2025-05-19 00:00:00,2025-05-19 18:00:00,547.91,USD_PER_MT,2,v1.0,VALID,SYNTHETIC,hash_bnk_002522,True
2523,BUNKER_MGO_SINGAPORE,2025-05-19 00:00:00,2025-05-19 18:00:00,952.01,USD_PER_MT,2,v1.0,VALID,SYNTHETIC,hash_bnk_002523,True
2524,BUNKER_VLSFO_ROTTERDAM,2025-05-19 00:00:00,2025-05-19 18:00:00,690.97,USD_PER_MT,2,v1.0,VALID,SYNTHETIC,hash_bnk_002524,True
2525,BUNKER_VLSFO_PARADIP,2025-05-19 00:00:00,2025-05-19 18:00:00,777.97,USD_PER_MT,2,v1.0,VALID,SYNTHETIC,hash_bnk_002525,True
2526,BUNKER_VLSFO_SINGAPORE,2025-05-20 00:00:00,2025-05-20 18:00:00,726.37,USD_PER_MT,2,v1.0,VALID,SYNTHETIC,hash_bnk_002526,True
2527,BUNKER_IFO380_SINGAPORE,2025-05-20 00:00:00,2025-05-20 18:00:00,539.91,USD_PER_MT,2,v1.0,VALID,SYNTHETIC,hash_bnk_002527,True
2528,BUNKER_MGO_SINGAPORE,2025-05-20 00:00:00,2025-05-20 18:00:00,951.9,USD_PER_MT,2,v1.0,VALID,SYNTHETIC,hash_bnk_002528,True
2529,BUNKER_VLSFO_ROTTERDAM,2025-05-20 00:00:00,2025-05-20 18:00:00,695.35,USD_PER_MT,2,v1.0,VALID,SYNTHETIC,hash_bnk_002529,True
2530,BUNKER_VLSFO_PARADIP,2025-05-20 00:00:00,2025-05-20 18:00:00,774.4,USD_PER_MT,2,v1.0,VALID,SYNTHETIC,hash_bnk_002530,True
2531,BUNKER_VLSFO_SINGAPORE,2025-05-21 00:00:00,2025-05-21 18:00:00,721.34,USD_PER_MT,2,v1.0,VALID,SYNTHETIC,hash_bnk_002531,True
2532,BUNKER_IFO380_SINGAPORE,2025-05-21 00:00:00,2025-05-21 18:00:00,533.84,USD_PER_MT,2,v1.0,VALID,SYNTHETIC,hash_bnk_002532,True
2533,BUNKER_MGO_SINGAPORE,2025-05-21 00:00:00,2025-05-21 18:00:00,941.95,USD_PER_MT,2,v1.0,VALID,SYNTHETIC,hash_bnk_002533,True
2534,BUNKER_VLSFO_ROTTERDAM,2025-05-21 00:00:00,2025-05-21 18:00:00,687.83,USD_PER_MT,2,v1.0,VALID,SYNTHETIC,hash_bnk_002534,True
2535,BUNKER_VLSFO_PARADIP,2025-05-21 00:00:00,2025-05-21 18:00:00,762.75,USD_PER_MT,2,v1.0,VALID,SYNTHETIC,hash_bnk_002535,True
2536,BUNKER_VLSFO_SINGAPORE,2025-05-22 00:00:00,2025-05-22 18:00:00,722.55,USD_PER_MT,2,v1.0,VALID,SYNTHETIC,hash_bnk_002536,True
2537,BUNKER_IFO380_SINGAPORE,2025-05-22 00:00:00,2025-05-22 18:00:00,534.97,USD_PER_MT,2,v1.0,VALID,SYNTHETIC,hash_bnk_002537,True
2538,BUNKER_MGO_SINGAPORE,2025-05-22 00:00:00,2025-05-22 18:00:00,958.87,USD_PER_MT,2,v1.0,VALID,SYNTHETIC,hash_bnk_002538,True
2539,BUNKER_VLSFO_ROTTERDAM,2025-05-22 00:00:00,2025-05-22 18:00:00,697.44,USD_PER_MT,2,v1.0,VALID,SYNTHETIC,hash_bnk_002539,True
2540,BUNKER_VLSFO_PARADIP,2025-05-22 00:00:00,2025-05-22 18:00:00,763.23,USD_PER_MT,2,v1.0,VALID,SYNTHETIC,hash_bnk_002540,True
2541,BUNKER_VLSFO_SINGAPORE,2025-05-23 00:00:00,2025-05-23 18:00:00,733.67,USD_PER_MT,2,v1.0,VALID,SYNTHETIC,hash_bnk_002541,True
2542,BUNKER_IFO380_SINGAPORE,2025-05-23 00:00:00,2025-05-23 18:00:00,536.56,USD_PER_MT,2,v1.0,VALID,SYNTHETIC,hash_bnk_002542,True
2543,BUNKER_MGO_SINGAPORE,2025-05-23 00:00:00,2025-05-23 18:00:00,948.24,USD_PER_MT,2,v1.0,VALID,SYNTHETIC,hash_bnk_002543,True
2544,BUNKER_VLSFO_ROTTERDAM,2025-05-23 00:00:00,2025-05-23 18:00:00,691.33,USD_PER_MT,2,v1.0,VALID,SYNTHETIC,hash_bnk_002544,True
2545,BUNKER_VLSFO_PARADIP,2025-05-23 00:00:00,2025-05-23 18:00:00,759.89,USD_PER_MT,2,v1.0,VALID,SYNTHETIC,hash_bnk_002545,True
2546,BUNKER_VLSFO_SINGAPORE,2025-05-24 00:00:00,2025-05-24 18:00:00,719.58,USD_PER_MT,2,v1.0,VALID,SYNTHETIC,hash_bnk_002546,True
2547,BUNKER_IFO380_SINGAPORE,2025-05-24 00:00:00,2025-05-24 18:00:00,535.92,USD_PER_MT,2,v1.0,VALID,SYNTHETIC,hash_bnk_002547,True
2548,BUNKER_MGO_SINGAPORE,2025-05-24 00:00:00,2025-05-24 18:00:00,946.73,USD_PER_MT,2,v1.0,VALID,SYNTHETIC,hash_bnk_002548,True
2549,BUNKER_VLSFO_ROTTERDAM,2025-05-24 00:00:00,2025-05-24 18:00:00,692.65,USD_PER_MT,2,v1.0,VALID,SYNTHETIC,hash_bnk_002549,True
2550,BUNKER_VLSFO_PARADIP,2025-05-24 00:00:00,2025-05-24 18:00:00,762.73,USD_PER_MT,2,v1.0,VALID,SYNTHETIC,hash_bnk_002550,True
2551,BUNKER_VLSFO_SINGAPORE,2025-05-25 00:00:00,2025-05-25 18:00:00,719.99,USD_PER_MT,2,v1.0,VALID,SYNTHETIC,hash_bnk_002551,True
2552,BUNKER_IFO380_SINGAPORE,2025-05-25 00:00:00,2025-05-25 18:00:00,534.77,USD_PER_MT,2,v1.0,VALID,SYNTHETIC,hash_bnk_002552,True
2553,BUNKER_MGO_SINGAPORE,2025-05-25 00:00:00,2025-05-25 18:00:00,938.68,USD_PER_MT,2,v1.0,VALID,SYNTHETIC,hash_bnk_002553,True
2554,BUNKER_VLSFO_ROTTERDAM,2025-05-25 00:00:00,2025-05-25 18:00:00,682.8,USD_PER_MT,2,v1.0,VALID,SYNTHETIC,hash_bnk_002554,True
2555,BUNKER_VLSFO_PARADIP,2025-05-25 00:00:00,2025-05-25 18:00:00,759.85,USD_PER_MT,2,v1.0,VALID,SYNTHETIC,hash_bnk_002555,True
2556,BUNKER_VLSFO_SINGAPORE,2025-05-26 00:00:00,2025-05-26 18:00:00,715.06,USD_PER_MT,2,v1.0,VALID,SYNTHETIC,hash_bnk_002556,True
2557,BUNKER_IFO380_SINGAPORE,2025-05-26 00:00:00,2025-05-26 18:00:00,535.15,USD_PER_MT,2,v1.0,VALID,SYNTHETIC,hash_bnk_002557,True
2558,BUNKER_MGO_SINGAPORE,2025-05-26 00:00:00,2025-05-26 18:00:00,943.47,USD_PER_MT,2,v1.0,VALID,SYNTHETIC,hash_bnk_002558,True
2559,BUNKER_VLSFO_ROTTERDAM,2025-05-26 00:00:00,2025-05-26 18:00:00,686.14,USD_PER_MT,2,v1.0,VALID,SYNTHETIC,hash_bnk_002559,True
2560,BUNKER_VLSFO_PARADIP,2025-05-26 00:00:00,2025-05-26 18:00:00,758.28,USD_PER_MT,2,v1.0,VALID,SYNTHETIC,hash_bnk_002560,True
2561,BUNKER_VLSFO_SINGAPORE,2025-05-27 00:00:00,2025-05-27 18:00:00,720.5,USD_PER_MT,2,v1.0,VALID,SYNTHETIC,hash_bnk_002561,True
2562,BUNKER_IFO380_SINGAPORE,2025-05-27 00:00:00,2025-05-27 18:00:00,532.76,USD_PER_MT,2,v1.0,VALID,SYNTHETIC,hash_bnk_002562,True
2563,BUNKER_MGO_SINGAPORE,2025-05-27 00:00:00,2025-05-27 18:00:00,944.83,USD_PER_MT,2,v1.0,VALID,SYNTHETIC,hash_bnk_002563,True
2564,BUNKER_VLSFO_ROTTERDAM,2025-05-27 00:00:00,2025-05-27 18:00:00,683.19,USD_PER_MT,2,v1.0,VALID,SYNTHETIC,hash_bnk_002564,True
2565,BUNKER_VLSFO_PARADIP,2025-05-27 00:00:00,2025-05-27 18:00:00,754.73,USD_PER_MT,2,v1.0,VALID,SYNTHETIC,hash_bnk_002565,True
2566,BUNKER_VLSFO_SINGAPORE,2025-05-28 00:00:00,2025-05-28 18:00:00,721.98,USD_PER_MT,2,v1.0,VALID,SYNTHETIC,hash_bnk_002566,True
2567,BUNKER_IFO380_SINGAPORE,2025-05-28 00:00:00,2025-05-28 18:00:00,527.7,USD_PER_MT,2,v1.0,VALID,SYNTHETIC,hash_bnk_002567,True
2568,BUNKER_MGO_SINGAPORE,2025-05-28 00:00:00,2025-05-28 18:00:00,940.61,USD_PER_MT,2,v1.0,VALID,SYNTHETIC,hash_bnk_002568,True
2569,BUNKER_VLSFO_ROTTERDAM,2025-05-28 00:00:00,2025-05-28 18:00:00,676.96,USD_PER_MT,2,v1.0,VALID,SYNTHETIC,hash_bnk_002569,True
2570,BUNKER_VLSFO_PARADIP,2025-05-28 00:00:00,2025-05-28 18:00:00,759.04,USD_PER_MT,2,v1.0,VALID,SYNTHETIC,hash_bnk_002570,True
2571,BUNKER_VLSFO_SINGAPORE,2025-05-29 00:00:00,2025-05-29 18:00:00,717.32,USD_PER_MT,2,v1.0,VALID,SYNTHETIC,hash_bnk_002571,True
2572,BUNKER_IFO380_SINGAPORE,2025-05-29 00:00:00,2025-05-29 18:00:00,532.0,USD_PER_MT,2,v1.0,VALID,SYNTHETIC,hash_bnk_002572,True
2573,BUNKER_MGO_SINGAPORE,2025-05-29 00:00:00,2025-05-29 18:00:00,935.98,USD_PER_MT,2,v1.0,VALID,SYNTHETIC,hash_bnk_002573,True
2574,BUNKER_VLSFO_ROTTERDAM,2025-05-29 00:00:00,2025-05-29 18:00:00,685.07,USD_PER_MT,2,v1.0,VALID,SYNTHETIC,hash_bnk_002574,True
2575,BUNKER_VLSFO_PARADIP,2025-05-29 00:00:00,2025-05-29 18:00:00,752.67,USD_PER_MT,2,v1.0,VALID,SYNTHETIC,hash_bnk_002575,True
2576,BUNKER_VLSFO_SINGAPORE,2025-05-30 00:00:00,2025-05-30 18:00:00,711.9,USD_PER_MT,2,v1.0,VALID,SYNTHETIC,hash_bnk_002576,True
2577,BUNKER_IFO380_SINGAPORE,2025-05-30 00:00:00,2025-05-30 18:00:00,533.31,USD_PER_MT,2,v1.0,VALID,SYNTHETIC,hash_bnk_002577,True
2578,BUNKER_MGO_SINGAPORE,2025-05-30 00:00:00,2025-05-30 18:00:00,938.49,USD_PER_MT,2,v1.0,VALID,SYNTHETIC,hash_bnk_002578,True
2579,BUNKER_VLSFO_ROTTERDAM,2025-05-30 00:00:00,2025-05-30 18:00:00,676.67,USD_PER_MT,2,v1.0,VALID,SYNTHETIC,hash_bnk_002579,True
2580,BUNKER_VLSFO_PARADIP,2025-05-30 00:00:00,2025-05-30 18:00:00,749.07,USD_PER_MT,2,v1.0,VALID,SYNTHETIC,hash_bnk_002580,True
2581,BUNKER_VLSFO_SINGAPORE,2025-05-31 00:00:00,2025-05-31 18:00:00,715.5,USD_PER_MT,2,v1.0,VALID,SYNTHETIC,hash_bnk_002581,True
2582,BUNKER_IFO380_SINGAPORE,2025-05-31 00:00:00,2025-05-31 18:00:00,530.01,USD_PER_MT,2,v1.0,VALID,SYNTHETIC,hash_bnk_002582,True
2583,BUNKER_MGO_SINGAPORE,2025-05-31 00:00:00,2025-05-31 18:00:00,937.09,USD_PER_MT,2,v1.0,VALID,SYNTHETIC,hash_bnk_002583,True
2584,BUNKER_VLSFO_ROTTERDAM,2025-05-31 00:00:00,2025-05-31 18:00:00,679.75,USD_PER_MT,2,v1.0,VALID,SYNTHETIC,hash_bnk_002584,True
2585,BUNKER_VLSFO_PARADIP,2025-05-31 00:00:00,2025-05-31 18:00:00,762.35,USD_PER_MT,2,v1.0,VALID,SYNTHETIC,hash_bnk_002585,True
2586,BUNKER_VLSFO_SINGAPORE,2025-06-01 00:00:00,2025-06-01 18:00:00,718.14,USD_PER_MT,2,v1.0,VALID,SYNTHETIC,hash_bnk_002586,True
2587,BUNKER_IFO380_SINGAPORE,2025-06-01 00:00:00,2025-06-01 18:00:00,533.69,USD_PER_MT,2,v1.0,VALID,SYNTHETIC,hash_bnk_002587,True
2588,BUNKER_MGO_SINGAPORE,2025-06-01 00:00:00,2025-06-01 18:00:00,937.93,USD_PER_MT,2,v1.0,VALID,SYNTHETIC,hash_bnk_002588,True
2589,BUNKER_VLSFO_ROTTERDAM,2025-06-01 00:00:00,2025-06-01 18:00:00,678.63,USD_PER_MT,2,v1.0,VALID,SYNTHETIC,hash_bnk_002589,True
2590,BUNKER_VLSFO_PARADIP,2025-06-01 00:00:00,2025-06-01 18:00:00,750.22,USD_PER_MT,2,v1.0,VALID,SYNTHETIC,hash_bnk_002590,True
2591,BUNKER_VLSFO_SINGAPORE,2025-06-02 00:00:00,2025-06-02 18:00:00,712.09,USD_PER_MT,2,v1.0,VALID,SYNTHETIC,hash_bnk_002591,True
2592,BUNKER_IFO380_SINGAPORE,2025-06-02 00:00:00,2025-06-02 18:00:00,528.42,USD_PER_MT,2,v1.0,VALID,SYNTHETIC,hash_bnk_002592,True
2593,BUNKER_MGO_SINGAPORE,2025-06-02 00:00:00,2025-06-02 18:00:00,932.22,USD_PER_MT,2,v1.0,VALID,SYNTHETIC,hash_bnk_002593,True
2594,BUNKER_VLSFO_ROTTERDAM,2025-06-02 00:00:00,2025-06-02 18:00:00,678.09,USD_PER_MT,2,v1.0,VALID,SYNTHETIC,hash_bnk_002594,True
2595,BUNKER_VLSFO_PARADIP,2025-06-02 00:00:00,2025-06-02 18:00:00,762.06,USD_PER_MT,2,v1.0,VALID,SYNTHETIC,hash_bnk_002595,True
2596,BUNKER_VLSFO_SINGAPORE,2025-06-03 00:00:00,2025-06-03 18:00:00,711.36,USD_PER_MT,2,v1.0,VALID,SYNTHETIC,hash_bnk_002596,True
2597,BUNKER_IFO380_SINGAPORE,2025-06-03 00:00:00,2025-06-03 18:00:00,526.84,USD_PER_MT,2,v1.0,VALID,SYNTHETIC,hash_bnk_002597,True
2598,BUNKER_MGO_SINGAPORE,2025-06-03 00:00:00,2025-06-03 18:00:00,931.5,USD_PER_MT,2,v1.0,VALID,SYNTHETIC,hash_bnk_002598,True
2599,BUNKER_VLSFO_ROTTERDAM,2025-06-03 00:00:00,2025-06-03 18:00:00,673.69,USD_PER_MT,2,v1.0,VALID,SYNTHETIC,hash_bnk_002599,True
2600,BUNKER_VLSFO_PARADIP,2025-06-03 00:00:00,2025-06-03 18:00:00,751.41,USD_PER_MT,2,v1.0,VALID,SYNTHETIC,hash_bnk_002600,True
2601,BUNKER_VLSFO_SINGAPORE,2025-06-04 00:00:00,2025-06-04 18:00:00,711.09,USD_PER_MT,2,v1.0,VALID,SYNTHETIC,hash_bnk_002601,True
2602,BUNKER_IFO380_SINGAPORE,2025-06-04 00:00:00,2025-06-04 18:00:00,533.68,USD_PER_MT,2,v1.0,VALID,SYNTHETIC,hash_bnk_002602,True
2603,BUNKER_MGO_SINGAPORE,2025-06-04 00:00:00,2025-06-04 18:00:00,930.41,USD_PER_MT,2,v1.0,VALID,SYNTHETIC,hash_bnk_002603,True
2604,BUNKER_VLSFO_ROTTERDAM,2025-06-04 00:00:00,2025-06-04 18:00:00,675.62,USD_PER_MT,2,v1.0,VALID,SYNTHETIC,hash_bnk_002604,True
2605,BUNKER_VLSFO_PARADIP,2025-06-04 00:00:00,2025-06-04 18:00:00,756.68,USD_PER_MT,2,v1.0,VALID,SYNTHETIC,hash_bnk_002605,True
2606,BUNKER_VLSFO_SINGAPORE,2025-06-05 00:00:00,2025-06-05 18:00:00,613.37,USD_PER_MT,2,v1.0,VALID,SYNTHETIC,hash_bnk_002606,True
2607,BUNKER_IFO380_SINGAPORE,2025-06-05 00:00:00,2025-06-05 18:00:00,458.7,USD_PER_MT,2,v1.0,VALID,SYNTHETIC,hash_bnk_002607,True
2608,BUNKER_MGO_SINGAPORE,2025-06-05 00:00:00,2025-06-05 18:00:00,802.72,USD_PER_MT,2,v1.0,VALID,SYNTHETIC,hash_bnk_002608,True
2609,BUNKER_VLSFO_ROTTERDAM,2025-06-05 00:00:00,2025-06-05 18:00:00,587.08,USD_PER_MT,2,v1.0,VALID,SYNTHETIC,hash_bnk_002609,True
2610,BUNKER_VLSFO_PARADIP,2025-06-05 00:00:00,2025-06-05 18:00:00,662.96,USD_PER_MT,2,v1.0,VALID,SYNTHETIC,hash_bnk_002610,True
2611,BUNKER_VLSFO_SINGAPORE,2025-06-06 00:00:00,2025-06-06 18:00:00,614.57,USD_PER_MT,2,v1.0,VALID,SYNTHETIC,hash_bnk_002611,True
2612,BUNKER_IFO380_SINGAPORE,2025-06-06 00:00:00,2025-06-06 18:00:00,457.32,USD_PER_MT,2,v1.0,VALID,SYNTHETIC,hash_bnk_002612,True
2613,BUNKER_MGO_SINGAPORE,2025-06-06 00:00:00,2025-06-06 18:00:00,801.8,USD_PER_MT,2,v1.0,VALID,SYNTHETIC,hash_bnk_002613,True
2614,BUNKER_VLSFO_ROTTERDAM,2025-06-06 00:00:00,2025-06-06 18:00:00,592.91,USD_PER_MT,2,v1.0,VALID,SYNTHETIC,hash_bnk_002614,True
2615,BUNKER_VLSFO_PARADIP,2025-06-06 00:00:00,2025-06-06 18:00:00,650.43,USD_PER_MT,2,v1.0,VALID,SYNTHETIC,hash_bnk_002615,True
2616,BUNKER_VLSFO_SINGAPORE,2025-06-07 00:00:00,2025-06-07 18:00:00,604.08,USD_PER_MT,2,v1.0,VALID,SYNTHETIC,hash_bnk_002616,True
2617,BUNKER_IFO380_SINGAPORE,2025-06-07 00:00:00,2025-06-07 18:00:00,452.3,USD_PER_MT,2,v1.0,VALID,SYNTHETIC,hash_bnk_002617,True
2618,BUNKER_MGO_SINGAPORE,2025-06-07 00:00:00,2025-06-07 18:00:00,806.52,USD_PER_MT,2,v1.0,VALID,SYNTHETIC,hash_bnk_002618,True
2619,BUNKER_VLSFO_ROTTERDAM,2025-06-07 00:00:00,2025-06-07 18:00:00,582.61,USD_PER_MT,2,v1.0,VALID,SYNTHETIC,hash_bnk_002619,True
2620,BUNKER_VLSFO_PARADIP,2025-06-07 00:00:00,2025-06-07 18:00:00,652.39,USD_PER_MT,2,v1.0,VALID,SYNTHETIC,hash_bnk_002620,True
2621,BUNKER_VLSFO_SINGAPORE,2025-06-08 00:00:00,2025-06-08 18:00:00,617.82,USD_PER_MT,2,v1.0,VALID,SYNTHETIC,hash_bnk_002621,True
2622,BUNKER_IFO380_SINGAPORE,2025-06-08 00:00:00,2025-06-08 18:00:00,451.04,USD_PER_MT,2,v1.0,VALID,SYNTHETIC,hash_bnk_002622,True
2623,BUNKER_MGO_SINGAPORE,2025-06-08 00:00:00,2025-06-08 18:00:00,794.03,USD_PER_MT,2,v1.0,VALID,SYNTHETIC,hash_bnk_002623,True
2624,BUNKER_VLSFO_ROTTERDAM,2025-06-08 00:00:00,2025-06-08 18:00:00,570.78,USD_PER_MT,2,v1.0,VALID,SYNTHETIC,hash_bnk_002624,True
2625,BUNKER_VLSFO_PARADIP,2025-06-08 00:00:00,2025-06-08 18:00:00,649.8,USD_PER_MT,2,v1.0,VALID,SYNTHETIC,hash_bnk_002625,True
2626,BUNKER_VLSFO_SINGAPORE,2025-06-09 00:00:00,2025-06-09 18:00:00,612.77,USD_PER_MT,2,v1.0,VALID,SYNTHETIC,hash_bnk_002626,True
2627,BUNKER_IFO380_SINGAPORE,2025-06-09 00:00:00,2025-06-09 18:00:00,453.54,USD_PER_MT,2,v1.0,VALID,SYNTHETIC,hash_bnk_002627,True
2628,BUNKER_MGO_SINGAPORE,2025-06-09 00:00:00,2025-06-09 18:00:00,804.16,USD_PER_MT,2,v1.0,VALID,SYNTHETIC,hash_bnk_002628,True
2629,BUNKER_VLSFO_ROTTERDAM,2025-06-09 00:00:00,2025-06-09 18:00:00,579.05,USD_PER_MT,2,v1.0,VALID,SYNTHETIC,hash_bnk_002629,True
2630,BUNKER_VLSFO_PARADIP,2025-06-09 00:00:00,2025-06-09 18:00:00,646.03,USD_PER_MT,2,v1.0,VALID,SYNTHETIC,hash_bnk_002630,True
2631,BUNKER_VLSFO_SINGAPORE,2025-06-10 00:00:00,2025-06-10 18:00:00,608.85,USD_PER_MT,2,v1.0,VALID,SYNTHETIC,hash_bnk_002631,True
2632,BUNKER_IFO380_SINGAPORE,2025-06-10 00:00:00,2025-06-10 18:00:00,449.69,USD_PER_MT,2,v1.0,VALID,SYNTHETIC,hash_bnk_002632,True
2633,BUNKER_MGO_SINGAPORE,2025-06-10 00:00:00,2025-06-10 18:00:00,796.17,USD_PER_MT,2,v1.0,VALID,SYNTHETIC,hash_bnk_002633,True
2634,BUNKER_VLSFO_ROTTERDAM,2025-06-10 00:00:00,2025-06-10 18:00:00,577.65,USD_PER_MT,2,v1.0,VALID,SYNTHETIC,hash_bnk_002634,True
2635,BUNKER_VLSFO_PARADIP,2025-06-10 00:00:00,2025-06-10 18:00:00,655.65,USD_PER_MT,2,v1.0,VALID,SYNTHETIC,hash_bnk_002635,True
2636,BUNKER_VLSFO_SINGAPORE,2025-06-11 00:00:00,2025-06-11 18:00:00,615.93,USD_PER_MT,2,v1.0,VALID,SYNTHETIC,hash_bnk_002636,True
2637,BUNKER_IFO380_SINGAPORE,2025-06-11 00:00:00,2025-06-11 18:00:00,456.16,USD_PER_MT,2,v1.0,VALID,SYNTHETIC,hash_bnk_002637,True
2638,BUNKER_MGO_SINGAPORE,2025-06-11 00:00:00,2025-06-11 18:00:00,805.49,USD_PER_MT,2,v1.0,VALID,SYNTHETIC,hash_bnk_002638,True
2639,BUNKER_VLSFO_ROTTERDAM,2025-06-11 00:00:00,2025-06-11 18:00:00,584.27,USD_PER_MT,2,v1.0,VALID,SYNTHETIC,hash_bnk_002639,True
2640,BUNKER_VLSFO_PARADIP,2025-06-11 00:00:00,2025-06-11 18:00:00,642.68,USD_PER_MT,2,v1.0,VALID,SYNTHETIC,hash_bnk_002640,True
2641,BUNKER_VLSFO_SINGAPORE,2025-06-12 00:00:00,2025-06-12 18:00:00,611.49,USD_PER_MT,2,v1.0,VALID,SYNTHETIC,hash_bnk_002641,True
2642,BUNKER_IFO380_SINGAPORE,2025-06-12 00:00:00,2025-06-12 18:00:00,452.25,USD_PER_MT,2,v1.0,VALID,SYNTHETIC,hash_bnk_002642,True
2643,BUNKER_MGO_SINGAPORE,2025-06-12 00:00:00,2025-06-12 18:00:00,796.31,USD_PER_MT,2,v1.0,VALID,SYNTHETIC,hash_bnk_002643,True
2644,BUNKER_VLSFO_ROTTERDAM,2025-06-12 00:00:00,2025-06-12 18:00:00,578.89,USD_PER_MT,2,v1.0,VALID,SYNTHETIC,hash_bnk_002644,True
2645,BUNKER_VLSFO_PARADIP,2025-06-12 00:00:00,2025-06-12 18:00:00,648.6,USD_PER_MT,2,v1.0,VALID,SYNTHETIC,hash_bnk_002645,True
2646,BUNKER_VLSFO_SINGAPORE,2025-06-13 00:00:00,2025-06-13 18:00:00,616.26,USD_PER_MT,2,v1.0,VALID,SYNTHETIC,hash_bnk_002646,True
2647,BUNKER_IFO380_SINGAPORE,2025-06-13 00:00:00,2025-06-13 18:00:00,448.9,USD_PER_MT,2,v1.0,VALID,SYNTHETIC,hash_bnk_002647,True
2648,BUNKER_MGO_SINGAPORE,2025-06-13 00:00:00,2025-06-13 18:00:00,794.11,USD_PER_MT,2,v1.0,VALID,SYNTHETIC,hash_bnk_002648,True
2649,BUNKER_VLSFO_ROTTERDAM,2025-06-13 00:00:00,2025-06-13 18:00:00,579.36,USD_PER_MT,2,v1.0,VALID,SYNTHETIC,hash_bnk_002649,True
2650,BUNKER_VLSFO_PARADIP,2025-06-13 00:00:00,2025-06-13 18:00:00,640.92,USD_PER_MT,2,v1.0,VALID,SYNTHETIC,hash_bnk_002650,True
2651,BUNKER_VLSFO_SINGAPORE,2025-06-14 00:00:00,2025-06-14 18:00:00,608.1,USD_PER_MT,2,v1.0,VALID,SYNTHETIC,hash_bnk_002651,True
2652,BUNKER_IFO380_SINGAPORE,2025-06-14 00:00:00,2025-06-14 18:00:00,448.17,USD_PER_MT,2,v1.0,VALID,SYNTHETIC,hash_bnk_002652,True
2653,BUNKER_MGO_SINGAPORE,2025-06-14 00:00:00,2025-06-14 18:00:00,802.02,USD_PER_MT,2,v1.0,VALID,SYNTHETIC,hash_bnk_002653,True
2654,BUNKER_VLSFO_ROTTERDAM,2025-06-14 00:00:00,2025-06-14 18:00:00,576.19,USD_PER_MT,2,v1.0,VALID,SYNTHETIC,hash_bnk_002654,True
2655,BUNKER_VLSFO_PARADIP,2025-06-14 00:00:00,2025-06-14 18:00:00,638.48,USD_PER_MT,2,v1.0,VALID,SYNTHETIC,hash_bnk_002655,True
2656,BUNKER_VLSFO_SINGAPORE,2025-06-15 00:00:00,2025-06-15 18:00:00,600.53,USD_PER_MT,2,v1.0,VALID,SYNTHETIC,hash_bnk_002656,True
2657,BUNKER_IFO380_SINGAPORE,2025-06-15 00:00:00,2025-06-15 18:00:00,450.39,USD_PER_MT,2,v1.0,VALID,SYNTHETIC,hash_bnk_002657,True
2658,BUNKER_MGO_SINGAPORE,2025-06-15 00:00:00,2025-06-15 18:00:00,800.03,USD_PER_MT,2,v1.0,VALID,SYNTHETIC,hash_bnk_002658,True
2659,BUNKER_VLSFO_ROTTERDAM,2025-06-15 00:00:00,2025-06-15 18:00:00,575.99,USD_PER_MT,2,v1.0,VALID,SYNTHETIC,hash_bnk_002659,True
2660,BUNKER_VLSFO_PARADIP,2025-06-15 00:00:00,2025-06-15 18:00:00,637.85,USD_PER_MT,2,v1.0,VALID,SYNTHETIC,hash_bnk_002660,True
2661,BUNKER_VLSFO_SINGAPORE,2025-06-16 00:00:00,2025-06-16 18:00:00,602.82,USD_PER_MT,2,v1.0,VALID,SYNTHETIC,hash_bnk_002661,True
2662,BUNKER_IFO380_SINGAPORE,2025-06-16 00:00:00,2025-06-16 18:00:00,451.69,USD_PER_MT,2,v1.0,VALID,SYNTHETIC,hash_bnk_002662,True
2663,BUNKER_MGO_SINGAPORE,2025-06-16 00:00:00,2025-06-16 18:00:00,786.68,USD_PER_MT,2,v1.0,VALID,SYNTHETIC,hash_bnk_002663,True
2664,BUNKER_VLSFO_ROTTERDAM,2025-06-16 00:00:00,2025-06-16 18:00:00,575.62,USD_PER_MT,2,v1.0,VALID,SYNTHETIC,hash_bnk_002664,True
2665,BUNKER_VLSFO_PARADIP,2025-06-16 00:00:00,2025-06-16 18:00:00,638.67,USD_PER_MT,2,v1.0,VALID,SYNTHETIC,hash_bnk_002665,True
2666,BUNKER_VLSFO_SINGAPORE,2025-06-17 00:00:00,2025-06-17 18:00:00,605.72,USD_PER_MT,2,v1.0,VALID,SYNTHETIC,hash_bnk_002666,True
2667,BUNKER_IFO380_SINGAPORE,2025-06-17 00:00:00,2025-06-17 18:00:00,445.47,USD_PER_MT,2,v1.0,VALID,SYNTHETIC,hash_bnk_002667,True
2668,BUNKER_MGO_SINGAPORE,2025-06-17 00:00:00,2025-06-17 18:00:00,792.35,USD_PER_MT,2,v1.0,VALID,SYNTHETIC,hash_bnk_002668,True
2669,BUNKER_VLSFO_ROTTERDAM,2025-06-17 00:00:00,2025-06-17 18:00:00,582.95,USD_PER_MT,2,v1.0,VALID,SYNTHETIC,hash_bnk_002669,True
2670,BUNKER_VLSFO_PARADIP,2025-06-17 00:00:00,2025-06-17 18:00:00,642.27,USD_PER_MT,2,v1.0,VALID,SYNTHETIC,hash_bnk_002670,True
2671,BUNKER_VLSFO_SINGAPORE,2025-06-18 00:00:00,2025-06-18 18:00:00,608.84,USD_PER_MT,2,v1.0,VALID,SYNTHETIC,hash_bnk_002671,True
2672,BUNKER_IFO380_SINGAPORE,2025-06-18 00:00:00,2025-06-18 18:00:00,446.95,USD_PER_MT,2,v1.0,VALID,SYNTHETIC,hash_bnk_002672,True
2673,BUNKER_MGO_SINGAPORE,2025-06-18 00:00:00,2025-06-18 18:00:00,786.31,USD_PER_MT,2,v1.0,VALID,SYNTHETIC,hash_bnk_002673,True
2674,BUNKER_VLSFO_ROTTERDAM,2025-06-18 00:00:00,2025-06-18 18:00:00,578.28,USD_PER_MT,2,v1.0,VALID,SYNTHETIC,hash_bnk_002674,True
2675,BUNKER_VLSFO_PARADIP,2025-06-18 00:00:00,2025-06-18 18:00:00,640.65,USD_PER_MT,2,v1.0,VALID,SYNTHETIC,hash_bnk_002675,True
2676,BUNKER_VLSFO_SINGAPORE,2025-06-19 00:00:00,2025-06-19 18:00:00,602.99,USD_PER_MT,2,v1.0,VALID,SYNTHETIC,hash_bnk_002676,True
2677,BUNKER_IFO380_SINGAPORE,2025-06-19 00:00:00,2025-06-19 18:00:00,444.85,USD_PER_MT,2,v1.0,VALID,SYNTHETIC,hash_bnk_002677,True
2678,BUNKER_MGO_SINGAPORE,2025-06-19 00:00:00,2025-06-19 18:00:00,789.81,USD_PER_MT,2,v1.0,VALID,SYNTHETIC,hash_bnk_002678,True
2679,BUNKER_VLSFO_ROTTERDAM,2025-06-19 00:00:00,2025-06-19 18:00:00,569.37,USD_PER_MT,2,v1.0,VALID,SYNTHETIC,hash_bnk_002679,True
2680,BUNKER_VLSFO_PARADIP,2025-06-19 00:00:00,2025-06-19 18:00:00,634.21,USD_PER_MT,2,v1.0,VALID,SYNTHETIC,hash_bnk_002680,True
2681,BUNKER_VLSFO_SINGAPORE,2025-06-20 00:00:00,2025-06-20 18:00:00,598.46,USD_PER_MT,2,v1.0,VALID,SYNTHETIC,hash_bnk_002681,True
2682,BUNKER_IFO380_SINGAPORE,2025-06-20 00:00:00,2025-06-20 18:00:00,445.42,USD_PER_MT,2,v1.0,VALID,SYNTHETIC,hash_bnk_002682,True
2683,BUNKER_MGO_SINGAPORE,2025-06-20 00:00:00,2025-06-20 18:00:00,795.36,USD_PER_MT,2,v1.0,VALID,SYNTHETIC,hash_bnk_002683,True
2684,BUNKER_VLSFO_ROTTERDAM,2025-06-20 00:00:00,2025-06-20 18:00:00,575.52,USD_PER_MT,2,v1.0,VALID,SYNTHETIC,hash_bnk_002684,True
2685,BUNKER_VLSFO_PARADIP,2025-06-20 00:00:00,2025-06-20 18:00:00,640.13,USD_PER_MT,2,v1.0,VALID,SYNTHETIC,hash_bnk_002685,True
2686,BUNKER_VLSFO_SINGAPORE,2025-06-21 00:00:00,2025-06-21 18:00:00,596.47,USD_PER_MT,2,v1.0,VALID,SYNTHETIC,hash_bnk_002686,True
2687,BUNKER_IFO380_SINGAPORE,2025-06-21 00:00:00,2025-06-21 18:00:00,446.83,USD_PER_MT,2,v1.0,VALID,SYNTHETIC,hash_bnk_002687,True
2688,BUNKER_MGO_SINGAPORE,2025-06-21 00:00:00,2025-06-21 18:00:00,782.71,USD_PER_MT,2,v1.0,VALID,SYNTHETIC,hash_bnk_002688,True
2689,BUNKER_VLSFO_ROTTERDAM,2025-06-21 00:00:00,2025-06-21 18:00:00,569.27,USD_PER_MT,2,v1.0,VALID,SYNTHETIC,hash_bnk_002689,True
2690,BUNKER_VLSFO_PARADIP,2025-06-21 00:00:00,2025-06-21 18:00:00,638.62,USD_PER_MT,2,v1.0,VALID,SYNTHETIC,hash_bnk_002690,True
2691,BUNKER_VLSFO_SINGAPORE,2025-06-22 00:00:00,2025-06-22 18:00:00,598.25,USD_PER_MT,2,v1.0,VALID,SYNTHETIC,hash_bnk_002691,True
2692,BUNKER_IFO380_SINGAPORE,2025-06-22 00:00:00,2025-06-22 18:00:00,440.29,USD_PER_MT,2,v1.0,VALID,SYNTHETIC,hash_bnk_002692,True
2693,BUNKER_MGO_SINGAPORE,2025-06-22 00:00:00,2025-06-22 18:00:00,780.45,USD_PER_MT,2,v1.0,VALID,SYNTHETIC,hash_bnk_002693,True
2694,BUNKER_VLSFO_ROTTERDAM,2025-06-22 00:00:00,2025-06-22 18:00:00,577.04,USD_PER_MT,2,v1.0,VALID,SYNTHETIC,hash_bnk_002694,True
2695,BUNKER_VLSFO_PARADIP,2025-06-22 00:00:00,2025-06-22 18:00:00,633.04,USD_PER_MT,2,v1.0,VALID,SYNTHETIC,hash_bnk_002695,True
2696,BUNKER_VLSFO_SINGAPORE,2025-06-23 00:00:00,2025-06-23 18:00:00,596.06,USD_PER_MT,2,v1.0,VALID,SYNTHETIC,hash_bnk_002696,True
2697,BUNKER_IFO380_SINGAPORE,2025-06-23 00:00:00,2025-06-23 18:00:00,447.43,USD_PER_MT,2,v1.0,VALID,SYNTHETIC,hash_bnk_002697,True
2698,BUNKER_MGO_SINGAPORE,2025-06-23 00:00:00,2025-06-23 18:00:00,778.88,USD_PER_MT,2,v1.0,VALID,SYNTHETIC,hash_bnk_002698,True
2699,BUNKER_VLSFO_ROTTERDAM,2025-06-23 00:00:00,2025-06-23 18:00:00,570.19,USD_PER_MT,2,v1.0,VALID,SYNTHETIC,hash_bnk_002699,True
2700,BUNKER_VLSFO_PARADIP,2025-06-23 00:00:00,2025-06-23 18:00:00,635.06,USD_PER_MT,2,v1.0,VALID,SYNTHETIC,hash_bnk_002700,True
2701,BUNKER_VLSFO_SINGAPORE,2025-06-24 00:00:00,2025-06-24 18:00:00,596.85,USD_PER_MT,2,v1.0,VALID,SYNTHETIC,hash_bnk_002701,True
2702,BUNKER_IFO380_SINGAPORE,2025-06-24 00:00:00,2025-06-24 18:00:00,444.51,USD_PER_MT,2,v1.0,VALID,SYNTHETIC,hash_bnk_002702,True
2703,BUNKER_MGO_SINGAPORE,2025-06-24 00:00:00,2025-06-24 18:00:00,780.7,USD_PER_MT,2,v1.0,VALID,SYNTHETIC,hash_bnk_002703,True
2704,BUNKER_VLSFO_ROTTERDAM,2025-06-24 00:00:00,2025-06-24 18:00:00,566.65,USD_PER_MT,2,v1.0,VALID,SYNTHETIC,hash_bnk_002704,True
2705,BUNKER_VLSFO_PARADIP,2025-06-24 00:00:00,2025-06-24 18:00:00,634.15,USD_PER_MT,2,v1.0,VALID,SYNTHETIC,hash_bnk_002705,True
2706,BUNKER_VLSFO_SINGAPORE,2025-06-25 00:00:00,2025-06-25 18:00:00,596.35,USD_PER_MT,2,v1.0,VALID,SYNTHETIC,hash_bnk_002706,True
2707,BUNKER_IFO380_SINGAPORE,2025-06-25 00:00:00,2025-06-25 18:00:00,442.34,USD_PER_MT,2,v1.0,VALID,SYNTHETIC,hash_bnk_002707,True
2708,BUNKER_MGO_SINGAPORE,2025-06-25 00:00:00,2025-06-25 18:00:00,789.03,USD_PER_MT,2,v1.0,VALID,SYNTHETIC,hash_bnk_002708,True
2709,BUNKER_VLSFO_ROTTERDAM,2025-06-25 00:00:00,2025-06-25 18:00:00,565.46,USD_PER_MT,2,v1.0,VALID,SYNTHETIC,hash_bnk_002709,True
2710,BUNKER_VLSFO_PARADIP,2025-06-25 00:00:00,2025-06-25 18:00:00,632.5,USD_PER_MT,2,v1.0,VALID,SYNTHETIC,hash_bnk_002710,True
2711,BUNKER_VLSFO_SINGAPORE,2025-06-26 00:00:00,2025-06-26 18:00:00,597.45,USD_PER_MT,2,v1.0,VALID,SYNTHETIC,hash_bnk_002711,True
2712,BUNKER_IFO380_SINGAPORE,2025-06-26 00:00:00,2025-06-26 18:00:00,443.08,USD_PER_MT,2,v1.0,VALID,SYNTHETIC,hash_bnk_002712,True
2713,BUNKER_MGO_SINGAPORE,2025-06-26 00:00:00,2025-06-26 18:00:00,776.24,USD_PER_MT,2,v1.0,VALID,SYNTHETIC,hash_bnk_002713,True
2714,BUNKER_VLSFO_ROTTERDAM,2025-06-26 00:00:00,2025-06-26 18:00:00,564.77,USD_PER_MT,2,v1.0,VALID,SYNTHETIC,hash_bnk_002714,True
2715,BUNKER_VLSFO_PARADIP,2025-06-26 00:00:00,2025-06-26 18:00:00,631.85,USD_PER_MT,2,v1.0,VALID,SYNTHETIC,hash_bnk_002715,True
2716,BUNKER_VLSFO_SINGAPORE,2025-06-27 00:00:00,2025-06-27 18:00:00,594.42,USD_PER_MT,2,v1.0,VALID,SYNTHETIC,hash_bnk_002716,True
2717,BUNKER_IFO380_SINGAPORE,2025-06-27 00:00:00,2025-06-27 18:00:00,444.45,USD_PER_MT,2,v1.0,VALID,SYNTHETIC,hash_bnk_002717,True
2718,BUNKER_MGO_SINGAPORE,2025-06-27 00:00:00,2025-06-27 18:00:00,774.62,USD_PER_MT,2,v1.0,VALID,SYNTHETIC,hash_bnk_002718,True
2719,BUNKER_VLSFO_ROTTERDAM,2025-06-27 00:00:00,2025-06-27 18:00:00,566.42,USD_PER_MT,2,v1.0,VALID,SYNTHETIC,hash_bnk_002719,True
2720,BUNKER_VLSFO_PARADIP,2025-06-27 00:00:00,2025-06-27 18:00:00,631.43,USD_PER_MT,2,v1.0,VALID,SYNTHETIC,hash_bnk_002720,True
2721,BUNKER_VLSFO_SINGAPORE,2025-06-28 00:00:00,2025-06-28 18:00:00,592.4,USD_PER_MT,2,v1.0,VALID,SYNTHETIC,hash_bnk_002721,True
2722,BUNKER_IFO380_SINGAPORE,2025-06-28 00:00:00,2025-06-28 18:00:00,439.92,USD_PER_MT,2,v1.0,VALID,SYNTHETIC,hash_bnk_002722,True
2723,BUNKER_MGO_SINGAPORE,2025-06-28 00:00:00,2025-06-28 18:00:00,774.2,USD_PER_MT,2,v1.0,VALID,SYNTHETIC,hash_bnk_002723,True
2724,BUNKER_VLSFO_ROTTERDAM,2025-06-28 00:00:00,2025-06-28 18:00:00,564.61,USD_PER_MT,2,v1.0,VALID,SYNTHETIC,hash_bnk_002724,True
2725,BUNKER_VLSFO_PARADIP,2025-06-28 00:00:00,2025-06-28 18:00:00,625.21,USD_PER_MT,2,v1.0,VALID,SYNTHETIC,hash_bnk_002725,True
2726,BUNKER_VLSFO_SINGAPORE,2025-06-29 00:00:00,2025-06-29 18:00:00,590.07,USD_PER_MT,2,v1.0,VALID,SYNTHETIC,hash_bnk_002726,True
2727,BUNKER_IFO380_SINGAPORE,2025-06-29 00:00:00,2025-06-29 18:00:00,443.78,USD_PER_MT,2,v1.0,VALID,SYNTHETIC,hash_bnk_002727,True
2728,BUNKER_MGO_SINGAPORE,2025-06-29 00:00:00,2025-06-29 18:00:00,773.31,USD_PER_MT,2,v1.0,VALID,SYNTHETIC,hash_bnk_002728,True
2729,BUNKER_VLSFO_ROTTERDAM,2025-06-29 00:00:00,2025-06-29 18:00:00,564.65,USD_PER_MT,2,v1.0,VALID,SYNTHETIC,hash_bnk_002729,True
2730,BUNKER_VLSFO_PARADIP,2025-06-29 00:00:00,2025-06-29 18:00:00,627.04,USD_PER_MT,2,v1.0,VALID,SYNTHETIC,hash_bnk_002730,True
2731,BUNKER_VLSFO_SINGAPORE,2025-06-30 00:00:00,2025-06-30 18:00:00,594.14,USD_PER_MT,2,v1.0,VALID,SYNTHETIC,hash_bnk_002731,True
2732,BUNKER_IFO380_SINGAPORE,2025-06-30 00:00:00,2025-06-30 18:00:00,439.37,USD_PER_MT,2,v1.0,VALID,SYNTHETIC,hash_bnk_002732,True
2733,BUNKER_MGO_SINGAPORE,2025-06-30 00:00:00,2025-06-30 18:00:00,774.54,USD_PER_MT,2,v1.0,VALID,SYNTHETIC,hash_bnk_002733,True
2734,BUNKER_VLSFO_ROTTERDAM,2025-06-30 00:00:00,2025-06-30 18:00:00,560.15,USD_PER_MT,2,v1.0,VALID,SYNTHETIC,hash_bnk_002734,True
2735,BUNKER_VLSFO_PARADIP,2025-06-30 00:00:00,2025-06-30 18:00:00,634.3,USD_PER_MT,2,v1.0,VALID,SYNTHETIC,hash_bnk_002735,True
2736,BUNKER_VLSFO_SINGAPORE,2025-07-01 00:00:00,2025-07-01 18:00:00,592.31,USD_PER_MT,2,v1.0,VALID,SYNTHETIC,hash_bnk_002736,True
2737,BUNKER_IFO380_SINGAPORE,2025-07-01 00:00:00,2025-07-01 18:00:00,440.99,USD_PER_MT,2,v1.0,VALID,SYNTHETIC,hash_bnk_002737,True
2738,BUNKER_MGO_SINGAPORE,2025-07-01 00:00:00,2025-07-01 18:00:00,772.53,USD_PER_MT,2,v1.0,VALID,SYNTHETIC,hash_bnk_002738,True
2739,BUNKER_VLSFO_ROTTERDAM,2025-07-01 00:00:00,2025-07-01 18:00:00,557.43,USD_PER_MT,2,v1.0,VALID,SYNTHETIC,hash_bnk_002739,True
2740,BUNKER_VLSFO_PARADIP,2025-07-01 00:00:00,2025-07-01 18:00:00,618.22,USD_PER_MT,2,v1.0,VALID,SYNTHETIC,hash_bnk_002740,True
2741,BUNKER_VLSFO_SINGAPORE,2025-07-02 00:00:00,2025-07-02 18:00:00,593.91,USD_PER_MT,2,v1.0,VALID,SYNTHETIC,hash_bnk_002741,True
2742,BUNKER_IFO380_SINGAPORE,2025-07-02 00:00:00,2025-07-02 18:00:00,433.74,USD_PER_MT,2,v1.0,VALID,SYNTHETIC,hash_bnk_002742,True
2743,BUNKER_MGO_SINGAPORE,2025-07-02 00:00:00,2025-07-02 18:00:00,764.04,USD_PER_MT,2,v1.0,VALID,SYNTHETIC,hash_bnk_002743,True
2744,BUNKER_VLSFO_ROTTERDAM,2025-07-02 00:00:00,2025-07-02 18:00:00,566.2,USD_PER_MT,2,v1.0,VALID,SYNTHETIC,hash_bnk_002744,True
2745,BUNKER_VLSFO_PARADIP,2025-07-02 00:00:00,2025-07-02 18:00:00,625.03,USD_PER_MT,2,v1.0,VALID,SYNTHETIC,hash_bnk_002745,True
2746,BUNKER_VLSFO_SINGAPORE,2025-07-03 00:00:00,2025-07-03 18:00:00,581.59,USD_PER_MT,2,v1.0,VALID,SYNTHETIC,hash_bnk_002746,True
2747,BUNKER_IFO380_SINGAPORE,2025-07-03 00:00:00,2025-07-03 18:00:00,440.45,USD_PER_MT,2,v1.0,VALID,SYNTHETIC,hash_bnk_002747,True
2748,BUNKER_MGO_SINGAPORE,2025-07-03 00:00:00,2025-07-03 18:00:00,777.79,USD_PER_MT,2,v1.0,VALID,SYNTHETIC,hash_bnk_002748,True
2749,BUNKER_VLSFO_ROTTERDAM,2025-07-03 00:00:00,2025-07-03 18:00:00,554.95,USD_PER_MT,2,v1.0,VALID,SYNTHETIC,hash_bnk_002749,True
2750,BUNKER_VLSFO_PARADIP,2025-07-03 00:00:00,2025-07-03 18:00:00,622.42,USD_PER_MT,2,v1.0,VALID,SYNTHETIC,hash_bnk_002750,True
2751,BUNKER_VLSFO_SINGAPORE,2025-07-04 00:00:00,2025-07-04 18:00:00,588.17,USD_PER_MT,2,v1.0,VALID,SYNTHETIC,hash_bnk_002751,True
2752,BUNKER_IFO380_SINGAPORE,2025-07-04 00:00:00,2025-07-04 18:00:00,431.25,USD_PER_MT,2,v1.0,VALID,SYNTHETIC,hash_bnk_002752,True
2753,BUNKER_MGO_SINGAPORE,2025-07-04 00:00:00,2025-07-04 18:00:00,774.88,USD_PER_MT,2,v1.0,VALID,SYNTHETIC,hash_bnk_002753,True
2754,BUNKER_VLSFO_ROTTERDAM,2025-07-04 00:00:00,2025-07-04 18:00:00,554.97,USD_PER_MT,2,v1.0,VALID,SYNTHETIC,hash_bnk_002754,True
2755,BUNKER_VLSFO_PARADIP,2025-07-04 00:00:00,2025-07-04 18:00:00,622.01,USD_PER_MT,2,v1.0,VALID,SYNTHETIC,hash_bnk_002755,True
2756,BUNKER_VLSFO_SINGAPORE,2025-07-05 00:00:00,2025-07-05 18:00:00,585.35,USD_PER_MT,2,v1.0,VALID,SYNTHETIC,hash_bnk_002756,True
2757,BUNKER_IFO380_SINGAPORE,2025-07-05 00:00:00,2025-07-05 18:00:00,436.53,USD_PER_MT,2,v1.0,VALID,SYNTHETIC,hash_bnk_002757,True
2758,BUNKER_MGO_SINGAPORE,2025-07-05 00:00:00,2025-07-05 18:00:00,773.19,USD_PER_MT,2,v1.0,VALID,SYNTHETIC,hash_bnk_002758,True
2759,BUNKER_VLSFO_ROTTERDAM,2025-07-05 00:00:00,2025-07-05 18:00:00,555.88,USD_PER_MT,2,v1.0,VALID,SYNTHETIC,hash_bnk_002759,True
2760,BUNKER_VLSFO_PARADIP,2025-07-05 00:00:00,2025-07-05 18:00:00,624.6,USD_PER_MT,2,v1.0,VALID,SYNTHETIC,hash_bnk_002760,True
2761,BUNKER_VLSFO_SINGAPORE,2025-07-06 00:00:00,2025-07-06 18:00:00,580.87,USD_PER_MT,2,v1.0,VALID,SYNTHETIC,hash_bnk_002761,True
2762,BUNKER_IFO380_SINGAPORE,2025-07-06 00:00:00,2025-07-06 18:00:00,436.71,USD_PER_MT,2,v1.0,VALID,SYNTHETIC,hash_bnk_002762,True
2763,BUNKER_MGO_SINGAPORE,2025-07-06 00:00:00,2025-07-06 18:00:00,762.71,USD_PER_MT,2,v1.0,VALID,SYNTHETIC,hash_bnk_002763,True
2764,BUNKER_VLSFO_ROTTERDAM,2025-07-06 00:00:00,2025-07-06 18:00:00,551.06,USD_PER_MT,2,v1.0,VALID,SYNTHETIC,hash_bnk_002764,True
2765,BUNKER_VLSFO_PARADIP,2025-07-06 00:00:00,2025-07-06 18:00:00,616.84,USD_PER_MT,2,v1.0,VALID,SYNTHETIC,hash_bnk_002765,True
2766,BUNKER_VLSFO_SINGAPORE,2025-07-07 00:00:00,2025-07-07 18:00:00,584.37,USD_PER_MT,2,v1.0,VALID,SYNTHETIC,hash_bnk_002766,True
2767,BUNKER_IFO380_SINGAPORE,2025-07-07 00:00:00,2025-07-07 18:00:00,436.84,USD_PER_MT,2,v1.0,VALID,SYNTHETIC,hash_bnk_002767,True
2768,BUNKER_MGO_SINGAPORE,2025-07-07 00:00:00,2025-07-07 18:00:00,764.23,USD_PER_MT,2,v1.0,VALID,SYNTHETIC,hash_bnk_002768,True
2769,BUNKER_VLSFO_ROTTERDAM,2025-07-07 00:00:00,2025-07-07 18:00:00,559.36,USD_PER_MT,2,v1.0,VALID,SYNTHETIC,hash_bnk_002769,True
2770,BUNKER_VLSFO_PARADIP,2025-07-07 00:00:00,2025-07-07 18:00:00,611.45,USD_PER_MT,2,v1.0,VALID,SYNTHETIC,hash_bnk_002770,True
2771,BUNKER_VLSFO_SINGAPORE,2025-07-08 00:00:00,2025-07-08 18:00:00,580.0,USD_PER_MT,2,v1.0,VALID,SYNTHETIC,hash_bnk_002771,True
2772,BUNKER_IFO380_SINGAPORE,2025-07-08 00:00:00,2025-07-08 18:00:00,431.31,USD_PER_MT,2,v1.0,VALID,SYNTHETIC,hash_bnk_002772,True
2773,BUNKER_MGO_SINGAPORE,2025-07-08 00:00:00,2025-07-08 18:00:00,749.94,USD_PER_MT,2,v1.0,VALID,SYNTHETIC,hash_bnk_002773,True
2774,BUNKER_VLSFO_ROTTERDAM,2025-07-08 00:00:00,2025-07-08 18:00:00,554.69,USD_PER_MT,2,v1.0,VALID,SYNTHETIC,hash_bnk_002774,True
2775,BUNKER_VLSFO_PARADIP,2025-07-08 00:00:00,2025-07-08 18:00:00,613.65,USD_PER_MT,2,v1.0,VALID,SYNTHETIC,hash_bnk_002775,True
2776,BUNKER_VLSFO_SINGAPORE,2025-07-09 00:00:00,2025-07-09 18:00:00,586.98,USD_PER_MT,2,v1.0,VALID,SYNTHETIC,hash_bnk_002776,True
2777,BUNKER_IFO380_SINGAPORE,2025-07-09 00:00:00,2025-07-09 18:00:00,428.46,USD_PER_MT,2,v1.0,VALID,SYNTHETIC,hash_bnk_002777,True
2778,BUNKER_MGO_SINGAPORE,2025-07-09 00:00:00,2025-07-09 18:00:00,750.92,USD_PER_MT,2,v1.0,VALID,SYNTHETIC,hash_bnk_002778,True
2779,BUNKER_VLSFO_ROTTERDAM,2025-07-09 00:00:00,2025-07-09 18:00:00,549.57,USD_PER_MT,2,v1.0,VALID,SYNTHETIC,hash_bnk_002779,True
2780,BUNKER_VLSFO_PARADIP,2025-07-09 00:00:00,2025-07-09 18:00:00,621.26,USD_PER_MT,2,v1.0,VALID,SYNTHETIC,hash_bnk_002780,True
2781,BUNKER_VLSFO_SINGAPORE,2025-07-10 00:00:00,2025-07-10 18:00:00,583.51,USD_PER_MT,2,v1.0,VALID,SYNTHETIC,hash_bnk_002781,True
2782,BUNKER_IFO380_SINGAPORE,2025-07-10 00:00:00,2025-07-10 18:00:00,429.34,USD_PER_MT,2,v1.0,VALID,SYNTHETIC,hash_bnk_002782,True
2783,BUNKER_MGO_SINGAPORE,2025-07-10 00:00:00,2025-07-10 18:00:00,758.54,USD_PER_MT,2,v1.0,VALID,SYNTHETIC,hash_bnk_002783,True
2784,BUNKER_VLSFO_ROTTERDAM,2025-07-10 00:00:00,2025-07-10 18:00:00,558.65,USD_PER_MT,2,v1.0,VALID,SYNTHETIC,hash_bnk_002784,True
2785,BUNKER_VLSFO_PARADIP,2025-07-10 00:00:00,2025-07-10 18:00:00,617.05,USD_PER_MT,2,v1.0,VALID,SYNTHETIC,hash_bnk_002785,True
2786,BUNKER_VLSFO_SINGAPORE,2025-07-11 00:00:00,2025-07-11 18:00:00,583.2,USD_PER_MT,2,v1.0,VALID,SYNTHETIC,hash_bnk_002786,True
2787,BUNKER_IFO380_SINGAPORE,2025-07-11 00:00:00,2025-07-11 18:00:00,426.99,USD_PER_MT,2,v1.0,VALID,SYNTHETIC,hash_bnk_002787,True
2788,BUNKER_MGO_SINGAPORE,2025-07-11 00:00:00,2025-07-11 18:00:00,760.73,USD_PER_MT,2,v1.0,VALID,SYNTHETIC,hash_bnk_002788,True
2789,BUNKER_VLSFO_ROTTERDAM,2025-07-11 00:00:00,2025-07-11 18:00:00,555.74,USD_PER_MT,2,v1.0,VALID,SYNTHETIC,hash_bnk_002789,True
2790,BUNKER_VLSFO_PARADIP,2025-07-11 00:00:00,2025-07-11 18:00:00,614.07,USD_PER_MT,2,v1.0,VALID,SYNTHETIC,hash_bnk_002790,True
2791,BUNKER_VLSFO_SINGAPORE,2025-07-12 00:00:00,2025-07-12 18:00:00,576.34,USD_PER_MT,2,v1.0,VALID,SYNTHETIC,hash_bnk_002791,True
2792,BUNKER_IFO380_SINGAPORE,2025-07-12 00:00:00,2025-07-12 18:00:00,428.89,USD_PER_MT,2,v1.0,VALID,SYNTHETIC,hash_bnk_002792,True
2793,BUNKER_MGO_SINGAPORE,2025-07-12 00:00:00,2025-07-12 18:00:00,765.61,USD_PER_MT,2,v1.0,VALID,SYNTHETIC,hash_bnk_002793,True
2794,BUNKER_VLSFO_ROTTERDAM,2025-07-12 00:00:00,2025-07-12 18:00:00,551.98,USD_PER_MT,2,v1.0,VALID,SYNTHETIC,hash_bnk_002794,True
2795,BUNKER_VLSFO_PARADIP,2025-07-12 00:00:00,2025-07-12 18:00:00,609.96,USD_PER_MT,2,v1.0,VALID,SYNTHETIC,hash_bnk_002795,True
2796,BUNKER_VLSFO_SINGAPORE,2025-07-13 00:00:00,2025-07-13 18:00:00,577.5,USD_PER_MT,2,v1.0,VALID,SYNTHETIC,hash_bnk_002796,True
2797,BUNKER_IFO380_SINGAPORE,2025-07-13 00:00:00,2025-07-13 18:00:00,428.55,USD_PER_MT,2,v1.0,VALID,SYNTHETIC,hash_bnk_002797,True
2798,BUNKER_MGO_SINGAPORE,2025-07-13 00:00:00,2025-07-13 18:00:00,756.98,USD_PER_MT,2,v1.0,VALID,SYNTHETIC,hash_bnk_002798,True
2799,BUNKER_VLSFO_ROTTERDAM,2025-07-13 00:00:00,2025-07-13 18:00:00,559.14,USD_PER_MT,2,v1.0,VALID,SYNTHETIC,hash_bnk_002799,True
2800,BUNKER_VLSFO_PARADIP,2025-07-13 00:00:00,2025-07-13 18:00:00,613.0,USD_PER_MT,2,v1.0,VALID,SYNTHETIC,hash_bnk_002800,True
2801,BUNKER_VLSFO_SINGAPORE,2025-07-14 00:00:00,2025-07-14 18:00:00,580.01,USD_PER_MT,2,v1.0,VALID,SYNTHETIC,hash_bnk_002801,True
2802,BUNKER_IFO380_SINGAPORE,2025-07-14 00:00:00,2025-07-14 18:00:00,427.61,USD_PER_MT,2,v1.0,VALID,SYNTHETIC,hash_bnk_002802,True
2803,BUNKER_MGO_SINGAPORE,2025-07-14 00:00:00,2025-07-14 18:00:00,753.98,USD_PER_MT,2,v1.0,VALID,SYNTHETIC,hash_bnk_002803,True
2804,BUNKER_VLSFO_ROTTERDAM,2025-07-14 00:00:00,2025-07-14 18:00:00,559.27,USD_PER_MT,2,v1.0,VALID,SYNTHETIC,hash_bnk_002804,True
2805,BUNKER_VLSFO_PARADIP,2025-07-14 00:00:00,2025-07-14 18:00:00,616.06,USD_PER_MT,2,v1.0,VALID,SYNTHETIC,hash_bnk_002805,True
2806,BUNKER_VLSFO_SINGAPORE,2025-07-15 00:00:00,2025-07-15 18:00:00,569.84,USD_PER_MT,2,v1.0,VALID,SYNTHETIC,hash_bnk_002806,True
2807,BUNKER_IFO380_SINGAPORE,2025-07-15 00:00:00,2025-07-15 18:00:00,424.48,USD_PER_MT,2,v1.0,VALID,SYNTHETIC,hash_bnk_002807,True
2808,BUNKER_MGO_SINGAPORE,2025-07-15 00:00:00,2025-07-15 18:00:00,752.36,USD_PER_MT,2,v1.0,VALID,SYNTHETIC,hash_bnk_002808,True
2809,BUNKER_VLSFO_ROTTERDAM,2025-07-15 00:00:00,2025-07-15 18:00:00,547.8,USD_PER_MT,2,v1.0,VALID,SYNTHETIC,hash_bnk_002809,True
2810,BUNKER_VLSFO_PARADIP,2025-07-15 00:00:00,2025-07-15 18:00:00,600.52,USD_PER_MT,2,v1.0,VALID,SYNTHETIC,hash_bnk_002810,True
2811,BUNKER_VLSFO_SINGAPORE,2025-07-16 00:00:00,2025-07-16 18:00:00,580.95,USD_PER_MT,2,v1.0,VALID,SYNTHETIC,hash_bnk_002811,True
2812,BUNKER_IFO380_SINGAPORE,2025-07-16 00:00:00,2025-07-16 18:00:00,425.54,USD_PER_MT,2,v1.0,VALID,SYNTHETIC,hash_bnk_002812,True
2813,BUNKER_MGO_SINGAPORE,2025-07-16 00:00:00,2025-07-16 18:00:00,747.21,USD_PER_MT,2,v1.0,VALID,SYNTHETIC,hash_bnk_002813,True
2814,BUNKER_VLSFO_ROTTERDAM,2025-07-16 00:00:00,2025-07-16 18:00:00,542.45,USD_PER_MT,2,v1.0,VALID,SYNTHETIC,hash_bnk_002814,True
2815,BUNKER_VLSFO_PARADIP,2025-07-16 00:00:00,2025-07-16 18:00:00,610.91,USD_PER_MT,2,v1.0,VALID,SYNTHETIC,hash_bnk_002815,True
2816,BUNKER_VLSFO_SINGAPORE,2025-07-17 00:00:00,2025-07-17 18:00:00,574.27,USD_PER_MT,2,v1.0,VALID,SYNTHETIC,hash_bnk_002816,True
2817,BUNKER_IFO380_SINGAPORE,2025-07-17 00:00:00,2025-07-17 18:00:00,426.75,USD_PER_MT,2,v1.0,VALID,SYNTHETIC,hash_bnk_002817,True
2818,BUNKER_MGO_SINGAPORE,2025-07-17 00:00:00,2025-07-17 18:00:00,749.41,USD_PER_MT,2,v1.0,VALID,SYNTHETIC,hash_bnk_002818,True
2819,BUNKER_VLSFO_ROTTERDAM,2025-07-17 00:00:00,2025-07-17 18:00:00,556.56,USD_PER_MT,2,v1.0,VALID,SYNTHETIC,hash_bnk_002819,True
2820,BUNKER_VLSFO_PARADIP,2025-07-17 00:00:00,2025-07-17 18:00:00,610.5,USD_PER_MT,2,v1.0,VALID,SYNTHETIC,hash_bnk_002820,True
2821,BUNKER_VLSFO_SINGAPORE,2025-07-18 00:00:00,2025-07-18 18:00:00,574.42,USD_PER_MT,2,v1.0,VALID,SYNTHETIC,hash_bnk_002821,True
2822,BUNKER_IFO380_SINGAPORE,2025-07-18 00:00:00,2025-07-18 18:00:00,427.82,USD_PER_MT,2,v1.0,VALID,SYNTHETIC,hash_bnk_002822,True
2823,BUNKER_MGO_SINGAPORE,2025-07-18 00:00:00,2025-07-18 18:00:00,754.95,USD_PER_MT,2,v1.0,VALID,SYNTHETIC,hash_bnk_002823,True
2824,BUNKER_VLSFO_ROTTERDAM,2025-07-18 00:00:00,2025-07-18 18:00:00,550.3,USD_PER_MT,2,v1.0,VALID,SYNTHETIC,hash_bnk_002824,True
2825,BUNKER_VLSFO_PARADIP,2025-07-18 00:00:00,2025-07-18 18:00:00,601.67,USD_PER_MT,2,v1.0,VALID,SYNTHETIC,hash_bnk_002825,True
2826,BUNKER_VLSFO_SINGAPORE,2025-07-19 00:00:00,2025-07-19 18:00:00,579.11,USD_PER_MT,2,v1.0,VALID,SYNTHETIC,hash_bnk_002826,True
2827,BUNKER_IFO380_SINGAPORE,2025-07-19 00:00:00,2025-07-19 18:00:00,423.77,USD_PER_MT,2,v1.0,VALID,SYNTHETIC,hash_bnk_002827,True
2828,BUNKER_MGO_SINGAPORE,2025-07-19 00:00:00,2025-07-19 18:00:00,756.78,USD_PER_MT,2,v1.0,VALID,SYNTHETIC,hash_bnk_002828,True
2829,BUNKER_VLSFO_ROTTERDAM,2025-07-19 00:00:00,2025-07-19 18:00:00,540.3,USD_PER_MT,2,v1.0,VALID,SYNTHETIC,hash_bnk_002829,True
2830,BUNKER_VLSFO_PARADIP,2025-07-19 00:00:00,2025-07-19 18:00:00,617.71,USD_PER_MT,2,v1.0,VALID,SYNTHETIC,hash_bnk_002830,True
2831,BUNKER_VLSFO_SINGAPORE,2025-07-20 00:00:00,2025-07-20 18:00:00,580.05,USD_PER_MT,2,v1.0,VALID,SYNTHETIC,hash_bnk_002831,True
2832,BUNKER_IFO380_SINGAPORE,2025-07-20 00:00:00,2025-07-20 18:00:00,425.1,USD_PER_MT,2,v1.0,VALID,SYNTHETIC,hash_bnk_002832,True
2833,BUNKER_MGO_SINGAPORE,2025-07-20 00:00:00,2025-07-20 18:00:00,751.55,USD_PER_MT,2,v1.0,VALID,SYNTHETIC,hash_bnk_002833,True
2834,BUNKER_VLSFO_ROTTERDAM,2025-07-20 00:00:00,2025-07-20 18:00:00,544.48,USD_PER_MT,2,v1.0,VALID,SYNTHETIC,hash_bnk_002834,True
2835,BUNKER_VLSFO_PARADIP,2025-07-20 00:00:00,2025-07-20 18:00:00,604.72,USD_PER_MT,2,v1.0,VALID,SYNTHETIC,hash_bnk_002835,True
2836,BUNKER_VLSFO_SINGAPORE,2025-07-21 00:00:00,2025-07-21 18:00:00,577.91,USD_PER_MT,2,v1.0,VALID,SYNTHETIC,hash_bnk_002836,True
2837,BUNKER_IFO380_SINGAPORE,2025-07-21 00:00:00,2025-07-21 18:00:00,419.62,USD_PER_MT,2,v1.0,VALID,SYNTHETIC,hash_bnk_002837,True
2838,BUNKER_MGO_SINGAPORE,2025-07-21 00:00:00,2025-07-21 18:00:00,751.52,USD_PER_MT,2,v1.0,VALID,SYNTHETIC,hash_bnk_002838,True
2839,BUNKER_VLSFO_ROTTERDAM,2025-07-21 00:00:00,2025-07-21 18:00:00,546.99,USD_PER_MT,2,v1.0,VALID,SYNTHETIC,hash_bnk_002839,True
2840,BUNKER_VLSFO_PARADIP,2025-07-21 00:00:00,2025-07-21 18:00:00,601.08,USD_PER_MT,2,v1.0,VALID,SYNTHETIC,hash_bnk_002840,True
2841,BUNKER_VLSFO_SINGAPORE,2025-07-22 00:00:00,2025-07-22 18:00:00,580.66,USD_PER_MT,2,v1.0,VALID,SYNTHETIC,hash_bnk_002841,True
2842,BUNKER_IFO380_SINGAPORE,2025-07-22 00:00:00,2025-07-22 18:00:00,427.35,USD_PER_MT,2,v1.0,VALID,SYNTHETIC,hash_bnk_002842,True
2843,BUNKER_MGO_SINGAPORE,2025-07-22 00:00:00,2025-07-22 18:00:00,753.22,USD_PER_MT,2,v1.0,VALID,SYNTHETIC,hash_bnk_002843,True
2844,BUNKER_VLSFO_ROTTERDAM,2025-07-22 00:00:00,2025-07-22 18:00:00,546.45,USD_PER_MT,2,v1.0,VALID,SYNTHETIC,hash_bnk_002844,True
2845,BUNKER_VLSFO_PARADIP,2025-07-22 00:00:00,2025-07-22 18:00:00,606.64,USD_PER_MT,2,v1.0,VALID,SYNTHETIC,hash_bnk_002845,True
2846,BUNKER_VLSFO_SINGAPORE,2025-07-23 00:00:00,2025-07-23 18:00:00,570.77,USD_PER_MT,2,v1.0,VALID,SYNTHETIC,hash_bnk_002846,True
2847,BUNKER_IFO380_SINGAPORE,2025-07-23 00:00:00,2025-07-23 18:00:00,420.59,USD_PER_MT,2,v1.0,VALID,SYNTHETIC,hash_bnk_002847,True
2848,BUNKER_MGO_SINGAPORE,2025-07-23 00:00:00,2025-07-23 18:00:00,753.58,USD_PER_MT,2,v1.0,VALID,SYNTHETIC,hash_bnk_002848,True
2849,BUNKER_VLSFO_ROTTERDAM,2025-07-23 00:00:00,2025-07-23 18:00:00,543.73,USD_PER_MT,2,v1.0,VALID,SYNTHETIC,hash_bnk_002849,True
2850,BUNKER_VLSFO_PARADIP,2025-07-23 00:00:00,2025-07-23 18:00:00,600.45,USD_PER_MT,2,v1.0,VALID,SYNTHETIC,hash_bnk_002850,True
2851,BUNKER_VLSFO_SINGAPORE,2025-07-24 00:00:00,2025-07-24 18:00:00,568.21,USD_PER_MT,2,v1.0,VALID,SYNTHETIC,hash_bnk_002851,True
2852,BUNKER_IFO380_SINGAPORE,2025-07-24 00:00:00,2025-07-24 18:00:00,425.58,USD_PER_MT,2,v1.0,VALID,SYNTHETIC,hash_bnk_002852,True
2853,BUNKER_MGO_SINGAPORE,2025-07-24 00:00:00,2025-07-24 18:00:00,742.09,USD_PER_MT,2,v1.0,VALID,SYNTHETIC,hash_bnk_002853,True
2854,BUNKER_VLSFO_ROTTERDAM,2025-07-24 00:00:00,2025-07-24 18:00:00,543.86,USD_PER_MT,2,v1.0,VALID,SYNTHETIC,hash_bnk_002854,True
2855,BUNKER_VLSFO_PARADIP,2025-07-24 00:00:00,2025-07-24 18:00:00,599.22,USD_PER_MT,2,v1.0,VALID,SYNTHETIC,hash_bnk_002855,True
2856,BUNKER_VLSFO_SINGAPORE,2025-07-25 00:00:00,2025-07-25 18:00:00,567.18,USD_PER_MT,2,v1.0,VALID,SYNTHETIC,hash_bnk_002856,True
2857,BUNKER_IFO380_SINGAPORE,2025-07-25 00:00:00,2025-07-25 18:00:00,424.8,USD_PER_MT,2,v1.0,VALID,SYNTHETIC,hash_bnk_002857,True
2858,BUNKER_MGO_SINGAPORE,2025-07-25 00:00:00,2025-07-25 18:00:00,744.52,USD_PER_MT,2,v1.0,VALID,SYNTHETIC,hash_bnk_002858,True
2859,BUNKER_VLSFO_ROTTERDAM,2025-07-25 00:00:00,2025-07-25 18:00:00,544.92,USD_PER_MT,2,v1.0,VALID,SYNTHETIC,hash_bnk_002859,True
2860,BUNKER_VLSFO_PARADIP,2025-07-25 00:00:00,2025-07-25 18:00:00,612.06,USD_PER_MT,2,v1.0,VALID,SYNTHETIC,hash_bnk_002860,True
2861,BUNKER_VLSFO_SINGAPORE,2025-07-26 00:00:00,2025-07-26 18:00:00,570.45,USD_PER_MT,2,v1.0,VALID,SYNTHETIC,hash_bnk_002861,True
2862,BUNKER_IFO380_SINGAPORE,2025-07-26 00:00:00,2025-07-26 18:00:00,424.28,USD_PER_MT,2,v1.0,VALID,SYNTHETIC,hash_bnk_002862,True
2863,BUNKER_MGO_SINGAPORE,2025-07-26 00:00:00,2025-07-26 18:00:00,747.66,USD_PER_MT,2,v1.0,VALID,SYNTHETIC,hash_bnk_002863,True
2864,BUNKER_VLSFO_ROTTERDAM,2025-07-26 00:00:00,2025-07-26 18:00:00,542.12,USD_PER_MT,2,v1.0,VALID,SYNTHETIC,hash_bnk_002864,True
2865,BUNKER_VLSFO_PARADIP,2025-07-26 00:00:00,2025-07-26 18:00:00,610.41,USD_PER_MT,2,v1.0,VALID,SYNTHETIC,hash_bnk_002865,True
2866,BUNKER_VLSFO_SINGAPORE,2025-07-27 00:00:00,2025-07-27 18:00:00,571.35,USD_PER_MT,2,v1.0,VALID,SYNTHETIC,hash_bnk_002866,True
2867,BUNKER_IFO380_SINGAPORE,2025-07-27 00:00:00,2025-07-27 18:00:00,418.27,USD_PER_MT,2,v1.0,VALID,SYNTHETIC,hash_bnk_002867,True
2868,BUNKER_MGO_SINGAPORE,2025-07-27 00:00:00,2025-07-27 18:00:00,756.24,USD_PER_MT,2,v1.0,VALID,SYNTHETIC,hash_bnk_002868,True
2869,BUNKER_VLSFO_ROTTERDAM,2025-07-27 00:00:00,2025-07-27 18:00:00,545.4,USD_PER_MT,2,v1.0,VALID,SYNTHETIC,hash_bnk_002869,True
2870,BUNKER_VLSFO_PARADIP,2025-07-27 00:00:00,2025-07-27 18:00:00,608.17,USD_PER_MT,2,v1.0,VALID,SYNTHETIC,hash_bnk_002870,True
2871,BUNKER_VLSFO_SINGAPORE,2025-07-28 00:00:00,2025-07-28 18:00:00,569.98,USD_PER_MT,2,v1.0,VALID,SYNTHETIC,hash_bnk_002871,True
2872,BUNKER_IFO380_SINGAPORE,2025-07-28 00:00:00,2025-07-28 18:00:00,423.14,USD_PER_MT,2,v1.0,VALID,SYNTHETIC,hash_bnk_002872,True
2873,BUNKER_MGO_SINGAPORE,2025-07-28 00:00:00,2025-07-28 18:00:00,740.93,USD_PER_MT,2,v1.0,VALID,SYNTHETIC,hash_bnk_002873,True
2874,BUNKER_VLSFO_ROTTERDAM,2025-07-28 00:00:00,2025-07-28 18:00:00,539.55,USD_PER_MT,2,v1.0,VALID,SYNTHETIC,hash_bnk_002874,True
2875,BUNKER_VLSFO_PARADIP,2025-07-28 00:00:00,2025-07-28 18:00:00,600.63,USD_PER_MT,2,v1.0,VALID,SYNTHETIC,hash_bnk_002875,True
2876,BUNKER_VLSFO_SINGAPORE,2025-07-29 00:00:00,2025-07-29 18:00:00,570.51,USD_PER_MT,2,v1.0,VALID,SYNTHETIC,hash_bnk_002876,True
2877,BUNKER_IFO380_SINGAPORE,2025-07-29 00:00:00,2025-07-29 18:00:00,428.75,USD_PER_MT,2,v1.0,VALID,SYNTHETIC,hash_bnk_002877,True
2878,BUNKER_MGO_SINGAPORE,2025-07-29 00:00:00,2025-07-29 18:00:00,743.11,USD_PER_MT,2,v1.0,VALID,SYNTHETIC,hash_bnk_002878,True
2879,BUNKER_VLSFO_ROTTERDAM,2025-07-29 00:00:00,2025-07-29 18:00:00,541.31,USD_PER_MT,2,v1.0,VALID,SYNTHETIC,hash_bnk_002879,True
2880,BUNKER_VLSFO_PARADIP,2025-07-29 00:00:00,2025-07-29 18:00:00,610.66,USD_PER_MT,2,v1.0,VALID,SYNTHETIC,hash_bnk_002880,True
2881,BUNKER_VLSFO_SINGAPORE,2025-07-30 00:00:00,2025-07-30 18:00:00,570.33,USD_PER_MT,2,v1.0,VALID,SYNTHETIC,hash_bnk_002881,True
2882,BUNKER_IFO380_SINGAPORE,2025-07-30 00:00:00,2025-07-30 18:00:00,422.2,USD_PER_MT,2,v1.0,VALID,SYNTHETIC,hash_bnk_002882,True
2883,BUNKER_MGO_SINGAPORE,2025-07-30 00:00:00,2025-07-30 18:00:00,732.67,USD_PER_MT,2,v1.0,VALID,SYNTHETIC,hash_bnk_002883,True
2884,BUNKER_VLSFO_ROTTERDAM,2025-07-30 00:00:00,2025-07-30 18:00:00,535.17,USD_PER_MT,2,v1.0,VALID,SYNTHETIC,hash_bnk_002884,True
2885,BUNKER_VLSFO_PARADIP,2025-07-30 00:00:00,2025-07-30 18:00:00,610.24,USD_PER_MT,2,v1.0,VALID,SYNTHETIC,hash_bnk_002885,True
2886,BUNKER_VLSFO_SINGAPORE,2025-07-31 00:00:00,2025-07-31 18:00:00,568.3,USD_PER_MT,2,v1.0,VALID,SYNTHETIC,hash_bnk_002886,True
2887,BUNKER_IFO380_SINGAPORE,2025-07-31 00:00:00,2025-07-31 18:00:00,420.73,USD_PER_MT,2,v1.0,VALID,SYNTHETIC,hash_bnk_002887,True
2888,BUNKER_MGO_SINGAPORE,2025-07-31 00:00:00,2025-07-31 18:00:00,741.91,USD_PER_MT,2,v1.0,VALID,SYNTHETIC,hash_bnk_002888,True
2889,BUNKER_VLSFO_ROTTERDAM,2025-07-31 00:00:00,2025-07-31 18:00:00,539.1,USD_PER_MT,2,v1.0,VALID,SYNTHETIC,hash_bnk_002889,True
2890,BUNKER_VLSFO_PARADIP,2025-07-31 00:00:00,2025-07-31 18:00:00,596.14,USD_PER_MT,2,v1.0,VALID,SYNTHETIC,hash_bnk_002890,True
2891,BUNKER_VLSFO_SINGAPORE,2025-08-01 00:00:00,2025-08-01 18:00:00,564.72,USD_PER_MT,2,v1.0,VALID,SYNTHETIC,hash_bnk_002891,True
2892,BUNKER_IFO380_SINGAPORE,2025-08-01 00:00:00,2025-08-01 18:00:00,417.99,USD_PER_MT,2,v1.0,VALID,SYNTHETIC,hash_bnk_002892,True
2893,BUNKER_MGO_SINGAPORE,2025-08-01 00:00:00,2025-08-01 18:00:00,740.02,USD_PER_MT,2,v1.0,VALID,SYNTHETIC,hash_bnk_002893,True
2894,BUNKER_VLSFO_ROTTERDAM,2025-08-01 00:00:00,2025-08-01 18:00:00,537.58,USD_PER_MT,2,v1.0,VALID,SYNTHETIC,hash_bnk_002894,True
2895,BUNKER_VLSFO_PARADIP,2025-08-01 00:00:00,2025-08-01 18:00:00,593.22,USD_PER_MT,2,v1.0,VALID,SYNTHETIC,hash_bnk_002895,True
2896,BUNKER_VLSFO_SINGAPORE,2025-08-02 00:00:00,2025-08-02 18:00:00,563.07,USD_PER_MT,2,v1.0,VALID,SYNTHETIC,hash_bnk_002896,True
2897,BUNKER_IFO380_SINGAPORE,2025-08-02 00:00:00,2025-08-02 18:00:00,420.71,USD_PER_MT,2,v1.0,VALID,SYNTHETIC,hash_bnk_002897,True
2898,BUNKER_MGO_SINGAPORE,2025-08-02 00:00:00,2025-08-02 18:00:00,738.58,USD_PER_MT,2,v1.0,VALID,SYNTHETIC,hash_bnk_002898,True
2899,BUNKER_VLSFO_ROTTERDAM,2025-08-02 00:00:00,2025-08-02 18:00:00,544.95,USD_PER_MT,2,v1.0,VALID,SYNTHETIC,hash_bnk_002899,True
2900,BUNKER_VLSFO_PARADIP,2025-08-02 00:00:00,2025-08-02 18:00:00,600.05,USD_PER_MT,2,v1.0,VALID,SYNTHETIC,hash_bnk_002900,True
2901,BUNKER_VLSFO_SINGAPORE,2025-08-03 00:00:00,2025-08-03 18:00:00,564.69,USD_PER_MT,2,v1.0,VALID,SYNTHETIC,hash_bnk_002901,True
2902,BUNKER_IFO380_SINGAPORE,2025-08-03 00:00:00,2025-08-03 18:00:00,413.77,USD_PER_MT,2,v1.0,VALID,SYNTHETIC,hash_bnk_002902,True
2903,BUNKER_MGO_SINGAPORE,2025-08-03 00:00:00,2025-08-03 18:00:00,736.93,USD_PER_MT,2,v1.0,VALID,SYNTHETIC,hash_bnk_002903,True
2904,BUNKER_VLSFO_ROTTERDAM,2025-08-03 00:00:00,2025-08-03 18:00:00,545.93,USD_PER_MT,2,v1.0,VALID,SYNTHETIC,hash_bnk_002904,True
2905,BUNKER_VLSFO_PARADIP,2025-08-03 00:00:00,2025-08-03 18:00:00,585.43,USD_PER_MT,2,v1.0,VALID,SYNTHETIC,hash_bnk_002905,True
2906,BUNKER_VLSFO_SINGAPORE,2025-08-04 00:00:00,2025-08-04 18:00:00,569.33,USD_PER_MT,2,v1.0,VALID,SYNTHETIC,hash_bnk_002906,True
2907,BUNKER_IFO380_SINGAPORE,2025-08-04 00:00:00,2025-08-04 18:00:00,420.18,USD_PER_MT,2,v1.0,VALID,SYNTHETIC,hash_bnk_002907,True
2908,BUNKER_MGO_SINGAPORE,2025-08-04 00:00:00,2025-08-04 18:00:00,735.54,USD_PER_MT,2,v1.0,VALID,SYNTHETIC,hash_bnk_002908,True
2909,BUNKER_VLSFO_ROTTERDAM,2025-08-04 00:00:00,2025-08-04 18:00:00,538.98,USD_PER_MT,2,v1.0,VALID,SYNTHETIC,hash_bnk_002909,True
2910,BUNKER_VLSFO_PARADIP,2025-08-04 00:00:00,2025-08-04 18:00:00,600.93,USD_PER_MT,2,v1.0,VALID,SYNTHETIC,hash_bnk_002910,True
2911,BUNKER_VLSFO_SINGAPORE,2025-08-05 00:00:00,2025-08-05 18:00:00,565.58,USD_PER_MT,2,v1.0,VALID,SYNTHETIC,hash_bnk_002911,True
2912,BUNKER_IFO380_SINGAPORE,2025-08-05 00:00:00,2025-08-05 18:00:00,422.72,USD_PER_MT,2,v1.0,VALID,SYNTHETIC,hash_bnk_002912,True
2913,BUNKER_MGO_SINGAPORE,2025-08-05 00:00:00,2025-08-05 18:00:00,732.85,USD_PER_MT,2,v1.0,VALID,SYNTHETIC,hash_bnk_002913,True
2914,BUNKER_VLSFO_ROTTERDAM,2025-08-05 00:00:00,2025-08-05 18:00:00,540.61,USD_PER_MT,2,v1.0,VALID,SYNTHETIC,hash_bnk_002914,True
2915,BUNKER_VLSFO_PARADIP,2025-08-05 00:00:00,2025-08-05 18:00:00,599.04,USD_PER_MT,2,v1.0,VALID,SYNTHETIC,hash_bnk_002915,True
2916,BUNKER_VLSFO_SINGAPORE,2025-08-06 00:00:00,2025-08-06 18:00:00,564.53,USD_PER_MT,2,v1.0,VALID,SYNTHETIC,hash_bnk_002916,True
2917,BUNKER_IFO380_SINGAPORE,2025-08-06 00:00:00,2025-08-06 18:00:00,421.62,USD_PER_MT,2,v1.0,VALID,SYNTHETIC,hash_bnk_002917,True
2918,BUNKER_MGO_SINGAPORE,2025-08-06 00:00:00,2025-08-06 18:00:00,736.36,USD_PER_MT,2,v1.0,VALID,SYNTHETIC,hash_bnk_002918,True
2919,BUNKER_VLSFO_ROTTERDAM,2025-08-06 00:00:00,2025-08-06 18:00:00,544.9,USD_PER_MT,2,v1.0,VALID,SYNTHETIC,hash_bnk_002919,True
2920,BUNKER_VLSFO_PARADIP,2025-08-06 00:00:00,2025-08-06 18:00:00,591.92,USD_PER_MT,2,v1.0,VALID,SYNTHETIC,hash_bnk_002920,True
2921,BUNKER_VLSFO_SINGAPORE,2025-08-07 00:00:00,2025-08-07 18:00:00,558.27,USD_PER_MT,2,v1.0,VALID,SYNTHETIC,hash_bnk_002921,True
2922,BUNKER_IFO380_SINGAPORE,2025-08-07 00:00:00,2025-08-07 18:00:00,420.73,USD_PER_MT,2,v1.0,VALID,SYNTHETIC,hash_bnk_002922,True
2923,BUNKER_MGO_SINGAPORE,2025-08-07 00:00:00,2025-08-07 18:00:00,736.54,USD_PER_MT,2,v1.0,VALID,SYNTHETIC,hash_bnk_002923,True
2924,BUNKER_VLSFO_ROTTERDAM,2025-08-07 00:00:00,2025-08-07 18:00:00,537.39,USD_PER_MT,2,v1.0,VALID,SYNTHETIC,hash_bnk_002924,True
2925,BUNKER_VLSFO_PARADIP,2025-08-07 00:00:00,2025-08-07 18:00:00,597.68,USD_PER_MT,2,v1.0,VALID,SYNTHETIC,hash_bnk_002925,True
2926,BUNKER_VLSFO_SINGAPORE,2025-08-08 00:00:00,2025-08-08 18:00:00,558.71,USD_PER_MT,2,v1.0,VALID,SYNTHETIC,hash_bnk_002926,True
2927,BUNKER_IFO380_SINGAPORE,2025-08-08 00:00:00,2025-08-08 18:00:00,417.87,USD_PER_MT,2,v1.0,VALID,SYNTHETIC,hash_bnk_002927,True
2928,BUNKER_MGO_SINGAPORE,2025-08-08 00:00:00,2025-08-08 18:00:00,735.16,USD_PER_MT,2,v1.0,VALID,SYNTHETIC,hash_bnk_002928,True
2929,BUNKER_VLSFO_ROTTERDAM,2025-08-08 00:00:00,2025-08-08 18:00:00,537.6,USD_PER_MT,2,v1.0,VALID,SYNTHETIC,hash_bnk_002929,True
2930,BUNKER_VLSFO_PARADIP,2025-08-08 00:00:00,2025-08-08 18:00:00,593.96,USD_PER_MT,2,v1.0,VALID,SYNTHETIC,hash_bnk_002930,True
2931,BUNKER_VLSFO_SINGAPORE,2025-08-09 00:00:00,2025-08-09 18:00:00,565.82,USD_PER_MT,2,v1.0,VALID,SYNTHETIC,hash_bnk_002931,True
2932,BUNKER_IFO380_SINGAPORE,2025-08-09 00:00:00,2025-08-09 18:00:00,415.92,USD_PER_MT,2,v1.0,VALID,SYNTHETIC,hash_bnk_002932,True
2933,BUNKER_MGO_SINGAPORE,2025-08-09 00:00:00,2025-08-09 18:00:00,732.83,USD_PER_MT,2,v1.0,VALID,SYNTHETIC,hash_bnk_002933,True
2934,BUNKER_VLSFO_ROTTERDAM,2025-08-09 00:00:00,2025-08-09 18:00:00,541.0,USD_PER_MT,2,v1.0,VALID,SYNTHETIC,hash_bnk_002934,True
2935,BUNKER_VLSFO_PARADIP,2025-08-09 00:00:00,2025-08-09 18:00:00,600.97,USD_PER_MT,2,v1.0,VALID,SYNTHETIC,hash_bnk_002935,True
2936,BUNKER_VLSFO_SINGAPORE,2025-08-10 00:00:00,2025-08-10 18:00:00,571.08,USD_PER_MT,2,v1.0,VALID,SYNTHETIC,hash_bnk_002936,True
2937,BUNKER_IFO380_SINGAPORE,2025-08-10 00:00:00,2025-08-10 18:00:00,417.28,USD_PER_MT,2,v1.0,VALID,SYNTHETIC,hash_bnk_002937,True
2938,BUNKER_MGO_SINGAPORE,2025-08-10 00:00:00,2025-08-10 18:00:00,729.08,USD_PER_MT,2,v1.0,VALID,SYNTHETIC,hash_bnk_002938,True
2939,BUNKER_VLSFO_ROTTERDAM,2025-08-10 00:00:00,2025-08-10 18:00:00,534.0,USD_PER_MT,2,v1.0,VALID,SYNTHETIC,hash_bnk_002939,True
2940,BUNKER_VLSFO_PARADIP,2025-08-10 00:00:00,2025-08-10 18:00:00,599.98,USD_PER_MT,2,v1.0,VALID,SYNTHETIC,hash_bnk_002940,True
2941,BUNKER_VLSFO_SINGAPORE,2025-08-11 00:00:00,2025-08-11 18:00:00,560.23,USD_PER_MT,2,v1.0,VALID,SYNTHETIC,hash_bnk_002941,True
2942,BUNKER_IFO380_SINGAPORE,2025-08-11 00:00:00,2025-08-11 18:00:00,417.06,USD_PER_MT,2,v1.0,VALID,SYNTHETIC,hash_bnk_002942,True
2943,BUNKER_MGO_SINGAPORE,2025-08-11 00:00:00,2025-08-11 18:00:00,731.64,USD_PER_MT,2,v1.0,VALID,SYNTHETIC,hash_bnk_002943,True
2944,BUNKER_VLSFO_ROTTERDAM,2025-08-11 00:00:00,2025-08-11 18:00:00,530.26,USD_PER_MT,2,v1.0,VALID,SYNTHETIC,hash_bnk_002944,True
2945,BUNKER_VLSFO_PARADIP,2025-08-11 00:00:00,2025-08-11 18:00:00,598.56,USD_PER_MT,2,v1.0,VALID,SYNTHETIC,hash_bnk_002945,True
2946,BUNKER_VLSFO_SINGAPORE,2025-08-12 00:00:00,2025-08-12 18:00:00,562.75,USD_PER_MT,2,v1.0,VALID,SYNTHETIC,hash_bnk_002946,True
2947,BUNKER_IFO380_SINGAPORE,2025-08-12 00:00:00,2025-08-12 18:00:00,415.23,USD_PER_MT,2,v1.0,VALID,SYNTHETIC,hash_bnk_002947,True
2948,BUNKER_MGO_SINGAPORE,2025-08-12 00:00:00,2025-08-12 18:00:00,729.9,USD_PER_MT,2,v1.0,VALID,SYNTHETIC,hash_bnk_002948,True
2949,BUNKER_VLSFO_ROTTERDAM,2025-08-12 00:00:00,2025-08-12 18:00:00,529.57,USD_PER_MT,2,v1.0,VALID,SYNTHETIC,hash_bnk_002949,True
2950,BUNKER_VLSFO_PARADIP,2025-08-12 00:00:00,2025-08-12 18:00:00,588.35,USD_PER_MT,2,v1.0,VALID,SYNTHETIC,hash_bnk_002950,True
2951,BUNKER_VLSFO_SINGAPORE,2025-08-13 00:00:00,2025-08-13 18:00:00,566.25,USD_PER_MT,2,v1.0,VALID,SYNTHETIC,hash_bnk_002951,True
2952,BUNKER_IFO380_SINGAPORE,2025-08-13 00:00:00,2025-08-13 18:00:00,418.15,USD_PER_MT,2,v1.0,VALID,SYNTHETIC,hash_bnk_002952,True
2953,BUNKER_MGO_SINGAPORE,2025-08-13 00:00:00,2025-08-13 18:00:00,729.7,USD_PER_MT,2,v1.0,VALID,SYNTHETIC,hash_bnk_002953,True
2954,BUNKER_VLSFO_ROTTERDAM,2025-08-13 00:00:00,2025-08-13 18:00:00,530.04,USD_PER_MT,2,v1.0,VALID,SYNTHETIC,hash_bnk_002954,True
2955,BUNKER_VLSFO_PARADIP,2025-08-13 00:00:00,2025-08-13 18:00:00,598.32,USD_PER_MT,2,v1.0,VALID,SYNTHETIC,hash_bnk_002955,True
2956,BUNKER_VLSFO_SINGAPORE,2025-08-14 00:00:00,2025-08-14 18:00:00,563.14,USD_PER_MT,2,v1.0,VALID,SYNTHETIC,hash_bnk_002956,True
2957,BUNKER_IFO380_SINGAPORE,2025-08-14 00:00:00,2025-08-14 18:00:00,419.55,USD_PER_MT,2,v1.0,VALID,SYNTHETIC,hash_bnk_002957,True
2958,BUNKER_MGO_SINGAPORE,2025-08-14 00:00:00,2025-08-14 18:00:00,724.94,USD_PER_MT,2,v1.0,VALID,SYNTHETIC,hash_bnk_002958,True
2959,BUNKER_VLSFO_ROTTERDAM,2025-08-14 00:00:00,2025-08-14 18:00:00,538.59,USD_PER_MT,2,v1.0,VALID,SYNTHETIC,hash_bnk_002959,True
2960,BUNKER_VLSFO_PARADIP,2025-08-14 00:00:00,2025-08-14 18:00:00,589.56,USD_PER_MT,2,v1.0,VALID,SYNTHETIC,hash_bnk_002960,True
2961,BUNKER_VLSFO_SINGAPORE,2025-08-15 00:00:00,2025-08-15 18:00:00,559.5,USD_PER_MT,2,v1.0,VALID,SYNTHETIC,hash_bnk_002961,True
2962,BUNKER_IFO380_SINGAPORE,2025-08-15 00:00:00,2025-08-15 18:00:00,414.75,USD_PER_MT,2,v1.0,VALID,SYNTHETIC,hash_bnk_002962,True
2963,BUNKER_MGO_SINGAPORE,2025-08-15 00:00:00,2025-08-15 18:00:00,734.0,USD_PER_MT,2,v1.0,VALID,SYNTHETIC,hash_bnk_002963,True
2964,BUNKER_VLSFO_ROTTERDAM,2025-08-15 00:00:00,2025-08-15 18:00:00,533.12,USD_PER_MT,2,v1.0,VALID,SYNTHETIC,hash_bnk_002964,True
2965,BUNKER_VLSFO_PARADIP,2025-08-15 00:00:00,2025-08-15 18:00:00,595.48,USD_PER_MT,2,v1.0,VALID,SYNTHETIC,hash_bnk_002965,True
2966,BUNKER_VLSFO_SINGAPORE,2025-08-16 00:00:00,2025-08-16 18:00:00,555.23,USD_PER_MT,2,v1.0,VALID,SYNTHETIC,hash_bnk_002966,True
2967,BUNKER_IFO380_SINGAPORE,2025-08-16 00:00:00,2025-08-16 18:00:00,416.36,USD_PER_MT,2,v1.0,VALID,SYNTHETIC,hash_bnk_002967,True
2968,BUNKER_MGO_SINGAPORE,2025-08-16 00:00:00,2025-08-16 18:00:00,732.4,USD_PER_MT,2,v1.0,VALID,SYNTHETIC,hash_bnk_002968,True
2969,BUNKER_VLSFO_ROTTERDAM,2025-08-16 00:00:00,2025-08-16 18:00:00,533.63,USD_PER_MT,2,v1.0,VALID,SYNTHETIC,hash_bnk_002969,True
2970,BUNKER_VLSFO_PARADIP,2025-08-16 00:00:00,2025-08-16 18:00:00,596.56,USD_PER_MT,2,v1.0,VALID,SYNTHETIC,hash_bnk_002970,True
2971,BUNKER_VLSFO_SINGAPORE,2025-08-17 00:00:00,2025-08-17 18:00:00,558.16,USD_PER_MT,2,v1.0,VALID,SYNTHETIC,hash_bnk_002971,True
2972,BUNKER_IFO380_SINGAPORE,2025-08-17 00:00:00,2025-08-17 18:00:00,417.08,USD_PER_MT,2,v1.0,VALID,SYNTHETIC,hash_bnk_002972,True
2973,BUNKER_MGO_SINGAPORE,2025-08-17 00:00:00,2025-08-17 18:00:00,733.95,USD_PER_MT,2,v1.0,VALID,SYNTHETIC,hash_bnk_002973,True
2974,BUNKER_VLSFO_ROTTERDAM,2025-08-17 00:00:00,2025-08-17 18:00:00,532.43,USD_PER_MT,2,v1.0,VALID,SYNTHETIC,hash_bnk_002974,True
2975,BUNKER_VLSFO_PARADIP,2025-08-17 00:00:00,2025-08-17 18:00:00,592.04,USD_PER_MT,2,v1.0,VALID,SYNTHETIC,hash_bnk_002975,True
2976,BUNKER_VLSFO_SINGAPORE,2025-08-18 00:00:00,2025-08-18 18:00:00,565.53,USD_PER_MT,2,v1.0,VALID,SYNTHETIC,hash_bnk_002976,True
2977,BUNKER_IFO380_SINGAPORE,2025-08-18 00:00:00,2025-08-18 18:00:00,421.4,USD_PER_MT,2,v1.0,VALID,SYNTHETIC,hash_bnk_002977,True
2978,BUNKER_MGO_SINGAPORE,2025-08-18 00:00:00,2025-08-18 18:00:00,728.97,USD_PER_MT,2,v1.0,VALID,SYNTHETIC,hash_bnk_002978,True
2979,BUNKER_VLSFO_ROTTERDAM,2025-08-18 00:00:00,2025-08-18 18:00:00,531.3,USD_PER_MT,2,v1.0,VALID,SYNTHETIC,hash_bnk_002979,True
2980,BUNKER_VLSFO_PARADIP,2025-08-18 00:00:00,2025-08-18 18:00:00,590.87,USD_PER_MT,2,v1.0,VALID,SYNTHETIC,hash_bnk_002980,True
2981,BUNKER_VLSFO_SINGAPORE,2025-08-19 00:00:00,2025-08-19 18:00:00,555.8,USD_PER_MT,2,v1.0,VALID,SYNTHETIC,hash_bnk_002981,True
2982,BUNKER_IFO380_SINGAPORE,2025-08-19 00:00:00,2025-08-19 18:00:00,409.97,USD_PER_MT,2,v1.0,VALID,SYNTHETIC,hash_bnk_002982,True
2983,BUNKER_MGO_SINGAPORE,2025-08-19 00:00:00,2025-08-19 18:00:00,725.56,USD_PER_MT,2,v1.0,VALID,SYNTHETIC,hash_bnk_002983,True
2984,BUNKER_VLSFO_ROTTERDAM,2025-08-19 00:00:00,2025-08-19 18:00:00,535.57,USD_PER_MT,2,v1.0,VALID,SYNTHETIC,hash_bnk_002984,True
2985,BUNKER_VLSFO_PARADIP,2025-08-19 00:00:00,2025-08-19 18:00:00,592.02,USD_PER_MT,2,v1.0,VALID,SYNTHETIC,hash_bnk_002985,True
2986,BUNKER_VLSFO_SINGAPORE,2025-08-20 00:00:00,2025-08-20 18:00:00,552.3,USD_PER_MT,2,v1.0,VALID,SYNTHETIC,hash_bnk_002986,True
2987,BUNKER_IFO380_SINGAPORE,2025-08-20 00:00:00,2025-08-20 18:00:00,416.53,USD_PER_MT,2,v1.0,VALID,SYNTHETIC,hash_bnk_002987,True
2988,BUNKER_MGO_SINGAPORE,2025-08-20 00:00:00,2025-08-20 18:00:00,726.93,USD_PER_MT,2,v1.0,VALID,SYNTHETIC,hash_bnk_002988,True
2989,BUNKER_VLSFO_ROTTERDAM,2025-08-20 00:00:00,2025-08-20 18:00:00,530.22,USD_PER_MT,2,v1.0,VALID,SYNTHETIC,hash_bnk_002989,True
2990,BUNKER_VLSFO_PARADIP,2025-08-20 00:00:00,2025-08-20 18:00:00,593.07,USD_PER_MT,2,v1.0,VALID,SYNTHETIC,hash_bnk_002990,True
2991,BUNKER_VLSFO_SINGAPORE,2025-08-21 00:00:00,2025-08-21 18:00:00,562.68,USD_PER_MT,2,v1.0,VALID,SYNTHETIC,hash_bnk_002991,True
2992,BUNKER_IFO380_SINGAPORE,2025-08-21 00:00:00,2025-08-21 18:00:00,414.03,USD_PER_MT,2,v1.0,VALID,SYNTHETIC,hash_bnk_002992,True
2993,BUNKER_MGO_SINGAPORE,2025-08-21 00:00:00,2025-08-21 18:00:00,730.2,USD_PER_MT,2,v1.0,VALID,SYNTHETIC,hash_bnk_002993,True
2994,BUNKER_VLSFO_ROTTERDAM,2025-08-21 00:00:00,2025-08-21 18:00:00,528.16,USD_PER_MT,2,v1.0,VALID,SYNTHETIC,hash_bnk_002994,True
2995,BUNKER_VLSFO_PARADIP,2025-08-21 00:00:00,2025-08-21 18:00:00,599.22,USD_PER_MT,2,v1.0,VALID,SYNTHETIC,hash_bnk_002995,True
2996,BUNKER_VLSFO_SINGAPORE,2025-08-22 00:00:00,2025-08-22 18:00:00,566.26,USD_PER_MT,2,v1.0,VALID,SYNTHETIC,hash_bnk_002996,True
2997,BUNKER_IFO380_SINGAPORE,2025-08-22 00:00:00,2025-08-22 18:00:00,412.28,USD_PER_MT,2,v1.0,VALID,SYNTHETIC,hash_bnk_002997,True
2998,BUNKER_MGO_SINGAPORE,2025-08-22 00:00:00,2025-08-22 18:00:00,721.93,USD_PER_MT,2,v1.0,VALID,SYNTHETIC,hash_bnk_002998,True
2999,BUNKER_VLSFO_ROTTERDAM,2025-08-22 00:00:00,2025-08-22 18:00:00,535.93,USD_PER_MT,2,v1.0,VALID,SYNTHETIC,hash_bnk_002999,True
3000,BUNKER_VLSFO_PARADIP,2025-08-22 00:00:00,2025-08-22 18:00:00,588.04,USD_PER_MT,2,v1.0,VALID,SYNTHETIC,hash_bnk_003000,True
3001,BUNKER_VLSFO_SINGAPORE,2025-08-23 00:00:00,2025-08-23 18:00:00,555.95,USD_PER_MT,2,v1.0,VALID,SYNTHETIC,hash_bnk_003001,True
3002,BUNKER_IFO380_SINGAPORE,2025-08-23 00:00:00,2025-08-23 18:00:00,414.09,USD_PER_MT,2,v1.0,VALID,SYNTHETIC,hash_bnk_003002,True
3003,BUNKER_MGO_SINGAPORE,2025-08-23 00:00:00,2025-08-23 18:00:00,741.37,USD_PER_MT,2,v1.0,VALID,SYNTHETIC,hash_bnk_003003,True
3004,BUNKER_VLSFO_ROTTERDAM,2025-08-23 00:00:00,2025-08-23 18:00:00,524.37,USD_PER_MT,2,v1.0,VALID,SYNTHETIC,hash_bnk_003004,True
3005,BUNKER_VLSFO_PARADIP,2025-08-23 00:00:00,2025-08-23 18:00:00,594.18,USD_PER_MT,2,v1.0,VALID,SYNTHETIC,hash_bnk_003005,True
3006,BUNKER_VLSFO_SINGAPORE,2025-08-24 00:00:00,2025-08-24 18:00:00,561.69,USD_PER_MT,2,v1.0,VALID,SYNTHETIC,hash_bnk_003006,True
3007,BUNKER_IFO380_SINGAPORE,2025-08-24 00:00:00,2025-08-24 18:00:00,420.05,USD_PER_MT,2,v1.0,VALID,SYNTHETIC,hash_bnk_003007,True
3008,BUNKER_MGO_SINGAPORE,2025-08-24 00:00:00,2025-08-24 18:00:00,730.0,USD_PER_MT,2,v1.0,VALID,SYNTHETIC,hash_bnk_003008,True
3009,BUNKER_VLSFO_ROTTERDAM,2025-08-24 00:00:00,2025-08-24 18:00:00,528.1,USD_PER_MT,2,v1.0,VALID,SYNTHETIC,hash_bnk_003009,True
3010,BUNKER_VLSFO_PARADIP,2025-08-24 00:00:00,2025-08-24 18:00:00,595.67,USD_PER_MT,2,v1.0,VALID,SYNTHETIC,hash_bnk_003010,True
3011,BUNKER_VLSFO_SINGAPORE,2025-08-25 00:00:00,2025-08-25 18:00:00,554.42,USD_PER_MT,2,v1.0,VALID,SYNTHETIC,hash_bnk_003011,True
3012,BUNKER_IFO380_SINGAPORE,2025-08-25 00:00:00,2025-08-25 18:00:00,414.13,USD_PER_MT,2,v1.0,VALID,SYNTHETIC,hash_bnk_003012,True
3013,BUNKER_MGO_SINGAPORE,2025-08-25 00:00:00,2025-08-25 18:00:00,726.75,USD_PER_MT,2,v1.0,VALID,SYNTHETIC,hash_bnk_003013,True
3014,BUNKER_VLSFO_ROTTERDAM,2025-08-25 00:00:00,2025-08-25 18:00:00,524.04,USD_PER_MT,2,v1.0,VALID,SYNTHETIC,hash_bnk_003014,True
3015,BUNKER_VLSFO_PARADIP,2025-08-25 00:00:00,2025-08-25 18:00:00,593.01,USD_PER_MT,2,v1.0,VALID,SYNTHETIC,hash_bnk_003015,True
3016,BUNKER_VLSFO_SINGAPORE,2025-08-26 00:00:00,2025-08-26 18:00:00,558.86,USD_PER_MT,2,v1.0,VALID,SYNTHETIC,hash_bnk_003016,True
3017,BUNKER_IFO380_SINGAPORE,2025-08-26 00:00:00,2025-08-26 18:00:00,417.64,USD_PER_MT,2,v1.0,VALID,SYNTHETIC,hash_bnk_003017,True
3018,BUNKER_MGO_SINGAPORE,2025-08-26 00:00:00,2025-08-26 18:00:00,723.15,USD_PER_MT,2,v1.0,VALID,SYNTHETIC,hash_bnk_003018,True
3019,BUNKER_VLSFO_ROTTERDAM,2025-08-26 00:00:00,2025-08-26 18:00:00,529.75,USD_PER_MT,2,v1.0,VALID,SYNTHETIC,hash_bnk_003019,True
3020,BUNKER_VLSFO_PARADIP,2025-08-26 00:00:00,2025-08-26 18:00:00,587.93,USD_PER_MT,2,v1.0,VALID,SYNTHETIC,hash_bnk_003020,True
3021,BUNKER_VLSFO_SINGAPORE,2025-08-27 00:00:00,2025-08-27 18:00:00,557.28,USD_PER_MT,2,v1.0,VALID,SYNTHETIC,hash_bnk_003021,True
3022,BUNKER_IFO380_SINGAPORE,2025-08-27 00:00:00,2025-08-27 18:00:00,414.96,USD_PER_MT,2,v1.0,VALID,SYNTHETIC,hash_bnk_003022,True
3023,BUNKER_MGO_SINGAPORE,2025-08-27 00:00:00,2025-08-27 18:00:00,730.49,USD_PER_MT,2,v1.0,VALID,SYNTHETIC,hash_bnk_003023,True
3024,BUNKER_VLSFO_ROTTERDAM,2025-08-27 00:00:00,2025-08-27 18:00:00,534.78,USD_PER_MT,2,v1.0,VALID,SYNTHETIC,hash_bnk_003024,True
3025,BUNKER_VLSFO_PARADIP,2025-08-27 00:00:00,2025-08-27 18:00:00,592.63,USD_PER_MT,2,v1.0,VALID,SYNTHETIC,hash_bnk_003025,True
3026,BUNKER_VLSFO_SINGAPORE,2025-08-28 00:00:00,2025-08-28 18:00:00,563.74,USD_PER_MT,2,v1.0,VALID,SYNTHETIC,hash_bnk_003026,True
3027,BUNKER_IFO380_SINGAPORE,2025-08-28 00:00:00,2025-08-28 18:00:00,415.35,USD_PER_MT,2,v1.0,VALID,SYNTHETIC,hash_bnk_003027,True
3028,BUNKER_MGO_SINGAPORE,2025-08-28 00:00:00,2025-08-28 18:00:00,728.96,USD_PER_MT,2,v1.0,VALID,SYNTHETIC,hash_bnk_003028,True
3029,BUNKER_VLSFO_ROTTERDAM,2025-08-28 00:00:00,2025-08-28 18:00:00,527.79,USD_PER_MT,2,v1.0,VALID,SYNTHETIC,hash_bnk_003029,True
3030,BUNKER_VLSFO_PARADIP,2025-08-28 00:00:00,2025-08-28 18:00:00,590.52,USD_PER_MT,2,v1.0,VALID,SYNTHETIC,hash_bnk_003030,True
3031,BUNKER_VLSFO_SINGAPORE,2025-08-29 00:00:00,2025-08-29 18:00:00,552.37,USD_PER_MT,2,v1.0,VALID,SYNTHETIC,hash_bnk_003031,True
3032,BUNKER_IFO380_SINGAPORE,2025-08-29 00:00:00,2025-08-29 18:00:00,417.82,USD_PER_MT,2,v1.0,VALID,SYNTHETIC,hash_bnk_003032,True
3033,BUNKER_MGO_SINGAPORE,2025-08-29 00:00:00,2025-08-29 18:00:00,725.62,USD_PER_MT,2,v1.0,VALID,SYNTHETIC,hash_bnk_003033,True
3034,BUNKER_VLSFO_ROTTERDAM,2025-08-29 00:00:00,2025-08-29 18:00:00,524.54,USD_PER_MT,2,v1.0,VALID,SYNTHETIC,hash_bnk_003034,True
3035,BUNKER_VLSFO_PARADIP,2025-08-29 00:00:00,2025-08-29 18:00:00,597.44,USD_PER_MT,2,v1.0,VALID,SYNTHETIC,hash_bnk_003035,True
3036,BUNKER_VLSFO_SINGAPORE,2025-08-30 00:00:00,2025-08-30 18:00:00,556.39,USD_PER_MT,2,v1.0,VALID,SYNTHETIC,hash_bnk_003036,True
3037,BUNKER_IFO380_SINGAPORE,2025-08-30 00:00:00,2025-08-30 18:00:00,412.55,USD_PER_MT,2,v1.0,VALID,SYNTHETIC,hash_bnk_003037,True
3038,BUNKER_MGO_SINGAPORE,2025-08-30 00:00:00,2025-08-30 18:00:00,728.67,USD_PER_MT,2,v1.0,VALID,SYNTHETIC,hash_bnk_003038,True
3039,BUNKER_VLSFO_ROTTERDAM,2025-08-30 00:00:00,2025-08-30 18:00:00,527.1,USD_PER_MT,2,v1.0,VALID,SYNTHETIC,hash_bnk_003039,True
3040,BUNKER_VLSFO_PARADIP,2025-08-30 00:00:00,2025-08-30 18:00:00,589.95,USD_PER_MT,2,v1.0,VALID,SYNTHETIC,hash_bnk_003040,True
3041,BUNKER_VLSFO_SINGAPORE,2025-08-31 00:00:00,2025-08-31 18:00:00,560.13,USD_PER_MT,2,v1.0,VALID,SYNTHETIC,hash_bnk_003041,True
3042,BUNKER_IFO380_SINGAPORE,2025-08-31 00:00:00,2025-08-31 18:00:00,414.34,USD_PER_MT,2,v1.0,VALID,SYNTHETIC,hash_bnk_003042,True
3043,BUNKER_MGO_SINGAPORE,2025-08-31 00:00:00,2025-08-31 18:00:00,730.39,USD_PER_MT,2,v1.0,VALID,SYNTHETIC,hash_bnk_003043,True
3044,BUNKER_VLSFO_ROTTERDAM,2025-08-31 00:00:00,2025-08-31 18:00:00,530.44,USD_PER_MT,2,v1.0,VALID,SYNTHETIC,hash_bnk_003044,True
3045,BUNKER_VLSFO_PARADIP,2025-08-31 00:00:00,2025-08-31 18:00:00,585.35,USD_PER_MT,2,v1.0,VALID,SYNTHETIC,hash_bnk_003045,True
3046,BUNKER_VLSFO_SINGAPORE,2025-09-01 00:00:00,2025-09-01 18:00:00,561.43,USD_PER_MT,2,v1.0,VALID,SYNTHETIC,hash_bnk_003046,True
3047,BUNKER_IFO380_SINGAPORE,2025-09-01 00:00:00,2025-09-01 18:00:00,419.96,USD_PER_MT,2,v1.0,VALID,SYNTHETIC,hash_bnk_003047,True
3048,BUNKER_MGO_SINGAPORE,2025-09-01 00:00:00,2025-09-01 18:00:00,735.34,USD_PER_MT,2,v1.0,VALID,SYNTHETIC,hash_bnk_003048,True
3049,BUNKER_VLSFO_ROTTERDAM,2025-09-01 00:00:00,2025-09-01 18:00:00,526.04,USD_PER_MT,2,v1.0,VALID,SYNTHETIC,hash_bnk_003049,True
3050,BUNKER_VLSFO_PARADIP,2025-09-01 00:00:00,2025-09-01 18:00:00,592.93,USD_PER_MT,2,v1.0,VALID,SYNTHETIC,hash_bnk_003050,True
3051,BUNKER_VLSFO_SINGAPORE,2025-09-02 00:00:00,2025-09-02 18:00:00,554.65,USD_PER_MT,2,v1.0,VALID,SYNTHETIC,hash_bnk_003051,True
3052,BUNKER_IFO380_SINGAPORE,2025-09-02 00:00:00,2025-09-02 18:00:00,413.63,USD_PER_MT,2,v1.0,VALID,SYNTHETIC,hash_bnk_003052,True
3053,BUNKER_MGO_SINGAPORE,2025-09-02 00:00:00,2025-09-02 18:00:00,737.62,USD_PER_MT,2,v1.0,VALID,SYNTHETIC,hash_bnk_003053,True
3054,BUNKER_VLSFO_ROTTERDAM,2025-09-02 00:00:00,2025-09-02 18:00:00,529.87,USD_PER_MT,2,v1.0,VALID,SYNTHETIC,hash_bnk_003054,True
3055,BUNKER_VLSFO_PARADIP,2025-09-02 00:00:00,2025-09-02 18:00:00,594.91,USD_PER_MT,2,v1.0,VALID,SYNTHETIC,hash_bnk_003055,True
3056,BUNKER_VLSFO_SINGAPORE,2025-09-03 00:00:00,2025-09-03 18:00:00,561.58,USD_PER_MT,2,v1.0,VALID,SYNTHETIC,hash_bnk_003056,True
3057,BUNKER_IFO380_SINGAPORE,2025-09-03 00:00:00,2025-09-03 18:00:00,422.44,USD_PER_MT,2,v1.0,VALID,SYNTHETIC,hash_bnk_003057,True
3058,BUNKER_MGO_SINGAPORE,2025-09-03 00:00:00,2025-09-03 18:00:00,731.45,USD_PER_MT,2,v1.0,VALID,SYNTHETIC,hash_bnk_003058,True
3059,BUNKER_VLSFO_ROTTERDAM,2025-09-03 00:00:00,2025-09-03 18:00:00,529.3,USD_PER_MT,2,v1.0,VALID,SYNTHETIC,hash_bnk_003059,True
3060,BUNKER_VLSFO_PARADIP,2025-09-03 00:00:00,2025-09-03 18:00:00,587.19,USD_PER_MT,2,v1.0,VALID,SYNTHETIC,hash_bnk_003060,True
3061,BUNKER_VLSFO_SINGAPORE,2025-09-04 00:00:00,2025-09-04 18:00:00,557.65,USD_PER_MT,2,v1.0,VALID,SYNTHETIC,hash_bnk_003061,True
3062,BUNKER_IFO380_SINGAPORE,2025-09-04 00:00:00,2025-09-04 18:00:00,413.87,USD_PER_MT,2,v1.0,VALID,SYNTHETIC,hash_bnk_003062,True
3063,BUNKER_MGO_SINGAPORE,2025-09-04 00:00:00,2025-09-04 18:00:00,731.95,USD_PER_MT,2,v1.0,VALID,SYNTHETIC,hash_bnk_003063,True
3064,BUNKER_VLSFO_ROTTERDAM,2025-09-04 00:00:00,2025-09-04 18:00:00,534.66,USD_PER_MT,2,v1.0,VALID,SYNTHETIC,hash_bnk_003064,True
3065,BUNKER_VLSFO_PARADIP,2025-09-04 00:00:00,2025-09-04 18:00:00,588.94,USD_PER_MT,2,v1.0,VALID,SYNTHETIC,hash_bnk_003065,True
3066,BUNKER_VLSFO_SINGAPORE,2025-09-05 00:00:00,2025-09-05 18:00:00,560.02,USD_PER_MT,2,v1.0,VALID,SYNTHETIC,hash_bnk_003066,True
3067,BUNKER_IFO380_SINGAPORE,2025-09-05 00:00:00,2025-09-05 18:00:00,415.36,USD_PER_MT,2,v1.0,VALID,SYNTHETIC,hash_bnk_003067,True
3068,BUNKER_MGO_SINGAPORE,2025-09-05 00:00:00,2025-09-05 18:00:00,732.94,USD_PER_MT,2,v1.0,VALID,SYNTHETIC,hash_bnk_003068,True
3069,BUNKER_VLSFO_ROTTERDAM,2025-09-05 00:00:00,2025-09-05 18:00:00,528.18,USD_PER_MT,2,v1.0,VALID,SYNTHETIC,hash_bnk_003069,True
3070,BUNKER_VLSFO_PARADIP,2025-09-05 00:00:00,2025-09-05 18:00:00,591.73,USD_PER_MT,2,v1.0,VALID,SYNTHETIC,hash_bnk_003070,True
3071,BUNKER_VLSFO_SINGAPORE,2025-09-06 00:00:00,2025-09-06 18:00:00,561.07,USD_PER_MT,2,v1.0,VALID,SYNTHETIC,hash_bnk_003071,True
3072,BUNKER_IFO380_SINGAPORE,2025-09-06 00:00:00,2025-09-06 18:00:00,418.03,USD_PER_MT,2,v1.0,VALID,SYNTHETIC,hash_bnk_003072,True
3073,BUNKER_MGO_SINGAPORE,2025-09-06 00:00:00,2025-09-06 18:00:00,734.29,USD_PER_MT,2,v1.0,VALID,SYNTHETIC,hash_bnk_003073,True
3074,BUNKER_VLSFO_ROTTERDAM,2025-09-06 00:00:00,2025-09-06 18:00:00,526.94,USD_PER_MT,2,v1.0,VALID,SYNTHETIC,hash_bnk_003074,True
3075,BUNKER_VLSFO_PARADIP,2025-09-06 00:00:00,2025-09-06 18:00:00,589.53,USD_PER_MT,2,v1.0,VALID,SYNTHETIC,hash_bnk_003075,True
3076,BUNKER_VLSFO_SINGAPORE,2025-09-07 00:00:00,2025-09-07 18:00:00,561.7,USD_PER_MT,2,v1.0,VALID,SYNTHETIC,hash_bnk_003076,True
3077,BUNKER_IFO380_SINGAPORE,2025-09-07 00:00:00,2025-09-07 18:00:00,409.72,USD_PER_MT,2,v1.0,VALID,SYNTHETIC,hash_bnk_003077,True
3078,BUNKER_MGO_SINGAPORE,2025-09-07 00:00:00,2025-09-07 18:00:00,733.71,USD_PER_MT,2,v1.0,VALID,SYNTHETIC,hash_bnk_003078,True
3079,BUNKER_VLSFO_ROTTERDAM,2025-09-07 00:00:00,2025-09-07 18:00:00,536.77,USD_PER_MT,2,v1.0,VALID,SYNTHETIC,hash_bnk_003079,True
3080,BUNKER_VLSFO_PARADIP,2025-09-07 00:00:00,2025-09-07 18:00:00,585.67,USD_PER_MT,2,v1.0,VALID,SYNTHETIC,hash_bnk_003080,True
3081,BUNKER_VLSFO_SINGAPORE,2025-09-08 00:00:00,2025-09-08 18:00:00,558.58,USD_PER_MT,2,v1.0,VALID,SYNTHETIC,hash_bnk_003081,True
3082,BUNKER_IFO380_SINGAPORE,2025-09-08 00:00:00,2025-09-08 18:00:00,409.83,USD_PER_MT,2,v1.0,VALID,SYNTHETIC,hash_bnk_003082,True
3083,BUNKER_MGO_SINGAPORE,2025-09-08 00:00:00,2025-09-08 18:00:00,729.53,USD_PER_MT,2,v1.0,VALID,SYNTHETIC,hash_bnk_003083,True
3084,BUNKER_VLSFO_ROTTERDAM,2025-09-08 00:00:00,2025-09-08 18:00:00,527.56,USD_PER_MT,2,v1.0,VALID,SYNTHETIC,hash_bnk_003084,True
3085,BUNKER_VLSFO_PARADIP,2025-09-08 00:00:00,2025-09-08 18:00:00,588.54,USD_PER_MT,2,v1.0,VALID,SYNTHETIC,hash_bnk_003085,True
3086,BUNKER_VLSFO_SINGAPORE,2025-09-09 00:00:00,2025-09-09 18:00:00,563.78,USD_PER_MT,2,v1.0,VALID,SYNTHETIC,hash_bnk_003086,True
3087,BUNKER_IFO380_SINGAPORE,2025-09-09 00:00:00,2025-09-09 18:00:00,420.82,USD_PER_MT,2,v1.0,VALID,SYNTHETIC,hash_bnk_003087,True
3088,BUNKER_MGO_SINGAPORE,2025-09-09 00:00:00,2025-09-09 18:00:00,731.86,USD_PER_MT,2,v1.0,VALID,SYNTHETIC,hash_bnk_003088,True
3089,BUNKER_VLSFO_ROTTERDAM,2025-09-09 00:00:00,2025-09-09 18:00:00,525.03,USD_PER_MT,2,v1.0,VALID,SYNTHETIC,hash_bnk_003089,True
3090,BUNKER_VLSFO_PARADIP,2025-09-09 00:00:00,2025-09-09 18:00:00,596.07,USD_PER_MT,2,v1.0,VALID,SYNTHETIC,hash_bnk_003090,True
3091,BUNKER_VLSFO_SINGAPORE,2025-09-10 00:00:00,2025-09-10 18:00:00,559.89,USD_PER_MT,2,v1.0,VALID,SYNTHETIC,hash_bnk_003091,True
3092,BUNKER_IFO380_SINGAPORE,2025-09-10 00:00:00,2025-09-10 18:00:00,421.22,USD_PER_MT,2,v1.0,VALID,SYNTHETIC,hash_bnk_003092,True
3093,BUNKER_MGO_SINGAPORE,2025-09-10 00:00:00,2025-09-10 18:00:00,729.08,USD_PER_MT,2,v1.0,VALID,SYNTHETIC,hash_bnk_003093,True
3094,BUNKER_VLSFO_ROTTERDAM,2025-09-10 00:00:00,2025-09-10 18:00:00,531.24,USD_PER_MT,2,v1.0,VALID,SYNTHETIC,hash_bnk_003094,True
3095,BUNKER_VLSFO_PARADIP,2025-09-10 00:00:00,2025-09-10 18:00:00,587.11,USD_PER_MT,2,v1.0,VALID,SYNTHETIC,hash_bnk_003095,True
3096,BUNKER_VLSFO_SINGAPORE,2025-09-11 00:00:00,2025-09-11 18:00:00,553.22,USD_PER_MT,2,v1.0,VALID,SYNTHETIC,hash_bnk_003096,True
3097,BUNKER_IFO380_SINGAPORE,2025-09-11 00:00:00,2025-09-11 18:00:00,417.98,USD_PER_MT,2,v1.0,VALID,SYNTHETIC,hash_bnk_003097,True
3098,BUNKER_MGO_SINGAPORE,2025-09-11 00:00:00,2025-09-11 18:00:00,727.04,USD_PER_MT,2,v1.0,VALID,SYNTHETIC,hash_bnk_003098,True
3099,BUNKER_VLSFO_ROTTERDAM,2025-09-11 00:00:00,2025-09-11 18:00:00,530.74,USD_PER_MT,2,v1.0,VALID,SYNTHETIC,hash_bnk_003099,True
3100,BUNKER_VLSFO_PARADIP,2025-09-11 00:00:00,2025-09-11 18:00:00,588.49,USD_PER_MT,2,v1.0,VALID,SYNTHETIC,hash_bnk_003100,True
3101,BUNKER_VLSFO_SINGAPORE,2025-09-12 00:00:00,2025-09-12 18:00:00,555.54,USD_PER_MT,2,v1.0,VALID,SYNTHETIC,hash_bnk_003101,True
3102,BUNKER_IFO380_SINGAPORE,2025-09-12 00:00:00,2025-09-12 18:00:00,420.64,USD_PER_MT,2,v1.0,VALID,SYNTHETIC,hash_bnk_003102,True
3103,BUNKER_MGO_SINGAPORE,2025-09-12 00:00:00,2025-09-12 18:00:00,730.06,USD_PER_MT,2,v1.0,VALID,SYNTHETIC,hash_bnk_003103,True
3104,BUNKER_VLSFO_ROTTERDAM,2025-09-12 00:00:00,2025-09-12 18:00:00,534.26,USD_PER_MT,2,v1.0,VALID,SYNTHETIC,hash_bnk_003104,True
3105,BUNKER_VLSFO_PARADIP,2025-09-12 00:00:00,2025-09-12 18:00:00,600.44,USD_PER_MT,2,v1.0,VALID,SYNTHETIC,hash_bnk_003105,True
3106,BUNKER_VLSFO_SINGAPORE,2025-09-13 00:00:00,2025-09-13 18:00:00,563.1,USD_PER_MT,2,v1.0,VALID,SYNTHETIC,hash_bnk_003106,True
3107,BUNKER_IFO380_SINGAPORE,2025-09-13 00:00:00,2025-09-13 18:00:00,409.31,USD_PER_MT,2,v1.0,VALID,SYNTHETIC,hash_bnk_003107,True
3108,BUNKER_MGO_SINGAPORE,2025-09-13 00:00:00,2025-09-13 18:00:00,729.28,USD_PER_MT,2,v1.0,VALID,SYNTHETIC,hash_bnk_003108,True
3109,BUNKER_VLSFO_ROTTERDAM,2025-09-13 00:00:00,2025-09-13 18:00:00,532.64,USD_PER_MT,2,v1.0,VALID,SYNTHETIC,hash_bnk_003109,True
3110,BUNKER_VLSFO_PARADIP,2025-09-13 00:00:00,2025-09-13 18:00:00,595.18,USD_PER_MT,2,v1.0,VALID,SYNTHETIC,hash_bnk_003110,True
3111,BUNKER_VLSFO_SINGAPORE,2025-09-14 00:00:00,2025-09-14 18:00:00,557.13,USD_PER_MT,2,v1.0,VALID,SYNTHETIC,hash_bnk_003111,True
3112,BUNKER_IFO380_SINGAPORE,2025-09-14 00:00:00,2025-09-14 18:00:00,413.58,USD_PER_MT,2,v1.0,VALID,SYNTHETIC,hash_bnk_003112,True
3113,BUNKER_MGO_SINGAPORE,2025-09-14 00:00:00,2025-09-14 18:00:00,732.45,USD_PER_MT,2,v1.0,VALID,SYNTHETIC,hash_bnk_003113,True
3114,BUNKER_VLSFO_ROTTERDAM,2025-09-14 00:00:00,2025-09-14 18:00:00,529.41,USD_PER_MT,2,v1.0,VALID,SYNTHETIC,hash_bnk_003114,True
3115,BUNKER_VLSFO_PARADIP,2025-09-14 00:00:00,2025-09-14 18:00:00,589.79,USD_PER_MT,2,v1.0,VALID,SYNTHETIC,hash_bnk_003115,True
3116,BUNKER_VLSFO_SINGAPORE,2025-09-15 00:00:00,2025-09-15 18:00:00,557.28,USD_PER_MT,2,v1.0,VALID,SYNTHETIC,hash_bnk_003116,True
3117,BUNKER_IFO380_SINGAPORE,2025-09-15 00:00:00,2025-09-15 18:00:00,416.1,USD_PER_MT,2,v1.0,VALID,SYNTHETIC,hash_bnk_003117,True
3118,BUNKER_MGO_SINGAPORE,2025-09-15 00:00:00,2025-09-15 18:00:00,733.89,USD_PER_MT,2,v1.0,VALID,SYNTHETIC,hash_bnk_003118,True
3119,BUNKER_VLSFO_ROTTERDAM,2025-09-15 00:00:00,2025-09-15 18:00:00,534.72,USD_PER_MT,2,v1.0,VALID,SYNTHETIC,hash_bnk_003119,True
3120,BUNKER_VLSFO_PARADIP,2025-09-15 00:00:00,2025-09-15 18:00:00,598.73,USD_PER_MT,2,v1.0,VALID,SYNTHETIC,hash_bnk_003120,True
3121,BUNKER_VLSFO_SINGAPORE,2025-09-16 00:00:00,2025-09-16 18:00:00,553.2,USD_PER_MT,2,v1.0,VALID,SYNTHETIC,hash_bnk_003121,True
3122,BUNKER_IFO380_SINGAPORE,2025-09-16 00:00:00,2025-09-16 18:00:00,415.61,USD_PER_MT,2,v1.0,VALID,SYNTHETIC,hash_bnk_003122,True
3123,BUNKER_MGO_SINGAPORE,2025-09-16 00:00:00,2025-09-16 18:00:00,733.97,USD_PER_MT,2,v1.0,VALID,SYNTHETIC,hash_bnk_003123,True
3124,BUNKER_VLSFO_ROTTERDAM,2025-09-16 00:00:00,2025-09-16 18:00:00,538.75,USD_PER_MT,2,v1.0,VALID,SYNTHETIC,hash_bnk_003124,True
3125,BUNKER_VLSFO_PARADIP,2025-09-16 00:00:00,2025-09-16 18:00:00,588.47,USD_PER_MT,2,v1.0,VALID,SYNTHETIC,hash_bnk_003125,True
3126,BUNKER_VLSFO_SINGAPORE,2025-09-17 00:00:00,2025-09-17 18:00:00,560.47,USD_PER_MT,2,v1.0,VALID,SYNTHETIC,hash_bnk_003126,True
3127,BUNKER_IFO380_SINGAPORE,2025-09-17 00:00:00,2025-09-17 18:00:00,414.43,USD_PER_MT,2,v1.0,VALID,SYNTHETIC,hash_bnk_003127,True
3128,BUNKER_MGO_SINGAPORE,2025-09-17 00:00:00,2025-09-17 18:00:00,736.12,USD_PER_MT,2,v1.0,VALID,SYNTHETIC,hash_bnk_003128,True
3129,BUNKER_VLSFO_ROTTERDAM,2025-09-17 00:00:00,2025-09-17 18:00:00,532.52,USD_PER_MT,2,v1.0,VALID,SYNTHETIC,hash_bnk_003129,True
3130,BUNKER_VLSFO_PARADIP,2025-09-17 00:00:00,2025-09-17 18:00:00,599.72,USD_PER_MT,2,v1.0,VALID,SYNTHETIC,hash_bnk_003130,True
3131,BUNKER_VLSFO_SINGAPORE,2025-09-18 00:00:00,2025-09-18 18:00:00,570.69,USD_PER_MT,2,v1.0,VALID,SYNTHETIC,hash_bnk_003131,True
3132,BUNKER_IFO380_SINGAPORE,2025-09-18 00:00:00,2025-09-18 18:00:00,419.04,USD_PER_MT,2,v1.0,VALID,SYNTHETIC,hash_bnk_003132,True
3133,BUNKER_MGO_SINGAPORE,2025-09-18 00:00:00,2025-09-18 18:00:00,717.19,USD_PER_MT,2,v1.0,VALID,SYNTHETIC,hash_bnk_003133,True
3134,BUNKER_VLSFO_ROTTERDAM,2025-09-18 00:00:00,2025-09-18 18:00:00,536.44,USD_PER_MT,2,v1.0,VALID,SYNTHETIC,hash_bnk_003134,True
3135,BUNKER_VLSFO_PARADIP,2025-09-18 00:00:00,2025-09-18 18:00:00,600.33,USD_PER_MT,2,v1.0,VALID,SYNTHETIC,hash_bnk_003135,True
3136,BUNKER_VLSFO_SINGAPORE,2025-09-19 00:00:00,2025-09-19 18:00:00,560.34,USD_PER_MT,2,v1.0,VALID,SYNTHETIC,hash_bnk_003136,True
3137,BUNKER_IFO380_SINGAPORE,2025-09-19 00:00:00,2025-09-19 18:00:00,408.9,USD_PER_MT,2,v1.0,VALID,SYNTHETIC,hash_bnk_003137,True
3138,BUNKER_MGO_SINGAPORE,2025-09-19 00:00:00,2025-09-19 18:00:00,729.88,USD_PER_MT,2,v1.0,VALID,SYNTHETIC,hash_bnk_003138,True
3139,BUNKER_VLSFO_ROTTERDAM,2025-09-19 00:00:00,2025-09-19 18:00:00,535.23,USD_PER_MT,2,v1.0,VALID,SYNTHETIC,hash_bnk_003139,True
3140,BUNKER_VLSFO_PARADIP,2025-09-19 00:00:00,2025-09-19 18:00:00,591.64,USD_PER_MT,2,v1.0,VALID,SYNTHETIC,hash_bnk_003140,True
3141,BUNKER_VLSFO_SINGAPORE,2025-09-20 00:00:00,2025-09-20 18:00:00,563.9,USD_PER_MT,2,v1.0,VALID,SYNTHETIC,hash_bnk_003141,True
3142,BUNKER_IFO380_SINGAPORE,2025-09-20 00:00:00,2025-09-20 18:00:00,415.56,USD_PER_MT,2,v1.0,VALID,SYNTHETIC,hash_bnk_003142,True
3143,BUNKER_MGO_SINGAPORE,2025-09-20 00:00:00,2025-09-20 18:00:00,727.67,USD_PER_MT,2,v1.0,VALID,SYNTHETIC,hash_bnk_003143,True
3144,BUNKER_VLSFO_ROTTERDAM,2025-09-20 00:00:00,2025-09-20 18:00:00,536.84,USD_PER_MT,2,v1.0,VALID,SYNTHETIC,hash_bnk_003144,True
3145,BUNKER_VLSFO_PARADIP,2025-09-20 00:00:00,2025-09-20 18:00:00,601.81,USD_PER_MT,2,v1.0,VALID,SYNTHETIC,hash_bnk_003145,True
3146,BUNKER_VLSFO_SINGAPORE,2025-09-21 00:00:00,2025-09-21 18:00:00,569.49,USD_PER_MT,2,v1.0,VALID,SYNTHETIC,hash_bnk_003146,True
3147,BUNKER_IFO380_SINGAPORE,2025-09-21 00:00:00,2025-09-21 18:00:00,418.11,USD_PER_MT,2,v1.0,VALID,SYNTHETIC,hash_bnk_003147,True
3148,BUNKER_MGO_SINGAPORE,2025-09-21 00:00:00,2025-09-21 18:00:00,725.64,USD_PER_MT,2,v1.0,VALID,SYNTHETIC,hash_bnk_003148,True
3149,BUNKER_VLSFO_ROTTERDAM,2025-09-21 00:00:00,2025-09-21 18:00:00,530.61,USD_PER_MT,2,v1.0,VALID,SYNTHETIC,hash_bnk_003149,True
3150,BUNKER_VLSFO_PARADIP,2025-09-21 00:00:00,2025-09-21 18:00:00,592.92,USD_PER_MT,2,v1.0,VALID,SYNTHETIC,hash_bnk_003150,True
3151,BUNKER_VLSFO_SINGAPORE,2025-09-22 00:00:00,2025-09-22 18:00:00,566.2,USD_PER_MT,2,v1.0,VALID,SYNTHETIC,hash_bnk_003151,True
3152,BUNKER_IFO380_SINGAPORE,2025-09-22 00:00:00,2025-09-22 18:00:00,422.5,USD_PER_MT,2,v1.0,VALID,SYNTHETIC,hash_bnk_003152,True
3153,BUNKER_MGO_SINGAPORE,2025-09-22 00:00:00,2025-09-22 18:00:00,729.22,USD_PER_MT,2,v1.0,VALID,SYNTHETIC,hash_bnk_003153,True
3154,BUNKER_VLSFO_ROTTERDAM,2025-09-22 00:00:00,2025-09-22 18:00:00,534.64,USD_PER_MT,2,v1.0,VALID,SYNTHETIC,hash_bnk_003154,True
3155,BUNKER_VLSFO_PARADIP,2025-09-22 00:00:00,2025-09-22 18:00:00,591.4,USD_PER_MT,2,v1.0,VALID,SYNTHETIC,hash_bnk_003155,True
3156,BUNKER_VLSFO_SINGAPORE,2025-09-23 00:00:00,2025-09-23 18:00:00,555.76,USD_PER_MT,2,v1.0,VALID,SYNTHETIC,hash_bnk_003156,True
3157,BUNKER_IFO380_SINGAPORE,2025-09-23 00:00:00,2025-09-23 18:00:00,416.45,USD_PER_MT,2,v1.0,VALID,SYNTHETIC,hash_bnk_003157,True
3158,BUNKER_MGO_SINGAPORE,2025-09-23 00:00:00,2025-09-23 18:00:00,731.89,USD_PER_MT,2,v1.0,VALID,SYNTHETIC,hash_bnk_003158,True
3159,BUNKER_VLSFO_ROTTERDAM,2025-09-23 00:00:00,2025-09-23 18:00:00,530.65,USD_PER_MT,2,v1.0,VALID,SYNTHETIC,hash_bnk_003159,True
3160,BUNKER_VLSFO_PARADIP,2025-09-23 00:00:00,2025-09-23 18:00:00,597.41,USD_PER_MT,2,v1.0,VALID,SYNTHETIC,hash_bnk_003160,True
3161,BUNKER_VLSFO_SINGAPORE,2025-09-24 00:00:00,2025-09-24 18:00:00,556.35,USD_PER_MT,2,v1.0,VALID,SYNTHETIC,hash_bnk_003161,True
3162,BUNKER_IFO380_SINGAPORE,2025-09-24 00:00:00,2025-09-24 18:00:00,417.01,USD_PER_MT,2,v1.0,VALID,SYNTHETIC,hash_bnk_003162,True
3163,BUNKER_MGO_SINGAPORE,2025-09-24 00:00:00,2025-09-24 18:00:00,739.99,USD_PER_MT,2,v1.0,VALID,SYNTHETIC,hash_bnk_003163,True
3164,BUNKER_VLSFO_ROTTERDAM,2025-09-24 00:00:00,2025-09-24 18:00:00,535.77,USD_PER_MT,2,v1.0,VALID,SYNTHETIC,hash_bnk_003164,True
3165,BUNKER_VLSFO_PARADIP,2025-09-24 00:00:00,2025-09-24 18:00:00,591.73,USD_PER_MT,2,v1.0,VALID,SYNTHETIC,hash_bnk_003165,True
3166,BUNKER_VLSFO_SINGAPORE,2025-09-25 00:00:00,2025-09-25 18:00:00,561.98,USD_PER_MT,2,v1.0,VALID,SYNTHETIC,hash_bnk_003166,True
3167,BUNKER_IFO380_SINGAPORE,2025-09-25 00:00:00,2025-09-25 18:00:00,422.08,USD_PER_MT,2,v1.0,VALID,SYNTHETIC,hash_bnk_003167,True
3168,BUNKER_MGO_SINGAPORE,2025-09-25 00:00:00,2025-09-25 18:00:00,736.13,USD_PER_MT,2,v1.0,VALID,SYNTHETIC,hash_bnk_003168,True
3169,BUNKER_VLSFO_ROTTERDAM,2025-09-25 00:00:00,2025-09-25 18:00:00,536.3,USD_PER_MT,2,v1.0,VALID,SYNTHETIC,hash_bnk_003169,True
3170,BUNKER_VLSFO_PARADIP,2025-09-25 00:00:00,2025-09-25 18:00:00,593.98,USD_PER_MT,2,v1.0,VALID,SYNTHETIC,hash_bnk_003170,True
3171,BUNKER_VLSFO_SINGAPORE,2025-09-26 00:00:00,2025-09-26 18:00:00,559.8,USD_PER_MT,2,v1.0,VALID,SYNTHETIC,hash_bnk_003171,True
3172,BUNKER_IFO380_SINGAPORE,2025-09-26 00:00:00,2025-09-26 18:00:00,418.97,USD_PER_MT,2,v1.0,VALID,SYNTHETIC,hash_bnk_003172,True
3173,BUNKER_MGO_SINGAPORE,2025-09-26 00:00:00,2025-09-26 18:00:00,727.32,USD_PER_MT,2,v1.0,VALID,SYNTHETIC,hash_bnk_003173,True
3174,BUNKER_VLSFO_ROTTERDAM,2025-09-26 00:00:00,2025-09-26 18:00:00,539.21,USD_PER_MT,2,v1.0,VALID,SYNTHETIC,hash_bnk_003174,True
3175,BUNKER_VLSFO_PARADIP,2025-09-26 00:00:00,2025-09-26 18:00:00,599.41,USD_PER_MT,2,v1.0,VALID,SYNTHETIC,hash_bnk_003175,True
3176,BUNKER_VLSFO_SINGAPORE,2025-09-27 00:00:00,2025-09-27 18:00:00,562.44,USD_PER_MT,2,v1.0,VALID,SYNTHETIC,hash_bnk_003176,True
3177,BUNKER_IFO380_SINGAPORE,2025-09-27 00:00:00,2025-09-27 18:00:00,417.2,USD_PER_MT,2,v1.0,VALID,SYNTHETIC,hash_bnk_003177,True
3178,BUNKER_MGO_SINGAPORE,2025-09-27 00:00:00,2025-09-27 18:00:00,734.24,USD_PER_MT,2,v1.0,VALID,SYNTHETIC,hash_bnk_003178,True
3179,BUNKER_VLSFO_ROTTERDAM,2025-09-27 00:00:00,2025-09-27 18:00:00,536.43,USD_PER_MT,2,v1.0,VALID,SYNTHETIC,hash_bnk_003179,True
3180,BUNKER_VLSFO_PARADIP,2025-09-27 00:00:00,2025-09-27 18:00:00,597.6,USD_PER_MT,2,v1.0,VALID,SYNTHETIC,hash_bnk_003180,True
3181,BUNKER_VLSFO_SINGAPORE,2025-09-28 00:00:00,2025-09-28 18:00:00,562.86,USD_PER_MT,2,v1.0,VALID,SYNTHETIC,hash_bnk_003181,True
3182,BUNKER_IFO380_SINGAPORE,2025-09-28 00:00:00,2025-09-28 18:00:00,419.71,USD_PER_MT,2,v1.0,VALID,SYNTHETIC,hash_bnk_003182,True
3183,BUNKER_MGO_SINGAPORE,2025-09-28 00:00:00,2025-09-28 18:00:00,739.19,USD_PER_MT,2,v1.0,VALID,SYNTHETIC,hash_bnk_003183,True
3184,BUNKER_VLSFO_ROTTERDAM,2025-09-28 00:00:00,2025-09-28 18:00:00,542.35,USD_PER_MT,2,v1.0,VALID,SYNTHETIC,hash_bnk_003184,True
3185,BUNKER_VLSFO_PARADIP,2025-09-28 00:00:00,2025-09-28 18:00:00,599.67,USD_PER_MT,2,v1.0,VALID,SYNTHETIC,hash_bnk_003185,True
3186,BUNKER_VLSFO_SINGAPORE,2025-09-29 00:00:00,2025-09-29 18:00:00,566.81,USD_PER_MT,2,v1.0,VALID,SYNTHETIC,hash_bnk_003186,True
3187,BUNKER_IFO380_SINGAPORE,2025-09-29 00:00:00,2025-09-29 18:00:00,413.78,USD_PER_MT,2,v1.0,VALID,SYNTHETIC,hash_bnk_003187,True
3188,BUNKER_MGO_SINGAPORE,2025-09-29 00:00:00,2025-09-29 18:00:00,735.16,USD_PER_MT,2,v1.0,VALID,SYNTHETIC,hash_bnk_003188,True
3189,BUNKER_VLSFO_ROTTERDAM,2025-09-29 00:00:00,2025-09-29 18:00:00,538.86,USD_PER_MT,2,v1.0,VALID,SYNTHETIC,hash_bnk_003189,True
3190,BUNKER_VLSFO_PARADIP,2025-09-29 00:00:00,2025-09-29 18:00:00,598.17,USD_PER_MT,2,v1.0,VALID,SYNTHETIC,hash_bnk_003190,True
3191,BUNKER_VLSFO_SINGAPORE,2025-09-30 00:00:00,2025-09-30 18:00:00,566.59,USD_PER_MT,2,v1.0,VALID,SYNTHETIC,hash_bnk_003191,True
3192,BUNKER_IFO380_SINGAPORE,2025-09-30 00:00:00,2025-09-30 18:00:00,419.16,USD_PER_MT,2,v1.0,VALID,SYNTHETIC,hash_bnk_003192,True
3193,BUNKER_MGO_SINGAPORE,2025-09-30 00:00:00,2025-09-30 18:00:00,740.26,USD_PER_MT,2,v1.0,VALID,SYNTHETIC,hash_bnk_003193,True
3194,BUNKER_VLSFO_ROTTERDAM,2025-09-30 00:00:00,2025-09-30 18:00:00,541.44,USD_PER_MT,2,v1.0,VALID,SYNTHETIC,hash_bnk_003194,True
3195,BUNKER_VLSFO_PARADIP,2025-09-30 00:00:00,2025-09-30 18:00:00,600.23,USD_PER_MT,2,v1.0,VALID,SYNTHETIC,hash_bnk_003195,True
3196,BUNKER_VLSFO_SINGAPORE,2025-10-01 00:00:00,2025-10-01 18:00:00,567.37,USD_PER_MT,2,v1.0,VALID,SYNTHETIC,hash_bnk_003196,True
3197,BUNKER_IFO380_SINGAPORE,2025-10-01 00:00:00,2025-10-01 18:00:00,418.65,USD_PER_MT,2,v1.0,VALID,SYNTHETIC,hash_bnk_003197,True
3198,BUNKER_MGO_SINGAPORE,2025-10-01 00:00:00,2025-10-01 18:00:00,739.46,USD_PER_MT,2,v1.0,VALID,SYNTHETIC,hash_bnk_003198,True
3199,BUNKER_VLSFO_ROTTERDAM,2025-10-01 00:00:00,2025-10-01 18:00:00,539.05,USD_PER_MT,2,v1.0,VALID,SYNTHETIC,hash_bnk_003199,True
3200,BUNKER_VLSFO_PARADIP,2025-10-01 00:00:00,2025-10-01 18:00:00,596.75,USD_PER_MT,2,v1.0,VALID,SYNTHETIC,hash_bnk_003200,True
3201,BUNKER_VLSFO_SINGAPORE,2025-10-02 00:00:00,2025-10-02 18:00:00,575.21,USD_PER_MT,2,v1.0,VALID,SYNTHETIC,hash_bnk_003201,True
3202,BUNKER_IFO380_SINGAPORE,2025-10-02 00:00:00,2025-10-02 18:00:00,416.95,USD_PER_MT,2,v1.0,VALID,SYNTHETIC,hash_bnk_003202,True
3203,BUNKER_MGO_SINGAPORE,2025-10-02 00:00:00,2025-10-02 18:00:00,735.09,USD_PER_MT,2,v1.0,VALID,SYNTHETIC,hash_bnk_003203,True
3204,BUNKER_VLSFO_ROTTERDAM,2025-10-02 00:00:00,2025-10-02 18:00:00,540.0,USD_PER_MT,2,v1.0,VALID,SYNTHETIC,hash_bnk_003204,True
3205,BUNKER_VLSFO_PARADIP,2025-10-02 00:00:00,2025-10-02 18:00:00,604.5,USD_PER_MT,2,v1.0,VALID,SYNTHETIC,hash_bnk_003205,True
3206,BUNKER_VLSFO_SINGAPORE,2025-10-03 00:00:00,2025-10-03 18:00:00,572.0,USD_PER_MT,2,v1.0,VALID,SYNTHETIC,hash_bnk_003206,True
3207,BUNKER_IFO380_SINGAPORE,2025-10-03 00:00:00,2025-10-03 18:00:00,429.08,USD_PER_MT,2,v1.0,VALID,SYNTHETIC,hash_bnk_003207,True
3208,BUNKER_MGO_SINGAPORE,2025-10-03 00:00:00,2025-10-03 18:00:00,736.44,USD_PER_MT,2,v1.0,VALID,SYNTHETIC,hash_bnk_003208,True
3209,BUNKER_VLSFO_ROTTERDAM,2025-10-03 00:00:00,2025-10-03 18:00:00,529.25,USD_PER_MT,2,v1.0,VALID,SYNTHETIC,hash_bnk_003209,True
3210,BUNKER_VLSFO_PARADIP,2025-10-03 00:00:00,2025-10-03 18:00:00,598.75,USD_PER_MT,2,v1.0,VALID,SYNTHETIC,hash_bnk_003210,True
3211,BUNKER_VLSFO_SINGAPORE,2025-10-04 00:00:00,2025-10-04 18:00:00,573.92,USD_PER_MT,2,v1.0,VALID,SYNTHETIC,hash_bnk_003211,True
3212,BUNKER_IFO380_SINGAPORE,2025-10-04 00:00:00,2025-10-04 18:00:00,418.93,USD_PER_MT,2,v1.0,VALID,SYNTHETIC,hash_bnk_003212,True
3213,BUNKER_MGO_SINGAPORE,2025-10-04 00:00:00,2025-10-04 18:00:00,738.63,USD_PER_MT,2,v1.0,VALID,SYNTHETIC,hash_bnk_003213,True
3214,BUNKER_VLSFO_ROTTERDAM,2025-10-04 00:00:00,2025-10-04 18:00:00,540.63,USD_PER_MT,2,v1.0,VALID,SYNTHETIC,hash_bnk_003214,True
3215,BUNKER_VLSFO_PARADIP,2025-10-04 00:00:00,2025-10-04 18:00:00,598.6,USD_PER_MT,2,v1.0,VALID,SYNTHETIC,hash_bnk_003215,True
3216,BUNKER_VLSFO_SINGAPORE,2025-10-05 00:00:00,2025-10-05 18:00:00,575.44,USD_PER_MT,2,v1.0,VALID,SYNTHETIC,hash_bnk_003216,True
3217,BUNKER_IFO380_SINGAPORE,2025-10-05 00:00:00,2025-10-05 18:00:00,424.02,USD_PER_MT,2,v1.0,VALID,SYNTHETIC,hash_bnk_003217,True
3218,BUNKER_MGO_SINGAPORE,2025-10-05 00:00:00,2025-10-05 18:00:00,739.87,USD_PER_MT,2,v1.0,VALID,SYNTHETIC,hash_bnk_003218,True
3219,BUNKER_VLSFO_ROTTERDAM,2025-10-05 00:00:00,2025-10-05 18:00:00,538.06,USD_PER_MT,2,v1.0,VALID,SYNTHETIC,hash_bnk_003219,True
3220,BUNKER_VLSFO_PARADIP,2025-10-05 00:00:00,2025-10-05 18:00:00,607.1,USD_PER_MT,2,v1.0,VALID,SYNTHETIC,hash_bnk_003220,True
3221,BUNKER_VLSFO_SINGAPORE,2025-10-06 00:00:00,2025-10-06 18:00:00,575.17,USD_PER_MT,2,v1.0,VALID,SYNTHETIC,hash_bnk_003221,True
3222,BUNKER_IFO380_SINGAPORE,2025-10-06 00:00:00,2025-10-06 18:00:00,426.8,USD_PER_MT,2,v1.0,VALID,SYNTHETIC,hash_bnk_003222,True
3223,BUNKER_MGO_SINGAPORE,2025-10-06 00:00:00,2025-10-06 18:00:00,744.53,USD_PER_MT,2,v1.0,VALID,SYNTHETIC,hash_bnk_003223,True
3224,BUNKER_VLSFO_ROTTERDAM,2025-10-06 00:00:00,2025-10-06 18:00:00,539.06,USD_PER_MT,2,v1.0,VALID,SYNTHETIC,hash_bnk_003224,True
3225,BUNKER_VLSFO_PARADIP,2025-10-06 00:00:00,2025-10-06 18:00:00,607.8,USD_PER_MT,2,v1.0,VALID,SYNTHETIC,hash_bnk_003225,True
3226,BUNKER_VLSFO_SINGAPORE,2025-10-07 00:00:00,2025-10-07 18:00:00,573.11,USD_PER_MT,2,v1.0,VALID,SYNTHETIC,hash_bnk_003226,True
3227,BUNKER_IFO380_SINGAPORE,2025-10-07 00:00:00,2025-10-07 18:00:00,422.06,USD_PER_MT,2,v1.0,VALID,SYNTHETIC,hash_bnk_003227,True
3228,BUNKER_MGO_SINGAPORE,2025-10-07 00:00:00,2025-10-07 18:00:00,752.95,USD_PER_MT,2,v1.0,VALID,SYNTHETIC,hash_bnk_003228,True
3229,BUNKER_VLSFO_ROTTERDAM,2025-10-07 00:00:00,2025-10-07 18:00:00,547.49,USD_PER_MT,2,v1.0,VALID,SYNTHETIC,hash_bnk_003229,True
3230,BUNKER_VLSFO_PARADIP,2025-10-07 00:00:00,2025-10-07 18:00:00,594.35,USD_PER_MT,2,v1.0,VALID,SYNTHETIC,hash_bnk_003230,True
3231,BUNKER_VLSFO_SINGAPORE,2025-10-08 00:00:00,2025-10-08 18:00:00,569.92,USD_PER_MT,2,v1.0,VALID,SYNTHETIC,hash_bnk_003231,True
3232,BUNKER_IFO380_SINGAPORE,2025-10-08 00:00:00,2025-10-08 18:00:00,421.15,USD_PER_MT,2,v1.0,VALID,SYNTHETIC,hash_bnk_003232,True
3233,BUNKER_MGO_SINGAPORE,2025-10-08 00:00:00,2025-10-08 18:00:00,741.33,USD_PER_MT,2,v1.0,VALID,SYNTHETIC,hash_bnk_003233,True
3234,BUNKER_VLSFO_ROTTERDAM,2025-10-08 00:00:00,2025-10-08 18:00:00,543.44,USD_PER_MT,2,v1.0,VALID,SYNTHETIC,hash_bnk_003234,True
3235,BUNKER_VLSFO_PARADIP,2025-10-08 00:00:00,2025-10-08 18:00:00,605.73,USD_PER_MT,2,v1.0,VALID,SYNTHETIC,hash_bnk_003235,True
3236,BUNKER_VLSFO_SINGAPORE,2025-10-09 00:00:00,2025-10-09 18:00:00,562.12,USD_PER_MT,2,v1.0,VALID,SYNTHETIC,hash_bnk_003236,True
3237,BUNKER_IFO380_SINGAPORE,2025-10-09 00:00:00,2025-10-09 18:00:00,420.33,USD_PER_MT,2,v1.0,VALID,SYNTHETIC,hash_bnk_003237,True
3238,BUNKER_MGO_SINGAPORE,2025-10-09 00:00:00,2025-10-09 18:00:00,749.77,USD_PER_MT,2,v1.0,VALID,SYNTHETIC,hash_bnk_003238,True
3239,BUNKER_VLSFO_ROTTERDAM,2025-10-09 00:00:00,2025-10-09 18:00:00,535.85,USD_PER_MT,2,v1.0,VALID,SYNTHETIC,hash_bnk_003239,True
3240,BUNKER_VLSFO_PARADIP,2025-10-09 00:00:00,2025-10-09 18:00:00,602.81,USD_PER_MT,2,v1.0,VALID,SYNTHETIC,hash_bnk_003240,True
3241,BUNKER_VLSFO_SINGAPORE,2025-10-10 00:00:00,2025-10-10 18:00:00,570.09,USD_PER_MT,2,v1.0,VALID,SYNTHETIC,hash_bnk_003241,True
3242,BUNKER_IFO380_SINGAPORE,2025-10-10 00:00:00,2025-10-10 18:00:00,432.53,USD_PER_MT,2,v1.0,VALID,SYNTHETIC,hash_bnk_003242,True
3243,BUNKER_MGO_SINGAPORE,2025-10-10 00:00:00,2025-10-10 18:00:00,756.77,USD_PER_MT,2,v1.0,VALID,SYNTHETIC,hash_bnk_003243,True
3244,BUNKER_VLSFO_ROTTERDAM,2025-10-10 00:00:00,2025-10-10 18:00:00,546.11,USD_PER_MT,2,v1.0,VALID,SYNTHETIC,hash_bnk_003244,True
3245,BUNKER_VLSFO_PARADIP,2025-10-10 00:00:00,2025-10-10 18:00:00,606.36,USD_PER_MT,2,v1.0,VALID,SYNTHETIC,hash_bnk_003245,True
3246,BUNKER_VLSFO_SINGAPORE,2025-10-11 00:00:00,2025-10-11 18:00:00,574.66,USD_PER_MT,2,v1.0,VALID,SYNTHETIC,hash_bnk_003246,True
3247,BUNKER_IFO380_SINGAPORE,2025-10-11 00:00:00,2025-10-11 18:00:00,428.95,USD_PER_MT,2,v1.0,VALID,SYNTHETIC,hash_bnk_003247,True
3248,BUNKER_MGO_SINGAPORE,2025-10-11 00:00:00,2025-10-11 18:00:00,745.47,USD_PER_MT,2,v1.0,VALID,SYNTHETIC,hash_bnk_003248,True
3249,BUNKER_VLSFO_ROTTERDAM,2025-10-11 00:00:00,2025-10-11 18:00:00,544.96,USD_PER_MT,2,v1.0,VALID,SYNTHETIC,hash_bnk_003249,True
3250,BUNKER_VLSFO_PARADIP,2025-10-11 00:00:00,2025-10-11 18:00:00,602.15,USD_PER_MT,2,v1.0,VALID,SYNTHETIC,hash_bnk_003250,True
3251,BUNKER_VLSFO_SINGAPORE,2025-10-12 00:00:00,2025-10-12 18:00:00,572.62,USD_PER_MT,2,v1.0,VALID,SYNTHETIC,hash_bnk_003251,True
3252,BUNKER_IFO380_SINGAPORE,2025-10-12 00:00:00,2025-10-12 18:00:00,429.72,USD_PER_MT,2,v1.0,VALID,SYNTHETIC,hash_bnk_003252,True
3253,BUNKER_MGO_SINGAPORE,2025-10-12 00:00:00,2025-10-12 18:00:00,746.86,USD_PER_MT,2,v1.0,VALID,SYNTHETIC,hash_bnk_003253,True
3254,BUNKER_VLSFO_ROTTERDAM,2025-10-12 00:00:00,2025-10-12 18:00:00,539.72,USD_PER_MT,2,v1.0,VALID,SYNTHETIC,hash_bnk_003254,True
3255,BUNKER_VLSFO_PARADIP,2025-10-12 00:00:00,2025-10-12 18:00:00,612.16,USD_PER_MT,2,v1.0,VALID,SYNTHETIC,hash_bnk_003255,True
3256,BUNKER_VLSFO_SINGAPORE,2025-10-13 00:00:00,2025-10-13 18:00:00,573.14,USD_PER_MT,2,v1.0,VALID,SYNTHETIC,hash_bnk_003256,True
3257,BUNKER_IFO380_SINGAPORE,2025-10-13 00:00:00,2025-10-13 18:00:00,423.13,USD_PER_MT,2,v1.0,VALID,SYNTHETIC,hash_bnk_003257,True
3258,BUNKER_MGO_SINGAPORE,2025-10-13 00:00:00,2025-10-13 18:00:00,742.82,USD_PER_MT,2,v1.0,VALID,SYNTHETIC,hash_bnk_003258,True
3259,BUNKER_VLSFO_ROTTERDAM,2025-10-13 00:00:00,2025-10-13 18:00:00,555.2,USD_PER_MT,2,v1.0,VALID,SYNTHETIC,hash_bnk_003259,True
3260,BUNKER_VLSFO_PARADIP,2025-10-13 00:00:00,2025-10-13 18:00:00,605.75,USD_PER_MT,2,v1.0,VALID,SYNTHETIC,hash_bnk_003260,True
3261,BUNKER_VLSFO_SINGAPORE,2025-10-14 00:00:00,2025-10-14 18:00:00,571.09,USD_PER_MT,2,v1.0,VALID,SYNTHETIC,hash_bnk_003261,True
3262,BUNKER_IFO380_SINGAPORE,2025-10-14 00:00:00,2025-10-14 18:00:00,421.5,USD_PER_MT,2,v1.0,VALID,SYNTHETIC,hash_bnk_003262,True
3263,BUNKER_MGO_SINGAPORE,2025-10-14 00:00:00,2025-10-14 18:00:00,751.19,USD_PER_MT,2,v1.0,VALID,SYNTHETIC,hash_bnk_003263,True
3264,BUNKER_VLSFO_ROTTERDAM,2025-10-14 00:00:00,2025-10-14 18:00:00,548.85,USD_PER_MT,2,v1.0,VALID,SYNTHETIC,hash_bnk_003264,True
3265,BUNKER_VLSFO_PARADIP,2025-10-14 00:00:00,2025-10-14 18:00:00,605.13,USD_PER_MT,2,v1.0,VALID,SYNTHETIC,hash_bnk_003265,True
3266,BUNKER_VLSFO_SINGAPORE,2025-10-15 00:00:00,2025-10-15 18:00:00,582.27,USD_PER_MT,2,v1.0,VALID,SYNTHETIC,hash_bnk_003266,True
3267,BUNKER_IFO380_SINGAPORE,2025-10-15 00:00:00,2025-10-15 18:00:00,427.15,USD_PER_MT,2,v1.0,VALID,SYNTHETIC,hash_bnk_003267,True
3268,BUNKER_MGO_SINGAPORE,2025-10-15 00:00:00,2025-10-15 18:00:00,748.02,USD_PER_MT,2,v1.0,VALID,SYNTHETIC,hash_bnk_003268,True
3269,BUNKER_VLSFO_ROTTERDAM,2025-10-15 00:00:00,2025-10-15 18:00:00,555.37,USD_PER_MT,2,v1.0,VALID,SYNTHETIC,hash_bnk_003269,True
3270,BUNKER_VLSFO_PARADIP,2025-10-15 00:00:00,2025-10-15 18:00:00,605.72,USD_PER_MT,2,v1.0,VALID,SYNTHETIC,hash_bnk_003270,True
3271,BUNKER_VLSFO_SINGAPORE,2025-10-16 00:00:00,2025-10-16 18:00:00,579.87,USD_PER_MT,2,v1.0,VALID,SYNTHETIC,hash_bnk_003271,True
3272,BUNKER_IFO380_SINGAPORE,2025-10-16 00:00:00,2025-10-16 18:00:00,430.75,USD_PER_MT,2,v1.0,VALID,SYNTHETIC,hash_bnk_003272,True
3273,BUNKER_MGO_SINGAPORE,2025-10-16 00:00:00,2025-10-16 18:00:00,754.26,USD_PER_MT,2,v1.0,VALID,SYNTHETIC,hash_bnk_003273,True
3274,BUNKER_VLSFO_ROTTERDAM,2025-10-16 00:00:00,2025-10-16 18:00:00,547.61,USD_PER_MT,2,v1.0,VALID,SYNTHETIC,hash_bnk_003274,True
3275,BUNKER_VLSFO_PARADIP,2025-10-16 00:00:00,2025-10-16 18:00:00,605.02,USD_PER_MT,2,v1.0,VALID,SYNTHETIC,hash_bnk_003275,True
3276,BUNKER_VLSFO_SINGAPORE,2025-10-17 00:00:00,2025-10-17 18:00:00,575.28,USD_PER_MT,2,v1.0,VALID,SYNTHETIC,hash_bnk_003276,True
3277,BUNKER_IFO380_SINGAPORE,2025-10-17 00:00:00,2025-10-17 18:00:00,424.93,USD_PER_MT,2,v1.0,VALID,SYNTHETIC,hash_bnk_003277,True
3278,BUNKER_MGO_SINGAPORE,2025-10-17 00:00:00,2025-10-17 18:00:00,749.8,USD_PER_MT,2,v1.0,VALID,SYNTHETIC,hash_bnk_003278,True
3279,BUNKER_VLSFO_ROTTERDAM,2025-10-17 00:00:00,2025-10-17 18:00:00,535.46,USD_PER_MT,2,v1.0,VALID,SYNTHETIC,hash_bnk_003279,True
3280,BUNKER_VLSFO_PARADIP,2025-10-17 00:00:00,2025-10-17 18:00:00,605.2,USD_PER_MT,2,v1.0,VALID,SYNTHETIC,hash_bnk_003280,True
3281,BUNKER_VLSFO_SINGAPORE,2025-10-18 00:00:00,2025-10-18 18:00:00,570.0,USD_PER_MT,2,v1.0,VALID,SYNTHETIC,hash_bnk_003281,True
3282,BUNKER_IFO380_SINGAPORE,2025-10-18 00:00:00,2025-10-18 18:00:00,428.34,USD_PER_MT,2,v1.0,VALID,SYNTHETIC,hash_bnk_003282,True
3283,BUNKER_MGO_SINGAPORE,2025-10-18 00:00:00,2025-10-18 18:00:00,746.63,USD_PER_MT,2,v1.0,VALID,SYNTHETIC,hash_bnk_003283,True
3284,BUNKER_VLSFO_ROTTERDAM,2025-10-18 00:00:00,2025-10-18 18:00:00,549.79,USD_PER_MT,2,v1.0,VALID,SYNTHETIC,hash_bnk_003284,True
3285,BUNKER_VLSFO_PARADIP,2025-10-18 00:00:00,2025-10-18 18:00:00,611.35,USD_PER_MT,2,v1.0,VALID,SYNTHETIC,hash_bnk_003285,True
3286,BUNKER_VLSFO_SINGAPORE,2025-10-19 00:00:00,2025-10-19 18:00:00,584.95,USD_PER_MT,2,v1.0,VALID,SYNTHETIC,hash_bnk_003286,True
3287,BUNKER_IFO380_SINGAPORE,2025-10-19 00:00:00,2025-10-19 18:00:00,427.05,USD_PER_MT,2,v1.0,VALID,SYNTHETIC,hash_bnk_003287,True
3288,BUNKER_MGO_SINGAPORE,2025-10-19 00:00:00,2025-10-19 18:00:00,750.69,USD_PER_MT,2,v1.0,VALID,SYNTHETIC,hash_bnk_003288,True
3289,BUNKER_VLSFO_ROTTERDAM,2025-10-19 00:00:00,2025-10-19 18:00:00,546.09,USD_PER_MT,2,v1.0,VALID,SYNTHETIC,hash_bnk_003289,True
3290,BUNKER_VLSFO_PARADIP,2025-10-19 00:00:00,2025-10-19 18:00:00,609.35,USD_PER_MT,2,v1.0,VALID,SYNTHETIC,hash_bnk_003290,True
3291,BUNKER_VLSFO_SINGAPORE,2025-10-20 00:00:00,2025-10-20 18:00:00,575.99,USD_PER_MT,2,v1.0,VALID,SYNTHETIC,hash_bnk_003291,True
3292,BUNKER_IFO380_SINGAPORE,2025-10-20 00:00:00,2025-10-20 18:00:00,431.64,USD_PER_MT,2,v1.0,VALID,SYNTHETIC,hash_bnk_003292,True
3293,BUNKER_MGO_SINGAPORE,2025-10-20 00:00:00,2025-10-20 18:00:00,755.4,USD_PER_MT,2,v1.0,VALID,SYNTHETIC,hash_bnk_003293,True
3294,BUNKER_VLSFO_ROTTERDAM,2025-10-20 00:00:00,2025-10-20 18:00:00,547.91,USD_PER_MT,2,v1.0,VALID,SYNTHETIC,hash_bnk_003294,True
3295,BUNKER_VLSFO_PARADIP,2025-10-20 00:00:00,2025-10-20 18:00:00,622.9,USD_PER_MT,2,v1.0,VALID,SYNTHETIC,hash_bnk_003295,True
3296,BUNKER_VLSFO_SINGAPORE,2025-10-21 00:00:00,2025-10-21 18:00:00,582.01,USD_PER_MT,2,v1.0,VALID,SYNTHETIC,hash_bnk_003296,True
3297,BUNKER_IFO380_SINGAPORE,2025-10-21 00:00:00,2025-10-21 18:00:00,426.25,USD_PER_MT,2,v1.0,VALID,SYNTHETIC,hash_bnk_003297,True
3298,BUNKER_MGO_SINGAPORE,2025-10-21 00:00:00,2025-10-21 18:00:00,752.81,USD_PER_MT,2,v1.0,VALID,SYNTHETIC,hash_bnk_003298,True
3299,BUNKER_VLSFO_ROTTERDAM,2025-10-21 00:00:00,2025-10-21 18:00:00,547.43,USD_PER_MT,2,v1.0,VALID,SYNTHETIC,hash_bnk_003299,True
3300,BUNKER_VLSFO_PARADIP,2025-10-21 00:00:00,2025-10-21 18:00:00,618.63,USD_PER_MT,2,v1.0,VALID,SYNTHETIC,hash_bnk_003300,True
3301,BUNKER_VLSFO_SINGAPORE,2025-10-22 00:00:00,2025-10-22 18:00:00,578.32,USD_PER_MT,2,v1.0,VALID,SYNTHETIC,hash_bnk_003301,True
3302,BUNKER_IFO380_SINGAPORE,2025-10-22 00:00:00,2025-10-22 18:00:00,427.62,USD_PER_MT,2,v1.0,VALID,SYNTHETIC,hash_bnk_003302,True
3303,BUNKER_MGO_SINGAPORE,2025-10-22 00:00:00,2025-10-22 18:00:00,765.51,USD_PER_MT,2,v1.0,VALID,SYNTHETIC,hash_bnk_003303,True
3304,BUNKER_VLSFO_ROTTERDAM,2025-10-22 00:00:00,2025-10-22 18:00:00,551.56,USD_PER_MT,2,v1.0,VALID,SYNTHETIC,hash_bnk_003304,True
3305,BUNKER_VLSFO_PARADIP,2025-10-22 00:00:00,2025-10-22 18:00:00,614.83,USD_PER_MT,2,v1.0,VALID,SYNTHETIC,hash_bnk_003305,True
3306,BUNKER_VLSFO_SINGAPORE,2025-10-23 00:00:00,2025-10-23 18:00:00,583.58,USD_PER_MT,2,v1.0,VALID,SYNTHETIC,hash_bnk_003306,True
3307,BUNKER_IFO380_SINGAPORE,2025-10-23 00:00:00,2025-10-23 18:00:00,428.87,USD_PER_MT,2,v1.0,VALID,SYNTHETIC,hash_bnk_003307,True
3308,BUNKER_MGO_SINGAPORE,2025-10-23 00:00:00,2025-10-23 18:00:00,768.67,USD_PER_MT,2,v1.0,VALID,SYNTHETIC,hash_bnk_003308,True
3309,BUNKER_VLSFO_ROTTERDAM,2025-10-23 00:00:00,2025-10-23 18:00:00,553.87,USD_PER_MT,2,v1.0,VALID,SYNTHETIC,hash_bnk_003309,True
3310,BUNKER_VLSFO_PARADIP,2025-10-23 00:00:00,2025-10-23 18:00:00,613.33,USD_PER_MT,2,v1.0,VALID,SYNTHETIC,hash_bnk_003310,True
3311,BUNKER_VLSFO_SINGAPORE,2025-10-24 00:00:00,2025-10-24 18:00:00,579.22,USD_PER_MT,2,v1.0,VALID,SYNTHETIC,hash_bnk_003311,True
3312,BUNKER_IFO380_SINGAPORE,2025-10-24 00:00:00,2025-10-24 18:00:00,427.74,USD_PER_MT,2,v1.0,VALID,SYNTHETIC,hash_bnk_003312,True
3313,BUNKER_MGO_SINGAPORE,2025-10-24 00:00:00,2025-10-24 18:00:00,761.95,USD_PER_MT,2,v1.0,VALID,SYNTHETIC,hash_bnk_003313,True
3314,BUNKER_VLSFO_ROTTERDAM,2025-10-24 00:00:00,2025-10-24 18:00:00,550.08,USD_PER_MT,2,v1.0,VALID,SYNTHETIC,hash_bnk_003314,True
3315,BUNKER_VLSFO_PARADIP,2025-10-24 00:00:00,2025-10-24 18:00:00,613.61,USD_PER_MT,2,v1.0,VALID,SYNTHETIC,hash_bnk_003315,True
3316,BUNKER_VLSFO_SINGAPORE,2025-10-25 00:00:00,2025-10-25 18:00:00,582.39,USD_PER_MT,2,v1.0,VALID,SYNTHETIC,hash_bnk_003316,True
3317,BUNKER_IFO380_SINGAPORE,2025-10-25 00:00:00,2025-10-25 18:00:00,431.24,USD_PER_MT,2,v1.0,VALID,SYNTHETIC,hash_bnk_003317,True
3318,BUNKER_MGO_SINGAPORE,2025-10-25 00:00:00,2025-10-25 18:00:00,760.71,USD_PER_MT,2,v1.0,VALID,SYNTHETIC,hash_bnk_003318,True
3319,BUNKER_VLSFO_ROTTERDAM,2025-10-25 00:00:00,2025-10-25 18:00:00,553.69,USD_PER_MT,2,v1.0,VALID,SYNTHETIC,hash_bnk_003319,True
3320,BUNKER_VLSFO_PARADIP,2025-10-25 00:00:00,2025-10-25 18:00:00,611.28,USD_PER_MT,2,v1.0,VALID,SYNTHETIC,hash_bnk_003320,True
3321,BUNKER_VLSFO_SINGAPORE,2025-10-26 00:00:00,2025-10-26 18:00:00,576.63,USD_PER_MT,2,v1.0,VALID,SYNTHETIC,hash_bnk_003321,True
3322,BUNKER_IFO380_SINGAPORE,2025-10-26 00:00:00,2025-10-26 18:00:00,437.34,USD_PER_MT,2,v1.0,VALID,SYNTHETIC,hash_bnk_003322,True
3323,BUNKER_MGO_SINGAPORE,2025-10-26 00:00:00,2025-10-26 18:00:00,766.37,USD_PER_MT,2,v1.0,VALID,SYNTHETIC,hash_bnk_003323,True
3324,BUNKER_VLSFO_ROTTERDAM,2025-10-26 00:00:00,2025-10-26 18:00:00,558.71,USD_PER_MT,2,v1.0,VALID,SYNTHETIC,hash_bnk_003324,True
3325,BUNKER_VLSFO_PARADIP,2025-10-26 00:00:00,2025-10-26 18:00:00,614.91,USD_PER_MT,2,v1.0,VALID,SYNTHETIC,hash_bnk_003325,True
3326,BUNKER_VLSFO_SINGAPORE,2025-10-27 00:00:00,2025-10-27 18:00:00,592.57,USD_PER_MT,2,v1.0,VALID,SYNTHETIC,hash_bnk_003326,True
3327,BUNKER_IFO380_SINGAPORE,2025-10-27 00:00:00,2025-10-27 18:00:00,433.24,USD_PER_MT,2,v1.0,VALID,SYNTHETIC,hash_bnk_003327,True
3328,BUNKER_MGO_SINGAPORE,2025-10-27 00:00:00,2025-10-27 18:00:00,763.69,USD_PER_MT,2,v1.0,VALID,SYNTHETIC,hash_bnk_003328,True
3329,BUNKER_VLSFO_ROTTERDAM,2025-10-27 00:00:00,2025-10-27 18:00:00,559.4,USD_PER_MT,2,v1.0,VALID,SYNTHETIC,hash_bnk_003329,True
3330,BUNKER_VLSFO_PARADIP,2025-10-27 00:00:00,2025-10-27 18:00:00,621.32,USD_PER_MT,2,v1.0,VALID,SYNTHETIC,hash_bnk_003330,True
3331,BUNKER_VLSFO_SINGAPORE,2025-10-28 00:00:00,2025-10-28 18:00:00,575.64,USD_PER_MT,2,v1.0,VALID,SYNTHETIC,hash_bnk_003331,True
3332,BUNKER_IFO380_SINGAPORE,2025-10-28 00:00:00,2025-10-28 18:00:00,434.96,USD_PER_MT,2,v1.0,VALID,SYNTHETIC,hash_bnk_003332,True
3333,BUNKER_MGO_SINGAPORE,2025-10-28 00:00:00,2025-10-28 18:00:00,754.35,USD_PER_MT,2,v1.0,VALID,SYNTHETIC,hash_bnk_003333,True
3334,BUNKER_VLSFO_ROTTERDAM,2025-10-28 00:00:00,2025-10-28 18:00:00,558.68,USD_PER_MT,2,v1.0,VALID,SYNTHETIC,hash_bnk_003334,True
3335,BUNKER_VLSFO_PARADIP,2025-10-28 00:00:00,2025-10-28 18:00:00,618.55,USD_PER_MT,2,v1.0,VALID,SYNTHETIC,hash_bnk_003335,True
3336,BUNKER_VLSFO_SINGAPORE,2025-10-29 00:00:00,2025-10-29 18:00:00,587.85,USD_PER_MT,2,v1.0,VALID,SYNTHETIC,hash_bnk_003336,True
3337,BUNKER_IFO380_SINGAPORE,2025-10-29 00:00:00,2025-10-29 18:00:00,434.48,USD_PER_MT,2,v1.0,VALID,SYNTHETIC,hash_bnk_003337,True
3338,BUNKER_MGO_SINGAPORE,2025-10-29 00:00:00,2025-10-29 18:00:00,767.99,USD_PER_MT,2,v1.0,VALID,SYNTHETIC,hash_bnk_003338,True
3339,BUNKER_VLSFO_ROTTERDAM,2025-10-29 00:00:00,2025-10-29 18:00:00,555.95,USD_PER_MT,2,v1.0,VALID,SYNTHETIC,hash_bnk_003339,True
3340,BUNKER_VLSFO_PARADIP,2025-10-29 00:00:00,2025-10-29 18:00:00,627.29,USD_PER_MT,2,v1.0,VALID,SYNTHETIC,hash_bnk_003340,True
3341,BUNKER_VLSFO_SINGAPORE,2025-10-30 00:00:00,2025-10-30 18:00:00,589.15,USD_PER_MT,2,v1.0,VALID,SYNTHETIC,hash_bnk_003341,True
3342,BUNKER_IFO380_SINGAPORE,2025-10-30 00:00:00,2025-10-30 18:00:00,440.94,USD_PER_MT,2,v1.0,VALID,SYNTHETIC,hash_bnk_003342,True
3343,BUNKER_MGO_SINGAPORE,2025-10-30 00:00:00,2025-10-30 18:00:00,767.83,USD_PER_MT,2,v1.0,VALID,SYNTHETIC,hash_bnk_003343,True
3344,BUNKER_VLSFO_ROTTERDAM,2025-10-30 00:00:00,2025-10-30 18:00:00,559.3,USD_PER_MT,2,v1.0,VALID,SYNTHETIC,hash_bnk_003344,True
3345,BUNKER_VLSFO_PARADIP,2025-10-30 00:00:00,2025-10-30 18:00:00,625.11,USD_PER_MT,2,v1.0,VALID,SYNTHETIC,hash_bnk_003345,True
3346,BUNKER_VLSFO_SINGAPORE,2025-10-31 00:00:00,2025-10-31 18:00:00,588.86,USD_PER_MT,2,v1.0,VALID,SYNTHETIC,hash_bnk_003346,True
3347,BUNKER_IFO380_SINGAPORE,2025-10-31 00:00:00,2025-10-31 18:00:00,436.87,USD_PER_MT,2,v1.0,VALID,SYNTHETIC,hash_bnk_003347,True
3348,BUNKER_MGO_SINGAPORE,2025-10-31 00:00:00,2025-10-31 18:00:00,770.06,USD_PER_MT,2,v1.0,VALID,SYNTHETIC,hash_bnk_003348,True
3349,BUNKER_VLSFO_ROTTERDAM,2025-10-31 00:00:00,2025-10-31 18:00:00,561.44,USD_PER_MT,2,v1.0,VALID,SYNTHETIC,hash_bnk_003349,True
3350,BUNKER_VLSFO_PARADIP,2025-10-31 00:00:00,2025-10-31 18:00:00,621.82,USD_PER_MT,2,v1.0,VALID,SYNTHETIC,hash_bnk_003350,True
3351,BUNKER_VLSFO_SINGAPORE,2025-11-01 00:00:00,2025-11-01 18:00:00,587.3,USD_PER_MT,2,v1.0,VALID,SYNTHETIC,hash_bnk_003351,True
3352,BUNKER_IFO380_SINGAPORE,2025-11-01 00:00:00,2025-11-01 18:00:00,439.46,USD_PER_MT,2,v1.0,VALID,SYNTHETIC,hash_bnk_003352,True
3353,BUNKER_MGO_SINGAPORE,2025-11-01 00:00:00,2025-11-01 18:00:00,769.22,USD_PER_MT,2,v1.0,VALID,SYNTHETIC,hash_bnk_003353,True
3354,BUNKER_VLSFO_ROTTERDAM,2025-11-01 00:00:00,2025-11-01 18:00:00,548.47,USD_PER_MT,2,v1.0,VALID,SYNTHETIC,hash_bnk_003354,True
3355,BUNKER_VLSFO_PARADIP,2025-11-01 00:00:00,2025-11-01 18:00:00,627.6,USD_PER_MT,2,v1.0,VALID,SYNTHETIC,hash_bnk_003355,True
3356,BUNKER_VLSFO_SINGAPORE,2025-11-02 00:00:00,2025-11-02 18:00:00,584.26,USD_PER_MT,2,v1.0,VALID,SYNTHETIC,hash_bnk_003356,True
3357,BUNKER_IFO380_SINGAPORE,2025-11-02 00:00:00,2025-11-02 18:00:00,438.1,USD_PER_MT,2,v1.0,VALID,SYNTHETIC,hash_bnk_003357,True
3358,BUNKER_MGO_SINGAPORE,2025-11-02 00:00:00,2025-11-02 18:00:00,770.46,USD_PER_MT,2,v1.0,VALID,SYNTHETIC,hash_bnk_003358,True
3359,BUNKER_VLSFO_ROTTERDAM,2025-11-02 00:00:00,2025-11-02 18:00:00,564.79,USD_PER_MT,2,v1.0,VALID,SYNTHETIC,hash_bnk_003359,True
3360,BUNKER_VLSFO_PARADIP,2025-11-02 00:00:00,2025-11-02 18:00:00,625.85,USD_PER_MT,2,v1.0,VALID,SYNTHETIC,hash_bnk_003360,True
3361,BUNKER_VLSFO_SINGAPORE,2025-11-03 00:00:00,2025-11-03 18:00:00,584.68,USD_PER_MT,2,v1.0,VALID,SYNTHETIC,hash_bnk_003361,True
3362,BUNKER_IFO380_SINGAPORE,2025-11-03 00:00:00,2025-11-03 18:00:00,446.31,USD_PER_MT,2,v1.0,VALID,SYNTHETIC,hash_bnk_003362,True
3363,BUNKER_MGO_SINGAPORE,2025-11-03 00:00:00,2025-11-03 18:00:00,770.08,USD_PER_MT,2,v1.0,VALID,SYNTHETIC,hash_bnk_003363,True
3364,BUNKER_VLSFO_ROTTERDAM,2025-11-03 00:00:00,2025-11-03 18:00:00,561.81,USD_PER_MT,2,v1.0,VALID,SYNTHETIC,hash_bnk_003364,True
3365,BUNKER_VLSFO_PARADIP,2025-11-03 00:00:00,2025-11-03 18:00:00,625.68,USD_PER_MT,2,v1.0,VALID,SYNTHETIC,hash_bnk_003365,True
3366,BUNKER_VLSFO_SINGAPORE,2025-11-04 00:00:00,2025-11-04 18:00:00,597.82,USD_PER_MT,2,v1.0,VALID,SYNTHETIC,hash_bnk_003366,True
3367,BUNKER_IFO380_SINGAPORE,2025-11-04 00:00:00,2025-11-04 18:00:00,433.91,USD_PER_MT,2,v1.0,VALID,SYNTHETIC,hash_bnk_003367,True
3368,BUNKER_MGO_SINGAPORE,2025-11-04 00:00:00,2025-11-04 18:00:00,765.5,USD_PER_MT,2,v1.0,VALID,SYNTHETIC,hash_bnk_003368,True
3369,BUNKER_VLSFO_ROTTERDAM,2025-11-04 00:00:00,2025-11-04 18:00:00,560.47,USD_PER_MT,2,v1.0,VALID,SYNTHETIC,hash_bnk_003369,True
3370,BUNKER_VLSFO_PARADIP,2025-11-04 00:00:00,2025-11-04 18:00:00,626.83,USD_PER_MT,2,v1.0,VALID,SYNTHETIC,hash_bnk_003370,True
3371,BUNKER_VLSFO_SINGAPORE,2025-11-05 00:00:00,2025-11-05 18:00:00,586.14,USD_PER_MT,2,v1.0,VALID,SYNTHETIC,hash_bnk_003371,True
3372,BUNKER_IFO380_SINGAPORE,2025-11-05 00:00:00,2025-11-05 18:00:00,438.9,USD_PER_MT,2,v1.0,VALID,SYNTHETIC,hash_bnk_003372,True
3373,BUNKER_MGO_SINGAPORE,2025-11-05 00:00:00,2025-11-05 18:00:00,773.75,USD_PER_MT,2,v1.0,VALID,SYNTHETIC,hash_bnk_003373,True
3374,BUNKER_VLSFO_ROTTERDAM,2025-11-05 00:00:00,2025-11-05 18:00:00,564.87,USD_PER_MT,2,v1.0,VALID,SYNTHETIC,hash_bnk_003374,True
3375,BUNKER_VLSFO_PARADIP,2025-11-05 00:00:00,2025-11-05 18:00:00,624.43,USD_PER_MT,2,v1.0,VALID,SYNTHETIC,hash_bnk_003375,True
3376,BUNKER_VLSFO_SINGAPORE,2025-11-06 00:00:00,2025-11-06 18:00:00,594.56,USD_PER_MT,2,v1.0,VALID,SYNTHETIC,hash_bnk_003376,True
3377,BUNKER_IFO380_SINGAPORE,2025-11-06 00:00:00,2025-11-06 18:00:00,438.07,USD_PER_MT,2,v1.0,VALID,SYNTHETIC,hash_bnk_003377,True
3378,BUNKER_MGO_SINGAPORE,2025-11-06 00:00:00,2025-11-06 18:00:00,783.62,USD_PER_MT,2,v1.0,VALID,SYNTHETIC,hash_bnk_003378,True
3379,BUNKER_VLSFO_ROTTERDAM,2025-11-06 00:00:00,2025-11-06 18:00:00,569.85,USD_PER_MT,2,v1.0,VALID,SYNTHETIC,hash_bnk_003379,True
3380,BUNKER_VLSFO_PARADIP,2025-11-06 00:00:00,2025-11-06 18:00:00,626.82,USD_PER_MT,2,v1.0,VALID,SYNTHETIC,hash_bnk_003380,True
3381,BUNKER_VLSFO_SINGAPORE,2025-11-07 00:00:00,2025-11-07 18:00:00,599.43,USD_PER_MT,2,v1.0,VALID,SYNTHETIC,hash_bnk_003381,True
3382,BUNKER_IFO380_SINGAPORE,2025-11-07 00:00:00,2025-11-07 18:00:00,444.38,USD_PER_MT,2,v1.0,VALID,SYNTHETIC,hash_bnk_003382,True
3383,BUNKER_MGO_SINGAPORE,2025-11-07 00:00:00,2025-11-07 18:00:00,778.86,USD_PER_MT,2,v1.0,VALID,SYNTHETIC,hash_bnk_003383,True
3384,BUNKER_VLSFO_ROTTERDAM,2025-11-07 00:00:00,2025-11-07 18:00:00,567.73,USD_PER_MT,2,v1.0,VALID,SYNTHETIC,hash_bnk_003384,True
3385,BUNKER_VLSFO_PARADIP,2025-11-07 00:00:00,2025-11-07 18:00:00,626.89,USD_PER_MT,2,v1.0,VALID,SYNTHETIC,hash_bnk_003385,True
3386,BUNKER_VLSFO_SINGAPORE,2025-11-08 00:00:00,2025-11-08 18:00:00,604.94,USD_PER_MT,2,v1.0,VALID,SYNTHETIC,hash_bnk_003386,True
3387,BUNKER_IFO380_SINGAPORE,2025-11-08 00:00:00,2025-11-08 18:00:00,438.78,USD_PER_MT,2,v1.0,VALID,SYNTHETIC,hash_bnk_003387,True
3388,BUNKER_MGO_SINGAPORE,2025-11-08 00:00:00,2025-11-08 18:00:00,782.24,USD_PER_MT,2,v1.0,VALID,SYNTHETIC,hash_bnk_003388,True
3389,BUNKER_VLSFO_ROTTERDAM,2025-11-08 00:00:00,2025-11-08 18:00:00,559.43,USD_PER_MT,2,v1.0,VALID,SYNTHETIC,hash_bnk_003389,True
3390,BUNKER_VLSFO_PARADIP,2025-11-08 00:00:00,2025-11-08 18:00:00,632.79,USD_PER_MT,2,v1.0,VALID,SYNTHETIC,hash_bnk_003390,True
3391,BUNKER_VLSFO_SINGAPORE,2025-11-09 00:00:00,2025-11-09 18:00:00,601.59,USD_PER_MT,2,v1.0,VALID,SYNTHETIC,hash_bnk_003391,True
3392,BUNKER_IFO380_SINGAPORE,2025-11-09 00:00:00,2025-11-09 18:00:00,441.55,USD_PER_MT,2,v1.0,VALID,SYNTHETIC,hash_bnk_003392,True
3393,BUNKER_MGO_SINGAPORE,2025-11-09 00:00:00,2025-11-09 18:00:00,783.03,USD_PER_MT,2,v1.0,VALID,SYNTHETIC,hash_bnk_003393,True
3394,BUNKER_VLSFO_ROTTERDAM,2025-11-09 00:00:00,2025-11-09 18:00:00,567.14,USD_PER_MT,2,v1.0,VALID,SYNTHETIC,hash_bnk_003394,True
3395,BUNKER_VLSFO_PARADIP,2025-11-09 00:00:00,2025-11-09 18:00:00,625.92,USD_PER_MT,2,v1.0,VALID,SYNTHETIC,hash_bnk_003395,True
3396,BUNKER_VLSFO_SINGAPORE,2025-11-10 00:00:00,2025-11-10 18:00:00,596.25,USD_PER_MT,2,v1.0,VALID,SYNTHETIC,hash_bnk_003396,True
3397,BUNKER_IFO380_SINGAPORE,2025-11-10 00:00:00,2025-11-10 18:00:00,446.89,USD_PER_MT,2,v1.0,VALID,SYNTHETIC,hash_bnk_003397,True
3398,BUNKER_MGO_SINGAPORE,2025-11-10 00:00:00,2025-11-10 18:00:00,785.45,USD_PER_MT,2,v1.0,VALID,SYNTHETIC,hash_bnk_003398,True
3399,BUNKER_VLSFO_ROTTERDAM,2025-11-10 00:00:00,2025-11-10 18:00:00,570.08,USD_PER_MT,2,v1.0,VALID,SYNTHETIC,hash_bnk_003399,True
3400,BUNKER_VLSFO_PARADIP,2025-11-10 00:00:00,2025-11-10 18:00:00,630.85,USD_PER_MT,2,v1.0,VALID,SYNTHETIC,hash_bnk_003400,True
3401,BUNKER_VLSFO_SINGAPORE,2025-11-11 00:00:00,2025-11-11 18:00:00,592.19,USD_PER_MT,2,v1.0,VALID,SYNTHETIC,hash_bnk_003401,True
3402,BUNKER_IFO380_SINGAPORE,2025-11-11 00:00:00,2025-11-11 18:00:00,445.88,USD_PER_MT,2,v1.0,VALID,SYNTHETIC,hash_bnk_003402,True
3403,BUNKER_MGO_SINGAPORE,2025-11-11 00:00:00,2025-11-11 18:00:00,787.13,USD_PER_MT,2,v1.0,VALID,SYNTHETIC,hash_bnk_003403,True
3404,BUNKER_VLSFO_ROTTERDAM,2025-11-11 00:00:00,2025-11-11 18:00:00,568.38,USD_PER_MT,2,v1.0,VALID,SYNTHETIC,hash_bnk_003404,True
3405,BUNKER_VLSFO_PARADIP,2025-11-11 00:00:00,2025-11-11 18:00:00,629.08,USD_PER_MT,2,v1.0,VALID,SYNTHETIC,hash_bnk_003405,True
3406,BUNKER_VLSFO_SINGAPORE,2025-11-12 00:00:00,2025-11-12 18:00:00,596.26,USD_PER_MT,2,v1.0,VALID,SYNTHETIC,hash_bnk_003406,True
3407,BUNKER_IFO380_SINGAPORE,2025-11-12 00:00:00,2025-11-12 18:00:00,439.82,USD_PER_MT,2,v1.0,VALID,SYNTHETIC,hash_bnk_003407,True
3408,BUNKER_MGO_SINGAPORE,2025-11-12 00:00:00,2025-11-12 18:00:00,779.49,USD_PER_MT,2,v1.0,VALID,SYNTHETIC,hash_bnk_003408,True
3409,BUNKER_VLSFO_ROTTERDAM,2025-11-12 00:00:00,2025-11-12 18:00:00,574.08,USD_PER_MT,2,v1.0,VALID,SYNTHETIC,hash_bnk_003409,True
3410,BUNKER_VLSFO_PARADIP,2025-11-12 00:00:00,2025-11-12 18:00:00,635.16,USD_PER_MT,2,v1.0,VALID,SYNTHETIC,hash_bnk_003410,True
3411,BUNKER_VLSFO_SINGAPORE,2025-11-13 00:00:00,2025-11-13 18:00:00,608.72,USD_PER_MT,2,v1.0,VALID,SYNTHETIC,hash_bnk_003411,True
3412,BUNKER_IFO380_SINGAPORE,2025-11-13 00:00:00,2025-11-13 18:00:00,445.67,USD_PER_MT,2,v1.0,VALID,SYNTHETIC,hash_bnk_003412,True
3413,BUNKER_MGO_SINGAPORE,2025-11-13 00:00:00,2025-11-13 18:00:00,787.33,USD_PER_MT,2,v1.0,VALID,SYNTHETIC,hash_bnk_003413,True
3414,BUNKER_VLSFO_ROTTERDAM,2025-11-13 00:00:00,2025-11-13 18:00:00,570.77,USD_PER_MT,2,v1.0,VALID,SYNTHETIC,hash_bnk_003414,True
3415,BUNKER_VLSFO_PARADIP,2025-11-13 00:00:00,2025-11-13 18:00:00,625.82,USD_PER_MT,2,v1.0,VALID,SYNTHETIC,hash_bnk_003415,True
3416,BUNKER_VLSFO_SINGAPORE,2025-11-14 00:00:00,2025-11-14 18:00:00,599.64,USD_PER_MT,2,v1.0,VALID,SYNTHETIC,hash_bnk_003416,True
3417,BUNKER_IFO380_SINGAPORE,2025-11-14 00:00:00,2025-11-14 18:00:00,447.24,USD_PER_MT,2,v1.0,VALID,SYNTHETIC,hash_bnk_003417,True
3418,BUNKER_MGO_SINGAPORE,2025-11-14 00:00:00,2025-11-14 18:00:00,781.89,USD_PER_MT,2,v1.0,VALID,SYNTHETIC,hash_bnk_003418,True
3419,BUNKER_VLSFO_ROTTERDAM,2025-11-14 00:00:00,2025-11-14 18:00:00,570.31,USD_PER_MT,2,v1.0,VALID,SYNTHETIC,hash_bnk_003419,True
3420,BUNKER_VLSFO_PARADIP,2025-11-14 00:00:00,2025-11-14 18:00:00,633.12,USD_PER_MT,2,v1.0,VALID,SYNTHETIC,hash_bnk_003420,True
3421,BUNKER_VLSFO_SINGAPORE,2025-11-15 00:00:00,2025-11-15 18:00:00,598.28,USD_PER_MT,2,v1.0,VALID,SYNTHETIC,hash_bnk_003421,True
3422,BUNKER_IFO380_SINGAPORE,2025-11-15 00:00:00,2025-11-15 18:00:00,449.26,USD_PER_MT,2,v1.0,VALID,SYNTHETIC,hash_bnk_003422,True
3423,BUNKER_MGO_SINGAPORE,2025-11-15 00:00:00,2025-11-15 18:00:00,784.71,USD_PER_MT,2,v1.0,VALID,SYNTHETIC,hash_bnk_003423,True
3424,BUNKER_VLSFO_ROTTERDAM,2025-11-15 00:00:00,2025-11-15 18:00:00,573.0,USD_PER_MT,2,v1.0,VALID,SYNTHETIC,hash_bnk_003424,True
3425,BUNKER_VLSFO_PARADIP,2025-11-15 00:00:00,2025-11-15 18:00:00,632.47,USD_PER_MT,2,v1.0,VALID,SYNTHETIC,hash_bnk_003425,True
3426,BUNKER_VLSFO_SINGAPORE,2025-11-16 00:00:00,2025-11-16 18:00:00,611.53,USD_PER_MT,2,v1.0,VALID,SYNTHETIC,hash_bnk_003426,True
3427,BUNKER_IFO380_SINGAPORE,2025-11-16 00:00:00,2025-11-16 18:00:00,450.26,USD_PER_MT,2,v1.0,VALID,SYNTHETIC,hash_bnk_003427,True
3428,BUNKER_MGO_SINGAPORE,2025-11-16 00:00:00,2025-11-16 18:00:00,789.87,USD_PER_MT,2,v1.0,VALID,SYNTHETIC,hash_bnk_003428,True
3429,BUNKER_VLSFO_ROTTERDAM,2025-11-16 00:00:00,2025-11-16 18:00:00,576.39,USD_PER_MT,2,v1.0,VALID,SYNTHETIC,hash_bnk_003429,True
3430,BUNKER_VLSFO_PARADIP,2025-11-16 00:00:00,2025-11-16 18:00:00,627.74,USD_PER_MT,2,v1.0,VALID,SYNTHETIC,hash_bnk_003430,True
3431,BUNKER_VLSFO_SINGAPORE,2025-11-17 00:00:00,2025-11-17 18:00:00,603.61,USD_PER_MT,2,v1.0,VALID,SYNTHETIC,hash_bnk_003431,True
3432,BUNKER_IFO380_SINGAPORE,2025-11-17 00:00:00,2025-11-17 18:00:00,452.86,USD_PER_MT,2,v1.0,VALID,SYNTHETIC,hash_bnk_003432,True
3433,BUNKER_MGO_SINGAPORE,2025-11-17 00:00:00,2025-11-17 18:00:00,783.46,USD_PER_MT,2,v1.0,VALID,SYNTHETIC,hash_bnk_003433,True
3434,BUNKER_VLSFO_ROTTERDAM,2025-11-17 00:00:00,2025-11-17 18:00:00,575.04,USD_PER_MT,2,v1.0,VALID,SYNTHETIC,hash_bnk_003434,True
3435,BUNKER_VLSFO_PARADIP,2025-11-17 00:00:00,2025-11-17 18:00:00,645.12,USD_PER_MT,2,v1.0,VALID,SYNTHETIC,hash_bnk_003435,True
3436,BUNKER_VLSFO_SINGAPORE,2025-11-18 00:00:00,2025-11-18 18:00:00,604.79,USD_PER_MT,2,v1.0,VALID,SYNTHETIC,hash_bnk_003436,True
3437,BUNKER_IFO380_SINGAPORE,2025-11-18 00:00:00,2025-11-18 18:00:00,444.89,USD_PER_MT,2,v1.0,VALID,SYNTHETIC,hash_bnk_003437,True
3438,BUNKER_MGO_SINGAPORE,2025-11-18 00:00:00,2025-11-18 18:00:00,789.97,USD_PER_MT,2,v1.0,VALID,SYNTHETIC,hash_bnk_003438,True
3439,BUNKER_VLSFO_ROTTERDAM,2025-11-18 00:00:00,2025-11-18 18:00:00,573.34,USD_PER_MT,2,v1.0,VALID,SYNTHETIC,hash_bnk_003439,True
3440,BUNKER_VLSFO_PARADIP,2025-11-18 00:00:00,2025-11-18 18:00:00,640.12,USD_PER_MT,2,v1.0,VALID,SYNTHETIC,hash_bnk_003440,True
3441,BUNKER_VLSFO_SINGAPORE,2025-11-19 00:00:00,2025-11-19 18:00:00,602.37,USD_PER_MT,2,v1.0,VALID,SYNTHETIC,hash_bnk_003441,True
3442,BUNKER_IFO380_SINGAPORE,2025-11-19 00:00:00,2025-11-19 18:00:00,452.98,USD_PER_MT,2,v1.0,VALID,SYNTHETIC,hash_bnk_003442,True
3443,BUNKER_MGO_SINGAPORE,2025-11-19 00:00:00,2025-11-19 18:00:00,788.12,USD_PER_MT,2,v1.0,VALID,SYNTHETIC,hash_bnk_003443,True
3444,BUNKER_VLSFO_ROTTERDAM,2025-11-19 00:00:00,2025-11-19 18:00:00,577.34,USD_PER_MT,2,v1.0,VALID,SYNTHETIC,hash_bnk_003444,True
3445,BUNKER_VLSFO_PARADIP,2025-11-19 00:00:00,2025-11-19 18:00:00,637.27,USD_PER_MT,2,v1.0,VALID,SYNTHETIC,hash_bnk_003445,True
3446,BUNKER_VLSFO_SINGAPORE,2025-11-20 00:00:00,2025-11-20 18:00:00,611.78,USD_PER_MT,2,v1.0,VALID,SYNTHETIC,hash_bnk_003446,True
3447,BUNKER_IFO380_SINGAPORE,2025-11-20 00:00:00,2025-11-20 18:00:00,449.26,USD_PER_MT,2,v1.0,VALID,SYNTHETIC,hash_bnk_003447,True
3448,BUNKER_MGO_SINGAPORE,2025-11-20 00:00:00,2025-11-20 18:00:00,791.53,USD_PER_MT,2,v1.0,VALID,SYNTHETIC,hash_bnk_003448,True
3449,BUNKER_VLSFO_ROTTERDAM,2025-11-20 00:00:00,2025-11-20 18:00:00,582.3,USD_PER_MT,2,v1.0,VALID,SYNTHETIC,hash_bnk_003449,True
3450,BUNKER_VLSFO_PARADIP,2025-11-20 00:00:00,2025-11-20 18:00:00,640.52,USD_PER_MT,2,v1.0,VALID,SYNTHETIC,hash_bnk_003450,True
3451,BUNKER_VLSFO_SINGAPORE,2025-11-21 00:00:00,2025-11-21 18:00:00,606.72,USD_PER_MT,2,v1.0,VALID,SYNTHETIC,hash_bnk_003451,True
3452,BUNKER_IFO380_SINGAPORE,2025-11-21 00:00:00,2025-11-21 18:00:00,452.44,USD_PER_MT,2,v1.0,VALID,SYNTHETIC,hash_bnk_003452,True
3453,BUNKER_MGO_SINGAPORE,2025-11-21 00:00:00,2025-11-21 18:00:00,789.91,USD_PER_MT,2,v1.0,VALID,SYNTHETIC,hash_bnk_003453,True
3454,BUNKER_VLSFO_ROTTERDAM,2025-11-21 00:00:00,2025-11-21 18:00:00,577.65,USD_PER_MT,2,v1.0,VALID,SYNTHETIC,hash_bnk_003454,True
3455,BUNKER_VLSFO_PARADIP,2025-11-21 00:00:00,2025-11-21 18:00:00,634.68,USD_PER_MT,2,v1.0,VALID,SYNTHETIC,hash_bnk_003455,True
3456,BUNKER_VLSFO_SINGAPORE,2025-11-22 00:00:00,2025-11-22 18:00:00,607.91,USD_PER_MT,2,v1.0,VALID,SYNTHETIC,hash_bnk_003456,True
3457,BUNKER_IFO380_SINGAPORE,2025-11-22 00:00:00,2025-11-22 18:00:00,447.42,USD_PER_MT,2,v1.0,VALID,SYNTHETIC,hash_bnk_003457,True
3458,BUNKER_MGO_SINGAPORE,2025-11-22 00:00:00,2025-11-22 18:00:00,794.58,USD_PER_MT,2,v1.0,VALID,SYNTHETIC,hash_bnk_003458,True
3459,BUNKER_VLSFO_ROTTERDAM,2025-11-22 00:00:00,2025-11-22 18:00:00,590.06,USD_PER_MT,2,v1.0,VALID,SYNTHETIC,hash_bnk_003459,True
3460,BUNKER_VLSFO_PARADIP,2025-11-22 00:00:00,2025-11-22 18:00:00,644.73,USD_PER_MT,2,v1.0,VALID,SYNTHETIC,hash_bnk_003460,True
3461,BUNKER_VLSFO_SINGAPORE,2025-11-23 00:00:00,2025-11-23 18:00:00,610.63,USD_PER_MT,2,v1.0,VALID,SYNTHETIC,hash_bnk_003461,True
3462,BUNKER_IFO380_SINGAPORE,2025-11-23 00:00:00,2025-11-23 18:00:00,456.13,USD_PER_MT,2,v1.0,VALID,SYNTHETIC,hash_bnk_003462,True
3463,BUNKER_MGO_SINGAPORE,2025-11-23 00:00:00,2025-11-23 18:00:00,806.29,USD_PER_MT,2,v1.0,VALID,SYNTHETIC,hash_bnk_003463,True
3464,BUNKER_VLSFO_ROTTERDAM,2025-11-23 00:00:00,2025-11-23 18:00:00,585.58,USD_PER_MT,2,v1.0,VALID,SYNTHETIC,hash_bnk_003464,True
3465,BUNKER_VLSFO_PARADIP,2025-11-23 00:00:00,2025-11-23 18:00:00,645.79,USD_PER_MT,2,v1.0,VALID,SYNTHETIC,hash_bnk_003465,True
3466,BUNKER_VLSFO_SINGAPORE,2025-11-24 00:00:00,2025-11-24 18:00:00,609.26,USD_PER_MT,2,v1.0,VALID,SYNTHETIC,hash_bnk_003466,True
3467,BUNKER_IFO380_SINGAPORE,2025-11-24 00:00:00,2025-11-24 18:00:00,451.88,USD_PER_MT,2,v1.0,VALID,SYNTHETIC,hash_bnk_003467,True
3468,BUNKER_MGO_SINGAPORE,2025-11-24 00:00:00,2025-11-24 18:00:00,798.91,USD_PER_MT,2,v1.0,VALID,SYNTHETIC,hash_bnk_003468,True
3469,BUNKER_VLSFO_ROTTERDAM,2025-11-24 00:00:00,2025-11-24 18:00:00,583.55,USD_PER_MT,2,v1.0,VALID,SYNTHETIC,hash_bnk_003469,True
3470,BUNKER_VLSFO_PARADIP,2025-11-24 00:00:00,2025-11-24 18:00:00,650.32,USD_PER_MT,2,v1.0,VALID,SYNTHETIC,hash_bnk_003470,True
3471,BUNKER_VLSFO_SINGAPORE,2025-11-25 00:00:00,2025-11-25 18:00:00,612.61,USD_PER_MT,2,v1.0,VALID,SYNTHETIC,hash_bnk_003471,True
3472,BUNKER_IFO380_SINGAPORE,2025-11-25 00:00:00,2025-11-25 18:00:00,456.15,USD_PER_MT,2,v1.0,VALID,SYNTHETIC,hash_bnk_003472,True
3473,BUNKER_MGO_SINGAPORE,2025-11-25 00:00:00,2025-11-25 18:00:00,793.25,USD_PER_MT,2,v1.0,VALID,SYNTHETIC,hash_bnk_003473,True
3474,BUNKER_VLSFO_ROTTERDAM,2025-11-25 00:00:00,2025-11-25 18:00:00,574.47,USD_PER_MT,2,v1.0,VALID,SYNTHETIC,hash_bnk_003474,True
3475,BUNKER_VLSFO_PARADIP,2025-11-25 00:00:00,2025-11-25 18:00:00,642.61,USD_PER_MT,2,v1.0,VALID,SYNTHETIC,hash_bnk_003475,True
3476,BUNKER_VLSFO_SINGAPORE,2025-11-26 00:00:00,2025-11-26 18:00:00,611.45,USD_PER_MT,2,v1.0,VALID,SYNTHETIC,hash_bnk_003476,True
3477,BUNKER_IFO380_SINGAPORE,2025-11-26 00:00:00,2025-11-26 18:00:00,452.63,USD_PER_MT,2,v1.0,VALID,SYNTHETIC,hash_bnk_003477,True
3478,BUNKER_MGO_SINGAPORE,2025-11-26 00:00:00,2025-11-26 18:00:00,800.64,USD_PER_MT,2,v1.0,VALID,SYNTHETIC,hash_bnk_003478,True
3479,BUNKER_VLSFO_ROTTERDAM,2025-11-26 00:00:00,2025-11-26 18:00:00,585.59,USD_PER_MT,2,v1.0,VALID,SYNTHETIC,hash_bnk_003479,True
3480,BUNKER_VLSFO_PARADIP,2025-11-26 00:00:00,2025-11-26 18:00:00,644.31,USD_PER_MT,2,v1.0,VALID,SYNTHETIC,hash_bnk_003480,True
3481,BUNKER_VLSFO_SINGAPORE,2025-11-27 00:00:00,2025-11-27 18:00:00,614.87,USD_PER_MT,2,v1.0,VALID,SYNTHETIC,hash_bnk_003481,True
3482,BUNKER_IFO380_SINGAPORE,2025-11-27 00:00:00,2025-11-27 18:00:00,465.56,USD_PER_MT,2,v1.0,VALID,SYNTHETIC,hash_bnk_003482,True
3483,BUNKER_MGO_SINGAPORE,2025-11-27 00:00:00,2025-11-27 18:00:00,802.33,USD_PER_MT,2,v1.0,VALID,SYNTHETIC,hash_bnk_003483,True
3484,BUNKER_VLSFO_ROTTERDAM,2025-11-27 00:00:00,2025-11-27 18:00:00,589.88,USD_PER_MT,2,v1.0,VALID,SYNTHETIC,hash_bnk_003484,True
3485,BUNKER_VLSFO_PARADIP,2025-11-27 00:00:00,2025-11-27 18:00:00,650.35,USD_PER_MT,2,v1.0,VALID,SYNTHETIC,hash_bnk_003485,True
3486,BUNKER_VLSFO_SINGAPORE,2025-11-28 00:00:00,2025-11-28 18:00:00,616.97,USD_PER_MT,2,v1.0,VALID,SYNTHETIC,hash_bnk_003486,True
3487,BUNKER_IFO380_SINGAPORE,2025-11-28 00:00:00,2025-11-28 18:00:00,457.36,USD_PER_MT,2,v1.0,VALID,SYNTHETIC,hash_bnk_003487,True
3488,BUNKER_MGO_SINGAPORE,2025-11-28 00:00:00,2025-11-28 18:00:00,802.05,USD_PER_MT,2,v1.0,VALID,SYNTHETIC,hash_bnk_003488,True
3489,BUNKER_VLSFO_ROTTERDAM,2025-11-28 00:00:00,2025-11-28 18:00:00,584.27,USD_PER_MT,2,v1.0,VALID,SYNTHETIC,hash_bnk_003489,True
3490,BUNKER_VLSFO_PARADIP,2025-11-28 00:00:00,2025-11-28 18:00:00,655.25,USD_PER_MT,2,v1.0,VALID,SYNTHETIC,hash_bnk_003490,True
3491,BUNKER_VLSFO_SINGAPORE,2025-11-29 00:00:00,2025-11-29 18:00:00,611.27,USD_PER_MT,2,v1.0,VALID,SYNTHETIC,hash_bnk_003491,True
3492,BUNKER_IFO380_SINGAPORE,2025-11-29 00:00:00,2025-11-29 18:00:00,458.4,USD_PER_MT,2,v1.0,VALID,SYNTHETIC,hash_bnk_003492,True
3493,BUNKER_MGO_SINGAPORE,2025-11-29 00:00:00,2025-11-29 18:00:00,806.46,USD_PER_MT,2,v1.0,VALID,SYNTHETIC,hash_bnk_003493,True
3494,BUNKER_VLSFO_ROTTERDAM,2025-11-29 00:00:00,2025-11-29 18:00:00,588.88,USD_PER_MT,2,v1.0,VALID,SYNTHETIC,hash_bnk_003494,True
3495,BUNKER_VLSFO_PARADIP,2025-11-29 00:00:00,2025-11-29 18:00:00,651.04,USD_PER_MT,2,v1.0,VALID,SYNTHETIC,hash_bnk_003495,True
3496,BUNKER_VLSFO_SINGAPORE,2025-11-30 00:00:00,2025-11-30 18:00:00,620.13,USD_PER_MT,2,v1.0,VALID,SYNTHETIC,hash_bnk_003496,True
3497,BUNKER_IFO380_SINGAPORE,2025-11-30 00:00:00,2025-11-30 18:00:00,459.19,USD_PER_MT,2,v1.0,VALID,SYNTHETIC,hash_bnk_003497,True
3498,BUNKER_MGO_SINGAPORE,2025-11-30 00:00:00,2025-11-30 18:00:00,808.39,USD_PER_MT,2,v1.0,VALID,SYNTHETIC,hash_bnk_003498,True
3499,BUNKER_VLSFO_ROTTERDAM,2025-11-30 00:00:00,2025-11-30 18:00:00,585.42,USD_PER_MT,2,v1.0,VALID,SYNTHETIC,hash_bnk_003499,True
3500,BUNKER_VLSFO_PARADIP,2025-11-30 00:00:00,2025-11-30 18:00:00,651.32,USD_PER_MT,2,v1.0,VALID,SYNTHETIC,hash_bnk_003500,True
3501,BUNKER_VLSFO_SINGAPORE,2025-12-01 00:00:00,2025-12-01 18:00:00,622.57,USD_PER_MT,2,v1.0,VALID,SYNTHETIC,hash_bnk_003501,True
3502,BUNKER_IFO380_SINGAPORE,2025-12-01 00:00:00,2025-12-01 18:00:00,451.47,USD_PER_MT,2,v1.0,VALID,SYNTHETIC,hash_bnk_003502,True
3503,BUNKER_MGO_SINGAPORE,2025-12-01 00:00:00,2025-12-01 18:00:00,805.15,USD_PER_MT,2,v1.0,VALID,SYNTHETIC,hash_bnk_003503,True
3504,BUNKER_VLSFO_ROTTERDAM,2025-12-01 00:00:00,2025-12-01 18:00:00,592.21,USD_PER_MT,2,v1.0,VALID,SYNTHETIC,hash_bnk_003504,True
3505,BUNKER_VLSFO_PARADIP,2025-12-01 00:00:00,2025-12-01 18:00:00,654.74,USD_PER_MT,2,v1.0,VALID,SYNTHETIC,hash_bnk_003505,True
3506,BUNKER_VLSFO_SINGAPORE,2025-12-02 00:00:00,2025-12-02 18:00:00,620.78,USD_PER_MT,2,v1.0,VALID,SYNTHETIC,hash_bnk_003506,True
3507,BUNKER_IFO380_SINGAPORE,2025-12-02 00:00:00,2025-12-02 18:00:00,461.08,USD_PER_MT,2,v1.0,VALID,SYNTHETIC,hash_bnk_003507,True
3508,BUNKER_MGO_SINGAPORE,2025-12-02 00:00:00,2025-12-02 18:00:00,798.51,USD_PER_MT,2,v1.0,VALID,SYNTHETIC,hash_bnk_003508,True
3509,BUNKER_VLSFO_ROTTERDAM,2025-12-02 00:00:00,2025-12-02 18:00:00,584.83,USD_PER_MT,2,v1.0,VALID,SYNTHETIC,hash_bnk_003509,True
3510,BUNKER_VLSFO_PARADIP,2025-12-02 00:00:00,2025-12-02 18:00:00,657.8,USD_PER_MT,2,v1.0,VALID,SYNTHETIC,hash_bnk_003510,True
3511,BUNKER_VLSFO_SINGAPORE,2025-12-03 00:00:00,2025-12-03 18:00:00,623.29,USD_PER_MT,2,v1.0,VALID,SYNTHETIC,hash_bnk_003511,True
3512,BUNKER_IFO380_SINGAPORE,2025-12-03 00:00:00,2025-12-03 18:00:00,466.23,USD_PER_MT,2,v1.0,VALID,SYNTHETIC,hash_bnk_003512,True
3513,BUNKER_MGO_SINGAPORE,2025-12-03 00:00:00,2025-12-03 18:00:00,808.13,USD_PER_MT,2,v1.0,VALID,SYNTHETIC,hash_bnk_003513,True
3514,BUNKER_VLSFO_ROTTERDAM,2025-12-03 00:00:00,2025-12-03 18:00:00,588.79,USD_PER_MT,2,v1.0,VALID,SYNTHETIC,hash_bnk_003514,True
3515,BUNKER_VLSFO_PARADIP,2025-12-03 00:00:00,2025-12-03 18:00:00,656.64,USD_PER_MT,2,v1.0,VALID,SYNTHETIC,hash_bnk_003515,True
3516,BUNKER_VLSFO_SINGAPORE,2025-12-04 00:00:00,2025-12-04 18:00:00,622.45,USD_PER_MT,2,v1.0,VALID,SYNTHETIC,hash_bnk_003516,True
3517,BUNKER_IFO380_SINGAPORE,2025-12-04 00:00:00,2025-12-04 18:00:00,460.32,USD_PER_MT,2,v1.0,VALID,SYNTHETIC,hash_bnk_003517,True
3518,BUNKER_MGO_SINGAPORE,2025-12-04 00:00:00,2025-12-04 18:00:00,804.55,USD_PER_MT,2,v1.0,VALID,SYNTHETIC,hash_bnk_003518,True
3519,BUNKER_VLSFO_ROTTERDAM,2025-12-04 00:00:00,2025-12-04 18:00:00,594.2,USD_PER_MT,2,v1.0,VALID,SYNTHETIC,hash_bnk_003519,True
3520,BUNKER_VLSFO_PARADIP,2025-12-04 00:00:00,2025-12-04 18:00:00,663.05,USD_PER_MT,2,v1.0,VALID,SYNTHETIC,hash_bnk_003520,True
3521,BUNKER_VLSFO_SINGAPORE,2025-12-05 00:00:00,2025-12-05 18:00:00,623.58,USD_PER_MT,2,v1.0,VALID,SYNTHETIC,hash_bnk_003521,True
3522,BUNKER_IFO380_SINGAPORE,2025-12-05 00:00:00,2025-12-05 18:00:00,468.31,USD_PER_MT,2,v1.0,VALID,SYNTHETIC,hash_bnk_003522,True
3523,BUNKER_MGO_SINGAPORE,2025-12-05 00:00:00,2025-12-05 18:00:00,810.45,USD_PER_MT,2,v1.0,VALID,SYNTHETIC,hash_bnk_003523,True
3524,BUNKER_VLSFO_ROTTERDAM,2025-12-05 00:00:00,2025-12-05 18:00:00,593.32,USD_PER_MT,2,v1.0,VALID,SYNTHETIC,hash_bnk_003524,True
3525,BUNKER_VLSFO_PARADIP,2025-12-05 00:00:00,2025-12-05 18:00:00,664.53,USD_PER_MT,2,v1.0,VALID,SYNTHETIC,hash_bnk_003525,True
3526,BUNKER_VLSFO_SINGAPORE,2025-12-06 00:00:00,2025-12-06 18:00:00,625.92,USD_PER_MT,2,v1.0,VALID,SYNTHETIC,hash_bnk_003526,True
3527,BUNKER_IFO380_SINGAPORE,2025-12-06 00:00:00,2025-12-06 18:00:00,463.67,USD_PER_MT,2,v1.0,VALID,SYNTHETIC,hash_bnk_003527,True
3528,BUNKER_MGO_SINGAPORE,2025-12-06 00:00:00,2025-12-06 18:00:00,821.21,USD_PER_MT,2,v1.0,VALID,SYNTHETIC,hash_bnk_003528,True
3529,BUNKER_VLSFO_ROTTERDAM,2025-12-06 00:00:00,2025-12-06 18:00:00,593.83,USD_PER_MT,2,v1.0,VALID,SYNTHETIC,hash_bnk_003529,True
3530,BUNKER_VLSFO_PARADIP,2025-12-06 00:00:00,2025-12-06 18:00:00,657.21,USD_PER_MT,2,v1.0,VALID,SYNTHETIC,hash_bnk_003530,True
3531,BUNKER_VLSFO_SINGAPORE,2025-12-07 00:00:00,2025-12-07 18:00:00,629.21,USD_PER_MT,2,v1.0,VALID,SYNTHETIC,hash_bnk_003531,True
3532,BUNKER_IFO380_SINGAPORE,2025-12-07 00:00:00,2025-12-07 18:00:00,466.51,USD_PER_MT,2,v1.0,VALID,SYNTHETIC,hash_bnk_003532,True
3533,BUNKER_MGO_SINGAPORE,2025-12-07 00:00:00,2025-12-07 18:00:00,815.56,USD_PER_MT,2,v1.0,VALID,SYNTHETIC,hash_bnk_003533,True
3534,BUNKER_VLSFO_ROTTERDAM,2025-12-07 00:00:00,2025-12-07 18:00:00,597.62,USD_PER_MT,2,v1.0,VALID,SYNTHETIC,hash_bnk_003534,True
3535,BUNKER_VLSFO_PARADIP,2025-12-07 00:00:00,2025-12-07 18:00:00,663.96,USD_PER_MT,2,v1.0,VALID,SYNTHETIC,hash_bnk_003535,True
3536,BUNKER_VLSFO_SINGAPORE,2025-12-08 00:00:00,2025-12-08 18:00:00,629.26,USD_PER_MT,2,v1.0,VALID,SYNTHETIC,hash_bnk_003536,True
3537,BUNKER_IFO380_SINGAPORE,2025-12-08 00:00:00,2025-12-08 18:00:00,464.48,USD_PER_MT,2,v1.0,VALID,SYNTHETIC,hash_bnk_003537,True
3538,BUNKER_MGO_SINGAPORE,2025-12-08 00:00:00,2025-12-08 18:00:00,823.56,USD_PER_MT,2,v1.0,VALID,SYNTHETIC,hash_bnk_003538,True
3539,BUNKER_VLSFO_ROTTERDAM,2025-12-08 00:00:00,2025-12-08 18:00:00,600.16,USD_PER_MT,2,v1.0,VALID,SYNTHETIC,hash_bnk_003539,True
3540,BUNKER_VLSFO_PARADIP,2025-12-08 00:00:00,2025-12-08 18:00:00,663.09,USD_PER_MT,2,v1.0,VALID,SYNTHETIC,hash_bnk_003540,True
3541,BUNKER_VLSFO_SINGAPORE,2025-12-09 00:00:00,2025-12-09 18:00:00,624.17,USD_PER_MT,2,v1.0,VALID,SYNTHETIC,hash_bnk_003541,True
3542,BUNKER_IFO380_SINGAPORE,2025-12-09 00:00:00,2025-12-09 18:00:00,465.25,USD_PER_MT,2,v1.0,VALID,SYNTHETIC,hash_bnk_003542,True
3543,BUNKER_MGO_SINGAPORE,2025-12-09 00:00:00,2025-12-09 18:00:00,819.67,USD_PER_MT,2,v1.0,VALID,SYNTHETIC,hash_bnk_003543,True
3544,BUNKER_VLSFO_ROTTERDAM,2025-12-09 00:00:00,2025-12-09 18:00:00,599.18,USD_PER_MT,2,v1.0,VALID,SYNTHETIC,hash_bnk_003544,True
3545,BUNKER_VLSFO_PARADIP,2025-12-09 00:00:00,2025-12-09 18:00:00,672.45,USD_PER_MT,2,v1.0,VALID,SYNTHETIC,hash_bnk_003545,True
3546,BUNKER_VLSFO_SINGAPORE,2025-12-10 00:00:00,2025-12-10 18:00:00,627.41,USD_PER_MT,2,v1.0,VALID,SYNTHETIC,hash_bnk_003546,True
3547,BUNKER_IFO380_SINGAPORE,2025-12-10 00:00:00,2025-12-10 18:00:00,466.43,USD_PER_MT,2,v1.0,VALID,SYNTHETIC,hash_bnk_003547,True
3548,BUNKER_MGO_SINGAPORE,2025-12-10 00:00:00,2025-12-10 18:00:00,825.58,USD_PER_MT,2,v1.0,VALID,SYNTHETIC,hash_bnk_003548,True
3549,BUNKER_VLSFO_ROTTERDAM,2025-12-10 00:00:00,2025-12-10 18:00:00,598.59,USD_PER_MT,2,v1.0,VALID,SYNTHETIC,hash_bnk_003549,True
3550,BUNKER_VLSFO_PARADIP,2025-12-10 00:00:00,2025-12-10 18:00:00,667.12,USD_PER_MT,2,v1.0,VALID,SYNTHETIC,hash_bnk_003550,True
3551,BUNKER_VLSFO_SINGAPORE,2025-12-11 00:00:00,2025-12-11 18:00:00,625.16,USD_PER_MT,2,v1.0,VALID,SYNTHETIC,hash_bnk_003551,True
3552,BUNKER_IFO380_SINGAPORE,2025-12-11 00:00:00,2025-12-11 18:00:00,467.8,USD_PER_MT,2,v1.0,VALID,SYNTHETIC,hash_bnk_003552,True
3553,BUNKER_MGO_SINGAPORE,2025-12-11 00:00:00,2025-12-11 18:00:00,823.59,USD_PER_MT,2,v1.0,VALID,SYNTHETIC,hash_bnk_003553,True
3554,BUNKER_VLSFO_ROTTERDAM,2025-12-11 00:00:00,2025-12-11 18:00:00,600.86,USD_PER_MT,2,v1.0,VALID,SYNTHETIC,hash_bnk_003554,True
3555,BUNKER_VLSFO_PARADIP,2025-12-11 00:00:00,2025-12-11 18:00:00,655.69,USD_PER_MT,2,v1.0,VALID,SYNTHETIC,hash_bnk_003555,True
3556,BUNKER_VLSFO_SINGAPORE,2025-12-12 00:00:00,2025-12-12 18:00:00,626.14,USD_PER_MT,2,v1.0,VALID,SYNTHETIC,hash_bnk_003556,True
3557,BUNKER_IFO380_SINGAPORE,2025-12-12 00:00:00,2025-12-12 18:00:00,463.16,USD_PER_MT,2,v1.0,VALID,SYNTHETIC,hash_bnk_003557,True
3558,BUNKER_MGO_SINGAPORE,2025-12-12 00:00:00,2025-12-12 18:00:00,825.6,USD_PER_MT,2,v1.0,VALID,SYNTHETIC,hash_bnk_003558,True
3559,BUNKER_VLSFO_ROTTERDAM,2025-12-12 00:00:00,2025-12-12 18:00:00,597.5,USD_PER_MT,2,v1.0,VALID,SYNTHETIC,hash_bnk_003559,True
3560,BUNKER_VLSFO_PARADIP,2025-12-12 00:00:00,2025-12-12 18:00:00,668.33,USD_PER_MT,2,v1.0,VALID,SYNTHETIC,hash_bnk_003560,True
3561,BUNKER_VLSFO_SINGAPORE,2025-12-13 00:00:00,2025-12-13 18:00:00,634.19,USD_PER_MT,2,v1.0,VALID,SYNTHETIC,hash_bnk_003561,True
3562,BUNKER_IFO380_SINGAPORE,2025-12-13 00:00:00,2025-12-13 18:00:00,473.48,USD_PER_MT,2,v1.0,VALID,SYNTHETIC,hash_bnk_003562,True
3563,BUNKER_MGO_SINGAPORE,2025-12-13 00:00:00,2025-12-13 18:00:00,821.75,USD_PER_MT,2,v1.0,VALID,SYNTHETIC,hash_bnk_003563,True
3564,BUNKER_VLSFO_ROTTERDAM,2025-12-13 00:00:00,2025-12-13 18:00:00,603.31,USD_PER_MT,2,v1.0,VALID,SYNTHETIC,hash_bnk_003564,True
3565,BUNKER_VLSFO_PARADIP,2025-12-13 00:00:00,2025-12-13 18:00:00,666.71,USD_PER_MT,2,v1.0,VALID,SYNTHETIC,hash_bnk_003565,True
3566,BUNKER_VLSFO_SINGAPORE,2025-12-14 00:00:00,2025-12-14 18:00:00,634.48,USD_PER_MT,2,v1.0,VALID,SYNTHETIC,hash_bnk_003566,True
3567,BUNKER_IFO380_SINGAPORE,2025-12-14 00:00:00,2025-12-14 18:00:00,471.66,USD_PER_MT,2,v1.0,VALID,SYNTHETIC,hash_bnk_003567,True
3568,BUNKER_MGO_SINGAPORE,2025-12-14 00:00:00,2025-12-14 18:00:00,825.45,USD_PER_MT,2,v1.0,VALID,SYNTHETIC,hash_bnk_003568,True
3569,BUNKER_VLSFO_ROTTERDAM,2025-12-14 00:00:00,2025-12-14 18:00:00,606.55,USD_PER_MT,2,v1.0,VALID,SYNTHETIC,hash_bnk_003569,True
3570,BUNKER_VLSFO_PARADIP,2025-12-14 00:00:00,2025-12-14 18:00:00,664.27,USD_PER_MT,2,v1.0,VALID,SYNTHETIC,hash_bnk_003570,True
3571,BUNKER_VLSFO_SINGAPORE,2025-12-15 00:00:00,2025-12-15 18:00:00,631.53,USD_PER_MT,2,v1.0,VALID,SYNTHETIC,hash_bnk_003571,True
3572,BUNKER_IFO380_SINGAPORE,2025-12-15 00:00:00,2025-12-15 18:00:00,462.81,USD_PER_MT,2,v1.0,VALID,SYNTHETIC,hash_bnk_003572,True
3573,BUNKER_MGO_SINGAPORE,2025-12-15 00:00:00,2025-12-15 18:00:00,826.8,USD_PER_MT,2,v1.0,VALID,SYNTHETIC,hash_bnk_003573,True
3574,BUNKER_VLSFO_ROTTERDAM,2025-12-15 00:00:00,2025-12-15 18:00:00,604.35,USD_PER_MT,2,v1.0,VALID,SYNTHETIC,hash_bnk_003574,True
3575,BUNKER_VLSFO_PARADIP,2025-12-15 00:00:00,2025-12-15 18:00:00,671.76,USD_PER_MT,2,v1.0,VALID,SYNTHETIC,hash_bnk_003575,True
3576,BUNKER_VLSFO_SINGAPORE,2025-12-16 00:00:00,2025-12-16 18:00:00,638.7,USD_PER_MT,2,v1.0,VALID,SYNTHETIC,hash_bnk_003576,True
3577,BUNKER_IFO380_SINGAPORE,2025-12-16 00:00:00,2025-12-16 18:00:00,466.41,USD_PER_MT,2,v1.0,VALID,SYNTHETIC,hash_bnk_003577,True
3578,BUNKER_MGO_SINGAPORE,2025-12-16 00:00:00,2025-12-16 18:00:00,840.06,USD_PER_MT,2,v1.0,VALID,SYNTHETIC,hash_bnk_003578,True
3579,BUNKER_VLSFO_ROTTERDAM,2025-12-16 00:00:00,2025-12-16 18:00:00,600.37,USD_PER_MT,2,v1.0,VALID,SYNTHETIC,hash_bnk_003579,True
3580,BUNKER_VLSFO_PARADIP,2025-12-16 00:00:00,2025-12-16 18:00:00,665.61,USD_PER_MT,2,v1.0,VALID,SYNTHETIC,hash_bnk_003580,True
3581,BUNKER_VLSFO_SINGAPORE,2025-12-17 00:00:00,2025-12-17 18:00:00,640.76,USD_PER_MT,2,v1.0,VALID,SYNTHETIC,hash_bnk_003581,True
3582,BUNKER_IFO380_SINGAPORE,2025-12-17 00:00:00,2025-12-17 18:00:00,471.4,USD_PER_MT,2,v1.0,VALID,SYNTHETIC,hash_bnk_003582,True
3583,BUNKER_MGO_SINGAPORE,2025-12-17 00:00:00,2025-12-17 18:00:00,839.85,USD_PER_MT,2,v1.0,VALID,SYNTHETIC,hash_bnk_003583,True
3584,BUNKER_VLSFO_ROTTERDAM,2025-12-17 00:00:00,2025-12-17 18:00:00,609.35,USD_PER_MT,2,v1.0,VALID,SYNTHETIC,hash_bnk_003584,True
3585,BUNKER_VLSFO_PARADIP,2025-12-17 00:00:00,2025-12-17 18:00:00,669.74,USD_PER_MT,2,v1.0,VALID,SYNTHETIC,hash_bnk_003585,True
3586,BUNKER_VLSFO_SINGAPORE,2025-12-18 00:00:00,2025-12-18 18:00:00,635.36,USD_PER_MT,2,v1.0,VALID,SYNTHETIC,hash_bnk_003586,True
3587,BUNKER_IFO380_SINGAPORE,2025-12-18 00:00:00,2025-12-18 18:00:00,471.16,USD_PER_MT,2,v1.0,VALID,SYNTHETIC,hash_bnk_003587,True
3588,BUNKER_MGO_SINGAPORE,2025-12-18 00:00:00,2025-12-18 18:00:00,827.12,USD_PER_MT,2,v1.0,VALID,SYNTHETIC,hash_bnk_003588,True
3589,BUNKER_VLSFO_ROTTERDAM,2025-12-18 00:00:00,2025-12-18 18:00:00,602.23,USD_PER_MT,2,v1.0,VALID,SYNTHETIC,hash_bnk_003589,True
3590,BUNKER_VLSFO_PARADIP,2025-12-18 00:00:00,2025-12-18 18:00:00,681.18,USD_PER_MT,2,v1.0,VALID,SYNTHETIC,hash_bnk_003590,True
3591,BUNKER_VLSFO_SINGAPORE,2025-12-19 00:00:00,2025-12-19 18:00:00,640.69,USD_PER_MT,2,v1.0,VALID,SYNTHETIC,hash_bnk_003591,True
3592,BUNKER_IFO380_SINGAPORE,2025-12-19 00:00:00,2025-12-19 18:00:00,475.29,USD_PER_MT,2,v1.0,VALID,SYNTHETIC,hash_bnk_003592,True
3593,BUNKER_MGO_SINGAPORE,2025-12-19 00:00:00,2025-12-19 18:00:00,833.09,USD_PER_MT,2,v1.0,VALID,SYNTHETIC,hash_bnk_003593,True
3594,BUNKER_VLSFO_ROTTERDAM,2025-12-19 00:00:00,2025-12-19 18:00:00,606.23,USD_PER_MT,2,v1.0,VALID,SYNTHETIC,hash_bnk_003594,True
3595,BUNKER_VLSFO_PARADIP,2025-12-19 00:00:00,2025-12-19 18:00:00,671.76,USD_PER_MT,2,v1.0,VALID,SYNTHETIC,hash_bnk_003595,True
3596,BUNKER_VLSFO_SINGAPORE,2025-12-20 00:00:00,2025-12-20 18:00:00,639.29,USD_PER_MT,2,v1.0,VALID,SYNTHETIC,hash_bnk_003596,True
3597,BUNKER_IFO380_SINGAPORE,2025-12-20 00:00:00,2025-12-20 18:00:00,475.81,USD_PER_MT,2,v1.0,VALID,SYNTHETIC,hash_bnk_003597,True
3598,BUNKER_MGO_SINGAPORE,2025-12-20 00:00:00,2025-12-20 18:00:00,834.5,USD_PER_MT,2,v1.0,VALID,SYNTHETIC,hash_bnk_003598,True
3599,BUNKER_VLSFO_ROTTERDAM,2025-12-20 00:00:00,2025-12-20 18:00:00,610.45,USD_PER_MT,2,v1.0,VALID,SYNTHETIC,hash_bnk_003599,True
3600,BUNKER_VLSFO_PARADIP,2025-12-20 00:00:00,2025-12-20 18:00:00,675.95,USD_PER_MT,2,v1.0,VALID,SYNTHETIC,hash_bnk_003600,True
3601,BUNKER_VLSFO_SINGAPORE,2025-12-21 00:00:00,2025-12-21 18:00:00,638.81,USD_PER_MT,2,v1.0,VALID,SYNTHETIC,hash_bnk_003601,True
3602,BUNKER_IFO380_SINGAPORE,2025-12-21 00:00:00,2025-12-21 18:00:00,474.42,USD_PER_MT,2,v1.0,VALID,SYNTHETIC,hash_bnk_003602,True
3603,BUNKER_MGO_SINGAPORE,2025-12-21 00:00:00,2025-12-21 18:00:00,830.18,USD_PER_MT,2,v1.0,VALID,SYNTHETIC,hash_bnk_003603,True
3604,BUNKER_VLSFO_ROTTERDAM,2025-12-21 00:00:00,2025-12-21 18:00:00,614.06,USD_PER_MT,2,v1.0,VALID,SYNTHETIC,hash_bnk_003604,True
3605,BUNKER_VLSFO_PARADIP,2025-12-21 00:00:00,2025-12-21 18:00:00,681.15,USD_PER_MT,2,v1.0,VALID,SYNTHETIC,hash_bnk_003605,True
3606,BUNKER_VLSFO_SINGAPORE,2025-12-22 00:00:00,2025-12-22 18:00:00,640.53,USD_PER_MT,2,v1.0,VALID,SYNTHETIC,hash_bnk_003606,True
3607,BUNKER_IFO380_SINGAPORE,2025-12-22 00:00:00,2025-12-22 18:00:00,474.73,USD_PER_MT,2,v1.0,VALID,SYNTHETIC,hash_bnk_003607,True
3608,BUNKER_MGO_SINGAPORE,2025-12-22 00:00:00,2025-12-22 18:00:00,837.22,USD_PER_MT,2,v1.0,VALID,SYNTHETIC,hash_bnk_003608,True
3609,BUNKER_VLSFO_ROTTERDAM,2025-12-22 00:00:00,2025-12-22 18:00:00,611.89,USD_PER_MT,2,v1.0,VALID,SYNTHETIC,hash_bnk_003609,True
3610,BUNKER_VLSFO_PARADIP,2025-12-22 00:00:00,2025-12-22 18:00:00,682.99,USD_PER_MT,2,v1.0,VALID,SYNTHETIC,hash_bnk_003610,True
3611,BUNKER_VLSFO_SINGAPORE,2025-12-23 00:00:00,2025-12-23 18:00:00,645.61,USD_PER_MT,2,v1.0,VALID,SYNTHETIC,hash_bnk_003611,True
3612,BUNKER_IFO380_SINGAPORE,2025-12-23 00:00:00,2025-12-23 18:00:00,475.02,USD_PER_MT,2,v1.0,VALID,SYNTHETIC,hash_bnk_003612,True
3613,BUNKER_MGO_SINGAPORE,2025-12-23 00:00:00,2025-12-23 18:00:00,845.06,USD_PER_MT,2,v1.0,VALID,SYNTHETIC,hash_bnk_003613,True
3614,BUNKER_VLSFO_ROTTERDAM,2025-12-23 00:00:00,2025-12-23 18:00:00,615.87,USD_PER_MT,2,v1.0,VALID,SYNTHETIC,hash_bnk_003614,True
3615,BUNKER_VLSFO_PARADIP,2025-12-23 00:00:00,2025-12-23 18:00:00,666.82,USD_PER_MT,2,v1.0,VALID,SYNTHETIC,hash_bnk_003615,True
3616,BUNKER_VLSFO_SINGAPORE,2025-12-24 00:00:00,2025-12-24 18:00:00,639.26,USD_PER_MT,2,v1.0,VALID,SYNTHETIC,hash_bnk_003616,True
3617,BUNKER_IFO380_SINGAPORE,2025-12-24 00:00:00,2025-12-24 18:00:00,482.45,USD_PER_MT,2,v1.0,VALID,SYNTHETIC,hash_bnk_003617,True
3618,BUNKER_MGO_SINGAPORE,2025-12-24 00:00:00,2025-12-24 18:00:00,843.95,USD_PER_MT,2,v1.0,VALID,SYNTHETIC,hash_bnk_003618,True
3619,BUNKER_VLSFO_ROTTERDAM,2025-12-24 00:00:00,2025-12-24 18:00:00,611.14,USD_PER_MT,2,v1.0,VALID,SYNTHETIC,hash_bnk_003619,True
3620,BUNKER_VLSFO_PARADIP,2025-12-24 00:00:00,2025-12-24 18:00:00,681.48,USD_PER_MT,2,v1.0,VALID,SYNTHETIC,hash_bnk_003620,True
3621,BUNKER_VLSFO_SINGAPORE,2025-12-25 00:00:00,2025-12-25 18:00:00,639.71,USD_PER_MT,2,v1.0,VALID,SYNTHETIC,hash_bnk_003621,True
3622,BUNKER_IFO380_SINGAPORE,2025-12-25 00:00:00,2025-12-25 18:00:00,478.34,USD_PER_MT,2,v1.0,VALID,SYNTHETIC,hash_bnk_003622,True
3623,BUNKER_MGO_SINGAPORE,2025-12-25 00:00:00,2025-12-25 18:00:00,834.61,USD_PER_MT,2,v1.0,VALID,SYNTHETIC,hash_bnk_003623,True
3624,BUNKER_VLSFO_ROTTERDAM,2025-12-25 00:00:00,2025-12-25 18:00:00,610.72,USD_PER_MT,2,v1.0,VALID,SYNTHETIC,hash_bnk_003624,True
3625,BUNKER_VLSFO_PARADIP,2025-12-25 00:00:00,2025-12-25 18:00:00,688.11,USD_PER_MT,2,v1.0,VALID,SYNTHETIC,hash_bnk_003625,True
3626,BUNKER_VLSFO_SINGAPORE,2025-12-26 00:00:00,2025-12-26 18:00:00,645.81,USD_PER_MT,2,v1.0,VALID,SYNTHETIC,hash_bnk_003626,True
3627,BUNKER_IFO380_SINGAPORE,2025-12-26 00:00:00,2025-12-26 18:00:00,472.67,USD_PER_MT,2,v1.0,VALID,SYNTHETIC,hash_bnk_003627,True
3628,BUNKER_MGO_SINGAPORE,2025-12-26 00:00:00,2025-12-26 18:00:00,844.49,USD_PER_MT,2,v1.0,VALID,SYNTHETIC,hash_bnk_003628,True
3629,BUNKER_VLSFO_ROTTERDAM,2025-12-26 00:00:00,2025-12-26 18:00:00,613.19,USD_PER_MT,2,v1.0,VALID,SYNTHETIC,hash_bnk_003629,True
3630,BUNKER_VLSFO_PARADIP,2025-12-26 00:00:00,2025-12-26 18:00:00,692.84,USD_PER_MT,2,v1.0,VALID,SYNTHETIC,hash_bnk_003630,True
3631,BUNKER_VLSFO_SINGAPORE,2025-12-27 00:00:00,2025-12-27 18:00:00,648.93,USD_PER_MT,2,v1.0,VALID,SYNTHETIC,hash_bnk_003631,True
3632,BUNKER_IFO380_SINGAPORE,2025-12-27 00:00:00,2025-12-27 18:00:00,483.88,USD_PER_MT,2,v1.0,VALID,SYNTHETIC,hash_bnk_003632,True
3633,BUNKER_MGO_SINGAPORE,2025-12-27 00:00:00,2025-12-27 18:00:00,843.66,USD_PER_MT,2,v1.0,VALID,SYNTHETIC,hash_bnk_003633,True
3634,BUNKER_VLSFO_ROTTERDAM,2025-12-27 00:00:00,2025-12-27 18:00:00,613.88,USD_PER_MT,2,v1.0,VALID,SYNTHETIC,hash_bnk_003634,True
3635,BUNKER_VLSFO_PARADIP,2025-12-27 00:00:00,2025-12-27 18:00:00,682.22,USD_PER_MT,2,v1.0,VALID,SYNTHETIC,hash_bnk_003635,True
3636,BUNKER_VLSFO_SINGAPORE,2025-12-28 00:00:00,2025-12-28 18:00:00,650.32,USD_PER_MT,2,v1.0,VALID,SYNTHETIC,hash_bnk_003636,True
3637,BUNKER_IFO380_SINGAPORE,2025-12-28 00:00:00,2025-12-28 18:00:00,478.82,USD_PER_MT,2,v1.0,VALID,SYNTHETIC,hash_bnk_003637,True
3638,BUNKER_MGO_SINGAPORE,2025-12-28 00:00:00,2025-12-28 18:00:00,842.74,USD_PER_MT,2,v1.0,VALID,SYNTHETIC,hash_bnk_003638,True
3639,BUNKER_VLSFO_ROTTERDAM,2025-12-28 00:00:00,2025-12-28 18:00:00,610.43,USD_PER_MT,2,v1.0,VALID,SYNTHETIC,hash_bnk_003639,True
3640,BUNKER_VLSFO_PARADIP,2025-12-28 00:00:00,2025-12-28 18:00:00,680.91,USD_PER_MT,2,v1.0,VALID,SYNTHETIC,hash_bnk_003640,True
3641,BUNKER_VLSFO_SINGAPORE,2025-12-29 00:00:00,2025-12-29 18:00:00,647.5,USD_PER_MT,2,v1.0,VALID,SYNTHETIC,hash_bnk_003641,True
3642,BUNKER_IFO380_SINGAPORE,2025-12-29 00:00:00,2025-12-29 18:00:00,477.01,USD_PER_MT,2,v1.0,VALID,SYNTHETIC,hash_bnk_003642,True
3643,BUNKER_MGO_SINGAPORE,2025-12-29 00:00:00,2025-12-29 18:00:00,844.74,USD_PER_MT,2,v1.0,VALID,SYNTHETIC,hash_bnk_003643,True
3644,BUNKER_VLSFO_ROTTERDAM,2025-12-29 00:00:00,2025-12-29 18:00:00,613.31,USD_PER_MT,2,v1.0,VALID,SYNTHETIC,hash_bnk_003644,True
3645,BUNKER_VLSFO_PARADIP,2025-12-29 00:00:00,2025-12-29 18:00:00,681.96,USD_PER_MT,2,v1.0,VALID,SYNTHETIC,hash_bnk_003645,True
3646,BUNKER_VLSFO_SINGAPORE,2025-12-30 00:00:00,2025-12-30 18:00:00,651.98,USD_PER_MT,2,v1.0,VALID,SYNTHETIC,hash_bnk_003646,True
3647,BUNKER_IFO380_SINGAPORE,2025-12-30 00:00:00,2025-12-30 18:00:00,479.01,USD_PER_MT,2,v1.0,VALID,SYNTHETIC,hash_bnk_003647,True
3648,BUNKER_MGO_SINGAPORE,2025-12-30 00:00:00,2025-12-30 18:00:00,842.67,USD_PER_MT,2,v1.0,VALID,SYNTHETIC,hash_bnk_003648,True
3649,BUNKER_VLSFO_ROTTERDAM,2025-12-30 00:00:00,2025-12-30 18:00:00,618.94,USD_PER_MT,2,v1.0,VALID,SYNTHETIC,hash_bnk_003649,True
3650,BUNKER_VLSFO_PARADIP,2025-12-30 00:00:00,2025-12-30 18:00:00,686.63,USD_PER_MT,2,v1.0,VALID,SYNTHETIC,hash_bnk_003650,True
3651,BUNKER_VLSFO_SINGAPORE,2025-12-31 00:00:00,2025-12-31 18:00:00,643.01,USD_PER_MT,2,v1.0,VALID,SYNTHETIC,hash_bnk_003651,True
3652,BUNKER_IFO380_SINGAPORE,2025-12-31 00:00:00,2025-12-31 18:00:00,482.96,USD_PER_MT,2,v1.0,VALID,SYNTHETIC,hash_bnk_003652,True
3653,BUNKER_MGO_SINGAPORE,2025-12-31 00:00:00,2025-12-31 18:00:00,850.93,USD_PER_MT,2,v1.0,VALID,SYNTHETIC,hash_bnk_003653,True
3654,BUNKER_VLSFO_ROTTERDAM,2025-12-31 00:00:00,2025-12-31 18:00:00,612.1,USD_PER_MT,2,v1.0,VALID,SYNTHETIC,hash_bnk_003654,True
3655,BUNKER_VLSFO_PARADIP,2025-12-31 00:00:00,2025-12-31 18:00:00,686.48,USD_PER_MT,2,v1.0,VALID,SYNTHETIC,hash_bnk_003655,True
3656,BUNKER_VLSFO_SINGAPORE,2026-01-01 00:00:00,2026-01-01 18:00:00,647.48,USD_PER_MT,2,v1.0,VALID,SYNTHETIC,hash_bnk_003656,True
3657,BUNKER_IFO380_SINGAPORE,2026-01-01 00:00:00,2026-01-01 18:00:00,478.46,USD_PER_MT,2,v1.0,VALID,SYNTHETIC,hash_bnk_003657,True
3658,BUNKER_MGO_SINGAPORE,2026-01-01 00:00:00,2026-01-01 18:00:00,853.6,USD_PER_MT,2,v1.0,VALID,SYNTHETIC,hash_bnk_003658,True
3659,BUNKER_VLSFO_ROTTERDAM,2026-01-01 00:00:00,2026-01-01 18:00:00,619.0,USD_PER_MT,2,v1.0,VALID,SYNTHETIC,hash_bnk_003659,True
3660,BUNKER_VLSFO_PARADIP,2026-01-01 00:00:00,2026-01-01 18:00:00,680.44,USD_PER_MT,2,v1.0,VALID,SYNTHETIC,hash_bnk_003660,True
3661,BUNKER_VLSFO_SINGAPORE,2026-01-02 00:00:00,2026-01-02 18:00:00,649.83,USD_PER_MT,2,v1.0,VALID,SYNTHETIC,hash_bnk_003661,True
3662,BUNKER_IFO380_SINGAPORE,2026-01-02 00:00:00,2026-01-02 18:00:00,479.84,USD_PER_MT,2,v1.0,VALID,SYNTHETIC,hash_bnk_003662,True
3663,BUNKER_MGO_SINGAPORE,2026-01-02 00:00:00,2026-01-02 18:00:00,846.3,USD_PER_MT,2,v1.0,VALID,SYNTHETIC,hash_bnk_003663,True
3664,BUNKER_VLSFO_ROTTERDAM,2026-01-02 00:00:00,2026-01-02 18:00:00,631.53,USD_PER_MT,2,v1.0,VALID,SYNTHETIC,hash_bnk_003664,True
3665,BUNKER_VLSFO_PARADIP,2026-01-02 00:00:00,2026-01-02 18:00:00,691.26,USD_PER_MT,2,v1.0,VALID,SYNTHETIC,hash_bnk_003665,True
3666,BUNKER_VLSFO_SINGAPORE,2026-01-03 00:00:00,2026-01-03 18:00:00,658.0,USD_PER_MT,2,v1.0,VALID,SYNTHETIC,hash_bnk_003666,True
3667,BUNKER_IFO380_SINGAPORE,2026-01-03 00:00:00,2026-01-03 18:00:00,482.23,USD_PER_MT,2,v1.0,VALID,SYNTHETIC,hash_bnk_003667,True
3668,BUNKER_MGO_SINGAPORE,2026-01-03 00:00:00,2026-01-03 18:00:00,846.85,USD_PER_MT,2,v1.0,VALID,SYNTHETIC,hash_bnk_003668,True
3669,BUNKER_VLSFO_ROTTERDAM,2026-01-03 00:00:00,2026-01-03 18:00:00,623.01,USD_PER_MT,2,v1.0,VALID,SYNTHETIC,hash_bnk_003669,True
3670,BUNKER_VLSFO_PARADIP,2026-01-03 00:00:00,2026-01-03 18:00:00,689.2,USD_PER_MT,2,v1.0,VALID,SYNTHETIC,hash_bnk_003670,True
3671,BUNKER_VLSFO_SINGAPORE,2026-01-04 00:00:00,2026-01-04 18:00:00,654.02,USD_PER_MT,2,v1.0,VALID,SYNTHETIC,hash_bnk_003671,True
3672,BUNKER_IFO380_SINGAPORE,2026-01-04 00:00:00,2026-01-04 18:00:00,484.64,USD_PER_MT,2,v1.0,VALID,SYNTHETIC,hash_bnk_003672,True
3673,BUNKER_MGO_SINGAPORE,2026-01-04 00:00:00,2026-01-04 18:00:00,844.15,USD_PER_MT,2,v1.0,VALID,SYNTHETIC,hash_bnk_003673,True
3674,BUNKER_VLSFO_ROTTERDAM,2026-01-04 00:00:00,2026-01-04 18:00:00,622.73,USD_PER_MT,2,v1.0,VALID,SYNTHETIC,hash_bnk_003674,True
3675,BUNKER_VLSFO_PARADIP,2026-01-04 00:00:00,2026-01-04 18:00:00,693.4,USD_PER_MT,2,v1.0,VALID,SYNTHETIC,hash_bnk_003675,True
3676,BUNKER_VLSFO_SINGAPORE,2026-01-05 00:00:00,2026-01-05 18:00:00,649.03,USD_PER_MT,2,v1.0,VALID,SYNTHETIC,hash_bnk_003676,True
3677,BUNKER_IFO380_SINGAPORE,2026-01-05 00:00:00,2026-01-05 18:00:00,491.87,USD_PER_MT,2,v1.0,VALID,SYNTHETIC,hash_bnk_003677,True
3678,BUNKER_MGO_SINGAPORE,2026-01-05 00:00:00,2026-01-05 18:00:00,858.17,USD_PER_MT,2,v1.0,VALID,SYNTHETIC,hash_bnk_003678,True
3679,BUNKER_VLSFO_ROTTERDAM,2026-01-05 00:00:00,2026-01-05 18:00:00,627.52,USD_PER_MT,2,v1.0,VALID,SYNTHETIC,hash_bnk_003679,True
3680,BUNKER_VLSFO_PARADIP,2026-01-05 00:00:00,2026-01-05 18:00:00,687.63,USD_PER_MT,2,v1.0,VALID,SYNTHETIC,hash_bnk_003680,True
3681,BUNKER_VLSFO_SINGAPORE,2026-01-06 00:00:00,2026-01-06 18:00:00,655.89,USD_PER_MT,2,v1.0,VALID,SYNTHETIC,hash_bnk_003681,True
3682,BUNKER_IFO380_SINGAPORE,2026-01-06 00:00:00,2026-01-06 18:00:00,487.23,USD_PER_MT,2,v1.0,VALID,SYNTHETIC,hash_bnk_003682,True
3683,BUNKER_MGO_SINGAPORE,2026-01-06 00:00:00,2026-01-06 18:00:00,855.0,USD_PER_MT,2,v1.0,VALID,SYNTHETIC,hash_bnk_003683,True
3684,BUNKER_VLSFO_ROTTERDAM,2026-01-06 00:00:00,2026-01-06 18:00:00,621.63,USD_PER_MT,2,v1.0,VALID,SYNTHETIC,hash_bnk_003684,True
3685,BUNKER_VLSFO_PARADIP,2026-01-06 00:00:00,2026-01-06 18:00:00,693.39,USD_PER_MT,2,v1.0,VALID,SYNTHETIC,hash_bnk_003685,True
3686,BUNKER_VLSFO_SINGAPORE,2026-01-07 00:00:00,2026-01-07 18:00:00,655.92,USD_PER_MT,2,v1.0,VALID,SYNTHETIC,hash_bnk_003686,True
3687,BUNKER_IFO380_SINGAPORE,2026-01-07 00:00:00,2026-01-07 18:00:00,484.0,USD_PER_MT,2,v1.0,VALID,SYNTHETIC,hash_bnk_003687,True
3688,BUNKER_MGO_SINGAPORE,2026-01-07 00:00:00,2026-01-07 18:00:00,857.39,USD_PER_MT,2,v1.0,VALID,SYNTHETIC,hash_bnk_003688,True
3689,BUNKER_VLSFO_ROTTERDAM,2026-01-07 00:00:00,2026-01-07 18:00:00,624.1,USD_PER_MT,2,v1.0,VALID,SYNTHETIC,hash_bnk_003689,True
3690,BUNKER_VLSFO_PARADIP,2026-01-07 00:00:00,2026-01-07 18:00:00,692.66,USD_PER_MT,2,v1.0,VALID,SYNTHETIC,hash_bnk_003690,True
3691,BUNKER_VLSFO_SINGAPORE,2026-01-08 00:00:00,2026-01-08 18:00:00,655.1,USD_PER_MT,2,v1.0,VALID,SYNTHETIC,hash_bnk_003691,True
3692,BUNKER_IFO380_SINGAPORE,2026-01-08 00:00:00,2026-01-08 18:00:00,486.9,USD_PER_MT,2,v1.0,VALID,SYNTHETIC,hash_bnk_003692,True
3693,BUNKER_MGO_SINGAPORE,2026-01-08 00:00:00,2026-01-08 18:00:00,864.39,USD_PER_MT,2,v1.0,VALID,SYNTHETIC,hash_bnk_003693,True
3694,BUNKER_VLSFO_ROTTERDAM,2026-01-08 00:00:00,2026-01-08 18:00:00,628.95,USD_PER_MT,2,v1.0,VALID,SYNTHETIC,hash_bnk_003694,True
3695,BUNKER_VLSFO_PARADIP,2026-01-08 00:00:00,2026-01-08 18:00:00,693.27,USD_PER_MT,2,v1.0,VALID,SYNTHETIC,hash_bnk_003695,True
3696,BUNKER_VLSFO_SINGAPORE,2026-01-09 00:00:00,2026-01-09 18:00:00,659.88,USD_PER_MT,2,v1.0,VALID,SYNTHETIC,hash_bnk_003696,True
3697,BUNKER_IFO380_SINGAPORE,2026-01-09 00:00:00,2026-01-09 18:00:00,483.37,USD_PER_MT,2,v1.0,VALID,SYNTHETIC,hash_bnk_003697,True
3698,BUNKER_MGO_SINGAPORE,2026-01-09 00:00:00,2026-01-09 18:00:00,862.5,USD_PER_MT,2,v1.0,VALID,SYNTHETIC,hash_bnk_003698,True
3699,BUNKER_VLSFO_ROTTERDAM,2026-01-09 00:00:00,2026-01-09 18:00:00,624.69,USD_PER_MT,2,v1.0,VALID,SYNTHETIC,hash_bnk_003699,True
3700,BUNKER_VLSFO_PARADIP,2026-01-09 00:00:00,2026-01-09 18:00:00,690.95,USD_PER_MT,2,v1.0,VALID,SYNTHETIC,hash_bnk_003700,True
3701,BUNKER_VLSFO_SINGAPORE,2026-01-10 00:00:00,2026-01-10 18:00:00,657.15,USD_PER_MT,2,v1.0,VALID,SYNTHETIC,hash_bnk_003701,True
3702,BUNKER_IFO380_SINGAPORE,2026-01-10 00:00:00,2026-01-10 18:00:00,488.18,USD_PER_MT,2,v1.0,VALID,SYNTHETIC,hash_bnk_003702,True
3703,BUNKER_MGO_SINGAPORE,2026-01-10 00:00:00,2026-01-10 18:00:00,866.65,USD_PER_MT,2,v1.0,VALID,SYNTHETIC,hash_bnk_003703,True
3704,BUNKER_VLSFO_ROTTERDAM,2026-01-10 00:00:00,2026-01-10 18:00:00,624.52,USD_PER_MT,2,v1.0,VALID,SYNTHETIC,hash_bnk_003704,True
3705,BUNKER_VLSFO_PARADIP,2026-01-10 00:00:00,2026-01-10 18:00:00,697.77,USD_PER_MT,2,v1.0,VALID,SYNTHETIC,hash_bnk_003705,True
3706,BUNKER_VLSFO_SINGAPORE,2026-01-11 00:00:00,2026-01-11 18:00:00,660.13,USD_PER_MT,2,v1.0,VALID,SYNTHETIC,hash_bnk_003706,True
3707,BUNKER_IFO380_SINGAPORE,2026-01-11 00:00:00,2026-01-11 18:00:00,485.22,USD_PER_MT,2,v1.0,VALID,SYNTHETIC,hash_bnk_003707,True
3708,BUNKER_MGO_SINGAPORE,2026-01-11 00:00:00,2026-01-11 18:00:00,853.86,USD_PER_MT,2,v1.0,VALID,SYNTHETIC,hash_bnk_003708,True
3709,BUNKER_VLSFO_ROTTERDAM,2026-01-11 00:00:00,2026-01-11 18:00:00,629.56,USD_PER_MT,2,v1.0,VALID,SYNTHETIC,hash_bnk_003709,True
3710,BUNKER_VLSFO_PARADIP,2026-01-11 00:00:00,2026-01-11 18:00:00,698.33,USD_PER_MT,2,v1.0,VALID,SYNTHETIC,hash_bnk_003710,True
3711,BUNKER_VLSFO_SINGAPORE,2026-01-12 00:00:00,2026-01-12 18:00:00,661.2,USD_PER_MT,2,v1.0,VALID,SYNTHETIC,hash_bnk_003711,True
3712,BUNKER_IFO380_SINGAPORE,2026-01-12 00:00:00,2026-01-12 18:00:00,487.39,USD_PER_MT,2,v1.0,VALID,SYNTHETIC,hash_bnk_003712,True
3713,BUNKER_MGO_SINGAPORE,2026-01-12 00:00:00,2026-01-12 18:00:00,866.87,USD_PER_MT,2,v1.0,VALID,SYNTHETIC,hash_bnk_003713,True
3714,BUNKER_VLSFO_ROTTERDAM,2026-01-12 00:00:00,2026-01-12 18:00:00,626.88,USD_PER_MT,2,v1.0,VALID,SYNTHETIC,hash_bnk_003714,True
3715,BUNKER_VLSFO_PARADIP,2026-01-12 00:00:00,2026-01-12 18:00:00,703.32,USD_PER_MT,2,v1.0,VALID,SYNTHETIC,hash_bnk_003715,True
3716,BUNKER_VLSFO_SINGAPORE,2026-01-13 00:00:00,2026-01-13 18:00:00,661.05,USD_PER_MT,2,v1.0,VALID,SYNTHETIC,hash_bnk_003716,True
3717,BUNKER_IFO380_SINGAPORE,2026-01-13 00:00:00,2026-01-13 18:00:00,487.34,USD_PER_MT,2,v1.0,VALID,SYNTHETIC,hash_bnk_003717,True
3718,BUNKER_MGO_SINGAPORE,2026-01-13 00:00:00,2026-01-13 18:00:00,864.66,USD_PER_MT,2,v1.0,VALID,SYNTHETIC,hash_bnk_003718,True
3719,BUNKER_VLSFO_ROTTERDAM,2026-01-13 00:00:00,2026-01-13 18:00:00,622.67,USD_PER_MT,2,v1.0,VALID,SYNTHETIC,hash_bnk_003719,True
3720,BUNKER_VLSFO_PARADIP,2026-01-13 00:00:00,2026-01-13 18:00:00,703.74,USD_PER_MT,2,v1.0,VALID,SYNTHETIC,hash_bnk_003720,True
3721,BUNKER_VLSFO_SINGAPORE,2026-01-14 00:00:00,2026-01-14 18:00:00,664.87,USD_PER_MT,2,v1.0,VALID,SYNTHETIC,hash_bnk_003721,True
3722,BUNKER_IFO380_SINGAPORE,2026-01-14 00:00:00,2026-01-14 18:00:00,490.77,USD_PER_MT,2,v1.0,VALID,SYNTHETIC,hash_bnk_003722,True
3723,BUNKER_MGO_SINGAPORE,2026-01-14 00:00:00,2026-01-14 18:00:00,872.53,USD_PER_MT,2,v1.0,VALID,SYNTHETIC,hash_bnk_003723,True
3724,BUNKER_VLSFO_ROTTERDAM,2026-01-14 00:00:00,2026-01-14 18:00:00,630.55,USD_PER_MT,2,v1.0,VALID,SYNTHETIC,hash_bnk_003724,True
3725,BUNKER_VLSFO_PARADIP,2026-01-14 00:00:00,2026-01-14 18:00:00,702.63,USD_PER_MT,2,v1.0,VALID,SYNTHETIC,hash_bnk_003725,True
3726,BUNKER_VLSFO_SINGAPORE,2026-01-15 00:00:00,2026-01-15 18:00:00,670.45,USD_PER_MT,2,v1.0,VALID,SYNTHETIC,hash_bnk_003726,True
3727,BUNKER_IFO380_SINGAPORE,2026-01-15 00:00:00,2026-01-15 18:00:00,493.57,USD_PER_MT,2,v1.0,VALID,SYNTHETIC,hash_bnk_003727,True
3728,BUNKER_MGO_SINGAPORE,2026-01-15 00:00:00,2026-01-15 18:00:00,866.59,USD_PER_MT,2,v1.0,VALID,SYNTHETIC,hash_bnk_003728,True
3729,BUNKER_VLSFO_ROTTERDAM,2026-01-15 00:00:00,2026-01-15 18:00:00,629.01,USD_PER_MT,2,v1.0,VALID,SYNTHETIC,hash_bnk_003729,True
3730,BUNKER_VLSFO_PARADIP,2026-01-15 00:00:00,2026-01-15 18:00:00,696.09,USD_PER_MT,2,v1.0,VALID,SYNTHETIC,hash_bnk_003730,True
3731,BUNKER_VLSFO_SINGAPORE,2026-01-16 00:00:00,2026-01-16 18:00:00,667.48,USD_PER_MT,2,v1.0,VALID,SYNTHETIC,hash_bnk_003731,True
3732,BUNKER_IFO380_SINGAPORE,2026-01-16 00:00:00,2026-01-16 18:00:00,496.05,USD_PER_MT,2,v1.0,VALID,SYNTHETIC,hash_bnk_003732,True
3733,BUNKER_MGO_SINGAPORE,2026-01-16 00:00:00,2026-01-16 18:00:00,866.94,USD_PER_MT,2,v1.0,VALID,SYNTHETIC,hash_bnk_003733,True
3734,BUNKER_VLSFO_ROTTERDAM,2026-01-16 00:00:00,2026-01-16 18:00:00,629.73,USD_PER_MT,2,v1.0,VALID,SYNTHETIC,hash_bnk_003734,True
3735,BUNKER_VLSFO_PARADIP,2026-01-16 00:00:00,2026-01-16 18:00:00,703.18,USD_PER_MT,2,v1.0,VALID,SYNTHETIC,hash_bnk_003735,True
3736,BUNKER_VLSFO_SINGAPORE,2026-01-17 00:00:00,2026-01-17 18:00:00,666.9,USD_PER_MT,2,v1.0,VALID,SYNTHETIC,hash_bnk_003736,True
3737,BUNKER_IFO380_SINGAPORE,2026-01-17 00:00:00,2026-01-17 18:00:00,496.43,USD_PER_MT,2,v1.0,VALID,SYNTHETIC,hash_bnk_003737,True
3738,BUNKER_MGO_SINGAPORE,2026-01-17 00:00:00,2026-01-17 18:00:00,863.71,USD_PER_MT,2,v1.0,VALID,SYNTHETIC,hash_bnk_003738,True
3739,BUNKER_VLSFO_ROTTERDAM,2026-01-17 00:00:00,2026-01-17 18:00:00,626.7,USD_PER_MT,2,v1.0,VALID,SYNTHETIC,hash_bnk_003739,True
3740,BUNKER_VLSFO_PARADIP,2026-01-17 00:00:00,2026-01-17 18:00:00,702.96,USD_PER_MT,2,v1.0,VALID,SYNTHETIC,hash_bnk_003740,True
3741,BUNKER_VLSFO_SINGAPORE,2026-01-18 00:00:00,2026-01-18 18:00:00,666.58,USD_PER_MT,2,v1.0,VALID,SYNTHETIC,hash_bnk_003741,True
3742,BUNKER_IFO380_SINGAPORE,2026-01-18 00:00:00,2026-01-18 18:00:00,490.13,USD_PER_MT,2,v1.0,VALID,SYNTHETIC,hash_bnk_003742,True
3743,BUNKER_MGO_SINGAPORE,2026-01-18 00:00:00,2026-01-18 18:00:00,872.46,USD_PER_MT,2,v1.0,VALID,SYNTHETIC,hash_bnk_003743,True
3744,BUNKER_VLSFO_ROTTERDAM,2026-01-18 00:00:00,2026-01-18 18:00:00,633.08,USD_PER_MT,2,v1.0,VALID,SYNTHETIC,hash_bnk_003744,True
3745,BUNKER_VLSFO_PARADIP,2026-01-18 00:00:00,2026-01-18 18:00:00,707.73,USD_PER_MT,2,v1.0,VALID,SYNTHETIC,hash_bnk_003745,True
3746,BUNKER_VLSFO_SINGAPORE,2026-01-19 00:00:00,2026-01-19 18:00:00,665.16,USD_PER_MT,2,v1.0,VALID,SYNTHETIC,hash_bnk_003746,True
3747,BUNKER_IFO380_SINGAPORE,2026-01-19 00:00:00,2026-01-19 18:00:00,495.34,USD_PER_MT,2,v1.0,VALID,SYNTHETIC,hash_bnk_003747,True
3748,BUNKER_MGO_SINGAPORE,2026-01-19 00:00:00,2026-01-19 18:00:00,869.85,USD_PER_MT,2,v1.0,VALID,SYNTHETIC,hash_bnk_003748,True
3749,BUNKER_VLSFO_ROTTERDAM,2026-01-19 00:00:00,2026-01-19 18:00:00,636.4,USD_PER_MT,2,v1.0,VALID,SYNTHETIC,hash_bnk_003749,True
3750,BUNKER_VLSFO_PARADIP,2026-01-19 00:00:00,2026-01-19 18:00:00,701.85,USD_PER_MT,2,v1.0,VALID,SYNTHETIC,hash_bnk_003750,True
3751,BUNKER_VLSFO_SINGAPORE,2026-01-20 00:00:00,2026-01-20 18:00:00,664.99,USD_PER_MT,2,v1.0,VALID,SYNTHETIC,hash_bnk_003751,True
3752,BUNKER_IFO380_SINGAPORE,2026-01-20 00:00:00,2026-01-20 18:00:00,489.94,USD_PER_MT,2,v1.0,VALID,SYNTHETIC,hash_bnk_003752,True
3753,BUNKER_MGO_SINGAPORE,2026-01-20 00:00:00,2026-01-20 18:00:00,869.1,USD_PER_MT,2,v1.0,VALID,SYNTHETIC,hash_bnk_003753,True
3754,BUNKER_VLSFO_ROTTERDAM,2026-01-20 00:00:00,2026-01-20 18:00:00,640.2,USD_PER_MT,2,v1.0,VALID,SYNTHETIC,hash_bnk_003754,True
3755,BUNKER_VLSFO_PARADIP,2026-01-20 00:00:00,2026-01-20 18:00:00,705.94,USD_PER_MT,2,v1.0,VALID,SYNTHETIC,hash_bnk_003755,True
3756,BUNKER_VLSFO_SINGAPORE,2026-01-21 00:00:00,2026-01-21 18:00:00,666.07,USD_PER_MT,2,v1.0,VALID,SYNTHETIC,hash_bnk_003756,True
3757,BUNKER_IFO380_SINGAPORE,2026-01-21 00:00:00,2026-01-21 18:00:00,484.89,USD_PER_MT,2,v1.0,VALID,SYNTHETIC,hash_bnk_003757,True
3758,BUNKER_MGO_SINGAPORE,2026-01-21 00:00:00,2026-01-21 18:00:00,872.77,USD_PER_MT,2,v1.0,VALID,SYNTHETIC,hash_bnk_003758,True
3759,BUNKER_VLSFO_ROTTERDAM,2026-01-21 00:00:00,2026-01-21 18:00:00,636.66,USD_PER_MT,2,v1.0,VALID,SYNTHETIC,hash_bnk_003759,True
3760,BUNKER_VLSFO_PARADIP,2026-01-21 00:00:00,2026-01-21 18:00:00,705.01,USD_PER_MT,2,v1.0,VALID,SYNTHETIC,hash_bnk_003760,True
3761,BUNKER_VLSFO_SINGAPORE,2026-01-22 00:00:00,2026-01-22 18:00:00,664.94,USD_PER_MT,2,v1.0,VALID,SYNTHETIC,hash_bnk_003761,True
3762,BUNKER_IFO380_SINGAPORE,2026-01-22 00:00:00,2026-01-22 18:00:00,494.59,USD_PER_MT,2,v1.0,VALID,SYNTHETIC,hash_bnk_003762,True
3763,BUNKER_MGO_SINGAPORE,2026-01-22 00:00:00,2026-01-22 18:00:00,868.67,USD_PER_MT,2,v1.0,VALID,SYNTHETIC,hash_bnk_003763,True
3764,BUNKER_VLSFO_ROTTERDAM,2026-01-22 00:00:00,2026-01-22 18:00:00,641.97,USD_PER_MT,2,v1.0,VALID,SYNTHETIC,hash_bnk_003764,True
3765,BUNKER_VLSFO_PARADIP,2026-01-22 00:00:00,2026-01-22 18:00:00,703.54,USD_PER_MT,2,v1.0,VALID,SYNTHETIC,hash_bnk_003765,True
3766,BUNKER_VLSFO_SINGAPORE,2026-01-23 00:00:00,2026-01-23 18:00:00,675.24,USD_PER_MT,2,v1.0,VALID,SYNTHETIC,hash_bnk_003766,True
3767,BUNKER_IFO380_SINGAPORE,2026-01-23 00:00:00,2026-01-23 18:00:00,493.6,USD_PER_MT,2,v1.0,VALID,SYNTHETIC,hash_bnk_003767,True
3768,BUNKER_MGO_SINGAPORE,2026-01-23 00:00:00,2026-01-23 18:00:00,873.66,USD_PER_MT,2,v1.0,VALID,SYNTHETIC,hash_bnk_003768,True
3769,BUNKER_VLSFO_ROTTERDAM,2026-01-23 00:00:00,2026-01-23 18:00:00,634.85,USD_PER_MT,2,v1.0,VALID,SYNTHETIC,hash_bnk_003769,True
3770,BUNKER_VLSFO_PARADIP,2026-01-23 00:00:00,2026-01-23 18:00:00,707.82,USD_PER_MT,2,v1.0,VALID,SYNTHETIC,hash_bnk_003770,True
3771,BUNKER_VLSFO_SINGAPORE,2026-01-24 00:00:00,2026-01-24 18:00:00,667.54,USD_PER_MT,2,v1.0,VALID,SYNTHETIC,hash_bnk_003771,True
3772,BUNKER_IFO380_SINGAPORE,2026-01-24 00:00:00,2026-01-24 18:00:00,496.97,USD_PER_MT,2,v1.0,VALID,SYNTHETIC,hash_bnk_003772,True
3773,BUNKER_MGO_SINGAPORE,2026-01-24 00:00:00,2026-01-24 18:00:00,870.41,USD_PER_MT,2,v1.0,VALID,SYNTHETIC,hash_bnk_003773,True
3774,BUNKER_VLSFO_ROTTERDAM,2026-01-24 00:00:00,2026-01-24 18:00:00,631.41,USD_PER_MT,2,v1.0,VALID,SYNTHETIC,hash_bnk_003774,True
3775,BUNKER_VLSFO_PARADIP,2026-01-24 00:00:00,2026-01-24 18:00:00,712.22,USD_PER_MT,2,v1.0,VALID,SYNTHETIC,hash_bnk_003775,True
3776,BUNKER_VLSFO_SINGAPORE,2026-01-25 00:00:00,2026-01-25 18:00:00,665.74,USD_PER_MT,2,v1.0,VALID,SYNTHETIC,hash_bnk_003776,True
3777,BUNKER_IFO380_SINGAPORE,2026-01-25 00:00:00,2026-01-25 18:00:00,501.12,USD_PER_MT,2,v1.0,VALID,SYNTHETIC,hash_bnk_003777,True
3778,BUNKER_MGO_SINGAPORE,2026-01-25 00:00:00,2026-01-25 18:00:00,871.38,USD_PER_MT,2,v1.0,VALID,SYNTHETIC,hash_bnk_003778,True
3779,BUNKER_VLSFO_ROTTERDAM,2026-01-25 00:00:00,2026-01-25 18:00:00,641.14,USD_PER_MT,2,v1.0,VALID,SYNTHETIC,hash_bnk_003779,True
3780,BUNKER_VLSFO_PARADIP,2026-01-25 00:00:00,2026-01-25 18:00:00,709.82,USD_PER_MT,2,v1.0,VALID,SYNTHETIC,hash_bnk_003780,True
3781,BUNKER_VLSFO_SINGAPORE,2026-01-26 00:00:00,2026-01-26 18:00:00,668.33,USD_PER_MT,2,v1.0,VALID,SYNTHETIC,hash_bnk_003781,True
3782,BUNKER_IFO380_SINGAPORE,2026-01-26 00:00:00,2026-01-26 18:00:00,499.57,USD_PER_MT,2,v1.0,VALID,SYNTHETIC,hash_bnk_003782,True
3783,BUNKER_MGO_SINGAPORE,2026-01-26 00:00:00,2026-01-26 18:00:00,871.79,USD_PER_MT,2,v1.0,VALID,SYNTHETIC,hash_bnk_003783,True
3784,BUNKER_VLSFO_ROTTERDAM,2026-01-26 00:00:00,2026-01-26 18:00:00,636.62,USD_PER_MT,2,v1.0,VALID,SYNTHETIC,hash_bnk_003784,True
3785,BUNKER_VLSFO_PARADIP,2026-01-26 00:00:00,2026-01-26 18:00:00,698.19,USD_PER_MT,2,v1.0,VALID,SYNTHETIC,hash_bnk_003785,True
3786,BUNKER_VLSFO_SINGAPORE,2026-01-27 00:00:00,2026-01-27 18:00:00,671.81,USD_PER_MT,2,v1.0,VALID,SYNTHETIC,hash_bnk_003786,True
3787,BUNKER_IFO380_SINGAPORE,2026-01-27 00:00:00,2026-01-27 18:00:00,498.38,USD_PER_MT,2,v1.0,VALID,SYNTHETIC,hash_bnk_003787,True
3788,BUNKER_MGO_SINGAPORE,2026-01-27 00:00:00,2026-01-27 18:00:00,878.22,USD_PER_MT,2,v1.0,VALID,SYNTHETIC,hash_bnk_003788,True
3789,BUNKER_VLSFO_ROTTERDAM,2026-01-27 00:00:00,2026-01-27 18:00:00,633.21,USD_PER_MT,2,v1.0,VALID,SYNTHETIC,hash_bnk_003789,True
3790,BUNKER_VLSFO_PARADIP,2026-01-27 00:00:00,2026-01-27 18:00:00,717.61,USD_PER_MT,2,v1.0,VALID,SYNTHETIC,hash_bnk_003790,True
3791,BUNKER_VLSFO_SINGAPORE,2026-01-28 00:00:00,2026-01-28 18:00:00,670.68,USD_PER_MT,2,v1.0,VALID,SYNTHETIC,hash_bnk_003791,True
3792,BUNKER_IFO380_SINGAPORE,2026-01-28 00:00:00,2026-01-28 18:00:00,495.71,USD_PER_MT,2,v1.0,VALID,SYNTHETIC,hash_bnk_003792,True
3793,BUNKER_MGO_SINGAPORE,2026-01-28 00:00:00,2026-01-28 18:00:00,873.39,USD_PER_MT,2,v1.0,VALID,SYNTHETIC,hash_bnk_003793,True
3794,BUNKER_VLSFO_ROTTERDAM,2026-01-28 00:00:00,2026-01-28 18:00:00,629.36,USD_PER_MT,2,v1.0,VALID,SYNTHETIC,hash_bnk_003794,True
3795,BUNKER_VLSFO_PARADIP,2026-01-28 00:00:00,2026-01-28 18:00:00,712.54,USD_PER_MT,2,v1.0,VALID,SYNTHETIC,hash_bnk_003795,True
3796,BUNKER_VLSFO_SINGAPORE,2026-01-29 00:00:00,2026-01-29 18:00:00,665.64,USD_PER_MT,2,v1.0,VALID,SYNTHETIC,hash_bnk_003796,True
3797,BUNKER_IFO380_SINGAPORE,2026-01-29 00:00:00,2026-01-29 18:00:00,489.97,USD_PER_MT,2,v1.0,VALID,SYNTHETIC,hash_bnk_003797,True
3798,BUNKER_MGO_SINGAPORE,2026-01-29 00:00:00,2026-01-29 18:00:00,879.99,USD_PER_MT,2,v1.0,VALID,SYNTHETIC,hash_bnk_003798,True
3799,BUNKER_VLSFO_ROTTERDAM,2026-01-29 00:00:00,2026-01-29 18:00:00,633.92,USD_PER_MT,2,v1.0,VALID,SYNTHETIC,hash_bnk_003799,True
3800,BUNKER_VLSFO_PARADIP,2026-01-29 00:00:00,2026-01-29 18:00:00,705.23,USD_PER_MT,2,v1.0,VALID,SYNTHETIC,hash_bnk_003800,True
3801,BUNKER_VLSFO_SINGAPORE,2026-01-30 00:00:00,2026-01-30 18:00:00,670.2,USD_PER_MT,2,v1.0,VALID,SYNTHETIC,hash_bnk_003801,True
3802,BUNKER_IFO380_SINGAPORE,2026-01-30 00:00:00,2026-01-30 18:00:00,498.8,USD_PER_MT,2,v1.0,VALID,SYNTHETIC,hash_bnk_003802,True
3803,BUNKER_MGO_SINGAPORE,2026-01-30 00:00:00,2026-01-30 18:00:00,880.19,USD_PER_MT,2,v1.0,VALID,SYNTHETIC,hash_bnk_003803,True
3804,BUNKER_VLSFO_ROTTERDAM,2026-01-30 00:00:00,2026-01-30 18:00:00,639.09,USD_PER_MT,2,v1.0,VALID,SYNTHETIC,hash_bnk_003804,True
3805,BUNKER_VLSFO_PARADIP,2026-01-30 00:00:00,2026-01-30 18:00:00,709.61,USD_PER_MT,2,v1.0,VALID,SYNTHETIC,hash_bnk_003805,True
3806,BUNKER_VLSFO_SINGAPORE,2026-01-31 00:00:00,2026-01-31 18:00:00,673.29,USD_PER_MT,2,v1.0,VALID,SYNTHETIC,hash_bnk_003806,True
3807,BUNKER_IFO380_SINGAPORE,2026-01-31 00:00:00,2026-01-31 18:00:00,504.13,USD_PER_MT,2,v1.0,VALID,SYNTHETIC,hash_bnk_003807,True
3808,BUNKER_MGO_SINGAPORE,2026-01-31 00:00:00,2026-01-31 18:00:00,876.96,USD_PER_MT,2,v1.0,VALID,SYNTHETIC,hash_bnk_003808,True
3809,BUNKER_VLSFO_ROTTERDAM,2026-01-31 00:00:00,2026-01-31 18:00:00,640.59,USD_PER_MT,2,v1.0,VALID,SYNTHETIC,hash_bnk_003809,True
3810,BUNKER_VLSFO_PARADIP,2026-01-31 00:00:00,2026-01-31 18:00:00,705.05,USD_PER_MT,2,v1.0,VALID,SYNTHETIC,hash_bnk_003810,True
3811,BUNKER_VLSFO_SINGAPORE,2026-02-01 00:00:00,2026-02-01 18:00:00,676.64,USD_PER_MT,2,v1.0,VALID,SYNTHETIC,hash_bnk_003811,True
3812,BUNKER_IFO380_SINGAPORE,2026-02-01 00:00:00,2026-02-01 18:00:00,498.3,USD_PER_MT,2,v1.0,VALID,SYNTHETIC,hash_bnk_003812,True
3813,BUNKER_MGO_SINGAPORE,2026-02-01 00:00:00,2026-02-01 18:00:00,886.28,USD_PER_MT,2,v1.0,VALID,SYNTHETIC,hash_bnk_003813,True
3814,BUNKER_VLSFO_ROTTERDAM,2026-02-01 00:00:00,2026-02-01 18:00:00,646.64,USD_PER_MT,2,v1.0,VALID,SYNTHETIC,hash_bnk_003814,True
3815,BUNKER_VLSFO_PARADIP,2026-02-01 00:00:00,2026-02-01 18:00:00,718.15,USD_PER_MT,2,v1.0,VALID,SYNTHETIC,hash_bnk_003815,True
3816,BUNKER_VLSFO_SINGAPORE,2026-02-02 00:00:00,2026-02-02 18:00:00,675.75,USD_PER_MT,2,v1.0,VALID,SYNTHETIC,hash_bnk_003816,True
3817,BUNKER_IFO380_SINGAPORE,2026-02-02 00:00:00,2026-02-02 18:00:00,505.44,USD_PER_MT,2,v1.0,VALID,SYNTHETIC,hash_bnk_003817,True
3818,BUNKER_MGO_SINGAPORE,2026-02-02 00:00:00,2026-02-02 18:00:00,874.42,USD_PER_MT,2,v1.0,VALID,SYNTHETIC,hash_bnk_003818,True
3819,BUNKER_VLSFO_ROTTERDAM,2026-02-02 00:00:00,2026-02-02 18:00:00,635.89,USD_PER_MT,2,v1.0,VALID,SYNTHETIC,hash_bnk_003819,True
3820,BUNKER_VLSFO_PARADIP,2026-02-02 00:00:00,2026-02-02 18:00:00,716.07,USD_PER_MT,2,v1.0,VALID,SYNTHETIC,hash_bnk_003820,True
3821,BUNKER_VLSFO_SINGAPORE,2026-02-03 00:00:00,2026-02-03 18:00:00,677.8,USD_PER_MT,2,v1.0,VALID,SYNTHETIC,hash_bnk_003821,True
3822,BUNKER_IFO380_SINGAPORE,2026-02-03 00:00:00,2026-02-03 18:00:00,498.91,USD_PER_MT,2,v1.0,VALID,SYNTHETIC,hash_bnk_003822,True
3823,BUNKER_MGO_SINGAPORE,2026-02-03 00:00:00,2026-02-03 18:00:00,886.1,USD_PER_MT,2,v1.0,VALID,SYNTHETIC,hash_bnk_003823,True
3824,BUNKER_VLSFO_ROTTERDAM,2026-02-03 00:00:00,2026-02-03 18:00:00,634.67,USD_PER_MT,2,v1.0,VALID,SYNTHETIC,hash_bnk_003824,True
3825,BUNKER_VLSFO_PARADIP,2026-02-03 00:00:00,2026-02-03 18:00:00,709.77,USD_PER_MT,2,v1.0,VALID,SYNTHETIC,hash_bnk_003825,True
3826,BUNKER_VLSFO_SINGAPORE,2026-02-04 00:00:00,2026-02-04 18:00:00,674.32,USD_PER_MT,2,v1.0,VALID,SYNTHETIC,hash_bnk_003826,True
3827,BUNKER_IFO380_SINGAPORE,2026-02-04 00:00:00,2026-02-04 18:00:00,509.13,USD_PER_MT,2,v1.0,VALID,SYNTHETIC,hash_bnk_003827,True
3828,BUNKER_MGO_SINGAPORE,2026-02-04 00:00:00,2026-02-04 18:00:00,878.26,USD_PER_MT,2,v1.0,VALID,SYNTHETIC,hash_bnk_003828,True
3829,BUNKER_VLSFO_ROTTERDAM,2026-02-04 00:00:00,2026-02-04 18:00:00,643.17,USD_PER_MT,2,v1.0,VALID,SYNTHETIC,hash_bnk_003829,True
3830,BUNKER_VLSFO_PARADIP,2026-02-04 00:00:00,2026-02-04 18:00:00,711.36,USD_PER_MT,2,v1.0,VALID,SYNTHETIC,hash_bnk_003830,True
3831,BUNKER_VLSFO_SINGAPORE,2026-02-05 00:00:00,2026-02-05 18:00:00,673.2,USD_PER_MT,2,v1.0,VALID,SYNTHETIC,hash_bnk_003831,True
3832,BUNKER_IFO380_SINGAPORE,2026-02-05 00:00:00,2026-02-05 18:00:00,506.85,USD_PER_MT,2,v1.0,VALID,SYNTHETIC,hash_bnk_003832,True
3833,BUNKER_MGO_SINGAPORE,2026-02-05 00:00:00,2026-02-05 18:00:00,888.98,USD_PER_MT,2,v1.0,VALID,SYNTHETIC,hash_bnk_003833,True
3834,BUNKER_VLSFO_ROTTERDAM,2026-02-05 00:00:00,2026-02-05 18:00:00,647.71,USD_PER_MT,2,v1.0,VALID,SYNTHETIC,hash_bnk_003834,True
3835,BUNKER_VLSFO_PARADIP,2026-02-05 00:00:00,2026-02-05 18:00:00,715.86,USD_PER_MT,2,v1.0,VALID,SYNTHETIC,hash_bnk_003835,True
3836,BUNKER_VLSFO_SINGAPORE,2026-02-06 00:00:00,2026-02-06 18:00:00,673.11,USD_PER_MT,2,v1.0,VALID,SYNTHETIC,hash_bnk_003836,True
3837,BUNKER_IFO380_SINGAPORE,2026-02-06 00:00:00,2026-02-06 18:00:00,508.57,USD_PER_MT,2,v1.0,VALID,SYNTHETIC,hash_bnk_003837,True
3838,BUNKER_MGO_SINGAPORE,2026-02-06 00:00:00,2026-02-06 18:00:00,885.7,USD_PER_MT,2,v1.0,VALID,SYNTHETIC,hash_bnk_003838,True
3839,BUNKER_VLSFO_ROTTERDAM,2026-02-06 00:00:00,2026-02-06 18:00:00,643.95,USD_PER_MT,2,v1.0,VALID,SYNTHETIC,hash_bnk_003839,True
3840,BUNKER_VLSFO_PARADIP,2026-02-06 00:00:00,2026-02-06 18:00:00,706.68,USD_PER_MT,2,v1.0,VALID,SYNTHETIC,hash_bnk_003840,True
3841,BUNKER_VLSFO_SINGAPORE,2026-02-07 00:00:00,2026-02-07 18:00:00,673.1,USD_PER_MT,2,v1.0,VALID,SYNTHETIC,hash_bnk_003841,True
3842,BUNKER_IFO380_SINGAPORE,2026-02-07 00:00:00,2026-02-07 18:00:00,500.54,USD_PER_MT,2,v1.0,VALID,SYNTHETIC,hash_bnk_003842,True
3843,BUNKER_MGO_SINGAPORE,2026-02-07 00:00:00,2026-02-07 18:00:00,875.52,USD_PER_MT,2,v1.0,VALID,SYNTHETIC,hash_bnk_003843,True
3844,BUNKER_VLSFO_ROTTERDAM,2026-02-07 00:00:00,2026-02-07 18:00:00,646.29,USD_PER_MT,2,v1.0,VALID,SYNTHETIC,hash_bnk_003844,True
3845,BUNKER_VLSFO_PARADIP,2026-02-07 00:00:00,2026-02-07 18:00:00,706.11,USD_PER_MT,2,v1.0,VALID,SYNTHETIC,hash_bnk_003845,True
3846,BUNKER_VLSFO_SINGAPORE,2026-02-08 00:00:00,2026-02-08 18:00:00,670.92,USD_PER_MT,2,v1.0,VALID,SYNTHETIC,hash_bnk_003846,True
3847,BUNKER_IFO380_SINGAPORE,2026-02-08 00:00:00,2026-02-08 18:00:00,504.25,USD_PER_MT,2,v1.0,VALID,SYNTHETIC,hash_bnk_003847,True
3848,BUNKER_MGO_SINGAPORE,2026-02-08 00:00:00,2026-02-08 18:00:00,891.26,USD_PER_MT,2,v1.0,VALID,SYNTHETIC,hash_bnk_003848,True
3849,BUNKER_VLSFO_ROTTERDAM,2026-02-08 00:00:00,2026-02-08 18:00:00,646.04,USD_PER_MT,2,v1.0,VALID,SYNTHETIC,hash_bnk_003849,True
3850,BUNKER_VLSFO_PARADIP,2026-02-08 00:00:00,2026-02-08 18:00:00,720.18,USD_PER_MT,2,v1.0,VALID,SYNTHETIC,hash_bnk_003850,True
3851,BUNKER_VLSFO_SINGAPORE,2026-02-09 00:00:00,2026-02-09 18:00:00,682.57,USD_PER_MT,2,v1.0,VALID,SYNTHETIC,hash_bnk_003851,True
3852,BUNKER_IFO380_SINGAPORE,2026-02-09 00:00:00,2026-02-09 18:00:00,494.49,USD_PER_MT,2,v1.0,VALID,SYNTHETIC,hash_bnk_003852,True
3853,BUNKER_MGO_SINGAPORE,2026-02-09 00:00:00,2026-02-09 18:00:00,893.4,USD_PER_MT,2,v1.0,VALID,SYNTHETIC,hash_bnk_003853,True
3854,BUNKER_VLSFO_ROTTERDAM,2026-02-09 00:00:00,2026-02-09 18:00:00,649.96,USD_PER_MT,2,v1.0,VALID,SYNTHETIC,hash_bnk_003854,True
3855,BUNKER_VLSFO_PARADIP,2026-02-09 00:00:00,2026-02-09 18:00:00,716.2,USD_PER_MT,2,v1.0,VALID,SYNTHETIC,hash_bnk_003855,True
3856,BUNKER_VLSFO_SINGAPORE,2026-02-10 00:00:00,2026-02-10 18:00:00,677.57,USD_PER_MT,2,v1.0,VALID,SYNTHETIC,hash_bnk_003856,True
3857,BUNKER_IFO380_SINGAPORE,2026-02-10 00:00:00,2026-02-10 18:00:00,499.73,USD_PER_MT,2,v1.0,VALID,SYNTHETIC,hash_bnk_003857,True
3858,BUNKER_MGO_SINGAPORE,2026-02-10 00:00:00,2026-02-10 18:00:00,886.39,USD_PER_MT,2,v1.0,VALID,SYNTHETIC,hash_bnk_003858,True
3859,BUNKER_VLSFO_ROTTERDAM,2026-02-10 00:00:00,2026-02-10 18:00:00,645.03,USD_PER_MT,2,v1.0,VALID,SYNTHETIC,hash_bnk_003859,True
3860,BUNKER_VLSFO_PARADIP,2026-02-10 00:00:00,2026-02-10 18:00:00,714.26,USD_PER_MT,2,v1.0,VALID,SYNTHETIC,hash_bnk_003860,True
3861,BUNKER_VLSFO_SINGAPORE,2026-02-11 00:00:00,2026-02-11 18:00:00,677.63,USD_PER_MT,2,v1.0,VALID,SYNTHETIC,hash_bnk_003861,True
3862,BUNKER_IFO380_SINGAPORE,2026-02-11 00:00:00,2026-02-11 18:00:00,494.47,USD_PER_MT,2,v1.0,VALID,SYNTHETIC,hash_bnk_003862,True
3863,BUNKER_MGO_SINGAPORE,2026-02-11 00:00:00,2026-02-11 18:00:00,889.07,USD_PER_MT,2,v1.0,VALID,SYNTHETIC,hash_bnk_003863,True
3864,BUNKER_VLSFO_ROTTERDAM,2026-02-11 00:00:00,2026-02-11 18:00:00,648.44,USD_PER_MT,2,v1.0,VALID,SYNTHETIC,hash_bnk_003864,True
3865,BUNKER_VLSFO_PARADIP,2026-02-11 00:00:00,2026-02-11 18:00:00,716.66,USD_PER_MT,2,v1.0,VALID,SYNTHETIC,hash_bnk_003865,True
3866,BUNKER_VLSFO_SINGAPORE,2026-02-12 00:00:00,2026-02-12 18:00:00,686.89,USD_PER_MT,2,v1.0,VALID,SYNTHETIC,hash_bnk_003866,True
3867,BUNKER_IFO380_SINGAPORE,2026-02-12 00:00:00,2026-02-12 18:00:00,501.55,USD_PER_MT,2,v1.0,VALID,SYNTHETIC,hash_bnk_003867,True
3868,BUNKER_MGO_SINGAPORE,2026-02-12 00:00:00,2026-02-12 18:00:00,891.97,USD_PER_MT,2,v1.0,VALID,SYNTHETIC,hash_bnk_003868,True
3869,BUNKER_VLSFO_ROTTERDAM,2026-02-12 00:00:00,2026-02-12 18:00:00,651.77,USD_PER_MT,2,v1.0,VALID,SYNTHETIC,hash_bnk_003869,True
3870,BUNKER_VLSFO_PARADIP,2026-02-12 00:00:00,2026-02-12 18:00:00,715.34,USD_PER_MT,2,v1.0,VALID,SYNTHETIC,hash_bnk_003870,True
3871,BUNKER_VLSFO_SINGAPORE,2026-02-13 00:00:00,2026-02-13 18:00:00,679.56,USD_PER_MT,2,v1.0,VALID,SYNTHETIC,hash_bnk_003871,True
3872,BUNKER_IFO380_SINGAPORE,2026-02-13 00:00:00,2026-02-13 18:00:00,505.25,USD_PER_MT,2,v1.0,VALID,SYNTHETIC,hash_bnk_003872,True
3873,BUNKER_MGO_SINGAPORE,2026-02-13 00:00:00,2026-02-13 18:00:00,883.42,USD_PER_MT,2,v1.0,VALID,SYNTHETIC,hash_bnk_003873,True
3874,BUNKER_VLSFO_ROTTERDAM,2026-02-13 00:00:00,2026-02-13 18:00:00,649.31,USD_PER_MT,2,v1.0,VALID,SYNTHETIC,hash_bnk_003874,True
3875,BUNKER_VLSFO_PARADIP,2026-02-13 00:00:00,2026-02-13 18:00:00,730.22,USD_PER_MT,2,v1.0,VALID,SYNTHETIC,hash_bnk_003875,True
3876,BUNKER_VLSFO_SINGAPORE,2026-02-14 00:00:00,2026-02-14 18:00:00,680.05,USD_PER_MT,2,v1.0,VALID,SYNTHETIC,hash_bnk_003876,True
3877,BUNKER_IFO380_SINGAPORE,2026-02-14 00:00:00,2026-02-14 18:00:00,503.93,USD_PER_MT,2,v1.0,VALID,SYNTHETIC,hash_bnk_003877,True
3878,BUNKER_MGO_SINGAPORE,2026-02-14 00:00:00,2026-02-14 18:00:00,880.12,USD_PER_MT,2,v1.0,VALID,SYNTHETIC,hash_bnk_003878,True
3879,BUNKER_VLSFO_ROTTERDAM,2026-02-14 00:00:00,2026-02-14 18:00:00,648.82,USD_PER_MT,2,v1.0,VALID,SYNTHETIC,hash_bnk_003879,True
3880,BUNKER_VLSFO_PARADIP,2026-02-14 00:00:00,2026-02-14 18:00:00,718.62,USD_PER_MT,2,v1.0,VALID,SYNTHETIC,hash_bnk_003880,True
3881,BUNKER_VLSFO_SINGAPORE,2026-02-15 00:00:00,2026-02-15 18:00:00,673.86,USD_PER_MT,2,v1.0,VALID,SYNTHETIC,hash_bnk_003881,True
3882,BUNKER_IFO380_SINGAPORE,2026-02-15 00:00:00,2026-02-15 18:00:00,500.83,USD_PER_MT,2,v1.0,VALID,SYNTHETIC,hash_bnk_003882,True
3883,BUNKER_MGO_SINGAPORE,2026-02-15 00:00:00,2026-02-15 18:00:00,883.71,USD_PER_MT,2,v1.0,VALID,SYNTHETIC,hash_bnk_003883,True
3884,BUNKER_VLSFO_ROTTERDAM,2026-02-15 00:00:00,2026-02-15 18:00:00,646.26,USD_PER_MT,2,v1.0,VALID,SYNTHETIC,hash_bnk_003884,True
3885,BUNKER_VLSFO_PARADIP,2026-02-15 00:00:00,2026-02-15 18:00:00,719.57,USD_PER_MT,2,v1.0,VALID,SYNTHETIC,hash_bnk_003885,True
3886,BUNKER_VLSFO_SINGAPORE,2026-02-16 00:00:00,2026-02-16 18:00:00,687.2,USD_PER_MT,2,v1.0,VALID,SYNTHETIC,hash_bnk_003886,True
3887,BUNKER_IFO380_SINGAPORE,2026-02-16 00:00:00,2026-02-16 18:00:00,509.51,USD_PER_MT,2,v1.0,VALID,SYNTHETIC,hash_bnk_003887,True
3888,BUNKER_MGO_SINGAPORE,2026-02-16 00:00:00,2026-02-16 18:00:00,890.52,USD_PER_MT,2,v1.0,VALID,SYNTHETIC,hash_bnk_003888,True
3889,BUNKER_VLSFO_ROTTERDAM,2026-02-16 00:00:00,2026-02-16 18:00:00,653.92,USD_PER_MT,2,v1.0,VALID,SYNTHETIC,hash_bnk_003889,True
3890,BUNKER_VLSFO_PARADIP,2026-02-16 00:00:00,2026-02-16 18:00:00,721.33,USD_PER_MT,2,v1.0,VALID,SYNTHETIC,hash_bnk_003890,True
3891,BUNKER_VLSFO_SINGAPORE,2026-02-17 00:00:00,2026-02-17 18:00:00,675.64,USD_PER_MT,2,v1.0,VALID,SYNTHETIC,hash_bnk_003891,True
3892,BUNKER_IFO380_SINGAPORE,2026-02-17 00:00:00,2026-02-17 18:00:00,509.86,USD_PER_MT,2,v1.0,VALID,SYNTHETIC,hash_bnk_003892,True
3893,BUNKER_MGO_SINGAPORE,2026-02-17 00:00:00,2026-02-17 18:00:00,900.46,USD_PER_MT,2,v1.0,VALID,SYNTHETIC,hash_bnk_003893,True
3894,BUNKER_VLSFO_ROTTERDAM,2026-02-17 00:00:00,2026-02-17 18:00:00,651.49,USD_PER_MT,2,v1.0,VALID,SYNTHETIC,hash_bnk_003894,True
3895,BUNKER_VLSFO_PARADIP,2026-02-17 00:00:00,2026-02-17 18:00:00,715.53,USD_PER_MT,2,v1.0,VALID,SYNTHETIC,hash_bnk_003895,True
3896,BUNKER_VLSFO_SINGAPORE,2026-02-18 00:00:00,2026-02-18 18:00:00,675.46,USD_PER_MT,2,v1.0,VALID,SYNTHETIC,hash_bnk_003896,True
3897,BUNKER_IFO380_SINGAPORE,2026-02-18 00:00:00,2026-02-18 18:00:00,504.48,USD_PER_MT,2,v1.0,VALID,SYNTHETIC,hash_bnk_003897,True
3898,BUNKER_MGO_SINGAPORE,2026-02-18 00:00:00,2026-02-18 18:00:00,876.68,USD_PER_MT,2,v1.0,VALID,SYNTHETIC,hash_bnk_003898,True
3899,BUNKER_VLSFO_ROTTERDAM,2026-02-18 00:00:00,2026-02-18 18:00:00,647.05,USD_PER_MT,2,v1.0,VALID,SYNTHETIC,hash_bnk_003899,True
3900,BUNKER_VLSFO_PARADIP,2026-02-18 00:00:00,2026-02-18 18:00:00,718.52,USD_PER_MT,2,v1.0,VALID,SYNTHETIC,hash_bnk_003900,True
3901,BUNKER_VLSFO_SINGAPORE,2026-02-19 00:00:00,2026-02-19 18:00:00,677.46,USD_PER_MT,2,v1.0,VALID,SYNTHETIC,hash_bnk_003901,True
3902,BUNKER_IFO380_SINGAPORE,2026-02-19 00:00:00,2026-02-19 18:00:00,506.68,USD_PER_MT,2,v1.0,VALID,SYNTHETIC,hash_bnk_003902,True
3903,BUNKER_MGO_SINGAPORE,2026-02-19 00:00:00,2026-02-19 18:00:00,888.07,USD_PER_MT,2,v1.0,VALID,SYNTHETIC,hash_bnk_003903,True
3904,BUNKER_VLSFO_ROTTERDAM,2026-02-19 00:00:00,2026-02-19 18:00:00,642.34,USD_PER_MT,2,v1.0,VALID,SYNTHETIC,hash_bnk_003904,True
3905,BUNKER_VLSFO_PARADIP,2026-02-19 00:00:00,2026-02-19 18:00:00,726.18,USD_PER_MT,2,v1.0,VALID,SYNTHETIC,hash_bnk_003905,True
3906,BUNKER_VLSFO_SINGAPORE,2026-02-20 00:00:00,2026-02-20 18:00:00,675.09,USD_PER_MT,2,v1.0,VALID,SYNTHETIC,hash_bnk_003906,True
3907,BUNKER_IFO380_SINGAPORE,2026-02-20 00:00:00,2026-02-20 18:00:00,512.62,USD_PER_MT,2,v1.0,VALID,SYNTHETIC,hash_bnk_003907,True
3908,BUNKER_MGO_SINGAPORE,2026-02-20 00:00:00,2026-02-20 18:00:00,887.51,USD_PER_MT,2,v1.0,VALID,SYNTHETIC,hash_bnk_003908,True
3909,BUNKER_VLSFO_ROTTERDAM,2026-02-20 00:00:00,2026-02-20 18:00:00,647.98,USD_PER_MT,2,v1.0,VALID,SYNTHETIC,hash_bnk_003909,True
3910,BUNKER_VLSFO_PARADIP,2026-02-20 00:00:00,2026-02-20 18:00:00,713.24,USD_PER_MT,2,v1.0,VALID,SYNTHETIC,hash_bnk_003910,True
3911,BUNKER_VLSFO_SINGAPORE,2026-02-21 00:00:00,2026-02-21 18:00:00,684.74,USD_PER_MT,2,v1.0,VALID,SYNTHETIC,hash_bnk_003911,True
3912,BUNKER_IFO380_SINGAPORE,2026-02-21 00:00:00,2026-02-21 18:00:00,503.85,USD_PER_MT,2,v1.0,VALID,SYNTHETIC,hash_bnk_003912,True
3913,BUNKER_MGO_SINGAPORE,2026-02-21 00:00:00,2026-02-21 18:00:00,897.75,USD_PER_MT,2,v1.0,VALID,SYNTHETIC,hash_bnk_003913,True
3914,BUNKER_VLSFO_ROTTERDAM,2026-02-21 00:00:00,2026-02-21 18:00:00,646.05,USD_PER_MT,2,v1.0,VALID,SYNTHETIC,hash_bnk_003914,True
3915,BUNKER_VLSFO_PARADIP,2026-02-21 00:00:00,2026-02-21 18:00:00,714.55,USD_PER_MT,2,v1.0,VALID,SYNTHETIC,hash_bnk_003915,True
3916,BUNKER_VLSFO_SINGAPORE,2026-02-22 00:00:00,2026-02-22 18:00:00,684.32,USD_PER_MT,2,v1.0,VALID,SYNTHETIC,hash_bnk_003916,True
3917,BUNKER_IFO380_SINGAPORE,2026-02-22 00:00:00,2026-02-22 18:00:00,500.16,USD_PER_MT,2,v1.0,VALID,SYNTHETIC,hash_bnk_003917,True
3918,BUNKER_MGO_SINGAPORE,2026-02-22 00:00:00,2026-02-22 18:00:00,893.83,USD_PER_MT,2,v1.0,VALID,SYNTHETIC,hash_bnk_003918,True
3919,BUNKER_VLSFO_ROTTERDAM,2026-02-22 00:00:00,2026-02-22 18:00:00,645.11,USD_PER_MT,2,v1.0,VALID,SYNTHETIC,hash_bnk_003919,True
3920,BUNKER_VLSFO_PARADIP,2026-02-22 00:00:00,2026-02-22 18:00:00,719.14,USD_PER_MT,2,v1.0,VALID,SYNTHETIC,hash_bnk_003920,True
3921,BUNKER_VLSFO_SINGAPORE,2026-02-23 00:00:00,2026-02-23 18:00:00,688.83,USD_PER_MT,2,v1.0,VALID,SYNTHETIC,hash_bnk_003921,True
3922,BUNKER_IFO380_SINGAPORE,2026-02-23 00:00:00,2026-02-23 18:00:00,504.24,USD_PER_MT,2,v1.0,VALID,SYNTHETIC,hash_bnk_003922,True
3923,BUNKER_MGO_SINGAPORE,2026-02-23 00:00:00,2026-02-23 18:00:00,882.22,USD_PER_MT,2,v1.0,VALID,SYNTHETIC,hash_bnk_003923,True
3924,BUNKER_VLSFO_ROTTERDAM,2026-02-23 00:00:00,2026-02-23 18:00:00,650.86,USD_PER_MT,2,v1.0,VALID,SYNTHETIC,hash_bnk_003924,True
3925,BUNKER_VLSFO_PARADIP,2026-02-23 00:00:00,2026-02-23 18:00:00,717.88,USD_PER_MT,2,v1.0,VALID,SYNTHETIC,hash_bnk_003925,True
3926,BUNKER_VLSFO_SINGAPORE,2026-02-24 00:00:00,2026-02-24 18:00:00,678.16,USD_PER_MT,2,v1.0,VALID,SYNTHETIC,hash_bnk_003926,True
3927,BUNKER_IFO380_SINGAPORE,2026-02-24 00:00:00,2026-02-24 18:00:00,504.86,USD_PER_MT,2,v1.0,VALID,SYNTHETIC,hash_bnk_003927,True
3928,BUNKER_MGO_SINGAPORE,2026-02-24 00:00:00,2026-02-24 18:00:00,895.96,USD_PER_MT,2,v1.0,VALID,SYNTHETIC,hash_bnk_003928,True
3929,BUNKER_VLSFO_ROTTERDAM,2026-02-24 00:00:00,2026-02-24 18:00:00,651.18,USD_PER_MT,2,v1.0,VALID,SYNTHETIC,hash_bnk_003929,True
3930,BUNKER_VLSFO_PARADIP,2026-02-24 00:00:00,2026-02-24 18:00:00,710.8,USD_PER_MT,2,v1.0,VALID,SYNTHETIC,hash_bnk_003930,True
3931,BUNKER_VLSFO_SINGAPORE,2026-02-25 00:00:00,2026-02-25 18:00:00,683.05,USD_PER_MT,2,v1.0,VALID,SYNTHETIC,hash_bnk_003931,True
3932,BUNKER_IFO380_SINGAPORE,2026-02-25 00:00:00,2026-02-25 18:00:00,504.29,USD_PER_MT,2,v1.0,VALID,SYNTHETIC,hash_bnk_003932,True
3933,BUNKER_MGO_SINGAPORE,2026-02-25 00:00:00,2026-02-25 18:00:00,885.34,USD_PER_MT,2,v1.0,VALID,SYNTHETIC,hash_bnk_003933,True
3934,BUNKER_VLSFO_ROTTERDAM,2026-02-25 00:00:00,2026-02-25 18:00:00,645.7,USD_PER_MT,2,v1.0,VALID,SYNTHETIC,hash_bnk_003934,True
3935,BUNKER_VLSFO_PARADIP,2026-02-25 00:00:00,2026-02-25 18:00:00,714.8,USD_PER_MT,2,v1.0,VALID,SYNTHETIC,hash_bnk_003935,True
3936,BUNKER_VLSFO_SINGAPORE,2026-02-26 00:00:00,2026-02-26 18:00:00,681.72,USD_PER_MT,2,v1.0,VALID,SYNTHETIC,hash_bnk_003936,True
3937,BUNKER_IFO380_SINGAPORE,2026-02-26 00:00:00,2026-02-26 18:00:00,506.32,USD_PER_MT,2,v1.0,VALID,SYNTHETIC,hash_bnk_003937,True
3938,BUNKER_MGO_SINGAPORE,2026-02-26 00:00:00,2026-02-26 18:00:00,885.17,USD_PER_MT,2,v1.0,VALID,SYNTHETIC,hash_bnk_003938,True
3939,BUNKER_VLSFO_ROTTERDAM,2026-02-26 00:00:00,2026-02-26 18:00:00,645.68,USD_PER_MT,2,v1.0,VALID,SYNTHETIC,hash_bnk_003939,True
3940,BUNKER_VLSFO_PARADIP,2026-02-26 00:00:00,2026-02-26 18:00:00,721.7,USD_PER_MT,2,v1.0,VALID,SYNTHETIC,hash_bnk_003940,True
3941,BUNKER_VLSFO_SINGAPORE,2026-02-27 00:00:00,2026-02-27 18:00:00,679.48,USD_PER_MT,2,v1.0,VALID,SYNTHETIC,hash_bnk_003941,True
3942,BUNKER_IFO380_SINGAPORE,2026-02-27 00:00:00,2026-02-27 18:00:00,505.37,USD_PER_MT,2,v1.0,VALID,SYNTHETIC,hash_bnk_003942,True
3943,BUNKER_MGO_SINGAPORE,2026-02-27 00:00:00,2026-02-27 18:00:00,888.21,USD_PER_MT,2,v1.0,VALID,SYNTHETIC,hash_bnk_003943,True
3944,BUNKER_VLSFO_ROTTERDAM,2026-02-27 00:00:00,2026-02-27 18:00:00,649.69,USD_PER_MT,2,v1.0,VALID,SYNTHETIC,hash_bnk_003944,True
3945,BUNKER_VLSFO_PARADIP,2026-02-27 00:00:00,2026-02-27 18:00:00,714.65,USD_PER_MT,2,v1.0,VALID,SYNTHETIC,hash_bnk_003945,True
3946,BUNKER_VLSFO_SINGAPORE,2026-02-28 00:00:00,2026-02-28 18:00:00,686.19,USD_PER_MT,2,v1.0,VALID,SYNTHETIC,hash_bnk_003946,True
3947,BUNKER_IFO380_SINGAPORE,2026-02-28 00:00:00,2026-02-28 18:00:00,504.55,USD_PER_MT,2,v1.0,VALID,SYNTHETIC,hash_bnk_003947,True
3948,BUNKER_MGO_SINGAPORE,2026-02-28 00:00:00,2026-02-28 18:00:00,885.16,USD_PER_MT,2,v1.0,VALID,SYNTHETIC,hash_bnk_003948,True
3949,BUNKER_VLSFO_ROTTERDAM,2026-02-28 00:00:00,2026-02-28 18:00:00,639.6,USD_PER_MT,2,v1.0,VALID,SYNTHETIC,hash_bnk_003949,True
3950,BUNKER_VLSFO_PARADIP,2026-02-28 00:00:00,2026-02-28 18:00:00,716.88,USD_PER_MT,2,v1.0,VALID,SYNTHETIC,hash_bnk_003950,True
3951,BUNKER_VLSFO_SINGAPORE,2026-03-01 00:00:00,2026-03-01 18:00:00,688.3,USD_PER_MT,2,v1.0,VALID,SYNTHETIC,hash_bnk_003951,True
3952,BUNKER_IFO380_SINGAPORE,2026-03-01 00:00:00,2026-03-01 18:00:00,506.12,USD_PER_MT,2,v1.0,VALID,SYNTHETIC,hash_bnk_003952,True
3953,BUNKER_MGO_SINGAPORE,2026-03-01 00:00:00,2026-03-01 18:00:00,896.11,USD_PER_MT,2,v1.0,VALID,SYNTHETIC,hash_bnk_003953,True
3954,BUNKER_VLSFO_ROTTERDAM,2026-03-01 00:00:00,2026-03-01 18:00:00,652.13,USD_PER_MT,2,v1.0,VALID,SYNTHETIC,hash_bnk_003954,True
3955,BUNKER_VLSFO_PARADIP,2026-03-01 00:00:00,2026-03-01 18:00:00,722.02,USD_PER_MT,2,v1.0,VALID,SYNTHETIC,hash_bnk_003955,True
3956,BUNKER_VLSFO_SINGAPORE,2026-03-02 00:00:00,2026-03-02 18:00:00,689.62,USD_PER_MT,2,v1.0,VALID,SYNTHETIC,hash_bnk_003956,True
3957,BUNKER_IFO380_SINGAPORE,2026-03-02 00:00:00,2026-03-02 18:00:00,502.96,USD_PER_MT,2,v1.0,VALID,SYNTHETIC,hash_bnk_003957,True
3958,BUNKER_MGO_SINGAPORE,2026-03-02 00:00:00,2026-03-02 18:00:00,893.39,USD_PER_MT,2,v1.0,VALID,SYNTHETIC,hash_bnk_003958,True
3959,BUNKER_VLSFO_ROTTERDAM,2026-03-02 00:00:00,2026-03-02 18:00:00,650.15,USD_PER_MT,2,v1.0,VALID,SYNTHETIC,hash_bnk_003959,True
3960,BUNKER_VLSFO_PARADIP,2026-03-02 00:00:00,2026-03-02 18:00:00,718.58,USD_PER_MT,2,v1.0,VALID,SYNTHETIC,hash_bnk_003960,True
3961,BUNKER_VLSFO_SINGAPORE,2026-03-03 00:00:00,2026-03-03 18:00:00,680.26,USD_PER_MT,2,v1.0,VALID,SYNTHETIC,hash_bnk_003961,True
3962,BUNKER_IFO380_SINGAPORE,2026-03-03 00:00:00,2026-03-03 18:00:00,505.31,USD_PER_MT,2,v1.0,VALID,SYNTHETIC,hash_bnk_003962,True
3963,BUNKER_MGO_SINGAPORE,2026-03-03 00:00:00,2026-03-03 18:00:00,891.45,USD_PER_MT,2,v1.0,VALID,SYNTHETIC,hash_bnk_003963,True
3964,BUNKER_VLSFO_ROTTERDAM,2026-03-03 00:00:00,2026-03-03 18:00:00,654.85,USD_PER_MT,2,v1.0,VALID,SYNTHETIC,hash_bnk_003964,True
3965,BUNKER_VLSFO_PARADIP,2026-03-03 00:00:00,2026-03-03 18:00:00,720.48,USD_PER_MT,2,v1.0,VALID,SYNTHETIC,hash_bnk_003965,True
3966,BUNKER_VLSFO_SINGAPORE,2026-03-04 00:00:00,2026-03-04 18:00:00,685.78,USD_PER_MT,2,v1.0,VALID,SYNTHETIC,hash_bnk_003966,True
3967,BUNKER_IFO380_SINGAPORE,2026-03-04 00:00:00,2026-03-04 18:00:00,509.17,USD_PER_MT,2,v1.0,VALID,SYNTHETIC,hash_bnk_003967,True
3968,BUNKER_MGO_SINGAPORE,2026-03-04 00:00:00,2026-03-04 18:00:00,887.97,USD_PER_MT,2,v1.0,VALID,SYNTHETIC,hash_bnk_003968,True
3969,BUNKER_VLSFO_ROTTERDAM,2026-03-04 00:00:00,2026-03-04 18:00:00,649.36,USD_PER_MT,2,v1.0,VALID,SYNTHETIC,hash_bnk_003969,True
3970,BUNKER_VLSFO_PARADIP,2026-03-04 00:00:00,2026-03-04 18:00:00,736.6,USD_PER_MT,2,v1.0,VALID,SYNTHETIC,hash_bnk_003970,True
3971,BUNKER_VLSFO_SINGAPORE,2026-03-05 00:00:00,2026-03-05 18:00:00,685.98,USD_PER_MT,2,v1.0,VALID,SYNTHETIC,hash_bnk_003971,True
3972,BUNKER_IFO380_SINGAPORE,2026-03-05 00:00:00,2026-03-05 18:00:00,508.88,USD_PER_MT,2,v1.0,VALID,SYNTHETIC,hash_bnk_003972,True
3973,BUNKER_MGO_SINGAPORE,2026-03-05 00:00:00,2026-03-05 18:00:00,890.8,USD_PER_MT,2,v1.0,VALID,SYNTHETIC,hash_bnk_003973,True
3974,BUNKER_VLSFO_ROTTERDAM,2026-03-05 00:00:00,2026-03-05 18:00:00,648.3,USD_PER_MT,2,v1.0,VALID,SYNTHETIC,hash_bnk_003974,True
3975,BUNKER_VLSFO_PARADIP,2026-03-05 00:00:00,2026-03-05 18:00:00,710.79,USD_PER_MT,2,v1.0,VALID,SYNTHETIC,hash_bnk_003975,True
3976,BUNKER_VLSFO_SINGAPORE,2026-03-06 00:00:00,2026-03-06 18:00:00,667.87,USD_PER_MT,2,v1.0,VALID,SYNTHETIC,hash_bnk_003976,True
3977,BUNKER_IFO380_SINGAPORE,2026-03-06 00:00:00,2026-03-06 18:00:00,501.39,USD_PER_MT,2,v1.0,VALID,SYNTHETIC,hash_bnk_003977,True
3978,BUNKER_MGO_SINGAPORE,2026-03-06 00:00:00,2026-03-06 18:00:00,892.79,USD_PER_MT,2,v1.0,VALID,SYNTHETIC,hash_bnk_003978,True
3979,BUNKER_VLSFO_ROTTERDAM,2026-03-06 00:00:00,2026-03-06 18:00:00,653.36,USD_PER_MT,2,v1.0,VALID,SYNTHETIC,hash_bnk_003979,True
3980,BUNKER_VLSFO_PARADIP,2026-03-06 00:00:00,2026-03-06 18:00:00,720.07,USD_PER_MT,2,v1.0,VALID,SYNTHETIC,hash_bnk_003980,True
3981,BUNKER_VLSFO_SINGAPORE,2026-03-07 00:00:00,2026-03-07 18:00:00,675.97,USD_PER_MT,2,v1.0,VALID,SYNTHETIC,hash_bnk_003981,True
3982,BUNKER_IFO380_SINGAPORE,2026-03-07 00:00:00,2026-03-07 18:00:00,502.33,USD_PER_MT,2,v1.0,VALID,SYNTHETIC,hash_bnk_003982,True
3983,BUNKER_MGO_SINGAPORE,2026-03-07 00:00:00,2026-03-07 18:00:00,883.7,USD_PER_MT,2,v1.0,VALID,SYNTHETIC,hash_bnk_003983,True
3984,BUNKER_VLSFO_ROTTERDAM,2026-03-07 00:00:00,2026-03-07 18:00:00,649.8,USD_PER_MT,2,v1.0,VALID,SYNTHETIC,hash_bnk_003984,True
3985,BUNKER_VLSFO_PARADIP,2026-03-07 00:00:00,2026-03-07 18:00:00,715.59,USD_PER_MT,2,v1.0,VALID,SYNTHETIC,hash_bnk_003985,True
3986,BUNKER_VLSFO_SINGAPORE,2026-03-08 00:00:00,2026-03-08 18:00:00,682.46,USD_PER_MT,2,v1.0,VALID,SYNTHETIC,hash_bnk_003986,True
3987,BUNKER_IFO380_SINGAPORE,2026-03-08 00:00:00,2026-03-08 18:00:00,504.93,USD_PER_MT,2,v1.0,VALID,SYNTHETIC,hash_bnk_003987,True
3988,BUNKER_MGO_SINGAPORE,2026-03-08 00:00:00,2026-03-08 18:00:00,891.41,USD_PER_MT,2,v1.0,VALID,SYNTHETIC,hash_bnk_003988,True
3989,BUNKER_VLSFO_ROTTERDAM,2026-03-08 00:00:00,2026-03-08 18:00:00,648.09,USD_PER_MT,2,v1.0,VALID,SYNTHETIC,hash_bnk_003989,True
3990,BUNKER_VLSFO_PARADIP,2026-03-08 00:00:00,2026-03-08 18:00:00,728.16,USD_PER_MT,2,v1.0,VALID,SYNTHETIC,hash_bnk_003990,True
3991,BUNKER_VLSFO_SINGAPORE,2026-03-09 00:00:00,2026-03-09 18:00:00,679.91,USD_PER_MT,2,v1.0,VALID,SYNTHETIC,hash_bnk_003991,True
3992,BUNKER_IFO380_SINGAPORE,2026-03-09 00:00:00,2026-03-09 18:00:00,511.5,USD_PER_MT,2,v1.0,VALID,SYNTHETIC,hash_bnk_003992,True
3993,BUNKER_MGO_SINGAPORE,2026-03-09 00:00:00,2026-03-09 18:00:00,895.89,USD_PER_MT,2,v1.0,VALID,SYNTHETIC,hash_bnk_003993,True
3994,BUNKER_VLSFO_ROTTERDAM,2026-03-09 00:00:00,2026-03-09 18:00:00,649.62,USD_PER_MT,2,v1.0,VALID,SYNTHETIC,hash_bnk_003994,True
3995,BUNKER_VLSFO_PARADIP,2026-03-09 00:00:00,2026-03-09 18:00:00,721.74,USD_PER_MT,2,v1.0,VALID,SYNTHETIC,hash_bnk_003995,True
3996,BUNKER_VLSFO_SINGAPORE,2026-03-10 00:00:00,2026-03-10 18:00:00,671.97,USD_PER_MT,2,v1.0,VALID,SYNTHETIC,hash_bnk_003996,True
3997,BUNKER_IFO380_SINGAPORE,2026-03-10 00:00:00,2026-03-10 18:00:00,508.62,USD_PER_MT,2,v1.0,VALID,SYNTHETIC,hash_bnk_003997,True
3998,BUNKER_MGO_SINGAPORE,2026-03-10 00:00:00,2026-03-10 18:00:00,890.42,USD_PER_MT,2,v1.0,VALID,SYNTHETIC,hash_bnk_003998,True
3999,BUNKER_VLSFO_ROTTERDAM,2026-03-10 00:00:00,2026-03-10 18:00:00,644.59,USD_PER_MT,2,v1.0,VALID,SYNTHETIC,hash_bnk_003999,True
4000,BUNKER_VLSFO_PARADIP,2026-03-10 00:00:00,2026-03-10 18:00:00,719.76,USD_PER_MT,2,v1.0,VALID,SYNTHETIC,hash_bnk_004000,True
4001,BUNKER_VLSFO_SINGAPORE,2026-03-11 00:00:00,2026-03-11 18:00:00,684.95,USD_PER_MT,2,v1.0,VALID,SYNTHETIC,hash_bnk_004001,True
4002,BUNKER_IFO380_SINGAPORE,2026-03-11 00:00:00,2026-03-11 18:00:00,506.52,USD_PER_MT,2,v1.0,VALID,SYNTHETIC,hash_bnk_004002,True
4003,BUNKER_MGO_SINGAPORE,2026-03-11 00:00:00,2026-03-11 18:00:00,889.02,USD_PER_MT,2,v1.0,VALID,SYNTHETIC,hash_bnk_004003,True
4004,BUNKER_VLSFO_ROTTERDAM,2026-03-11 00:00:00,2026-03-11 18:00:00,648.51,USD_PER_MT,2,v1.0,VALID,SYNTHETIC,hash_bnk_004004,True
4005,BUNKER_VLSFO_PARADIP,2026-03-11 00:00:00,2026-03-11 18:00:00,714.68,USD_PER_MT,2,v1.0,VALID,SYNTHETIC,hash_bnk_004005,True
4006,BUNKER_VLSFO_SINGAPORE,2026-03-12 00:00:00,2026-03-12 18:00:00,687.45,USD_PER_MT,2,v1.0,VALID,SYNTHETIC,hash_bnk_004006,True
4007,BUNKER_IFO380_SINGAPORE,2026-03-12 00:00:00,2026-03-12 18:00:00,507.45,USD_PER_MT,2,v1.0,VALID,SYNTHETIC,hash_bnk_004007,True
4008,BUNKER_MGO_SINGAPORE,2026-03-12 00:00:00,2026-03-12 18:00:00,889.85,USD_PER_MT,2,v1.0,VALID,SYNTHETIC,hash_bnk_004008,True
4009,BUNKER_VLSFO_ROTTERDAM,2026-03-12 00:00:00,2026-03-12 18:00:00,654.04,USD_PER_MT,2,v1.0,VALID,SYNTHETIC,hash_bnk_004009,True
4010,BUNKER_VLSFO_PARADIP,2026-03-12 00:00:00,2026-03-12 18:00:00,725.5,USD_PER_MT,2,v1.0,VALID,SYNTHETIC,hash_bnk_004010,True
4011,BUNKER_VLSFO_SINGAPORE,2026-03-13 00:00:00,2026-03-13 18:00:00,688.42,USD_PER_MT,2,v1.0,VALID,SYNTHETIC,hash_bnk_004011,True
4012,BUNKER_IFO380_SINGAPORE,2026-03-13 00:00:00,2026-03-13 18:00:00,505.04,USD_PER_MT,2,v1.0,VALID,SYNTHETIC,hash_bnk_004012,True
4013,BUNKER_MGO_SINGAPORE,2026-03-13 00:00:00,2026-03-13 18:00:00,890.02,USD_PER_MT,2,v1.0,VALID,SYNTHETIC,hash_bnk_004013,True
4014,BUNKER_VLSFO_ROTTERDAM,2026-03-13 00:00:00,2026-03-13 18:00:00,646.98,USD_PER_MT,2,v1.0,VALID,SYNTHETIC,hash_bnk_004014,True
4015,BUNKER_VLSFO_PARADIP,2026-03-13 00:00:00,2026-03-13 18:00:00,722.44,USD_PER_MT,2,v1.0,VALID,SYNTHETIC,hash_bnk_004015,True
4016,BUNKER_VLSFO_SINGAPORE,2026-03-14 00:00:00,2026-03-14 18:00:00,686.49,USD_PER_MT,2,v1.0,VALID,SYNTHETIC,hash_bnk_004016,True
4017,BUNKER_IFO380_SINGAPORE,2026-03-14 00:00:00,2026-03-14 18:00:00,498.64,USD_PER_MT,2,v1.0,VALID,SYNTHETIC,hash_bnk_004017,True
4018,BUNKER_MGO_SINGAPORE,2026-03-14 00:00:00,2026-03-14 18:00:00,888.01,USD_PER_MT,2,v1.0,VALID,SYNTHETIC,hash_bnk_004018,True
4019,BUNKER_VLSFO_ROTTERDAM,2026-03-14 00:00:00,2026-03-14 18:00:00,652.34,USD_PER_MT,2,v1.0,VALID,SYNTHETIC,hash_bnk_004019,True
4020,BUNKER_VLSFO_PARADIP,2026-03-14 00:00:00,2026-03-14 18:00:00,722.01,USD_PER_MT,2,v1.0,VALID,SYNTHETIC,hash_bnk_004020,True
4021,BUNKER_VLSFO_SINGAPORE,2026-03-15 00:00:00,2026-03-15 18:00:00,677.45,USD_PER_MT,2,v1.0,VALID,SYNTHETIC,hash_bnk_004021,True
4022,BUNKER_IFO380_SINGAPORE,2026-03-15 00:00:00,2026-03-15 18:00:00,507.58,USD_PER_MT,2,v1.0,VALID,SYNTHETIC,hash_bnk_004022,True
4023,BUNKER_MGO_SINGAPORE,2026-03-15 00:00:00,2026-03-15 18:00:00,891.59,USD_PER_MT,2,v1.0,VALID,SYNTHETIC,hash_bnk_004023,True
4024,BUNKER_VLSFO_ROTTERDAM,2026-03-15 00:00:00,2026-03-15 18:00:00,642.9,USD_PER_MT,2,v1.0,VALID,SYNTHETIC,hash_bnk_004024,True
4025,BUNKER_VLSFO_PARADIP,2026-03-15 00:00:00,2026-03-15 18:00:00,723.59,USD_PER_MT,2,v1.0,VALID,SYNTHETIC,hash_bnk_004025,True
4026,BUNKER_VLSFO_SINGAPORE,2026-03-16 00:00:00,2026-03-16 18:00:00,683.33,USD_PER_MT,2,v1.0,VALID,SYNTHETIC,hash_bnk_004026,True
4027,BUNKER_IFO380_SINGAPORE,2026-03-16 00:00:00,2026-03-16 18:00:00,508.49,USD_PER_MT,2,v1.0,VALID,SYNTHETIC,hash_bnk_004027,True
4028,BUNKER_MGO_SINGAPORE,2026-03-16 00:00:00,2026-03-16 18:00:00,885.15,USD_PER_MT,2,v1.0,VALID,SYNTHETIC,hash_bnk_004028,True
4029,BUNKER_VLSFO_ROTTERDAM,2026-03-16 00:00:00,2026-03-16 18:00:00,649.24,USD_PER_MT,2,v1.0,VALID,SYNTHETIC,hash_bnk_004029,True
4030,BUNKER_VLSFO_PARADIP,2026-03-16 00:00:00,2026-03-16 18:00:00,724.3,USD_PER_MT,2,v1.0,VALID,SYNTHETIC,hash_bnk_004030,True
4031,BUNKER_VLSFO_SINGAPORE,2026-03-17 00:00:00,2026-03-17 18:00:00,679.79,USD_PER_MT,2,v1.0,VALID,SYNTHETIC,hash_bnk_004031,True
4032,BUNKER_IFO380_SINGAPORE,2026-03-17 00:00:00,2026-03-17 18:00:00,503.86,USD_PER_MT,2,v1.0,VALID,SYNTHETIC,hash_bnk_004032,True
4033,BUNKER_MGO_SINGAPORE,2026-03-17 00:00:00,2026-03-17 18:00:00,895.24,USD_PER_MT,2,v1.0,VALID,SYNTHETIC,hash_bnk_004033,True
4034,BUNKER_VLSFO_ROTTERDAM,2026-03-17 00:00:00,2026-03-17 18:00:00,649.78,USD_PER_MT,2,v1.0,VALID,SYNTHETIC,hash_bnk_004034,True
4035,BUNKER_VLSFO_PARADIP,2026-03-17 00:00:00,2026-03-17 18:00:00,713.98,USD_PER_MT,2,v1.0,VALID,SYNTHETIC,hash_bnk_004035,True
4036,BUNKER_VLSFO_SINGAPORE,2026-03-18 00:00:00,2026-03-18 18:00:00,674.54,USD_PER_MT,2,v1.0,VALID,SYNTHETIC,hash_bnk_004036,True
4037,BUNKER_IFO380_SINGAPORE,2026-03-18 00:00:00,2026-03-18 18:00:00,498.8,USD_PER_MT,2,v1.0,VALID,SYNTHETIC,hash_bnk_004037,True
4038,BUNKER_MGO_SINGAPORE,2026-03-18 00:00:00,2026-03-18 18:00:00,890.74,USD_PER_MT,2,v1.0,VALID,SYNTHETIC,hash_bnk_004038,True
4039,BUNKER_VLSFO_ROTTERDAM,2026-03-18 00:00:00,2026-03-18 18:00:00,649.87,USD_PER_MT,2,v1.0,VALID,SYNTHETIC,hash_bnk_004039,True
4040,BUNKER_VLSFO_PARADIP,2026-03-18 00:00:00,2026-03-18 18:00:00,710.86,USD_PER_MT,2,v1.0,VALID,SYNTHETIC,hash_bnk_004040,True
4041,BUNKER_VLSFO_SINGAPORE,2026-03-19 00:00:00,2026-03-19 18:00:00,680.53,USD_PER_MT,2,v1.0,VALID,SYNTHETIC,hash_bnk_004041,True
4042,BUNKER_IFO380_SINGAPORE,2026-03-19 00:00:00,2026-03-19 18:00:00,505.53,USD_PER_MT,2,v1.0,VALID,SYNTHETIC,hash_bnk_004042,True
4043,BUNKER_MGO_SINGAPORE,2026-03-19 00:00:00,2026-03-19 18:00:00,895.57,USD_PER_MT,2,v1.0,VALID,SYNTHETIC,hash_bnk_004043,True
4044,BUNKER_VLSFO_ROTTERDAM,2026-03-19 00:00:00,2026-03-19 18:00:00,651.35,USD_PER_MT,2,v1.0,VALID,SYNTHETIC,hash_bnk_004044,True
4045,BUNKER_VLSFO_PARADIP,2026-03-19 00:00:00,2026-03-19 18:00:00,712.72,USD_PER_MT,2,v1.0,VALID,SYNTHETIC,hash_bnk_004045,True
4046,BUNKER_VLSFO_SINGAPORE,2026-03-20 00:00:00,2026-03-20 18:00:00,680.48,USD_PER_MT,2,v1.0,VALID,SYNTHETIC,hash_bnk_004046,True
4047,BUNKER_IFO380_SINGAPORE,2026-03-20 00:00:00,2026-03-20 18:00:00,502.01,USD_PER_MT,2,v1.0,VALID,SYNTHETIC,hash_bnk_004047,True
4048,BUNKER_MGO_SINGAPORE,2026-03-20 00:00:00,2026-03-20 18:00:00,892.87,USD_PER_MT,2,v1.0,VALID,SYNTHETIC,hash_bnk_004048,True
4049,BUNKER_VLSFO_ROTTERDAM,2026-03-20 00:00:00,2026-03-20 18:00:00,645.57,USD_PER_MT,2,v1.0,VALID,SYNTHETIC,hash_bnk_004049,True
4050,BUNKER_VLSFO_PARADIP,2026-03-20 00:00:00,2026-03-20 18:00:00,719.36,USD_PER_MT,2,v1.0,VALID,SYNTHETIC,hash_bnk_004050,True
4051,BUNKER_VLSFO_SINGAPORE,2026-03-21 00:00:00,2026-03-21 18:00:00,679.09,USD_PER_MT,2,v1.0,VALID,SYNTHETIC,hash_bnk_004051,True
4052,BUNKER_IFO380_SINGAPORE,2026-03-21 00:00:00,2026-03-21 18:00:00,501.6,USD_PER_MT,2,v1.0,VALID,SYNTHETIC,hash_bnk_004052,True
4053,BUNKER_MGO_SINGAPORE,2026-03-21 00:00:00,2026-03-21 18:00:00,890.35,USD_PER_MT,2,v1.0,VALID,SYNTHETIC,hash_bnk_004053,True
4054,BUNKER_VLSFO_ROTTERDAM,2026-03-21 00:00:00,2026-03-21 18:00:00,645.72,USD_PER_MT,2,v1.0,VALID,SYNTHETIC,hash_bnk_004054,True
4055,BUNKER_VLSFO_PARADIP,2026-03-21 00:00:00,2026-03-21 18:00:00,719.61,USD_PER_MT,2,v1.0,VALID,SYNTHETIC,hash_bnk_004055,True
4056,BUNKER_VLSFO_SINGAPORE,2026-03-22 00:00:00,2026-03-22 18:00:00,679.67,USD_PER_MT,2,v1.0,VALID,SYNTHETIC,hash_bnk_004056,True
4057,BUNKER_IFO380_SINGAPORE,2026-03-22 00:00:00,2026-03-22 18:00:00,509.32,USD_PER_MT,2,v1.0,VALID,SYNTHETIC,hash_bnk_004057,True
4058,BUNKER_MGO_SINGAPORE,2026-03-22 00:00:00,2026-03-22 18:00:00,889.96,USD_PER_MT,2,v1.0,VALID,SYNTHETIC,hash_bnk_004058,True
4059,BUNKER_VLSFO_ROTTERDAM,2026-03-22 00:00:00,2026-03-22 18:00:00,645.87,USD_PER_MT,2,v1.0,VALID,SYNTHETIC,hash_bnk_004059,True
4060,BUNKER_VLSFO_PARADIP,2026-03-22 00:00:00,2026-03-22 18:00:00,715.4,USD_PER_MT,2,v1.0,VALID,SYNTHETIC,hash_bnk_004060,True
4061,BUNKER_VLSFO_SINGAPORE,2026-03-23 00:00:00,2026-03-23 18:00:00,665.34,USD_PER_MT,2,v1.0,VALID,SYNTHETIC,hash_bnk_004061,True
4062,BUNKER_IFO380_SINGAPORE,2026-03-23 00:00:00,2026-03-23 18:00:00,499.32,USD_PER_MT,2,v1.0,VALID,SYNTHETIC,hash_bnk_004062,True
4063,BUNKER_MGO_SINGAPORE,2026-03-23 00:00:00,2026-03-23 18:00:00,876.68,USD_PER_MT,2,v1.0,VALID,SYNTHETIC,hash_bnk_004063,True
4064,BUNKER_VLSFO_ROTTERDAM,2026-03-23 00:00:00,2026-03-23 18:00:00,642.84,USD_PER_MT,2,v1.0,VALID,SYNTHETIC,hash_bnk_004064,True
4065,BUNKER_VLSFO_PARADIP,2026-03-23 00:00:00,2026-03-23 18:00:00,722.42,USD_PER_MT,2,v1.0,VALID,SYNTHETIC,hash_bnk_004065,True
4066,BUNKER_VLSFO_SINGAPORE,2026-03-24 00:00:00,2026-03-24 18:00:00,675.45,USD_PER_MT,2,v1.0,VALID,SYNTHETIC,hash_bnk_004066,True
4067,BUNKER_IFO380_SINGAPORE,2026-03-24 00:00:00,2026-03-24 18:00:00,504.47,USD_PER_MT,2,v1.0,VALID,SYNTHETIC,hash_bnk_004067,True
4068,BUNKER_MGO_SINGAPORE,2026-03-24 00:00:00,2026-03-24 18:00:00,891.58,USD_PER_MT,2,v1.0,VALID,SYNTHETIC,hash_bnk_004068,True
4069,BUNKER_VLSFO_ROTTERDAM,2026-03-24 00:00:00,2026-03-24 18:00:00,654.19,USD_PER_MT,2,v1.0,VALID,SYNTHETIC,hash_bnk_004069,True
4070,BUNKER_VLSFO_PARADIP,2026-03-24 00:00:00,2026-03-24 18:00:00,714.36,USD_PER_MT,2,v1.0,VALID,SYNTHETIC,hash_bnk_004070,True
4071,BUNKER_VLSFO_SINGAPORE,2026-03-25 00:00:00,2026-03-25 18:00:00,673.51,USD_PER_MT,2,v1.0,VALID,SYNTHETIC,hash_bnk_004071,True
4072,BUNKER_IFO380_SINGAPORE,2026-03-25 00:00:00,2026-03-25 18:00:00,506.26,USD_PER_MT,2,v1.0,VALID,SYNTHETIC,hash_bnk_004072,True
4073,BUNKER_MGO_SINGAPORE,2026-03-25 00:00:00,2026-03-25 18:00:00,887.45,USD_PER_MT,2,v1.0,VALID,SYNTHETIC,hash_bnk_004073,True
4074,BUNKER_VLSFO_ROTTERDAM,2026-03-25 00:00:00,2026-03-25 18:00:00,652.42,USD_PER_MT,2,v1.0,VALID,SYNTHETIC,hash_bnk_004074,True
4075,BUNKER_VLSFO_PARADIP,2026-03-25 00:00:00,2026-03-25 18:00:00,715.46,USD_PER_MT,2,v1.0,VALID,SYNTHETIC,hash_bnk_004075,True
4076,BUNKER_VLSFO_SINGAPORE,2026-03-26 00:00:00,2026-03-26 18:00:00,675.91,USD_PER_MT,2,v1.0,VALID,SYNTHETIC,hash_bnk_004076,True
4077,BUNKER_IFO380_SINGAPORE,2026-03-26 00:00:00,2026-03-26 18:00:00,504.31,USD_PER_MT,2,v1.0,VALID,SYNTHETIC,hash_bnk_004077,True
4078,BUNKER_MGO_SINGAPORE,2026-03-26 00:00:00,2026-03-26 18:00:00,883.77,USD_PER_MT,2,v1.0,VALID,SYNTHETIC,hash_bnk_004078,True
4079,BUNKER_VLSFO_ROTTERDAM,2026-03-26 00:00:00,2026-03-26 18:00:00,643.12,USD_PER_MT,2,v1.0,VALID,SYNTHETIC,hash_bnk_004079,True
4080,BUNKER_VLSFO_PARADIP,2026-03-26 00:00:00,2026-03-26 18:00:00,710.22,USD_PER_MT,2,v1.0,VALID,SYNTHETIC,hash_bnk_004080,True
4081,BUNKER_VLSFO_SINGAPORE,2026-03-27 00:00:00,2026-03-27 18:00:00,679.19,USD_PER_MT,2,v1.0,VALID,SYNTHETIC,hash_bnk_004081,True
4082,BUNKER_IFO380_SINGAPORE,2026-03-27 00:00:00,2026-03-27 18:00:00,499.85,USD_PER_MT,2,v1.0,VALID,SYNTHETIC,hash_bnk_004082,True
4083,BUNKER_MGO_SINGAPORE,2026-03-27 00:00:00,2026-03-27 18:00:00,874.66,USD_PER_MT,2,v1.0,VALID,SYNTHETIC,hash_bnk_004083,True
4084,BUNKER_VLSFO_ROTTERDAM,2026-03-27 00:00:00,2026-03-27 18:00:00,642.83,USD_PER_MT,2,v1.0,VALID,SYNTHETIC,hash_bnk_004084,True
4085,BUNKER_VLSFO_PARADIP,2026-03-27 00:00:00,2026-03-27 18:00:00,717.8,USD_PER_MT,2,v1.0,VALID,SYNTHETIC,hash_bnk_004085,True
4086,BUNKER_VLSFO_SINGAPORE,2026-03-28 00:00:00,2026-03-28 18:00:00,675.27,USD_PER_MT,2,v1.0,VALID,SYNTHETIC,hash_bnk_004086,True
4087,BUNKER_IFO380_SINGAPORE,2026-03-28 00:00:00,2026-03-28 18:00:00,503.34,USD_PER_MT,2,v1.0,VALID,SYNTHETIC,hash_bnk_004087,True
4088,BUNKER_MGO_SINGAPORE,2026-03-28 00:00:00,2026-03-28 18:00:00,886.13,USD_PER_MT,2,v1.0,VALID,SYNTHETIC,hash_bnk_004088,True
4089,BUNKER_VLSFO_ROTTERDAM,2026-03-28 00:00:00,2026-03-28 18:00:00,648.42,USD_PER_MT,2,v1.0,VALID,SYNTHETIC,hash_bnk_004089,True
4090,BUNKER_VLSFO_PARADIP,2026-03-28 00:00:00,2026-03-28 18:00:00,711.11,USD_PER_MT,2,v1.0,VALID,SYNTHETIC,hash_bnk_004090,True
4091,BUNKER_VLSFO_SINGAPORE,2026-03-29 00:00:00,2026-03-29 18:00:00,674.26,USD_PER_MT,2,v1.0,VALID,SYNTHETIC,hash_bnk_004091,True
4092,BUNKER_IFO380_SINGAPORE,2026-03-29 00:00:00,2026-03-29 18:00:00,503.04,USD_PER_MT,2,v1.0,VALID,SYNTHETIC,hash_bnk_004092,True
4093,BUNKER_MGO_SINGAPORE,2026-03-29 00:00:00,2026-03-29 18:00:00,875.84,USD_PER_MT,2,v1.0,VALID,SYNTHETIC,hash_bnk_004093,True
4094,BUNKER_VLSFO_ROTTERDAM,2026-03-29 00:00:00,2026-03-29 18:00:00,635.05,USD_PER_MT,2,v1.0,VALID,SYNTHETIC,hash_bnk_004094,True
4095,BUNKER_VLSFO_PARADIP,2026-03-29 00:00:00,2026-03-29 18:00:00,712.93,USD_PER_MT,2,v1.0,VALID,SYNTHETIC,hash_bnk_004095,True
4096,BUNKER_VLSFO_SINGAPORE,2026-03-30 00:00:00,2026-03-30 18:00:00,670.2,USD_PER_MT,2,v1.0,VALID,SYNTHETIC,hash_bnk_004096,True
4097,BUNKER_IFO380_SINGAPORE,2026-03-30 00:00:00,2026-03-30 18:00:00,500.34,USD_PER_MT,2,v1.0,VALID,SYNTHETIC,hash_bnk_004097,True
4098,BUNKER_MGO_SINGAPORE,2026-03-30 00:00:00,2026-03-30 18:00:00,888.44,USD_PER_MT,2,v1.0,VALID,SYNTHETIC,hash_bnk_004098,True
4099,BUNKER_VLSFO_ROTTERDAM,2026-03-30 00:00:00,2026-03-30 18:00:00,639.77,USD_PER_MT,2,v1.0,VALID,SYNTHETIC,hash_bnk_004099,True
4100,BUNKER_VLSFO_PARADIP,2026-03-30 00:00:00,2026-03-30 18:00:00,711.19,USD_PER_MT,2,v1.0,VALID,SYNTHETIC,hash_bnk_004100,True
4101,BUNKER_VLSFO_SINGAPORE,2026-03-31 00:00:00,2026-03-31 18:00:00,675.09,USD_PER_MT,2,v1.0,VALID,SYNTHETIC,hash_bnk_004101,True
4102,BUNKER_IFO380_SINGAPORE,2026-03-31 00:00:00,2026-03-31 18:00:00,499.6,USD_PER_MT,2,v1.0,VALID,SYNTHETIC,hash_bnk_004102,True
4103,BUNKER_MGO_SINGAPORE,2026-03-31 00:00:00,2026-03-31 18:00:00,881.29,USD_PER_MT,2,v1.0,VALID,SYNTHETIC,hash_bnk_004103,True
4104,BUNKER_VLSFO_ROTTERDAM,2026-03-31 00:00:00,2026-03-31 18:00:00,643.71,USD_PER_MT,2,v1.0,VALID,SYNTHETIC,hash_bnk_004104,True
4105,BUNKER_VLSFO_PARADIP,2026-03-31 00:00:00,2026-03-31 18:00:00,718.3,USD_PER_MT,2,v1.0,VALID,SYNTHETIC,hash_bnk_004105,True
4106,BUNKER_VLSFO_SINGAPORE,2026-04-01 00:00:00,2026-04-01 18:00:00,678.09,USD_PER_MT,2,v1.0,VALID,SYNTHETIC,hash_bnk_004106,True
4107,BUNKER_IFO380_SINGAPORE,2026-04-01 00:00:00,2026-04-01 18:00:00,501.68,USD_PER_MT,2,v1.0,VALID,SYNTHETIC,hash_bnk_004107,True
4108,BUNKER_MGO_SINGAPORE,2026-04-01 00:00:00,2026-04-01 18:00:00,889.72,USD_PER_MT,2,v1.0,VALID,SYNTHETIC,hash_bnk_004108,True
4109,BUNKER_VLSFO_ROTTERDAM,2026-04-01 00:00:00,2026-04-01 18:00:00,639.6,USD_PER_MT,2,v1.0,VALID,SYNTHETIC,hash_bnk_004109,True
4110,BUNKER_VLSFO_PARADIP,2026-04-01 00:00:00,2026-04-01 18:00:00,712.83,USD_PER_MT,2,v1.0,VALID,SYNTHETIC,hash_bnk_004110,True
4111,BUNKER_VLSFO_SINGAPORE,2026-04-02 00:00:00,2026-04-02 18:00:00,671.13,USD_PER_MT,2,v1.0,VALID,SYNTHETIC,hash_bnk_004111,True
4112,BUNKER_IFO380_SINGAPORE,2026-04-02 00:00:00,2026-04-02 18:00:00,502.62,USD_PER_MT,2,v1.0,VALID,SYNTHETIC,hash_bnk_004112,True
4113,BUNKER_MGO_SINGAPORE,2026-04-02 00:00:00,2026-04-02 18:00:00,878.08,USD_PER_MT,2,v1.0,VALID,SYNTHETIC,hash_bnk_004113,True
4114,BUNKER_VLSFO_ROTTERDAM,2026-04-02 00:00:00,2026-04-02 18:00:00,642.76,USD_PER_MT,2,v1.0,VALID,SYNTHETIC,hash_bnk_004114,True
4115,BUNKER_VLSFO_PARADIP,2026-04-02 00:00:00,2026-04-02 18:00:00,708.98,USD_PER_MT,2,v1.0,VALID,SYNTHETIC,hash_bnk_004115,True
4116,BUNKER_VLSFO_SINGAPORE,2026-04-03 00:00:00,2026-04-03 18:00:00,666.9,USD_PER_MT,2,v1.0,VALID,SYNTHETIC,hash_bnk_004116,True
4117,BUNKER_IFO380_SINGAPORE,2026-04-03 00:00:00,2026-04-03 18:00:00,500.15,USD_PER_MT,2,v1.0,VALID,SYNTHETIC,hash_bnk_004117,True
4118,BUNKER_MGO_SINGAPORE,2026-04-03 00:00:00,2026-04-03 18:00:00,881.16,USD_PER_MT,2,v1.0,VALID,SYNTHETIC,hash_bnk_004118,True
4119,BUNKER_VLSFO_ROTTERDAM,2026-04-03 00:00:00,2026-04-03 18:00:00,645.92,USD_PER_MT,2,v1.0,VALID,SYNTHETIC,hash_bnk_004119,True
4120,BUNKER_VLSFO_PARADIP,2026-04-03 00:00:00,2026-04-03 18:00:00,716.1,USD_PER_MT,2,v1.0,VALID,SYNTHETIC,hash_bnk_004120,True
4121,BUNKER_VLSFO_SINGAPORE,2026-04-04 00:00:00,2026-04-04 18:00:00,674.36,USD_PER_MT,2,v1.0,VALID,SYNTHETIC,hash_bnk_004121,True
4122,BUNKER_IFO380_SINGAPORE,2026-04-04 00:00:00,2026-04-04 18:00:00,496.94,USD_PER_MT,2,v1.0,VALID,SYNTHETIC,hash_bnk_004122,True
4123,BUNKER_MGO_SINGAPORE,2026-04-04 00:00:00,2026-04-04 18:00:00,883.4,USD_PER_MT,2,v1.0,VALID,SYNTHETIC,hash_bnk_004123,True
4124,BUNKER_VLSFO_ROTTERDAM,2026-04-04 00:00:00,2026-04-04 18:00:00,634.71,USD_PER_MT,2,v1.0,VALID,SYNTHETIC,hash_bnk_004124,True
4125,BUNKER_VLSFO_PARADIP,2026-04-04 00:00:00,2026-04-04 18:00:00,709.14,USD_PER_MT,2,v1.0,VALID,SYNTHETIC,hash_bnk_004125,True
4126,BUNKER_VLSFO_SINGAPORE,2026-04-05 00:00:00,2026-04-05 18:00:00,665.08,USD_PER_MT,2,v1.0,VALID,SYNTHETIC,hash_bnk_004126,True
4127,BUNKER_IFO380_SINGAPORE,2026-04-05 00:00:00,2026-04-05 18:00:00,495.57,USD_PER_MT,2,v1.0,VALID,SYNTHETIC,hash_bnk_004127,True
4128,BUNKER_MGO_SINGAPORE,2026-04-05 00:00:00,2026-04-05 18:00:00,877.5,USD_PER_MT,2,v1.0,VALID,SYNTHETIC,hash_bnk_004128,True
4129,BUNKER_VLSFO_ROTTERDAM,2026-04-05 00:00:00,2026-04-05 18:00:00,639.35,USD_PER_MT,2,v1.0,VALID,SYNTHETIC,hash_bnk_004129,True
4130,BUNKER_VLSFO_PARADIP,2026-04-05 00:00:00,2026-04-05 18:00:00,709.42,USD_PER_MT,2,v1.0,VALID,SYNTHETIC,hash_bnk_004130,True
4131,BUNKER_VLSFO_SINGAPORE,2026-04-06 00:00:00,2026-04-06 18:00:00,669.5,USD_PER_MT,2,v1.0,VALID,SYNTHETIC,hash_bnk_004131,True
4132,BUNKER_IFO380_SINGAPORE,2026-04-06 00:00:00,2026-04-06 18:00:00,497.86,USD_PER_MT,2,v1.0,VALID,SYNTHETIC,hash_bnk_004132,True
4133,BUNKER_MGO_SINGAPORE,2026-04-06 00:00:00,2026-04-06 18:00:00,875.16,USD_PER_MT,2,v1.0,VALID,SYNTHETIC,hash_bnk_004133,True
4134,BUNKER_VLSFO_ROTTERDAM,2026-04-06 00:00:00,2026-04-06 18:00:00,635.51,USD_PER_MT,2,v1.0,VALID,SYNTHETIC,hash_bnk_004134,True
4135,BUNKER_VLSFO_PARADIP,2026-04-06 00:00:00,2026-04-06 18:00:00,710.32,USD_PER_MT,2,v1.0,VALID,SYNTHETIC,hash_bnk_004135,True
4136,BUNKER_VLSFO_SINGAPORE,2026-04-07 00:00:00,2026-04-07 18:00:00,672.98,USD_PER_MT,2,v1.0,VALID,SYNTHETIC,hash_bnk_004136,True
4137,BUNKER_IFO380_SINGAPORE,2026-04-07 00:00:00,2026-04-07 18:00:00,496.02,USD_PER_MT,2,v1.0,VALID,SYNTHETIC,hash_bnk_004137,True
4138,BUNKER_MGO_SINGAPORE,2026-04-07 00:00:00,2026-04-07 18:00:00,874.21,USD_PER_MT,2,v1.0,VALID,SYNTHETIC,hash_bnk_004138,True
4139,BUNKER_VLSFO_ROTTERDAM,2026-04-07 00:00:00,2026-04-07 18:00:00,645.1,USD_PER_MT,2,v1.0,VALID,SYNTHETIC,hash_bnk_004139,True
4140,BUNKER_VLSFO_PARADIP,2026-04-07 00:00:00,2026-04-07 18:00:00,712.06,USD_PER_MT,2,v1.0,VALID,SYNTHETIC,hash_bnk_004140,True
4141,BUNKER_VLSFO_SINGAPORE,2026-04-08 00:00:00,2026-04-08 18:00:00,672.4,USD_PER_MT,2,v1.0,VALID,SYNTHETIC,hash_bnk_004141,True
4142,BUNKER_IFO380_SINGAPORE,2026-04-08 00:00:00,2026-04-08 18:00:00,493.83,USD_PER_MT,2,v1.0,VALID,SYNTHETIC,hash_bnk_004142,True
4143,BUNKER_MGO_SINGAPORE,2026-04-08 00:00:00,2026-04-08 18:00:00,882.41,USD_PER_MT,2,v1.0,VALID,SYNTHETIC,hash_bnk_004143,True
4144,BUNKER_VLSFO_ROTTERDAM,2026-04-08 00:00:00,2026-04-08 18:00:00,633.88,USD_PER_MT,2,v1.0,VALID,SYNTHETIC,hash_bnk_004144,True
4145,BUNKER_VLSFO_PARADIP,2026-04-08 00:00:00,2026-04-08 18:00:00,713.32,USD_PER_MT,2,v1.0,VALID,SYNTHETIC,hash_bnk_004145,True
4146,BUNKER_VLSFO_SINGAPORE,2026-04-09 00:00:00,2026-04-09 18:00:00,666.74,USD_PER_MT,2,v1.0,VALID,SYNTHETIC,hash_bnk_004146,True
4147,BUNKER_IFO380_SINGAPORE,2026-04-09 00:00:00,2026-04-09 18:00:00,495.49,USD_PER_MT,2,v1.0,VALID,SYNTHETIC,hash_bnk_004147,True
4148,BUNKER_MGO_SINGAPORE,2026-04-09 00:00:00,2026-04-09 18:00:00,888.59,USD_PER_MT,2,v1.0,VALID,SYNTHETIC,hash_bnk_004148,True
4149,BUNKER_VLSFO_ROTTERDAM,2026-04-09 00:00:00,2026-04-09 18:00:00,639.51,USD_PER_MT,2,v1.0,VALID,SYNTHETIC,hash_bnk_004149,True
4150,BUNKER_VLSFO_PARADIP,2026-04-09 00:00:00,2026-04-09 18:00:00,711.61,USD_PER_MT,2,v1.0,VALID,SYNTHETIC,hash_bnk_004150,True
4151,BUNKER_VLSFO_SINGAPORE,2026-04-10 00:00:00,2026-04-10 18:00:00,664.1,USD_PER_MT,2,v1.0,VALID,SYNTHETIC,hash_bnk_004151,True
4152,BUNKER_IFO380_SINGAPORE,2026-04-10 00:00:00,2026-04-10 18:00:00,498.52,USD_PER_MT,2,v1.0,VALID,SYNTHETIC,hash_bnk_004152,True
4153,BUNKER_MGO_SINGAPORE,2026-04-10 00:00:00,2026-04-10 18:00:00,878.27,USD_PER_MT,2,v1.0,VALID,SYNTHETIC,hash_bnk_004153,True
4154,BUNKER_VLSFO_ROTTERDAM,2026-04-10 00:00:00,2026-04-10 18:00:00,635.51,USD_PER_MT,2,v1.0,VALID,SYNTHETIC,hash_bnk_004154,True
4155,BUNKER_VLSFO_PARADIP,2026-04-10 00:00:00,2026-04-10 18:00:00,707.58,USD_PER_MT,2,v1.0,VALID,SYNTHETIC,hash_bnk_004155,True
4156,BUNKER_VLSFO_SINGAPORE,2026-04-11 00:00:00,2026-04-11 18:00:00,664.36,USD_PER_MT,2,v1.0,VALID,SYNTHETIC,hash_bnk_004156,True
4157,BUNKER_IFO380_SINGAPORE,2026-04-11 00:00:00,2026-04-11 18:00:00,500.01,USD_PER_MT,2,v1.0,VALID,SYNTHETIC,hash_bnk_004157,True
4158,BUNKER_MGO_SINGAPORE,2026-04-11 00:00:00,2026-04-11 18:00:00,868.08,USD_PER_MT,2,v1.0,VALID,SYNTHETIC,hash_bnk_004158,True
4159,BUNKER_VLSFO_ROTTERDAM,2026-04-11 00:00:00,2026-04-11 18:00:00,631.0,USD_PER_MT,2,v1.0,VALID,SYNTHETIC,hash_bnk_004159,True
4160,BUNKER_VLSFO_PARADIP,2026-04-11 00:00:00,2026-04-11 18:00:00,693.23,USD_PER_MT,2,v1.0,VALID,SYNTHETIC,hash_bnk_004160,True
4161,BUNKER_VLSFO_SINGAPORE,2026-04-12 00:00:00,2026-04-12 18:00:00,663.92,USD_PER_MT,2,v1.0,VALID,SYNTHETIC,hash_bnk_004161,True
4162,BUNKER_IFO380_SINGAPORE,2026-04-12 00:00:00,2026-04-12 18:00:00,490.55,USD_PER_MT,2,v1.0,VALID,SYNTHETIC,hash_bnk_004162,True
4163,BUNKER_MGO_SINGAPORE,2026-04-12 00:00:00,2026-04-12 18:00:00,865.25,USD_PER_MT,2,v1.0,VALID,SYNTHETIC,hash_bnk_004163,True
4164,BUNKER_VLSFO_ROTTERDAM,2026-04-12 00:00:00,2026-04-12 18:00:00,638.46,USD_PER_MT,2,v1.0,VALID,SYNTHETIC,hash_bnk_004164,True
4165,BUNKER_VLSFO_PARADIP,2026-04-12 00:00:00,2026-04-12 18:00:00,699.23,USD_PER_MT,2,v1.0,VALID,SYNTHETIC,hash_bnk_004165,True
4166,BUNKER_VLSFO_SINGAPORE,2026-04-13 00:00:00,2026-04-13 18:00:00,670.22,USD_PER_MT,2,v1.0,VALID,SYNTHETIC,hash_bnk_004166,True
4167,BUNKER_IFO380_SINGAPORE,2026-04-13 00:00:00,2026-04-13 18:00:00,502.2,USD_PER_MT,2,v1.0,VALID,SYNTHETIC,hash_bnk_004167,True
4168,BUNKER_MGO_SINGAPORE,2026-04-13 00:00:00,2026-04-13 18:00:00,863.96,USD_PER_MT,2,v1.0,VALID,SYNTHETIC,hash_bnk_004168,True
4169,BUNKER_VLSFO_ROTTERDAM,2026-04-13 00:00:00,2026-04-13 18:00:00,634.45,USD_PER_MT,2,v1.0,VALID,SYNTHETIC,hash_bnk_004169,True
4170,BUNKER_VLSFO_PARADIP,2026-04-13 00:00:00,2026-04-13 18:00:00,709.19,USD_PER_MT,2,v1.0,VALID,SYNTHETIC,hash_bnk_004170,True
4171,BUNKER_VLSFO_SINGAPORE,2026-04-14 00:00:00,2026-04-14 18:00:00,658.36,USD_PER_MT,2,v1.0,VALID,SYNTHETIC,hash_bnk_004171,True
4172,BUNKER_IFO380_SINGAPORE,2026-04-14 00:00:00,2026-04-14 18:00:00,503.23,USD_PER_MT,2,v1.0,VALID,SYNTHETIC,hash_bnk_004172,True
4173,BUNKER_MGO_SINGAPORE,2026-04-14 00:00:00,2026-04-14 18:00:00,870.06,USD_PER_MT,2,v1.0,VALID,SYNTHETIC,hash_bnk_004173,True
4174,BUNKER_VLSFO_ROTTERDAM,2026-04-14 00:00:00,2026-04-14 18:00:00,627.34,USD_PER_MT,2,v1.0,VALID,SYNTHETIC,hash_bnk_004174,True
4175,BUNKER_VLSFO_PARADIP,2026-04-14 00:00:00,2026-04-14 18:00:00,700.87,USD_PER_MT,2,v1.0,VALID,SYNTHETIC,hash_bnk_004175,True
4176,BUNKER_VLSFO_SINGAPORE,2026-04-15 00:00:00,2026-04-15 18:00:00,669.09,USD_PER_MT,2,v1.0,VALID,SYNTHETIC,hash_bnk_004176,True
4177,BUNKER_IFO380_SINGAPORE,2026-04-15 00:00:00,2026-04-15 18:00:00,498.55,USD_PER_MT,2,v1.0,VALID,SYNTHETIC,hash_bnk_004177,True
4178,BUNKER_MGO_SINGAPORE,2026-04-15 00:00:00,2026-04-15 18:00:00,874.76,USD_PER_MT,2,v1.0,VALID,SYNTHETIC,hash_bnk_004178,True
4179,BUNKER_VLSFO_ROTTERDAM,2026-04-15 00:00:00,2026-04-15 18:00:00,646.72,USD_PER_MT,2,v1.0,VALID,SYNTHETIC,hash_bnk_004179,True
4180,BUNKER_VLSFO_PARADIP,2026-04-15 00:00:00,2026-04-15 18:00:00,705.88,USD_PER_MT,2,v1.0,VALID,SYNTHETIC,hash_bnk_004180,True
4181,BUNKER_VLSFO_SINGAPORE,2026-04-16 00:00:00,2026-04-16 18:00:00,660.42,USD_PER_MT,2,v1.0,VALID,SYNTHETIC,hash_bnk_004181,True
4182,BUNKER_IFO380_SINGAPORE,2026-04-16 00:00:00,2026-04-16 18:00:00,490.21,USD_PER_MT,2,v1.0,VALID,SYNTHETIC,hash_bnk_004182,True
4183,BUNKER_MGO_SINGAPORE,2026-04-16 00:00:00,2026-04-16 18:00:00,868.38,USD_PER_MT,2,v1.0,VALID,SYNTHETIC,hash_bnk_004183,True
4184,BUNKER_VLSFO_ROTTERDAM,2026-04-16 00:00:00,2026-04-16 18:00:00,629.42,USD_PER_MT,2,v1.0,VALID,SYNTHETIC,hash_bnk_004184,True
4185,BUNKER_VLSFO_PARADIP,2026-04-16 00:00:00,2026-04-16 18:00:00,695.09,USD_PER_MT,2,v1.0,VALID,SYNTHETIC,hash_bnk_004185,True
4186,BUNKER_VLSFO_SINGAPORE,2026-04-17 00:00:00,2026-04-17 18:00:00,659.17,USD_PER_MT,2,v1.0,VALID,SYNTHETIC,hash_bnk_004186,True
4187,BUNKER_IFO380_SINGAPORE,2026-04-17 00:00:00,2026-04-17 18:00:00,486.69,USD_PER_MT,2,v1.0,VALID,SYNTHETIC,hash_bnk_004187,True
4188,BUNKER_MGO_SINGAPORE,2026-04-17 00:00:00,2026-04-17 18:00:00,863.65,USD_PER_MT,2,v1.0,VALID,SYNTHETIC,hash_bnk_004188,True
4189,BUNKER_VLSFO_ROTTERDAM,2026-04-17 00:00:00,2026-04-17 18:00:00,629.13,USD_PER_MT,2,v1.0,VALID,SYNTHETIC,hash_bnk_004189,True
4190,BUNKER_VLSFO_PARADIP,2026-04-17 00:00:00,2026-04-17 18:00:00,705.61,USD_PER_MT,2,v1.0,VALID,SYNTHETIC,hash_bnk_004190,True
4191,BUNKER_VLSFO_SINGAPORE,2026-04-18 00:00:00,2026-04-18 18:00:00,659.16,USD_PER_MT,2,v1.0,VALID,SYNTHETIC,hash_bnk_004191,True
4192,BUNKER_IFO380_SINGAPORE,2026-04-18 00:00:00,2026-04-18 18:00:00,490.65,USD_PER_MT,2,v1.0,VALID,SYNTHETIC,hash_bnk_004192,True
4193,BUNKER_MGO_SINGAPORE,2026-04-18 00:00:00,2026-04-18 18:00:00,861.47,USD_PER_MT,2,v1.0,VALID,SYNTHETIC,hash_bnk_004193,True
4194,BUNKER_VLSFO_ROTTERDAM,2026-04-18 00:00:00,2026-04-18 18:00:00,632.11,USD_PER_MT,2,v1.0,VALID,SYNTHETIC,hash_bnk_004194,True
4195,BUNKER_VLSFO_PARADIP,2026-04-18 00:00:00,2026-04-18 18:00:00,704.14,USD_PER_MT,2,v1.0,VALID,SYNTHETIC,hash_bnk_004195,True
4196,BUNKER_VLSFO_SINGAPORE,2026-04-19 00:00:00,2026-04-19 18:00:00,657.29,USD_PER_MT,2,v1.0,VALID,SYNTHETIC,hash_bnk_004196,True
4197,BUNKER_IFO380_SINGAPORE,2026-04-19 00:00:00,2026-04-19 18:00:00,493.7,USD_PER_MT,2,v1.0,VALID,SYNTHETIC,hash_bnk_004197,True
4198,BUNKER_MGO_SINGAPORE,2026-04-19 00:00:00,2026-04-19 18:00:00,870.9,USD_PER_MT,2,v1.0,VALID,SYNTHETIC,hash_bnk_004198,True
4199,BUNKER_VLSFO_ROTTERDAM,2026-04-19 00:00:00,2026-04-19 18:00:00,628.62,USD_PER_MT,2,v1.0,VALID,SYNTHETIC,hash_bnk_004199,True
4200,BUNKER_VLSFO_PARADIP,2026-04-19 00:00:00,2026-04-19 18:00:00,704.08,USD_PER_MT,2,v1.0,VALID,SYNTHETIC,hash_bnk_004200,True
4201,BUNKER_VLSFO_SINGAPORE,2026-04-20 00:00:00,2026-04-20 18:00:00,661.49,USD_PER_MT,2,v1.0,VALID,SYNTHETIC,hash_bnk_004201,True
4202,BUNKER_IFO380_SINGAPORE,2026-04-20 00:00:00,2026-04-20 18:00:00,489.78,USD_PER_MT,2,v1.0,VALID,SYNTHETIC,hash_bnk_004202,True
4203,BUNKER_MGO_SINGAPORE,2026-04-20 00:00:00,2026-04-20 18:00:00,871.52,USD_PER_MT,2,v1.0,VALID,SYNTHETIC,hash_bnk_004203,True
4204,BUNKER_VLSFO_ROTTERDAM,2026-04-20 00:00:00,2026-04-20 18:00:00,632.55,USD_PER_MT,2,v1.0,VALID,SYNTHETIC,hash_bnk_004204,True
4205,BUNKER_VLSFO_PARADIP,2026-04-20 00:00:00,2026-04-20 18:00:00,695.44,USD_PER_MT,2,v1.0,VALID,SYNTHETIC,hash_bnk_004205,True
4206,BUNKER_VLSFO_SINGAPORE,2026-04-21 00:00:00,2026-04-21 18:00:00,660.06,USD_PER_MT,2,v1.0,VALID,SYNTHETIC,hash_bnk_004206,True
4207,BUNKER_IFO380_SINGAPORE,2026-04-21 00:00:00,2026-04-21 18:00:00,486.3,USD_PER_MT,2,v1.0,VALID,SYNTHETIC,hash_bnk_004207,True
4208,BUNKER_MGO_SINGAPORE,2026-04-21 00:00:00,2026-04-21 18:00:00,863.76,USD_PER_MT,2,v1.0,VALID,SYNTHETIC,hash_bnk_004208,True
4209,BUNKER_VLSFO_ROTTERDAM,2026-04-21 00:00:00,2026-04-21 18:00:00,632.05,USD_PER_MT,2,v1.0,VALID,SYNTHETIC,hash_bnk_004209,True
4210,BUNKER_VLSFO_PARADIP,2026-04-21 00:00:00,2026-04-21 18:00:00,699.7,USD_PER_MT,2,v1.0,VALID,SYNTHETIC,hash_bnk_004210,True
4211,BUNKER_VLSFO_SINGAPORE,2026-04-22 00:00:00,2026-04-22 18:00:00,662.38,USD_PER_MT,2,v1.0,VALID,SYNTHETIC,hash_bnk_004211,True
4212,BUNKER_IFO380_SINGAPORE,2026-04-22 00:00:00,2026-04-22 18:00:00,491.01,USD_PER_MT,2,v1.0,VALID,SYNTHETIC,hash_bnk_004212,True
4213,BUNKER_MGO_SINGAPORE,2026-04-22 00:00:00,2026-04-22 18:00:00,866.24,USD_PER_MT,2,v1.0,VALID,SYNTHETIC,hash_bnk_004213,True
4214,BUNKER_VLSFO_ROTTERDAM,2026-04-22 00:00:00,2026-04-22 18:00:00,629.61,USD_PER_MT,2,v1.0,VALID,SYNTHETIC,hash_bnk_004214,True
4215,BUNKER_VLSFO_PARADIP,2026-04-22 00:00:00,2026-04-22 18:00:00,705.51,USD_PER_MT,2,v1.0,VALID,SYNTHETIC,hash_bnk_004215,True
4216,BUNKER_VLSFO_SINGAPORE,2026-04-23 00:00:00,2026-04-23 18:00:00,653.19,USD_PER_MT,2,v1.0,VALID,SYNTHETIC,hash_bnk_004216,True
4217,BUNKER_IFO380_SINGAPORE,2026-04-23 00:00:00,2026-04-23 18:00:00,489.97,USD_PER_MT,2,v1.0,VALID,SYNTHETIC,hash_bnk_004217,True
4218,BUNKER_MGO_SINGAPORE,2026-04-23 00:00:00,2026-04-23 18:00:00,857.12,USD_PER_MT,2,v1.0,VALID,SYNTHETIC,hash_bnk_004218,True
4219,BUNKER_VLSFO_ROTTERDAM,2026-04-23 00:00:00,2026-04-23 18:00:00,628.14,USD_PER_MT,2,v1.0,VALID,SYNTHETIC,hash_bnk_004219,True
4220,BUNKER_VLSFO_PARADIP,2026-04-23 00:00:00,2026-04-23 18:00:00,693.65,USD_PER_MT,2,v1.0,VALID,SYNTHETIC,hash_bnk_004220,True
4221,BUNKER_VLSFO_SINGAPORE,2026-04-24 00:00:00,2026-04-24 18:00:00,659.89,USD_PER_MT,2,v1.0,VALID,SYNTHETIC,hash_bnk_004221,True
4222,BUNKER_IFO380_SINGAPORE,2026-04-24 00:00:00,2026-04-24 18:00:00,483.08,USD_PER_MT,2,v1.0,VALID,SYNTHETIC,hash_bnk_004222,True
4223,BUNKER_MGO_SINGAPORE,2026-04-24 00:00:00,2026-04-24 18:00:00,856.28,USD_PER_MT,2,v1.0,VALID,SYNTHETIC,hash_bnk_004223,True
4224,BUNKER_VLSFO_ROTTERDAM,2026-04-24 00:00:00,2026-04-24 18:00:00,625.62,USD_PER_MT,2,v1.0,VALID,SYNTHETIC,hash_bnk_004224,True
4225,BUNKER_VLSFO_PARADIP,2026-04-24 00:00:00,2026-04-24 18:00:00,692.75,USD_PER_MT,2,v1.0,VALID,SYNTHETIC,hash_bnk_004225,True
4226,BUNKER_VLSFO_SINGAPORE,2026-04-25 00:00:00,2026-04-25 18:00:00,652.13,USD_PER_MT,2,v1.0,VALID,SYNTHETIC,hash_bnk_004226,True
4227,BUNKER_IFO380_SINGAPORE,2026-04-25 00:00:00,2026-04-25 18:00:00,485.45,USD_PER_MT,2,v1.0,VALID,SYNTHETIC,hash_bnk_004227,True
4228,BUNKER_MGO_SINGAPORE,2026-04-25 00:00:00,2026-04-25 18:00:00,863.59,USD_PER_MT,2,v1.0,VALID,SYNTHETIC,hash_bnk_004228,True
4229,BUNKER_VLSFO_ROTTERDAM,2026-04-25 00:00:00,2026-04-25 18:00:00,622.66,USD_PER_MT,2,v1.0,VALID,SYNTHETIC,hash_bnk_004229,True
4230,BUNKER_VLSFO_PARADIP,2026-04-25 00:00:00,2026-04-25 18:00:00,691.94,USD_PER_MT,2,v1.0,VALID,SYNTHETIC,hash_bnk_004230,True
4231,BUNKER_VLSFO_SINGAPORE,2026-04-26 00:00:00,2026-04-26 18:00:00,662.79,USD_PER_MT,2,v1.0,VALID,SYNTHETIC,hash_bnk_004231,True
4232,BUNKER_IFO380_SINGAPORE,2026-04-26 00:00:00,2026-04-26 18:00:00,490.22,USD_PER_MT,2,v1.0,VALID,SYNTHETIC,hash_bnk_004232,True
4233,BUNKER_MGO_SINGAPORE,2026-04-26 00:00:00,2026-04-26 18:00:00,853.74,USD_PER_MT,2,v1.0,VALID,SYNTHETIC,hash_bnk_004233,True
4234,BUNKER_VLSFO_ROTTERDAM,2026-04-26 00:00:00,2026-04-26 18:00:00,625.58,USD_PER_MT,2,v1.0,VALID,SYNTHETIC,hash_bnk_004234,True
4235,BUNKER_VLSFO_PARADIP,2026-04-26 00:00:00,2026-04-26 18:00:00,695.11,USD_PER_MT,2,v1.0,VALID,SYNTHETIC,hash_bnk_004235,True
4236,BUNKER_VLSFO_SINGAPORE,2026-04-27 00:00:00,2026-04-27 18:00:00,657.77,USD_PER_MT,2,v1.0,VALID,SYNTHETIC,hash_bnk_004236,True
4237,BUNKER_IFO380_SINGAPORE,2026-04-27 00:00:00,2026-04-27 18:00:00,482.33,USD_PER_MT,2,v1.0,VALID,SYNTHETIC,hash_bnk_004237,True
4238,BUNKER_MGO_SINGAPORE,2026-04-27 00:00:00,2026-04-27 18:00:00,849.59,USD_PER_MT,2,v1.0,VALID,SYNTHETIC,hash_bnk_004238,True
4239,BUNKER_VLSFO_ROTTERDAM,2026-04-27 00:00:00,2026-04-27 18:00:00,624.72,USD_PER_MT,2,v1.0,VALID,SYNTHETIC,hash_bnk_004239,True
4240,BUNKER_VLSFO_PARADIP,2026-04-27 00:00:00,2026-04-27 18:00:00,694.43,USD_PER_MT,2,v1.0,VALID,SYNTHETIC,hash_bnk_004240,True
4241,BUNKER_VLSFO_SINGAPORE,2026-04-28 00:00:00,2026-04-28 18:00:00,659.36,USD_PER_MT,2,v1.0,VALID,SYNTHETIC,hash_bnk_004241,True
4242,BUNKER_IFO380_SINGAPORE,2026-04-28 00:00:00,2026-04-28 18:00:00,488.72,USD_PER_MT,2,v1.0,VALID,SYNTHETIC,hash_bnk_004242,True
4243,BUNKER_MGO_SINGAPORE,2026-04-28 00:00:00,2026-04-28 18:00:00,843.19,USD_PER_MT,2,v1.0,VALID,SYNTHETIC,hash_bnk_004243,True
4244,BUNKER_VLSFO_ROTTERDAM,2026-04-28 00:00:00,2026-04-28 18:00:00,617.87,USD_PER_MT,2,v1.0,VALID,SYNTHETIC,hash_bnk_004244,True
4245,BUNKER_VLSFO_PARADIP,2026-04-28 00:00:00,2026-04-28 18:00:00,689.08,USD_PER_MT,2,v1.0,VALID,SYNTHETIC,hash_bnk_004245,True
4246,BUNKER_VLSFO_SINGAPORE,2026-04-29 00:00:00,2026-04-29 18:00:00,659.22,USD_PER_MT,2,v1.0,VALID,SYNTHETIC,hash_bnk_004246,True
4247,BUNKER_IFO380_SINGAPORE,2026-04-29 00:00:00,2026-04-29 18:00:00,486.73,USD_PER_MT,2,v1.0,VALID,SYNTHETIC,hash_bnk_004247,True
4248,BUNKER_MGO_SINGAPORE,2026-04-29 00:00:00,2026-04-29 18:00:00,858.78,USD_PER_MT,2,v1.0,VALID,SYNTHETIC,hash_bnk_004248,True
4249,BUNKER_VLSFO_ROTTERDAM,2026-04-29 00:00:00,2026-04-29 18:00:00,621.66,USD_PER_MT,2,v1.0,VALID,SYNTHETIC,hash_bnk_004249,True
4250,BUNKER_VLSFO_PARADIP,2026-04-29 00:00:00,2026-04-29 18:00:00,681.55,USD_PER_MT,2,v1.0,VALID,SYNTHETIC,hash_bnk_004250,True
4251,BUNKER_VLSFO_SINGAPORE,2026-04-30 00:00:00,2026-04-30 18:00:00,656.48,USD_PER_MT,2,v1.0,VALID,SYNTHETIC,hash_bnk_004251,True
4252,BUNKER_IFO380_SINGAPORE,2026-04-30 00:00:00,2026-04-30 18:00:00,485.48,USD_PER_MT,2,v1.0,VALID,SYNTHETIC,hash_bnk_004252,True
4253,BUNKER_MGO_SINGAPORE,2026-04-30 00:00:00,2026-04-30 18:00:00,855.26,USD_PER_MT,2,v1.0,VALID,SYNTHETIC,hash_bnk_004253,True
4254,BUNKER_VLSFO_ROTTERDAM,2026-04-30 00:00:00,2026-04-30 18:00:00,624.27,USD_PER_MT,2,v1.0,VALID,SYNTHETIC,hash_bnk_004254,True
4255,BUNKER_VLSFO_PARADIP,2026-04-30 00:00:00,2026-04-30 18:00:00,690.44,USD_PER_MT,2,v1.0,VALID,SYNTHETIC,hash_bnk_004255,True
4256,BUNKER_VLSFO_SINGAPORE,2026-05-01 00:00:00,2026-05-01 18:00:00,651.09,USD_PER_MT,2,v1.0,VALID,SYNTHETIC,hash_bnk_004256,True
4257,BUNKER_IFO380_SINGAPORE,2026-05-01 00:00:00,2026-05-01 18:00:00,495.12,USD_PER_MT,2,v1.0,VALID,SYNTHETIC,hash_bnk_004257,True
4258,BUNKER_MGO_SINGAPORE,2026-05-01 00:00:00,2026-05-01 18:00:00,854.43,USD_PER_MT,2,v1.0,VALID,SYNTHETIC,hash_bnk_004258,True
4259,BUNKER_VLSFO_ROTTERDAM,2026-05-01 00:00:00,2026-05-01 18:00:00,614.64,USD_PER_MT,2,v1.0,VALID,SYNTHETIC,hash_bnk_004259,True
4260,BUNKER_VLSFO_PARADIP,2026-05-01 00:00:00,2026-05-01 18:00:00,692.45,USD_PER_MT,2,v1.0,VALID,SYNTHETIC,hash_bnk_004260,True
4261,BUNKER_VLSFO_SINGAPORE,2026-05-02 00:00:00,2026-05-02 18:00:00,643.63,USD_PER_MT,2,v1.0,VALID,SYNTHETIC,hash_bnk_004261,True
4262,BUNKER_IFO380_SINGAPORE,2026-05-02 00:00:00,2026-05-02 18:00:00,482.24,USD_PER_MT,2,v1.0,VALID,SYNTHETIC,hash_bnk_004262,True
4263,BUNKER_MGO_SINGAPORE,2026-05-02 00:00:00,2026-05-02 18:00:00,851.93,USD_PER_MT,2,v1.0,VALID,SYNTHETIC,hash_bnk_004263,True
4264,BUNKER_VLSFO_ROTTERDAM,2026-05-02 00:00:00,2026-05-02 18:00:00,625.6,USD_PER_MT,2,v1.0,VALID,SYNTHETIC,hash_bnk_004264,True
4265,BUNKER_VLSFO_PARADIP,2026-05-02 00:00:00,2026-05-02 18:00:00,681.09,USD_PER_MT,2,v1.0,VALID,SYNTHETIC,hash_bnk_004265,True
4266,BUNKER_VLSFO_SINGAPORE,2026-05-03 00:00:00,2026-05-03 18:00:00,656.26,USD_PER_MT,2,v1.0,VALID,SYNTHETIC,hash_bnk_004266,True
4267,BUNKER_IFO380_SINGAPORE,2026-05-03 00:00:00,2026-05-03 18:00:00,480.34,USD_PER_MT,2,v1.0,VALID,SYNTHETIC,hash_bnk_004267,True
4268,BUNKER_MGO_SINGAPORE,2026-05-03 00:00:00,2026-05-03 18:00:00,844.15,USD_PER_MT,2,v1.0,VALID,SYNTHETIC,hash_bnk_004268,True
4269,BUNKER_VLSFO_ROTTERDAM,2026-05-03 00:00:00,2026-05-03 18:00:00,617.19,USD_PER_MT,2,v1.0,VALID,SYNTHETIC,hash_bnk_004269,True
4270,BUNKER_VLSFO_PARADIP,2026-05-03 00:00:00,2026-05-03 18:00:00,688.9,USD_PER_MT,2,v1.0,VALID,SYNTHETIC,hash_bnk_004270,True
4271,BUNKER_VLSFO_SINGAPORE,2026-05-04 00:00:00,2026-05-04 18:00:00,646.14,USD_PER_MT,2,v1.0,VALID,SYNTHETIC,hash_bnk_004271,True
4272,BUNKER_IFO380_SINGAPORE,2026-05-04 00:00:00,2026-05-04 18:00:00,484.08,USD_PER_MT,2,v1.0,VALID,SYNTHETIC,hash_bnk_004272,True
4273,BUNKER_MGO_SINGAPORE,2026-05-04 00:00:00,2026-05-04 18:00:00,853.61,USD_PER_MT,2,v1.0,VALID,SYNTHETIC,hash_bnk_004273,True
4274,BUNKER_VLSFO_ROTTERDAM,2026-05-04 00:00:00,2026-05-04 18:00:00,613.11,USD_PER_MT,2,v1.0,VALID,SYNTHETIC,hash_bnk_004274,True
4275,BUNKER_VLSFO_PARADIP,2026-05-04 00:00:00,2026-05-04 18:00:00,682.78,USD_PER_MT,2,v1.0,VALID,SYNTHETIC,hash_bnk_004275,True
4276,BUNKER_VLSFO_SINGAPORE,2026-05-05 00:00:00,2026-05-05 18:00:00,646.22,USD_PER_MT,2,v1.0,VALID,SYNTHETIC,hash_bnk_004276,True
4277,BUNKER_IFO380_SINGAPORE,2026-05-05 00:00:00,2026-05-05 18:00:00,485.38,USD_PER_MT,2,v1.0,VALID,SYNTHETIC,hash_bnk_004277,True
4278,BUNKER_MGO_SINGAPORE,2026-05-05 00:00:00,2026-05-05 18:00:00,846.89,USD_PER_MT,2,v1.0,VALID,SYNTHETIC,hash_bnk_004278,True
4279,BUNKER_VLSFO_ROTTERDAM,2026-05-05 00:00:00,2026-05-05 18:00:00,619.13,USD_PER_MT,2,v1.0,VALID,SYNTHETIC,hash_bnk_004279,True
4280,BUNKER_VLSFO_PARADIP,2026-05-05 00:00:00,2026-05-05 18:00:00,681.56,USD_PER_MT,2,v1.0,VALID,SYNTHETIC,hash_bnk_004280,True
4281,BUNKER_VLSFO_SINGAPORE,2026-05-06 00:00:00,2026-05-06 18:00:00,654.81,USD_PER_MT,2,v1.0,VALID,SYNTHETIC,hash_bnk_004281,True
4282,BUNKER_IFO380_SINGAPORE,2026-05-06 00:00:00,2026-05-06 18:00:00,484.96,USD_PER_MT,2,v1.0,VALID,SYNTHETIC,hash_bnk_004282,True
4283,BUNKER_MGO_SINGAPORE,2026-05-06 00:00:00,2026-05-06 18:00:00,845.66,USD_PER_MT,2,v1.0,VALID,SYNTHETIC,hash_bnk_004283,True
4284,BUNKER_VLSFO_ROTTERDAM,2026-05-06 00:00:00,2026-05-06 18:00:00,623.71,USD_PER_MT,2,v1.0,VALID,SYNTHETIC,hash_bnk_004284,True
4285,BUNKER_VLSFO_PARADIP,2026-05-06 00:00:00,2026-05-06 18:00:00,683.66,USD_PER_MT,2,v1.0,VALID,SYNTHETIC,hash_bnk_004285,True
4286,BUNKER_VLSFO_SINGAPORE,2026-05-07 00:00:00,2026-05-07 18:00:00,641.99,USD_PER_MT,2,v1.0,VALID,SYNTHETIC,hash_bnk_004286,True
4287,BUNKER_IFO380_SINGAPORE,2026-05-07 00:00:00,2026-05-07 18:00:00,477.76,USD_PER_MT,2,v1.0,VALID,SYNTHETIC,hash_bnk_004287,True
4288,BUNKER_MGO_SINGAPORE,2026-05-07 00:00:00,2026-05-07 18:00:00,847.56,USD_PER_MT,2,v1.0,VALID,SYNTHETIC,hash_bnk_004288,True
4289,BUNKER_VLSFO_ROTTERDAM,2026-05-07 00:00:00,2026-05-07 18:00:00,615.6,USD_PER_MT,2,v1.0,VALID,SYNTHETIC,hash_bnk_004289,True
4290,BUNKER_VLSFO_PARADIP,2026-05-07 00:00:00,2026-05-07 18:00:00,679.74,USD_PER_MT,2,v1.0,VALID,SYNTHETIC,hash_bnk_004290,True
4291,BUNKER_VLSFO_SINGAPORE,2026-05-08 00:00:00,2026-05-08 18:00:00,643.47,USD_PER_MT,2,v1.0,VALID,SYNTHETIC,hash_bnk_004291,True
4292,BUNKER_IFO380_SINGAPORE,2026-05-08 00:00:00,2026-05-08 18:00:00,482.02,USD_PER_MT,2,v1.0,VALID,SYNTHETIC,hash_bnk_004292,True
4293,BUNKER_MGO_SINGAPORE,2026-05-08 00:00:00,2026-05-08 18:00:00,843.48,USD_PER_MT,2,v1.0,VALID,SYNTHETIC,hash_bnk_004293,True
4294,BUNKER_VLSFO_ROTTERDAM,2026-05-08 00:00:00,2026-05-08 18:00:00,611.68,USD_PER_MT,2,v1.0,VALID,SYNTHETIC,hash_bnk_004294,True
4295,BUNKER_VLSFO_PARADIP,2026-05-08 00:00:00,2026-05-08 18:00:00,677.35,USD_PER_MT,2,v1.0,VALID,SYNTHETIC,hash_bnk_004295,True
4296,BUNKER_VLSFO_SINGAPORE,2026-05-09 00:00:00,2026-05-09 18:00:00,638.46,USD_PER_MT,2,v1.0,VALID,SYNTHETIC,hash_bnk_004296,True
4297,BUNKER_IFO380_SINGAPORE,2026-05-09 00:00:00,2026-05-09 18:00:00,473.68,USD_PER_MT,2,v1.0,VALID,SYNTHETIC,hash_bnk_004297,True
4298,BUNKER_MGO_SINGAPORE,2026-05-09 00:00:00,2026-05-09 18:00:00,840.48,USD_PER_MT,2,v1.0,VALID,SYNTHETIC,hash_bnk_004298,True
4299,BUNKER_VLSFO_ROTTERDAM,2026-05-09 00:00:00,2026-05-09 18:00:00,614.2,USD_PER_MT,2,v1.0,VALID,SYNTHETIC,hash_bnk_004299,True
4300,BUNKER_VLSFO_PARADIP,2026-05-09 00:00:00,2026-05-09 18:00:00,684.18,USD_PER_MT,2,v1.0,VALID,SYNTHETIC,hash_bnk_004300,True
4301,BUNKER_VLSFO_SINGAPORE,2026-05-10 00:00:00,2026-05-10 18:00:00,640.21,USD_PER_MT,2,v1.0,VALID,SYNTHETIC,hash_bnk_004301,True
4302,BUNKER_IFO380_SINGAPORE,2026-05-10 00:00:00,2026-05-10 18:00:00,480.05,USD_PER_MT,2,v1.0,VALID,SYNTHETIC,hash_bnk_004302,True
4303,BUNKER_MGO_SINGAPORE,2026-05-10 00:00:00,2026-05-10 18:00:00,842.58,USD_PER_MT,2,v1.0,VALID,SYNTHETIC,hash_bnk_004303,True
4304,BUNKER_VLSFO_ROTTERDAM,2026-05-10 00:00:00,2026-05-10 18:00:00,614.43,USD_PER_MT,2,v1.0,VALID,SYNTHETIC,hash_bnk_004304,True
4305,BUNKER_VLSFO_PARADIP,2026-05-10 00:00:00,2026-05-10 18:00:00,672.36,USD_PER_MT,2,v1.0,VALID,SYNTHETIC,hash_bnk_004305,True
4306,BUNKER_VLSFO_SINGAPORE,2026-05-11 00:00:00,2026-05-11 18:00:00,647.53,USD_PER_MT,2,v1.0,VALID,SYNTHETIC,hash_bnk_004306,True
4307,BUNKER_IFO380_SINGAPORE,2026-05-11 00:00:00,2026-05-11 18:00:00,480.6,USD_PER_MT,2,v1.0,VALID,SYNTHETIC,hash_bnk_004307,True
4308,BUNKER_MGO_SINGAPORE,2026-05-11 00:00:00,2026-05-11 18:00:00,836.03,USD_PER_MT,2,v1.0,VALID,SYNTHETIC,hash_bnk_004308,True
4309,BUNKER_VLSFO_ROTTERDAM,2026-05-11 00:00:00,2026-05-11 18:00:00,617.87,USD_PER_MT,2,v1.0,VALID,SYNTHETIC,hash_bnk_004309,True
4310,BUNKER_VLSFO_PARADIP,2026-05-11 00:00:00,2026-05-11 18:00:00,683.71,USD_PER_MT,2,v1.0,VALID,SYNTHETIC,hash_bnk_004310,True
4311,BUNKER_VLSFO_SINGAPORE,2026-05-12 00:00:00,2026-05-12 18:00:00,643.4,USD_PER_MT,2,v1.0,VALID,SYNTHETIC,hash_bnk_004311,True
4312,BUNKER_IFO380_SINGAPORE,2026-05-12 00:00:00,2026-05-12 18:00:00,471.91,USD_PER_MT,2,v1.0,VALID,SYNTHETIC,hash_bnk_004312,True
4313,BUNKER_MGO_SINGAPORE,2026-05-12 00:00:00,2026-05-12 18:00:00,830.29,USD_PER_MT,2,v1.0,VALID,SYNTHETIC,hash_bnk_004313,True
4314,BUNKER_VLSFO_ROTTERDAM,2026-05-12 00:00:00,2026-05-12 18:00:00,614.84,USD_PER_MT,2,v1.0,VALID,SYNTHETIC,hash_bnk_004314,True
4315,BUNKER_VLSFO_PARADIP,2026-05-12 00:00:00,2026-05-12 18:00:00,676.05,USD_PER_MT,2,v1.0,VALID,SYNTHETIC,hash_bnk_004315,True
4316,BUNKER_VLSFO_SINGAPORE,2026-05-13 00:00:00,2026-05-13 18:00:00,646.78,USD_PER_MT,2,v1.0,VALID,SYNTHETIC,hash_bnk_004316,True
4317,BUNKER_IFO380_SINGAPORE,2026-05-13 00:00:00,2026-05-13 18:00:00,472.85,USD_PER_MT,2,v1.0,VALID,SYNTHETIC,hash_bnk_004317,True
4318,BUNKER_MGO_SINGAPORE,2026-05-13 00:00:00,2026-05-13 18:00:00,834.58,USD_PER_MT,2,v1.0,VALID,SYNTHETIC,hash_bnk_004318,True
4319,BUNKER_VLSFO_ROTTERDAM,2026-05-13 00:00:00,2026-05-13 18:00:00,615.0,USD_PER_MT,2,v1.0,VALID,SYNTHETIC,hash_bnk_004319,True
4320,BUNKER_VLSFO_PARADIP,2026-05-13 00:00:00,2026-05-13 18:00:00,681.31,USD_PER_MT,2,v1.0,VALID,SYNTHETIC,hash_bnk_004320,True
4321,BUNKER_VLSFO_SINGAPORE,2026-05-14 00:00:00,2026-05-14 18:00:00,638.31,USD_PER_MT,2,v1.0,VALID,SYNTHETIC,hash_bnk_004321,True
4322,BUNKER_IFO380_SINGAPORE,2026-05-14 00:00:00,2026-05-14 18:00:00,478.45,USD_PER_MT,2,v1.0,VALID,SYNTHETIC,hash_bnk_004322,True
4323,BUNKER_MGO_SINGAPORE,2026-05-14 00:00:00,2026-05-14 18:00:00,843.97,USD_PER_MT,2,v1.0,VALID,SYNTHETIC,hash_bnk_004323,True
4324,BUNKER_VLSFO_ROTTERDAM,2026-05-14 00:00:00,2026-05-14 18:00:00,610.76,USD_PER_MT,2,v1.0,VALID,SYNTHETIC,hash_bnk_004324,True
4325,BUNKER_VLSFO_PARADIP,2026-05-14 00:00:00,2026-05-14 18:00:00,677.87,USD_PER_MT,2,v1.0,VALID,SYNTHETIC,hash_bnk_004325,True
4326,BUNKER_VLSFO_SINGAPORE,2026-05-15 00:00:00,2026-05-15 18:00:00,636.67,USD_PER_MT,2,v1.0,VALID,SYNTHETIC,hash_bnk_004326,True
4327,BUNKER_IFO380_SINGAPORE,2026-05-15 00:00:00,2026-05-15 18:00:00,476.4,USD_PER_MT,2,v1.0,VALID,SYNTHETIC,hash_bnk_004327,True
4328,BUNKER_MGO_SINGAPORE,2026-05-15 00:00:00,2026-05-15 18:00:00,836.64,USD_PER_MT,2,v1.0,VALID,SYNTHETIC,hash_bnk_004328,True
4329,BUNKER_VLSFO_ROTTERDAM,2026-05-15 00:00:00,2026-05-15 18:00:00,608.22,USD_PER_MT,2,v1.0,VALID,SYNTHETIC,hash_bnk_004329,True
4330,BUNKER_VLSFO_PARADIP,2026-05-15 00:00:00,2026-05-15 18:00:00,677.01,USD_PER_MT,2,v1.0,VALID,SYNTHETIC,hash_bnk_004330,True
4331,BUNKER_VLSFO_SINGAPORE,2026-05-16 00:00:00,2026-05-16 18:00:00,632.59,USD_PER_MT,2,v1.0,VALID,SYNTHETIC,hash_bnk_004331,True
4332,BUNKER_IFO380_SINGAPORE,2026-05-16 00:00:00,2026-05-16 18:00:00,475.41,USD_PER_MT,2,v1.0,VALID,SYNTHETIC,hash_bnk_004332,True
4333,BUNKER_MGO_SINGAPORE,2026-05-16 00:00:00,2026-05-16 18:00:00,826.64,USD_PER_MT,2,v1.0,VALID,SYNTHETIC,hash_bnk_004333,True
4334,BUNKER_VLSFO_ROTTERDAM,2026-05-16 00:00:00,2026-05-16 18:00:00,610.24,USD_PER_MT,2,v1.0,VALID,SYNTHETIC,hash_bnk_004334,True
4335,BUNKER_VLSFO_PARADIP,2026-05-16 00:00:00,2026-05-16 18:00:00,676.09,USD_PER_MT,2,v1.0,VALID,SYNTHETIC,hash_bnk_004335,True
4336,BUNKER_VLSFO_SINGAPORE,2026-05-17 00:00:00,2026-05-17 18:00:00,646.83,USD_PER_MT,2,v1.0,VALID,SYNTHETIC,hash_bnk_004336,True
4337,BUNKER_IFO380_SINGAPORE,2026-05-17 00:00:00,2026-05-17 18:00:00,478.13,USD_PER_MT,2,v1.0,VALID,SYNTHETIC,hash_bnk_004337,True
4338,BUNKER_MGO_SINGAPORE,2026-05-17 00:00:00,2026-05-17 18:00:00,832.12,USD_PER_MT,2,v1.0,VALID,SYNTHETIC,hash_bnk_004338,True
4339,BUNKER_VLSFO_ROTTERDAM,2026-05-17 00:00:00,2026-05-17 18:00:00,610.66,USD_PER_MT,2,v1.0,VALID,SYNTHETIC,hash_bnk_004339,True
4340,BUNKER_VLSFO_PARADIP,2026-05-17 00:00:00,2026-05-17 18:00:00,676.98,USD_PER_MT,2,v1.0,VALID,SYNTHETIC,hash_bnk_004340,True
4341,BUNKER_VLSFO_SINGAPORE,2026-05-18 00:00:00,2026-05-18 18:00:00,638.34,USD_PER_MT,2,v1.0,VALID,SYNTHETIC,hash_bnk_004341,True
4342,BUNKER_IFO380_SINGAPORE,2026-05-18 00:00:00,2026-05-18 18:00:00,469.87,USD_PER_MT,2,v1.0,VALID,SYNTHETIC,hash_bnk_004342,True
4343,BUNKER_MGO_SINGAPORE,2026-05-18 00:00:00,2026-05-18 18:00:00,846.63,USD_PER_MT,2,v1.0,VALID,SYNTHETIC,hash_bnk_004343,True
4344,BUNKER_VLSFO_ROTTERDAM,2026-05-18 00:00:00,2026-05-18 18:00:00,611.68,USD_PER_MT,2,v1.0,VALID,SYNTHETIC,hash_bnk_004344,True
4345,BUNKER_VLSFO_PARADIP,2026-05-18 00:00:00,2026-05-18 18:00:00,669.81,USD_PER_MT,2,v1.0,VALID,SYNTHETIC,hash_bnk_004345,True
4346,BUNKER_VLSFO_SINGAPORE,2026-05-19 00:00:00,2026-05-19 18:00:00,638.26,USD_PER_MT,2,v1.0,VALID,SYNTHETIC,hash_bnk_004346,True
4347,BUNKER_IFO380_SINGAPORE,2026-05-19 00:00:00,2026-05-19 18:00:00,467.46,USD_PER_MT,2,v1.0,VALID,SYNTHETIC,hash_bnk_004347,True
4348,BUNKER_MGO_SINGAPORE,2026-05-19 00:00:00,2026-05-19 18:00:00,821.82,USD_PER_MT,2,v1.0,VALID,SYNTHETIC,hash_bnk_004348,True
4349,BUNKER_VLSFO_ROTTERDAM,2026-05-19 00:00:00,2026-05-19 18:00:00,603.72,USD_PER_MT,2,v1.0,VALID,SYNTHETIC,hash_bnk_004349,True
4350,BUNKER_VLSFO_PARADIP,2026-05-19 00:00:00,2026-05-19 18:00:00,666.73,USD_PER_MT,2,v1.0,VALID,SYNTHETIC,hash_bnk_004350,True
4351,BUNKER_VLSFO_SINGAPORE,2026-05-20 00:00:00,2026-05-20 18:00:00,634.77,USD_PER_MT,2,v1.0,VALID,SYNTHETIC,hash_bnk_004351,True
4352,BUNKER_IFO380_SINGAPORE,2026-05-20 00:00:00,2026-05-20 18:00:00,472.55,USD_PER_MT,2,v1.0,VALID,SYNTHETIC,hash_bnk_004352,True
4353,BUNKER_MGO_SINGAPORE,2026-05-20 00:00:00,2026-05-20 18:00:00,825.19,USD_PER_MT,2,v1.0,VALID,SYNTHETIC,hash_bnk_004353,True
4354,BUNKER_VLSFO_ROTTERDAM,2026-05-20 00:00:00,2026-05-20 18:00:00,604.68,USD_PER_MT,2,v1.0,VALID,SYNTHETIC,hash_bnk_004354,True
4355,BUNKER_VLSFO_PARADIP,2026-05-20 00:00:00,2026-05-20 18:00:00,668.46,USD_PER_MT,2,v1.0,VALID,SYNTHETIC,hash_bnk_004355,True
4356,BUNKER_VLSFO_SINGAPORE,2026-05-21 00:00:00,2026-05-21 18:00:00,629.66,USD_PER_MT,2,v1.0,VALID,SYNTHETIC,hash_bnk_004356,True
4357,BUNKER_IFO380_SINGAPORE,2026-05-21 00:00:00,2026-05-21 18:00:00,473.98,USD_PER_MT,2,v1.0,VALID,SYNTHETIC,hash_bnk_004357,True
4358,BUNKER_MGO_SINGAPORE,2026-05-21 00:00:00,2026-05-21 18:00:00,833.98,USD_PER_MT,2,v1.0,VALID,SYNTHETIC,hash_bnk_004358,True
4359,BUNKER_VLSFO_ROTTERDAM,2026-05-21 00:00:00,2026-05-21 18:00:00,603.94,USD_PER_MT,2,v1.0,VALID,SYNTHETIC,hash_bnk_004359,True
4360,BUNKER_VLSFO_PARADIP,2026-05-21 00:00:00,2026-05-21 18:00:00,668.75,USD_PER_MT,2,v1.0,VALID,SYNTHETIC,hash_bnk_004360,True
4361,BUNKER_VLSFO_SINGAPORE,2026-05-22 00:00:00,2026-05-22 18:00:00,633.67,USD_PER_MT,2,v1.0,VALID,SYNTHETIC,hash_bnk_004361,True
4362,BUNKER_IFO380_SINGAPORE,2026-05-22 00:00:00,2026-05-22 18:00:00,467.92,USD_PER_MT,2,v1.0,VALID,SYNTHETIC,hash_bnk_004362,True
4363,BUNKER_MGO_SINGAPORE,2026-05-22 00:00:00,2026-05-22 18:00:00,827.27,USD_PER_MT,2,v1.0,VALID,SYNTHETIC,hash_bnk_004363,True
4364,BUNKER_VLSFO_ROTTERDAM,2026-05-22 00:00:00,2026-05-22 18:00:00,601.69,USD_PER_MT,2,v1.0,VALID,SYNTHETIC,hash_bnk_004364,True
4365,BUNKER_VLSFO_PARADIP,2026-05-22 00:00:00,2026-05-22 18:00:00,672.02,USD_PER_MT,2,v1.0,VALID,SYNTHETIC,hash_bnk_004365,True
4366,BUNKER_VLSFO_SINGAPORE,2026-05-23 00:00:00,2026-05-23 18:00:00,623.71,USD_PER_MT,2,v1.0,VALID,SYNTHETIC,hash_bnk_004366,True
4367,BUNKER_IFO380_SINGAPORE,2026-05-23 00:00:00,2026-05-23 18:00:00,470.52,USD_PER_MT,2,v1.0,VALID,SYNTHETIC,hash_bnk_004367,True
4368,BUNKER_MGO_SINGAPORE,2026-05-23 00:00:00,2026-05-23 18:00:00,835.39,USD_PER_MT,2,v1.0,VALID,SYNTHETIC,hash_bnk_004368,True
4369,BUNKER_VLSFO_ROTTERDAM,2026-05-23 00:00:00,2026-05-23 18:00:00,597.39,USD_PER_MT,2,v1.0,VALID,SYNTHETIC,hash_bnk_004369,True
4370,BUNKER_VLSFO_PARADIP,2026-05-23 00:00:00,2026-05-23 18:00:00,668.07,USD_PER_MT,2,v1.0,VALID,SYNTHETIC,hash_bnk_004370,True
4371,BUNKER_VLSFO_SINGAPORE,2026-05-24 00:00:00,2026-05-24 18:00:00,628.66,USD_PER_MT,2,v1.0,VALID,SYNTHETIC,hash_bnk_004371,True
4372,BUNKER_IFO380_SINGAPORE,2026-05-24 00:00:00,2026-05-24 18:00:00,468.65,USD_PER_MT,2,v1.0,VALID,SYNTHETIC,hash_bnk_004372,True
4373,BUNKER_MGO_SINGAPORE,2026-05-24 00:00:00,2026-05-24 18:00:00,826.47,USD_PER_MT,2,v1.0,VALID,SYNTHETIC,hash_bnk_004373,True
4374,BUNKER_VLSFO_ROTTERDAM,2026-05-24 00:00:00,2026-05-24 18:00:00,599.62,USD_PER_MT,2,v1.0,VALID,SYNTHETIC,hash_bnk_004374,True
4375,BUNKER_VLSFO_PARADIP,2026-05-24 00:00:00,2026-05-24 18:00:00,657.86,USD_PER_MT,2,v1.0,VALID,SYNTHETIC,hash_bnk_004375,True
4376,BUNKER_VLSFO_SINGAPORE,2026-05-25 00:00:00,2026-05-25 18:00:00,632.29,USD_PER_MT,2,v1.0,VALID,SYNTHETIC,hash_bnk_004376,True
4377,BUNKER_IFO380_SINGAPORE,2026-05-25 00:00:00,2026-05-25 18:00:00,463.68,USD_PER_MT,2,v1.0,VALID,SYNTHETIC,hash_bnk_004377,True
4378,BUNKER_MGO_SINGAPORE,2026-05-25 00:00:00,2026-05-25 18:00:00,821.26,USD_PER_MT,2,v1.0,VALID,SYNTHETIC,hash_bnk_004378,True
4379,BUNKER_VLSFO_ROTTERDAM,2026-05-25 00:00:00,2026-05-25 18:00:00,593.32,USD_PER_MT,2,v1.0,VALID,SYNTHETIC,hash_bnk_004379,True
4380,BUNKER_VLSFO_PARADIP,2026-05-25 00:00:00,2026-05-25 18:00:00,663.21,USD_PER_MT,2,v1.0,VALID,SYNTHETIC,hash_bnk_004380,True
4381,BUNKER_VLSFO_SINGAPORE,2026-05-26 00:00:00,2026-05-26 18:00:00,630.38,USD_PER_MT,2,v1.0,VALID,SYNTHETIC,hash_bnk_004381,True
4382,BUNKER_IFO380_SINGAPORE,2026-05-26 00:00:00,2026-05-26 18:00:00,466.57,USD_PER_MT,2,v1.0,VALID,SYNTHETIC,hash_bnk_004382,True
4383,BUNKER_MGO_SINGAPORE,2026-05-26 00:00:00,2026-05-26 18:00:00,829.38,USD_PER_MT,2,v1.0,VALID,SYNTHETIC,hash_bnk_004383,True
4384,BUNKER_VLSFO_ROTTERDAM,2026-05-26 00:00:00,2026-05-26 18:00:00,604.11,USD_PER_MT,2,v1.0,VALID,SYNTHETIC,hash_bnk_004384,True
4385,BUNKER_VLSFO_PARADIP,2026-05-26 00:00:00,2026-05-26 18:00:00,664.54,USD_PER_MT,2,v1.0,VALID,SYNTHETIC,hash_bnk_004385,True
4386,BUNKER_VLSFO_SINGAPORE,2026-05-27 00:00:00,2026-05-27 18:00:00,622.91,USD_PER_MT,2,v1.0,VALID,SYNTHETIC,hash_bnk_004386,True
4387,BUNKER_IFO380_SINGAPORE,2026-05-27 00:00:00,2026-05-27 18:00:00,456.07,USD_PER_MT,2,v1.0,VALID,SYNTHETIC,hash_bnk_004387,True
4388,BUNKER_MGO_SINGAPORE,2026-05-27 00:00:00,2026-05-27 18:00:00,817.14,USD_PER_MT,2,v1.0,VALID,SYNTHETIC,hash_bnk_004388,True
4389,BUNKER_VLSFO_ROTTERDAM,2026-05-27 00:00:00,2026-05-27 18:00:00,598.82,USD_PER_MT,2,v1.0,VALID,SYNTHETIC,hash_bnk_004389,True
4390,BUNKER_VLSFO_PARADIP,2026-05-27 00:00:00,2026-05-27 18:00:00,664.55,USD_PER_MT,2,v1.0,VALID,SYNTHETIC,hash_bnk_004390,True
4391,BUNKER_VLSFO_SINGAPORE,2026-05-28 00:00:00,2026-05-28 18:00:00,620.71,USD_PER_MT,2,v1.0,VALID,SYNTHETIC,hash_bnk_004391,True
4392,BUNKER_IFO380_SINGAPORE,2026-05-28 00:00:00,2026-05-28 18:00:00,466.56,USD_PER_MT,2,v1.0,VALID,SYNTHETIC,hash_bnk_004392,True
4393,BUNKER_MGO_SINGAPORE,2026-05-28 00:00:00,2026-05-28 18:00:00,810.18,USD_PER_MT,2,v1.0,VALID,SYNTHETIC,hash_bnk_004393,True
4394,BUNKER_VLSFO_ROTTERDAM,2026-05-28 00:00:00,2026-05-28 18:00:00,601.55,USD_PER_MT,2,v1.0,VALID,SYNTHETIC,hash_bnk_004394,True
4395,BUNKER_VLSFO_PARADIP,2026-05-28 00:00:00,2026-05-28 18:00:00,662.14,USD_PER_MT,2,v1.0,VALID,SYNTHETIC,hash_bnk_004395,True
4396,BUNKER_VLSFO_SINGAPORE,2026-05-29 00:00:00,2026-05-29 18:00:00,631.76,USD_PER_MT,2,v1.0,VALID,SYNTHETIC,hash_bnk_004396,True
4397,BUNKER_IFO380_SINGAPORE,2026-05-29 00:00:00,2026-05-29 18:00:00,461.97,USD_PER_MT,2,v1.0,VALID,SYNTHETIC,hash_bnk_004397,True
4398,BUNKER_MGO_SINGAPORE,2026-05-29 00:00:00,2026-05-29 18:00:00,812.28,USD_PER_MT,2,v1.0,VALID,SYNTHETIC,hash_bnk_004398,True
4399,BUNKER_VLSFO_ROTTERDAM,2026-05-29 00:00:00,2026-05-29 18:00:00,597.4,USD_PER_MT,2,v1.0,VALID,SYNTHETIC,hash_bnk_004399,True
4400,BUNKER_VLSFO_PARADIP,2026-05-29 00:00:00,2026-05-29 18:00:00,661.34,USD_PER_MT,2,v1.0,VALID,SYNTHETIC,hash_bnk_004400,True
4401,BUNKER_VLSFO_SINGAPORE,2026-05-30 00:00:00,2026-05-30 18:00:00,628.6,USD_PER_MT,2,v1.0,VALID,SYNTHETIC,hash_bnk_004401,True
4402,BUNKER_IFO380_SINGAPORE,2026-05-30 00:00:00,2026-05-30 18:00:00,463.42,USD_PER_MT,2,v1.0,VALID,SYNTHETIC,hash_bnk_004402,True
4403,BUNKER_MGO_SINGAPORE,2026-05-30 00:00:00,2026-05-30 18:00:00,821.26,USD_PER_MT,2,v1.0,VALID,SYNTHETIC,hash_bnk_004403,True
4404,BUNKER_VLSFO_ROTTERDAM,2026-05-30 00:00:00,2026-05-30 18:00:00,588.75,USD_PER_MT,2,v1.0,VALID,SYNTHETIC,hash_bnk_004404,True
4405,BUNKER_VLSFO_PARADIP,2026-05-30 00:00:00,2026-05-30 18:00:00,659.29,USD_PER_MT,2,v1.0,VALID,SYNTHETIC,hash_bnk_004405,True
4406,BUNKER_VLSFO_SINGAPORE,2026-05-31 00:00:00,2026-05-31 18:00:00,624.81,USD_PER_MT,2,v1.0,VALID,SYNTHETIC,hash_bnk_004406,True
4407,BUNKER_IFO380_SINGAPORE,2026-05-31 00:00:00,2026-05-31 18:00:00,463.43,USD_PER_MT,2,v1.0,VALID,SYNTHETIC,hash_bnk_004407,True
4408,BUNKER_MGO_SINGAPORE,2026-05-31 00:00:00,2026-05-31 18:00:00,817.83,USD_PER_MT,2,v1.0,VALID,SYNTHETIC,hash_bnk_004408,True
4409,BUNKER_VLSFO_ROTTERDAM,2026-05-31 00:00:00,2026-05-31 18:00:00,590.64,USD_PER_MT,2,v1.0,VALID,SYNTHETIC,hash_bnk_004409,True
4410,BUNKER_VLSFO_PARADIP,2026-05-31 00:00:00,2026-05-31 18:00:00,661.75,USD_PER_MT,2,v1.0,VALID,SYNTHETIC,hash_bnk_004410,True
4411,BUNKER_VLSFO_SINGAPORE,2026-06-01 00:00:00,2026-06-01 18:00:00,623.49,USD_PER_MT,2,v1.0,VALID,SYNTHETIC,hash_bnk_004411,True
4412,BUNKER_IFO380_SINGAPORE,2026-06-01 00:00:00,2026-06-01 18:00:00,466.61,USD_PER_MT,2,v1.0,VALID,SYNTHETIC,hash_bnk_004412,True
4413,BUNKER_MGO_SINGAPORE,2026-06-01 00:00:00,2026-06-01 18:00:00,806.54,USD_PER_MT,2,v1.0,VALID,SYNTHETIC,hash_bnk_004413,True
4414,BUNKER_VLSFO_ROTTERDAM,2026-06-01 00:00:00,2026-06-01 18:00:00,593.9,USD_PER_MT,2,v1.0,VALID,SYNTHETIC,hash_bnk_004414,True
4415,BUNKER_VLSFO_PARADIP,2026-06-01 00:00:00,2026-06-01 18:00:00,655.39,USD_PER_MT,2,v1.0,VALID,SYNTHETIC,hash_bnk_004415,True
4416,BUNKER_VLSFO_SINGAPORE,2026-06-02 00:00:00,2026-06-02 18:00:00,622.44,USD_PER_MT,2,v1.0,VALID,SYNTHETIC,hash_bnk_004416,True
4417,BUNKER_IFO380_SINGAPORE,2026-06-02 00:00:00,2026-06-02 18:00:00,460.89,USD_PER_MT,2,v1.0,VALID,SYNTHETIC,hash_bnk_004417,True
4418,BUNKER_MGO_SINGAPORE,2026-06-02 00:00:00,2026-06-02 18:00:00,804.91,USD_PER_MT,2,v1.0,VALID,SYNTHETIC,hash_bnk_004418,True
4419,BUNKER_VLSFO_ROTTERDAM,2026-06-02 00:00:00,2026-06-02 18:00:00,591.2,USD_PER_MT,2,v1.0,VALID,SYNTHETIC,hash_bnk_004419,True
4420,BUNKER_VLSFO_PARADIP,2026-06-02 00:00:00,2026-06-02 18:00:00,650.22,USD_PER_MT,2,v1.0,VALID,SYNTHETIC,hash_bnk_004420,True
4421,BUNKER_VLSFO_SINGAPORE,2026-06-03 00:00:00,2026-06-03 18:00:00,621.21,USD_PER_MT,2,v1.0,VALID,SYNTHETIC,hash_bnk_004421,True
4422,BUNKER_IFO380_SINGAPORE,2026-06-03 00:00:00,2026-06-03 18:00:00,458.48,USD_PER_MT,2,v1.0,VALID,SYNTHETIC,hash_bnk_004422,True
4423,BUNKER_MGO_SINGAPORE,2026-06-03 00:00:00,2026-06-03 18:00:00,806.7,USD_PER_MT,2,v1.0,VALID,SYNTHETIC,hash_bnk_004423,True
4424,BUNKER_VLSFO_ROTTERDAM,2026-06-03 00:00:00,2026-06-03 18:00:00,588.43,USD_PER_MT,2,v1.0,VALID,SYNTHETIC,hash_bnk_004424,True
4425,BUNKER_VLSFO_PARADIP,2026-06-03 00:00:00,2026-06-03 18:00:00,656.9,USD_PER_MT,2,v1.0,VALID,SYNTHETIC,hash_bnk_004425,True
4426,BUNKER_VLSFO_SINGAPORE,2026-06-04 00:00:00,2026-06-04 18:00:00,617.95,USD_PER_MT,2,v1.0,VALID,SYNTHETIC,hash_bnk_004426,True
4427,BUNKER_IFO380_SINGAPORE,2026-06-04 00:00:00,2026-06-04 18:00:00,461.56,USD_PER_MT,2,v1.0,VALID,SYNTHETIC,hash_bnk_004427,True
4428,BUNKER_MGO_SINGAPORE,2026-06-04 00:00:00,2026-06-04 18:00:00,805.4,USD_PER_MT,2,v1.0,VALID,SYNTHETIC,hash_bnk_004428,True
4429,BUNKER_VLSFO_ROTTERDAM,2026-06-04 00:00:00,2026-06-04 18:00:00,591.52,USD_PER_MT,2,v1.0,VALID,SYNTHETIC,hash_bnk_004429,True
4430,BUNKER_VLSFO_PARADIP,2026-06-04 00:00:00,2026-06-04 18:00:00,652.43,USD_PER_MT,2,v1.0,VALID,SYNTHETIC,hash_bnk_004430,True
4431,BUNKER_VLSFO_SINGAPORE,2026-06-05 00:00:00,2026-06-05 18:00:00,618.22,USD_PER_MT,2,v1.0,VALID,SYNTHETIC,hash_bnk_004431,True
4432,BUNKER_IFO380_SINGAPORE,2026-06-05 00:00:00,2026-06-05 18:00:00,458.14,USD_PER_MT,2,v1.0,VALID,SYNTHETIC,hash_bnk_004432,True
4433,BUNKER_MGO_SINGAPORE,2026-06-05 00:00:00,2026-06-05 18:00:00,808.76,USD_PER_MT,2,v1.0,VALID,SYNTHETIC,hash_bnk_004433,True
4434,BUNKER_VLSFO_ROTTERDAM,2026-06-05 00:00:00,2026-06-05 18:00:00,587.0,USD_PER_MT,2,v1.0,VALID,SYNTHETIC,hash_bnk_004434,True
4435,BUNKER_VLSFO_PARADIP,2026-06-05 00:00:00,2026-06-05 18:00:00,654.07,USD_PER_MT,2,v1.0,VALID,SYNTHETIC,hash_bnk_004435,True
4436,BUNKER_VLSFO_SINGAPORE,2026-06-06 00:00:00,2026-06-06 18:00:00,612.25,USD_PER_MT,2,v1.0,VALID,SYNTHETIC,hash_bnk_004436,True
4437,BUNKER_IFO380_SINGAPORE,2026-06-06 00:00:00,2026-06-06 18:00:00,461.32,USD_PER_MT,2,v1.0,VALID,SYNTHETIC,hash_bnk_004437,True
4438,BUNKER_MGO_SINGAPORE,2026-06-06 00:00:00,2026-06-06 18:00:00,798.92,USD_PER_MT,2,v1.0,VALID,SYNTHETIC,hash_bnk_004438,True
4439,BUNKER_VLSFO_ROTTERDAM,2026-06-06 00:00:00,2026-06-06 18:00:00,586.07,USD_PER_MT,2,v1.0,VALID,SYNTHETIC,hash_bnk_004439,True
4440,BUNKER_VLSFO_PARADIP,2026-06-06 00:00:00,2026-06-06 18:00:00,651.56,USD_PER_MT,2,v1.0,VALID,SYNTHETIC,hash_bnk_004440,True
4441,BUNKER_VLSFO_SINGAPORE,2026-06-07 00:00:00,2026-06-07 18:00:00,614.03,USD_PER_MT,2,v1.0,VALID,SYNTHETIC,hash_bnk_004441,True
4442,BUNKER_IFO380_SINGAPORE,2026-06-07 00:00:00,2026-06-07 18:00:00,455.99,USD_PER_MT,2,v1.0,VALID,SYNTHETIC,hash_bnk_004442,True
4443,BUNKER_MGO_SINGAPORE,2026-06-07 00:00:00,2026-06-07 18:00:00,803.54,USD_PER_MT,2,v1.0,VALID,SYNTHETIC,hash_bnk_004443,True
4444,BUNKER_VLSFO_ROTTERDAM,2026-06-07 00:00:00,2026-06-07 18:00:00,583.79,USD_PER_MT,2,v1.0,VALID,SYNTHETIC,hash_bnk_004444,True
4445,BUNKER_VLSFO_PARADIP,2026-06-07 00:00:00,2026-06-07 18:00:00,646.7,USD_PER_MT,2,v1.0,VALID,SYNTHETIC,hash_bnk_004445,True
4446,BUNKER_VLSFO_SINGAPORE,2026-06-08 00:00:00,2026-06-08 18:00:00,616.11,USD_PER_MT,2,v1.0,VALID,SYNTHETIC,hash_bnk_004446,True
4447,BUNKER_IFO380_SINGAPORE,2026-06-08 00:00:00,2026-06-08 18:00:00,460.65,USD_PER_MT,2,v1.0,VALID,SYNTHETIC,hash_bnk_004447,True
4448,BUNKER_MGO_SINGAPORE,2026-06-08 00:00:00,2026-06-08 18:00:00,803.07,USD_PER_MT,2,v1.0,VALID,SYNTHETIC,hash_bnk_004448,True
4449,BUNKER_VLSFO_ROTTERDAM,2026-06-08 00:00:00,2026-06-08 18:00:00,589.45,USD_PER_MT,2,v1.0,VALID,SYNTHETIC,hash_bnk_004449,True
4450,BUNKER_VLSFO_PARADIP,2026-06-08 00:00:00,2026-06-08 18:00:00,654.16,USD_PER_MT,2,v1.0,VALID,SYNTHETIC,hash_bnk_004450,True
4451,BUNKER_VLSFO_SINGAPORE,2026-06-09 00:00:00,2026-06-09 18:00:00,618.6,USD_PER_MT,2,v1.0,VALID,SYNTHETIC,hash_bnk_004451,True
4452,BUNKER_IFO380_SINGAPORE,2026-06-09 00:00:00,2026-06-09 18:00:00,454.58,USD_PER_MT,2,v1.0,VALID,SYNTHETIC,hash_bnk_004452,True
4453,BUNKER_MGO_SINGAPORE,2026-06-09 00:00:00,2026-06-09 18:00:00,807.32,USD_PER_MT,2,v1.0,VALID,SYNTHETIC,hash_bnk_004453,True
4454,BUNKER_VLSFO_ROTTERDAM,2026-06-09 00:00:00,2026-06-09 18:00:00,583.32,USD_PER_MT,2,v1.0,VALID,SYNTHETIC,hash_bnk_004454,True
4455,BUNKER_VLSFO_PARADIP,2026-06-09 00:00:00,2026-06-09 18:00:00,650.23,USD_PER_MT,2,v1.0,VALID,SYNTHETIC,hash_bnk_004455,True
4456,BUNKER_VLSFO_SINGAPORE,2026-06-10 00:00:00,2026-06-10 18:00:00,610.69,USD_PER_MT,2,v1.0,VALID,SYNTHETIC,hash_bnk_004456,True
4457,BUNKER_IFO380_SINGAPORE,2026-06-10 00:00:00,2026-06-10 18:00:00,457.19,USD_PER_MT,2,v1.0,VALID,SYNTHETIC,hash_bnk_004457,True
4458,BUNKER_MGO_SINGAPORE,2026-06-10 00:00:00,2026-06-10 18:00:00,797.42,USD_PER_MT,2,v1.0,VALID,SYNTHETIC,hash_bnk_004458,True
4459,BUNKER_VLSFO_ROTTERDAM,2026-06-10 00:00:00,2026-06-10 18:00:00,583.8,USD_PER_MT,2,v1.0,VALID,SYNTHETIC,hash_bnk_004459,True
4460,BUNKER_VLSFO_PARADIP,2026-06-10 00:00:00,2026-06-10 18:00:00,653.8,USD_PER_MT,2,v1.0,VALID,SYNTHETIC,hash_bnk_004460,True
4461,BUNKER_VLSFO_SINGAPORE,2026-06-11 00:00:00,2026-06-11 18:00:00,614.68,USD_PER_MT,2,v1.0,VALID,SYNTHETIC,hash_bnk_004461,True
4462,BUNKER_IFO380_SINGAPORE,2026-06-11 00:00:00,2026-06-11 18:00:00,449.98,USD_PER_MT,2,v1.0,VALID,SYNTHETIC,hash_bnk_004462,True
4463,BUNKER_MGO_SINGAPORE,2026-06-11 00:00:00,2026-06-11 18:00:00,807.96,USD_PER_MT,2,v1.0,VALID,SYNTHETIC,hash_bnk_004463,True
4464,BUNKER_VLSFO_ROTTERDAM,2026-06-11 00:00:00,2026-06-11 18:00:00,581.64,USD_PER_MT,2,v1.0,VALID,SYNTHETIC,hash_bnk_004464,True
4465,BUNKER_VLSFO_PARADIP,2026-06-11 00:00:00,2026-06-11 18:00:00,649.88,USD_PER_MT,2,v1.0,VALID,SYNTHETIC,hash_bnk_004465,True
4466,BUNKER_VLSFO_SINGAPORE,2026-06-12 00:00:00,2026-06-12 18:00:00,613.23,USD_PER_MT,2,v1.0,VALID,SYNTHETIC,hash_bnk_004466,True
4467,BUNKER_IFO380_SINGAPORE,2026-06-12 00:00:00,2026-06-12 18:00:00,456.02,USD_PER_MT,2,v1.0,VALID,SYNTHETIC,hash_bnk_004467,True
4468,BUNKER_MGO_SINGAPORE,2026-06-12 00:00:00,2026-06-12 18:00:00,795.28,USD_PER_MT,2,v1.0,VALID,SYNTHETIC,hash_bnk_004468,True
4469,BUNKER_VLSFO_ROTTERDAM,2026-06-12 00:00:00,2026-06-12 18:00:00,577.32,USD_PER_MT,2,v1.0,VALID,SYNTHETIC,hash_bnk_004469,True
4470,BUNKER_VLSFO_PARADIP,2026-06-12 00:00:00,2026-06-12 18:00:00,645.4,USD_PER_MT,2,v1.0,VALID,SYNTHETIC,hash_bnk_004470,True
4471,BUNKER_VLSFO_SINGAPORE,2026-06-13 00:00:00,2026-06-13 18:00:00,608.63,USD_PER_MT,2,v1.0,VALID,SYNTHETIC,hash_bnk_004471,True
4472,BUNKER_IFO380_SINGAPORE,2026-06-13 00:00:00,2026-06-13 18:00:00,446.44,USD_PER_MT,2,v1.0,VALID,SYNTHETIC,hash_bnk_004472,True
4473,BUNKER_MGO_SINGAPORE,2026-06-13 00:00:00,2026-06-13 18:00:00,787.5,USD_PER_MT,2,v1.0,VALID,SYNTHETIC,hash_bnk_004473,True
4474,BUNKER_VLSFO_ROTTERDAM,2026-06-13 00:00:00,2026-06-13 18:00:00,578.82,USD_PER_MT,2,v1.0,VALID,SYNTHETIC,hash_bnk_004474,True
4475,BUNKER_VLSFO_PARADIP,2026-06-13 00:00:00,2026-06-13 18:00:00,641.66,USD_PER_MT,2,v1.0,VALID,SYNTHETIC,hash_bnk_004475,True
4476,BUNKER_VLSFO_SINGAPORE,2026-06-14 00:00:00,2026-06-14 18:00:00,608.93,USD_PER_MT,2,v1.0,VALID,SYNTHETIC,hash_bnk_004476,True
4477,BUNKER_IFO380_SINGAPORE,2026-06-14 00:00:00,2026-06-14 18:00:00,455.6,USD_PER_MT,2,v1.0,VALID,SYNTHETIC,hash_bnk_004477,True
4478,BUNKER_MGO_SINGAPORE,2026-06-14 00:00:00,2026-06-14 18:00:00,802.55,USD_PER_MT,2,v1.0,VALID,SYNTHETIC,hash_bnk_004478,True
4479,BUNKER_VLSFO_ROTTERDAM,2026-06-14 00:00:00,2026-06-14 18:00:00,574.26,USD_PER_MT,2,v1.0,VALID,SYNTHETIC,hash_bnk_004479,True
4480,BUNKER_VLSFO_PARADIP,2026-06-14 00:00:00,2026-06-14 18:00:00,644.31,USD_PER_MT,2,v1.0,VALID,SYNTHETIC,hash_bnk_004480,True
4481,BUNKER_VLSFO_SINGAPORE,2026-06-15 00:00:00,2026-06-15 18:00:00,599.58,USD_PER_MT,2,v1.0,VALID,SYNTHETIC,hash_bnk_004481,True
4482,BUNKER_IFO380_SINGAPORE,2026-06-15 00:00:00,2026-06-15 18:00:00,448.22,USD_PER_MT,2,v1.0,VALID,SYNTHETIC,hash_bnk_004482,True
4483,BUNKER_MGO_SINGAPORE,2026-06-15 00:00:00,2026-06-15 18:00:00,792.21,USD_PER_MT,2,v1.0,VALID,SYNTHETIC,hash_bnk_004483,True
4484,BUNKER_VLSFO_ROTTERDAM,2026-06-15 00:00:00,2026-06-15 18:00:00,579.96,USD_PER_MT,2,v1.0,VALID,SYNTHETIC,hash_bnk_004484,True
4485,BUNKER_VLSFO_PARADIP,2026-06-15 00:00:00,2026-06-15 18:00:00,635.9,USD_PER_MT,2,v1.0,VALID,SYNTHETIC,hash_bnk_004485,True
4486,BUNKER_VLSFO_SINGAPORE,2026-06-16 00:00:00,2026-06-16 18:00:00,610.49,USD_PER_MT,2,v1.0,VALID,SYNTHETIC,hash_bnk_004486,True
4487,BUNKER_IFO380_SINGAPORE,2026-06-16 00:00:00,2026-06-16 18:00:00,450.79,USD_PER_MT,2,v1.0,VALID,SYNTHETIC,hash_bnk_004487,True
4488,BUNKER_MGO_SINGAPORE,2026-06-16 00:00:00,2026-06-16 18:00:00,797.3,USD_PER_MT,2,v1.0,VALID,SYNTHETIC,hash_bnk_004488,True
4489,BUNKER_VLSFO_ROTTERDAM,2026-06-16 00:00:00,2026-06-16 18:00:00,575.88,USD_PER_MT,2,v1.0,VALID,SYNTHETIC,hash_bnk_004489,True
4490,BUNKER_VLSFO_PARADIP,2026-06-16 00:00:00,2026-06-16 18:00:00,634.24,USD_PER_MT,2,v1.0,VALID,SYNTHETIC,hash_bnk_004490,True
4491,BUNKER_VLSFO_SINGAPORE,2026-06-17 00:00:00,2026-06-17 18:00:00,602.88,USD_PER_MT,2,v1.0,VALID,SYNTHETIC,hash_bnk_004491,True
4492,BUNKER_IFO380_SINGAPORE,2026-06-17 00:00:00,2026-06-17 18:00:00,442.9,USD_PER_MT,2,v1.0,VALID,SYNTHETIC,hash_bnk_004492,True
4493,BUNKER_MGO_SINGAPORE,2026-06-17 00:00:00,2026-06-17 18:00:00,788.33,USD_PER_MT,2,v1.0,VALID,SYNTHETIC,hash_bnk_004493,True
4494,BUNKER_VLSFO_ROTTERDAM,2026-06-17 00:00:00,2026-06-17 18:00:00,578.91,USD_PER_MT,2,v1.0,VALID,SYNTHETIC,hash_bnk_004494,True
4495,BUNKER_VLSFO_PARADIP,2026-06-17 00:00:00,2026-06-17 18:00:00,635.06,USD_PER_MT,2,v1.0,VALID,SYNTHETIC,hash_bnk_004495,True
4496,BUNKER_VLSFO_SINGAPORE,2026-06-18 00:00:00,2026-06-18 18:00:00,601.3,USD_PER_MT,2,v1.0,VALID,SYNTHETIC,hash_bnk_004496,True
4497,BUNKER_IFO380_SINGAPORE,2026-06-18 00:00:00,2026-06-18 18:00:00,449.44,USD_PER_MT,2,v1.0,VALID,SYNTHETIC,hash_bnk_004497,True
4498,BUNKER_MGO_SINGAPORE,2026-06-18 00:00:00,2026-06-18 18:00:00,785.46,USD_PER_MT,2,v1.0,VALID,SYNTHETIC,hash_bnk_004498,True
4499,BUNKER_VLSFO_ROTTERDAM,2026-06-18 00:00:00,2026-06-18 18:00:00,573.79,USD_PER_MT,2,v1.0,VALID,SYNTHETIC,hash_bnk_004499,True
4500,BUNKER_VLSFO_PARADIP,2026-06-18 00:00:00,2026-06-18 18:00:00,645.32,USD_PER_MT,2,v1.0,VALID,SYNTHETIC,hash_bnk_004500,True
4501,BUNKER_VLSFO_SINGAPORE,2026-06-19 00:00:00,2026-06-19 18:00:00,603.5,USD_PER_MT,2,v1.0,VALID,SYNTHETIC,hash_bnk_004501,True
4502,BUNKER_IFO380_SINGAPORE,2026-06-19 00:00:00,2026-06-19 18:00:00,441.86,USD_PER_MT,2,v1.0,VALID,SYNTHETIC,hash_bnk_004502,True
4503,BUNKER_MGO_SINGAPORE,2026-06-19 00:00:00,2026-06-19 18:00:00,793.89,USD_PER_MT,2,v1.0,VALID,SYNTHETIC,hash_bnk_004503,True
4504,BUNKER_VLSFO_ROTTERDAM,2026-06-19 00:00:00,2026-06-19 18:00:00,575.84,USD_PER_MT,2,v1.0,VALID,SYNTHETIC,hash_bnk_004504,True
4505,BUNKER_VLSFO_PARADIP,2026-06-19 00:00:00,2026-06-19 18:00:00,632.42,USD_PER_MT,2,v1.0,VALID,SYNTHETIC,hash_bnk_004505,True
4506,BUNKER_VLSFO_SINGAPORE,2026-06-20 00:00:00,2026-06-20 18:00:00,596.73,USD_PER_MT,2,v1.0,VALID,SYNTHETIC,hash_bnk_004506,True
4507,BUNKER_IFO380_SINGAPORE,2026-06-20 00:00:00,2026-06-20 18:00:00,441.75,USD_PER_MT,2,v1.0,VALID,SYNTHETIC,hash_bnk_004507,True
4508,BUNKER_MGO_SINGAPORE,2026-06-20 00:00:00,2026-06-20 18:00:00,790.91,USD_PER_MT,2,v1.0,VALID,SYNTHETIC,hash_bnk_004508,True
4509,BUNKER_VLSFO_ROTTERDAM,2026-06-20 00:00:00,2026-06-20 18:00:00,572.39,USD_PER_MT,2,v1.0,VALID,SYNTHETIC,hash_bnk_004509,True
4510,BUNKER_VLSFO_PARADIP,2026-06-20 00:00:00,2026-06-20 18:00:00,632.72,USD_PER_MT,2,v1.0,VALID,SYNTHETIC,hash_bnk_004510,True
4511,BUNKER_VLSFO_SINGAPORE,2026-06-21 00:00:00,2026-06-21 18:00:00,596.75,USD_PER_MT,2,v1.0,VALID,SYNTHETIC,hash_bnk_004511,True
4512,BUNKER_IFO380_SINGAPORE,2026-06-21 00:00:00,2026-06-21 18:00:00,441.77,USD_PER_MT,2,v1.0,VALID,SYNTHETIC,hash_bnk_004512,True
4513,BUNKER_MGO_SINGAPORE,2026-06-21 00:00:00,2026-06-21 18:00:00,783.8,USD_PER_MT,2,v1.0,VALID,SYNTHETIC,hash_bnk_004513,True
4514,BUNKER_VLSFO_ROTTERDAM,2026-06-21 00:00:00,2026-06-21 18:00:00,564.95,USD_PER_MT,2,v1.0,VALID,SYNTHETIC,hash_bnk_004514,True
4515,BUNKER_VLSFO_PARADIP,2026-06-21 00:00:00,2026-06-21 18:00:00,631.4,USD_PER_MT,2,v1.0,VALID,SYNTHETIC,hash_bnk_004515,True
4516,BUNKER_VLSFO_SINGAPORE,2026-06-22 00:00:00,2026-06-22 18:00:00,606.22,USD_PER_MT,2,v1.0,VALID,SYNTHETIC,hash_bnk_004516,True
4517,BUNKER_IFO380_SINGAPORE,2026-06-22 00:00:00,2026-06-22 18:00:00,444.23,USD_PER_MT,2,v1.0,VALID,SYNTHETIC,hash_bnk_004517,True
4518,BUNKER_MGO_SINGAPORE,2026-06-22 00:00:00,2026-06-22 18:00:00,776.64,USD_PER_MT,2,v1.0,VALID,SYNTHETIC,hash_bnk_004518,True
4519,BUNKER_VLSFO_ROTTERDAM,2026-06-22 00:00:00,2026-06-22 18:00:00,570.15,USD_PER_MT,2,v1.0,VALID,SYNTHETIC,hash_bnk_004519,True
4520,BUNKER_VLSFO_PARADIP,2026-06-22 00:00:00,2026-06-22 18:00:00,639.98,USD_PER_MT,2,v1.0,VALID,SYNTHETIC,hash_bnk_004520,True
4521,BUNKER_VLSFO_SINGAPORE,2026-06-23 00:00:00,2026-06-23 18:00:00,605.82,USD_PER_MT,2,v1.0,VALID,SYNTHETIC,hash_bnk_004521,True
4522,BUNKER_IFO380_SINGAPORE,2026-06-23 00:00:00,2026-06-23 18:00:00,440.81,USD_PER_MT,2,v1.0,VALID,SYNTHETIC,hash_bnk_004522,True
4523,BUNKER_MGO_SINGAPORE,2026-06-23 00:00:00,2026-06-23 18:00:00,781.63,USD_PER_MT,2,v1.0,VALID,SYNTHETIC,hash_bnk_004523,True
4524,BUNKER_VLSFO_ROTTERDAM,2026-06-23 00:00:00,2026-06-23 18:00:00,568.55,USD_PER_MT,2,v1.0,VALID,SYNTHETIC,hash_bnk_004524,True
4525,BUNKER_VLSFO_PARADIP,2026-06-23 00:00:00,2026-06-23 18:00:00,626.3,USD_PER_MT,2,v1.0,VALID,SYNTHETIC,hash_bnk_004525,True
4526,BUNKER_VLSFO_SINGAPORE,2026-06-24 00:00:00,2026-06-24 18:00:00,600.27,USD_PER_MT,2,v1.0,VALID,SYNTHETIC,hash_bnk_004526,True
4527,BUNKER_IFO380_SINGAPORE,2026-06-24 00:00:00,2026-06-24 18:00:00,445.97,USD_PER_MT,2,v1.0,VALID,SYNTHETIC,hash_bnk_004527,True
4528,BUNKER_MGO_SINGAPORE,2026-06-24 00:00:00,2026-06-24 18:00:00,781.28,USD_PER_MT,2,v1.0,VALID,SYNTHETIC,hash_bnk_004528,True
4529,BUNKER_VLSFO_ROTTERDAM,2026-06-24 00:00:00,2026-06-24 18:00:00,568.07,USD_PER_MT,2,v1.0,VALID,SYNTHETIC,hash_bnk_004529,True
4530,BUNKER_VLSFO_PARADIP,2026-06-24 00:00:00,2026-06-24 18:00:00,629.02,USD_PER_MT,2,v1.0,VALID,SYNTHETIC,hash_bnk_004530,True
4531,BUNKER_VLSFO_SINGAPORE,2026-06-25 00:00:00,2026-06-25 18:00:00,592.14,USD_PER_MT,2,v1.0,VALID,SYNTHETIC,hash_bnk_004531,True
4532,BUNKER_IFO380_SINGAPORE,2026-06-25 00:00:00,2026-06-25 18:00:00,444.32,USD_PER_MT,2,v1.0,VALID,SYNTHETIC,hash_bnk_004532,True
4533,BUNKER_MGO_SINGAPORE,2026-06-25 00:00:00,2026-06-25 18:00:00,781.21,USD_PER_MT,2,v1.0,VALID,SYNTHETIC,hash_bnk_004533,True
4534,BUNKER_VLSFO_ROTTERDAM,2026-06-25 00:00:00,2026-06-25 18:00:00,564.84,USD_PER_MT,2,v1.0,VALID,SYNTHETIC,hash_bnk_004534,True
4535,BUNKER_VLSFO_PARADIP,2026-06-25 00:00:00,2026-06-25 18:00:00,630.92,USD_PER_MT,2,v1.0,VALID,SYNTHETIC,hash_bnk_004535,True
4536,BUNKER_VLSFO_SINGAPORE,2026-06-26 00:00:00,2026-06-26 18:00:00,597.32,USD_PER_MT,2,v1.0,VALID,SYNTHETIC,hash_bnk_004536,True
4537,BUNKER_IFO380_SINGAPORE,2026-06-26 00:00:00,2026-06-26 18:00:00,443.41,USD_PER_MT,2,v1.0,VALID,SYNTHETIC,hash_bnk_004537,True
4538,BUNKER_MGO_SINGAPORE,2026-06-26 00:00:00,2026-06-26 18:00:00,777.38,USD_PER_MT,2,v1.0,VALID,SYNTHETIC,hash_bnk_004538,True
4539,BUNKER_VLSFO_ROTTERDAM,2026-06-26 00:00:00,2026-06-26 18:00:00,568.22,USD_PER_MT,2,v1.0,VALID,SYNTHETIC,hash_bnk_004539,True
4540,BUNKER_VLSFO_PARADIP,2026-06-26 00:00:00,2026-06-26 18:00:00,626.44,USD_PER_MT,2,v1.0,VALID,SYNTHETIC,hash_bnk_004540,True
4541,BUNKER_VLSFO_SINGAPORE,2026-06-27 00:00:00,2026-06-27 18:00:00,597.16,USD_PER_MT,2,v1.0,VALID,SYNTHETIC,hash_bnk_004541,True
4542,BUNKER_IFO380_SINGAPORE,2026-06-27 00:00:00,2026-06-27 18:00:00,440.38,USD_PER_MT,2,v1.0,VALID,SYNTHETIC,hash_bnk_004542,True
4543,BUNKER_MGO_SINGAPORE,2026-06-27 00:00:00,2026-06-27 18:00:00,780.85,USD_PER_MT,2,v1.0,VALID,SYNTHETIC,hash_bnk_004543,True
4544,BUNKER_VLSFO_ROTTERDAM,2026-06-27 00:00:00,2026-06-27 18:00:00,564.78,USD_PER_MT,2,v1.0,VALID,SYNTHETIC,hash_bnk_004544,True
4545,BUNKER_VLSFO_PARADIP,2026-06-27 00:00:00,2026-06-27 18:00:00,626.15,USD_PER_MT,2,v1.0,VALID,SYNTHETIC,hash_bnk_004545,True
4546,BUNKER_VLSFO_SINGAPORE,2026-06-28 00:00:00,2026-06-28 18:00:00,594.02,USD_PER_MT,2,v1.0,VALID,SYNTHETIC,hash_bnk_004546,True
4547,BUNKER_IFO380_SINGAPORE,2026-06-28 00:00:00,2026-06-28 18:00:00,446.19,USD_PER_MT,2,v1.0,VALID,SYNTHETIC,hash_bnk_004547,True
4548,BUNKER_MGO_SINGAPORE,2026-06-28 00:00:00,2026-06-28 18:00:00,778.27,USD_PER_MT,2,v1.0,VALID,SYNTHETIC,hash_bnk_004548,True
4549,BUNKER_VLSFO_ROTTERDAM,2026-06-28 00:00:00,2026-06-28 18:00:00,567.98,USD_PER_MT,2,v1.0,VALID,SYNTHETIC,hash_bnk_004549,True
4550,BUNKER_VLSFO_PARADIP,2026-06-28 00:00:00,2026-06-28 18:00:00,622.8,USD_PER_MT,2,v1.0,VALID,SYNTHETIC,hash_bnk_004550,True
4551,BUNKER_VLSFO_SINGAPORE,2026-06-29 00:00:00,2026-06-29 18:00:00,593.34,USD_PER_MT,2,v1.0,VALID,SYNTHETIC,hash_bnk_004551,True
4552,BUNKER_IFO380_SINGAPORE,2026-06-29 00:00:00,2026-06-29 18:00:00,446.53,USD_PER_MT,2,v1.0,VALID,SYNTHETIC,hash_bnk_004552,True
4553,BUNKER_MGO_SINGAPORE,2026-06-29 00:00:00,2026-06-29 18:00:00,773.44,USD_PER_MT,2,v1.0,VALID,SYNTHETIC,hash_bnk_004553,True
4554,BUNKER_VLSFO_ROTTERDAM,2026-06-29 00:00:00,2026-06-29 18:00:00,565.02,USD_PER_MT,2,v1.0,VALID,SYNTHETIC,hash_bnk_004554,True
4555,BUNKER_VLSFO_PARADIP,2026-06-29 00:00:00,2026-06-29 18:00:00,636.39,USD_PER_MT,2,v1.0,VALID,SYNTHETIC,hash_bnk_004555,True
4556,BUNKER_VLSFO_SINGAPORE,2026-06-30 00:00:00,2026-06-30 18:00:00,596.0,USD_PER_MT,2,v1.0,VALID,SYNTHETIC,hash_bnk_004556,True
4557,BUNKER_IFO380_SINGAPORE,2026-06-30 00:00:00,2026-06-30 18:00:00,443.0,USD_PER_MT,2,v1.0,VALID,SYNTHETIC,hash_bnk_004557,True
4558,BUNKER_MGO_SINGAPORE,2026-06-30 00:00:00,2026-06-30 18:00:00,767.54,USD_PER_MT,2,v1.0,VALID,SYNTHETIC,hash_bnk_004558,True
4559,BUNKER_VLSFO_ROTTERDAM,2026-06-30 00:00:00,2026-06-30 18:00:00,564.8,USD_PER_MT,2,v1.0,VALID,SYNTHETIC,hash_bnk_004559,True
4560,BUNKER_VLSFO_PARADIP,2026-06-30 00:00:00,2026-06-30 18:00:00,636.15,USD_PER_MT,2,v1.0,VALID,SYNTHETIC,hash_bnk_004560,True
4561,BUNKER_VLSFO_SINGAPORE,2026-07-01 00:00:00,2026-07-01 18:00:00,587.29,USD_PER_MT,2,v1.0,VALID,SYNTHETIC,hash_bnk_004561,True
4562,BUNKER_IFO380_SINGAPORE,2026-07-01 00:00:00,2026-07-01 18:00:00,440.3,USD_PER_MT,2,v1.0,VALID,SYNTHETIC,hash_bnk_004562,True
4563,BUNKER_MGO_SINGAPORE,2026-07-01 00:00:00,2026-07-01 18:00:00,779.67,USD_PER_MT,2,v1.0,VALID,SYNTHETIC,hash_bnk_004563,True
4564,BUNKER_VLSFO_ROTTERDAM,2026-07-01 00:00:00,2026-07-01 18:00:00,563.19,USD_PER_MT,2,v1.0,VALID,SYNTHETIC,hash_bnk_004564,True
4565,BUNKER_VLSFO_PARADIP,2026-07-01 00:00:00,2026-07-01 18:00:00,627.81,USD_PER_MT,2,v1.0,VALID,SYNTHETIC,hash_bnk_004565,True
4566,BUNKER_VLSFO_SINGAPORE,2026-07-02 00:00:00,2026-07-02 18:00:00,592.13,USD_PER_MT,2,v1.0,VALID,SYNTHETIC,hash_bnk_004566,True
4567,BUNKER_IFO380_SINGAPORE,2026-07-02 00:00:00,2026-07-02 18:00:00,436.85,USD_PER_MT,2,v1.0,VALID,SYNTHETIC,hash_bnk_004567,True
4568,BUNKER_MGO_SINGAPORE,2026-07-02 00:00:00,2026-07-02 18:00:00,777.29,USD_PER_MT,2,v1.0,VALID,SYNTHETIC,hash_bnk_004568,True
4569,BUNKER_VLSFO_ROTTERDAM,2026-07-02 00:00:00,2026-07-02 18:00:00,563.81,USD_PER_MT,2,v1.0,VALID,SYNTHETIC,hash_bnk_004569,True
4570,BUNKER_VLSFO_PARADIP,2026-07-02 00:00:00,2026-07-02 18:00:00,625.51,USD_PER_MT,2,v1.0,VALID,SYNTHETIC,hash_bnk_004570,True
4571,BUNKER_VLSFO_SINGAPORE,2026-07-03 00:00:00,2026-07-03 18:00:00,588.06,USD_PER_MT,2,v1.0,VALID,SYNTHETIC,hash_bnk_004571,True
4572,BUNKER_IFO380_SINGAPORE,2026-07-03 00:00:00,2026-07-03 18:00:00,436.22,USD_PER_MT,2,v1.0,VALID,SYNTHETIC,hash_bnk_004572,True
4573,BUNKER_MGO_SINGAPORE,2026-07-03 00:00:00,2026-07-03 18:00:00,763.77,USD_PER_MT,2,v1.0,VALID,SYNTHETIC,hash_bnk_004573,True
4574,BUNKER_VLSFO_ROTTERDAM,2026-07-03 00:00:00,2026-07-03 18:00:00,559.38,USD_PER_MT,2,v1.0,VALID,SYNTHETIC,hash_bnk_004574,True
4575,BUNKER_VLSFO_PARADIP,2026-07-03 00:00:00,2026-07-03 18:00:00,620.81,USD_PER_MT,2,v1.0,VALID,SYNTHETIC,hash_bnk_004575,True
4576,BUNKER_VLSFO_SINGAPORE,2026-07-04 00:00:00,2026-07-04 18:00:00,588.87,USD_PER_MT,2,v1.0,VALID,SYNTHETIC,hash_bnk_004576,True
4577,BUNKER_IFO380_SINGAPORE,2026-07-04 00:00:00,2026-07-04 18:00:00,431.33,USD_PER_MT,2,v1.0,VALID,SYNTHETIC,hash_bnk_004577,True
4578,BUNKER_MGO_SINGAPORE,2026-07-04 00:00:00,2026-07-04 18:00:00,765.93,USD_PER_MT,2,v1.0,VALID,SYNTHETIC,hash_bnk_004578,True
4579,BUNKER_VLSFO_ROTTERDAM,2026-07-04 00:00:00,2026-07-04 18:00:00,562.03,USD_PER_MT,2,v1.0,VALID,SYNTHETIC,hash_bnk_004579,True
4580,BUNKER_VLSFO_PARADIP,2026-07-04 00:00:00,2026-07-04 18:00:00,610.71,USD_PER_MT,2,v1.0,VALID,SYNTHETIC,hash_bnk_004580,True
4581,BUNKER_VLSFO_SINGAPORE,2026-07-05 00:00:00,2026-07-05 18:00:00,583.25,USD_PER_MT,2,v1.0,VALID,SYNTHETIC,hash_bnk_004581,True
4582,BUNKER_IFO380_SINGAPORE,2026-07-05 00:00:00,2026-07-05 18:00:00,436.71,USD_PER_MT,2,v1.0,VALID,SYNTHETIC,hash_bnk_004582,True
4583,BUNKER_MGO_SINGAPORE,2026-07-05 00:00:00,2026-07-05 18:00:00,770.43,USD_PER_MT,2,v1.0,VALID,SYNTHETIC,hash_bnk_004583,True
4584,BUNKER_VLSFO_ROTTERDAM,2026-07-05 00:00:00,2026-07-05 18:00:00,547.33,USD_PER_MT,2,v1.0,VALID,SYNTHETIC,hash_bnk_004584,True
4585,BUNKER_VLSFO_PARADIP,2026-07-05 00:00:00,2026-07-05 18:00:00,622.2,USD_PER_MT,2,v1.0,VALID,SYNTHETIC,hash_bnk_004585,True
4586,BUNKER_VLSFO_SINGAPORE,2026-07-06 00:00:00,2026-07-06 18:00:00,582.43,USD_PER_MT,2,v1.0,VALID,SYNTHETIC,hash_bnk_004586,True
4587,BUNKER_IFO380_SINGAPORE,2026-07-06 00:00:00,2026-07-06 18:00:00,431.6,USD_PER_MT,2,v1.0,VALID,SYNTHETIC,hash_bnk_004587,True
4588,BUNKER_MGO_SINGAPORE,2026-07-06 00:00:00,2026-07-06 18:00:00,766.09,USD_PER_MT,2,v1.0,VALID,SYNTHETIC,hash_bnk_004588,True
4589,BUNKER_VLSFO_ROTTERDAM,2026-07-06 00:00:00,2026-07-06 18:00:00,566.08,USD_PER_MT,2,v1.0,VALID,SYNTHETIC,hash_bnk_004589,True
4590,BUNKER_VLSFO_PARADIP,2026-07-06 00:00:00,2026-07-06 18:00:00,611.81,USD_PER_MT,2,v1.0,VALID,SYNTHETIC,hash_bnk_004590,True
4591,BUNKER_VLSFO_SINGAPORE,2026-07-07 00:00:00,2026-07-07 18:00:00,587.87,USD_PER_MT,2,v1.0,VALID,SYNTHETIC,hash_bnk_004591,True
4592,BUNKER_IFO380_SINGAPORE,2026-07-07 00:00:00,2026-07-07 18:00:00,430.15,USD_PER_MT,2,v1.0,VALID,SYNTHETIC,hash_bnk_004592,True
4593,BUNKER_MGO_SINGAPORE,2026-07-07 00:00:00,2026-07-07 18:00:00,769.18,USD_PER_MT,2,v1.0,VALID,SYNTHETIC,hash_bnk_004593,True
4594,BUNKER_VLSFO_ROTTERDAM,2026-07-07 00:00:00,2026-07-07 18:00:00,554.5,USD_PER_MT,2,v1.0,VALID,SYNTHETIC,hash_bnk_004594,True
4595,BUNKER_VLSFO_PARADIP,2026-07-07 00:00:00,2026-07-07 18:00:00,616.99,USD_PER_MT,2,v1.0,VALID,SYNTHETIC,hash_bnk_004595,True
4596,BUNKER_VLSFO_SINGAPORE,2026-07-08 00:00:00,2026-07-08 18:00:00,583.95,USD_PER_MT,2,v1.0,VALID,SYNTHETIC,hash_bnk_004596,True
4597,BUNKER_IFO380_SINGAPORE,2026-07-08 00:00:00,2026-07-08 18:00:00,428.95,USD_PER_MT,2,v1.0,VALID,SYNTHETIC,hash_bnk_004597,True
4598,BUNKER_MGO_SINGAPORE,2026-07-08 00:00:00,2026-07-08 18:00:00,770.28,USD_PER_MT,2,v1.0,VALID,SYNTHETIC,hash_bnk_004598,True
4599,BUNKER_VLSFO_ROTTERDAM,2026-07-08 00:00:00,2026-07-08 18:00:00,557.44,USD_PER_MT,2,v1.0,VALID,SYNTHETIC,hash_bnk_004599,True
4600,BUNKER_VLSFO_PARADIP,2026-07-08 00:00:00,2026-07-08 18:00:00,616.99,USD_PER_MT,2,v1.0,VALID,SYNTHETIC,hash_bnk_004600,True
4601,BUNKER_VLSFO_SINGAPORE,2026-07-09 00:00:00,2026-07-09 18:00:00,581.14,USD_PER_MT,2,v1.0,VALID,SYNTHETIC,hash_bnk_004601,True
4602,BUNKER_IFO380_SINGAPORE,2026-07-09 00:00:00,2026-07-09 18:00:00,438.57,USD_PER_MT,2,v1.0,VALID,SYNTHETIC,hash_bnk_004602,True
4603,BUNKER_MGO_SINGAPORE,2026-07-09 00:00:00,2026-07-09 18:00:00,760.88,USD_PER_MT,2,v1.0,VALID,SYNTHETIC,hash_bnk_004603,True
4604,BUNKER_VLSFO_ROTTERDAM,2026-07-09 00:00:00,2026-07-09 18:00:00,550.44,USD_PER_MT,2,v1.0,VALID,SYNTHETIC,hash_bnk_004604,True
4605,BUNKER_VLSFO_PARADIP,2026-07-09 00:00:00,2026-07-09 18:00:00,621.39,USD_PER_MT,2,v1.0,VALID,SYNTHETIC,hash_bnk_004605,True
4606,BUNKER_VLSFO_SINGAPORE,2026-07-10 00:00:00,2026-07-10 18:00:00,591.73,USD_PER_MT,2,v1.0,VALID,SYNTHETIC,hash_bnk_004606,True
4607,BUNKER_IFO380_SINGAPORE,2026-07-10 00:00:00,2026-07-10 18:00:00,428.63,USD_PER_MT,2,v1.0,VALID,SYNTHETIC,hash_bnk_004607,True
4608,BUNKER_MGO_SINGAPORE,2026-07-10 00:00:00,2026-07-10 18:00:00,759.15,USD_PER_MT,2,v1.0,VALID,SYNTHETIC,hash_bnk_004608,True
4609,BUNKER_VLSFO_ROTTERDAM,2026-07-10 00:00:00,2026-07-10 18:00:00,561.16,USD_PER_MT,2,v1.0,VALID,SYNTHETIC,hash_bnk_004609,True
4610,BUNKER_VLSFO_PARADIP,2026-07-10 00:00:00,2026-07-10 18:00:00,620.22,USD_PER_MT,2,v1.0,VALID,SYNTHETIC,hash_bnk_004610,True
4611,BUNKER_VLSFO_SINGAPORE,2026-07-11 00:00:00,2026-07-11 18:00:00,579.21,USD_PER_MT,2,v1.0,VALID,SYNTHETIC,hash_bnk_004611,True
4612,BUNKER_IFO380_SINGAPORE,2026-07-11 00:00:00,2026-07-11 18:00:00,428.4,USD_PER_MT,2,v1.0,VALID,SYNTHETIC,hash_bnk_004612,True
4613,BUNKER_MGO_SINGAPORE,2026-07-11 00:00:00,2026-07-11 18:00:00,768.34,USD_PER_MT,2,v1.0,VALID,SYNTHETIC,hash_bnk_004613,True
4614,BUNKER_VLSFO_ROTTERDAM,2026-07-11 00:00:00,2026-07-11 18:00:00,564.94,USD_PER_MT,2,v1.0,VALID,SYNTHETIC,hash_bnk_004614,True
4615,BUNKER_VLSFO_PARADIP,2026-07-11 00:00:00,2026-07-11 18:00:00,621.85,USD_PER_MT,2,v1.0,VALID,SYNTHETIC,hash_bnk_004615,True
4616,BUNKER_VLSFO_SINGAPORE,2026-07-12 00:00:00,2026-07-12 18:00:00,572.2,USD_PER_MT,2,v1.0,VALID,SYNTHETIC,hash_bnk_004616,True
4617,BUNKER_IFO380_SINGAPORE,2026-07-12 00:00:00,2026-07-12 18:00:00,431.01,USD_PER_MT,2,v1.0,VALID,SYNTHETIC,hash_bnk_004617,True
4618,BUNKER_MGO_SINGAPORE,2026-07-12 00:00:00,2026-07-12 18:00:00,756.48,USD_PER_MT,2,v1.0,VALID,SYNTHETIC,hash_bnk_004618,True
4619,BUNKER_VLSFO_ROTTERDAM,2026-07-12 00:00:00,2026-07-12 18:00:00,547.39,USD_PER_MT,2,v1.0,VALID,SYNTHETIC,hash_bnk_004619,True
4620,BUNKER_VLSFO_PARADIP,2026-07-12 00:00:00,2026-07-12 18:00:00,601.63,USD_PER_MT,2,v1.0,VALID,SYNTHETIC,hash_bnk_004620,True
4621,BUNKER_VLSFO_SINGAPORE,2026-07-13 00:00:00,2026-07-13 18:00:00,577.15,USD_PER_MT,2,v1.0,VALID,SYNTHETIC,hash_bnk_004621,True
4622,BUNKER_IFO380_SINGAPORE,2026-07-13 00:00:00,2026-07-13 18:00:00,431.62,USD_PER_MT,2,v1.0,VALID,SYNTHETIC,hash_bnk_004622,True
4623,BUNKER_MGO_SINGAPORE,2026-07-13 00:00:00,2026-07-13 18:00:00,746.94,USD_PER_MT,2,v1.0,VALID,SYNTHETIC,hash_bnk_004623,True
4624,BUNKER_VLSFO_ROTTERDAM,2026-07-13 00:00:00,2026-07-13 18:00:00,547.23,USD_PER_MT,2,v1.0,VALID,SYNTHETIC,hash_bnk_004624,True
4625,BUNKER_VLSFO_PARADIP,2026-07-13 00:00:00,2026-07-13 18:00:00,607.56,USD_PER_MT,2,v1.0,VALID,SYNTHETIC,hash_bnk_004625,True
4626,BUNKER_VLSFO_SINGAPORE,2026-07-14 00:00:00,2026-07-14 18:00:00,576.97,USD_PER_MT,2,v1.0,VALID,SYNTHETIC,hash_bnk_004626,True
4627,BUNKER_IFO380_SINGAPORE,2026-07-14 00:00:00,2026-07-14 18:00:00,431.62,USD_PER_MT,2,v1.0,VALID,SYNTHETIC,hash_bnk_004627,True
4628,BUNKER_MGO_SINGAPORE,2026-07-14 00:00:00,2026-07-14 18:00:00,765.12,USD_PER_MT,2,v1.0,VALID,SYNTHETIC,hash_bnk_004628,True
4629,BUNKER_VLSFO_ROTTERDAM,2026-07-14 00:00:00,2026-07-14 18:00:00,552.82,USD_PER_MT,2,v1.0,VALID,SYNTHETIC,hash_bnk_004629,True
4630,BUNKER_VLSFO_PARADIP,2026-07-14 00:00:00,2026-07-14 18:00:00,614.9,USD_PER_MT,2,v1.0,VALID,SYNTHETIC,hash_bnk_004630,True
4631,BUNKER_VLSFO_SINGAPORE,2026-07-15 00:00:00,2026-07-15 18:00:00,583.71,USD_PER_MT,2,v1.0,VALID,SYNTHETIC,hash_bnk_004631,True
4632,BUNKER_IFO380_SINGAPORE,2026-07-15 00:00:00,2026-07-15 18:00:00,424.74,USD_PER_MT,2,v1.0,VALID,SYNTHETIC,hash_bnk_004632,True
4633,BUNKER_MGO_SINGAPORE,2026-07-15 00:00:00,2026-07-15 18:00:00,762.26,USD_PER_MT,2,v1.0,VALID,SYNTHETIC,hash_bnk_004633,True
4634,BUNKER_VLSFO_ROTTERDAM,2026-07-15 00:00:00,2026-07-15 18:00:00,556.89,USD_PER_MT,2,v1.0,VALID,SYNTHETIC,hash_bnk_004634,True
4635,BUNKER_VLSFO_PARADIP,2026-07-15 00:00:00,2026-07-15 18:00:00,615.78,USD_PER_MT,2,v1.0,VALID,SYNTHETIC,hash_bnk_004635,True
4636,BUNKER_VLSFO_SINGAPORE,2026-07-16 00:00:00,2026-07-16 18:00:00,569.78,USD_PER_MT,2,v1.0,VALID,SYNTHETIC,hash_bnk_004636,True
4637,BUNKER_IFO380_SINGAPORE,2026-07-16 00:00:00,2026-07-16 18:00:00,428.83,USD_PER_MT,2,v1.0,VALID,SYNTHETIC,hash_bnk_004637,True
4638,BUNKER_MGO_SINGAPORE,2026-07-16 00:00:00,2026-07-16 18:00:00,758.81,USD_PER_MT,2,v1.0,VALID,SYNTHETIC,hash_bnk_004638,True
4639,BUNKER_VLSFO_ROTTERDAM,2026-07-16 00:00:00,2026-07-16 18:00:00,549.73,USD_PER_MT,2,v1.0,VALID,SYNTHETIC,hash_bnk_004639,True
4640,BUNKER_VLSFO_PARADIP,2026-07-16 00:00:00,2026-07-16 18:00:00,604.8,USD_PER_MT,2,v1.0,VALID,SYNTHETIC,hash_bnk_004640,True
4641,BUNKER_VLSFO_SINGAPORE,2026-07-17 00:00:00,2026-07-17 18:00:00,573.52,USD_PER_MT,2,v1.0,VALID,SYNTHETIC,hash_bnk_004641,True
4642,BUNKER_IFO380_SINGAPORE,2026-07-17 00:00:00,2026-07-17 18:00:00,429.92,USD_PER_MT,2,v1.0,VALID,SYNTHETIC,hash_bnk_004642,True
4643,BUNKER_MGO_SINGAPORE,2026-07-17 00:00:00,2026-07-17 18:00:00,754.73,USD_PER_MT,2,v1.0,VALID,SYNTHETIC,hash_bnk_004643,True
4644,BUNKER_VLSFO_ROTTERDAM,2026-07-17 00:00:00,2026-07-17 18:00:00,550.16,USD_PER_MT,2,v1.0,VALID,SYNTHETIC,hash_bnk_004644,True
4645,BUNKER_VLSFO_PARADIP,2026-07-17 00:00:00,2026-07-17 18:00:00,608.66,USD_PER_MT,2,v1.0,VALID,SYNTHETIC,hash_bnk_004645,True
4646,BUNKER_VLSFO_SINGAPORE,2026-07-18 00:00:00,2026-07-18 18:00:00,574.08,USD_PER_MT,2,v1.0,VALID,SYNTHETIC,hash_bnk_004646,True
4647,BUNKER_IFO380_SINGAPORE,2026-07-18 00:00:00,2026-07-18 18:00:00,427.7,USD_PER_MT,2,v1.0,VALID,SYNTHETIC,hash_bnk_004647,True
4648,BUNKER_MGO_SINGAPORE,2026-07-18 00:00:00,2026-07-18 18:00:00,760.15,USD_PER_MT,2,v1.0,VALID,SYNTHETIC,hash_bnk_004648,True
4649,BUNKER_VLSFO_ROTTERDAM,2026-07-18 00:00:00,2026-07-18 18:00:00,547.17,USD_PER_MT,2,v1.0,VALID,SYNTHETIC,hash_bnk_004649,True
4650,BUNKER_VLSFO_PARADIP,2026-07-18 00:00:00,2026-07-18 18:00:00,607.75,USD_PER_MT,2,v1.0,VALID,SYNTHETIC,hash_bnk_004650,True
4651,BUNKER_VLSFO_SINGAPORE,2026-07-19 00:00:00,2026-07-19 18:00:00,579.19,USD_PER_MT,2,v1.0,VALID,SYNTHETIC,hash_bnk_004651,True
4652,BUNKER_IFO380_SINGAPORE,2026-07-19 00:00:00,2026-07-19 18:00:00,423.56,USD_PER_MT,2,v1.0,VALID,SYNTHETIC,hash_bnk_004652,True
4653,BUNKER_MGO_SINGAPORE,2026-07-19 00:00:00,2026-07-19 18:00:00,755.43,USD_PER_MT,2,v1.0,VALID,SYNTHETIC,hash_bnk_004653,True
4654,BUNKER_VLSFO_ROTTERDAM,2026-07-19 00:00:00,2026-07-19 18:00:00,545.84,USD_PER_MT,2,v1.0,VALID,SYNTHETIC,hash_bnk_004654,True
4655,BUNKER_VLSFO_PARADIP,2026-07-19 00:00:00,2026-07-19 18:00:00,612.11,USD_PER_MT,2,v1.0,VALID,SYNTHETIC,hash_bnk_004655,True
4656,BUNKER_VLSFO_SINGAPORE,2026-07-20 00:00:00,2026-07-20 18:00:00,575.53,USD_PER_MT,2,v1.0,VALID,SYNTHETIC,hash_bnk_004656,True
4657,BUNKER_IFO380_SINGAPORE,2026-07-20 00:00:00,2026-07-20 18:00:00,429.85,USD_PER_MT,2,v1.0,VALID,SYNTHETIC,hash_bnk_004657,True
4658,BUNKER_MGO_SINGAPORE,2026-07-20 00:00:00,2026-07-20 18:00:00,754.27,USD_PER_MT,2,v1.0,VALID,SYNTHETIC,hash_bnk_004658,True
4659,BUNKER_VLSFO_ROTTERDAM,2026-07-20 00:00:00,2026-07-20 18:00:00,555.51,USD_PER_MT,2,v1.0,VALID,SYNTHETIC,hash_bnk_004659,True
4660,BUNKER_VLSFO_PARADIP,2026-07-20 00:00:00,2026-07-20 18:00:00,606.17,USD_PER_MT,2,v1.0,VALID,SYNTHETIC,hash_bnk_004660,True
4661,BUNKER_VLSFO_SINGAPORE,2026-07-21 00:00:00,2026-07-21 18:00:00,577.83,USD_PER_MT,2,v1.0,VALID,SYNTHETIC,hash_bnk_004661,True
4662,BUNKER_IFO380_SINGAPORE,2026-07-21 00:00:00,2026-07-21 18:00:00,425.58,USD_PER_MT,2,v1.0,VALID,SYNTHETIC,hash_bnk_004662,True
4663,BUNKER_MGO_SINGAPORE,2026-07-21 00:00:00,2026-07-21 18:00:00,743.35,USD_PER_MT,2,v1.0,VALID,SYNTHETIC,hash_bnk_004663,True
4664,BUNKER_VLSFO_ROTTERDAM,2026-07-21 00:00:00,2026-07-21 18:00:00,548.2,USD_PER_MT,2,v1.0,VALID,SYNTHETIC,hash_bnk_004664,True
4665,BUNKER_VLSFO_PARADIP,2026-07-21 00:00:00,2026-07-21 18:00:00,614.22,USD_PER_MT,2,v1.0,VALID,SYNTHETIC,hash_bnk_004665,True
4666,BUNKER_VLSFO_SINGAPORE,2026-07-22 00:00:00,2026-07-22 18:00:00,566.65,USD_PER_MT,2,v1.0,VALID,SYNTHETIC,hash_bnk_004666,True
4667,BUNKER_IFO380_SINGAPORE,2026-07-22 00:00:00,2026-07-22 18:00:00,425.37,USD_PER_MT,2,v1.0,VALID,SYNTHETIC,hash_bnk_004667,True
4668,BUNKER_MGO_SINGAPORE,2026-07-22 00:00:00,2026-07-22 18:00:00,749.39,USD_PER_MT,2,v1.0,VALID,SYNTHETIC,hash_bnk_004668,True
4669,BUNKER_VLSFO_ROTTERDAM,2026-07-22 00:00:00,2026-07-22 18:00:00,544.2,USD_PER_MT,2,v1.0,VALID,SYNTHETIC,hash_bnk_004669,True
4670,BUNKER_VLSFO_PARADIP,2026-07-22 00:00:00,2026-07-22 18:00:00,611.04,USD_PER_MT,2,v1.0,VALID,SYNTHETIC,hash_bnk_004670,True
4671,BUNKER_VLSFO_SINGAPORE,2026-07-23 00:00:00,2026-07-23 18:00:00,573.25,USD_PER_MT,2,v1.0,VALID,SYNTHETIC,hash_bnk_004671,True
4672,BUNKER_IFO380_SINGAPORE,2026-07-23 00:00:00,2026-07-23 18:00:00,432.23,USD_PER_MT,2,v1.0,VALID,SYNTHETIC,hash_bnk_004672,True
4673,BUNKER_MGO_SINGAPORE,2026-07-23 00:00:00,2026-07-23 18:00:00,740.36,USD_PER_MT,2,v1.0,VALID,SYNTHETIC,hash_bnk_004673,True
4674,BUNKER_VLSFO_ROTTERDAM,2026-07-23 00:00:00,2026-07-23 18:00:00,543.4,USD_PER_MT,2,v1.0,VALID,SYNTHETIC,hash_bnk_004674,True
4675,BUNKER_VLSFO_PARADIP,2026-07-23 00:00:00,2026-07-23 18:00:00,599.2,USD_PER_MT,2,v1.0,VALID,SYNTHETIC,hash_bnk_004675,True
4676,BUNKER_VLSFO_SINGAPORE,2026-07-24 00:00:00,2026-07-24 18:00:00,576.59,USD_PER_MT,2,v1.0,VALID,SYNTHETIC,hash_bnk_004676,True
4677,BUNKER_IFO380_SINGAPORE,2026-07-24 00:00:00,2026-07-24 18:00:00,426.82,USD_PER_MT,2,v1.0,VALID,SYNTHETIC,hash_bnk_004677,True
4678,BUNKER_MGO_SINGAPORE,2026-07-24 00:00:00,2026-07-24 18:00:00,747.43,USD_PER_MT,2,v1.0,VALID,SYNTHETIC,hash_bnk_004678,True
4679,BUNKER_VLSFO_ROTTERDAM,2026-07-24 00:00:00,2026-07-24 18:00:00,538.08,USD_PER_MT,2,v1.0,VALID,SYNTHETIC,hash_bnk_004679,True
4680,BUNKER_VLSFO_PARADIP,2026-07-24 00:00:00,2026-07-24 18:00:00,597.89,USD_PER_MT,2,v1.0,VALID,SYNTHETIC,hash_bnk_004680,True
4681,BUNKER_VLSFO_SINGAPORE,2026-07-25 00:00:00,2026-07-25 18:00:00,573.94,USD_PER_MT,2,v1.0,VALID,SYNTHETIC,hash_bnk_004681,True
4682,BUNKER_IFO380_SINGAPORE,2026-07-25 00:00:00,2026-07-25 18:00:00,425.75,USD_PER_MT,2,v1.0,VALID,SYNTHETIC,hash_bnk_004682,True
4683,BUNKER_MGO_SINGAPORE,2026-07-25 00:00:00,2026-07-25 18:00:00,735.31,USD_PER_MT,2,v1.0,VALID,SYNTHETIC,hash_bnk_004683,True
4684,BUNKER_VLSFO_ROTTERDAM,2026-07-25 00:00:00,2026-07-25 18:00:00,546.1,USD_PER_MT,2,v1.0,VALID,SYNTHETIC,hash_bnk_004684,True
4685,BUNKER_VLSFO_PARADIP,2026-07-25 00:00:00,2026-07-25 18:00:00,600.12,USD_PER_MT,2,v1.0,VALID,SYNTHETIC,hash_bnk_004685,True
4686,BUNKER_VLSFO_SINGAPORE,2026-07-26 00:00:00,2026-07-26 18:00:00,570.44,USD_PER_MT,2,v1.0,VALID,SYNTHETIC,hash_bnk_004686,True
4687,BUNKER_IFO380_SINGAPORE,2026-07-26 00:00:00,2026-07-26 18:00:00,426.86,USD_PER_MT,2,v1.0,VALID,SYNTHETIC,hash_bnk_004687,True
4688,BUNKER_MGO_SINGAPORE,2026-07-26 00:00:00,2026-07-26 18:00:00,750.38,USD_PER_MT,2,v1.0,VALID,SYNTHETIC,hash_bnk_004688,True
4689,BUNKER_VLSFO_ROTTERDAM,2026-07-26 00:00:00,2026-07-26 18:00:00,544.93,USD_PER_MT,2,v1.0,VALID,SYNTHETIC,hash_bnk_004689,True
4690,BUNKER_VLSFO_PARADIP,2026-07-26 00:00:00,2026-07-26 18:00:00,609.46,USD_PER_MT,2,v1.0,VALID,SYNTHETIC,hash_bnk_004690,True
4691,BUNKER_VLSFO_SINGAPORE,2026-07-27 00:00:00,2026-07-27 18:00:00,573.35,USD_PER_MT,2,v1.0,VALID,SYNTHETIC,hash_bnk_004691,True
4692,BUNKER_IFO380_SINGAPORE,2026-07-27 00:00:00,2026-07-27 18:00:00,422.63,USD_PER_MT,2,v1.0,VALID,SYNTHETIC,hash_bnk_004692,True
4693,BUNKER_MGO_SINGAPORE,2026-07-27 00:00:00,2026-07-27 18:00:00,741.47,USD_PER_MT,2,v1.0,VALID,SYNTHETIC,hash_bnk_004693,True
4694,BUNKER_VLSFO_ROTTERDAM,2026-07-27 00:00:00,2026-07-27 18:00:00,541.42,USD_PER_MT,2,v1.0,VALID,SYNTHETIC,hash_bnk_004694,True
4695,BUNKER_VLSFO_PARADIP,2026-07-27 00:00:00,2026-07-27 18:00:00,603.71,USD_PER_MT,2,v1.0,VALID,SYNTHETIC,hash_bnk_004695,True
4696,BUNKER_VLSFO_SINGAPORE,2026-07-28 00:00:00,2026-07-28 18:00:00,569.98,USD_PER_MT,2,v1.0,VALID,SYNTHETIC,hash_bnk_004696,True
4697,BUNKER_IFO380_SINGAPORE,2026-07-28 00:00:00,2026-07-28 18:00:00,422.89,USD_PER_MT,2,v1.0,VALID,SYNTHETIC,hash_bnk_004697,True
4698,BUNKER_MGO_SINGAPORE,2026-07-28 00:00:00,2026-07-28 18:00:00,735.35,USD_PER_MT,2,v1.0,VALID,SYNTHETIC,hash_bnk_004698,True
4699,BUNKER_VLSFO_ROTTERDAM,2026-07-28 00:00:00,2026-07-28 18:00:00,537.22,USD_PER_MT,2,v1.0,VALID,SYNTHETIC,hash_bnk_004699,True
4700,BUNKER_VLSFO_PARADIP,2026-07-28 00:00:00,2026-07-28 18:00:00,593.26,USD_PER_MT,2,v1.0,VALID,SYNTHETIC,hash_bnk_004700,True
4701,BUNKER_VLSFO_SINGAPORE,2026-07-29 00:00:00,2026-07-29 18:00:00,563.45,USD_PER_MT,2,v1.0,VALID,SYNTHETIC,hash_bnk_004701,True
4702,BUNKER_IFO380_SINGAPORE,2026-07-29 00:00:00,2026-07-29 18:00:00,421.35,USD_PER_MT,2,v1.0,VALID,SYNTHETIC,hash_bnk_004702,True
4703,BUNKER_MGO_SINGAPORE,2026-07-29 00:00:00,2026-07-29 18:00:00,736.26,USD_PER_MT,2,v1.0,VALID,SYNTHETIC,hash_bnk_004703,True
4704,BUNKER_VLSFO_ROTTERDAM,2026-07-29 00:00:00,2026-07-29 18:00:00,540.93,USD_PER_MT,2,v1.0,VALID,SYNTHETIC,hash_bnk_004704,True
4705,BUNKER_VLSFO_PARADIP,2026-07-29 00:00:00,2026-07-29 18:00:00,591.86,USD_PER_MT,2,v1.0,VALID,SYNTHETIC,hash_bnk_004705,True
4706,BUNKER_VLSFO_SINGAPORE,2026-07-30 00:00:00,2026-07-30 18:00:00,563.3,USD_PER_MT,2,v1.0,VALID,SYNTHETIC,hash_bnk_004706,True
4707,BUNKER_IFO380_SINGAPORE,2026-07-30 00:00:00,2026-07-30 18:00:00,424.59,USD_PER_MT,2,v1.0,VALID,SYNTHETIC,hash_bnk_004707,True
4708,BUNKER_MGO_SINGAPORE,2026-07-30 00:00:00,2026-07-30 18:00:00,737.01,USD_PER_MT,2,v1.0,VALID,SYNTHETIC,hash_bnk_004708,True
4709,BUNKER_VLSFO_ROTTERDAM,2026-07-30 00:00:00,2026-07-30 18:00:00,543.89,USD_PER_MT,2,v1.0,VALID,SYNTHETIC,hash_bnk_004709,True
4710,BUNKER_VLSFO_PARADIP,2026-07-30 00:00:00,2026-07-30 18:00:00,595.13,USD_PER_MT,2,v1.0,VALID,SYNTHETIC,hash_bnk_004710,True
4711,BUNKER_VLSFO_SINGAPORE,2026-07-31 00:00:00,2026-07-31 18:00:00,565.42,USD_PER_MT,2,v1.0,VALID,SYNTHETIC,hash_bnk_004711,True
4712,BUNKER_IFO380_SINGAPORE,2026-07-31 00:00:00,2026-07-31 18:00:00,419.97,USD_PER_MT,2,v1.0,VALID,SYNTHETIC,hash_bnk_004712,True
4713,BUNKER_MGO_SINGAPORE,2026-07-31 00:00:00,2026-07-31 18:00:00,735.7,USD_PER_MT,2,v1.0,VALID,SYNTHETIC,hash_bnk_004713,True
4714,BUNKER_VLSFO_ROTTERDAM,2026-07-31 00:00:00,2026-07-31 18:00:00,540.59,USD_PER_MT,2,v1.0,VALID,SYNTHETIC,hash_bnk_004714,True
4715,BUNKER_VLSFO_PARADIP,2026-07-31 00:00:00,2026-07-31 18:00:00,596.95,USD_PER_MT,2,v1.0,VALID,SYNTHETIC,hash_bnk_004715,True
4716,BUNKER_VLSFO_SINGAPORE,2026-08-01 00:00:00,2026-08-01 18:00:00,563.87,USD_PER_MT,2,v1.0,VALID,SYNTHETIC,hash_bnk_004716,True
4717,BUNKER_IFO380_SINGAPORE,2026-08-01 00:00:00,2026-08-01 18:00:00,415.39,USD_PER_MT,2,v1.0,VALID,SYNTHETIC,hash_bnk_004717,True
4718,BUNKER_MGO_SINGAPORE,2026-08-01 00:00:00,2026-08-01 18:00:00,743.42,USD_PER_MT,2,v1.0,VALID,SYNTHETIC,hash_bnk_004718,True
4719,BUNKER_VLSFO_ROTTERDAM,2026-08-01 00:00:00,2026-08-01 18:00:00,536.25,USD_PER_MT,2,v1.0,VALID,SYNTHETIC,hash_bnk_004719,True
4720,BUNKER_VLSFO_PARADIP,2026-08-01 00:00:00,2026-08-01 18:00:00,600.41,USD_PER_MT,2,v1.0,VALID,SYNTHETIC,hash_bnk_004720,True
4721,BUNKER_VLSFO_SINGAPORE,2026-08-02 00:00:00,2026-08-02 18:00:00,569.23,USD_PER_MT,2,v1.0,VALID,SYNTHETIC,hash_bnk_004721,True
4722,BUNKER_IFO380_SINGAPORE,2026-08-02 00:00:00,2026-08-02 18:00:00,418.18,USD_PER_MT,2,v1.0,VALID,SYNTHETIC,hash_bnk_004722,True
4723,BUNKER_MGO_SINGAPORE,2026-08-02 00:00:00,2026-08-02 18:00:00,743.4,USD_PER_MT,2,v1.0,VALID,SYNTHETIC,hash_bnk_004723,True
4724,BUNKER_VLSFO_ROTTERDAM,2026-08-02 00:00:00,2026-08-02 18:00:00,536.6,USD_PER_MT,2,v1.0,VALID,SYNTHETIC,hash_bnk_004724,True
4725,BUNKER_VLSFO_PARADIP,2026-08-02 00:00:00,2026-08-02 18:00:00,603.78,USD_PER_MT,2,v1.0,VALID,SYNTHETIC,hash_bnk_004725,True
4726,BUNKER_VLSFO_SINGAPORE,2026-08-03 00:00:00,2026-08-03 18:00:00,566.51,USD_PER_MT,2,v1.0,VALID,SYNTHETIC,hash_bnk_004726,True
4727,BUNKER_IFO380_SINGAPORE,2026-08-03 00:00:00,2026-08-03 18:00:00,415.38,USD_PER_MT,2,v1.0,VALID,SYNTHETIC,hash_bnk_004727,True
4728,BUNKER_MGO_SINGAPORE,2026-08-03 00:00:00,2026-08-03 18:00:00,743.46,USD_PER_MT,2,v1.0,VALID,SYNTHETIC,hash_bnk_004728,True
4729,BUNKER_VLSFO_ROTTERDAM,2026-08-03 00:00:00,2026-08-03 18:00:00,542.22,USD_PER_MT,2,v1.0,VALID,SYNTHETIC,hash_bnk_004729,True
4730,BUNKER_VLSFO_PARADIP,2026-08-03 00:00:00,2026-08-03 18:00:00,601.46,USD_PER_MT,2,v1.0,VALID,SYNTHETIC,hash_bnk_004730,True
4731,BUNKER_VLSFO_SINGAPORE,2026-08-04 00:00:00,2026-08-04 18:00:00,565.14,USD_PER_MT,2,v1.0,VALID,SYNTHETIC,hash_bnk_004731,True
4732,BUNKER_IFO380_SINGAPORE,2026-08-04 00:00:00,2026-08-04 18:00:00,419.71,USD_PER_MT,2,v1.0,VALID,SYNTHETIC,hash_bnk_004732,True
4733,BUNKER_MGO_SINGAPORE,2026-08-04 00:00:00,2026-08-04 18:00:00,750.15,USD_PER_MT,2,v1.0,VALID,SYNTHETIC,hash_bnk_004733,True
4734,BUNKER_VLSFO_ROTTERDAM,2026-08-04 00:00:00,2026-08-04 18:00:00,535.42,USD_PER_MT,2,v1.0,VALID,SYNTHETIC,hash_bnk_004734,True
4735,BUNKER_VLSFO_PARADIP,2026-08-04 00:00:00,2026-08-04 18:00:00,600.53,USD_PER_MT,2,v1.0,VALID,SYNTHETIC,hash_bnk_004735,True
4736,BUNKER_VLSFO_SINGAPORE,2026-08-05 00:00:00,2026-08-05 18:00:00,565.37,USD_PER_MT,2,v1.0,VALID,SYNTHETIC,hash_bnk_004736,True
4737,BUNKER_IFO380_SINGAPORE,2026-08-05 00:00:00,2026-08-05 18:00:00,418.48,USD_PER_MT,2,v1.0,VALID,SYNTHETIC,hash_bnk_004737,True
4738,BUNKER_MGO_SINGAPORE,2026-08-05 00:00:00,2026-08-05 18:00:00,749.45,USD_PER_MT,2,v1.0,VALID,SYNTHETIC,hash_bnk_004738,True
4739,BUNKER_VLSFO_ROTTERDAM,2026-08-05 00:00:00,2026-08-05 18:00:00,534.24,USD_PER_MT,2,v1.0,VALID,SYNTHETIC,hash_bnk_004739,True
4740,BUNKER_VLSFO_PARADIP,2026-08-05 00:00:00,2026-08-05 18:00:00,594.17,USD_PER_MT,2,v1.0,VALID,SYNTHETIC,hash_bnk_004740,True
4741,BUNKER_VLSFO_SINGAPORE,2026-08-06 00:00:00,2026-08-06 18:00:00,570.7,USD_PER_MT,2,v1.0,VALID,SYNTHETIC,hash_bnk_004741,True
4742,BUNKER_IFO380_SINGAPORE,2026-08-06 00:00:00,2026-08-06 18:00:00,416.6,USD_PER_MT,2,v1.0,VALID,SYNTHETIC,hash_bnk_004742,True
4743,BUNKER_MGO_SINGAPORE,2026-08-06 00:00:00,2026-08-06 18:00:00,740.32,USD_PER_MT,2,v1.0,VALID,SYNTHETIC,hash_bnk_004743,True
4744,BUNKER_VLSFO_ROTTERDAM,2026-08-06 00:00:00,2026-08-06 18:00:00,536.1,USD_PER_MT,2,v1.0,VALID,SYNTHETIC,hash_bnk_004744,True
4745,BUNKER_VLSFO_PARADIP,2026-08-06 00:00:00,2026-08-06 18:00:00,596.94,USD_PER_MT,2,v1.0,VALID,SYNTHETIC,hash_bnk_004745,True
4746,BUNKER_VLSFO_SINGAPORE,2026-08-07 00:00:00,2026-08-07 18:00:00,560.57,USD_PER_MT,2,v1.0,VALID,SYNTHETIC,hash_bnk_004746,True
4747,BUNKER_IFO380_SINGAPORE,2026-08-07 00:00:00,2026-08-07 18:00:00,412.19,USD_PER_MT,2,v1.0,VALID,SYNTHETIC,hash_bnk_004747,True
4748,BUNKER_MGO_SINGAPORE,2026-08-07 00:00:00,2026-08-07 18:00:00,735.31,USD_PER_MT,2,v1.0,VALID,SYNTHETIC,hash_bnk_004748,True
4749,BUNKER_VLSFO_ROTTERDAM,2026-08-07 00:00:00,2026-08-07 18:00:00,539.05,USD_PER_MT,2,v1.0,VALID,SYNTHETIC,hash_bnk_004749,True
4750,BUNKER_VLSFO_PARADIP,2026-08-07 00:00:00,2026-08-07 18:00:00,593.39,USD_PER_MT,2,v1.0,VALID,SYNTHETIC,hash_bnk_004750,True
4751,BUNKER_VLSFO_SINGAPORE,2026-08-08 00:00:00,2026-08-08 18:00:00,566.34,USD_PER_MT,2,v1.0,VALID,SYNTHETIC,hash_bnk_004751,True
4752,BUNKER_IFO380_SINGAPORE,2026-08-08 00:00:00,2026-08-08 18:00:00,415.41,USD_PER_MT,2,v1.0,VALID,SYNTHETIC,hash_bnk_004752,True
4753,BUNKER_MGO_SINGAPORE,2026-08-08 00:00:00,2026-08-08 18:00:00,736.45,USD_PER_MT,2,v1.0,VALID,SYNTHETIC,hash_bnk_004753,True
4754,BUNKER_VLSFO_ROTTERDAM,2026-08-08 00:00:00,2026-08-08 18:00:00,536.21,USD_PER_MT,2,v1.0,VALID,SYNTHETIC,hash_bnk_004754,True
4755,BUNKER_VLSFO_PARADIP,2026-08-08 00:00:00,2026-08-08 18:00:00,588.21,USD_PER_MT,2,v1.0,VALID,SYNTHETIC,hash_bnk_004755,True
4756,BUNKER_VLSFO_SINGAPORE,2026-08-09 00:00:00,2026-08-09 18:00:00,560.36,USD_PER_MT,2,v1.0,VALID,SYNTHETIC,hash_bnk_004756,True
4757,BUNKER_IFO380_SINGAPORE,2026-08-09 00:00:00,2026-08-09 18:00:00,419.51,USD_PER_MT,2,v1.0,VALID,SYNTHETIC,hash_bnk_004757,True
4758,BUNKER_MGO_SINGAPORE,2026-08-09 00:00:00,2026-08-09 18:00:00,736.05,USD_PER_MT,2,v1.0,VALID,SYNTHETIC,hash_bnk_004758,True
4759,BUNKER_VLSFO_ROTTERDAM,2026-08-09 00:00:00,2026-08-09 18:00:00,539.76,USD_PER_MT,2,v1.0,VALID,SYNTHETIC,hash_bnk_004759,True
4760,BUNKER_VLSFO_PARADIP,2026-08-09 00:00:00,2026-08-09 18:00:00,598.34,USD_PER_MT,2,v1.0,VALID,SYNTHETIC,hash_bnk_004760,True
4761,BUNKER_VLSFO_SINGAPORE,2026-08-10 00:00:00,2026-08-10 18:00:00,560.92,USD_PER_MT,2,v1.0,VALID,SYNTHETIC,hash_bnk_004761,True
4762,BUNKER_IFO380_SINGAPORE,2026-08-10 00:00:00,2026-08-10 18:00:00,426.37,USD_PER_MT,2,v1.0,VALID,SYNTHETIC,hash_bnk_004762,True
4763,BUNKER_MGO_SINGAPORE,2026-08-10 00:00:00,2026-08-10 18:00:00,734.32,USD_PER_MT,2,v1.0,VALID,SYNTHETIC,hash_bnk_004763,True
4764,BUNKER_VLSFO_ROTTERDAM,2026-08-10 00:00:00,2026-08-10 18:00:00,530.85,USD_PER_MT,2,v1.0,VALID,SYNTHETIC,hash_bnk_004764,True
4765,BUNKER_VLSFO_PARADIP,2026-08-10 00:00:00,2026-08-10 18:00:00,600.32,USD_PER_MT,2,v1.0,VALID,SYNTHETIC,hash_bnk_004765,True
4766,BUNKER_VLSFO_SINGAPORE,2026-08-11 00:00:00,2026-08-11 18:00:00,564.33,USD_PER_MT,2,v1.0,VALID,SYNTHETIC,hash_bnk_004766,True
4767,BUNKER_IFO380_SINGAPORE,2026-08-11 00:00:00,2026-08-11 18:00:00,420.59,USD_PER_MT,2,v1.0,VALID,SYNTHETIC,hash_bnk_004767,True
4768,BUNKER_MGO_SINGAPORE,2026-08-11 00:00:00,2026-08-11 18:00:00,736.73,USD_PER_MT,2,v1.0,VALID,SYNTHETIC,hash_bnk_004768,True
4769,BUNKER_VLSFO_ROTTERDAM,2026-08-11 00:00:00,2026-08-11 18:00:00,535.16,USD_PER_MT,2,v1.0,VALID,SYNTHETIC,hash_bnk_004769,True
4770,BUNKER_VLSFO_PARADIP,2026-08-11 00:00:00,2026-08-11 18:00:00,591.56,USD_PER_MT,2,v1.0,VALID,SYNTHETIC,hash_bnk_004770,True
4771,BUNKER_VLSFO_SINGAPORE,2026-08-12 00:00:00,2026-08-12 18:00:00,562.22,USD_PER_MT,2,v1.0,VALID,SYNTHETIC,hash_bnk_004771,True
4772,BUNKER_IFO380_SINGAPORE,2026-08-12 00:00:00,2026-08-12 18:00:00,411.8,USD_PER_MT,2,v1.0,VALID,SYNTHETIC,hash_bnk_004772,True
4773,BUNKER_MGO_SINGAPORE,2026-08-12 00:00:00,2026-08-12 18:00:00,733.2,USD_PER_MT,2,v1.0,VALID,SYNTHETIC,hash_bnk_004773,True
4774,BUNKER_VLSFO_ROTTERDAM,2026-08-12 00:00:00,2026-08-12 18:00:00,539.46,USD_PER_MT,2,v1.0,VALID,SYNTHETIC,hash_bnk_004774,True
4775,BUNKER_VLSFO_PARADIP,2026-08-12 00:00:00,2026-08-12 18:00:00,604.73,USD_PER_MT,2,v1.0,VALID,SYNTHETIC,hash_bnk_004775,True
4776,BUNKER_VLSFO_SINGAPORE,2026-08-13 00:00:00,2026-08-13 18:00:00,563.87,USD_PER_MT,2,v1.0,VALID,SYNTHETIC,hash_bnk_004776,True
4777,BUNKER_IFO380_SINGAPORE,2026-08-13 00:00:00,2026-08-13 18:00:00,418.43,USD_PER_MT,2,v1.0,VALID,SYNTHETIC,hash_bnk_004777,True
4778,BUNKER_MGO_SINGAPORE,2026-08-13 00:00:00,2026-08-13 18:00:00,729.02,USD_PER_MT,2,v1.0,VALID,SYNTHETIC,hash_bnk_004778,True
4779,BUNKER_VLSFO_ROTTERDAM,2026-08-13 00:00:00,2026-08-13 18:00:00,536.21,USD_PER_MT,2,v1.0,VALID,SYNTHETIC,hash_bnk_004779,True
4780,BUNKER_VLSFO_PARADIP,2026-08-13 00:00:00,2026-08-13 18:00:00,594.68,USD_PER_MT,2,v1.0,VALID,SYNTHETIC,hash_bnk_004780,True
4781,BUNKER_VLSFO_SINGAPORE,2026-08-14 00:00:00,2026-08-14 18:00:00,560.61,USD_PER_MT,2,v1.0,VALID,SYNTHETIC,hash_bnk_004781,True
4782,BUNKER_IFO380_SINGAPORE,2026-08-14 00:00:00,2026-08-14 18:00:00,420.88,USD_PER_MT,2,v1.0,VALID,SYNTHETIC,hash_bnk_004782,True
4783,BUNKER_MGO_SINGAPORE,2026-08-14 00:00:00,2026-08-14 18:00:00,737.16,USD_PER_MT,2,v1.0,VALID,SYNTHETIC,hash_bnk_004783,True
4784,BUNKER_VLSFO_ROTTERDAM,2026-08-14 00:00:00,2026-08-14 18:00:00,530.02,USD_PER_MT,2,v1.0,VALID,SYNTHETIC,hash_bnk_004784,True
4785,BUNKER_VLSFO_PARADIP,2026-08-14 00:00:00,2026-08-14 18:00:00,593.83,USD_PER_MT,2,v1.0,VALID,SYNTHETIC,hash_bnk_004785,True
4786,BUNKER_VLSFO_SINGAPORE,2026-08-15 00:00:00,2026-08-15 18:00:00,565.05,USD_PER_MT,2,v1.0,VALID,SYNTHETIC,hash_bnk_004786,True
4787,BUNKER_IFO380_SINGAPORE,2026-08-15 00:00:00,2026-08-15 18:00:00,419.72,USD_PER_MT,2,v1.0,VALID,SYNTHETIC,hash_bnk_004787,True
4788,BUNKER_MGO_SINGAPORE,2026-08-15 00:00:00,2026-08-15 18:00:00,725.54,USD_PER_MT,2,v1.0,VALID,SYNTHETIC,hash_bnk_004788,True
4789,BUNKER_VLSFO_ROTTERDAM,2026-08-15 00:00:00,2026-08-15 18:00:00,531.22,USD_PER_MT,2,v1.0,VALID,SYNTHETIC,hash_bnk_004789,True
4790,BUNKER_VLSFO_PARADIP,2026-08-15 00:00:00,2026-08-15 18:00:00,598.97,USD_PER_MT,2,v1.0,VALID,SYNTHETIC,hash_bnk_004790,True
4791,BUNKER_VLSFO_SINGAPORE,2026-08-16 00:00:00,2026-08-16 18:00:00,565.7,USD_PER_MT,2,v1.0,VALID,SYNTHETIC,hash_bnk_004791,True
4792,BUNKER_IFO380_SINGAPORE,2026-08-16 00:00:00,2026-08-16 18:00:00,414.31,USD_PER_MT,2,v1.0,VALID,SYNTHETIC,hash_bnk_004792,True
4793,BUNKER_MGO_SINGAPORE,2026-08-16 00:00:00,2026-08-16 18:00:00,728.27,USD_PER_MT,2,v1.0,VALID,SYNTHETIC,hash_bnk_004793,True
4794,BUNKER_VLSFO_ROTTERDAM,2026-08-16 00:00:00,2026-08-16 18:00:00,535.08,USD_PER_MT,2,v1.0,VALID,SYNTHETIC,hash_bnk_004794,True
4795,BUNKER_VLSFO_PARADIP,2026-08-16 00:00:00,2026-08-16 18:00:00,593.41,USD_PER_MT,2,v1.0,VALID,SYNTHETIC,hash_bnk_004795,True
4796,BUNKER_VLSFO_SINGAPORE,2026-08-17 00:00:00,2026-08-17 18:00:00,561.43,USD_PER_MT,2,v1.0,VALID,SYNTHETIC,hash_bnk_004796,True
4797,BUNKER_IFO380_SINGAPORE,2026-08-17 00:00:00,2026-08-17 18:00:00,414.76,USD_PER_MT,2,v1.0,VALID,SYNTHETIC,hash_bnk_004797,True
4798,BUNKER_MGO_SINGAPORE,2026-08-17 00:00:00,2026-08-17 18:00:00,742.14,USD_PER_MT,2,v1.0,VALID,SYNTHETIC,hash_bnk_004798,True
4799,BUNKER_VLSFO_ROTTERDAM,2026-08-17 00:00:00,2026-08-17 18:00:00,534.23,USD_PER_MT,2,v1.0,VALID,SYNTHETIC,hash_bnk_004799,True
4800,BUNKER_VLSFO_PARADIP,2026-08-17 00:00:00,2026-08-17 18:00:00,585.69,USD_PER_MT,2,v1.0,VALID,SYNTHETIC,hash_bnk_004800,True
4801,BUNKER_VLSFO_SINGAPORE,2026-08-18 00:00:00,2026-08-18 18:00:00,557.86,USD_PER_MT,2,v1.0,VALID,SYNTHETIC,hash_bnk_004801,True
4802,BUNKER_IFO380_SINGAPORE,2026-08-18 00:00:00,2026-08-18 18:00:00,412.92,USD_PER_MT,2,v1.0,VALID,SYNTHETIC,hash_bnk_004802,True
4803,BUNKER_MGO_SINGAPORE,2026-08-18 00:00:00,2026-08-18 18:00:00,722.6,USD_PER_MT,2,v1.0,VALID,SYNTHETIC,hash_bnk_004803,True
4804,BUNKER_VLSFO_ROTTERDAM,2026-08-18 00:00:00,2026-08-18 18:00:00,534.78,USD_PER_MT,2,v1.0,VALID,SYNTHETIC,hash_bnk_004804,True
4805,BUNKER_VLSFO_PARADIP,2026-08-18 00:00:00,2026-08-18 18:00:00,586.77,USD_PER_MT,2,v1.0,VALID,SYNTHETIC,hash_bnk_004805,True
4806,BUNKER_VLSFO_SINGAPORE,2026-08-19 00:00:00,2026-08-19 18:00:00,561.74,USD_PER_MT,2,v1.0,VALID,SYNTHETIC,hash_bnk_004806,True
4807,BUNKER_IFO380_SINGAPORE,2026-08-19 00:00:00,2026-08-19 18:00:00,417.53,USD_PER_MT,2,v1.0,VALID,SYNTHETIC,hash_bnk_004807,True
4808,BUNKER_MGO_SINGAPORE,2026-08-19 00:00:00,2026-08-19 18:00:00,724.12,USD_PER_MT,2,v1.0,VALID,SYNTHETIC,hash_bnk_004808,True
4809,BUNKER_VLSFO_ROTTERDAM,2026-08-19 00:00:00,2026-08-19 18:00:00,528.13,USD_PER_MT,2,v1.0,VALID,SYNTHETIC,hash_bnk_004809,True
4810,BUNKER_VLSFO_PARADIP,2026-08-19 00:00:00,2026-08-19 18:00:00,589.21,USD_PER_MT,2,v1.0,VALID,SYNTHETIC,hash_bnk_004810,True
4811,BUNKER_VLSFO_SINGAPORE,2026-08-20 00:00:00,2026-08-20 18:00:00,554.93,USD_PER_MT,2,v1.0,VALID,SYNTHETIC,hash_bnk_004811,True
4812,BUNKER_IFO380_SINGAPORE,2026-08-20 00:00:00,2026-08-20 18:00:00,416.22,USD_PER_MT,2,v1.0,VALID,SYNTHETIC,hash_bnk_004812,True
4813,BUNKER_MGO_SINGAPORE,2026-08-20 00:00:00,2026-08-20 18:00:00,732.06,USD_PER_MT,2,v1.0,VALID,SYNTHETIC,hash_bnk_004813,True
4814,BUNKER_VLSFO_ROTTERDAM,2026-08-20 00:00:00,2026-08-20 18:00:00,532.72,USD_PER_MT,2,v1.0,VALID,SYNTHETIC,hash_bnk_004814,True
4815,BUNKER_VLSFO_PARADIP,2026-08-20 00:00:00,2026-08-20 18:00:00,592.44,USD_PER_MT,2,v1.0,VALID,SYNTHETIC,hash_bnk_004815,True
4816,BUNKER_VLSFO_SINGAPORE,2026-08-21 00:00:00,2026-08-21 18:00:00,556.17,USD_PER_MT,2,v1.0,VALID,SYNTHETIC,hash_bnk_004816,True
4817,BUNKER_IFO380_SINGAPORE,2026-08-21 00:00:00,2026-08-21 18:00:00,411.39,USD_PER_MT,2,v1.0,VALID,SYNTHETIC,hash_bnk_004817,True
4818,BUNKER_MGO_SINGAPORE,2026-08-21 00:00:00,2026-08-21 18:00:00,732.79,USD_PER_MT,2,v1.0,VALID,SYNTHETIC,hash_bnk_004818,True
4819,BUNKER_VLSFO_ROTTERDAM,2026-08-21 00:00:00,2026-08-21 18:00:00,528.45,USD_PER_MT,2,v1.0,VALID,SYNTHETIC,hash_bnk_004819,True
4820,BUNKER_VLSFO_PARADIP,2026-08-21 00:00:00,2026-08-21 18:00:00,590.24,USD_PER_MT,2,v1.0,VALID,SYNTHETIC,hash_bnk_004820,True
4821,BUNKER_VLSFO_SINGAPORE,2026-08-22 00:00:00,2026-08-22 18:00:00,556.95,USD_PER_MT,2,v1.0,VALID,SYNTHETIC,hash_bnk_004821,True
4822,BUNKER_IFO380_SINGAPORE,2026-08-22 00:00:00,2026-08-22 18:00:00,412.74,USD_PER_MT,2,v1.0,VALID,SYNTHETIC,hash_bnk_004822,True
4823,BUNKER_MGO_SINGAPORE,2026-08-22 00:00:00,2026-08-22 18:00:00,730.76,USD_PER_MT,2,v1.0,VALID,SYNTHETIC,hash_bnk_004823,True
4824,BUNKER_VLSFO_ROTTERDAM,2026-08-22 00:00:00,2026-08-22 18:00:00,542.37,USD_PER_MT,2,v1.0,VALID,SYNTHETIC,hash_bnk_004824,True
4825,BUNKER_VLSFO_PARADIP,2026-08-22 00:00:00,2026-08-22 18:00:00,594.11,USD_PER_MT,2,v1.0,VALID,SYNTHETIC,hash_bnk_004825,True
4826,BUNKER_VLSFO_SINGAPORE,2026-08-23 00:00:00,2026-08-23 18:00:00,558.16,USD_PER_MT,2,v1.0,VALID,SYNTHETIC,hash_bnk_004826,True
4827,BUNKER_IFO380_SINGAPORE,2026-08-23 00:00:00,2026-08-23 18:00:00,414.94,USD_PER_MT,2,v1.0,VALID,SYNTHETIC,hash_bnk_004827,True
4828,BUNKER_MGO_SINGAPORE,2026-08-23 00:00:00,2026-08-23 18:00:00,724.99,USD_PER_MT,2,v1.0,VALID,SYNTHETIC,hash_bnk_004828,True
4829,BUNKER_VLSFO_ROTTERDAM,2026-08-23 00:00:00,2026-08-23 18:00:00,537.11,USD_PER_MT,2,v1.0,VALID,SYNTHETIC,hash_bnk_004829,True
4830,BUNKER_VLSFO_PARADIP,2026-08-23 00:00:00,2026-08-23 18:00:00,592.23,USD_PER_MT,2,v1.0,VALID,SYNTHETIC,hash_bnk_004830,True
4831,BUNKER_VLSFO_SINGAPORE,2026-08-24 00:00:00,2026-08-24 18:00:00,558.38,USD_PER_MT,2,v1.0,VALID,SYNTHETIC,hash_bnk_004831,True
4832,BUNKER_IFO380_SINGAPORE,2026-08-24 00:00:00,2026-08-24 18:00:00,419.65,USD_PER_MT,2,v1.0,VALID,SYNTHETIC,hash_bnk_004832,True
4833,BUNKER_MGO_SINGAPORE,2026-08-24 00:00:00,2026-08-24 18:00:00,727.09,USD_PER_MT,2,v1.0,VALID,SYNTHETIC,hash_bnk_004833,True
4834,BUNKER_VLSFO_ROTTERDAM,2026-08-24 00:00:00,2026-08-24 18:00:00,533.89,USD_PER_MT,2,v1.0,VALID,SYNTHETIC,hash_bnk_004834,True
4835,BUNKER_VLSFO_PARADIP,2026-08-24 00:00:00,2026-08-24 18:00:00,587.47,USD_PER_MT,2,v1.0,VALID,SYNTHETIC,hash_bnk_004835,True
4836,BUNKER_VLSFO_SINGAPORE,2026-08-25 00:00:00,2026-08-25 18:00:00,563.05,USD_PER_MT,2,v1.0,VALID,SYNTHETIC,hash_bnk_004836,True
4837,BUNKER_IFO380_SINGAPORE,2026-08-25 00:00:00,2026-08-25 18:00:00,415.07,USD_PER_MT,2,v1.0,VALID,SYNTHETIC,hash_bnk_004837,True
4838,BUNKER_MGO_SINGAPORE,2026-08-25 00:00:00,2026-08-25 18:00:00,723.93,USD_PER_MT,2,v1.0,VALID,SYNTHETIC,hash_bnk_004838,True
4839,BUNKER_VLSFO_ROTTERDAM,2026-08-25 00:00:00,2026-08-25 18:00:00,528.68,USD_PER_MT,2,v1.0,VALID,SYNTHETIC,hash_bnk_004839,True
4840,BUNKER_VLSFO_PARADIP,2026-08-25 00:00:00,2026-08-25 18:00:00,590.81,USD_PER_MT,2,v1.0,VALID,SYNTHETIC,hash_bnk_004840,True
4841,BUNKER_VLSFO_SINGAPORE,2026-08-26 00:00:00,2026-08-26 18:00:00,559.24,USD_PER_MT,2,v1.0,VALID,SYNTHETIC,hash_bnk_004841,True
4842,BUNKER_IFO380_SINGAPORE,2026-08-26 00:00:00,2026-08-26 18:00:00,408.23,USD_PER_MT,2,v1.0,VALID,SYNTHETIC,hash_bnk_004842,True
4843,BUNKER_MGO_SINGAPORE,2026-08-26 00:00:00,2026-08-26 18:00:00,727.01,USD_PER_MT,2,v1.0,VALID,SYNTHETIC,hash_bnk_004843,True
4844,BUNKER_VLSFO_ROTTERDAM,2026-08-26 00:00:00,2026-08-26 18:00:00,531.63,USD_PER_MT,2,v1.0,VALID,SYNTHETIC,hash_bnk_004844,True
4845,BUNKER_VLSFO_PARADIP,2026-08-26 00:00:00,2026-08-26 18:00:00,592.97,USD_PER_MT,2,v1.0,VALID,SYNTHETIC,hash_bnk_004845,True
4846,BUNKER_VLSFO_SINGAPORE,2026-08-27 00:00:00,2026-08-27 18:00:00,557.28,USD_PER_MT,2,v1.0,VALID,SYNTHETIC,hash_bnk_004846,True
4847,BUNKER_IFO380_SINGAPORE,2026-08-27 00:00:00,2026-08-27 18:00:00,411.65,USD_PER_MT,2,v1.0,VALID,SYNTHETIC,hash_bnk_004847,True
4848,BUNKER_MGO_SINGAPORE,2026-08-27 00:00:00,2026-08-27 18:00:00,729.53,USD_PER_MT,2,v1.0,VALID,SYNTHETIC,hash_bnk_004848,True
4849,BUNKER_VLSFO_ROTTERDAM,2026-08-27 00:00:00,2026-08-27 18:00:00,529.21,USD_PER_MT,2,v1.0,VALID,SYNTHETIC,hash_bnk_004849,True
4850,BUNKER_VLSFO_PARADIP,2026-08-27 00:00:00,2026-08-27 18:00:00,590.29,USD_PER_MT,2,v1.0,VALID,SYNTHETIC,hash_bnk_004850,True
4851,BUNKER_VLSFO_SINGAPORE,2026-08-28 00:00:00,2026-08-28 18:00:00,550.77,USD_PER_MT,2,v1.0,VALID,SYNTHETIC,hash_bnk_004851,True
4852,BUNKER_IFO380_SINGAPORE,2026-08-28 00:00:00,2026-08-28 18:00:00,416.61,USD_PER_MT,2,v1.0,VALID,SYNTHETIC,hash_bnk_004852,True
4853,BUNKER_MGO_SINGAPORE,2026-08-28 00:00:00,2026-08-28 18:00:00,717.1,USD_PER_MT,2,v1.0,VALID,SYNTHETIC,hash_bnk_004853,True
4854,BUNKER_VLSFO_ROTTERDAM,2026-08-28 00:00:00,2026-08-28 18:00:00,528.67,USD_PER_MT,2,v1.0,VALID,SYNTHETIC,hash_bnk_004854,True
4855,BUNKER_VLSFO_PARADIP,2026-08-28 00:00:00,2026-08-28 18:00:00,589.77,USD_PER_MT,2,v1.0,VALID,SYNTHETIC,hash_bnk_004855,True
4856,BUNKER_VLSFO_SINGAPORE,2026-08-29 00:00:00,2026-08-29 18:00:00,559.95,USD_PER_MT,2,v1.0,VALID,SYNTHETIC,hash_bnk_004856,True
4857,BUNKER_IFO380_SINGAPORE,2026-08-29 00:00:00,2026-08-29 18:00:00,409.51,USD_PER_MT,2,v1.0,VALID,SYNTHETIC,hash_bnk_004857,True
4858,BUNKER_MGO_SINGAPORE,2026-08-29 00:00:00,2026-08-29 18:00:00,732.96,USD_PER_MT,2,v1.0,VALID,SYNTHETIC,hash_bnk_004858,True
4859,BUNKER_VLSFO_ROTTERDAM,2026-08-29 00:00:00,2026-08-29 18:00:00,535.14,USD_PER_MT,2,v1.0,VALID,SYNTHETIC,hash_bnk_004859,True
4860,BUNKER_VLSFO_PARADIP,2026-08-29 00:00:00,2026-08-29 18:00:00,586.67,USD_PER_MT,2,v1.0,VALID,SYNTHETIC,hash_bnk_004860,True
4861,BUNKER_VLSFO_SINGAPORE,2026-08-30 00:00:00,2026-08-30 18:00:00,559.72,USD_PER_MT,2,v1.0,VALID,SYNTHETIC,hash_bnk_004861,True
4862,BUNKER_IFO380_SINGAPORE,2026-08-30 00:00:00,2026-08-30 18:00:00,417.67,USD_PER_MT,2,v1.0,VALID,SYNTHETIC,hash_bnk_004862,True
4863,BUNKER_MGO_SINGAPORE,2026-08-30 00:00:00,2026-08-30 18:00:00,727.73,USD_PER_MT,2,v1.0,VALID,SYNTHETIC,hash_bnk_004863,True
4864,BUNKER_VLSFO_ROTTERDAM,2026-08-30 00:00:00,2026-08-30 18:00:00,533.15,USD_PER_MT,2,v1.0,VALID,SYNTHETIC,hash_bnk_004864,True
4865,BUNKER_VLSFO_PARADIP,2026-08-30 00:00:00,2026-08-30 18:00:00,590.14,USD_PER_MT,2,v1.0,VALID,SYNTHETIC,hash_bnk_004865,True
4866,BUNKER_VLSFO_SINGAPORE,2026-08-31 00:00:00,2026-08-31 18:00:00,559.0,USD_PER_MT,2,v1.0,VALID,SYNTHETIC,hash_bnk_004866,True
4867,BUNKER_IFO380_SINGAPORE,2026-08-31 00:00:00,2026-08-31 18:00:00,412.51,USD_PER_MT,2,v1.0,VALID,SYNTHETIC,hash_bnk_004867,True
4868,BUNKER_MGO_SINGAPORE,2026-08-31 00:00:00,2026-08-31 18:00:00,733.34,USD_PER_MT,2,v1.0,VALID,SYNTHETIC,hash_bnk_004868,True
4869,BUNKER_VLSFO_ROTTERDAM,2026-08-31 00:00:00,2026-08-31 18:00:00,531.71,USD_PER_MT,2,v1.0,VALID,SYNTHETIC,hash_bnk_004869,True
4870,BUNKER_VLSFO_PARADIP,2026-08-31 00:00:00,2026-08-31 18:00:00,581.87,USD_PER_MT,2,v1.0,VALID,SYNTHETIC,hash_bnk_004870,True
