id,series_id,observed_at,available_at,value,unit,source_id,source_version,quality_status,data_kind,content_hash,is_demo
1,INDEX_BDI,2024-01-01 00:00:00,2024-01-01 18:00:00,1284.8,POINTS,1,v1.0,VALID,SYNTHETIC,hash_mkt_000001,True
2,INDEX_BCI,2024-01-01 00:00:00,2024-01-01 18:00:00,1934.0,POINTS,1,v1.0,VALID,SYNTHETIC,hash_mkt_000002,True
3,INDEX_BPI,2024-01-01 00:00:00,2024-01-01 18:00:00,1256.2,POINTS,1,v1.0,VALID,SYNTHETIC,hash_mkt_000003,True
4,INDEX_BSI,2024-01-01 00:00:00,2024-01-01 18:00:00,958.7,POINTS,1,v1.0,VALID,SYNTHETIC,hash_mkt_000004,True
5,INDEX_BHSI,2024-01-01 00:00:00,2024-01-01 18:00:00,614.0,POINTS,1,v1.0,VALID,SYNTHETIC,hash_mkt_000005,True
6,INDEX_BDI,2024-01-02 00:00:00,2024-01-02 18:00:00,1269.5,POINTS,1,v1.0,VALID,SYNTHETIC,hash_mkt_000006,True
7,INDEX_BCI,2024-01-02 00:00:00,2024-01-02 18:00:00,1963.1,POINTS,1,v1.0,VALID,SYNTHETIC,hash_mkt_000007,True
8,INDEX_BPI,2024-01-02 00:00:00,2024-01-02 18:00:00,1271.8,POINTS,1,v1.0,VALID,SYNTHETIC,hash_mkt_000008,True
9,INDEX_BSI,2024-01-02 00:00:00,2024-01-02 18:00:00,971.3,POINTS,1,v1.0,VALID,SYNTHETIC,hash_mkt_000009,True
10,INDEX_BHSI,2024-01-02 00:00:00,2024-01-02 18:00:00,626.0,POINTS,1,v1.0,VALID,SYNTHETIC,hash_mkt_000010,True
11,INDEX_BDI,2024-01-03 00:00:00,2024-01-03 18:00:00,1362.5,POINTS,1,v1.0,VALID,SYNTHETIC,hash_mkt_000011,True
12,INDEX_BCI,2024-01-03 00:00:00,2024-01-03 18:00:00,1953.5,POINTS,1,v1.0,VALID,SYNTHETIC,hash_mkt_000012,True
13,INDEX_BPI,2024-01-03 00:00:00,2024-01-03 18:00:00,1312.7,POINTS,1,v1.0,VALID,SYNTHETIC,hash_mkt_000013,True
14,INDEX_BSI,2024-01-03 00:00:00,2024-01-03 18:00:00,980.9,POINTS,1,v1.0,VALID,SYNTHETIC,hash_mkt_000014,True
15,INDEX_BHSI,2024-01-03 00:00:00,2024-01-03 18:00:00,623.7,POINTS,1,v1.0,VALID,SYNTHETIC,hash_mkt_000015,True
16,INDEX_BDI,2024-01-04 00:00:00,2024-01-04 18:00:00,1356.0,POINTS,1,v1.0,VALID,SYNTHETIC,hash_mkt_000016,True
17,INDEX_BCI,2024-01-04 00:00:00,2024-01-04 18:00:00,1928.3,POINTS,1,v1.0,VALID,SYNTHETIC,hash_mkt_000017,True
18,INDEX_BPI,2024-01-04 00:00:00,2024-01-04 18:00:00,1288.4,POINTS,1,v1.0,VALID,SYNTHETIC,hash_mkt_000018,True
19,INDEX_BSI,2024-01-04 00:00:00,2024-01-04 18:00:00,1036.8,POINTS,1,v1.0,VALID,SYNTHETIC,hash_mkt_000019,True
20,INDEX_BHSI,2024-01-04 00:00:00,2024-01-04 18:00:00,627.9,POINTS,1,v1.0,VALID,SYNTHETIC,hash_mkt_000020,True
21,INDEX_BDI,2024-01-05 00:00:00,2024-01-05 18:00:00,1368.0,POINTS,1,v1.0,VALID,SYNTHETIC,hash_mkt_000021,True
22,INDEX_BCI,2024-01-05 00:00:00,2024-01-05 18:00:00,2054.0,POINTS,1,v1.0,VALID,SYNTHETIC,hash_mkt_000022,True
23,INDEX_BPI,2024-01-05 00:00:00,2024-01-05 18:00:00,1327.1,POINTS,1,v1.0,VALID,SYNTHETIC,hash_mkt_000023,True
24,INDEX_BSI,2024-01-05 00:00:00,2024-01-05 18:00:00,1011.1,POINTS,1,v1.0,VALID,SYNTHETIC,hash_mkt_000024,True
25,INDEX_BHSI,2024-01-05 00:00:00,2024-01-05 18:00:00,643.8,POINTS,1,v1.0,VALID,SYNTHETIC,hash_mkt_000025,True
26,INDEX_BDI,2024-01-06 00:00:00,2024-01-06 18:00:00,1397.7,POINTS,1,v1.0,VALID,SYNTHETIC,hash_mkt_000026,True
27,INDEX_BCI,2024-01-06 00:00:00,2024-01-06 18:00:00,2110.0,POINTS,1,v1.0,VALID,SYNTHETIC,hash_mkt_000027,True
28,INDEX_BPI,2024-01-06 00:00:00,2024-01-06 18:00:00,1415.5,POINTS,1,v1.0,VALID,SYNTHETIC,hash_mkt_000028,True
29,INDEX_BSI,2024-01-06 00:00:00,2024-01-06 18:00:00,1036.2,POINTS,1,v1.0,VALID,SYNTHETIC,hash_mkt_000029,True
30,INDEX_BHSI,2024-01-06 00:00:00,2024-01-06 18:00:00,657.7,POINTS,1,v1.0,VALID,SYNTHETIC,hash_mkt_000030,True
31,INDEX_BDI,2024-01-07 00:00:00,2024-01-07 18:00:00,1361.1,POINTS,1,v1.0,VALID,SYNTHETIC,hash_mkt_000031,True
32,INDEX_BCI,2024-01-07 00:00:00,2024-01-07 18:00:00,2079.9,POINTS,1,v1.0,VALID,SYNTHETIC,hash_mkt_000032,True
33,INDEX_BPI,2024-01-07 00:00:00,2024-01-07 18:00:00,1363.8,POINTS,1,v1.0,VALID,SYNTHETIC,hash_mkt_000033,True
34,INDEX_BSI,2024-01-07 00:00:00,2024-01-07 18:00:00,1032.9,POINTS,1,v1.0,VALID,SYNTHETIC,hash_mkt_000034,True
35,INDEX_BHSI,2024-01-07 00:00:00,2024-01-07 18:00:00,648.5,POINTS,1,v1.0,VALID,SYNTHETIC,hash_mkt_000035,True
36,INDEX_BDI,2024-01-08 00:00:00,2024-01-08 18:00:00,1410.4,POINTS,1,v1.0,VALID,SYNTHETIC,hash_mkt_000036,True
37,INDEX_BCI,2024-01-08 00:00:00,2024-01-08 18:00:00,2169.3,POINTS,1,v1.0,VALID,SYNTHETIC,hash_mkt_000037,True
38,INDEX_BPI,2024-01-08 00:00:00,2024-01-08 18:00:00,1376.4,POINTS,1,v1.0,VALID,SYNTHETIC,hash_mkt_000038,True
39,INDEX_BSI,2024-01-08 00:00:00,2024-01-08 18:00:00,1060.9,POINTS,1,v1.0,VALID,SYNTHETIC,hash_mkt_000039,True
40,INDEX_BHSI,2024-01-08 00:00:00,2024-01-08 18:00:00,668.9,POINTS,1,v1.0,VALID,SYNTHETIC,hash_mkt_000040,True
41,INDEX_BDI,2024-01-09 00:00:00,2024-01-09 18:00:00,1420.8,POINTS,1,v1.0,VALID,SYNTHETIC,hash_mkt_000041,True
42,INDEX_BCI,2024-01-09 00:00:00,2024-01-09 18:00:00,2110.9,POINTS,1,v1.0,VALID,SYNTHETIC,hash_mkt_000042,True
43,INDEX_BPI,2024-01-09 00:00:00,2024-01-09 18:00:00,1347.7,POINTS,1,v1.0,VALID,SYNTHETIC,hash_mkt_000043,True
44,INDEX_BSI,2024-01-09 00:00:00,2024-01-09 18:00:00,1064.5,POINTS,1,v1.0,VALID,SYNTHETIC,hash_mkt_000044,True
45,INDEX_BHSI,2024-01-09 00:00:00,2024-01-09 18:00:00,660.1,POINTS,1,v1.0,VALID,SYNTHETIC,hash_mkt_000045,True
46,INDEX_BDI,2024-01-10 00:00:00,2024-01-10 18:00:00,1433.2,POINTS,1,v1.0,VALID,SYNTHETIC,hash_mkt_000046,True
47,INDEX_BCI,2024-01-10 00:00:00,2024-01-10 18:00:00,2179.8,POINTS,1,v1.0,VALID,SYNTHETIC,hash_mkt_000047,True
48,INDEX_BPI,2024-01-10 00:00:00,2024-01-10 18:00:00,1389.9,POINTS,1,v1.0,VALID,SYNTHETIC,hash_mkt_000048,True
49,INDEX_BSI,2024-01-10 00:00:00,2024-01-10 18:00:00,1061.4,POINTS,1,v1.0,VALID,SYNTHETIC,hash_mkt_000049,True
50,INDEX_BHSI,2024-01-10 00:00:00,2024-01-10 18:00:00,674.8,POINTS,1,v1.0,VALID,SYNTHETIC,hash_mkt_000050,True
51,INDEX_BDI,2024-01-11 00:00:00,2024-01-11 18:00:00,1461.2,POINTS,1,v1.0,VALID,SYNTHETIC,hash_mkt_000051,True
52,INDEX_BCI,2024-01-11 00:00:00,2024-01-11 18:00:00,2274.3,POINTS,1,v1.0,VALID,SYNTHETIC,hash_mkt_000052,True
53,INDEX_BPI,2024-01-11 00:00:00,2024-01-11 18:00:00,1378.8,POINTS,1,v1.0,VALID,SYNTHETIC,hash_mkt_000053,True
54,INDEX_BSI,2024-01-11 00:00:00,2024-01-11 18:00:00,1066.6,POINTS,1,v1.0,VALID,SYNTHETIC,hash_mkt_000054,True
55,INDEX_BHSI,2024-01-11 00:00:00,2024-01-11 18:00:00,667.9,POINTS,1,v1.0,VALID,SYNTHETIC,hash_mkt_000055,True
56,INDEX_BDI,2024-01-12 00:00:00,2024-01-12 18:00:00,1470.2,POINTS,1,v1.0,VALID,SYNTHETIC,hash_mkt_000056,True
57,INDEX_BCI,2024-01-12 00:00:00,2024-01-12 18:00:00,2190.2,POINTS,1,v1.0,VALID,SYNTHETIC,hash_mkt_000057,True
58,INDEX_BPI,2024-01-12 00:00:00,2024-01-12 18:00:00,1372.0,POINTS,1,v1.0,VALID,SYNTHETIC,hash_mkt_000058,True
59,INDEX_BSI,2024-01-12 00:00:00,2024-01-12 18:00:00,1091.7,POINTS,1,v1.0,VALID,SYNTHETIC,hash_mkt_000059,True
60,INDEX_BHSI,2024-01-12 00:00:00,2024-01-12 18:00:00,687.5,POINTS,1,v1.0,VALID,SYNTHETIC,hash_mkt_000060,True
61,INDEX_BDI,2024-01-13 00:00:00,2024-01-13 18:00:00,1448.1,POINTS,1,v1.0,VALID,SYNTHETIC,hash_mkt_000061,True
62,INDEX_BCI,2024-01-13 00:00:00,2024-01-13 18:00:00,2214.5,POINTS,1,v1.0,VALID,SYNTHETIC,hash_mkt_000062,True
63,INDEX_BPI,2024-01-13 00:00:00,2024-01-13 18:00:00,1427.1,POINTS,1,v1.0,VALID,SYNTHETIC,hash_mkt_000063,True
64,INDEX_BSI,2024-01-13 00:00:00,2024-01-13 18:00:00,1101.4,POINTS,1,v1.0,VALID,SYNTHETIC,hash_mkt_000064,True
65,INDEX_BHSI,2024-01-13 00:00:00,2024-01-13 18:00:00,675.3,POINTS,1,v1.0,VALID,SYNTHETIC,hash_mkt_000065,True
66,INDEX_BDI,2024-01-14 00:00:00,2024-01-14 18:00:00,1466.0,POINTS,1,v1.0,VALID,SYNTHETIC,hash_mkt_000066,True
67,INDEX_BCI,2024-01-14 00:00:00,2024-01-14 18:00:00,2193.1,POINTS,1,v1.0,VALID,SYNTHETIC,hash_mkt_000067,True
68,INDEX_BPI,2024-01-14 00:00:00,2024-01-14 18:00:00,1425.3,POINTS,1,v1.0,VALID,SYNTHETIC,hash_mkt_000068,True
69,INDEX_BSI,2024-01-14 00:00:00,2024-01-14 18:00:00,1050.8,POINTS,1,v1.0,VALID,SYNTHETIC,hash_mkt_000069,True
70,INDEX_BHSI,2024-01-14 00:00:00,2024-01-14 18:00:00,685.6,POINTS,1,v1.0,VALID,SYNTHETIC,hash_mkt_000070,True
71,INDEX_BDI,2024-01-15 00:00:00,2024-01-15 18:00:00,1479.8,POINTS,1,v1.0,VALID,SYNTHETIC,hash_mkt_000071,True
72,INDEX_BCI,2024-01-15 00:00:00,2024-01-15 18:00:00,2191.3,POINTS,1,v1.0,VALID,SYNTHETIC,hash_mkt_000072,True
73,INDEX_BPI,2024-01-15 00:00:00,2024-01-15 18:00:00,1455.0,POINTS,1,v1.0,VALID,SYNTHETIC,hash_mkt_000073,True
74,INDEX_BSI,2024-01-15 00:00:00,2024-01-15 18:00:00,1091.0,POINTS,1,v1.0,VALID,SYNTHETIC,hash_mkt_000074,True
75,INDEX_BHSI,2024-01-15 00:00:00,2024-01-15 18:00:00,685.2,POINTS,1,v1.0,VALID,SYNTHETIC,hash_mkt_000075,True
76,INDEX_BDI,2024-01-16 00:00:00,2024-01-16 18:00:00,1442.8,POINTS,1,v1.0,VALID,SYNTHETIC,hash_mkt_000076,True
77,INDEX_BCI,2024-01-16 00:00:00,2024-01-16 18:00:00,2278.4,POINTS,1,v1.0,VALID,SYNTHETIC,hash_mkt_000077,True
78,INDEX_BPI,2024-01-16 00:00:00,2024-01-16 18:00:00,1428.7,POINTS,1,v1.0,VALID,SYNTHETIC,hash_mkt_000078,True
79,INDEX_BSI,2024-01-16 00:00:00,2024-01-16 18:00:00,1106.9,POINTS,1,v1.0,VALID,SYNTHETIC,hash_mkt_000079,True
80,INDEX_BHSI,2024-01-16 00:00:00,2024-01-16 18:00:00,694.0,POINTS,1,v1.0,VALID,SYNTHETIC,hash_mkt_000080,True
81,INDEX_BDI,2024-01-17 00:00:00,2024-01-17 18:00:00,1483.7,POINTS,1,v1.0,VALID,SYNTHETIC,hash_mkt_000081,True
82,INDEX_BCI,2024-01-17 00:00:00,2024-01-17 18:00:00,2255.2,POINTS,1,v1.0,VALID,SYNTHETIC,hash_mkt_000082,True
83,INDEX_BPI,2024-01-17 00:00:00,2024-01-17 18:00:00,1397.4,POINTS,1,v1.0,VALID,SYNTHETIC,hash_mkt_000083,True
84,INDEX_BSI,2024-01-17 00:00:00,2024-01-17 18:00:00,1095.9,POINTS,1,v1.0,VALID,SYNTHETIC,hash_mkt_000084,True
85,INDEX_BHSI,2024-01-17 00:00:00,2024-01-17 18:00:00,681.0,POINTS,1,v1.0,VALID,SYNTHETIC,hash_mkt_000085,True
86,INDEX_BDI,2024-01-18 00:00:00,2024-01-18 18:00:00,1473.2,POINTS,1,v1.0,VALID,SYNTHETIC,hash_mkt_000086,True
87,INDEX_BCI,2024-01-18 00:00:00,2024-01-18 18:00:00,2332.3,POINTS,1,v1.0,VALID,SYNTHETIC,hash_mkt_000087,True
88,INDEX_BPI,2024-01-18 00:00:00,2024-01-18 18:00:00,1429.3,POINTS,1,v1.0,VALID,SYNTHETIC,hash_mkt_000088,True
89,INDEX_BSI,2024-01-18 00:00:00,2024-01-18 18:00:00,1108.3,POINTS,1,v1.0,VALID,SYNTHETIC,hash_mkt_000089,True
90,INDEX_BHSI,2024-01-18 00:00:00,2024-01-18 18:00:00,694.5,POINTS,1,v1.0,VALID,SYNTHETIC,hash_mkt_000090,True
91,INDEX_BDI,2024-01-19 00:00:00,2024-01-19 18:00:00,1467.9,POINTS,1,v1.0,VALID,SYNTHETIC,hash_mkt_000091,True
92,INDEX_BCI,2024-01-19 00:00:00,2024-01-19 18:00:00,2400.0,POINTS,1,v1.0,VALID,SYNTHETIC,hash_mkt_000092,True
93,INDEX_BPI,2024-01-19 00:00:00,2024-01-19 18:00:00,1474.9,POINTS,1,v1.0,VALID,SYNTHETIC,hash_mkt_000093,True
94,INDEX_BSI,2024-01-19 00:00:00,2024-01-19 18:00:00,1101.7,POINTS,1,v1.0,VALID,SYNTHETIC,hash_mkt_000094,True
95,INDEX_BHSI,2024-01-19 00:00:00,2024-01-19 18:00:00,710.3,POINTS,1,v1.0,VALID,SYNTHETIC,hash_mkt_000095,True
96,INDEX_BDI,2024-01-20 00:00:00,2024-01-20 18:00:00,1491.1,POINTS,1,v1.0,VALID,SYNTHETIC,hash_mkt_000096,True
97,INDEX_BCI,2024-01-20 00:00:00,2024-01-20 18:00:00,2324.7,POINTS,1,v1.0,VALID,SYNTHETIC,hash_mkt_000097,True
98,INDEX_BPI,2024-01-20 00:00:00,2024-01-20 18:00:00,1414.4,POINTS,1,v1.0,VALID,SYNTHETIC,hash_mkt_000098,True
99,INDEX_BSI,2024-01-20 00:00:00,2024-01-20 18:00:00,1133.6,POINTS,1,v1.0,VALID,SYNTHETIC,hash_mkt_000099,True
100,INDEX_BHSI,2024-01-20 00:00:00,2024-01-20 18:00:00,715.8,POINTS,1,v1.0,VALID,SYNTHETIC,hash_mkt_000100,True
101,INDEX_BDI,2024-01-21 00:00:00,2024-01-21 18:00:00,1503.6,POINTS,1,v1.0,VALID,SYNTHETIC,hash_mkt_000101,True
102,INDEX_BCI,2024-01-21 00:00:00,2024-01-21 18:00:00,2312.0,POINTS,1,v1.0,VALID,SYNTHETIC,hash_mkt_000102,True
103,INDEX_BPI,2024-01-21 00:00:00,2024-01-21 18:00:00,1435.5,POINTS,1,v1.0,VALID,SYNTHETIC,hash_mkt_000103,True
104,INDEX_BSI,2024-01-21 00:00:00,2024-01-21 18:00:00,1115.2,POINTS,1,v1.0,VALID,SYNTHETIC,hash_mkt_000104,True
105,INDEX_BHSI,2024-01-21 00:00:00,2024-01-21 18:00:00,682.5,POINTS,1,v1.0,VALID,SYNTHETIC,hash_mkt_000105,True
106,INDEX_BDI,2024-01-22 00:00:00,2024-01-22 18:00:00,1455.8,POINTS,1,v1.0,VALID,SYNTHETIC,hash_mkt_000106,True
107,INDEX_BCI,2024-01-22 00:00:00,2024-01-22 18:00:00,2381.8,POINTS,1,v1.0,VALID,SYNTHETIC,hash_mkt_000107,True
108,INDEX_BPI,2024-01-22 00:00:00,2024-01-22 18:00:00,1424.6,POINTS,1,v1.0,VALID,SYNTHETIC,hash_mkt_000108,True
109,INDEX_BSI,2024-01-22 00:00:00,2024-01-22 18:00:00,1106.0,POINTS,1,v1.0,VALID,SYNTHETIC,hash_mkt_000109,True
110,INDEX_BHSI,2024-01-22 00:00:00,2024-01-22 18:00:00,693.2,POINTS,1,v1.0,VALID,SYNTHETIC,hash_mkt_000110,True
111,INDEX_BDI,2024-01-23 00:00:00,2024-01-23 18:00:00,1459.1,POINTS,1,v1.0,VALID,SYNTHETIC,hash_mkt_000111,True
112,INDEX_BCI,2024-01-23 00:00:00,2024-01-23 18:00:00,2309.3,POINTS,1,v1.0,VALID,SYNTHETIC,hash_mkt_000112,True
113,INDEX_BPI,2024-01-23 00:00:00,2024-01-23 18:00:00,1429.3,POINTS,1,v1.0,VALID,SYNTHETIC,hash_mkt_000113,True
114,INDEX_BSI,2024-01-23 00:00:00,2024-01-23 18:00:00,1099.6,POINTS,1,v1.0,VALID,SYNTHETIC,hash_mkt_000114,True
115,INDEX_BHSI,2024-01-23 00:00:00,2024-01-23 18:00:00,668.4,POINTS,1,v1.0,VALID,SYNTHETIC,hash_mkt_000115,True
116,INDEX_BDI,2024-01-24 00:00:00,2024-01-24 18:00:00,1454.7,POINTS,1,v1.0,VALID,SYNTHETIC,hash_mkt_000116,True
117,INDEX_BCI,2024-01-24 00:00:00,2024-01-24 18:00:00,2288.6,POINTS,1,v1.0,VALID,SYNTHETIC,hash_mkt_000117,True
118,INDEX_BPI,2024-01-24 00:00:00,2024-01-24 18:00:00,1379.4,POINTS,1,v1.0,VALID,SYNTHETIC,hash_mkt_000118,True
119,INDEX_BSI,2024-01-24 00:00:00,2024-01-24 18:00:00,1117.6,POINTS,1,v1.0,VALID,SYNTHETIC,hash_mkt_000119,True
120,INDEX_BHSI,2024-01-24 00:00:00,2024-01-24 18:00:00,690.3,POINTS,1,v1.0,VALID,SYNTHETIC,hash_mkt_000120,True
121,INDEX_BDI,2024-01-25 00:00:00,2024-01-25 18:00:00,1483.3,POINTS,1,v1.0,VALID,SYNTHETIC,hash_mkt_000121,True
122,INDEX_BCI,2024-01-25 00:00:00,2024-01-25 18:00:00,2323.7,POINTS,1,v1.0,VALID,SYNTHETIC,hash_mkt_000122,True
123,INDEX_BPI,2024-01-25 00:00:00,2024-01-25 18:00:00,1372.4,POINTS,1,v1.0,VALID,SYNTHETIC,hash_mkt_000123,True
124,INDEX_BSI,2024-01-25 00:00:00,2024-01-25 18:00:00,1114.8,POINTS,1,v1.0,VALID,SYNTHETIC,hash_mkt_000124,True
125,INDEX_BHSI,2024-01-25 00:00:00,2024-01-25 18:00:00,682.1,POINTS,1,v1.0,VALID,SYNTHETIC,hash_mkt_000125,True
126,INDEX_BDI,2024-01-26 00:00:00,2024-01-26 18:00:00,1481.8,POINTS,1,v1.0,VALID,SYNTHETIC,hash_mkt_000126,True
127,INDEX_BCI,2024-01-26 00:00:00,2024-01-26 18:00:00,2243.9,POINTS,1,v1.0,VALID,SYNTHETIC,hash_mkt_000127,True
128,INDEX_BPI,2024-01-26 00:00:00,2024-01-26 18:00:00,1360.3,POINTS,1,v1.0,VALID,SYNTHETIC,hash_mkt_000128,True
129,INDEX_BSI,2024-01-26 00:00:00,2024-01-26 18:00:00,1097.3,POINTS,1,v1.0,VALID,SYNTHETIC,hash_mkt_000129,True
130,INDEX_BHSI,2024-01-26 00:00:00,2024-01-26 18:00:00,687.6,POINTS,1,v1.0,VALID,SYNTHETIC,hash_mkt_000130,True
131,INDEX_BDI,2024-01-27 00:00:00,2024-01-27 18:00:00,1385.2,POINTS,1,v1.0,VALID,SYNTHETIC,hash_mkt_000131,True
132,INDEX_BCI,2024-01-27 00:00:00,2024-01-27 18:00:00,2342.7,POINTS,1,v1.0,VALID,SYNTHETIC,hash_mkt_000132,True
133,INDEX_BPI,2024-01-27 00:00:00,2024-01-27 18:00:00,1370.5,POINTS,1,v1.0,VALID,SYNTHETIC,hash_mkt_000133,True
134,INDEX_BSI,2024-01-27 00:00:00,2024-01-27 18:00:00,1084.8,POINTS,1,v1.0,VALID,SYNTHETIC,hash_mkt_000134,True
135,INDEX_BHSI,2024-01-27 00:00:00,2024-01-27 18:00:00,676.4,POINTS,1,v1.0,VALID,SYNTHETIC,hash_mkt_000135,True
136,INDEX_BDI,2024-01-28 00:00:00,2024-01-28 18:00:00,1403.7,POINTS,1,v1.0,VALID,SYNTHETIC,hash_mkt_000136,True
137,INDEX_BCI,2024-01-28 00:00:00,2024-01-28 18:00:00,2356.0,POINTS,1,v1.0,VALID,SYNTHETIC,hash_mkt_000137,True
138,INDEX_BPI,2024-01-28 00:00:00,2024-01-28 18:00:00,1363.9,POINTS,1,v1.0,VALID,SYNTHETIC,hash_mkt_000138,True
139,INDEX_BSI,2024-01-28 00:00:00,2024-01-28 18:00:00,1064.7,POINTS,1,v1.0,VALID,SYNTHETIC,hash_mkt_000139,True
140,INDEX_BHSI,2024-01-28 00:00:00,2024-01-28 18:00:00,671.7,POINTS,1,v1.0,VALID,SYNTHETIC,hash_mkt_000140,True
141,INDEX_BDI,2024-01-29 00:00:00,2024-01-29 18:00:00,1427.2,POINTS,1,v1.0,VALID,SYNTHETIC,hash_mkt_000141,True
142,INDEX_BCI,2024-01-29 00:00:00,2024-01-29 18:00:00,2329.0,POINTS,1,v1.0,VALID,SYNTHETIC,hash_mkt_000142,True
143,INDEX_BPI,2024-01-29 00:00:00,2024-01-29 18:00:00,1380.7,POINTS,1,v1.0,VALID,SYNTHETIC,hash_mkt_000143,True
144,INDEX_BSI,2024-01-29 00:00:00,2024-01-29 18:00:00,1078.4,POINTS,1,v1.0,VALID,SYNTHETIC,hash_mkt_000144,True
145,INDEX_BHSI,2024-01-29 00:00:00,2024-01-29 18:00:00,654.4,POINTS,1,v1.0,VALID,SYNTHETIC,hash_mkt_000145,True
146,INDEX_BDI,2024-01-30 00:00:00,2024-01-30 18:00:00,1431.0,POINTS,1,v1.0,VALID,SYNTHETIC,hash_mkt_000146,True
147,INDEX_BCI,2024-01-30 00:00:00,2024-01-30 18:00:00,2288.8,POINTS,1,v1.0,VALID,SYNTHETIC,hash_mkt_000147,True
148,INDEX_BPI,2024-01-30 00:00:00,2024-01-30 18:00:00,1339.8,POINTS,1,v1.0,VALID,SYNTHETIC,hash_mkt_000148,True
149,INDEX_BSI,2024-01-30 00:00:00,2024-01-30 18:00:00,1047.1,POINTS,1,v1.0,VALID,SYNTHETIC,hash_mkt_000149,True
150,INDEX_BHSI,2024-01-30 00:00:00,2024-01-30 18:00:00,656.5,POINTS,1,v1.0,VALID,SYNTHETIC,hash_mkt_000150,True
151,INDEX_BDI,2024-01-31 00:00:00,2024-01-31 18:00:00,1389.7,POINTS,1,v1.0,VALID,SYNTHETIC,hash_mkt_000151,True
152,INDEX_BCI,2024-01-31 00:00:00,2024-01-31 18:00:00,2268.7,POINTS,1,v1.0,VALID,SYNTHETIC,hash_mkt_000152,True
153,INDEX_BPI,2024-01-31 00:00:00,2024-01-31 18:00:00,1329.8,POINTS,1,v1.0,VALID,SYNTHETIC,hash_mkt_000153,True
154,INDEX_BSI,2024-01-31 00:00:00,2024-01-31 18:00:00,1020.4,POINTS,1,v1.0,VALID,SYNTHETIC,hash_mkt_000154,True
155,INDEX_BHSI,2024-01-31 00:00:00,2024-01-31 18:00:00,648.0,POINTS,1,v1.0,VALID,SYNTHETIC,hash_mkt_000155,True
156,INDEX_BDI,2024-02-01 00:00:00,2024-02-01 18:00:00,1427.4,POINTS,1,v1.0,VALID,SYNTHETIC,hash_mkt_000156,True
157,INDEX_BCI,2024-02-01 00:00:00,2024-02-01 18:00:00,2219.6,POINTS,1,v1.0,VALID,SYNTHETIC,hash_mkt_000157,True
158,INDEX_BPI,2024-02-01 00:00:00,2024-02-01 18:00:00,1346.8,POINTS,1,v1.0,VALID,SYNTHETIC,hash_mkt_000158,True
159,INDEX_BSI,2024-02-01 00:00:00,2024-02-01 18:00:00,1036.6,POINTS,1,v1.0,VALID,SYNTHETIC,hash_mkt_000159,True
160,INDEX_BHSI,2024-02-01 00:00:00,2024-02-01 18:00:00,658.2,POINTS,1,v1.0,VALID,SYNTHETIC,hash_mkt_000160,True
161,INDEX_BDI,2024-02-02 00:00:00,2024-02-02 18:00:00,1386.6,POINTS,1,v1.0,VALID,SYNTHETIC,hash_mkt_000161,True
162,INDEX_BCI,2024-02-02 00:00:00,2024-02-02 18:00:00,2287.0,POINTS,1,v1.0,VALID,SYNTHETIC,hash_mkt_000162,True
163,INDEX_BPI,2024-02-02 00:00:00,2024-02-02 18:00:00,1336.1,POINTS,1,v1.0,VALID,SYNTHETIC,hash_mkt_000163,True
164,INDEX_BSI,2024-02-02 00:00:00,2024-02-02 18:00:00,1035.1,POINTS,1,v1.0,VALID,SYNTHETIC,hash_mkt_000164,True
165,INDEX_BHSI,2024-02-02 00:00:00,2024-02-02 18:00:00,665.5,POINTS,1,v1.0,VALID,SYNTHETIC,hash_mkt_000165,True
166,INDEX_BDI,2024-02-03 00:00:00,2024-02-03 18:00:00,1337.6,POINTS,1,v1.0,VALID,SYNTHETIC,hash_mkt_000166,True
167,INDEX_BCI,2024-02-03 00:00:00,2024-02-03 18:00:00,2163.1,POINTS,1,v1.0,VALID,SYNTHETIC,hash_mkt_000167,True
168,INDEX_BPI,2024-02-03 00:00:00,2024-02-03 18:00:00,1336.8,POINTS,1,v1.0,VALID,SYNTHETIC,hash_mkt_000168,True
169,INDEX_BSI,2024-02-03 00:00:00,2024-02-03 18:00:00,1039.1,POINTS,1,v1.0,VALID,SYNTHETIC,hash_mkt_000169,True
170,INDEX_BHSI,2024-02-03 00:00:00,2024-02-03 18:00:00,653.2,POINTS,1,v1.0,VALID,SYNTHETIC,hash_mkt_000170,True
171,INDEX_BDI,2024-02-04 00:00:00,2024-02-04 18:00:00,1379.0,POINTS,1,v1.0,VALID,SYNTHETIC,hash_mkt_000171,True
172,INDEX_BCI,2024-02-04 00:00:00,2024-02-04 18:00:00,2199.1,POINTS,1,v1.0,VALID,SYNTHETIC,hash_mkt_000172,True
173,INDEX_BPI,2024-02-04 00:00:00,2024-02-04 18:00:00,1311.7,POINTS,1,v1.0,VALID,SYNTHETIC,hash_mkt_000173,True
174,INDEX_BSI,2024-02-04 00:00:00,2024-02-04 18:00:00,1028.6,POINTS,1,v1.0,VALID,SYNTHETIC,hash_mkt_000174,True
175,INDEX_BHSI,2024-02-04 00:00:00,2024-02-04 18:00:00,649.2,POINTS,1,v1.0,VALID,SYNTHETIC,hash_mkt_000175,True
176,INDEX_BDI,2024-02-05 00:00:00,2024-02-05 18:00:00,1363.3,POINTS,1,v1.0,VALID,SYNTHETIC,hash_mkt_000176,True
177,INDEX_BCI,2024-02-05 00:00:00,2024-02-05 18:00:00,2253.0,POINTS,1,v1.0,VALID,SYNTHETIC,hash_mkt_000177,True
178,INDEX_BPI,2024-02-05 00:00:00,2024-02-05 18:00:00,1300.2,POINTS,1,v1.0,VALID,SYNTHETIC,hash_mkt_000178,True
179,INDEX_BSI,2024-02-05 00:00:00,2024-02-05 18:00:00,1045.5,POINTS,1,v1.0,VALID,SYNTHETIC,hash_mkt_000179,True
180,INDEX_BHSI,2024-02-05 00:00:00,2024-02-05 18:00:00,633.3,POINTS,1,v1.0,VALID,SYNTHETIC,hash_mkt_000180,True
181,INDEX_BDI,2024-02-06 00:00:00,2024-02-06 18:00:00,1380.3,POINTS,1,v1.0,VALID,SYNTHETIC,hash_mkt_000181,True
182,INDEX_BCI,2024-02-06 00:00:00,2024-02-06 18:00:00,2191.4,POINTS,1,v1.0,VALID,SYNTHETIC,hash_mkt_000182,True
183,INDEX_BPI,2024-02-06 00:00:00,2024-02-06 18:00:00,1307.9,POINTS,1,v1.0,VALID,SYNTHETIC,hash_mkt_000183,True
184,INDEX_BSI,2024-02-06 00:00:00,2024-02-06 18:00:00,1026.3,POINTS,1,v1.0,VALID,SYNTHETIC,hash_mkt_000184,True
185,INDEX_BHSI,2024-02-06 00:00:00,2024-02-06 18:00:00,644.5,POINTS,1,v1.0,VALID,SYNTHETIC,hash_mkt_000185,True
186,INDEX_BDI,2024-02-07 00:00:00,2024-02-07 18:00:00,1357.9,POINTS,1,v1.0,VALID,SYNTHETIC,hash_mkt_000186,True
187,INDEX_BCI,2024-02-07 00:00:00,2024-02-07 18:00:00,2161.2,POINTS,1,v1.0,VALID,SYNTHETIC,hash_mkt_000187,True
188,INDEX_BPI,2024-02-07 00:00:00,2024-02-07 18:00:00,1301.8,POINTS,1,v1.0,VALID,SYNTHETIC,hash_mkt_000188,True
189,INDEX_BSI,2024-02-07 00:00:00,2024-02-07 18:00:00,1039.7,POINTS,1,v1.0,VALID,SYNTHETIC,hash_mkt_000189,True
190,INDEX_BHSI,2024-02-07 00:00:00,2024-02-07 18:00:00,630.4,POINTS,1,v1.0,VALID,SYNTHETIC,hash_mkt_000190,True
191,INDEX_BDI,2024-02-08 00:00:00,2024-02-08 18:00:00,1342.2,POINTS,1,v1.0,VALID,SYNTHETIC,hash_mkt_000191,True
192,INDEX_BCI,2024-02-08 00:00:00,2024-02-08 18:00:00,2271.7,POINTS,1,v1.0,VALID,SYNTHETIC,hash_mkt_000192,True
193,INDEX_BPI,2024-02-08 00:00:00,2024-02-08 18:00:00,1331.7,POINTS,1,v1.0,VALID,SYNTHETIC,hash_mkt_000193,True
194,INDEX_BSI,2024-02-08 00:00:00,2024-02-08 18:00:00,1028.2,POINTS,1,v1.0,VALID,SYNTHETIC,hash_mkt_000194,True
195,INDEX_BHSI,2024-02-08 00:00:00,2024-02-08 18:00:00,646.8,POINTS,1,v1.0,VALID,SYNTHETIC,hash_mkt_000195,True
196,INDEX_BDI,2024-02-09 00:00:00,2024-02-09 18:00:00,1321.7,POINTS,1,v1.0,VALID,SYNTHETIC,hash_mkt_000196,True
197,INDEX_BCI,2024-02-09 00:00:00,2024-02-09 18:00:00,2248.6,POINTS,1,v1.0,VALID,SYNTHETIC,hash_mkt_000197,True
198,INDEX_BPI,2024-02-09 00:00:00,2024-02-09 18:00:00,1280.4,POINTS,1,v1.0,VALID,SYNTHETIC,hash_mkt_000198,True
199,INDEX_BSI,2024-02-09 00:00:00,2024-02-09 18:00:00,1006.7,POINTS,1,v1.0,VALID,SYNTHETIC,hash_mkt_000199,True
200,INDEX_BHSI,2024-02-09 00:00:00,2024-02-09 18:00:00,616.9,POINTS,1,v1.0,VALID,SYNTHETIC,hash_mkt_000200,True
201,INDEX_BDI,2024-02-10 00:00:00,2024-02-10 18:00:00,1305.8,POINTS,1,v1.0,VALID,SYNTHETIC,hash_mkt_000201,True
202,INDEX_BCI,2024-02-10 00:00:00,2024-02-10 18:00:00,2140.5,POINTS,1,v1.0,VALID,SYNTHETIC,hash_mkt_000202,True
203,INDEX_BPI,2024-02-10 00:00:00,2024-02-10 18:00:00,1274.4,POINTS,1,v1.0,VALID,SYNTHETIC,hash_mkt_000203,True
204,INDEX_BSI,2024-02-10 00:00:00,2024-02-10 18:00:00,1003.4,POINTS,1,v1.0,VALID,SYNTHETIC,hash_mkt_000204,True
205,INDEX_BHSI,2024-02-10 00:00:00,2024-02-10 18:00:00,642.1,POINTS,1,v1.0,VALID,SYNTHETIC,hash_mkt_000205,True
206,INDEX_BDI,2024-02-11 00:00:00,2024-02-11 18:00:00,1273.9,POINTS,1,v1.0,VALID,SYNTHETIC,hash_mkt_000206,True
207,INDEX_BCI,2024-02-11 00:00:00,2024-02-11 18:00:00,2185.8,POINTS,1,v1.0,VALID,SYNTHETIC,hash_mkt_000207,True
208,INDEX_BPI,2024-02-11 00:00:00,2024-02-11 18:00:00,1305.5,POINTS,1,v1.0,VALID,SYNTHETIC,hash_mkt_000208,True
209,INDEX_BSI,2024-02-11 00:00:00,2024-02-11 18:00:00,985.5,POINTS,1,v1.0,VALID,SYNTHETIC,hash_mkt_000209,True
210,INDEX_BHSI,2024-02-11 00:00:00,2024-02-11 18:00:00,609.1,POINTS,1,v1.0,VALID,SYNTHETIC,hash_mkt_000210,True
211,INDEX_BDI,2024-02-12 00:00:00,2024-02-12 18:00:00,1330.1,POINTS,1,v1.0,VALID,SYNTHETIC,hash_mkt_000211,True
212,INDEX_BCI,2024-02-12 00:00:00,2024-02-12 18:00:00,2251.4,POINTS,1,v1.0,VALID,SYNTHETIC,hash_mkt_000212,True
213,INDEX_BPI,2024-02-12 00:00:00,2024-02-12 18:00:00,1277.9,POINTS,1,v1.0,VALID,SYNTHETIC,hash_mkt_000213,True
214,INDEX_BSI,2024-02-12 00:00:00,2024-02-12 18:00:00,999.5,POINTS,1,v1.0,VALID,SYNTHETIC,hash_mkt_000214,True
215,INDEX_BHSI,2024-02-12 00:00:00,2024-02-12 18:00:00,618.3,POINTS,1,v1.0,VALID,SYNTHETIC,hash_mkt_000215,True
216,INDEX_BDI,2024-02-13 00:00:00,2024-02-13 18:00:00,1380.4,POINTS,1,v1.0,VALID,SYNTHETIC,hash_mkt_000216,True
217,INDEX_BCI,2024-02-13 00:00:00,2024-02-13 18:00:00,2245.7,POINTS,1,v1.0,VALID,SYNTHETIC,hash_mkt_000217,True
218,INDEX_BPI,2024-02-13 00:00:00,2024-02-13 18:00:00,1287.7,POINTS,1,v1.0,VALID,SYNTHETIC,hash_mkt_000218,True
219,INDEX_BSI,2024-02-13 00:00:00,2024-02-13 18:00:00,949.4,POINTS,1,v1.0,VALID,SYNTHETIC,hash_mkt_000219,True
220,INDEX_BHSI,2024-02-13 00:00:00,2024-02-13 18:00:00,628.6,POINTS,1,v1.0,VALID,SYNTHETIC,hash_mkt_000220,True
221,INDEX_BDI,2024-02-14 00:00:00,2024-02-14 18:00:00,1393.2,POINTS,1,v1.0,VALID,SYNTHETIC,hash_mkt_000221,True
222,INDEX_BCI,2024-02-14 00:00:00,2024-02-14 18:00:00,2301.2,POINTS,1,v1.0,VALID,SYNTHETIC,hash_mkt_000222,True
223,INDEX_BPI,2024-02-14 00:00:00,2024-02-14 18:00:00,1252.1,POINTS,1,v1.0,VALID,SYNTHETIC,hash_mkt_000223,True
224,INDEX_BSI,2024-02-14 00:00:00,2024-02-14 18:00:00,1009.3,POINTS,1,v1.0,VALID,SYNTHETIC,hash_mkt_000224,True
225,INDEX_BHSI,2024-02-14 00:00:00,2024-02-14 18:00:00,631.1,POINTS,1,v1.0,VALID,SYNTHETIC,hash_mkt_000225,True
226,INDEX_BDI,2024-02-15 00:00:00,2024-02-15 18:00:00,1364.4,POINTS,1,v1.0,VALID,SYNTHETIC,hash_mkt_000226,True
227,INDEX_BCI,2024-02-15 00:00:00,2024-02-15 18:00:00,2298.5,POINTS,1,v1.0,VALID,SYNTHETIC,hash_mkt_000227,True
228,INDEX_BPI,2024-02-15 00:00:00,2024-02-15 18:00:00,1305.3,POINTS,1,v1.0,VALID,SYNTHETIC,hash_mkt_000228,True
229,INDEX_BSI,2024-02-15 00:00:00,2024-02-15 18:00:00,1015.0,POINTS,1,v1.0,VALID,SYNTHETIC,hash_mkt_000229,True
230,INDEX_BHSI,2024-02-15 00:00:00,2024-02-15 18:00:00,641.7,POINTS,1,v1.0,VALID,SYNTHETIC,hash_mkt_000230,True
231,INDEX_BDI,2024-02-16 00:00:00,2024-02-16 18:00:00,1353.8,POINTS,1,v1.0,VALID,SYNTHETIC,hash_mkt_000231,True
232,INDEX_BCI,2024-02-16 00:00:00,2024-02-16 18:00:00,2247.3,POINTS,1,v1.0,VALID,SYNTHETIC,hash_mkt_000232,True
233,INDEX_BPI,2024-02-16 00:00:00,2024-02-16 18:00:00,1323.0,POINTS,1,v1.0,VALID,SYNTHETIC,hash_mkt_000233,True
234,INDEX_BSI,2024-02-16 00:00:00,2024-02-16 18:00:00,1009.0,POINTS,1,v1.0,VALID,SYNTHETIC,hash_mkt_000234,True
235,INDEX_BHSI,2024-02-16 00:00:00,2024-02-16 18:00:00,626.4,POINTS,1,v1.0,VALID,SYNTHETIC,hash_mkt_000235,True
236,INDEX_BDI,2024-02-17 00:00:00,2024-02-17 18:00:00,1361.0,POINTS,1,v1.0,VALID,SYNTHETIC,hash_mkt_000236,True
237,INDEX_BCI,2024-02-17 00:00:00,2024-02-17 18:00:00,2213.4,POINTS,1,v1.0,VALID,SYNTHETIC,hash_mkt_000237,True
238,INDEX_BPI,2024-02-17 00:00:00,2024-02-17 18:00:00,1331.2,POINTS,1,v1.0,VALID,SYNTHETIC,hash_mkt_000238,True
239,INDEX_BSI,2024-02-17 00:00:00,2024-02-17 18:00:00,1013.9,POINTS,1,v1.0,VALID,SYNTHETIC,hash_mkt_000239,True
240,INDEX_BHSI,2024-02-17 00:00:00,2024-02-17 18:00:00,642.6,POINTS,1,v1.0,VALID,SYNTHETIC,hash_mkt_000240,True
241,INDEX_BDI,2024-02-18 00:00:00,2024-02-18 18:00:00,1369.2,POINTS,1,v1.0,VALID,SYNTHETIC,hash_mkt_000241,True
242,INDEX_BCI,2024-02-18 00:00:00,2024-02-18 18:00:00,2352.7,POINTS,1,v1.0,VALID,SYNTHETIC,hash_mkt_000242,True
243,INDEX_BPI,2024-02-18 00:00:00,2024-02-18 18:00:00,1329.9,POINTS,1,v1.0,VALID,SYNTHETIC,hash_mkt_000243,True
244,INDEX_BSI,2024-02-18 00:00:00,2024-02-18 18:00:00,1028.0,POINTS,1,v1.0,VALID,SYNTHETIC,hash_mkt_000244,True
245,INDEX_BHSI,2024-02-18 00:00:00,2024-02-18 18:00:00,630.8,POINTS,1,v1.0,VALID,SYNTHETIC,hash_mkt_000245,True
246,INDEX_BDI,2024-02-19 00:00:00,2024-02-19 18:00:00,1369.6,POINTS,1,v1.0,VALID,SYNTHETIC,hash_mkt_000246,True
247,INDEX_BCI,2024-02-19 00:00:00,2024-02-19 18:00:00,2311.7,POINTS,1,v1.0,VALID,SYNTHETIC,hash_mkt_000247,True
248,INDEX_BPI,2024-02-19 00:00:00,2024-02-19 18:00:00,1362.4,POINTS,1,v1.0,VALID,SYNTHETIC,hash_mkt_000248,True
249,INDEX_BSI,2024-02-19 00:00:00,2024-02-19 18:00:00,1035.9,POINTS,1,v1.0,VALID,SYNTHETIC,hash_mkt_000249,True
250,INDEX_BHSI,2024-02-19 00:00:00,2024-02-19 18:00:00,634.4,POINTS,1,v1.0,VALID,SYNTHETIC,hash_mkt_000250,True
251,INDEX_BDI,2024-02-20 00:00:00,2024-02-20 18:00:00,1418.0,POINTS,1,v1.0,VALID,SYNTHETIC,hash_mkt_000251,True
252,INDEX_BCI,2024-02-20 00:00:00,2024-02-20 18:00:00,2306.1,POINTS,1,v1.0,VALID,SYNTHETIC,hash_mkt_000252,True
253,INDEX_BPI,2024-02-20 00:00:00,2024-02-20 18:00:00,1327.2,POINTS,1,v1.0,VALID,SYNTHETIC,hash_mkt_000253,True
254,INDEX_BSI,2024-02-20 00:00:00,2024-02-20 18:00:00,1046.1,POINTS,1,v1.0,VALID,SYNTHETIC,hash_mkt_000254,True
255,INDEX_BHSI,2024-02-20 00:00:00,2024-02-20 18:00:00,659.4,POINTS,1,v1.0,VALID,SYNTHETIC,hash_mkt_000255,True
256,INDEX_BDI,2024-02-21 00:00:00,2024-02-21 18:00:00,1420.9,POINTS,1,v1.0,VALID,SYNTHETIC,hash_mkt_000256,True
257,INDEX_BCI,2024-02-21 00:00:00,2024-02-21 18:00:00,2367.9,POINTS,1,v1.0,VALID,SYNTHETIC,hash_mkt_000257,True
258,INDEX_BPI,2024-02-21 00:00:00,2024-02-21 18:00:00,1340.3,POINTS,1,v1.0,VALID,SYNTHETIC,hash_mkt_000258,True
259,INDEX_BSI,2024-02-21 00:00:00,2024-02-21 18:00:00,1041.4,POINTS,1,v1.0,VALID,SYNTHETIC,hash_mkt_000259,True
260,INDEX_BHSI,2024-02-21 00:00:00,2024-02-21 18:00:00,644.6,POINTS,1,v1.0,VALID,SYNTHETIC,hash_mkt_000260,True
261,INDEX_BDI,2024-02-22 00:00:00,2024-02-22 18:00:00,1404.1,POINTS,1,v1.0,VALID,SYNTHETIC,hash_mkt_000261,True
262,INDEX_BCI,2024-02-22 00:00:00,2024-02-22 18:00:00,2358.3,POINTS,1,v1.0,VALID,SYNTHETIC,hash_mkt_000262,True
263,INDEX_BPI,2024-02-22 00:00:00,2024-02-22 18:00:00,1341.5,POINTS,1,v1.0,VALID,SYNTHETIC,hash_mkt_000263,True
264,INDEX_BSI,2024-02-22 00:00:00,2024-02-22 18:00:00,1057.4,POINTS,1,v1.0,VALID,SYNTHETIC,hash_mkt_000264,True
265,INDEX_BHSI,2024-02-22 00:00:00,2024-02-22 18:00:00,653.7,POINTS,1,v1.0,VALID,SYNTHETIC,hash_mkt_000265,True
266,INDEX_BDI,2024-02-23 00:00:00,2024-02-23 18:00:00,1439.7,POINTS,1,v1.0,VALID,SYNTHETIC,hash_mkt_000266,True
267,INDEX_BCI,2024-02-23 00:00:00,2024-02-23 18:00:00,2534.2,POINTS,1,v1.0,VALID,SYNTHETIC,hash_mkt_000267,True
268,INDEX_BPI,2024-02-23 00:00:00,2024-02-23 18:00:00,1381.8,POINTS,1,v1.0,VALID,SYNTHETIC,hash_mkt_000268,True
269,INDEX_BSI,2024-02-23 00:00:00,2024-02-23 18:00:00,1079.0,POINTS,1,v1.0,VALID,SYNTHETIC,hash_mkt_000269,True
270,INDEX_BHSI,2024-02-23 00:00:00,2024-02-23 18:00:00,688.5,POINTS,1,v1.0,VALID,SYNTHETIC,hash_mkt_000270,True
271,INDEX_BDI,2024-02-24 00:00:00,2024-02-24 18:00:00,1464.6,POINTS,1,v1.0,VALID,SYNTHETIC,hash_mkt_000271,True
272,INDEX_BCI,2024-02-24 00:00:00,2024-02-24 18:00:00,2442.7,POINTS,1,v1.0,VALID,SYNTHETIC,hash_mkt_000272,True
273,INDEX_BPI,2024-02-24 00:00:00,2024-02-24 18:00:00,1395.2,POINTS,1,v1.0,VALID,SYNTHETIC,hash_mkt_000273,True
274,INDEX_BSI,2024-02-24 00:00:00,2024-02-24 18:00:00,1118.4,POINTS,1,v1.0,VALID,SYNTHETIC,hash_mkt_000274,True
275,INDEX_BHSI,2024-02-24 00:00:00,2024-02-24 18:00:00,683.6,POINTS,1,v1.0,VALID,SYNTHETIC,hash_mkt_000275,True
276,INDEX_BDI,2024-02-25 00:00:00,2024-02-25 18:00:00,1472.2,POINTS,1,v1.0,VALID,SYNTHETIC,hash_mkt_000276,True
277,INDEX_BCI,2024-02-25 00:00:00,2024-02-25 18:00:00,2444.8,POINTS,1,v1.0,VALID,SYNTHETIC,hash_mkt_000277,True
278,INDEX_BPI,2024-02-25 00:00:00,2024-02-25 18:00:00,1446.7,POINTS,1,v1.0,VALID,SYNTHETIC,hash_mkt_000278,True
279,INDEX_BSI,2024-02-25 00:00:00,2024-02-25 18:00:00,1101.4,POINTS,1,v1.0,VALID,SYNTHETIC,hash_mkt_000279,True
280,INDEX_BHSI,2024-02-25 00:00:00,2024-02-25 18:00:00,678.3,POINTS,1,v1.0,VALID,SYNTHETIC,hash_mkt_000280,True
281,INDEX_BDI,2024-02-26 00:00:00,2024-02-26 18:00:00,1452.8,POINTS,1,v1.0,VALID,SYNTHETIC,hash_mkt_000281,True
282,INDEX_BCI,2024-02-26 00:00:00,2024-02-26 18:00:00,2537.3,POINTS,1,v1.0,VALID,SYNTHETIC,hash_mkt_000282,True
283,INDEX_BPI,2024-02-26 00:00:00,2024-02-26 18:00:00,1420.7,POINTS,1,v1.0,VALID,SYNTHETIC,hash_mkt_000283,True
284,INDEX_BSI,2024-02-26 00:00:00,2024-02-26 18:00:00,1108.8,POINTS,1,v1.0,VALID,SYNTHETIC,hash_mkt_000284,True
285,INDEX_BHSI,2024-02-26 00:00:00,2024-02-26 18:00:00,683.1,POINTS,1,v1.0,VALID,SYNTHETIC,hash_mkt_000285,True
286,INDEX_BDI,2024-02-27 00:00:00,2024-02-27 18:00:00,1477.4,POINTS,1,v1.0,VALID,SYNTHETIC,hash_mkt_000286,True
287,INDEX_BCI,2024-02-27 00:00:00,2024-02-27 18:00:00,2539.7,POINTS,1,v1.0,VALID,SYNTHETIC,hash_mkt_000287,True
288,INDEX_BPI,2024-02-27 00:00:00,2024-02-27 18:00:00,1465.1,POINTS,1,v1.0,VALID,SYNTHETIC,hash_mkt_000288,True
289,INDEX_BSI,2024-02-27 00:00:00,2024-02-27 18:00:00,1095.1,POINTS,1,v1.0,VALID,SYNTHETIC,hash_mkt_000289,True
290,INDEX_BHSI,2024-02-27 00:00:00,2024-02-27 18:00:00,709.8,POINTS,1,v1.0,VALID,SYNTHETIC,hash_mkt_000290,True
291,INDEX_BDI,2024-02-28 00:00:00,2024-02-28 18:00:00,1472.4,POINTS,1,v1.0,VALID,SYNTHETIC,hash_mkt_000291,True
292,INDEX_BCI,2024-02-28 00:00:00,2024-02-28 18:00:00,2646.5,POINTS,1,v1.0,VALID,SYNTHETIC,hash_mkt_000292,True
293,INDEX_BPI,2024-02-28 00:00:00,2024-02-28 18:00:00,1457.8,POINTS,1,v1.0,VALID,SYNTHETIC,hash_mkt_000293,True
294,INDEX_BSI,2024-02-28 00:00:00,2024-02-28 18:00:00,1113.7,POINTS,1,v1.0,VALID,SYNTHETIC,hash_mkt_000294,True
295,INDEX_BHSI,2024-02-28 00:00:00,2024-02-28 18:00:00,705.2,POINTS,1,v1.0,VALID,SYNTHETIC,hash_mkt_000295,True
296,INDEX_BDI,2024-02-29 00:00:00,2024-02-29 18:00:00,1533.0,POINTS,1,v1.0,VALID,SYNTHETIC,hash_mkt_000296,True
297,INDEX_BCI,2024-02-29 00:00:00,2024-02-29 18:00:00,2614.8,POINTS,1,v1.0,VALID,SYNTHETIC,hash_mkt_000297,True
298,INDEX_BPI,2024-02-29 00:00:00,2024-02-29 18:00:00,1494.4,POINTS,1,v1.0,VALID,SYNTHETIC,hash_mkt_000298,True
299,INDEX_BSI,2024-02-29 00:00:00,2024-02-29 18:00:00,1152.0,POINTS,1,v1.0,VALID,SYNTHETIC,hash_mkt_000299,True
300,INDEX_BHSI,2024-02-29 00:00:00,2024-02-29 18:00:00,716.6,POINTS,1,v1.0,VALID,SYNTHETIC,hash_mkt_000300,True
301,INDEX_BDI,2024-03-01 00:00:00,2024-03-01 18:00:00,1592.9,POINTS,1,v1.0,VALID,SYNTHETIC,hash_mkt_000301,True
302,INDEX_BCI,2024-03-01 00:00:00,2024-03-01 18:00:00,2662.5,POINTS,1,v1.0,VALID,SYNTHETIC,hash_mkt_000302,True
303,INDEX_BPI,2024-03-01 00:00:00,2024-03-01 18:00:00,1510.5,POINTS,1,v1.0,VALID,SYNTHETIC,hash_mkt_000303,True
304,INDEX_BSI,2024-03-01 00:00:00,2024-03-01 18:00:00,1188.9,POINTS,1,v1.0,VALID,SYNTHETIC,hash_mkt_000304,True
305,INDEX_BHSI,2024-03-01 00:00:00,2024-03-01 18:00:00,716.7,POINTS,1,v1.0,VALID,SYNTHETIC,hash_mkt_000305,True
306,INDEX_BDI,2024-03-02 00:00:00,2024-03-02 18:00:00,1569.2,POINTS,1,v1.0,VALID,SYNTHETIC,hash_mkt_000306,True
307,INDEX_BCI,2024-03-02 00:00:00,2024-03-02 18:00:00,2668.3,POINTS,1,v1.0,VALID,SYNTHETIC,hash_mkt_000307,True
308,INDEX_BPI,2024-03-02 00:00:00,2024-03-02 18:00:00,1483.1,POINTS,1,v1.0,VALID,SYNTHETIC,hash_mkt_000308,True
309,INDEX_BSI,2024-03-02 00:00:00,2024-03-02 18:00:00,1179.1,POINTS,1,v1.0,VALID,SYNTHETIC,hash_mkt_000309,True
310,INDEX_BHSI,2024-03-02 00:00:00,2024-03-02 18:00:00,729.8,POINTS,1,v1.0,VALID,SYNTHETIC,hash_mkt_000310,True
311,INDEX_BDI,2024-03-03 00:00:00,2024-03-03 18:00:00,1585.6,POINTS,1,v1.0,VALID,SYNTHETIC,hash_mkt_000311,True
312,INDEX_BCI,2024-03-03 00:00:00,2024-03-03 18:00:00,2647.5,POINTS,1,v1.0,VALID,SYNTHETIC,hash_mkt_000312,True
313,INDEX_BPI,2024-03-03 00:00:00,2024-03-03 18:00:00,1542.6,POINTS,1,v1.0,VALID,SYNTHETIC,hash_mkt_000313,True
314,INDEX_BSI,2024-03-03 00:00:00,2024-03-03 18:00:00,1207.2,POINTS,1,v1.0,VALID,SYNTHETIC,hash_mkt_000314,True
315,INDEX_BHSI,2024-03-03 00:00:00,2024-03-03 18:00:00,745.0,POINTS,1,v1.0,VALID,SYNTHETIC,hash_mkt_000315,True
316,INDEX_BDI,2024-03-04 00:00:00,2024-03-04 18:00:00,1624.4,POINTS,1,v1.0,VALID,SYNTHETIC,hash_mkt_000316,True
317,INDEX_BCI,2024-03-04 00:00:00,2024-03-04 18:00:00,2765.9,POINTS,1,v1.0,VALID,SYNTHETIC,hash_mkt_000317,True
318,INDEX_BPI,2024-03-04 00:00:00,2024-03-04 18:00:00,1580.4,POINTS,1,v1.0,VALID,SYNTHETIC,hash_mkt_000318,True
319,INDEX_BSI,2024-03-04 00:00:00,2024-03-04 18:00:00,1225.2,POINTS,1,v1.0,VALID,SYNTHETIC,hash_mkt_000319,True
320,INDEX_BHSI,2024-03-04 00:00:00,2024-03-04 18:00:00,758.9,POINTS,1,v1.0,VALID,SYNTHETIC,hash_mkt_000320,True
321,INDEX_BDI,2024-03-05 00:00:00,2024-03-05 18:00:00,1630.4,POINTS,1,v1.0,VALID,SYNTHETIC,hash_mkt_000321,True
322,INDEX_BCI,2024-03-05 00:00:00,2024-03-05 18:00:00,2737.6,POINTS,1,v1.0,VALID,SYNTHETIC,hash_mkt_000322,True
323,INDEX_BPI,2024-03-05 00:00:00,2024-03-05 18:00:00,1562.7,POINTS,1,v1.0,VALID,SYNTHETIC,hash_mkt_000323,True
324,INDEX_BSI,2024-03-05 00:00:00,2024-03-05 18:00:00,1237.4,POINTS,1,v1.0,VALID,SYNTHETIC,hash_mkt_000324,True
325,INDEX_BHSI,2024-03-05 00:00:00,2024-03-05 18:00:00,744.0,POINTS,1,v1.0,VALID,SYNTHETIC,hash_mkt_000325,True
326,INDEX_BDI,2024-03-06 00:00:00,2024-03-06 18:00:00,1685.1,POINTS,1,v1.0,VALID,SYNTHETIC,hash_mkt_000326,True
327,INDEX_BCI,2024-03-06 00:00:00,2024-03-06 18:00:00,2804.9,POINTS,1,v1.0,VALID,SYNTHETIC,hash_mkt_000327,True
328,INDEX_BPI,2024-03-06 00:00:00,2024-03-06 18:00:00,1601.7,POINTS,1,v1.0,VALID,SYNTHETIC,hash_mkt_000328,True
329,INDEX_BSI,2024-03-06 00:00:00,2024-03-06 18:00:00,1231.5,POINTS,1,v1.0,VALID,SYNTHETIC,hash_mkt_000329,True
330,INDEX_BHSI,2024-03-06 00:00:00,2024-03-06 18:00:00,771.0,POINTS,1,v1.0,VALID,SYNTHETIC,hash_mkt_000330,True
331,INDEX_BDI,2024-03-07 00:00:00,2024-03-07 18:00:00,1638.1,POINTS,1,v1.0,VALID,SYNTHETIC,hash_mkt_000331,True
332,INDEX_BCI,2024-03-07 00:00:00,2024-03-07 18:00:00,2852.2,POINTS,1,v1.0,VALID,SYNTHETIC,hash_mkt_000332,True
333,INDEX_BPI,2024-03-07 00:00:00,2024-03-07 18:00:00,1604.2,POINTS,1,v1.0,VALID,SYNTHETIC,hash_mkt_000333,True
334,INDEX_BSI,2024-03-07 00:00:00,2024-03-07 18:00:00,1258.7,POINTS,1,v1.0,VALID,SYNTHETIC,hash_mkt_000334,True
335,INDEX_BHSI,2024-03-07 00:00:00,2024-03-07 18:00:00,777.0,POINTS,1,v1.0,VALID,SYNTHETIC,hash_mkt_000335,True
336,INDEX_BDI,2024-03-08 00:00:00,2024-03-08 18:00:00,1724.0,POINTS,1,v1.0,VALID,SYNTHETIC,hash_mkt_000336,True
337,INDEX_BCI,2024-03-08 00:00:00,2024-03-08 18:00:00,2839.8,POINTS,1,v1.0,VALID,SYNTHETIC,hash_mkt_000337,True
338,INDEX_BPI,2024-03-08 00:00:00,2024-03-08 18:00:00,1602.1,POINTS,1,v1.0,VALID,SYNTHETIC,hash_mkt_000338,True
339,INDEX_BSI,2024-03-08 00:00:00,2024-03-08 18:00:00,1270.9,POINTS,1,v1.0,VALID,SYNTHETIC,hash_mkt_000339,True
340,INDEX_BHSI,2024-03-08 00:00:00,2024-03-08 18:00:00,799.0,POINTS,1,v1.0,VALID,SYNTHETIC,hash_mkt_000340,True
341,INDEX_BDI,2024-03-09 00:00:00,2024-03-09 18:00:00,1686.8,POINTS,1,v1.0,VALID,SYNTHETIC,hash_mkt_000341,True
342,INDEX_BCI,2024-03-09 00:00:00,2024-03-09 18:00:00,2952.0,POINTS,1,v1.0,VALID,SYNTHETIC,hash_mkt_000342,True
343,INDEX_BPI,2024-03-09 00:00:00,2024-03-09 18:00:00,1645.4,POINTS,1,v1.0,VALID,SYNTHETIC,hash_mkt_000343,True
344,INDEX_BSI,2024-03-09 00:00:00,2024-03-09 18:00:00,1268.3,POINTS,1,v1.0,VALID,SYNTHETIC,hash_mkt_000344,True
345,INDEX_BHSI,2024-03-09 00:00:00,2024-03-09 18:00:00,789.6,POINTS,1,v1.0,VALID,SYNTHETIC,hash_mkt_000345,True
346,INDEX_BDI,2024-03-10 00:00:00,2024-03-10 18:00:00,1756.5,POINTS,1,v1.0,VALID,SYNTHETIC,hash_mkt_000346,True
347,INDEX_BCI,2024-03-10 00:00:00,2024-03-10 18:00:00,2856.2,POINTS,1,v1.0,VALID,SYNTHETIC,hash_mkt_000347,True
348,INDEX_BPI,2024-03-10 00:00:00,2024-03-10 18:00:00,1688.0,POINTS,1,v1.0,VALID,SYNTHETIC,hash_mkt_000348,True
349,INDEX_BSI,2024-03-10 00:00:00,2024-03-10 18:00:00,1271.1,POINTS,1,v1.0,VALID,SYNTHETIC,hash_mkt_000349,True
350,INDEX_BHSI,2024-03-10 00:00:00,2024-03-10 18:00:00,791.6,POINTS,1,v1.0,VALID,SYNTHETIC,hash_mkt_000350,True
351,INDEX_BDI,2024-03-11 00:00:00,2024-03-11 18:00:00,1703.2,POINTS,1,v1.0,VALID,SYNTHETIC,hash_mkt_000351,True
352,INDEX_BCI,2024-03-11 00:00:00,2024-03-11 18:00:00,2924.8,POINTS,1,v1.0,VALID,SYNTHETIC,hash_mkt_000352,True
353,INDEX_BPI,2024-03-11 00:00:00,2024-03-11 18:00:00,1658.3,POINTS,1,v1.0,VALID,SYNTHETIC,hash_mkt_000353,True
354,INDEX_BSI,2024-03-11 00:00:00,2024-03-11 18:00:00,1291.9,POINTS,1,v1.0,VALID,SYNTHETIC,hash_mkt_000354,True
355,INDEX_BHSI,2024-03-11 00:00:00,2024-03-11 18:00:00,823.7,POINTS,1,v1.0,VALID,SYNTHETIC,hash_mkt_000355,True
356,INDEX_BDI,2024-03-12 00:00:00,2024-03-12 18:00:00,1770.6,POINTS,1,v1.0,VALID,SYNTHETIC,hash_mkt_000356,True
357,INDEX_BCI,2024-03-12 00:00:00,2024-03-12 18:00:00,2934.4,POINTS,1,v1.0,VALID,SYNTHETIC,hash_mkt_000357,True
358,INDEX_BPI,2024-03-12 00:00:00,2024-03-12 18:00:00,1721.2,POINTS,1,v1.0,VALID,SYNTHETIC,hash_mkt_000358,True
359,INDEX_BSI,2024-03-12 00:00:00,2024-03-12 18:00:00,1316.8,POINTS,1,v1.0,VALID,SYNTHETIC,hash_mkt_000359,True
360,INDEX_BHSI,2024-03-12 00:00:00,2024-03-12 18:00:00,821.1,POINTS,1,v1.0,VALID,SYNTHETIC,hash_mkt_000360,True
361,INDEX_BDI,2024-03-13 00:00:00,2024-03-13 18:00:00,1735.1,POINTS,1,v1.0,VALID,SYNTHETIC,hash_mkt_000361,True
362,INDEX_BCI,2024-03-13 00:00:00,2024-03-13 18:00:00,2923.8,POINTS,1,v1.0,VALID,SYNTHETIC,hash_mkt_000362,True
363,INDEX_BPI,2024-03-13 00:00:00,2024-03-13 18:00:00,1687.0,POINTS,1,v1.0,VALID,SYNTHETIC,hash_mkt_000363,True
364,INDEX_BSI,2024-03-13 00:00:00,2024-03-13 18:00:00,1298.5,POINTS,1,v1.0,VALID,SYNTHETIC,hash_mkt_000364,True
365,INDEX_BHSI,2024-03-13 00:00:00,2024-03-13 18:00:00,817.3,POINTS,1,v1.0,VALID,SYNTHETIC,hash_mkt_000365,True
366,INDEX_BDI,2024-03-14 00:00:00,2024-03-14 18:00:00,1724.9,POINTS,1,v1.0,VALID,SYNTHETIC,hash_mkt_000366,True
367,INDEX_BCI,2024-03-14 00:00:00,2024-03-14 18:00:00,2981.1,POINTS,1,v1.0,VALID,SYNTHETIC,hash_mkt_000367,True
368,INDEX_BPI,2024-03-14 00:00:00,2024-03-14 18:00:00,1736.9,POINTS,1,v1.0,VALID,SYNTHETIC,hash_mkt_000368,True
369,INDEX_BSI,2024-03-14 00:00:00,2024-03-14 18:00:00,1311.9,POINTS,1,v1.0,VALID,SYNTHETIC,hash_mkt_000369,True
370,INDEX_BHSI,2024-03-14 00:00:00,2024-03-14 18:00:00,820.9,POINTS,1,v1.0,VALID,SYNTHETIC,hash_mkt_000370,True
371,INDEX_BDI,2024-03-15 00:00:00,2024-03-15 18:00:00,1737.3,POINTS,1,v1.0,VALID,SYNTHETIC,hash_mkt_000371,True
372,INDEX_BCI,2024-03-15 00:00:00,2024-03-15 18:00:00,2984.0,POINTS,1,v1.0,VALID,SYNTHETIC,hash_mkt_000372,True
373,INDEX_BPI,2024-03-15 00:00:00,2024-03-15 18:00:00,1669.3,POINTS,1,v1.0,VALID,SYNTHETIC,hash_mkt_000373,True
374,INDEX_BSI,2024-03-15 00:00:00,2024-03-15 18:00:00,1318.8,POINTS,1,v1.0,VALID,SYNTHETIC,hash_mkt_000374,True
375,INDEX_BHSI,2024-03-15 00:00:00,2024-03-15 18:00:00,817.0,POINTS,1,v1.0,VALID,SYNTHETIC,hash_mkt_000375,True
376,INDEX_BDI,2024-03-16 00:00:00,2024-03-16 18:00:00,1818.2,POINTS,1,v1.0,VALID,SYNTHETIC,hash_mkt_000376,True
377,INDEX_BCI,2024-03-16 00:00:00,2024-03-16 18:00:00,3062.0,POINTS,1,v1.0,VALID,SYNTHETIC,hash_mkt_000377,True
378,INDEX_BPI,2024-03-16 00:00:00,2024-03-16 18:00:00,1706.3,POINTS,1,v1.0,VALID,SYNTHETIC,hash_mkt_000378,True
379,INDEX_BSI,2024-03-16 00:00:00,2024-03-16 18:00:00,1340.8,POINTS,1,v1.0,VALID,SYNTHETIC,hash_mkt_000379,True
380,INDEX_BHSI,2024-03-16 00:00:00,2024-03-16 18:00:00,828.2,POINTS,1,v1.0,VALID,SYNTHETIC,hash_mkt_000380,True
381,INDEX_BDI,2024-03-17 00:00:00,2024-03-17 18:00:00,1766.2,POINTS,1,v1.0,VALID,SYNTHETIC,hash_mkt_000381,True
382,INDEX_BCI,2024-03-17 00:00:00,2024-03-17 18:00:00,3027.0,POINTS,1,v1.0,VALID,SYNTHETIC,hash_mkt_000382,True
383,INDEX_BPI,2024-03-17 00:00:00,2024-03-17 18:00:00,1721.8,POINTS,1,v1.0,VALID,SYNTHETIC,hash_mkt_000383,True
384,INDEX_BSI,2024-03-17 00:00:00,2024-03-17 18:00:00,1337.6,POINTS,1,v1.0,VALID,SYNTHETIC,hash_mkt_000384,True
385,INDEX_BHSI,2024-03-17 00:00:00,2024-03-17 18:00:00,838.0,POINTS,1,v1.0,VALID,SYNTHETIC,hash_mkt_000385,True
386,INDEX_BDI,2024-03-18 00:00:00,2024-03-18 18:00:00,1776.8,POINTS,1,v1.0,VALID,SYNTHETIC,hash_mkt_000386,True
387,INDEX_BCI,2024-03-18 00:00:00,2024-03-18 18:00:00,2946.5,POINTS,1,v1.0,VALID,SYNTHETIC,hash_mkt_000387,True
388,INDEX_BPI,2024-03-18 00:00:00,2024-03-18 18:00:00,1711.0,POINTS,1,v1.0,VALID,SYNTHETIC,hash_mkt_000388,True
389,INDEX_BSI,2024-03-18 00:00:00,2024-03-18 18:00:00,1310.9,POINTS,1,v1.0,VALID,SYNTHETIC,hash_mkt_000389,True
390,INDEX_BHSI,2024-03-18 00:00:00,2024-03-18 18:00:00,842.6,POINTS,1,v1.0,VALID,SYNTHETIC,hash_mkt_000390,True
391,INDEX_BDI,2024-03-19 00:00:00,2024-03-19 18:00:00,1791.1,POINTS,1,v1.0,VALID,SYNTHETIC,hash_mkt_000391,True
392,INDEX_BCI,2024-03-19 00:00:00,2024-03-19 18:00:00,3101.2,POINTS,1,v1.0,VALID,SYNTHETIC,hash_mkt_000392,True
393,INDEX_BPI,2024-03-19 00:00:00,2024-03-19 18:00:00,1681.5,POINTS,1,v1.0,VALID,SYNTHETIC,hash_mkt_000393,True
394,INDEX_BSI,2024-03-19 00:00:00,2024-03-19 18:00:00,1338.1,POINTS,1,v1.0,VALID,SYNTHETIC,hash_mkt_000394,True
395,INDEX_BHSI,2024-03-19 00:00:00,2024-03-19 18:00:00,833.0,POINTS,1,v1.0,VALID,SYNTHETIC,hash_mkt_000395,True
396,INDEX_BDI,2024-03-20 00:00:00,2024-03-20 18:00:00,1753.6,POINTS,1,v1.0,VALID,SYNTHETIC,hash_mkt_000396,True
397,INDEX_BCI,2024-03-20 00:00:00,2024-03-20 18:00:00,3042.2,POINTS,1,v1.0,VALID,SYNTHETIC,hash_mkt_000397,True
398,INDEX_BPI,2024-03-20 00:00:00,2024-03-20 18:00:00,1740.4,POINTS,1,v1.0,VALID,SYNTHETIC,hash_mkt_000398,True
399,INDEX_BSI,2024-03-20 00:00:00,2024-03-20 18:00:00,1332.4,POINTS,1,v1.0,VALID,SYNTHETIC,hash_mkt_000399,True
400,INDEX_BHSI,2024-03-20 00:00:00,2024-03-20 18:00:00,842.4,POINTS,1,v1.0,VALID,SYNTHETIC,hash_mkt_000400,True
401,INDEX_BDI,2024-03-21 00:00:00,2024-03-21 18:00:00,1772.9,POINTS,1,v1.0,VALID,SYNTHETIC,hash_mkt_000401,True
402,INDEX_BCI,2024-03-21 00:00:00,2024-03-21 18:00:00,3066.8,POINTS,1,v1.0,VALID,SYNTHETIC,hash_mkt_000402,True
403,INDEX_BPI,2024-03-21 00:00:00,2024-03-21 18:00:00,1727.3,POINTS,1,v1.0,VALID,SYNTHETIC,hash_mkt_000403,True
404,INDEX_BSI,2024-03-21 00:00:00,2024-03-21 18:00:00,1329.3,POINTS,1,v1.0,VALID,SYNTHETIC,hash_mkt_000404,True
405,INDEX_BHSI,2024-03-21 00:00:00,2024-03-21 18:00:00,839.3,POINTS,1,v1.0,VALID,SYNTHETIC,hash_mkt_000405,True
406,INDEX_BDI,2024-03-22 00:00:00,2024-03-22 18:00:00,1810.1,POINTS,1,v1.0,VALID,SYNTHETIC,hash_mkt_000406,True
407,INDEX_BCI,2024-03-22 00:00:00,2024-03-22 18:00:00,2987.2,POINTS,1,v1.0,VALID,SYNTHETIC,hash_mkt_000407,True
408,INDEX_BPI,2024-03-22 00:00:00,2024-03-22 18:00:00,1738.7,POINTS,1,v1.0,VALID,SYNTHETIC,hash_mkt_000408,True
409,INDEX_BSI,2024-03-22 00:00:00,2024-03-22 18:00:00,1329.2,POINTS,1,v1.0,VALID,SYNTHETIC,hash_mkt_000409,True
410,INDEX_BHSI,2024-03-22 00:00:00,2024-03-22 18:00:00,836.5,POINTS,1,v1.0,VALID,SYNTHETIC,hash_mkt_000410,True
411,INDEX_BDI,2024-03-23 00:00:00,2024-03-23 18:00:00,1752.4,POINTS,1,v1.0,VALID,SYNTHETIC,hash_mkt_000411,True
412,INDEX_BCI,2024-03-23 00:00:00,2024-03-23 18:00:00,3149.9,POINTS,1,v1.0,VALID,SYNTHETIC,hash_mkt_000412,True
413,INDEX_BPI,2024-03-23 00:00:00,2024-03-23 18:00:00,1707.0,POINTS,1,v1.0,VALID,SYNTHETIC,hash_mkt_000413,True
414,INDEX_BSI,2024-03-23 00:00:00,2024-03-23 18:00:00,1317.4,POINTS,1,v1.0,VALID,SYNTHETIC,hash_mkt_000414,True
415,INDEX_BHSI,2024-03-23 00:00:00,2024-03-23 18:00:00,824.0,POINTS,1,v1.0,VALID,SYNTHETIC,hash_mkt_000415,True
416,INDEX_BDI,2024-03-24 00:00:00,2024-03-24 18:00:00,1802.5,POINTS,1,v1.0,VALID,SYNTHETIC,hash_mkt_000416,True
417,INDEX_BCI,2024-03-24 00:00:00,2024-03-24 18:00:00,3095.3,POINTS,1,v1.0,VALID,SYNTHETIC,hash_mkt_000417,True
418,INDEX_BPI,2024-03-24 00:00:00,2024-03-24 18:00:00,1716.6,POINTS,1,v1.0,VALID,SYNTHETIC,hash_mkt_000418,True
419,INDEX_BSI,2024-03-24 00:00:00,2024-03-24 18:00:00,1324.5,POINTS,1,v1.0,VALID,SYNTHETIC,hash_mkt_000419,True
420,INDEX_BHSI,2024-03-24 00:00:00,2024-03-24 18:00:00,829.2,POINTS,1,v1.0,VALID,SYNTHETIC,hash_mkt_000420,True
421,INDEX_BDI,2024-03-25 00:00:00,2024-03-25 18:00:00,1732.4,POINTS,1,v1.0,VALID,SYNTHETIC,hash_mkt_000421,True
422,INDEX_BCI,2024-03-25 00:00:00,2024-03-25 18:00:00,3038.5,POINTS,1,v1.0,VALID,SYNTHETIC,hash_mkt_000422,True
423,INDEX_BPI,2024-03-25 00:00:00,2024-03-25 18:00:00,1719.2,POINTS,1,v1.0,VALID,SYNTHETIC,hash_mkt_000423,True
424,INDEX_BSI,2024-03-25 00:00:00,2024-03-25 18:00:00,1319.5,POINTS,1,v1.0,VALID,SYNTHETIC,hash_mkt_000424,True
425,INDEX_BHSI,2024-03-25 00:00:00,2024-03-25 18:00:00,816.9,POINTS,1,v1.0,VALID,SYNTHETIC,hash_mkt_000425,True
426,INDEX_BDI,2024-03-26 00:00:00,2024-03-26 18:00:00,1788.6,POINTS,1,v1.0,VALID,SYNTHETIC,hash_mkt_000426,True
427,INDEX_BCI,2024-03-26 00:00:00,2024-03-26 18:00:00,3036.8,POINTS,1,v1.0,VALID,SYNTHETIC,hash_mkt_000427,True
428,INDEX_BPI,2024-03-26 00:00:00,2024-03-26 18:00:00,1680.7,POINTS,1,v1.0,VALID,SYNTHETIC,hash_mkt_000428,True
429,INDEX_BSI,2024-03-26 00:00:00,2024-03-26 18:00:00,1308.5,POINTS,1,v1.0,VALID,SYNTHETIC,hash_mkt_000429,True
430,INDEX_BHSI,2024-03-26 00:00:00,2024-03-26 18:00:00,827.7,POINTS,1,v1.0,VALID,SYNTHETIC,hash_mkt_000430,True
431,INDEX_BDI,2024-03-27 00:00:00,2024-03-27 18:00:00,1759.9,POINTS,1,v1.0,VALID,SYNTHETIC,hash_mkt_000431,True
432,INDEX_BCI,2024-03-27 00:00:00,2024-03-27 18:00:00,3025.2,POINTS,1,v1.0,VALID,SYNTHETIC,hash_mkt_000432,True
433,INDEX_BPI,2024-03-27 00:00:00,2024-03-27 18:00:00,1717.6,POINTS,1,v1.0,VALID,SYNTHETIC,hash_mkt_000433,True
434,INDEX_BSI,2024-03-27 00:00:00,2024-03-27 18:00:00,1304.5,POINTS,1,v1.0,VALID,SYNTHETIC,hash_mkt_000434,True
435,INDEX_BHSI,2024-03-27 00:00:00,2024-03-27 18:00:00,828.1,POINTS,1,v1.0,VALID,SYNTHETIC,hash_mkt_000435,True
436,INDEX_BDI,2024-03-28 00:00:00,2024-03-28 18:00:00,1718.2,POINTS,1,v1.0,VALID,SYNTHETIC,hash_mkt_000436,True
437,INDEX_BCI,2024-03-28 00:00:00,2024-03-28 18:00:00,2995.5,POINTS,1,v1.0,VALID,SYNTHETIC,hash_mkt_000437,True
438,INDEX_BPI,2024-03-28 00:00:00,2024-03-28 18:00:00,1697.9,POINTS,1,v1.0,VALID,SYNTHETIC,hash_mkt_000438,True
439,INDEX_BSI,2024-03-28 00:00:00,2024-03-28 18:00:00,1326.0,POINTS,1,v1.0,VALID,SYNTHETIC,hash_mkt_000439,True
440,INDEX_BHSI,2024-03-28 00:00:00,2024-03-28 18:00:00,797.4,POINTS,1,v1.0,VALID,SYNTHETIC,hash_mkt_000440,True
441,INDEX_BDI,2024-03-29 00:00:00,2024-03-29 18:00:00,1727.6,POINTS,1,v1.0,VALID,SYNTHETIC,hash_mkt_000441,True
442,INDEX_BCI,2024-03-29 00:00:00,2024-03-29 18:00:00,2983.2,POINTS,1,v1.0,VALID,SYNTHETIC,hash_mkt_000442,True
443,INDEX_BPI,2024-03-29 00:00:00,2024-03-29 18:00:00,1646.5,POINTS,1,v1.0,VALID,SYNTHETIC,hash_mkt_000443,True
444,INDEX_BSI,2024-03-29 00:00:00,2024-03-29 18:00:00,1289.8,POINTS,1,v1.0,VALID,SYNTHETIC,hash_mkt_000444,True
445,INDEX_BHSI,2024-03-29 00:00:00,2024-03-29 18:00:00,817.6,POINTS,1,v1.0,VALID,SYNTHETIC,hash_mkt_000445,True
446,INDEX_BDI,2024-03-30 00:00:00,2024-03-30 18:00:00,1724.4,POINTS,1,v1.0,VALID,SYNTHETIC,hash_mkt_000446,True
447,INDEX_BCI,2024-03-30 00:00:00,2024-03-30 18:00:00,2902.3,POINTS,1,v1.0,VALID,SYNTHETIC,hash_mkt_000447,True
448,INDEX_BPI,2024-03-30 00:00:00,2024-03-30 18:00:00,1675.0,POINTS,1,v1.0,VALID,SYNTHETIC,hash_mkt_000448,True
449,INDEX_BSI,2024-03-30 00:00:00,2024-03-30 18:00:00,1289.6,POINTS,1,v1.0,VALID,SYNTHETIC,hash_mkt_000449,True
450,INDEX_BHSI,2024-03-30 00:00:00,2024-03-30 18:00:00,816.9,POINTS,1,v1.0,VALID,SYNTHETIC,hash_mkt_000450,True
451,INDEX_BDI,2024-03-31 00:00:00,2024-03-31 18:00:00,1708.8,POINTS,1,v1.0,VALID,SYNTHETIC,hash_mkt_000451,True
452,INDEX_BCI,2024-03-31 00:00:00,2024-03-31 18:00:00,3001.0,POINTS,1,v1.0,VALID,SYNTHETIC,hash_mkt_000452,True
453,INDEX_BPI,2024-03-31 00:00:00,2024-03-31 18:00:00,1655.6,POINTS,1,v1.0,VALID,SYNTHETIC,hash_mkt_000453,True
454,INDEX_BSI,2024-03-31 00:00:00,2024-03-31 18:00:00,1284.9,POINTS,1,v1.0,VALID,SYNTHETIC,hash_mkt_000454,True
455,INDEX_BHSI,2024-03-31 00:00:00,2024-03-31 18:00:00,800.9,POINTS,1,v1.0,VALID,SYNTHETIC,hash_mkt_000455,True
456,INDEX_BDI,2024-04-01 00:00:00,2024-04-01 18:00:00,1724.0,POINTS,1,v1.0,VALID,SYNTHETIC,hash_mkt_000456,True
457,INDEX_BCI,2024-04-01 00:00:00,2024-04-01 18:00:00,3011.2,POINTS,1,v1.0,VALID,SYNTHETIC,hash_mkt_000457,True
458,INDEX_BPI,2024-04-01 00:00:00,2024-04-01 18:00:00,1655.9,POINTS,1,v1.0,VALID,SYNTHETIC,hash_mkt_000458,True
459,INDEX_BSI,2024-04-01 00:00:00,2024-04-01 18:00:00,1282.0,POINTS,1,v1.0,VALID,SYNTHETIC,hash_mkt_000459,True
460,INDEX_BHSI,2024-04-01 00:00:00,2024-04-01 18:00:00,803.5,POINTS,1,v1.0,VALID,SYNTHETIC,hash_mkt_000460,True
461,INDEX_BDI,2024-04-02 00:00:00,2024-04-02 18:00:00,1692.1,POINTS,1,v1.0,VALID,SYNTHETIC,hash_mkt_000461,True
462,INDEX_BCI,2024-04-02 00:00:00,2024-04-02 18:00:00,2940.9,POINTS,1,v1.0,VALID,SYNTHETIC,hash_mkt_000462,True
463,INDEX_BPI,2024-04-02 00:00:00,2024-04-02 18:00:00,1646.2,POINTS,1,v1.0,VALID,SYNTHETIC,hash_mkt_000463,True
464,INDEX_BSI,2024-04-02 00:00:00,2024-04-02 18:00:00,1305.6,POINTS,1,v1.0,VALID,SYNTHETIC,hash_mkt_000464,True
465,INDEX_BHSI,2024-04-02 00:00:00,2024-04-02 18:00:00,801.8,POINTS,1,v1.0,VALID,SYNTHETIC,hash_mkt_000465,True
466,INDEX_BDI,2024-04-03 00:00:00,2024-04-03 18:00:00,1680.8,POINTS,1,v1.0,VALID,SYNTHETIC,hash_mkt_000466,True
467,INDEX_BCI,2024-04-03 00:00:00,2024-04-03 18:00:00,2894.9,POINTS,1,v1.0,VALID,SYNTHETIC,hash_mkt_000467,True
468,INDEX_BPI,2024-04-03 00:00:00,2024-04-03 18:00:00,1624.5,POINTS,1,v1.0,VALID,SYNTHETIC,hash_mkt_000468,True
469,INDEX_BSI,2024-04-03 00:00:00,2024-04-03 18:00:00,1249.8,POINTS,1,v1.0,VALID,SYNTHETIC,hash_mkt_000469,True
470,INDEX_BHSI,2024-04-03 00:00:00,2024-04-03 18:00:00,791.7,POINTS,1,v1.0,VALID,SYNTHETIC,hash_mkt_000470,True
471,INDEX_BDI,2024-04-04 00:00:00,2024-04-04 18:00:00,1718.0,POINTS,1,v1.0,VALID,SYNTHETIC,hash_mkt_000471,True
472,INDEX_BCI,2024-04-04 00:00:00,2024-04-04 18:00:00,2916.9,POINTS,1,v1.0,VALID,SYNTHETIC,hash_mkt_000472,True
473,INDEX_BPI,2024-04-04 00:00:00,2024-04-04 18:00:00,1647.3,POINTS,1,v1.0,VALID,SYNTHETIC,hash_mkt_000473,True
474,INDEX_BSI,2024-04-04 00:00:00,2024-04-04 18:00:00,1248.2,POINTS,1,v1.0,VALID,SYNTHETIC,hash_mkt_000474,True
475,INDEX_BHSI,2024-04-04 00:00:00,2024-04-04 18:00:00,812.3,POINTS,1,v1.0,VALID,SYNTHETIC,hash_mkt_000475,True
476,INDEX_BDI,2024-04-05 00:00:00,2024-04-05 18:00:00,1702.5,POINTS,1,v1.0,VALID,SYNTHETIC,hash_mkt_000476,True
477,INDEX_BCI,2024-04-05 00:00:00,2024-04-05 18:00:00,2922.0,POINTS,1,v1.0,VALID,SYNTHETIC,hash_mkt_000477,True
478,INDEX_BPI,2024-04-05 00:00:00,2024-04-05 18:00:00,1658.2,POINTS,1,v1.0,VALID,SYNTHETIC,hash_mkt_000478,True
479,INDEX_BSI,2024-04-05 00:00:00,2024-04-05 18:00:00,1285.0,POINTS,1,v1.0,VALID,SYNTHETIC,hash_mkt_000479,True
480,INDEX_BHSI,2024-04-05 00:00:00,2024-04-05 18:00:00,772.7,POINTS,1,v1.0,VALID,SYNTHETIC,hash_mkt_000480,True
481,INDEX_BDI,2024-04-06 00:00:00,2024-04-06 18:00:00,1658.6,POINTS,1,v1.0,VALID,SYNTHETIC,hash_mkt_000481,True
482,INDEX_BCI,2024-04-06 00:00:00,2024-04-06 18:00:00,2894.7,POINTS,1,v1.0,VALID,SYNTHETIC,hash_mkt_000482,True
483,INDEX_BPI,2024-04-06 00:00:00,2024-04-06 18:00:00,1609.3,POINTS,1,v1.0,VALID,SYNTHETIC,hash_mkt_000483,True
484,INDEX_BSI,2024-04-06 00:00:00,2024-04-06 18:00:00,1249.1,POINTS,1,v1.0,VALID,SYNTHETIC,hash_mkt_000484,True
485,INDEX_BHSI,2024-04-06 00:00:00,2024-04-06 18:00:00,797.6,POINTS,1,v1.0,VALID,SYNTHETIC,hash_mkt_000485,True
486,INDEX_BDI,2024-04-07 00:00:00,2024-04-07 18:00:00,1705.2,POINTS,1,v1.0,VALID,SYNTHETIC,hash_mkt_000486,True
487,INDEX_BCI,2024-04-07 00:00:00,2024-04-07 18:00:00,2919.5,POINTS,1,v1.0,VALID,SYNTHETIC,hash_mkt_000487,True
488,INDEX_BPI,2024-04-07 00:00:00,2024-04-07 18:00:00,1634.4,POINTS,1,v1.0,VALID,SYNTHETIC,hash_mkt_000488,True
489,INDEX_BSI,2024-04-07 00:00:00,2024-04-07 18:00:00,1257.8,POINTS,1,v1.0,VALID,SYNTHETIC,hash_mkt_000489,True
490,INDEX_BHSI,2024-04-07 00:00:00,2024-04-07 18:00:00,791.7,POINTS,1,v1.0,VALID,SYNTHETIC,hash_mkt_000490,True
491,INDEX_BDI,2024-04-08 00:00:00,2024-04-08 18:00:00,1658.7,POINTS,1,v1.0,VALID,SYNTHETIC,hash_mkt_000491,True
492,INDEX_BCI,2024-04-08 00:00:00,2024-04-08 18:00:00,2872.0,POINTS,1,v1.0,VALID,SYNTHETIC,hash_mkt_000492,True
493,INDEX_BPI,2024-04-08 00:00:00,2024-04-08 18:00:00,1610.8,POINTS,1,v1.0,VALID,SYNTHETIC,hash_mkt_000493,True
494,INDEX_BSI,2024-04-08 00:00:00,2024-04-08 18:00:00,1238.6,POINTS,1,v1.0,VALID,SYNTHETIC,hash_mkt_000494,True
495,INDEX_BHSI,2024-04-08 00:00:00,2024-04-08 18:00:00,775.0,POINTS,1,v1.0,VALID,SYNTHETIC,hash_mkt_000495,True
496,INDEX_BDI,2024-04-09 00:00:00,2024-04-09 18:00:00,1633.9,POINTS,1,v1.0,VALID,SYNTHETIC,hash_mkt_000496,True
497,INDEX_BCI,2024-04-09 00:00:00,2024-04-09 18:00:00,2852.7,POINTS,1,v1.0,VALID,SYNTHETIC,hash_mkt_000497,True
498,INDEX_BPI,2024-04-09 00:00:00,2024-04-09 18:00:00,1592.6,POINTS,1,v1.0,VALID,SYNTHETIC,hash_mkt_000498,True
499,INDEX_BSI,2024-04-09 00:00:00,2024-04-09 18:00:00,1260.7,POINTS,1,v1.0,VALID,SYNTHETIC,hash_mkt_000499,True
500,INDEX_BHSI,2024-04-09 00:00:00,2024-04-09 18:00:00,794.4,POINTS,1,v1.0,VALID,SYNTHETIC,hash_mkt_000500,True
501,INDEX_BDI,2024-04-10 00:00:00,2024-04-10 18:00:00,1672.7,POINTS,1,v1.0,VALID,SYNTHETIC,hash_mkt_000501,True
502,INDEX_BCI,2024-04-10 00:00:00,2024-04-10 18:00:00,2876.2,POINTS,1,v1.0,VALID,SYNTHETIC,hash_mkt_000502,True
503,INDEX_BPI,2024-04-10 00:00:00,2024-04-10 18:00:00,1626.7,POINTS,1,v1.0,VALID,SYNTHETIC,hash_mkt_000503,True
504,INDEX_BSI,2024-04-10 00:00:00,2024-04-10 18:00:00,1241.3,POINTS,1,v1.0,VALID,SYNTHETIC,hash_mkt_000504,True
505,INDEX_BHSI,2024-04-10 00:00:00,2024-04-10 18:00:00,781.4,POINTS,1,v1.0,VALID,SYNTHETIC,hash_mkt_000505,True
506,INDEX_BDI,2024-04-11 00:00:00,2024-04-11 18:00:00,1636.1,POINTS,1,v1.0,VALID,SYNTHETIC,hash_mkt_000506,True
507,INDEX_BCI,2024-04-11 00:00:00,2024-04-11 18:00:00,2851.0,POINTS,1,v1.0,VALID,SYNTHETIC,hash_mkt_000507,True
508,INDEX_BPI,2024-04-11 00:00:00,2024-04-11 18:00:00,1631.2,POINTS,1,v1.0,VALID,SYNTHETIC,hash_mkt_000508,True
509,INDEX_BSI,2024-04-11 00:00:00,2024-04-11 18:00:00,1230.9,POINTS,1,v1.0,VALID,SYNTHETIC,hash_mkt_000509,True
510,INDEX_BHSI,2024-04-11 00:00:00,2024-04-11 18:00:00,774.1,POINTS,1,v1.0,VALID,SYNTHETIC,hash_mkt_000510,True
511,INDEX_BDI,2024-04-12 00:00:00,2024-04-12 18:00:00,1663.7,POINTS,1,v1.0,VALID,SYNTHETIC,hash_mkt_000511,True
512,INDEX_BCI,2024-04-12 00:00:00,2024-04-12 18:00:00,2839.9,POINTS,1,v1.0,VALID,SYNTHETIC,hash_mkt_000512,True
513,INDEX_BPI,2024-04-12 00:00:00,2024-04-12 18:00:00,1581.3,POINTS,1,v1.0,VALID,SYNTHETIC,hash_mkt_000513,True
514,INDEX_BSI,2024-04-12 00:00:00,2024-04-12 18:00:00,1222.9,POINTS,1,v1.0,VALID,SYNTHETIC,hash_mkt_000514,True
515,INDEX_BHSI,2024-04-12 00:00:00,2024-04-12 18:00:00,782.4,POINTS,1,v1.0,VALID,SYNTHETIC,hash_mkt_000515,True
516,INDEX_BDI,2024-04-13 00:00:00,2024-04-13 18:00:00,1672.2,POINTS,1,v1.0,VALID,SYNTHETIC,hash_mkt_000516,True
517,INDEX_BCI,2024-04-13 00:00:00,2024-04-13 18:00:00,2828.9,POINTS,1,v1.0,VALID,SYNTHETIC,hash_mkt_000517,True
518,INDEX_BPI,2024-04-13 00:00:00,2024-04-13 18:00:00,1591.2,POINTS,1,v1.0,VALID,SYNTHETIC,hash_mkt_000518,True
519,INDEX_BSI,2024-04-13 00:00:00,2024-04-13 18:00:00,1256.3,POINTS,1,v1.0,VALID,SYNTHETIC,hash_mkt_000519,True
520,INDEX_BHSI,2024-04-13 00:00:00,2024-04-13 18:00:00,783.5,POINTS,1,v1.0,VALID,SYNTHETIC,hash_mkt_000520,True
521,INDEX_BDI,2024-04-14 00:00:00,2024-04-14 18:00:00,1659.8,POINTS,1,v1.0,VALID,SYNTHETIC,hash_mkt_000521,True
522,INDEX_BCI,2024-04-14 00:00:00,2024-04-14 18:00:00,2817.1,POINTS,1,v1.0,VALID,SYNTHETIC,hash_mkt_000522,True
523,INDEX_BPI,2024-04-14 00:00:00,2024-04-14 18:00:00,1637.1,POINTS,1,v1.0,VALID,SYNTHETIC,hash_mkt_000523,True
524,INDEX_BSI,2024-04-14 00:00:00,2024-04-14 18:00:00,1258.3,POINTS,1,v1.0,VALID,SYNTHETIC,hash_mkt_000524,True
525,INDEX_BHSI,2024-04-14 00:00:00,2024-04-14 18:00:00,787.6,POINTS,1,v1.0,VALID,SYNTHETIC,hash_mkt_000525,True
526,INDEX_BDI,2024-04-15 00:00:00,2024-04-15 18:00:00,1656.6,POINTS,1,v1.0,VALID,SYNTHETIC,hash_mkt_000526,True
527,INDEX_BCI,2024-04-15 00:00:00,2024-04-15 18:00:00,2876.0,POINTS,1,v1.0,VALID,SYNTHETIC,hash_mkt_000527,True
528,INDEX_BPI,2024-04-15 00:00:00,2024-04-15 18:00:00,1646.7,POINTS,1,v1.0,VALID,SYNTHETIC,hash_mkt_000528,True
529,INDEX_BSI,2024-04-15 00:00:00,2024-04-15 18:00:00,1247.7,POINTS,1,v1.0,VALID,SYNTHETIC,hash_mkt_000529,True
530,INDEX_BHSI,2024-04-15 00:00:00,2024-04-15 18:00:00,782.8,POINTS,1,v1.0,VALID,SYNTHETIC,hash_mkt_000530,True
531,INDEX_BDI,2024-04-16 00:00:00,2024-04-16 18:00:00,1666.0,POINTS,1,v1.0,VALID,SYNTHETIC,hash_mkt_000531,True
532,INDEX_BCI,2024-04-16 00:00:00,2024-04-16 18:00:00,2840.0,POINTS,1,v1.0,VALID,SYNTHETIC,hash_mkt_000532,True
533,INDEX_BPI,2024-04-16 00:00:00,2024-04-16 18:00:00,1600.8,POINTS,1,v1.0,VALID,SYNTHETIC,hash_mkt_000533,True
534,INDEX_BSI,2024-04-16 00:00:00,2024-04-16 18:00:00,1271.2,POINTS,1,v1.0,VALID,SYNTHETIC,hash_mkt_000534,True
535,INDEX_BHSI,2024-04-16 00:00:00,2024-04-16 18:00:00,793.7,POINTS,1,v1.0,VALID,SYNTHETIC,hash_mkt_000535,True
536,INDEX_BDI,2024-04-17 00:00:00,2024-04-17 18:00:00,1678.8,POINTS,1,v1.0,VALID,SYNTHETIC,hash_mkt_000536,True
537,INDEX_BCI,2024-04-17 00:00:00,2024-04-17 18:00:00,2858.8,POINTS,1,v1.0,VALID,SYNTHETIC,hash_mkt_000537,True
538,INDEX_BPI,2024-04-17 00:00:00,2024-04-17 18:00:00,1609.0,POINTS,1,v1.0,VALID,SYNTHETIC,hash_mkt_000538,True
539,INDEX_BSI,2024-04-17 00:00:00,2024-04-17 18:00:00,1258.5,POINTS,1,v1.0,VALID,SYNTHETIC,hash_mkt_000539,True
540,INDEX_BHSI,2024-04-17 00:00:00,2024-04-17 18:00:00,792.7,POINTS,1,v1.0,VALID,SYNTHETIC,hash_mkt_000540,True
541,INDEX_BDI,2024-04-18 00:00:00,2024-04-18 18:00:00,1696.9,POINTS,1,v1.0,VALID,SYNTHETIC,hash_mkt_000541,True
542,INDEX_BCI,2024-04-18 00:00:00,2024-04-18 18:00:00,2877.7,POINTS,1,v1.0,VALID,SYNTHETIC,hash_mkt_000542,True
543,INDEX_BPI,2024-04-18 00:00:00,2024-04-18 18:00:00,1589.5,POINTS,1,v1.0,VALID,SYNTHETIC,hash_mkt_000543,True
544,INDEX_BSI,2024-04-18 00:00:00,2024-04-18 18:00:00,1277.1,POINTS,1,v1.0,VALID,SYNTHETIC,hash_mkt_000544,True
545,INDEX_BHSI,2024-04-18 00:00:00,2024-04-18 18:00:00,792.3,POINTS,1,v1.0,VALID,SYNTHETIC,hash_mkt_000545,True
546,INDEX_BDI,2024-04-19 00:00:00,2024-04-19 18:00:00,1675.3,POINTS,1,v1.0,VALID,SYNTHETIC,hash_mkt_000546,True
547,INDEX_BCI,2024-04-19 00:00:00,2024-04-19 18:00:00,2927.4,POINTS,1,v1.0,VALID,SYNTHETIC,hash_mkt_000547,True
548,INDEX_BPI,2024-04-19 00:00:00,2024-04-19 18:00:00,1649.6,POINTS,1,v1.0,VALID,SYNTHETIC,hash_mkt_000548,True
549,INDEX_BSI,2024-04-19 00:00:00,2024-04-19 18:00:00,1282.4,POINTS,1,v1.0,VALID,SYNTHETIC,hash_mkt_000549,True
550,INDEX_BHSI,2024-04-19 00:00:00,2024-04-19 18:00:00,773.4,POINTS,1,v1.0,VALID,SYNTHETIC,hash_mkt_000550,True
551,INDEX_BDI,2024-04-20 00:00:00,2024-04-20 18:00:00,1707.0,POINTS,1,v1.0,VALID,SYNTHETIC,hash_mkt_000551,True
552,INDEX_BCI,2024-04-20 00:00:00,2024-04-20 18:00:00,2908.1,POINTS,1,v1.0,VALID,SYNTHETIC,hash_mkt_000552,True
553,INDEX_BPI,2024-04-20 00:00:00,2024-04-20 18:00:00,1664.0,POINTS,1,v1.0,VALID,SYNTHETIC,hash_mkt_000553,True
554,INDEX_BSI,2024-04-20 00:00:00,2024-04-20 18:00:00,1298.6,POINTS,1,v1.0,VALID,SYNTHETIC,hash_mkt_000554,True
555,INDEX_BHSI,2024-04-20 00:00:00,2024-04-20 18:00:00,800.0,POINTS,1,v1.0,VALID,SYNTHETIC,hash_mkt_000555,True
556,INDEX_BDI,2024-04-21 00:00:00,2024-04-21 18:00:00,1709.1,POINTS,1,v1.0,VALID,SYNTHETIC,hash_mkt_000556,True
557,INDEX_BCI,2024-04-21 00:00:00,2024-04-21 18:00:00,2949.1,POINTS,1,v1.0,VALID,SYNTHETIC,hash_mkt_000557,True
558,INDEX_BPI,2024-04-21 00:00:00,2024-04-21 18:00:00,1683.8,POINTS,1,v1.0,VALID,SYNTHETIC,hash_mkt_000558,True
559,INDEX_BSI,2024-04-21 00:00:00,2024-04-21 18:00:00,1288.2,POINTS,1,v1.0,VALID,SYNTHETIC,hash_mkt_000559,True
560,INDEX_BHSI,2024-04-21 00:00:00,2024-04-21 18:00:00,810.2,POINTS,1,v1.0,VALID,SYNTHETIC,hash_mkt_000560,True
561,INDEX_BDI,2024-04-22 00:00:00,2024-04-22 18:00:00,1706.3,POINTS,1,v1.0,VALID,SYNTHETIC,hash_mkt_000561,True
562,INDEX_BCI,2024-04-22 00:00:00,2024-04-22 18:00:00,2928.5,POINTS,1,v1.0,VALID,SYNTHETIC,hash_mkt_000562,True
563,INDEX_BPI,2024-04-22 00:00:00,2024-04-22 18:00:00,1672.0,POINTS,1,v1.0,VALID,SYNTHETIC,hash_mkt_000563,True
564,INDEX_BSI,2024-04-22 00:00:00,2024-04-22 18:00:00,1311.9,POINTS,1,v1.0,VALID,SYNTHETIC,hash_mkt_000564,True
565,INDEX_BHSI,2024-04-22 00:00:00,2024-04-22 18:00:00,812.4,POINTS,1,v1.0,VALID,SYNTHETIC,hash_mkt_000565,True
566,INDEX_BDI,2024-04-23 00:00:00,2024-04-23 18:00:00,1720.7,POINTS,1,v1.0,VALID,SYNTHETIC,hash_mkt_000566,True
567,INDEX_BCI,2024-04-23 00:00:00,2024-04-23 18:00:00,2986.1,POINTS,1,v1.0,VALID,SYNTHETIC,hash_mkt_000567,True
568,INDEX_BPI,2024-04-23 00:00:00,2024-04-23 18:00:00,1713.4,POINTS,1,v1.0,VALID,SYNTHETIC,hash_mkt_000568,True
569,INDEX_BSI,2024-04-23 00:00:00,2024-04-23 18:00:00,1317.1,POINTS,1,v1.0,VALID,SYNTHETIC,hash_mkt_000569,True
570,INDEX_BHSI,2024-04-23 00:00:00,2024-04-23 18:00:00,820.1,POINTS,1,v1.0,VALID,SYNTHETIC,hash_mkt_000570,True
571,INDEX_BDI,2024-04-24 00:00:00,2024-04-24 18:00:00,1764.2,POINTS,1,v1.0,VALID,SYNTHETIC,hash_mkt_000571,True
572,INDEX_BCI,2024-04-24 00:00:00,2024-04-24 18:00:00,3010.8,POINTS,1,v1.0,VALID,SYNTHETIC,hash_mkt_000572,True
573,INDEX_BPI,2024-04-24 00:00:00,2024-04-24 18:00:00,1730.5,POINTS,1,v1.0,VALID,SYNTHETIC,hash_mkt_000573,True
574,INDEX_BSI,2024-04-24 00:00:00,2024-04-24 18:00:00,1329.4,POINTS,1,v1.0,VALID,SYNTHETIC,hash_mkt_000574,True
575,INDEX_BHSI,2024-04-24 00:00:00,2024-04-24 18:00:00,820.9,POINTS,1,v1.0,VALID,SYNTHETIC,hash_mkt_000575,True
576,INDEX_BDI,2024-04-25 00:00:00,2024-04-25 18:00:00,1783.1,POINTS,1,v1.0,VALID,SYNTHETIC,hash_mkt_000576,True
577,INDEX_BCI,2024-04-25 00:00:00,2024-04-25 18:00:00,3083.7,POINTS,1,v1.0,VALID,SYNTHETIC,hash_mkt_000577,True
578,INDEX_BPI,2024-04-25 00:00:00,2024-04-25 18:00:00,1703.3,POINTS,1,v1.0,VALID,SYNTHETIC,hash_mkt_000578,True
579,INDEX_BSI,2024-04-25 00:00:00,2024-04-25 18:00:00,1335.1,POINTS,1,v1.0,VALID,SYNTHETIC,hash_mkt_000579,True
580,INDEX_BHSI,2024-04-25 00:00:00,2024-04-25 18:00:00,831.3,POINTS,1,v1.0,VALID,SYNTHETIC,hash_mkt_000580,True
581,INDEX_BDI,2024-04-26 00:00:00,2024-04-26 18:00:00,1787.6,POINTS,1,v1.0,VALID,SYNTHETIC,hash_mkt_000581,True
582,INDEX_BCI,2024-04-26 00:00:00,2024-04-26 18:00:00,3043.7,POINTS,1,v1.0,VALID,SYNTHETIC,hash_mkt_000582,True
583,INDEX_BPI,2024-04-26 00:00:00,2024-04-26 18:00:00,1744.5,POINTS,1,v1.0,VALID,SYNTHETIC,hash_mkt_000583,True
584,INDEX_BSI,2024-04-26 00:00:00,2024-04-26 18:00:00,1332.4,POINTS,1,v1.0,VALID,SYNTHETIC,hash_mkt_000584,True
585,INDEX_BHSI,2024-04-26 00:00:00,2024-04-26 18:00:00,848.5,POINTS,1,v1.0,VALID,SYNTHETIC,hash_mkt_000585,True
586,INDEX_BDI,2024-04-27 00:00:00,2024-04-27 18:00:00,1843.2,POINTS,1,v1.0,VALID,SYNTHETIC,hash_mkt_000586,True
587,INDEX_BCI,2024-04-27 00:00:00,2024-04-27 18:00:00,3137.5,POINTS,1,v1.0,VALID,SYNTHETIC,hash_mkt_000587,True
588,INDEX_BPI,2024-04-27 00:00:00,2024-04-27 18:00:00,1766.1,POINTS,1,v1.0,VALID,SYNTHETIC,hash_mkt_000588,True
589,INDEX_BSI,2024-04-27 00:00:00,2024-04-27 18:00:00,1327.8,POINTS,1,v1.0,VALID,SYNTHETIC,hash_mkt_000589,True
590,INDEX_BHSI,2024-04-27 00:00:00,2024-04-27 18:00:00,857.9,POINTS,1,v1.0,VALID,SYNTHETIC,hash_mkt_000590,True
591,INDEX_BDI,2024-04-28 00:00:00,2024-04-28 18:00:00,1811.6,POINTS,1,v1.0,VALID,SYNTHETIC,hash_mkt_000591,True
592,INDEX_BCI,2024-04-28 00:00:00,2024-04-28 18:00:00,3120.6,POINTS,1,v1.0,VALID,SYNTHETIC,hash_mkt_000592,True
593,INDEX_BPI,2024-04-28 00:00:00,2024-04-28 18:00:00,1755.0,POINTS,1,v1.0,VALID,SYNTHETIC,hash_mkt_000593,True
594,INDEX_BSI,2024-04-28 00:00:00,2024-04-28 18:00:00,1381.6,POINTS,1,v1.0,VALID,SYNTHETIC,hash_mkt_000594,True
595,INDEX_BHSI,2024-04-28 00:00:00,2024-04-28 18:00:00,865.3,POINTS,1,v1.0,VALID,SYNTHETIC,hash_mkt_000595,True
596,INDEX_BDI,2024-04-29 00:00:00,2024-04-29 18:00:00,1853.1,POINTS,1,v1.0,VALID,SYNTHETIC,hash_mkt_000596,True
597,INDEX_BCI,2024-04-29 00:00:00,2024-04-29 18:00:00,3085.4,POINTS,1,v1.0,VALID,SYNTHETIC,hash_mkt_000597,True
598,INDEX_BPI,2024-04-29 00:00:00,2024-04-29 18:00:00,1785.4,POINTS,1,v1.0,VALID,SYNTHETIC,hash_mkt_000598,True
599,INDEX_BSI,2024-04-29 00:00:00,2024-04-29 18:00:00,1392.8,POINTS,1,v1.0,VALID,SYNTHETIC,hash_mkt_000599,True
600,INDEX_BHSI,2024-04-29 00:00:00,2024-04-29 18:00:00,877.1,POINTS,1,v1.0,VALID,SYNTHETIC,hash_mkt_000600,True
601,INDEX_BDI,2024-04-30 00:00:00,2024-04-30 18:00:00,1870.8,POINTS,1,v1.0,VALID,SYNTHETIC,hash_mkt_000601,True
602,INDEX_BCI,2024-04-30 00:00:00,2024-04-30 18:00:00,3217.4,POINTS,1,v1.0,VALID,SYNTHETIC,hash_mkt_000602,True
603,INDEX_BPI,2024-04-30 00:00:00,2024-04-30 18:00:00,1814.4,POINTS,1,v1.0,VALID,SYNTHETIC,hash_mkt_000603,True
604,INDEX_BSI,2024-04-30 00:00:00,2024-04-30 18:00:00,1378.5,POINTS,1,v1.0,VALID,SYNTHETIC,hash_mkt_000604,True
605,INDEX_BHSI,2024-04-30 00:00:00,2024-04-30 18:00:00,868.6,POINTS,1,v1.0,VALID,SYNTHETIC,hash_mkt_000605,True
606,INDEX_BDI,2024-05-01 00:00:00,2024-05-01 18:00:00,1888.8,POINTS,1,v1.0,VALID,SYNTHETIC,hash_mkt_000606,True
607,INDEX_BCI,2024-05-01 00:00:00,2024-05-01 18:00:00,3182.5,POINTS,1,v1.0,VALID,SYNTHETIC,hash_mkt_000607,True
608,INDEX_BPI,2024-05-01 00:00:00,2024-05-01 18:00:00,1829.3,POINTS,1,v1.0,VALID,SYNTHETIC,hash_mkt_000608,True
609,INDEX_BSI,2024-05-01 00:00:00,2024-05-01 18:00:00,1410.0,POINTS,1,v1.0,VALID,SYNTHETIC,hash_mkt_000609,True
610,INDEX_BHSI,2024-05-01 00:00:00,2024-05-01 18:00:00,891.5,POINTS,1,v1.0,VALID,SYNTHETIC,hash_mkt_000610,True
611,INDEX_BDI,2024-05-02 00:00:00,2024-05-02 18:00:00,1912.9,POINTS,1,v1.0,VALID,SYNTHETIC,hash_mkt_000611,True
612,INDEX_BCI,2024-05-02 00:00:00,2024-05-02 18:00:00,3227.5,POINTS,1,v1.0,VALID,SYNTHETIC,hash_mkt_000612,True
613,INDEX_BPI,2024-05-02 00:00:00,2024-05-02 18:00:00,1837.8,POINTS,1,v1.0,VALID,SYNTHETIC,hash_mkt_000613,True
614,INDEX_BSI,2024-05-02 00:00:00,2024-05-02 18:00:00,1429.5,POINTS,1,v1.0,VALID,SYNTHETIC,hash_mkt_000614,True
615,INDEX_BHSI,2024-05-02 00:00:00,2024-05-02 18:00:00,885.4,POINTS,1,v1.0,VALID,SYNTHETIC,hash_mkt_000615,True
616,INDEX_BDI,2024-05-03 00:00:00,2024-05-03 18:00:00,1892.0,POINTS,1,v1.0,VALID,SYNTHETIC,hash_mkt_000616,True
617,INDEX_BCI,2024-05-03 00:00:00,2024-05-03 18:00:00,3220.7,POINTS,1,v1.0,VALID,SYNTHETIC,hash_mkt_000617,True
618,INDEX_BPI,2024-05-03 00:00:00,2024-05-03 18:00:00,1879.9,POINTS,1,v1.0,VALID,SYNTHETIC,hash_mkt_000618,True
619,INDEX_BSI,2024-05-03 00:00:00,2024-05-03 18:00:00,1419.6,POINTS,1,v1.0,VALID,SYNTHETIC,hash_mkt_000619,True
620,INDEX_BHSI,2024-05-03 00:00:00,2024-05-03 18:00:00,894.0,POINTS,1,v1.0,VALID,SYNTHETIC,hash_mkt_000620,True
621,INDEX_BDI,2024-05-04 00:00:00,2024-05-04 18:00:00,1920.4,POINTS,1,v1.0,VALID,SYNTHETIC,hash_mkt_000621,True
622,INDEX_BCI,2024-05-04 00:00:00,2024-05-04 18:00:00,3384.5,POINTS,1,v1.0,VALID,SYNTHETIC,hash_mkt_000622,True
623,INDEX_BPI,2024-05-04 00:00:00,2024-05-04 18:00:00,1856.3,POINTS,1,v1.0,VALID,SYNTHETIC,hash_mkt_000623,True
624,INDEX_BSI,2024-05-04 00:00:00,2024-05-04 18:00:00,1445.2,POINTS,1,v1.0,VALID,SYNTHETIC,hash_mkt_000624,True
625,INDEX_BHSI,2024-05-04 00:00:00,2024-05-04 18:00:00,894.4,POINTS,1,v1.0,VALID,SYNTHETIC,hash_mkt_000625,True
626,INDEX_BDI,2024-05-05 00:00:00,2024-05-05 18:00:00,1977.8,POINTS,1,v1.0,VALID,SYNTHETIC,hash_mkt_000626,True
627,INDEX_BCI,2024-05-05 00:00:00,2024-05-05 18:00:00,3303.3,POINTS,1,v1.0,VALID,SYNTHETIC,hash_mkt_000627,True
628,INDEX_BPI,2024-05-05 00:00:00,2024-05-05 18:00:00,1858.7,POINTS,1,v1.0,VALID,SYNTHETIC,hash_mkt_000628,True
629,INDEX_BSI,2024-05-05 00:00:00,2024-05-05 18:00:00,1442.7,POINTS,1,v1.0,VALID,SYNTHETIC,hash_mkt_000629,True
630,INDEX_BHSI,2024-05-05 00:00:00,2024-05-05 18:00:00,902.1,POINTS,1,v1.0,VALID,SYNTHETIC,hash_mkt_000630,True
631,INDEX_BDI,2024-05-06 00:00:00,2024-05-06 18:00:00,1959.8,POINTS,1,v1.0,VALID,SYNTHETIC,hash_mkt_000631,True
632,INDEX_BCI,2024-05-06 00:00:00,2024-05-06 18:00:00,3345.6,POINTS,1,v1.0,VALID,SYNTHETIC,hash_mkt_000632,True
633,INDEX_BPI,2024-05-06 00:00:00,2024-05-06 18:00:00,1930.5,POINTS,1,v1.0,VALID,SYNTHETIC,hash_mkt_000633,True
634,INDEX_BSI,2024-05-06 00:00:00,2024-05-06 18:00:00,1454.3,POINTS,1,v1.0,VALID,SYNTHETIC,hash_mkt_000634,True
635,INDEX_BHSI,2024-05-06 00:00:00,2024-05-06 18:00:00,916.7,POINTS,1,v1.0,VALID,SYNTHETIC,hash_mkt_000635,True
636,INDEX_BDI,2024-05-07 00:00:00,2024-05-07 18:00:00,2005.0,POINTS,1,v1.0,VALID,SYNTHETIC,hash_mkt_000636,True
637,INDEX_BCI,2024-05-07 00:00:00,2024-05-07 18:00:00,3383.0,POINTS,1,v1.0,VALID,SYNTHETIC,hash_mkt_000637,True
638,INDEX_BPI,2024-05-07 00:00:00,2024-05-07 18:00:00,1883.3,POINTS,1,v1.0,VALID,SYNTHETIC,hash_mkt_000638,True
639,INDEX_BSI,2024-05-07 00:00:00,2024-05-07 18:00:00,1466.9,POINTS,1,v1.0,VALID,SYNTHETIC,hash_mkt_000639,True
640,INDEX_BHSI,2024-05-07 00:00:00,2024-05-07 18:00:00,917.7,POINTS,1,v1.0,VALID,SYNTHETIC,hash_mkt_000640,True
641,INDEX_BDI,2024-05-08 00:00:00,2024-05-08 18:00:00,2017.0,POINTS,1,v1.0,VALID,SYNTHETIC,hash_mkt_000641,True
642,INDEX_BCI,2024-05-08 00:00:00,2024-05-08 18:00:00,3345.6,POINTS,1,v1.0,VALID,SYNTHETIC,hash_mkt_000642,True
643,INDEX_BPI,2024-05-08 00:00:00,2024-05-08 18:00:00,1888.2,POINTS,1,v1.0,VALID,SYNTHETIC,hash_mkt_000643,True
644,INDEX_BSI,2024-05-08 00:00:00,2024-05-08 18:00:00,1488.7,POINTS,1,v1.0,VALID,SYNTHETIC,hash_mkt_000644,True
645,INDEX_BHSI,2024-05-08 00:00:00,2024-05-08 18:00:00,923.9,POINTS,1,v1.0,VALID,SYNTHETIC,hash_mkt_000645,True
646,INDEX_BDI,2024-05-09 00:00:00,2024-05-09 18:00:00,1983.6,POINTS,1,v1.0,VALID,SYNTHETIC,hash_mkt_000646,True
647,INDEX_BCI,2024-05-09 00:00:00,2024-05-09 18:00:00,3426.3,POINTS,1,v1.0,VALID,SYNTHETIC,hash_mkt_000647,True
648,INDEX_BPI,2024-05-09 00:00:00,2024-05-09 18:00:00,1919.6,POINTS,1,v1.0,VALID,SYNTHETIC,hash_mkt_000648,True
649,INDEX_BSI,2024-05-09 00:00:00,2024-05-09 18:00:00,1497.9,POINTS,1,v1.0,VALID,SYNTHETIC,hash_mkt_000649,True
650,INDEX_BHSI,2024-05-09 00:00:00,2024-05-09 18:00:00,937.3,POINTS,1,v1.0,VALID,SYNTHETIC,hash_mkt_000650,True
651,INDEX_BDI,2024-05-10 00:00:00,2024-05-10 18:00:00,2007.6,POINTS,1,v1.0,VALID,SYNTHETIC,hash_mkt_000651,True
652,INDEX_BCI,2024-05-10 00:00:00,2024-05-10 18:00:00,3282.4,POINTS,1,v1.0,VALID,SYNTHETIC,hash_mkt_000652,True
653,INDEX_BPI,2024-05-10 00:00:00,2024-05-10 18:00:00,1938.3,POINTS,1,v1.0,VALID,SYNTHETIC,hash_mkt_000653,True
654,INDEX_BSI,2024-05-10 00:00:00,2024-05-10 18:00:00,1493.0,POINTS,1,v1.0,VALID,SYNTHETIC,hash_mkt_000654,True
655,INDEX_BHSI,2024-05-10 00:00:00,2024-05-10 18:00:00,939.8,POINTS,1,v1.0,VALID,SYNTHETIC,hash_mkt_000655,True
656,INDEX_BDI,2024-05-11 00:00:00,2024-05-11 18:00:00,2025.9,POINTS,1,v1.0,VALID,SYNTHETIC,hash_mkt_000656,True
657,INDEX_BCI,2024-05-11 00:00:00,2024-05-11 18:00:00,3416.0,POINTS,1,v1.0,VALID,SYNTHETIC,hash_mkt_000657,True
658,INDEX_BPI,2024-05-11 00:00:00,2024-05-11 18:00:00,1957.5,POINTS,1,v1.0,VALID,SYNTHETIC,hash_mkt_000658,True
659,INDEX_BSI,2024-05-11 00:00:00,2024-05-11 18:00:00,1511.3,POINTS,1,v1.0,VALID,SYNTHETIC,hash_mkt_000659,True
660,INDEX_BHSI,2024-05-11 00:00:00,2024-05-11 18:00:00,951.7,POINTS,1,v1.0,VALID,SYNTHETIC,hash_mkt_000660,True
661,INDEX_BDI,2024-05-12 00:00:00,2024-05-12 18:00:00,2033.4,POINTS,1,v1.0,VALID,SYNTHETIC,hash_mkt_000661,True
662,INDEX_BCI,2024-05-12 00:00:00,2024-05-12 18:00:00,3346.5,POINTS,1,v1.0,VALID,SYNTHETIC,hash_mkt_000662,True
663,INDEX_BPI,2024-05-12 00:00:00,2024-05-12 18:00:00,1956.7,POINTS,1,v1.0,VALID,SYNTHETIC,hash_mkt_000663,True
664,INDEX_BSI,2024-05-12 00:00:00,2024-05-12 18:00:00,1502.3,POINTS,1,v1.0,VALID,SYNTHETIC,hash_mkt_000664,True
665,INDEX_BHSI,2024-05-12 00:00:00,2024-05-12 18:00:00,954.1,POINTS,1,v1.0,VALID,SYNTHETIC,hash_mkt_000665,True
666,INDEX_BDI,2024-05-13 00:00:00,2024-05-13 18:00:00,1979.0,POINTS,1,v1.0,VALID,SYNTHETIC,hash_mkt_000666,True
667,INDEX_BCI,2024-05-13 00:00:00,2024-05-13 18:00:00,3317.9,POINTS,1,v1.0,VALID,SYNTHETIC,hash_mkt_000667,True
668,INDEX_BPI,2024-05-13 00:00:00,2024-05-13 18:00:00,1946.2,POINTS,1,v1.0,VALID,SYNTHETIC,hash_mkt_000668,True
669,INDEX_BSI,2024-05-13 00:00:00,2024-05-13 18:00:00,1517.0,POINTS,1,v1.0,VALID,SYNTHETIC,hash_mkt_000669,True
670,INDEX_BHSI,2024-05-13 00:00:00,2024-05-13 18:00:00,946.7,POINTS,1,v1.0,VALID,SYNTHETIC,hash_mkt_000670,True
671,INDEX_BDI,2024-05-14 00:00:00,2024-05-14 18:00:00,2052.9,POINTS,1,v1.0,VALID,SYNTHETIC,hash_mkt_000671,True
672,INDEX_BCI,2024-05-14 00:00:00,2024-05-14 18:00:00,3333.4,POINTS,1,v1.0,VALID,SYNTHETIC,hash_mkt_000672,True
673,INDEX_BPI,2024-05-14 00:00:00,2024-05-14 18:00:00,1971.7,POINTS,1,v1.0,VALID,SYNTHETIC,hash_mkt_000673,True
674,INDEX_BSI,2024-05-14 00:00:00,2024-05-14 18:00:00,1544.4,POINTS,1,v1.0,VALID,SYNTHETIC,hash_mkt_000674,True
675,INDEX_BHSI,2024-05-14 00:00:00,2024-05-14 18:00:00,972.4,POINTS,1,v1.0,VALID,SYNTHETIC,hash_mkt_000675,True
676,INDEX_BDI,2024-05-15 00:00:00,2024-05-15 18:00:00,2049.0,POINTS,1,v1.0,VALID,SYNTHETIC,hash_mkt_000676,True
677,INDEX_BCI,2024-05-15 00:00:00,2024-05-15 18:00:00,3375.9,POINTS,1,v1.0,VALID,SYNTHETIC,hash_mkt_000677,True
678,INDEX_BPI,2024-05-15 00:00:00,2024-05-15 18:00:00,1961.6,POINTS,1,v1.0,VALID,SYNTHETIC,hash_mkt_000678,True
679,INDEX_BSI,2024-05-15 00:00:00,2024-05-15 18:00:00,1539.9,POINTS,1,v1.0,VALID,SYNTHETIC,hash_mkt_000679,True
680,INDEX_BHSI,2024-05-15 00:00:00,2024-05-15 18:00:00,948.1,POINTS,1,v1.0,VALID,SYNTHETIC,hash_mkt_000680,True
681,INDEX_BDI,2024-05-16 00:00:00,2024-05-16 18:00:00,2047.9,POINTS,1,v1.0,VALID,SYNTHETIC,hash_mkt_000681,True
682,INDEX_BCI,2024-05-16 00:00:00,2024-05-16 18:00:00,3314.1,POINTS,1,v1.0,VALID,SYNTHETIC,hash_mkt_000682,True
683,INDEX_BPI,2024-05-16 00:00:00,2024-05-16 18:00:00,1984.4,POINTS,1,v1.0,VALID,SYNTHETIC,hash_mkt_000683,True
684,INDEX_BSI,2024-05-16 00:00:00,2024-05-16 18:00:00,1550.0,POINTS,1,v1.0,VALID,SYNTHETIC,hash_mkt_000684,True
685,INDEX_BHSI,2024-05-16 00:00:00,2024-05-16 18:00:00,962.7,POINTS,1,v1.0,VALID,SYNTHETIC,hash_mkt_000685,True
686,INDEX_BDI,2024-05-17 00:00:00,2024-05-17 18:00:00,2063.1,POINTS,1,v1.0,VALID,SYNTHETIC,hash_mkt_000686,True
687,INDEX_BCI,2024-05-17 00:00:00,2024-05-17 18:00:00,3382.4,POINTS,1,v1.0,VALID,SYNTHETIC,hash_mkt_000687,True
688,INDEX_BPI,2024-05-17 00:00:00,2024-05-17 18:00:00,1957.6,POINTS,1,v1.0,VALID,SYNTHETIC,hash_mkt_000688,True
689,INDEX_BSI,2024-05-17 00:00:00,2024-05-17 18:00:00,1524.8,POINTS,1,v1.0,VALID,SYNTHETIC,hash_mkt_000689,True
690,INDEX_BHSI,2024-05-17 00:00:00,2024-05-17 18:00:00,946.5,POINTS,1,v1.0,VALID,SYNTHETIC,hash_mkt_000690,True
691,INDEX_BDI,2024-05-18 00:00:00,2024-05-18 18:00:00,2046.6,POINTS,1,v1.0,VALID,SYNTHETIC,hash_mkt_000691,True
692,INDEX_BCI,2024-05-18 00:00:00,2024-05-18 18:00:00,3376.4,POINTS,1,v1.0,VALID,SYNTHETIC,hash_mkt_000692,True
693,INDEX_BPI,2024-05-18 00:00:00,2024-05-18 18:00:00,1978.8,POINTS,1,v1.0,VALID,SYNTHETIC,hash_mkt_000693,True
694,INDEX_BSI,2024-05-18 00:00:00,2024-05-18 18:00:00,1512.8,POINTS,1,v1.0,VALID,SYNTHETIC,hash_mkt_000694,True
695,INDEX_BHSI,2024-05-18 00:00:00,2024-05-18 18:00:00,967.4,POINTS,1,v1.0,VALID,SYNTHETIC,hash_mkt_000695,True
696,INDEX_BDI,2024-05-19 00:00:00,2024-05-19 18:00:00,2057.3,POINTS,1,v1.0,VALID,SYNTHETIC,hash_mkt_000696,True
697,INDEX_BCI,2024-05-19 00:00:00,2024-05-19 18:00:00,3313.3,POINTS,1,v1.0,VALID,SYNTHETIC,hash_mkt_000697,True
698,INDEX_BPI,2024-05-19 00:00:00,2024-05-19 18:00:00,1968.2,POINTS,1,v1.0,VALID,SYNTHETIC,hash_mkt_000698,True
699,INDEX_BSI,2024-05-19 00:00:00,2024-05-19 18:00:00,1516.7,POINTS,1,v1.0,VALID,SYNTHETIC,hash_mkt_000699,True
700,INDEX_BHSI,2024-05-19 00:00:00,2024-05-19 18:00:00,970.7,POINTS,1,v1.0,VALID,SYNTHETIC,hash_mkt_000700,True
701,INDEX_BDI,2024-05-20 00:00:00,2024-05-20 18:00:00,2055.8,POINTS,1,v1.0,VALID,SYNTHETIC,hash_mkt_000701,True
702,INDEX_BCI,2024-05-20 00:00:00,2024-05-20 18:00:00,3272.8,POINTS,1,v1.0,VALID,SYNTHETIC,hash_mkt_000702,True
703,INDEX_BPI,2024-05-20 00:00:00,2024-05-20 18:00:00,1969.3,POINTS,1,v1.0,VALID,SYNTHETIC,hash_mkt_000703,True
704,INDEX_BSI,2024-05-20 00:00:00,2024-05-20 18:00:00,1530.8,POINTS,1,v1.0,VALID,SYNTHETIC,hash_mkt_000704,True
705,INDEX_BHSI,2024-05-20 00:00:00,2024-05-20 18:00:00,965.5,POINTS,1,v1.0,VALID,SYNTHETIC,hash_mkt_000705,True
706,INDEX_BDI,2024-05-21 00:00:00,2024-05-21 18:00:00,2022.1,POINTS,1,v1.0,VALID,SYNTHETIC,hash_mkt_000706,True
707,INDEX_BCI,2024-05-21 00:00:00,2024-05-21 18:00:00,3343.6,POINTS,1,v1.0,VALID,SYNTHETIC,hash_mkt_000707,True
708,INDEX_BPI,2024-05-21 00:00:00,2024-05-21 18:00:00,1938.0,POINTS,1,v1.0,VALID,SYNTHETIC,hash_mkt_000708,True
709,INDEX_BSI,2024-05-21 00:00:00,2024-05-21 18:00:00,1519.8,POINTS,1,v1.0,VALID,SYNTHETIC,hash_mkt_000709,True
710,INDEX_BHSI,2024-05-21 00:00:00,2024-05-21 18:00:00,925.8,POINTS,1,v1.0,VALID,SYNTHETIC,hash_mkt_000710,True
711,INDEX_BDI,2024-05-22 00:00:00,2024-05-22 18:00:00,2051.7,POINTS,1,v1.0,VALID,SYNTHETIC,hash_mkt_000711,True
712,INDEX_BCI,2024-05-22 00:00:00,2024-05-22 18:00:00,3334.6,POINTS,1,v1.0,VALID,SYNTHETIC,hash_mkt_000712,True
713,INDEX_BPI,2024-05-22 00:00:00,2024-05-22 18:00:00,1964.3,POINTS,1,v1.0,VALID,SYNTHETIC,hash_mkt_000713,True
714,INDEX_BSI,2024-05-22 00:00:00,2024-05-22 18:00:00,1533.2,POINTS,1,v1.0,VALID,SYNTHETIC,hash_mkt_000714,True
715,INDEX_BHSI,2024-05-22 00:00:00,2024-05-22 18:00:00,935.0,POINTS,1,v1.0,VALID,SYNTHETIC,hash_mkt_000715,True
716,INDEX_BDI,2024-05-23 00:00:00,2024-05-23 18:00:00,1983.6,POINTS,1,v1.0,VALID,SYNTHETIC,hash_mkt_000716,True
717,INDEX_BCI,2024-05-23 00:00:00,2024-05-23 18:00:00,3311.9,POINTS,1,v1.0,VALID,SYNTHETIC,hash_mkt_000717,True
718,INDEX_BPI,2024-05-23 00:00:00,2024-05-23 18:00:00,1923.1,POINTS,1,v1.0,VALID,SYNTHETIC,hash_mkt_000718,True
719,INDEX_BSI,2024-05-23 00:00:00,2024-05-23 18:00:00,1499.9,POINTS,1,v1.0,VALID,SYNTHETIC,hash_mkt_000719,True
720,INDEX_BHSI,2024-05-23 00:00:00,2024-05-23 18:00:00,955.0,POINTS,1,v1.0,VALID,SYNTHETIC,hash_mkt_000720,True
721,INDEX_BDI,2024-05-24 00:00:00,2024-05-24 18:00:00,2006.4,POINTS,1,v1.0,VALID,SYNTHETIC,hash_mkt_000721,True
722,INDEX_BCI,2024-05-24 00:00:00,2024-05-24 18:00:00,3218.0,POINTS,1,v1.0,VALID,SYNTHETIC,hash_mkt_000722,True
723,INDEX_BPI,2024-05-24 00:00:00,2024-05-24 18:00:00,1899.1,POINTS,1,v1.0,VALID,SYNTHETIC,hash_mkt_000723,True
724,INDEX_BSI,2024-05-24 00:00:00,2024-05-24 18:00:00,1493.2,POINTS,1,v1.0,VALID,SYNTHETIC,hash_mkt_000724,True
725,INDEX_BHSI,2024-05-24 00:00:00,2024-05-24 18:00:00,938.2,POINTS,1,v1.0,VALID,SYNTHETIC,hash_mkt_000725,True
726,INDEX_BDI,2024-05-25 00:00:00,2024-05-25 18:00:00,1979.9,POINTS,1,v1.0,VALID,SYNTHETIC,hash_mkt_000726,True
727,INDEX_BCI,2024-05-25 00:00:00,2024-05-25 18:00:00,3249.9,POINTS,1,v1.0,VALID,SYNTHETIC,hash_mkt_000727,True
728,INDEX_BPI,2024-05-25 00:00:00,2024-05-25 18:00:00,1897.2,POINTS,1,v1.0,VALID,SYNTHETIC,hash_mkt_000728,True
729,INDEX_BSI,2024-05-25 00:00:00,2024-05-25 18:00:00,1481.2,POINTS,1,v1.0,VALID,SYNTHETIC,hash_mkt_000729,True
730,INDEX_BHSI,2024-05-25 00:00:00,2024-05-25 18:00:00,941.3,POINTS,1,v1.0,VALID,SYNTHETIC,hash_mkt_000730,True
731,INDEX_BDI,2024-05-26 00:00:00,2024-05-26 18:00:00,1981.0,POINTS,1,v1.0,VALID,SYNTHETIC,hash_mkt_000731,True
732,INDEX_BCI,2024-05-26 00:00:00,2024-05-26 18:00:00,3271.3,POINTS,1,v1.0,VALID,SYNTHETIC,hash_mkt_000732,True
733,INDEX_BPI,2024-05-26 00:00:00,2024-05-26 18:00:00,1937.5,POINTS,1,v1.0,VALID,SYNTHETIC,hash_mkt_000733,True
734,INDEX_BSI,2024-05-26 00:00:00,2024-05-26 18:00:00,1519.3,POINTS,1,v1.0,VALID,SYNTHETIC,hash_mkt_000734,True
735,INDEX_BHSI,2024-05-26 00:00:00,2024-05-26 18:00:00,955.3,POINTS,1,v1.0,VALID,SYNTHETIC,hash_mkt_000735,True
736,INDEX_BDI,2024-05-27 00:00:00,2024-05-27 18:00:00,1965.5,POINTS,1,v1.0,VALID,SYNTHETIC,hash_mkt_000736,True
737,INDEX_BCI,2024-05-27 00:00:00,2024-05-27 18:00:00,3257.7,POINTS,1,v1.0,VALID,SYNTHETIC,hash_mkt_000737,True
738,INDEX_BPI,2024-05-27 00:00:00,2024-05-27 18:00:00,1917.8,POINTS,1,v1.0,VALID,SYNTHETIC,hash_mkt_000738,True
739,INDEX_BSI,2024-05-27 00:00:00,2024-05-27 18:00:00,1474.7,POINTS,1,v1.0,VALID,SYNTHETIC,hash_mkt_000739,True
740,INDEX_BHSI,2024-05-27 00:00:00,2024-05-27 18:00:00,908.9,POINTS,1,v1.0,VALID,SYNTHETIC,hash_mkt_000740,True
741,INDEX_BDI,2024-05-28 00:00:00,2024-05-28 18:00:00,1950.8,POINTS,1,v1.0,VALID,SYNTHETIC,hash_mkt_000741,True
742,INDEX_BCI,2024-05-28 00:00:00,2024-05-28 18:00:00,3213.6,POINTS,1,v1.0,VALID,SYNTHETIC,hash_mkt_000742,True
743,INDEX_BPI,2024-05-28 00:00:00,2024-05-28 18:00:00,1886.8,POINTS,1,v1.0,VALID,SYNTHETIC,hash_mkt_000743,True
744,INDEX_BSI,2024-05-28 00:00:00,2024-05-28 18:00:00,1453.5,POINTS,1,v1.0,VALID,SYNTHETIC,hash_mkt_000744,True
745,INDEX_BHSI,2024-05-28 00:00:00,2024-05-28 18:00:00,929.3,POINTS,1,v1.0,VALID,SYNTHETIC,hash_mkt_000745,True
746,INDEX_BDI,2024-05-29 00:00:00,2024-05-29 18:00:00,2009.0,POINTS,1,v1.0,VALID,SYNTHETIC,hash_mkt_000746,True
747,INDEX_BCI,2024-05-29 00:00:00,2024-05-29 18:00:00,3153.3,POINTS,1,v1.0,VALID,SYNTHETIC,hash_mkt_000747,True
748,INDEX_BPI,2024-05-29 00:00:00,2024-05-29 18:00:00,1877.5,POINTS,1,v1.0,VALID,SYNTHETIC,hash_mkt_000748,True
749,INDEX_BSI,2024-05-29 00:00:00,2024-05-29 18:00:00,1460.6,POINTS,1,v1.0,VALID,SYNTHETIC,hash_mkt_000749,True
750,INDEX_BHSI,2024-05-29 00:00:00,2024-05-29 18:00:00,919.2,POINTS,1,v1.0,VALID,SYNTHETIC,hash_mkt_000750,True
751,INDEX_BDI,2024-05-30 00:00:00,2024-05-30 18:00:00,1925.2,POINTS,1,v1.0,VALID,SYNTHETIC,hash_mkt_000751,True
752,INDEX_BCI,2024-05-30 00:00:00,2024-05-30 18:00:00,3070.2,POINTS,1,v1.0,VALID,SYNTHETIC,hash_mkt_000752,True
753,INDEX_BPI,2024-05-30 00:00:00,2024-05-30 18:00:00,1840.0,POINTS,1,v1.0,VALID,SYNTHETIC,hash_mkt_000753,True
754,INDEX_BSI,2024-05-30 00:00:00,2024-05-30 18:00:00,1438.3,POINTS,1,v1.0,VALID,SYNTHETIC,hash_mkt_000754,True
755,INDEX_BHSI,2024-05-30 00:00:00,2024-05-30 18:00:00,917.9,POINTS,1,v1.0,VALID,SYNTHETIC,hash_mkt_000755,True
756,INDEX_BDI,2024-05-31 00:00:00,2024-05-31 18:00:00,1978.8,POINTS,1,v1.0,VALID,SYNTHETIC,hash_mkt_000756,True
757,INDEX_BCI,2024-05-31 00:00:00,2024-05-31 18:00:00,3111.3,POINTS,1,v1.0,VALID,SYNTHETIC,hash_mkt_000757,True
758,INDEX_BPI,2024-05-31 00:00:00,2024-05-31 18:00:00,1911.4,POINTS,1,v1.0,VALID,SYNTHETIC,hash_mkt_000758,True
759,INDEX_BSI,2024-05-31 00:00:00,2024-05-31 18:00:00,1457.0,POINTS,1,v1.0,VALID,SYNTHETIC,hash_mkt_000759,True
760,INDEX_BHSI,2024-05-31 00:00:00,2024-05-31 18:00:00,890.6,POINTS,1,v1.0,VALID,SYNTHETIC,hash_mkt_000760,True
761,INDEX_BDI,2024-06-01 00:00:00,2024-06-01 18:00:00,1913.5,POINTS,1,v1.0,VALID,SYNTHETIC,hash_mkt_000761,True
762,INDEX_BCI,2024-06-01 00:00:00,2024-06-01 18:00:00,3145.8,POINTS,1,v1.0,VALID,SYNTHETIC,hash_mkt_000762,True
763,INDEX_BPI,2024-06-01 00:00:00,2024-06-01 18:00:00,1840.2,POINTS,1,v1.0,VALID,SYNTHETIC,hash_mkt_000763,True
764,INDEX_BSI,2024-06-01 00:00:00,2024-06-01 18:00:00,1442.8,POINTS,1,v1.0,VALID,SYNTHETIC,hash_mkt_000764,True
765,INDEX_BHSI,2024-06-01 00:00:00,2024-06-01 18:00:00,907.8,POINTS,1,v1.0,VALID,SYNTHETIC,hash_mkt_000765,True
766,INDEX_BDI,2024-06-02 00:00:00,2024-06-02 18:00:00,1905.3,POINTS,1,v1.0,VALID,SYNTHETIC,hash_mkt_000766,True
767,INDEX_BCI,2024-06-02 00:00:00,2024-06-02 18:00:00,3026.6,POINTS,1,v1.0,VALID,SYNTHETIC,hash_mkt_000767,True
768,INDEX_BPI,2024-06-02 00:00:00,2024-06-02 18:00:00,1852.0,POINTS,1,v1.0,VALID,SYNTHETIC,hash_mkt_000768,True
769,INDEX_BSI,2024-06-02 00:00:00,2024-06-02 18:00:00,1422.8,POINTS,1,v1.0,VALID,SYNTHETIC,hash_mkt_000769,True
770,INDEX_BHSI,2024-06-02 00:00:00,2024-06-02 18:00:00,889.2,POINTS,1,v1.0,VALID,SYNTHETIC,hash_mkt_000770,True
771,INDEX_BDI,2024-06-03 00:00:00,2024-06-03 18:00:00,1842.2,POINTS,1,v1.0,VALID,SYNTHETIC,hash_mkt_000771,True
772,INDEX_BCI,2024-06-03 00:00:00,2024-06-03 18:00:00,3040.8,POINTS,1,v1.0,VALID,SYNTHETIC,hash_mkt_000772,True
773,INDEX_BPI,2024-06-03 00:00:00,2024-06-03 18:00:00,1866.6,POINTS,1,v1.0,VALID,SYNTHETIC,hash_mkt_000773,True
774,INDEX_BSI,2024-06-03 00:00:00,2024-06-03 18:00:00,1406.9,POINTS,1,v1.0,VALID,SYNTHETIC,hash_mkt_000774,True
775,INDEX_BHSI,2024-06-03 00:00:00,2024-06-03 18:00:00,887.5,POINTS,1,v1.0,VALID,SYNTHETIC,hash_mkt_000775,True
776,INDEX_BDI,2024-06-04 00:00:00,2024-06-04 18:00:00,1853.8,POINTS,1,v1.0,VALID,SYNTHETIC,hash_mkt_000776,True
777,INDEX_BCI,2024-06-04 00:00:00,2024-06-04 18:00:00,2944.5,POINTS,1,v1.0,VALID,SYNTHETIC,hash_mkt_000777,True
778,INDEX_BPI,2024-06-04 00:00:00,2024-06-04 18:00:00,1799.4,POINTS,1,v1.0,VALID,SYNTHETIC,hash_mkt_000778,True
779,INDEX_BSI,2024-06-04 00:00:00,2024-06-04 18:00:00,1396.9,POINTS,1,v1.0,VALID,SYNTHETIC,hash_mkt_000779,True
780,INDEX_BHSI,2024-06-04 00:00:00,2024-06-04 18:00:00,883.7,POINTS,1,v1.0,VALID,SYNTHETIC,hash_mkt_000780,True
781,INDEX_BDI,2024-06-05 00:00:00,2024-06-05 18:00:00,1862.1,POINTS,1,v1.0,VALID,SYNTHETIC,hash_mkt_000781,True
782,INDEX_BCI,2024-06-05 00:00:00,2024-06-05 18:00:00,2970.4,POINTS,1,v1.0,VALID,SYNTHETIC,hash_mkt_000782,True
783,INDEX_BPI,2024-06-05 00:00:00,2024-06-05 18:00:00,1805.6,POINTS,1,v1.0,VALID,SYNTHETIC,hash_mkt_000783,True
784,INDEX_BSI,2024-06-05 00:00:00,2024-06-05 18:00:00,1384.5,POINTS,1,v1.0,VALID,SYNTHETIC,hash_mkt_000784,True
785,INDEX_BHSI,2024-06-05 00:00:00,2024-06-05 18:00:00,856.3,POINTS,1,v1.0,VALID,SYNTHETIC,hash_mkt_000785,True
786,INDEX_BDI,2024-06-06 00:00:00,2024-06-06 18:00:00,1874.2,POINTS,1,v1.0,VALID,SYNTHETIC,hash_mkt_000786,True
787,INDEX_BCI,2024-06-06 00:00:00,2024-06-06 18:00:00,2990.1,POINTS,1,v1.0,VALID,SYNTHETIC,hash_mkt_000787,True
788,INDEX_BPI,2024-06-06 00:00:00,2024-06-06 18:00:00,1784.4,POINTS,1,v1.0,VALID,SYNTHETIC,hash_mkt_000788,True
789,INDEX_BSI,2024-06-06 00:00:00,2024-06-06 18:00:00,1382.8,POINTS,1,v1.0,VALID,SYNTHETIC,hash_mkt_000789,True
790,INDEX_BHSI,2024-06-06 00:00:00,2024-06-06 18:00:00,854.7,POINTS,1,v1.0,VALID,SYNTHETIC,hash_mkt_000790,True
791,INDEX_BDI,2024-06-07 00:00:00,2024-06-07 18:00:00,1863.8,POINTS,1,v1.0,VALID,SYNTHETIC,hash_mkt_000791,True
792,INDEX_BCI,2024-06-07 00:00:00,2024-06-07 18:00:00,2997.3,POINTS,1,v1.0,VALID,SYNTHETIC,hash_mkt_000792,True
793,INDEX_BPI,2024-06-07 00:00:00,2024-06-07 18:00:00,1791.4,POINTS,1,v1.0,VALID,SYNTHETIC,hash_mkt_000793,True
794,INDEX_BSI,2024-06-07 00:00:00,2024-06-07 18:00:00,1398.9,POINTS,1,v1.0,VALID,SYNTHETIC,hash_mkt_000794,True
795,INDEX_BHSI,2024-06-07 00:00:00,2024-06-07 18:00:00,872.2,POINTS,1,v1.0,VALID,SYNTHETIC,hash_mkt_000795,True
796,INDEX_BDI,2024-06-08 00:00:00,2024-06-08 18:00:00,1834.0,POINTS,1,v1.0,VALID,SYNTHETIC,hash_mkt_000796,True
797,INDEX_BCI,2024-06-08 00:00:00,2024-06-08 18:00:00,2882.2,POINTS,1,v1.0,VALID,SYNTHETIC,hash_mkt_000797,True
798,INDEX_BPI,2024-06-08 00:00:00,2024-06-08 18:00:00,1777.2,POINTS,1,v1.0,VALID,SYNTHETIC,hash_mkt_000798,True
799,INDEX_BSI,2024-06-08 00:00:00,2024-06-08 18:00:00,1372.5,POINTS,1,v1.0,VALID,SYNTHETIC,hash_mkt_000799,True
800,INDEX_BHSI,2024-06-08 00:00:00,2024-06-08 18:00:00,878.3,POINTS,1,v1.0,VALID,SYNTHETIC,hash_mkt_000800,True
801,INDEX_BDI,2024-06-09 00:00:00,2024-06-09 18:00:00,1837.6,POINTS,1,v1.0,VALID,SYNTHETIC,hash_mkt_000801,True
802,INDEX_BCI,2024-06-09 00:00:00,2024-06-09 18:00:00,2866.0,POINTS,1,v1.0,VALID,SYNTHETIC,hash_mkt_000802,True
803,INDEX_BPI,2024-06-09 00:00:00,2024-06-09 18:00:00,1774.1,POINTS,1,v1.0,VALID,SYNTHETIC,hash_mkt_000803,True
804,INDEX_BSI,2024-06-09 00:00:00,2024-06-09 18:00:00,1388.3,POINTS,1,v1.0,VALID,SYNTHETIC,hash_mkt_000804,True
805,INDEX_BHSI,2024-06-09 00:00:00,2024-06-09 18:00:00,858.9,POINTS,1,v1.0,VALID,SYNTHETIC,hash_mkt_000805,True
806,INDEX_BDI,2024-06-10 00:00:00,2024-06-10 18:00:00,1829.9,POINTS,1,v1.0,VALID,SYNTHETIC,hash_mkt_000806,True
807,INDEX_BCI,2024-06-10 00:00:00,2024-06-10 18:00:00,2867.5,POINTS,1,v1.0,VALID,SYNTHETIC,hash_mkt_000807,True
808,INDEX_BPI,2024-06-10 00:00:00,2024-06-10 18:00:00,1764.0,POINTS,1,v1.0,VALID,SYNTHETIC,hash_mkt_000808,True
809,INDEX_BSI,2024-06-10 00:00:00,2024-06-10 18:00:00,1356.6,POINTS,1,v1.0,VALID,SYNTHETIC,hash_mkt_000809,True
810,INDEX_BHSI,2024-06-10 00:00:00,2024-06-10 18:00:00,856.8,POINTS,1,v1.0,VALID,SYNTHETIC,hash_mkt_000810,True
811,INDEX_BDI,2024-06-11 00:00:00,2024-06-11 18:00:00,1836.5,POINTS,1,v1.0,VALID,SYNTHETIC,hash_mkt_000811,True
812,INDEX_BCI,2024-06-11 00:00:00,2024-06-11 18:00:00,2874.4,POINTS,1,v1.0,VALID,SYNTHETIC,hash_mkt_000812,True
813,INDEX_BPI,2024-06-11 00:00:00,2024-06-11 18:00:00,1777.3,POINTS,1,v1.0,VALID,SYNTHETIC,hash_mkt_000813,True
814,INDEX_BSI,2024-06-11 00:00:00,2024-06-11 18:00:00,1368.6,POINTS,1,v1.0,VALID,SYNTHETIC,hash_mkt_000814,True
815,INDEX_BHSI,2024-06-11 00:00:00,2024-06-11 18:00:00,877.8,POINTS,1,v1.0,VALID,SYNTHETIC,hash_mkt_000815,True
816,INDEX_BDI,2024-06-12 00:00:00,2024-06-12 18:00:00,1877.2,POINTS,1,v1.0,VALID,SYNTHETIC,hash_mkt_000816,True
817,INDEX_BCI,2024-06-12 00:00:00,2024-06-12 18:00:00,2859.5,POINTS,1,v1.0,VALID,SYNTHETIC,hash_mkt_000817,True
818,INDEX_BPI,2024-06-12 00:00:00,2024-06-12 18:00:00,1767.8,POINTS,1,v1.0,VALID,SYNTHETIC,hash_mkt_000818,True
819,INDEX_BSI,2024-06-12 00:00:00,2024-06-12 18:00:00,1374.1,POINTS,1,v1.0,VALID,SYNTHETIC,hash_mkt_000819,True
820,INDEX_BHSI,2024-06-12 00:00:00,2024-06-12 18:00:00,860.7,POINTS,1,v1.0,VALID,SYNTHETIC,hash_mkt_000820,True
821,INDEX_BDI,2024-06-13 00:00:00,2024-06-13 18:00:00,1784.1,POINTS,1,v1.0,VALID,SYNTHETIC,hash_mkt_000821,True
822,INDEX_BCI,2024-06-13 00:00:00,2024-06-13 18:00:00,2914.0,POINTS,1,v1.0,VALID,SYNTHETIC,hash_mkt_000822,True
823,INDEX_BPI,2024-06-13 00:00:00,2024-06-13 18:00:00,1753.8,POINTS,1,v1.0,VALID,SYNTHETIC,hash_mkt_000823,True
824,INDEX_BSI,2024-06-13 00:00:00,2024-06-13 18:00:00,1385.3,POINTS,1,v1.0,VALID,SYNTHETIC,hash_mkt_000824,True
825,INDEX_BHSI,2024-06-13 00:00:00,2024-06-13 18:00:00,839.3,POINTS,1,v1.0,VALID,SYNTHETIC,hash_mkt_000825,True
826,INDEX_BDI,2024-06-14 00:00:00,2024-06-14 18:00:00,1808.4,POINTS,1,v1.0,VALID,SYNTHETIC,hash_mkt_000826,True
827,INDEX_BCI,2024-06-14 00:00:00,2024-06-14 18:00:00,2865.8,POINTS,1,v1.0,VALID,SYNTHETIC,hash_mkt_000827,True
828,INDEX_BPI,2024-06-14 00:00:00,2024-06-14 18:00:00,1750.0,POINTS,1,v1.0,VALID,SYNTHETIC,hash_mkt_000828,True
829,INDEX_BSI,2024-06-14 00:00:00,2024-06-14 18:00:00,1333.1,POINTS,1,v1.0,VALID,SYNTHETIC,hash_mkt_000829,True
830,INDEX_BHSI,2024-06-14 00:00:00,2024-06-14 18:00:00,845.5,POINTS,1,v1.0,VALID,SYNTHETIC,hash_mkt_000830,True
831,INDEX_BDI,2024-06-15 00:00:00,2024-06-15 18:00:00,1849.2,POINTS,1,v1.0,VALID,SYNTHETIC,hash_mkt_000831,True
832,INDEX_BCI,2024-06-15 00:00:00,2024-06-15 18:00:00,2890.3,POINTS,1,v1.0,VALID,SYNTHETIC,hash_mkt_000832,True
833,INDEX_BPI,2024-06-15 00:00:00,2024-06-15 18:00:00,1772.1,POINTS,1,v1.0,VALID,SYNTHETIC,hash_mkt_000833,True
834,INDEX_BSI,2024-06-15 00:00:00,2024-06-15 18:00:00,1355.7,POINTS,1,v1.0,VALID,SYNTHETIC,hash_mkt_000834,True
835,INDEX_BHSI,2024-06-15 00:00:00,2024-06-15 18:00:00,849.5,POINTS,1,v1.0,VALID,SYNTHETIC,hash_mkt_000835,True
836,INDEX_BDI,2024-06-16 00:00:00,2024-06-16 18:00:00,1808.4,POINTS,1,v1.0,VALID,SYNTHETIC,hash_mkt_000836,True
837,INDEX_BCI,2024-06-16 00:00:00,2024-06-16 18:00:00,2902.2,POINTS,1,v1.0,VALID,SYNTHETIC,hash_mkt_000837,True
838,INDEX_BPI,2024-06-16 00:00:00,2024-06-16 18:00:00,1744.9,POINTS,1,v1.0,VALID,SYNTHETIC,hash_mkt_000838,True
839,INDEX_BSI,2024-06-16 00:00:00,2024-06-16 18:00:00,1355.6,POINTS,1,v1.0,VALID,SYNTHETIC,hash_mkt_000839,True
840,INDEX_BHSI,2024-06-16 00:00:00,2024-06-16 18:00:00,848.3,POINTS,1,v1.0,VALID,SYNTHETIC,hash_mkt_000840,True
841,INDEX_BDI,2024-06-17 00:00:00,2024-06-17 18:00:00,1819.5,POINTS,1,v1.0,VALID,SYNTHETIC,hash_mkt_000841,True
842,INDEX_BCI,2024-06-17 00:00:00,2024-06-17 18:00:00,2814.4,POINTS,1,v1.0,VALID,SYNTHETIC,hash_mkt_000842,True
843,INDEX_BPI,2024-06-17 00:00:00,2024-06-17 18:00:00,1755.5,POINTS,1,v1.0,VALID,SYNTHETIC,hash_mkt_000843,True
844,INDEX_BSI,2024-06-17 00:00:00,2024-06-17 18:00:00,1362.7,POINTS,1,v1.0,VALID,SYNTHETIC,hash_mkt_000844,True
845,INDEX_BHSI,2024-06-17 00:00:00,2024-06-17 18:00:00,870.0,POINTS,1,v1.0,VALID,SYNTHETIC,hash_mkt_000845,True
846,INDEX_BDI,2024-06-18 00:00:00,2024-06-18 18:00:00,1841.0,POINTS,1,v1.0,VALID,SYNTHETIC,hash_mkt_000846,True
847,INDEX_BCI,2024-06-18 00:00:00,2024-06-18 18:00:00,2809.1,POINTS,1,v1.0,VALID,SYNTHETIC,hash_mkt_000847,True
848,INDEX_BPI,2024-06-18 00:00:00,2024-06-18 18:00:00,1768.8,POINTS,1,v1.0,VALID,SYNTHETIC,hash_mkt_000848,True
849,INDEX_BSI,2024-06-18 00:00:00,2024-06-18 18:00:00,1367.8,POINTS,1,v1.0,VALID,SYNTHETIC,hash_mkt_000849,True
850,INDEX_BHSI,2024-06-18 00:00:00,2024-06-18 18:00:00,851.7,POINTS,1,v1.0,VALID,SYNTHETIC,hash_mkt_000850,True
851,INDEX_BDI,2024-06-19 00:00:00,2024-06-19 18:00:00,1845.6,POINTS,1,v1.0,VALID,SYNTHETIC,hash_mkt_000851,True
852,INDEX_BCI,2024-06-19 00:00:00,2024-06-19 18:00:00,2858.8,POINTS,1,v1.0,VALID,SYNTHETIC,hash_mkt_000852,True
853,INDEX_BPI,2024-06-19 00:00:00,2024-06-19 18:00:00,1765.9,POINTS,1,v1.0,VALID,SYNTHETIC,hash_mkt_000853,True
854,INDEX_BSI,2024-06-19 00:00:00,2024-06-19 18:00:00,1352.5,POINTS,1,v1.0,VALID,SYNTHETIC,hash_mkt_000854,True
855,INDEX_BHSI,2024-06-19 00:00:00,2024-06-19 18:00:00,854.5,POINTS,1,v1.0,VALID,SYNTHETIC,hash_mkt_000855,True
856,INDEX_BDI,2024-06-20 00:00:00,2024-06-20 18:00:00,1822.5,POINTS,1,v1.0,VALID,SYNTHETIC,hash_mkt_000856,True
857,INDEX_BCI,2024-06-20 00:00:00,2024-06-20 18:00:00,2774.9,POINTS,1,v1.0,VALID,SYNTHETIC,hash_mkt_000857,True
858,INDEX_BPI,2024-06-20 00:00:00,2024-06-20 18:00:00,1797.1,POINTS,1,v1.0,VALID,SYNTHETIC,hash_mkt_000858,True
859,INDEX_BSI,2024-06-20 00:00:00,2024-06-20 18:00:00,1369.2,POINTS,1,v1.0,VALID,SYNTHETIC,hash_mkt_000859,True
860,INDEX_BHSI,2024-06-20 00:00:00,2024-06-20 18:00:00,879.3,POINTS,1,v1.0,VALID,SYNTHETIC,hash_mkt_000860,True
861,INDEX_BDI,2024-06-21 00:00:00,2024-06-21 18:00:00,1850.2,POINTS,1,v1.0,VALID,SYNTHETIC,hash_mkt_000861,True
862,INDEX_BCI,2024-06-21 00:00:00,2024-06-21 18:00:00,2855.6,POINTS,1,v1.0,VALID,SYNTHETIC,hash_mkt_000862,True
863,INDEX_BPI,2024-06-21 00:00:00,2024-06-21 18:00:00,1783.6,POINTS,1,v1.0,VALID,SYNTHETIC,hash_mkt_000863,True
864,INDEX_BSI,2024-06-21 00:00:00,2024-06-21 18:00:00,1375.7,POINTS,1,v1.0,VALID,SYNTHETIC,hash_mkt_000864,True
865,INDEX_BHSI,2024-06-21 00:00:00,2024-06-21 18:00:00,868.4,POINTS,1,v1.0,VALID,SYNTHETIC,hash_mkt_000865,True
866,INDEX_BDI,2024-06-22 00:00:00,2024-06-22 18:00:00,1811.1,POINTS,1,v1.0,VALID,SYNTHETIC,hash_mkt_000866,True
867,INDEX_BCI,2024-06-22 00:00:00,2024-06-22 18:00:00,2894.5,POINTS,1,v1.0,VALID,SYNTHETIC,hash_mkt_000867,True
868,INDEX_BPI,2024-06-22 00:00:00,2024-06-22 18:00:00,1787.3,POINTS,1,v1.0,VALID,SYNTHETIC,hash_mkt_000868,True
869,INDEX_BSI,2024-06-22 00:00:00,2024-06-22 18:00:00,1390.0,POINTS,1,v1.0,VALID,SYNTHETIC,hash_mkt_000869,True
870,INDEX_BHSI,2024-06-22 00:00:00,2024-06-22 18:00:00,848.0,POINTS,1,v1.0,VALID,SYNTHETIC,hash_mkt_000870,True
871,INDEX_BDI,2024-06-23 00:00:00,2024-06-23 18:00:00,1856.7,POINTS,1,v1.0,VALID,SYNTHETIC,hash_mkt_000871,True
872,INDEX_BCI,2024-06-23 00:00:00,2024-06-23 18:00:00,2795.0,POINTS,1,v1.0,VALID,SYNTHETIC,hash_mkt_000872,True
873,INDEX_BPI,2024-06-23 00:00:00,2024-06-23 18:00:00,1827.1,POINTS,1,v1.0,VALID,SYNTHETIC,hash_mkt_000873,True
874,INDEX_BSI,2024-06-23 00:00:00,2024-06-23 18:00:00,1386.4,POINTS,1,v1.0,VALID,SYNTHETIC,hash_mkt_000874,True
875,INDEX_BHSI,2024-06-23 00:00:00,2024-06-23 18:00:00,885.7,POINTS,1,v1.0,VALID,SYNTHETIC,hash_mkt_000875,True
876,INDEX_BDI,2024-06-24 00:00:00,2024-06-24 18:00:00,1884.8,POINTS,1,v1.0,VALID,SYNTHETIC,hash_mkt_000876,True
877,INDEX_BCI,2024-06-24 00:00:00,2024-06-24 18:00:00,2902.4,POINTS,1,v1.0,VALID,SYNTHETIC,hash_mkt_000877,True
878,INDEX_BPI,2024-06-24 00:00:00,2024-06-24 18:00:00,1813.6,POINTS,1,v1.0,VALID,SYNTHETIC,hash_mkt_000878,True
879,INDEX_BSI,2024-06-24 00:00:00,2024-06-24 18:00:00,1420.2,POINTS,1,v1.0,VALID,SYNTHETIC,hash_mkt_000879,True
880,INDEX_BHSI,2024-06-24 00:00:00,2024-06-24 18:00:00,878.5,POINTS,1,v1.0,VALID,SYNTHETIC,hash_mkt_000880,True
881,INDEX_BDI,2024-06-25 00:00:00,2024-06-25 18:00:00,1883.1,POINTS,1,v1.0,VALID,SYNTHETIC,hash_mkt_000881,True
882,INDEX_BCI,2024-06-25 00:00:00,2024-06-25 18:00:00,2897.5,POINTS,1,v1.0,VALID,SYNTHETIC,hash_mkt_000882,True
883,INDEX_BPI,2024-06-25 00:00:00,2024-06-25 18:00:00,1805.0,POINTS,1,v1.0,VALID,SYNTHETIC,hash_mkt_000883,True
884,INDEX_BSI,2024-06-25 00:00:00,2024-06-25 18:00:00,1414.3,POINTS,1,v1.0,VALID,SYNTHETIC,hash_mkt_000884,True
885,INDEX_BHSI,2024-06-25 00:00:00,2024-06-25 18:00:00,889.5,POINTS,1,v1.0,VALID,SYNTHETIC,hash_mkt_000885,True
886,INDEX_BDI,2024-06-26 00:00:00,2024-06-26 18:00:00,1898.9,POINTS,1,v1.0,VALID,SYNTHETIC,hash_mkt_000886,True
887,INDEX_BCI,2024-06-26 00:00:00,2024-06-26 18:00:00,2836.5,POINTS,1,v1.0,VALID,SYNTHETIC,hash_mkt_000887,True
888,INDEX_BPI,2024-06-26 00:00:00,2024-06-26 18:00:00,1821.5,POINTS,1,v1.0,VALID,SYNTHETIC,hash_mkt_000888,True
889,INDEX_BSI,2024-06-26 00:00:00,2024-06-26 18:00:00,1416.8,POINTS,1,v1.0,VALID,SYNTHETIC,hash_mkt_000889,True
890,INDEX_BHSI,2024-06-26 00:00:00,2024-06-26 18:00:00,886.8,POINTS,1,v1.0,VALID,SYNTHETIC,hash_mkt_000890,True
891,INDEX_BDI,2024-06-27 00:00:00,2024-06-27 18:00:00,1921.3,POINTS,1,v1.0,VALID,SYNTHETIC,hash_mkt_000891,True
892,INDEX_BCI,2024-06-27 00:00:00,2024-06-27 18:00:00,2878.7,POINTS,1,v1.0,VALID,SYNTHETIC,hash_mkt_000892,True
893,INDEX_BPI,2024-06-27 00:00:00,2024-06-27 18:00:00,1863.8,POINTS,1,v1.0,VALID,SYNTHETIC,hash_mkt_000893,True
894,INDEX_BSI,2024-06-27 00:00:00,2024-06-27 18:00:00,1436.9,POINTS,1,v1.0,VALID,SYNTHETIC,hash_mkt_000894,True
895,INDEX_BHSI,2024-06-27 00:00:00,2024-06-27 18:00:00,879.4,POINTS,1,v1.0,VALID,SYNTHETIC,hash_mkt_000895,True
896,INDEX_BDI,2024-06-28 00:00:00,2024-06-28 18:00:00,1929.0,POINTS,1,v1.0,VALID,SYNTHETIC,hash_mkt_000896,True
897,INDEX_BCI,2024-06-28 00:00:00,2024-06-28 18:00:00,2900.8,POINTS,1,v1.0,VALID,SYNTHETIC,hash_mkt_000897,True
898,INDEX_BPI,2024-06-28 00:00:00,2024-06-28 18:00:00,1831.8,POINTS,1,v1.0,VALID,SYNTHETIC,hash_mkt_000898,True
899,INDEX_BSI,2024-06-28 00:00:00,2024-06-28 18:00:00,1436.6,POINTS,1,v1.0,VALID,SYNTHETIC,hash_mkt_000899,True
900,INDEX_BHSI,2024-06-28 00:00:00,2024-06-28 18:00:00,888.0,POINTS,1,v1.0,VALID,SYNTHETIC,hash_mkt_000900,True
901,INDEX_BDI,2024-06-29 00:00:00,2024-06-29 18:00:00,1918.0,POINTS,1,v1.0,VALID,SYNTHETIC,hash_mkt_000901,True
902,INDEX_BCI,2024-06-29 00:00:00,2024-06-29 18:00:00,2971.1,POINTS,1,v1.0,VALID,SYNTHETIC,hash_mkt_000902,True
903,INDEX_BPI,2024-06-29 00:00:00,2024-06-29 18:00:00,1861.8,POINTS,1,v1.0,VALID,SYNTHETIC,hash_mkt_000903,True
904,INDEX_BSI,2024-06-29 00:00:00,2024-06-29 18:00:00,1467.0,POINTS,1,v1.0,VALID,SYNTHETIC,hash_mkt_000904,True
905,INDEX_BHSI,2024-06-29 00:00:00,2024-06-29 18:00:00,912.4,POINTS,1,v1.0,VALID,SYNTHETIC,hash_mkt_000905,True
906,INDEX_BDI,2024-06-30 00:00:00,2024-06-30 18:00:00,1928.3,POINTS,1,v1.0,VALID,SYNTHETIC,hash_mkt_000906,True
907,INDEX_BCI,2024-06-30 00:00:00,2024-06-30 18:00:00,2957.5,POINTS,1,v1.0,VALID,SYNTHETIC,hash_mkt_000907,True
908,INDEX_BPI,2024-06-30 00:00:00,2024-06-30 18:00:00,1885.4,POINTS,1,v1.0,VALID,SYNTHETIC,hash_mkt_000908,True
909,INDEX_BSI,2024-06-30 00:00:00,2024-06-30 18:00:00,1476.6,POINTS,1,v1.0,VALID,SYNTHETIC,hash_mkt_000909,True
910,INDEX_BHSI,2024-06-30 00:00:00,2024-06-30 18:00:00,900.7,POINTS,1,v1.0,VALID,SYNTHETIC,hash_mkt_000910,True
911,INDEX_BDI,2024-07-01 00:00:00,2024-07-01 18:00:00,1948.5,POINTS,1,v1.0,VALID,SYNTHETIC,hash_mkt_000911,True
912,INDEX_BCI,2024-07-01 00:00:00,2024-07-01 18:00:00,2902.2,POINTS,1,v1.0,VALID,SYNTHETIC,hash_mkt_000912,True
913,INDEX_BPI,2024-07-01 00:00:00,2024-07-01 18:00:00,1898.4,POINTS,1,v1.0,VALID,SYNTHETIC,hash_mkt_000913,True
914,INDEX_BSI,2024-07-01 00:00:00,2024-07-01 18:00:00,1479.6,POINTS,1,v1.0,VALID,SYNTHETIC,hash_mkt_000914,True
915,INDEX_BHSI,2024-07-01 00:00:00,2024-07-01 18:00:00,907.5,POINTS,1,v1.0,VALID,SYNTHETIC,hash_mkt_000915,True
916,INDEX_BDI,2024-07-02 00:00:00,2024-07-02 18:00:00,1964.5,POINTS,1,v1.0,VALID,SYNTHETIC,hash_mkt_000916,True
917,INDEX_BCI,2024-07-02 00:00:00,2024-07-02 18:00:00,2909.9,POINTS,1,v1.0,VALID,SYNTHETIC,hash_mkt_000917,True
918,INDEX_BPI,2024-07-02 00:00:00,2024-07-02 18:00:00,1938.5,POINTS,1,v1.0,VALID,SYNTHETIC,hash_mkt_000918,True
919,INDEX_BSI,2024-07-02 00:00:00,2024-07-02 18:00:00,1474.2,POINTS,1,v1.0,VALID,SYNTHETIC,hash_mkt_000919,True
920,INDEX_BHSI,2024-07-02 00:00:00,2024-07-02 18:00:00,914.8,POINTS,1,v1.0,VALID,SYNTHETIC,hash_mkt_000920,True
921,INDEX_BDI,2024-07-03 00:00:00,2024-07-03 18:00:00,1958.4,POINTS,1,v1.0,VALID,SYNTHETIC,hash_mkt_000921,True
922,INDEX_BCI,2024-07-03 00:00:00,2024-07-03 18:00:00,2945.0,POINTS,1,v1.0,VALID,SYNTHETIC,hash_mkt_000922,True
923,INDEX_BPI,2024-07-03 00:00:00,2024-07-03 18:00:00,1909.5,POINTS,1,v1.0,VALID,SYNTHETIC,hash_mkt_000923,True
924,INDEX_BSI,2024-07-03 00:00:00,2024-07-03 18:00:00,1506.4,POINTS,1,v1.0,VALID,SYNTHETIC,hash_mkt_000924,True
925,INDEX_BHSI,2024-07-03 00:00:00,2024-07-03 18:00:00,924.9,POINTS,1,v1.0,VALID,SYNTHETIC,hash_mkt_000925,True
926,INDEX_BDI,2024-07-04 00:00:00,2024-07-04 18:00:00,1977.4,POINTS,1,v1.0,VALID,SYNTHETIC,hash_mkt_000926,True
927,INDEX_BCI,2024-07-04 00:00:00,2024-07-04 18:00:00,2968.5,POINTS,1,v1.0,VALID,SYNTHETIC,hash_mkt_000927,True
928,INDEX_BPI,2024-07-04 00:00:00,2024-07-04 18:00:00,1916.4,POINTS,1,v1.0,VALID,SYNTHETIC,hash_mkt_000928,True
929,INDEX_BSI,2024-07-04 00:00:00,2024-07-04 18:00:00,1521.0,POINTS,1,v1.0,VALID,SYNTHETIC,hash_mkt_000929,True
930,INDEX_BHSI,2024-07-04 00:00:00,2024-07-04 18:00:00,937.0,POINTS,1,v1.0,VALID,SYNTHETIC,hash_mkt_000930,True
931,INDEX_BDI,2024-07-05 00:00:00,2024-07-05 18:00:00,2007.6,POINTS,1,v1.0,VALID,SYNTHETIC,hash_mkt_000931,True
932,INDEX_BCI,2024-07-05 00:00:00,2024-07-05 18:00:00,2940.9,POINTS,1,v1.0,VALID,SYNTHETIC,hash_mkt_000932,True
933,INDEX_BPI,2024-07-05 00:00:00,2024-07-05 18:00:00,1949.8,POINTS,1,v1.0,VALID,SYNTHETIC,hash_mkt_000933,True
934,INDEX_BSI,2024-07-05 00:00:00,2024-07-05 18:00:00,1510.2,POINTS,1,v1.0,VALID,SYNTHETIC,hash_mkt_000934,True
935,INDEX_BHSI,2024-07-05 00:00:00,2024-07-05 18:00:00,929.0,POINTS,1,v1.0,VALID,SYNTHETIC,hash_mkt_000935,True
936,INDEX_BDI,2024-07-06 00:00:00,2024-07-06 18:00:00,1988.9,POINTS,1,v1.0,VALID,SYNTHETIC,hash_mkt_000936,True
937,INDEX_BCI,2024-07-06 00:00:00,2024-07-06 18:00:00,2960.1,POINTS,1,v1.0,VALID,SYNTHETIC,hash_mkt_000937,True
938,INDEX_BPI,2024-07-06 00:00:00,2024-07-06 18:00:00,1927.2,POINTS,1,v1.0,VALID,SYNTHETIC,hash_mkt_000938,True
939,INDEX_BSI,2024-07-06 00:00:00,2024-07-06 18:00:00,1534.4,POINTS,1,v1.0,VALID,SYNTHETIC,hash_mkt_000939,True
940,INDEX_BHSI,2024-07-06 00:00:00,2024-07-06 18:00:00,944.3,POINTS,1,v1.0,VALID,SYNTHETIC,hash_mkt_000940,True
941,INDEX_BDI,2024-07-07 00:00:00,2024-07-07 18:00:00,2000.6,POINTS,1,v1.0,VALID,SYNTHETIC,hash_mkt_000941,True
942,INDEX_BCI,2024-07-07 00:00:00,2024-07-07 18:00:00,2869.0,POINTS,1,v1.0,VALID,SYNTHETIC,hash_mkt_000942,True
943,INDEX_BPI,2024-07-07 00:00:00,2024-07-07 18:00:00,1910.3,POINTS,1,v1.0,VALID,SYNTHETIC,hash_mkt_000943,True
944,INDEX_BSI,2024-07-07 00:00:00,2024-07-07 18:00:00,1496.0,POINTS,1,v1.0,VALID,SYNTHETIC,hash_mkt_000944,True
945,INDEX_BHSI,2024-07-07 00:00:00,2024-07-07 18:00:00,943.4,POINTS,1,v1.0,VALID,SYNTHETIC,hash_mkt_000945,True
946,INDEX_BDI,2024-07-08 00:00:00,2024-07-08 18:00:00,1974.3,POINTS,1,v1.0,VALID,SYNTHETIC,hash_mkt_000946,True
947,INDEX_BCI,2024-07-08 00:00:00,2024-07-08 18:00:00,2945.3,POINTS,1,v1.0,VALID,SYNTHETIC,hash_mkt_000947,True
948,INDEX_BPI,2024-07-08 00:00:00,2024-07-08 18:00:00,2006.8,POINTS,1,v1.0,VALID,SYNTHETIC,hash_mkt_000948,True
949,INDEX_BSI,2024-07-08 00:00:00,2024-07-08 18:00:00,1522.2,POINTS,1,v1.0,VALID,SYNTHETIC,hash_mkt_000949,True
950,INDEX_BHSI,2024-07-08 00:00:00,2024-07-08 18:00:00,928.4,POINTS,1,v1.0,VALID,SYNTHETIC,hash_mkt_000950,True
951,INDEX_BDI,2024-07-09 00:00:00,2024-07-09 18:00:00,1991.7,POINTS,1,v1.0,VALID,SYNTHETIC,hash_mkt_000951,True
952,INDEX_BCI,2024-07-09 00:00:00,2024-07-09 18:00:00,2942.0,POINTS,1,v1.0,VALID,SYNTHETIC,hash_mkt_000952,True
953,INDEX_BPI,2024-07-09 00:00:00,2024-07-09 18:00:00,1985.7,POINTS,1,v1.0,VALID,SYNTHETIC,hash_mkt_000953,True
954,INDEX_BSI,2024-07-09 00:00:00,2024-07-09 18:00:00,1503.3,POINTS,1,v1.0,VALID,SYNTHETIC,hash_mkt_000954,True
955,INDEX_BHSI,2024-07-09 00:00:00,2024-07-09 18:00:00,945.8,POINTS,1,v1.0,VALID,SYNTHETIC,hash_mkt_000955,True
956,INDEX_BDI,2024-07-10 00:00:00,2024-07-10 18:00:00,2000.6,POINTS,1,v1.0,VALID,SYNTHETIC,hash_mkt_000956,True
957,INDEX_BCI,2024-07-10 00:00:00,2024-07-10 18:00:00,2985.0,POINTS,1,v1.0,VALID,SYNTHETIC,hash_mkt_000957,True
958,INDEX_BPI,2024-07-10 00:00:00,2024-07-10 18:00:00,1963.9,POINTS,1,v1.0,VALID,SYNTHETIC,hash_mkt_000958,True
959,INDEX_BSI,2024-07-10 00:00:00,2024-07-10 18:00:00,1515.8,POINTS,1,v1.0,VALID,SYNTHETIC,hash_mkt_000959,True
960,INDEX_BHSI,2024-07-10 00:00:00,2024-07-10 18:00:00,949.1,POINTS,1,v1.0,VALID,SYNTHETIC,hash_mkt_000960,True
961,INDEX_BDI,2024-07-11 00:00:00,2024-07-11 18:00:00,2018.4,POINTS,1,v1.0,VALID,SYNTHETIC,hash_mkt_000961,True
962,INDEX_BCI,2024-07-11 00:00:00,2024-07-11 18:00:00,3047.0,POINTS,1,v1.0,VALID,SYNTHETIC,hash_mkt_000962,True
963,INDEX_BPI,2024-07-11 00:00:00,2024-07-11 18:00:00,1958.3,POINTS,1,v1.0,VALID,SYNTHETIC,hash_mkt_000963,True
964,INDEX_BSI,2024-07-11 00:00:00,2024-07-11 18:00:00,1530.3,POINTS,1,v1.0,VALID,SYNTHETIC,hash_mkt_000964,True
965,INDEX_BHSI,2024-07-11 00:00:00,2024-07-11 18:00:00,957.8,POINTS,1,v1.0,VALID,SYNTHETIC,hash_mkt_000965,True
966,INDEX_BDI,2024-07-12 00:00:00,2024-07-12 18:00:00,2061.0,POINTS,1,v1.0,VALID,SYNTHETIC,hash_mkt_000966,True
967,INDEX_BCI,2024-07-12 00:00:00,2024-07-12 18:00:00,2956.3,POINTS,1,v1.0,VALID,SYNTHETIC,hash_mkt_000967,True
968,INDEX_BPI,2024-07-12 00:00:00,2024-07-12 18:00:00,1950.2,POINTS,1,v1.0,VALID,SYNTHETIC,hash_mkt_000968,True
969,INDEX_BSI,2024-07-12 00:00:00,2024-07-12 18:00:00,1534.0,POINTS,1,v1.0,VALID,SYNTHETIC,hash_mkt_000969,True
970,INDEX_BHSI,2024-07-12 00:00:00,2024-07-12 18:00:00,952.8,POINTS,1,v1.0,VALID,SYNTHETIC,hash_mkt_000970,True
971,INDEX_BDI,2024-07-13 00:00:00,2024-07-13 18:00:00,2040.4,POINTS,1,v1.0,VALID,SYNTHETIC,hash_mkt_000971,True
972,INDEX_BCI,2024-07-13 00:00:00,2024-07-13 18:00:00,2980.5,POINTS,1,v1.0,VALID,SYNTHETIC,hash_mkt_000972,True
973,INDEX_BPI,2024-07-13 00:00:00,2024-07-13 18:00:00,1955.6,POINTS,1,v1.0,VALID,SYNTHETIC,hash_mkt_000973,True
974,INDEX_BSI,2024-07-13 00:00:00,2024-07-13 18:00:00,1528.8,POINTS,1,v1.0,VALID,SYNTHETIC,hash_mkt_000974,True
975,INDEX_BHSI,2024-07-13 00:00:00,2024-07-13 18:00:00,953.6,POINTS,1,v1.0,VALID,SYNTHETIC,hash_mkt_000975,True
976,INDEX_BDI,2024-07-14 00:00:00,2024-07-14 18:00:00,2014.2,POINTS,1,v1.0,VALID,SYNTHETIC,hash_mkt_000976,True
977,INDEX_BCI,2024-07-14 00:00:00,2024-07-14 18:00:00,2973.0,POINTS,1,v1.0,VALID,SYNTHETIC,hash_mkt_000977,True
978,INDEX_BPI,2024-07-14 00:00:00,2024-07-14 18:00:00,1955.4,POINTS,1,v1.0,VALID,SYNTHETIC,hash_mkt_000978,True
979,INDEX_BSI,2024-07-14 00:00:00,2024-07-14 18:00:00,1526.8,POINTS,1,v1.0,VALID,SYNTHETIC,hash_mkt_000979,True
980,INDEX_BHSI,2024-07-14 00:00:00,2024-07-14 18:00:00,942.1,POINTS,1,v1.0,VALID,SYNTHETIC,hash_mkt_000980,True
981,INDEX_BDI,2024-07-15 00:00:00,2024-07-15 18:00:00,2008.7,POINTS,1,v1.0,VALID,SYNTHETIC,hash_mkt_000981,True
982,INDEX_BCI,2024-07-15 00:00:00,2024-07-15 18:00:00,2932.3,POINTS,1,v1.0,VALID,SYNTHETIC,hash_mkt_000982,True
983,INDEX_BPI,2024-07-15 00:00:00,2024-07-15 18:00:00,1962.9,POINTS,1,v1.0,VALID,SYNTHETIC,hash_mkt_000983,True
984,INDEX_BSI,2024-07-15 00:00:00,2024-07-15 18:00:00,1497.6,POINTS,1,v1.0,VALID,SYNTHETIC,hash_mkt_000984,True
985,INDEX_BHSI,2024-07-15 00:00:00,2024-07-15 18:00:00,944.1,POINTS,1,v1.0,VALID,SYNTHETIC,hash_mkt_000985,True
986,INDEX_BDI,2024-07-16 00:00:00,2024-07-16 18:00:00,1992.1,POINTS,1,v1.0,VALID,SYNTHETIC,hash_mkt_000986,True
987,INDEX_BCI,2024-07-16 00:00:00,2024-07-16 18:00:00,2903.8,POINTS,1,v1.0,VALID,SYNTHETIC,hash_mkt_000987,True
988,INDEX_BPI,2024-07-16 00:00:00,2024-07-16 18:00:00,1953.9,POINTS,1,v1.0,VALID,SYNTHETIC,hash_mkt_000988,True
989,INDEX_BSI,2024-07-16 00:00:00,2024-07-16 18:00:00,1492.2,POINTS,1,v1.0,VALID,SYNTHETIC,hash_mkt_000989,True
990,INDEX_BHSI,2024-07-16 00:00:00,2024-07-16 18:00:00,945.8,POINTS,1,v1.0,VALID,SYNTHETIC,hash_mkt_000990,True
991,INDEX_BDI,2024-07-17 00:00:00,2024-07-17 18:00:00,2009.7,POINTS,1,v1.0,VALID,SYNTHETIC,hash_mkt_000991,True
992,INDEX_BCI,2024-07-17 00:00:00,2024-07-17 18:00:00,2857.0,POINTS,1,v1.0,VALID,SYNTHETIC,hash_mkt_000992,True
993,INDEX_BPI,2024-07-17 00:00:00,2024-07-17 18:00:00,1940.2,POINTS,1,v1.0,VALID,SYNTHETIC,hash_mkt_000993,True
994,INDEX_BSI,2024-07-17 00:00:00,2024-07-17 18:00:00,1507.2,POINTS,1,v1.0,VALID,SYNTHETIC,hash_mkt_000994,True
995,INDEX_BHSI,2024-07-17 00:00:00,2024-07-17 18:00:00,926.8,POINTS,1,v1.0,VALID,SYNTHETIC,hash_mkt_000995,True
996,INDEX_BDI,2024-07-18 00:00:00,2024-07-18 18:00:00,2011.4,POINTS,1,v1.0,VALID,SYNTHETIC,hash_mkt_000996,True
997,INDEX_BCI,2024-07-18 00:00:00,2024-07-18 18:00:00,2886.1,POINTS,1,v1.0,VALID,SYNTHETIC,hash_mkt_000997,True
998,INDEX_BPI,2024-07-18 00:00:00,2024-07-18 18:00:00,1944.3,POINTS,1,v1.0,VALID,SYNTHETIC,hash_mkt_000998,True
999,INDEX_BSI,2024-07-18 00:00:00,2024-07-18 18:00:00,1476.7,POINTS,1,v1.0,VALID,SYNTHETIC,hash_mkt_000999,True
1000,INDEX_BHSI,2024-07-18 00:00:00,2024-07-18 18:00:00,918.2,POINTS,1,v1.0,VALID,SYNTHETIC,hash_mkt_001000,True
1001,INDEX_BDI,2024-07-19 00:00:00,2024-07-19 18:00:00,1998.7,POINTS,1,v1.0,VALID,SYNTHETIC,hash_mkt_001001,True
1002,INDEX_BCI,2024-07-19 00:00:00,2024-07-19 18:00:00,2866.1,POINTS,1,v1.0,VALID,SYNTHETIC,hash_mkt_001002,True
1003,INDEX_BPI,2024-07-19 00:00:00,2024-07-19 18:00:00,1928.0,POINTS,1,v1.0,VALID,SYNTHETIC,hash_mkt_001003,True
1004,INDEX_BSI,2024-07-19 00:00:00,2024-07-19 18:00:00,1490.7,POINTS,1,v1.0,VALID,SYNTHETIC,hash_mkt_001004,True
1005,INDEX_BHSI,2024-07-19 00:00:00,2024-07-19 18:00:00,929.6,POINTS,1,v1.0,VALID,SYNTHETIC,hash_mkt_001005,True
1006,INDEX_BDI,2024-07-20 00:00:00,2024-07-20 18:00:00,1976.4,POINTS,1,v1.0,VALID,SYNTHETIC,hash_mkt_001006,True
1007,INDEX_BCI,2024-07-20 00:00:00,2024-07-20 18:00:00,2851.5,POINTS,1,v1.0,VALID,SYNTHETIC,hash_mkt_001007,True
1008,INDEX_BPI,2024-07-20 00:00:00,2024-07-20 18:00:00,1921.9,POINTS,1,v1.0,VALID,SYNTHETIC,hash_mkt_001008,True
1009,INDEX_BSI,2024-07-20 00:00:00,2024-07-20 18:00:00,1479.5,POINTS,1,v1.0,VALID,SYNTHETIC,hash_mkt_001009,True
1010,INDEX_BHSI,2024-07-20 00:00:00,2024-07-20 18:00:00,909.0,POINTS,1,v1.0,VALID,SYNTHETIC,hash_mkt_001010,True
1011,INDEX_BDI,2024-07-21 00:00:00,2024-07-21 18:00:00,2011.2,POINTS,1,v1.0,VALID,SYNTHETIC,hash_mkt_001011,True
1012,INDEX_BCI,2024-07-21 00:00:00,2024-07-21 18:00:00,2865.6,POINTS,1,v1.0,VALID,SYNTHETIC,hash_mkt_001012,True
1013,INDEX_BPI,2024-07-21 00:00:00,2024-07-21 18:00:00,1935.2,POINTS,1,v1.0,VALID,SYNTHETIC,hash_mkt_001013,True
1014,INDEX_BSI,2024-07-21 00:00:00,2024-07-21 18:00:00,1451.6,POINTS,1,v1.0,VALID,SYNTHETIC,hash_mkt_001014,True
1015,INDEX_BHSI,2024-07-21 00:00:00,2024-07-21 18:00:00,925.0,POINTS,1,v1.0,VALID,SYNTHETIC,hash_mkt_001015,True
1016,INDEX_BDI,2024-07-22 00:00:00,2024-07-22 18:00:00,1968.0,POINTS,1,v1.0,VALID,SYNTHETIC,hash_mkt_001016,True
1017,INDEX_BCI,2024-07-22 00:00:00,2024-07-22 18:00:00,2743.0,POINTS,1,v1.0,VALID,SYNTHETIC,hash_mkt_001017,True
1018,INDEX_BPI,2024-07-22 00:00:00,2024-07-22 18:00:00,1907.0,POINTS,1,v1.0,VALID,SYNTHETIC,hash_mkt_001018,True
1019,INDEX_BSI,2024-07-22 00:00:00,2024-07-22 18:00:00,1460.9,POINTS,1,v1.0,VALID,SYNTHETIC,hash_mkt_001019,True
1020,INDEX_BHSI,2024-07-22 00:00:00,2024-07-22 18:00:00,930.0,POINTS,1,v1.0,VALID,SYNTHETIC,hash_mkt_001020,True
1021,INDEX_BDI,2024-07-23 00:00:00,2024-07-23 18:00:00,1900.9,POINTS,1,v1.0,VALID,SYNTHETIC,hash_mkt_001021,True
1022,INDEX_BCI,2024-07-23 00:00:00,2024-07-23 18:00:00,2716.2,POINTS,1,v1.0,VALID,SYNTHETIC,hash_mkt_001022,True
1023,INDEX_BPI,2024-07-23 00:00:00,2024-07-23 18:00:00,1878.0,POINTS,1,v1.0,VALID,SYNTHETIC,hash_mkt_001023,True
1024,INDEX_BSI,2024-07-23 00:00:00,2024-07-23 18:00:00,1483.5,POINTS,1,v1.0,VALID,SYNTHETIC,hash_mkt_001024,True
1025,INDEX_BHSI,2024-07-23 00:00:00,2024-07-23 18:00:00,911.8,POINTS,1,v1.0,VALID,SYNTHETIC,hash_mkt_001025,True
1026,INDEX_BDI,2024-07-24 00:00:00,2024-07-24 18:00:00,1937.7,POINTS,1,v1.0,VALID,SYNTHETIC,hash_mkt_001026,True
1027,INDEX_BCI,2024-07-24 00:00:00,2024-07-24 18:00:00,2702.4,POINTS,1,v1.0,VALID,SYNTHETIC,hash_mkt_001027,True
1028,INDEX_BPI,2024-07-24 00:00:00,2024-07-24 18:00:00,1868.4,POINTS,1,v1.0,VALID,SYNTHETIC,hash_mkt_001028,True
1029,INDEX_BSI,2024-07-24 00:00:00,2024-07-24 18:00:00,1455.6,POINTS,1,v1.0,VALID,SYNTHETIC,hash_mkt_001029,True
1030,INDEX_BHSI,2024-07-24 00:00:00,2024-07-24 18:00:00,911.3,POINTS,1,v1.0,VALID,SYNTHETIC,hash_mkt_001030,True
1031,INDEX_BDI,2024-07-25 00:00:00,2024-07-25 18:00:00,1877.4,POINTS,1,v1.0,VALID,SYNTHETIC,hash_mkt_001031,True
1032,INDEX_BCI,2024-07-25 00:00:00,2024-07-25 18:00:00,2785.6,POINTS,1,v1.0,VALID,SYNTHETIC,hash_mkt_001032,True
1033,INDEX_BPI,2024-07-25 00:00:00,2024-07-25 18:00:00,1881.6,POINTS,1,v1.0,VALID,SYNTHETIC,hash_mkt_001033,True
1034,INDEX_BSI,2024-07-25 00:00:00,2024-07-25 18:00:00,1443.3,POINTS,1,v1.0,VALID,SYNTHETIC,hash_mkt_001034,True
1035,INDEX_BHSI,2024-07-25 00:00:00,2024-07-25 18:00:00,907.5,POINTS,1,v1.0,VALID,SYNTHETIC,hash_mkt_001035,True
1036,INDEX_BDI,2024-07-26 00:00:00,2024-07-26 18:00:00,1893.7,POINTS,1,v1.0,VALID,SYNTHETIC,hash_mkt_001036,True
1037,INDEX_BCI,2024-07-26 00:00:00,2024-07-26 18:00:00,2670.1,POINTS,1,v1.0,VALID,SYNTHETIC,hash_mkt_001037,True
1038,INDEX_BPI,2024-07-26 00:00:00,2024-07-26 18:00:00,1818.1,POINTS,1,v1.0,VALID,SYNTHETIC,hash_mkt_001038,True
1039,INDEX_BSI,2024-07-26 00:00:00,2024-07-26 18:00:00,1430.8,POINTS,1,v1.0,VALID,SYNTHETIC,hash_mkt_001039,True
1040,INDEX_BHSI,2024-07-26 00:00:00,2024-07-26 18:00:00,895.5,POINTS,1,v1.0,VALID,SYNTHETIC,hash_mkt_001040,True
1041,INDEX_BDI,2024-07-27 00:00:00,2024-07-27 18:00:00,1888.9,POINTS,1,v1.0,VALID,SYNTHETIC,hash_mkt_001041,True
1042,INDEX_BCI,2024-07-27 00:00:00,2024-07-27 18:00:00,2571.9,POINTS,1,v1.0,VALID,SYNTHETIC,hash_mkt_001042,True
1043,INDEX_BPI,2024-07-27 00:00:00,2024-07-27 18:00:00,1819.4,POINTS,1,v1.0,VALID,SYNTHETIC,hash_mkt_001043,True
1044,INDEX_BSI,2024-07-27 00:00:00,2024-07-27 18:00:00,1400.7,POINTS,1,v1.0,VALID,SYNTHETIC,hash_mkt_001044,True
1045,INDEX_BHSI,2024-07-27 00:00:00,2024-07-27 18:00:00,895.1,POINTS,1,v1.0,VALID,SYNTHETIC,hash_mkt_001045,True
1046,INDEX_BDI,2024-07-28 00:00:00,2024-07-28 18:00:00,1868.4,POINTS,1,v1.0,VALID,SYNTHETIC,hash_mkt_001046,True
1047,INDEX_BCI,2024-07-28 00:00:00,2024-07-28 18:00:00,2551.4,POINTS,1,v1.0,VALID,SYNTHETIC,hash_mkt_001047,True
1048,INDEX_BPI,2024-07-28 00:00:00,2024-07-28 18:00:00,1804.6,POINTS,1,v1.0,VALID,SYNTHETIC,hash_mkt_001048,True
1049,INDEX_BSI,2024-07-28 00:00:00,2024-07-28 18:00:00,1374.3,POINTS,1,v1.0,VALID,SYNTHETIC,hash_mkt_001049,True
1050,INDEX_BHSI,2024-07-28 00:00:00,2024-07-28 18:00:00,865.4,POINTS,1,v1.0,VALID,SYNTHETIC,hash_mkt_001050,True
1051,INDEX_BDI,2024-07-29 00:00:00,2024-07-29 18:00:00,1836.2,POINTS,1,v1.0,VALID,SYNTHETIC,hash_mkt_001051,True
1052,INDEX_BCI,2024-07-29 00:00:00,2024-07-29 18:00:00,2559.9,POINTS,1,v1.0,VALID,SYNTHETIC,hash_mkt_001052,True
1053,INDEX_BPI,2024-07-29 00:00:00,2024-07-29 18:00:00,1758.6,POINTS,1,v1.0,VALID,SYNTHETIC,hash_mkt_001053,True
1054,INDEX_BSI,2024-07-29 00:00:00,2024-07-29 18:00:00,1380.4,POINTS,1,v1.0,VALID,SYNTHETIC,hash_mkt_001054,True
1055,INDEX_BHSI,2024-07-29 00:00:00,2024-07-29 18:00:00,857.3,POINTS,1,v1.0,VALID,SYNTHETIC,hash_mkt_001055,True
1056,INDEX_BDI,2024-07-30 00:00:00,2024-07-30 18:00:00,1845.9,POINTS,1,v1.0,VALID,SYNTHETIC,hash_mkt_001056,True
1057,INDEX_BCI,2024-07-30 00:00:00,2024-07-30 18:00:00,2429.5,POINTS,1,v1.0,VALID,SYNTHETIC,hash_mkt_001057,True
1058,INDEX_BPI,2024-07-30 00:00:00,2024-07-30 18:00:00,1773.7,POINTS,1,v1.0,VALID,SYNTHETIC,hash_mkt_001058,True
1059,INDEX_BSI,2024-07-30 00:00:00,2024-07-30 18:00:00,1326.5,POINTS,1,v1.0,VALID,SYNTHETIC,hash_mkt_001059,True
1060,INDEX_BHSI,2024-07-30 00:00:00,2024-07-30 18:00:00,864.6,POINTS,1,v1.0,VALID,SYNTHETIC,hash_mkt_001060,True
1061,INDEX_BDI,2024-07-31 00:00:00,2024-07-31 18:00:00,1788.1,POINTS,1,v1.0,VALID,SYNTHETIC,hash_mkt_001061,True
1062,INDEX_BCI,2024-07-31 00:00:00,2024-07-31 18:00:00,2488.7,POINTS,1,v1.0,VALID,SYNTHETIC,hash_mkt_001062,True
1063,INDEX_BPI,2024-07-31 00:00:00,2024-07-31 18:00:00,1799.7,POINTS,1,v1.0,VALID,SYNTHETIC,hash_mkt_001063,True
1064,INDEX_BSI,2024-07-31 00:00:00,2024-07-31 18:00:00,1357.8,POINTS,1,v1.0,VALID,SYNTHETIC,hash_mkt_001064,True
1065,INDEX_BHSI,2024-07-31 00:00:00,2024-07-31 18:00:00,867.5,POINTS,1,v1.0,VALID,SYNTHETIC,hash_mkt_001065,True
1066,INDEX_BDI,2024-08-01 00:00:00,2024-08-01 18:00:00,1793.6,POINTS,1,v1.0,VALID,SYNTHETIC,hash_mkt_001066,True
1067,INDEX_BCI,2024-08-01 00:00:00,2024-08-01 18:00:00,2537.5,POINTS,1,v1.0,VALID,SYNTHETIC,hash_mkt_001067,True
1068,INDEX_BPI,2024-08-01 00:00:00,2024-08-01 18:00:00,1759.3,POINTS,1,v1.0,VALID,SYNTHETIC,hash_mkt_001068,True
1069,INDEX_BSI,2024-08-01 00:00:00,2024-08-01 18:00:00,1337.2,POINTS,1,v1.0,VALID,SYNTHETIC,hash_mkt_001069,True
1070,INDEX_BHSI,2024-08-01 00:00:00,2024-08-01 18:00:00,836.3,POINTS,1,v1.0,VALID,SYNTHETIC,hash_mkt_001070,True
1071,INDEX_BDI,2024-08-02 00:00:00,2024-08-02 18:00:00,1821.4,POINTS,1,v1.0,VALID,SYNTHETIC,hash_mkt_001071,True
1072,INDEX_BCI,2024-08-02 00:00:00,2024-08-02 18:00:00,2500.8,POINTS,1,v1.0,VALID,SYNTHETIC,hash_mkt_001072,True
1073,INDEX_BPI,2024-08-02 00:00:00,2024-08-02 18:00:00,1735.8,POINTS,1,v1.0,VALID,SYNTHETIC,hash_mkt_001073,True
1074,INDEX_BSI,2024-08-02 00:00:00,2024-08-02 18:00:00,1313.9,POINTS,1,v1.0,VALID,SYNTHETIC,hash_mkt_001074,True
1075,INDEX_BHSI,2024-08-02 00:00:00,2024-08-02 18:00:00,826.5,POINTS,1,v1.0,VALID,SYNTHETIC,hash_mkt_001075,True
1076,INDEX_BDI,2024-08-03 00:00:00,2024-08-03 18:00:00,1777.8,POINTS,1,v1.0,VALID,SYNTHETIC,hash_mkt_001076,True
1077,INDEX_BCI,2024-08-03 00:00:00,2024-08-03 18:00:00,2365.5,POINTS,1,v1.0,VALID,SYNTHETIC,hash_mkt_001077,True
1078,INDEX_BPI,2024-08-03 00:00:00,2024-08-03 18:00:00,1649.3,POINTS,1,v1.0,VALID,SYNTHETIC,hash_mkt_001078,True
1079,INDEX_BSI,2024-08-03 00:00:00,2024-08-03 18:00:00,1307.9,POINTS,1,v1.0,VALID,SYNTHETIC,hash_mkt_001079,True
1080,INDEX_BHSI,2024-08-03 00:00:00,2024-08-03 18:00:00,820.6,POINTS,1,v1.0,VALID,SYNTHETIC,hash_mkt_001080,True
1081,INDEX_BDI,2024-08-04 00:00:00,2024-08-04 18:00:00,1721.1,POINTS,1,v1.0,VALID,SYNTHETIC,hash_mkt_001081,True
1082,INDEX_BCI,2024-08-04 00:00:00,2024-08-04 18:00:00,2351.0,POINTS,1,v1.0,VALID,SYNTHETIC,hash_mkt_001082,True
1083,INDEX_BPI,2024-08-04 00:00:00,2024-08-04 18:00:00,1694.9,POINTS,1,v1.0,VALID,SYNTHETIC,hash_mkt_001083,True
1084,INDEX_BSI,2024-08-04 00:00:00,2024-08-04 18:00:00,1294.8,POINTS,1,v1.0,VALID,SYNTHETIC,hash_mkt_001084,True
1085,INDEX_BHSI,2024-08-04 00:00:00,2024-08-04 18:00:00,823.6,POINTS,1,v1.0,VALID,SYNTHETIC,hash_mkt_001085,True
1086,INDEX_BDI,2024-08-05 00:00:00,2024-08-05 18:00:00,1748.8,POINTS,1,v1.0,VALID,SYNTHETIC,hash_mkt_001086,True
1087,INDEX_BCI,2024-08-05 00:00:00,2024-08-05 18:00:00,2357.7,POINTS,1,v1.0,VALID,SYNTHETIC,hash_mkt_001087,True
1088,INDEX_BPI,2024-08-05 00:00:00,2024-08-05 18:00:00,1664.3,POINTS,1,v1.0,VALID,SYNTHETIC,hash_mkt_001088,True
1089,INDEX_BSI,2024-08-05 00:00:00,2024-08-05 18:00:00,1299.0,POINTS,1,v1.0,VALID,SYNTHETIC,hash_mkt_001089,True
1090,INDEX_BHSI,2024-08-05 00:00:00,2024-08-05 18:00:00,812.9,POINTS,1,v1.0,VALID,SYNTHETIC,hash_mkt_001090,True
1091,INDEX_BDI,2024-08-06 00:00:00,2024-08-06 18:00:00,1708.8,POINTS,1,v1.0,VALID,SYNTHETIC,hash_mkt_001091,True
1092,INDEX_BCI,2024-08-06 00:00:00,2024-08-06 18:00:00,2363.1,POINTS,1,v1.0,VALID,SYNTHETIC,hash_mkt_001092,True
1093,INDEX_BPI,2024-08-06 00:00:00,2024-08-06 18:00:00,1663.3,POINTS,1,v1.0,VALID,SYNTHETIC,hash_mkt_001093,True
1094,INDEX_BSI,2024-08-06 00:00:00,2024-08-06 18:00:00,1281.3,POINTS,1,v1.0,VALID,SYNTHETIC,hash_mkt_001094,True
1095,INDEX_BHSI,2024-08-06 00:00:00,2024-08-06 18:00:00,813.1,POINTS,1,v1.0,VALID,SYNTHETIC,hash_mkt_001095,True
1096,INDEX_BDI,2024-08-07 00:00:00,2024-08-07 18:00:00,1690.7,POINTS,1,v1.0,VALID,SYNTHETIC,hash_mkt_001096,True
1097,INDEX_BCI,2024-08-07 00:00:00,2024-08-07 18:00:00,2308.3,POINTS,1,v1.0,VALID,SYNTHETIC,hash_mkt_001097,True
1098,INDEX_BPI,2024-08-07 00:00:00,2024-08-07 18:00:00,1634.5,POINTS,1,v1.0,VALID,SYNTHETIC,hash_mkt_001098,True
1099,INDEX_BSI,2024-08-07 00:00:00,2024-08-07 18:00:00,1271.0,POINTS,1,v1.0,VALID,SYNTHETIC,hash_mkt_001099,True
1100,INDEX_BHSI,2024-08-07 00:00:00,2024-08-07 18:00:00,796.2,POINTS,1,v1.0,VALID,SYNTHETIC,hash_mkt_001100,True
1101,INDEX_BDI,2024-08-08 00:00:00,2024-08-08 18:00:00,1713.7,POINTS,1,v1.0,VALID,SYNTHETIC,hash_mkt_001101,True
1102,INDEX_BCI,2024-08-08 00:00:00,2024-08-08 18:00:00,2289.3,POINTS,1,v1.0,VALID,SYNTHETIC,hash_mkt_001102,True
1103,INDEX_BPI,2024-08-08 00:00:00,2024-08-08 18:00:00,1631.2,POINTS,1,v1.0,VALID,SYNTHETIC,hash_mkt_001103,True
1104,INDEX_BSI,2024-08-08 00:00:00,2024-08-08 18:00:00,1269.4,POINTS,1,v1.0,VALID,SYNTHETIC,hash_mkt_001104,True
1105,INDEX_BHSI,2024-08-08 00:00:00,2024-08-08 18:00:00,800.4,POINTS,1,v1.0,VALID,SYNTHETIC,hash_mkt_001105,True
1106,INDEX_BDI,2024-08-09 00:00:00,2024-08-09 18:00:00,1714.0,POINTS,1,v1.0,VALID,SYNTHETIC,hash_mkt_001106,True
1107,INDEX_BCI,2024-08-09 00:00:00,2024-08-09 18:00:00,2281.6,POINTS,1,v1.0,VALID,SYNTHETIC,hash_mkt_001107,True
1108,INDEX_BPI,2024-08-09 00:00:00,2024-08-09 18:00:00,1634.3,POINTS,1,v1.0,VALID,SYNTHETIC,hash_mkt_001108,True
1109,INDEX_BSI,2024-08-09 00:00:00,2024-08-09 18:00:00,1240.3,POINTS,1,v1.0,VALID,SYNTHETIC,hash_mkt_001109,True
1110,INDEX_BHSI,2024-08-09 00:00:00,2024-08-09 18:00:00,794.4,POINTS,1,v1.0,VALID,SYNTHETIC,hash_mkt_001110,True
1111,INDEX_BDI,2024-08-10 00:00:00,2024-08-10 18:00:00,1653.2,POINTS,1,v1.0,VALID,SYNTHETIC,hash_mkt_001111,True
1112,INDEX_BCI,2024-08-10 00:00:00,2024-08-10 18:00:00,2218.2,POINTS,1,v1.0,VALID,SYNTHETIC,hash_mkt_001112,True
1113,INDEX_BPI,2024-08-10 00:00:00,2024-08-10 18:00:00,1635.5,POINTS,1,v1.0,VALID,SYNTHETIC,hash_mkt_001113,True
1114,INDEX_BSI,2024-08-10 00:00:00,2024-08-10 18:00:00,1240.1,POINTS,1,v1.0,VALID,SYNTHETIC,hash_mkt_001114,True
1115,INDEX_BHSI,2024-08-10 00:00:00,2024-08-10 18:00:00,784.6,POINTS,1,v1.0,VALID,SYNTHETIC,hash_mkt_001115,True
1116,INDEX_BDI,2024-08-11 00:00:00,2024-08-11 18:00:00,1686.5,POINTS,1,v1.0,VALID,SYNTHETIC,hash_mkt_001116,True
1117,INDEX_BCI,2024-08-11 00:00:00,2024-08-11 18:00:00,2128.0,POINTS,1,v1.0,VALID,SYNTHETIC,hash_mkt_001117,True
1118,INDEX_BPI,2024-08-11 00:00:00,2024-08-11 18:00:00,1606.1,POINTS,1,v1.0,VALID,SYNTHETIC,hash_mkt_001118,True
1119,INDEX_BSI,2024-08-11 00:00:00,2024-08-11 18:00:00,1252.8,POINTS,1,v1.0,VALID,SYNTHETIC,hash_mkt_001119,True
1120,INDEX_BHSI,2024-08-11 00:00:00,2024-08-11 18:00:00,787.9,POINTS,1,v1.0,VALID,SYNTHETIC,hash_mkt_001120,True
1121,INDEX_BDI,2024-08-12 00:00:00,2024-08-12 18:00:00,1663.4,POINTS,1,v1.0,VALID,SYNTHETIC,hash_mkt_001121,True
1122,INDEX_BCI,2024-08-12 00:00:00,2024-08-12 18:00:00,2204.4,POINTS,1,v1.0,VALID,SYNTHETIC,hash_mkt_001122,True
1123,INDEX_BPI,2024-08-12 00:00:00,2024-08-12 18:00:00,1608.7,POINTS,1,v1.0,VALID,SYNTHETIC,hash_mkt_001123,True
1124,INDEX_BSI,2024-08-12 00:00:00,2024-08-12 18:00:00,1261.6,POINTS,1,v1.0,VALID,SYNTHETIC,hash_mkt_001124,True
1125,INDEX_BHSI,2024-08-12 00:00:00,2024-08-12 18:00:00,784.3,POINTS,1,v1.0,VALID,SYNTHETIC,hash_mkt_001125,True
1126,INDEX_BDI,2024-08-13 00:00:00,2024-08-13 18:00:00,1591.5,POINTS,1,v1.0,VALID,SYNTHETIC,hash_mkt_001126,True
1127,INDEX_BCI,2024-08-13 00:00:00,2024-08-13 18:00:00,2213.7,POINTS,1,v1.0,VALID,SYNTHETIC,hash_mkt_001127,True
1128,INDEX_BPI,2024-08-13 00:00:00,2024-08-13 18:00:00,1612.8,POINTS,1,v1.0,VALID,SYNTHETIC,hash_mkt_001128,True
1129,INDEX_BSI,2024-08-13 00:00:00,2024-08-13 18:00:00,1254.6,POINTS,1,v1.0,VALID,SYNTHETIC,hash_mkt_001129,True
1130,INDEX_BHSI,2024-08-13 00:00:00,2024-08-13 18:00:00,772.5,POINTS,1,v1.0,VALID,SYNTHETIC,hash_mkt_001130,True
1131,INDEX_BDI,2024-08-14 00:00:00,2024-08-14 18:00:00,1637.2,POINTS,1,v1.0,VALID,SYNTHETIC,hash_mkt_001131,True
1132,INDEX_BCI,2024-08-14 00:00:00,2024-08-14 18:00:00,2215.3,POINTS,1,v1.0,VALID,SYNTHETIC,hash_mkt_001132,True
1133,INDEX_BPI,2024-08-14 00:00:00,2024-08-14 18:00:00,1546.9,POINTS,1,v1.0,VALID,SYNTHETIC,hash_mkt_001133,True
1134,INDEX_BSI,2024-08-14 00:00:00,2024-08-14 18:00:00,1203.7,POINTS,1,v1.0,VALID,SYNTHETIC,hash_mkt_001134,True
1135,INDEX_BHSI,2024-08-14 00:00:00,2024-08-14 18:00:00,767.7,POINTS,1,v1.0,VALID,SYNTHETIC,hash_mkt_001135,True
1136,INDEX_BDI,2024-08-15 00:00:00,2024-08-15 18:00:00,1630.7,POINTS,1,v1.0,VALID,SYNTHETIC,hash_mkt_001136,True
1137,INDEX_BCI,2024-08-15 00:00:00,2024-08-15 18:00:00,2231.5,POINTS,1,v1.0,VALID,SYNTHETIC,hash_mkt_001137,True
1138,INDEX_BPI,2024-08-15 00:00:00,2024-08-15 18:00:00,1596.9,POINTS,1,v1.0,VALID,SYNTHETIC,hash_mkt_001138,True
1139,INDEX_BSI,2024-08-15 00:00:00,2024-08-15 18:00:00,1184.0,POINTS,1,v1.0,VALID,SYNTHETIC,hash_mkt_001139,True
1140,INDEX_BHSI,2024-08-15 00:00:00,2024-08-15 18:00:00,769.9,POINTS,1,v1.0,VALID,SYNTHETIC,hash_mkt_001140,True
1141,INDEX_BDI,2024-08-16 00:00:00,2024-08-16 18:00:00,1647.6,POINTS,1,v1.0,VALID,SYNTHETIC,hash_mkt_001141,True
1142,INDEX_BCI,2024-08-16 00:00:00,2024-08-16 18:00:00,2220.6,POINTS,1,v1.0,VALID,SYNTHETIC,hash_mkt_001142,True
1143,INDEX_BPI,2024-08-16 00:00:00,2024-08-16 18:00:00,1597.2,POINTS,1,v1.0,VALID,SYNTHETIC,hash_mkt_001143,True
1144,INDEX_BSI,2024-08-16 00:00:00,2024-08-16 18:00:00,1205.9,POINTS,1,v1.0,VALID,SYNTHETIC,hash_mkt_001144,True
1145,INDEX_BHSI,2024-08-16 00:00:00,2024-08-16 18:00:00,766.1,POINTS,1,v1.0,VALID,SYNTHETIC,hash_mkt_001145,True
1146,INDEX_BDI,2024-08-17 00:00:00,2024-08-17 18:00:00,1653.4,POINTS,1,v1.0,VALID,SYNTHETIC,hash_mkt_001146,True
1147,INDEX_BCI,2024-08-17 00:00:00,2024-08-17 18:00:00,2171.7,POINTS,1,v1.0,VALID,SYNTHETIC,hash_mkt_001147,True
1148,INDEX_BPI,2024-08-17 00:00:00,2024-08-17 18:00:00,1571.8,POINTS,1,v1.0,VALID,SYNTHETIC,hash_mkt_001148,True
1149,INDEX_BSI,2024-08-17 00:00:00,2024-08-17 18:00:00,1213.7,POINTS,1,v1.0,VALID,SYNTHETIC,hash_mkt_001149,True
1150,INDEX_BHSI,2024-08-17 00:00:00,2024-08-17 18:00:00,771.7,POINTS,1,v1.0,VALID,SYNTHETIC,hash_mkt_001150,True
1151,INDEX_BDI,2024-08-18 00:00:00,2024-08-18 18:00:00,1636.1,POINTS,1,v1.0,VALID,SYNTHETIC,hash_mkt_001151,True
1152,INDEX_BCI,2024-08-18 00:00:00,2024-08-18 18:00:00,2219.4,POINTS,1,v1.0,VALID,SYNTHETIC,hash_mkt_001152,True
1153,INDEX_BPI,2024-08-18 00:00:00,2024-08-18 18:00:00,1594.9,POINTS,1,v1.0,VALID,SYNTHETIC,hash_mkt_001153,True
1154,INDEX_BSI,2024-08-18 00:00:00,2024-08-18 18:00:00,1259.3,POINTS,1,v1.0,VALID,SYNTHETIC,hash_mkt_001154,True
1155,INDEX_BHSI,2024-08-18 00:00:00,2024-08-18 18:00:00,763.3,POINTS,1,v1.0,VALID,SYNTHETIC,hash_mkt_001155,True
1156,INDEX_BDI,2024-08-19 00:00:00,2024-08-19 18:00:00,1620.2,POINTS,1,v1.0,VALID,SYNTHETIC,hash_mkt_001156,True
1157,INDEX_BCI,2024-08-19 00:00:00,2024-08-19 18:00:00,2177.1,POINTS,1,v1.0,VALID,SYNTHETIC,hash_mkt_001157,True
1158,INDEX_BPI,2024-08-19 00:00:00,2024-08-19 18:00:00,1588.3,POINTS,1,v1.0,VALID,SYNTHETIC,hash_mkt_001158,True
1159,INDEX_BSI,2024-08-19 00:00:00,2024-08-19 18:00:00,1253.4,POINTS,1,v1.0,VALID,SYNTHETIC,hash_mkt_001159,True
1160,INDEX_BHSI,2024-08-19 00:00:00,2024-08-19 18:00:00,777.3,POINTS,1,v1.0,VALID,SYNTHETIC,hash_mkt_001160,True
1161,INDEX_BDI,2024-08-20 00:00:00,2024-08-20 18:00:00,1617.6,POINTS,1,v1.0,VALID,SYNTHETIC,hash_mkt_001161,True
1162,INDEX_BCI,2024-08-20 00:00:00,2024-08-20 18:00:00,2250.5,POINTS,1,v1.0,VALID,SYNTHETIC,hash_mkt_001162,True
1163,INDEX_BPI,2024-08-20 00:00:00,2024-08-20 18:00:00,1603.9,POINTS,1,v1.0,VALID,SYNTHETIC,hash_mkt_001163,True
1164,INDEX_BSI,2024-08-20 00:00:00,2024-08-20 18:00:00,1229.1,POINTS,1,v1.0,VALID,SYNTHETIC,hash_mkt_001164,True
1165,INDEX_BHSI,2024-08-20 00:00:00,2024-08-20 18:00:00,776.6,POINTS,1,v1.0,VALID,SYNTHETIC,hash_mkt_001165,True
1166,INDEX_BDI,2024-08-21 00:00:00,2024-08-21 18:00:00,1689.6,POINTS,1,v1.0,VALID,SYNTHETIC,hash_mkt_001166,True
1167,INDEX_BCI,2024-08-21 00:00:00,2024-08-21 18:00:00,2146.5,POINTS,1,v1.0,VALID,SYNTHETIC,hash_mkt_001167,True
1168,INDEX_BPI,2024-08-21 00:00:00,2024-08-21 18:00:00,1559.3,POINTS,1,v1.0,VALID,SYNTHETIC,hash_mkt_001168,True
1169,INDEX_BSI,2024-08-21 00:00:00,2024-08-21 18:00:00,1240.0,POINTS,1,v1.0,VALID,SYNTHETIC,hash_mkt_001169,True
1170,INDEX_BHSI,2024-08-21 00:00:00,2024-08-21 18:00:00,780.0,POINTS,1,v1.0,VALID,SYNTHETIC,hash_mkt_001170,True
1171,INDEX_BDI,2024-08-22 00:00:00,2024-08-22 18:00:00,1675.5,POINTS,1,v1.0,VALID,SYNTHETIC,hash_mkt_001171,True
1172,INDEX_BCI,2024-08-22 00:00:00,2024-08-22 18:00:00,2245.5,POINTS,1,v1.0,VALID,SYNTHETIC,hash_mkt_001172,True
1173,INDEX_BPI,2024-08-22 00:00:00,2024-08-22 18:00:00,1595.5,POINTS,1,v1.0,VALID,SYNTHETIC,hash_mkt_001173,True
1174,INDEX_BSI,2024-08-22 00:00:00,2024-08-22 18:00:00,1198.6,POINTS,1,v1.0,VALID,SYNTHETIC,hash_mkt_001174,True
1175,INDEX_BHSI,2024-08-22 00:00:00,2024-08-22 18:00:00,799.5,POINTS,1,v1.0,VALID,SYNTHETIC,hash_mkt_001175,True
1176,INDEX_BDI,2024-08-23 00:00:00,2024-08-23 18:00:00,1712.3,POINTS,1,v1.0,VALID,SYNTHETIC,hash_mkt_001176,True
1177,INDEX_BCI,2024-08-23 00:00:00,2024-08-23 18:00:00,2176.2,POINTS,1,v1.0,VALID,SYNTHETIC,hash_mkt_001177,True
1178,INDEX_BPI,2024-08-23 00:00:00,2024-08-23 18:00:00,1601.8,POINTS,1,v1.0,VALID,SYNTHETIC,hash_mkt_001178,True
1179,INDEX_BSI,2024-08-23 00:00:00,2024-08-23 18:00:00,1235.1,POINTS,1,v1.0,VALID,SYNTHETIC,hash_mkt_001179,True
1180,INDEX_BHSI,2024-08-23 00:00:00,2024-08-23 18:00:00,780.2,POINTS,1,v1.0,VALID,SYNTHETIC,hash_mkt_001180,True
1181,INDEX_BDI,2024-08-24 00:00:00,2024-08-24 18:00:00,1684.4,POINTS,1,v1.0,VALID,SYNTHETIC,hash_mkt_001181,True
1182,INDEX_BCI,2024-08-24 00:00:00,2024-08-24 18:00:00,2217.5,POINTS,1,v1.0,VALID,SYNTHETIC,hash_mkt_001182,True
1183,INDEX_BPI,2024-08-24 00:00:00,2024-08-24 18:00:00,1617.5,POINTS,1,v1.0,VALID,SYNTHETIC,hash_mkt_001183,True
1184,INDEX_BSI,2024-08-24 00:00:00,2024-08-24 18:00:00,1278.0,POINTS,1,v1.0,VALID,SYNTHETIC,hash_mkt_001184,True
1185,INDEX_BHSI,2024-08-24 00:00:00,2024-08-24 18:00:00,782.2,POINTS,1,v1.0,VALID,SYNTHETIC,hash_mkt_001185,True
1186,INDEX_BDI,2024-08-25 00:00:00,2024-08-25 18:00:00,1640.2,POINTS,1,v1.0,VALID,SYNTHETIC,hash_mkt_001186,True
1187,INDEX_BCI,2024-08-25 00:00:00,2024-08-25 18:00:00,2139.3,POINTS,1,v1.0,VALID,SYNTHETIC,hash_mkt_001187,True
1188,INDEX_BPI,2024-08-25 00:00:00,2024-08-25 18:00:00,1643.2,POINTS,1,v1.0,VALID,SYNTHETIC,hash_mkt_001188,True
1189,INDEX_BSI,2024-08-25 00:00:00,2024-08-25 18:00:00,1267.2,POINTS,1,v1.0,VALID,SYNTHETIC,hash_mkt_001189,True
1190,INDEX_BHSI,2024-08-25 00:00:00,2024-08-25 18:00:00,787.2,POINTS,1,v1.0,VALID,SYNTHETIC,hash_mkt_001190,True
1191,INDEX_BDI,2024-08-26 00:00:00,2024-08-26 18:00:00,1671.1,POINTS,1,v1.0,VALID,SYNTHETIC,hash_mkt_001191,True
1192,INDEX_BCI,2024-08-26 00:00:00,2024-08-26 18:00:00,2234.8,POINTS,1,v1.0,VALID,SYNTHETIC,hash_mkt_001192,True
1193,INDEX_BPI,2024-08-26 00:00:00,2024-08-26 18:00:00,1593.3,POINTS,1,v1.0,VALID,SYNTHETIC,hash_mkt_001193,True
1194,INDEX_BSI,2024-08-26 00:00:00,2024-08-26 18:00:00,1269.7,POINTS,1,v1.0,VALID,SYNTHETIC,hash_mkt_001194,True
1195,INDEX_BHSI,2024-08-26 00:00:00,2024-08-26 18:00:00,776.6,POINTS,1,v1.0,VALID,SYNTHETIC,hash_mkt_001195,True
1196,INDEX_BDI,2024-08-27 00:00:00,2024-08-27 18:00:00,1714.9,POINTS,1,v1.0,VALID,SYNTHETIC,hash_mkt_001196,True
1197,INDEX_BCI,2024-08-27 00:00:00,2024-08-27 18:00:00,2217.4,POINTS,1,v1.0,VALID,SYNTHETIC,hash_mkt_001197,True
1198,INDEX_BPI,2024-08-27 00:00:00,2024-08-27 18:00:00,1635.5,POINTS,1,v1.0,VALID,SYNTHETIC,hash_mkt_001198,True
1199,INDEX_BSI,2024-08-27 00:00:00,2024-08-27 18:00:00,1282.6,POINTS,1,v1.0,VALID,SYNTHETIC,hash_mkt_001199,True
1200,INDEX_BHSI,2024-08-27 00:00:00,2024-08-27 18:00:00,791.7,POINTS,1,v1.0,VALID,SYNTHETIC,hash_mkt_001200,True
1201,INDEX_BDI,2024-08-28 00:00:00,2024-08-28 18:00:00,1723.8,POINTS,1,v1.0,VALID,SYNTHETIC,hash_mkt_001201,True
1202,INDEX_BCI,2024-08-28 00:00:00,2024-08-28 18:00:00,2220.3,POINTS,1,v1.0,VALID,SYNTHETIC,hash_mkt_001202,True
1203,INDEX_BPI,2024-08-28 00:00:00,2024-08-28 18:00:00,1626.9,POINTS,1,v1.0,VALID,SYNTHETIC,hash_mkt_001203,True
1204,INDEX_BSI,2024-08-28 00:00:00,2024-08-28 18:00:00,1281.9,POINTS,1,v1.0,VALID,SYNTHETIC,hash_mkt_001204,True
1205,INDEX_BHSI,2024-08-28 00:00:00,2024-08-28 18:00:00,790.5,POINTS,1,v1.0,VALID,SYNTHETIC,hash_mkt_001205,True
1206,INDEX_BDI,2024-08-29 00:00:00,2024-08-29 18:00:00,1748.6,POINTS,1,v1.0,VALID,SYNTHETIC,hash_mkt_001206,True
1207,INDEX_BCI,2024-08-29 00:00:00,2024-08-29 18:00:00,2216.5,POINTS,1,v1.0,VALID,SYNTHETIC,hash_mkt_001207,True
1208,INDEX_BPI,2024-08-29 00:00:00,2024-08-29 18:00:00,1676.4,POINTS,1,v1.0,VALID,SYNTHETIC,hash_mkt_001208,True
1209,INDEX_BSI,2024-08-29 00:00:00,2024-08-29 18:00:00,1276.0,POINTS,1,v1.0,VALID,SYNTHETIC,hash_mkt_001209,True
1210,INDEX_BHSI,2024-08-29 00:00:00,2024-08-29 18:00:00,782.5,POINTS,1,v1.0,VALID,SYNTHETIC,hash_mkt_001210,True
1211,INDEX_BDI,2024-08-30 00:00:00,2024-08-30 18:00:00,1739.6,POINTS,1,v1.0,VALID,SYNTHETIC,hash_mkt_001211,True
1212,INDEX_BCI,2024-08-30 00:00:00,2024-08-30 18:00:00,2255.1,POINTS,1,v1.0,VALID,SYNTHETIC,hash_mkt_001212,True
1213,INDEX_BPI,2024-08-30 00:00:00,2024-08-30 18:00:00,1658.9,POINTS,1,v1.0,VALID,SYNTHETIC,hash_mkt_001213,True
1214,INDEX_BSI,2024-08-30 00:00:00,2024-08-30 18:00:00,1252.2,POINTS,1,v1.0,VALID,SYNTHETIC,hash_mkt_001214,True
1215,INDEX_BHSI,2024-08-30 00:00:00,2024-08-30 18:00:00,790.8,POINTS,1,v1.0,VALID,SYNTHETIC,hash_mkt_001215,True
1216,INDEX_BDI,2024-08-31 00:00:00,2024-08-31 18:00:00,1717.9,POINTS,1,v1.0,VALID,SYNTHETIC,hash_mkt_001216,True
1217,INDEX_BCI,2024-08-31 00:00:00,2024-08-31 18:00:00,2232.3,POINTS,1,v1.0,VALID,SYNTHETIC,hash_mkt_001217,True
1218,INDEX_BPI,2024-08-31 00:00:00,2024-08-31 18:00:00,1672.8,POINTS,1,v1.0,VALID,SYNTHETIC,hash_mkt_001218,True
1219,INDEX_BSI,2024-08-31 00:00:00,2024-08-31 18:00:00,1280.6,POINTS,1,v1.0,VALID,SYNTHETIC,hash_mkt_001219,True
1220,INDEX_BHSI,2024-08-31 00:00:00,2024-08-31 18:00:00,806.3,POINTS,1,v1.0,VALID,SYNTHETIC,hash_mkt_001220,True
1221,INDEX_BDI,2024-09-01 00:00:00,2024-09-01 18:00:00,1724.6,POINTS,1,v1.0,VALID,SYNTHETIC,hash_mkt_001221,True
1222,INDEX_BCI,2024-09-01 00:00:00,2024-09-01 18:00:00,2241.3,POINTS,1,v1.0,VALID,SYNTHETIC,hash_mkt_001222,True
1223,INDEX_BPI,2024-09-01 00:00:00,2024-09-01 18:00:00,1714.2,POINTS,1,v1.0,VALID,SYNTHETIC,hash_mkt_001223,True
1224,INDEX_BSI,2024-09-01 00:00:00,2024-09-01 18:00:00,1281.8,POINTS,1,v1.0,VALID,SYNTHETIC,hash_mkt_001224,True
1225,INDEX_BHSI,2024-09-01 00:00:00,2024-09-01 18:00:00,823.0,POINTS,1,v1.0,VALID,SYNTHETIC,hash_mkt_001225,True
1226,INDEX_BDI,2024-09-02 00:00:00,2024-09-02 18:00:00,1767.7,POINTS,1,v1.0,VALID,SYNTHETIC,hash_mkt_001226,True
1227,INDEX_BCI,2024-09-02 00:00:00,2024-09-02 18:00:00,2363.0,POINTS,1,v1.0,VALID,SYNTHETIC,hash_mkt_001227,True
1228,INDEX_BPI,2024-09-02 00:00:00,2024-09-02 18:00:00,1666.9,POINTS,1,v1.0,VALID,SYNTHETIC,hash_mkt_001228,True
1229,INDEX_BSI,2024-09-02 00:00:00,2024-09-02 18:00:00,1292.2,POINTS,1,v1.0,VALID,SYNTHETIC,hash_mkt_001229,True
1230,INDEX_BHSI,2024-09-02 00:00:00,2024-09-02 18:00:00,806.4,POINTS,1,v1.0,VALID,SYNTHETIC,hash_mkt_001230,True
1231,INDEX_BDI,2024-09-03 00:00:00,2024-09-03 18:00:00,1738.6,POINTS,1,v1.0,VALID,SYNTHETIC,hash_mkt_001231,True
1232,INDEX_BCI,2024-09-03 00:00:00,2024-09-03 18:00:00,2261.5,POINTS,1,v1.0,VALID,SYNTHETIC,hash_mkt_001232,True
1233,INDEX_BPI,2024-09-03 00:00:00,2024-09-03 18:00:00,1730.8,POINTS,1,v1.0,VALID,SYNTHETIC,hash_mkt_001233,True
1234,INDEX_BSI,2024-09-03 00:00:00,2024-09-03 18:00:00,1303.7,POINTS,1,v1.0,VALID,SYNTHETIC,hash_mkt_001234,True
1235,INDEX_BHSI,2024-09-03 00:00:00,2024-09-03 18:00:00,834.4,POINTS,1,v1.0,VALID,SYNTHETIC,hash_mkt_001235,True
1236,INDEX_BDI,2024-09-04 00:00:00,2024-09-04 18:00:00,1795.1,POINTS,1,v1.0,VALID,SYNTHETIC,hash_mkt_001236,True
1237,INDEX_BCI,2024-09-04 00:00:00,2024-09-04 18:00:00,2284.0,POINTS,1,v1.0,VALID,SYNTHETIC,hash_mkt_001237,True
1238,INDEX_BPI,2024-09-04 00:00:00,2024-09-04 18:00:00,1727.4,POINTS,1,v1.0,VALID,SYNTHETIC,hash_mkt_001238,True
1239,INDEX_BSI,2024-09-04 00:00:00,2024-09-04 18:00:00,1303.8,POINTS,1,v1.0,VALID,SYNTHETIC,hash_mkt_001239,True
1240,INDEX_BHSI,2024-09-04 00:00:00,2024-09-04 18:00:00,815.8,POINTS,1,v1.0,VALID,SYNTHETIC,hash_mkt_001240,True
1241,INDEX_BDI,2024-09-05 00:00:00,2024-09-05 18:00:00,1760.8,POINTS,1,v1.0,VALID,SYNTHETIC,hash_mkt_001241,True
1242,INDEX_BCI,2024-09-05 00:00:00,2024-09-05 18:00:00,2288.9,POINTS,1,v1.0,VALID,SYNTHETIC,hash_mkt_001242,True
1243,INDEX_BPI,2024-09-05 00:00:00,2024-09-05 18:00:00,1703.4,POINTS,1,v1.0,VALID,SYNTHETIC,hash_mkt_001243,True
1244,INDEX_BSI,2024-09-05 00:00:00,2024-09-05 18:00:00,1304.9,POINTS,1,v1.0,VALID,SYNTHETIC,hash_mkt_001244,True
1245,INDEX_BHSI,2024-09-05 00:00:00,2024-09-05 18:00:00,823.0,POINTS,1,v1.0,VALID,SYNTHETIC,hash_mkt_001245,True
1246,INDEX_BDI,2024-09-06 00:00:00,2024-09-06 18:00:00,1752.1,POINTS,1,v1.0,VALID,SYNTHETIC,hash_mkt_001246,True
1247,INDEX_BCI,2024-09-06 00:00:00,2024-09-06 18:00:00,2280.8,POINTS,1,v1.0,VALID,SYNTHETIC,hash_mkt_001247,True
1248,INDEX_BPI,2024-09-06 00:00:00,2024-09-06 18:00:00,1725.8,POINTS,1,v1.0,VALID,SYNTHETIC,hash_mkt_001248,True
1249,INDEX_BSI,2024-09-06 00:00:00,2024-09-06 18:00:00,1313.9,POINTS,1,v1.0,VALID,SYNTHETIC,hash_mkt_001249,True
1250,INDEX_BHSI,2024-09-06 00:00:00,2024-09-06 18:00:00,804.5,POINTS,1,v1.0,VALID,SYNTHETIC,hash_mkt_001250,True
1251,INDEX_BDI,2024-09-07 00:00:00,2024-09-07 18:00:00,1763.3,POINTS,1,v1.0,VALID,SYNTHETIC,hash_mkt_001251,True
1252,INDEX_BCI,2024-09-07 00:00:00,2024-09-07 18:00:00,2297.8,POINTS,1,v1.0,VALID,SYNTHETIC,hash_mkt_001252,True
1253,INDEX_BPI,2024-09-07 00:00:00,2024-09-07 18:00:00,1735.7,POINTS,1,v1.0,VALID,SYNTHETIC,hash_mkt_001253,True
1254,INDEX_BSI,2024-09-07 00:00:00,2024-09-07 18:00:00,1331.3,POINTS,1,v1.0,VALID,SYNTHETIC,hash_mkt_001254,True
1255,INDEX_BHSI,2024-09-07 00:00:00,2024-09-07 18:00:00,806.7,POINTS,1,v1.0,VALID,SYNTHETIC,hash_mkt_001255,True
1256,INDEX_BDI,2024-09-08 00:00:00,2024-09-08 18:00:00,1782.4,POINTS,1,v1.0,VALID,SYNTHETIC,hash_mkt_001256,True
1257,INDEX_BCI,2024-09-08 00:00:00,2024-09-08 18:00:00,2325.1,POINTS,1,v1.0,VALID,SYNTHETIC,hash_mkt_001257,True
1258,INDEX_BPI,2024-09-08 00:00:00,2024-09-08 18:00:00,1721.3,POINTS,1,v1.0,VALID,SYNTHETIC,hash_mkt_001258,True
1259,INDEX_BSI,2024-09-08 00:00:00,2024-09-08 18:00:00,1327.3,POINTS,1,v1.0,VALID,SYNTHETIC,hash_mkt_001259,True
1260,INDEX_BHSI,2024-09-08 00:00:00,2024-09-08 18:00:00,825.8,POINTS,1,v1.0,VALID,SYNTHETIC,hash_mkt_001260,True
1261,INDEX_BDI,2024-09-09 00:00:00,2024-09-09 18:00:00,1721.5,POINTS,1,v1.0,VALID,SYNTHETIC,hash_mkt_001261,True
1262,INDEX_BCI,2024-09-09 00:00:00,2024-09-09 18:00:00,2263.1,POINTS,1,v1.0,VALID,SYNTHETIC,hash_mkt_001262,True
1263,INDEX_BPI,2024-09-09 00:00:00,2024-09-09 18:00:00,1658.0,POINTS,1,v1.0,VALID,SYNTHETIC,hash_mkt_001263,True
1264,INDEX_BSI,2024-09-09 00:00:00,2024-09-09 18:00:00,1331.3,POINTS,1,v1.0,VALID,SYNTHETIC,hash_mkt_001264,True
1265,INDEX_BHSI,2024-09-09 00:00:00,2024-09-09 18:00:00,830.4,POINTS,1,v1.0,VALID,SYNTHETIC,hash_mkt_001265,True
1266,INDEX_BDI,2024-09-10 00:00:00,2024-09-10 18:00:00,1753.1,POINTS,1,v1.0,VALID,SYNTHETIC,hash_mkt_001266,True
1267,INDEX_BCI,2024-09-10 00:00:00,2024-09-10 18:00:00,2247.2,POINTS,1,v1.0,VALID,SYNTHETIC,hash_mkt_001267,True
1268,INDEX_BPI,2024-09-10 00:00:00,2024-09-10 18:00:00,1658.2,POINTS,1,v1.0,VALID,SYNTHETIC,hash_mkt_001268,True
1269,INDEX_BSI,2024-09-10 00:00:00,2024-09-10 18:00:00,1300.4,POINTS,1,v1.0,VALID,SYNTHETIC,hash_mkt_001269,True
1270,INDEX_BHSI,2024-09-10 00:00:00,2024-09-10 18:00:00,851.3,POINTS,1,v1.0,VALID,SYNTHETIC,hash_mkt_001270,True
1271,INDEX_BDI,2024-09-11 00:00:00,2024-09-11 18:00:00,1767.3,POINTS,1,v1.0,VALID,SYNTHETIC,hash_mkt_001271,True
1272,INDEX_BCI,2024-09-11 00:00:00,2024-09-11 18:00:00,2354.1,POINTS,1,v1.0,VALID,SYNTHETIC,hash_mkt_001272,True
1273,INDEX_BPI,2024-09-11 00:00:00,2024-09-11 18:00:00,1691.8,POINTS,1,v1.0,VALID,SYNTHETIC,hash_mkt_001273,True
1274,INDEX_BSI,2024-09-11 00:00:00,2024-09-11 18:00:00,1294.4,POINTS,1,v1.0,VALID,SYNTHETIC,hash_mkt_001274,True
1275,INDEX_BHSI,2024-09-11 00:00:00,2024-09-11 18:00:00,820.7,POINTS,1,v1.0,VALID,SYNTHETIC,hash_mkt_001275,True
1276,INDEX_BDI,2024-09-12 00:00:00,2024-09-12 18:00:00,1771.1,POINTS,1,v1.0,VALID,SYNTHETIC,hash_mkt_001276,True
1277,INDEX_BCI,2024-09-12 00:00:00,2024-09-12 18:00:00,2229.2,POINTS,1,v1.0,VALID,SYNTHETIC,hash_mkt_001277,True
1278,INDEX_BPI,2024-09-12 00:00:00,2024-09-12 18:00:00,1726.0,POINTS,1,v1.0,VALID,SYNTHETIC,hash_mkt_001278,True
1279,INDEX_BSI,2024-09-12 00:00:00,2024-09-12 18:00:00,1324.8,POINTS,1,v1.0,VALID,SYNTHETIC,hash_mkt_001279,True
1280,INDEX_BHSI,2024-09-12 00:00:00,2024-09-12 18:00:00,819.4,POINTS,1,v1.0,VALID,SYNTHETIC,hash_mkt_001280,True
1281,INDEX_BDI,2024-09-13 00:00:00,2024-09-13 18:00:00,1774.0,POINTS,1,v1.0,VALID,SYNTHETIC,hash_mkt_001281,True
1282,INDEX_BCI,2024-09-13 00:00:00,2024-09-13 18:00:00,2143.4,POINTS,1,v1.0,VALID,SYNTHETIC,hash_mkt_001282,True
1283,INDEX_BPI,2024-09-13 00:00:00,2024-09-13 18:00:00,1661.1,POINTS,1,v1.0,VALID,SYNTHETIC,hash_mkt_001283,True
1284,INDEX_BSI,2024-09-13 00:00:00,2024-09-13 18:00:00,1312.3,POINTS,1,v1.0,VALID,SYNTHETIC,hash_mkt_001284,True
1285,INDEX_BHSI,2024-09-13 00:00:00,2024-09-13 18:00:00,821.7,POINTS,1,v1.0,VALID,SYNTHETIC,hash_mkt_001285,True
1286,INDEX_BDI,2024-09-14 00:00:00,2024-09-14 18:00:00,1738.1,POINTS,1,v1.0,VALID,SYNTHETIC,hash_mkt_001286,True
1287,INDEX_BCI,2024-09-14 00:00:00,2024-09-14 18:00:00,2298.9,POINTS,1,v1.0,VALID,SYNTHETIC,hash_mkt_001287,True
1288,INDEX_BPI,2024-09-14 00:00:00,2024-09-14 18:00:00,1663.8,POINTS,1,v1.0,VALID,SYNTHETIC,hash_mkt_001288,True
1289,INDEX_BSI,2024-09-14 00:00:00,2024-09-14 18:00:00,1327.2,POINTS,1,v1.0,VALID,SYNTHETIC,hash_mkt_001289,True
1290,INDEX_BHSI,2024-09-14 00:00:00,2024-09-14 18:00:00,804.6,POINTS,1,v1.0,VALID,SYNTHETIC,hash_mkt_001290,True
1291,INDEX_BDI,2024-09-15 00:00:00,2024-09-15 18:00:00,1712.9,POINTS,1,v1.0,VALID,SYNTHETIC,hash_mkt_001291,True
1292,INDEX_BCI,2024-09-15 00:00:00,2024-09-15 18:00:00,2260.7,POINTS,1,v1.0,VALID,SYNTHETIC,hash_mkt_001292,True
1293,INDEX_BPI,2024-09-15 00:00:00,2024-09-15 18:00:00,1670.7,POINTS,1,v1.0,VALID,SYNTHETIC,hash_mkt_001293,True
1294,INDEX_BSI,2024-09-15 00:00:00,2024-09-15 18:00:00,1293.1,POINTS,1,v1.0,VALID,SYNTHETIC,hash_mkt_001294,True
1295,INDEX_BHSI,2024-09-15 00:00:00,2024-09-15 18:00:00,801.3,POINTS,1,v1.0,VALID,SYNTHETIC,hash_mkt_001295,True
1296,INDEX_BDI,2024-09-16 00:00:00,2024-09-16 18:00:00,1727.8,POINTS,1,v1.0,VALID,SYNTHETIC,hash_mkt_001296,True
1297,INDEX_BCI,2024-09-16 00:00:00,2024-09-16 18:00:00,2207.6,POINTS,1,v1.0,VALID,SYNTHETIC,hash_mkt_001297,True
1298,INDEX_BPI,2024-09-16 00:00:00,2024-09-16 18:00:00,1674.7,POINTS,1,v1.0,VALID,SYNTHETIC,hash_mkt_001298,True
1299,INDEX_BSI,2024-09-16 00:00:00,2024-09-16 18:00:00,1315.9,POINTS,1,v1.0,VALID,SYNTHETIC,hash_mkt_001299,True
1300,INDEX_BHSI,2024-09-16 00:00:00,2024-09-16 18:00:00,816.6,POINTS,1,v1.0,VALID,SYNTHETIC,hash_mkt_001300,True
1301,INDEX_BDI,2024-09-17 00:00:00,2024-09-17 18:00:00,1704.3,POINTS,1,v1.0,VALID,SYNTHETIC,hash_mkt_001301,True
1302,INDEX_BCI,2024-09-17 00:00:00,2024-09-17 18:00:00,2202.5,POINTS,1,v1.0,VALID,SYNTHETIC,hash_mkt_001302,True
1303,INDEX_BPI,2024-09-17 00:00:00,2024-09-17 18:00:00,1664.5,POINTS,1,v1.0,VALID,SYNTHETIC,hash_mkt_001303,True
1304,INDEX_BSI,2024-09-17 00:00:00,2024-09-17 18:00:00,1284.1,POINTS,1,v1.0,VALID,SYNTHETIC,hash_mkt_001304,True
1305,INDEX_BHSI,2024-09-17 00:00:00,2024-09-17 18:00:00,800.7,POINTS,1,v1.0,VALID,SYNTHETIC,hash_mkt_001305,True
1306,INDEX_BDI,2024-09-18 00:00:00,2024-09-18 18:00:00,1695.2,POINTS,1,v1.0,VALID,SYNTHETIC,hash_mkt_001306,True
1307,INDEX_BCI,2024-09-18 00:00:00,2024-09-18 18:00:00,2234.7,POINTS,1,v1.0,VALID,SYNTHETIC,hash_mkt_001307,True
1308,INDEX_BPI,2024-09-18 00:00:00,2024-09-18 18:00:00,1622.8,POINTS,1,v1.0,VALID,SYNTHETIC,hash_mkt_001308,True
1309,INDEX_BSI,2024-09-18 00:00:00,2024-09-18 18:00:00,1267.9,POINTS,1,v1.0,VALID,SYNTHETIC,hash_mkt_001309,True
1310,INDEX_BHSI,2024-09-18 00:00:00,2024-09-18 18:00:00,787.1,POINTS,1,v1.0,VALID,SYNTHETIC,hash_mkt_001310,True
1311,INDEX_BDI,2024-09-19 00:00:00,2024-09-19 18:00:00,1705.9,POINTS,1,v1.0,VALID,SYNTHETIC,hash_mkt_001311,True
1312,INDEX_BCI,2024-09-19 00:00:00,2024-09-19 18:00:00,2141.5,POINTS,1,v1.0,VALID,SYNTHETIC,hash_mkt_001312,True
1313,INDEX_BPI,2024-09-19 00:00:00,2024-09-19 18:00:00,1597.6,POINTS,1,v1.0,VALID,SYNTHETIC,hash_mkt_001313,True
1314,INDEX_BSI,2024-09-19 00:00:00,2024-09-19 18:00:00,1244.3,POINTS,1,v1.0,VALID,SYNTHETIC,hash_mkt_001314,True
1315,INDEX_BHSI,2024-09-19 00:00:00,2024-09-19 18:00:00,792.2,POINTS,1,v1.0,VALID,SYNTHETIC,hash_mkt_001315,True
1316,INDEX_BDI,2024-09-20 00:00:00,2024-09-20 18:00:00,1678.2,POINTS,1,v1.0,VALID,SYNTHETIC,hash_mkt_001316,True
1317,INDEX_BCI,2024-09-20 00:00:00,2024-09-20 18:00:00,2149.2,POINTS,1,v1.0,VALID,SYNTHETIC,hash_mkt_001317,True
1318,INDEX_BPI,2024-09-20 00:00:00,2024-09-20 18:00:00,1617.0,POINTS,1,v1.0,VALID,SYNTHETIC,hash_mkt_001318,True
1319,INDEX_BSI,2024-09-20 00:00:00,2024-09-20 18:00:00,1237.6,POINTS,1,v1.0,VALID,SYNTHETIC,hash_mkt_001319,True
1320,INDEX_BHSI,2024-09-20 00:00:00,2024-09-20 18:00:00,761.0,POINTS,1,v1.0,VALID,SYNTHETIC,hash_mkt_001320,True
1321,INDEX_BDI,2024-09-21 00:00:00,2024-09-21 18:00:00,1611.6,POINTS,1,v1.0,VALID,SYNTHETIC,hash_mkt_001321,True
1322,INDEX_BCI,2024-09-21 00:00:00,2024-09-21 18:00:00,2139.7,POINTS,1,v1.0,VALID,SYNTHETIC,hash_mkt_001322,True
1323,INDEX_BPI,2024-09-21 00:00:00,2024-09-21 18:00:00,1621.3,POINTS,1,v1.0,VALID,SYNTHETIC,hash_mkt_001323,True
1324,INDEX_BSI,2024-09-21 00:00:00,2024-09-21 18:00:00,1256.9,POINTS,1,v1.0,VALID,SYNTHETIC,hash_mkt_001324,True
1325,INDEX_BHSI,2024-09-21 00:00:00,2024-09-21 18:00:00,771.7,POINTS,1,v1.0,VALID,SYNTHETIC,hash_mkt_001325,True
1326,INDEX_BDI,2024-09-22 00:00:00,2024-09-22 18:00:00,1661.5,POINTS,1,v1.0,VALID,SYNTHETIC,hash_mkt_001326,True
1327,INDEX_BCI,2024-09-22 00:00:00,2024-09-22 18:00:00,2107.8,POINTS,1,v1.0,VALID,SYNTHETIC,hash_mkt_001327,True
1328,INDEX_BPI,2024-09-22 00:00:00,2024-09-22 18:00:00,1569.4,POINTS,1,v1.0,VALID,SYNTHETIC,hash_mkt_001328,True
1329,INDEX_BSI,2024-09-22 00:00:00,2024-09-22 18:00:00,1214.4,POINTS,1,v1.0,VALID,SYNTHETIC,hash_mkt_001329,True
1330,INDEX_BHSI,2024-09-22 00:00:00,2024-09-22 18:00:00,768.8,POINTS,1,v1.0,VALID,SYNTHETIC,hash_mkt_001330,True
1331,INDEX_BDI,2024-09-23 00:00:00,2024-09-23 18:00:00,1650.0,POINTS,1,v1.0,VALID,SYNTHETIC,hash_mkt_001331,True
1332,INDEX_BCI,2024-09-23 00:00:00,2024-09-23 18:00:00,2086.4,POINTS,1,v1.0,VALID,SYNTHETIC,hash_mkt_001332,True
1333,INDEX_BPI,2024-09-23 00:00:00,2024-09-23 18:00:00,1562.6,POINTS,1,v1.0,VALID,SYNTHETIC,hash_mkt_001333,True
1334,INDEX_BSI,2024-09-23 00:00:00,2024-09-23 18:00:00,1222.7,POINTS,1,v1.0,VALID,SYNTHETIC,hash_mkt_001334,True
1335,INDEX_BHSI,2024-09-23 00:00:00,2024-09-23 18:00:00,755.2,POINTS,1,v1.0,VALID,SYNTHETIC,hash_mkt_001335,True
1336,INDEX_BDI,2024-09-24 00:00:00,2024-09-24 18:00:00,1604.3,POINTS,1,v1.0,VALID,SYNTHETIC,hash_mkt_001336,True
1337,INDEX_BCI,2024-09-24 00:00:00,2024-09-24 18:00:00,2120.7,POINTS,1,v1.0,VALID,SYNTHETIC,hash_mkt_001337,True
1338,INDEX_BPI,2024-09-24 00:00:00,2024-09-24 18:00:00,1549.4,POINTS,1,v1.0,VALID,SYNTHETIC,hash_mkt_001338,True
1339,INDEX_BSI,2024-09-24 00:00:00,2024-09-24 18:00:00,1184.0,POINTS,1,v1.0,VALID,SYNTHETIC,hash_mkt_001339,True
1340,INDEX_BHSI,2024-09-24 00:00:00,2024-09-24 18:00:00,753.8,POINTS,1,v1.0,VALID,SYNTHETIC,hash_mkt_001340,True
1341,INDEX_BDI,2024-09-25 00:00:00,2024-09-25 18:00:00,1587.5,POINTS,1,v1.0,VALID,SYNTHETIC,hash_mkt_001341,True
1342,INDEX_BCI,2024-09-25 00:00:00,2024-09-25 18:00:00,1967.0,POINTS,1,v1.0,VALID,SYNTHETIC,hash_mkt_001342,True
1343,INDEX_BPI,2024-09-25 00:00:00,2024-09-25 18:00:00,1550.5,POINTS,1,v1.0,VALID,SYNTHETIC,hash_mkt_001343,True
1344,INDEX_BSI,2024-09-25 00:00:00,2024-09-25 18:00:00,1195.3,POINTS,1,v1.0,VALID,SYNTHETIC,hash_mkt_001344,True
1345,INDEX_BHSI,2024-09-25 00:00:00,2024-09-25 18:00:00,738.0,POINTS,1,v1.0,VALID,SYNTHETIC,hash_mkt_001345,True
1346,INDEX_BDI,2024-09-26 00:00:00,2024-09-26 18:00:00,1596.1,POINTS,1,v1.0,VALID,SYNTHETIC,hash_mkt_001346,True
1347,INDEX_BCI,2024-09-26 00:00:00,2024-09-26 18:00:00,2029.1,POINTS,1,v1.0,VALID,SYNTHETIC,hash_mkt_001347,True
1348,INDEX_BPI,2024-09-26 00:00:00,2024-09-26 18:00:00,1549.6,POINTS,1,v1.0,VALID,SYNTHETIC,hash_mkt_001348,True
1349,INDEX_BSI,2024-09-26 00:00:00,2024-09-26 18:00:00,1182.5,POINTS,1,v1.0,VALID,SYNTHETIC,hash_mkt_001349,True
1350,INDEX_BHSI,2024-09-26 00:00:00,2024-09-26 18:00:00,732.2,POINTS,1,v1.0,VALID,SYNTHETIC,hash_mkt_001350,True
1351,INDEX_BDI,2024-09-27 00:00:00,2024-09-27 18:00:00,1524.9,POINTS,1,v1.0,VALID,SYNTHETIC,hash_mkt_001351,True
1352,INDEX_BCI,2024-09-27 00:00:00,2024-09-27 18:00:00,1888.2,POINTS,1,v1.0,VALID,SYNTHETIC,hash_mkt_001352,True
1353,INDEX_BPI,2024-09-27 00:00:00,2024-09-27 18:00:00,1472.4,POINTS,1,v1.0,VALID,SYNTHETIC,hash_mkt_001353,True
1354,INDEX_BSI,2024-09-27 00:00:00,2024-09-27 18:00:00,1154.6,POINTS,1,v1.0,VALID,SYNTHETIC,hash_mkt_001354,True
1355,INDEX_BHSI,2024-09-27 00:00:00,2024-09-27 18:00:00,722.4,POINTS,1,v1.0,VALID,SYNTHETIC,hash_mkt_001355,True
1356,INDEX_BDI,2024-09-28 00:00:00,2024-09-28 18:00:00,1517.0,POINTS,1,v1.0,VALID,SYNTHETIC,hash_mkt_001356,True
1357,INDEX_BCI,2024-09-28 00:00:00,2024-09-28 18:00:00,2011.1,POINTS,1,v1.0,VALID,SYNTHETIC,hash_mkt_001357,True
1358,INDEX_BPI,2024-09-28 00:00:00,2024-09-28 18:00:00,1475.5,POINTS,1,v1.0,VALID,SYNTHETIC,hash_mkt_001358,True
1359,INDEX_BSI,2024-09-28 00:00:00,2024-09-28 18:00:00,1106.7,POINTS,1,v1.0,VALID,SYNTHETIC,hash_mkt_001359,True
1360,INDEX_BHSI,2024-09-28 00:00:00,2024-09-28 18:00:00,707.3,POINTS,1,v1.0,VALID,SYNTHETIC,hash_mkt_001360,True
1361,INDEX_BDI,2024-09-29 00:00:00,2024-09-29 18:00:00,1525.8,POINTS,1,v1.0,VALID,SYNTHETIC,hash_mkt_001361,True
1362,INDEX_BCI,2024-09-29 00:00:00,2024-09-29 18:00:00,1880.3,POINTS,1,v1.0,VALID,SYNTHETIC,hash_mkt_001362,True
1363,INDEX_BPI,2024-09-29 00:00:00,2024-09-29 18:00:00,1467.8,POINTS,1,v1.0,VALID,SYNTHETIC,hash_mkt_001363,True
1364,INDEX_BSI,2024-09-29 00:00:00,2024-09-29 18:00:00,1121.9,POINTS,1,v1.0,VALID,SYNTHETIC,hash_mkt_001364,True
1365,INDEX_BHSI,2024-09-29 00:00:00,2024-09-29 18:00:00,714.6,POINTS,1,v1.0,VALID,SYNTHETIC,hash_mkt_001365,True
1366,INDEX_BDI,2024-09-30 00:00:00,2024-09-30 18:00:00,1520.8,POINTS,1,v1.0,VALID,SYNTHETIC,hash_mkt_001366,True
1367,INDEX_BCI,2024-09-30 00:00:00,2024-09-30 18:00:00,1851.1,POINTS,1,v1.0,VALID,SYNTHETIC,hash_mkt_001367,True
1368,INDEX_BPI,2024-09-30 00:00:00,2024-09-30 18:00:00,1437.6,POINTS,1,v1.0,VALID,SYNTHETIC,hash_mkt_001368,True
1369,INDEX_BSI,2024-09-30 00:00:00,2024-09-30 18:00:00,1114.9,POINTS,1,v1.0,VALID,SYNTHETIC,hash_mkt_001369,True
1370,INDEX_BHSI,2024-09-30 00:00:00,2024-09-30 18:00:00,676.6,POINTS,1,v1.0,VALID,SYNTHETIC,hash_mkt_001370,True
1371,INDEX_BDI,2024-10-01 00:00:00,2024-10-01 18:00:00,1472.4,POINTS,1,v1.0,VALID,SYNTHETIC,hash_mkt_001371,True
1372,INDEX_BCI,2024-10-01 00:00:00,2024-10-01 18:00:00,1789.4,POINTS,1,v1.0,VALID,SYNTHETIC,hash_mkt_001372,True
1373,INDEX_BPI,2024-10-01 00:00:00,2024-10-01 18:00:00,1399.4,POINTS,1,v1.0,VALID,SYNTHETIC,hash_mkt_001373,True
1374,INDEX_BSI,2024-10-01 00:00:00,2024-10-01 18:00:00,1098.4,POINTS,1,v1.0,VALID,SYNTHETIC,hash_mkt_001374,True
1375,INDEX_BHSI,2024-10-01 00:00:00,2024-10-01 18:00:00,682.0,POINTS,1,v1.0,VALID,SYNTHETIC,hash_mkt_001375,True
1376,INDEX_BDI,2024-10-02 00:00:00,2024-10-02 18:00:00,1440.7,POINTS,1,v1.0,VALID,SYNTHETIC,hash_mkt_001376,True
1377,INDEX_BCI,2024-10-02 00:00:00,2024-10-02 18:00:00,1860.6,POINTS,1,v1.0,VALID,SYNTHETIC,hash_mkt_001377,True
1378,INDEX_BPI,2024-10-02 00:00:00,2024-10-02 18:00:00,1364.5,POINTS,1,v1.0,VALID,SYNTHETIC,hash_mkt_001378,True
1379,INDEX_BSI,2024-10-02 00:00:00,2024-10-02 18:00:00,1078.5,POINTS,1,v1.0,VALID,SYNTHETIC,hash_mkt_001379,True
1380,INDEX_BHSI,2024-10-02 00:00:00,2024-10-02 18:00:00,682.8,POINTS,1,v1.0,VALID,SYNTHETIC,hash_mkt_001380,True
1381,INDEX_BDI,2024-10-03 00:00:00,2024-10-03 18:00:00,1420.2,POINTS,1,v1.0,VALID,SYNTHETIC,hash_mkt_001381,True
1382,INDEX_BCI,2024-10-03 00:00:00,2024-10-03 18:00:00,1765.3,POINTS,1,v1.0,VALID,SYNTHETIC,hash_mkt_001382,True
1383,INDEX_BPI,2024-10-03 00:00:00,2024-10-03 18:00:00,1405.4,POINTS,1,v1.0,VALID,SYNTHETIC,hash_mkt_001383,True
1384,INDEX_BSI,2024-10-03 00:00:00,2024-10-03 18:00:00,1087.9,POINTS,1,v1.0,VALID,SYNTHETIC,hash_mkt_001384,True
1385,INDEX_BHSI,2024-10-03 00:00:00,2024-10-03 18:00:00,675.7,POINTS,1,v1.0,VALID,SYNTHETIC,hash_mkt_001385,True
1386,INDEX_BDI,2024-10-04 00:00:00,2024-10-04 18:00:00,1381.5,POINTS,1,v1.0,VALID,SYNTHETIC,hash_mkt_001386,True
1387,INDEX_BCI,2024-10-04 00:00:00,2024-10-04 18:00:00,1691.5,POINTS,1,v1.0,VALID,SYNTHETIC,hash_mkt_001387,True
1388,INDEX_BPI,2024-10-04 00:00:00,2024-10-04 18:00:00,1399.5,POINTS,1,v1.0,VALID,SYNTHETIC,hash_mkt_001388,True
1389,INDEX_BSI,2024-10-04 00:00:00,2024-10-04 18:00:00,1045.9,POINTS,1,v1.0,VALID,SYNTHETIC,hash_mkt_001389,True
1390,INDEX_BHSI,2024-10-04 00:00:00,2024-10-04 18:00:00,677.8,POINTS,1,v1.0,VALID,SYNTHETIC,hash_mkt_001390,True
1391,INDEX_BDI,2024-10-05 00:00:00,2024-10-05 18:00:00,1407.8,POINTS,1,v1.0,VALID,SYNTHETIC,hash_mkt_001391,True
1392,INDEX_BCI,2024-10-05 00:00:00,2024-10-05 18:00:00,1754.2,POINTS,1,v1.0,VALID,SYNTHETIC,hash_mkt_001392,True
1393,INDEX_BPI,2024-10-05 00:00:00,2024-10-05 18:00:00,1347.6,POINTS,1,v1.0,VALID,SYNTHETIC,hash_mkt_001393,True
1394,INDEX_BSI,2024-10-05 00:00:00,2024-10-05 18:00:00,1051.4,POINTS,1,v1.0,VALID,SYNTHETIC,hash_mkt_001394,True
1395,INDEX_BHSI,2024-10-05 00:00:00,2024-10-05 18:00:00,662.6,POINTS,1,v1.0,VALID,SYNTHETIC,hash_mkt_001395,True
1396,INDEX_BDI,2024-10-06 00:00:00,2024-10-06 18:00:00,1373.9,POINTS,1,v1.0,VALID,SYNTHETIC,hash_mkt_001396,True
1397,INDEX_BCI,2024-10-06 00:00:00,2024-10-06 18:00:00,1712.7,POINTS,1,v1.0,VALID,SYNTHETIC,hash_mkt_001397,True
1398,INDEX_BPI,2024-10-06 00:00:00,2024-10-06 18:00:00,1330.7,POINTS,1,v1.0,VALID,SYNTHETIC,hash_mkt_001398,True
1399,INDEX_BSI,2024-10-06 00:00:00,2024-10-06 18:00:00,1063.8,POINTS,1,v1.0,VALID,SYNTHETIC,hash_mkt_001399,True
1400,INDEX_BHSI,2024-10-06 00:00:00,2024-10-06 18:00:00,659.0,POINTS,1,v1.0,VALID,SYNTHETIC,hash_mkt_001400,True
1401,INDEX_BDI,2024-10-07 00:00:00,2024-10-07 18:00:00,1345.4,POINTS,1,v1.0,VALID,SYNTHETIC,hash_mkt_001401,True
1402,INDEX_BCI,2024-10-07 00:00:00,2024-10-07 18:00:00,1673.9,POINTS,1,v1.0,VALID,SYNTHETIC,hash_mkt_001402,True
1403,INDEX_BPI,2024-10-07 00:00:00,2024-10-07 18:00:00,1323.8,POINTS,1,v1.0,VALID,SYNTHETIC,hash_mkt_001403,True
1404,INDEX_BSI,2024-10-07 00:00:00,2024-10-07 18:00:00,1020.1,POINTS,1,v1.0,VALID,SYNTHETIC,hash_mkt_001404,True
1405,INDEX_BHSI,2024-10-07 00:00:00,2024-10-07 18:00:00,647.8,POINTS,1,v1.0,VALID,SYNTHETIC,hash_mkt_001405,True
1406,INDEX_BDI,2024-10-08 00:00:00,2024-10-08 18:00:00,1383.6,POINTS,1,v1.0,VALID,SYNTHETIC,hash_mkt_001406,True
1407,INDEX_BCI,2024-10-08 00:00:00,2024-10-08 18:00:00,1734.5,POINTS,1,v1.0,VALID,SYNTHETIC,hash_mkt_001407,True
1408,INDEX_BPI,2024-10-08 00:00:00,2024-10-08 18:00:00,1297.5,POINTS,1,v1.0,VALID,SYNTHETIC,hash_mkt_001408,True
1409,INDEX_BSI,2024-10-08 00:00:00,2024-10-08 18:00:00,1034.7,POINTS,1,v1.0,VALID,SYNTHETIC,hash_mkt_001409,True
1410,INDEX_BHSI,2024-10-08 00:00:00,2024-10-08 18:00:00,638.5,POINTS,1,v1.0,VALID,SYNTHETIC,hash_mkt_001410,True
1411,INDEX_BDI,2024-10-09 00:00:00,2024-10-09 18:00:00,1344.8,POINTS,1,v1.0,VALID,SYNTHETIC,hash_mkt_001411,True
1412,INDEX_BCI,2024-10-09 00:00:00,2024-10-09 18:00:00,1671.9,POINTS,1,v1.0,VALID,SYNTHETIC,hash_mkt_001412,True
1413,INDEX_BPI,2024-10-09 00:00:00,2024-10-09 18:00:00,1320.9,POINTS,1,v1.0,VALID,SYNTHETIC,hash_mkt_001413,True
1414,INDEX_BSI,2024-10-09 00:00:00,2024-10-09 18:00:00,994.5,POINTS,1,v1.0,VALID,SYNTHETIC,hash_mkt_001414,True
1415,INDEX_BHSI,2024-10-09 00:00:00,2024-10-09 18:00:00,629.8,POINTS,1,v1.0,VALID,SYNTHETIC,hash_mkt_001415,True
1416,INDEX_BDI,2024-10-10 00:00:00,2024-10-10 18:00:00,1360.9,POINTS,1,v1.0,VALID,SYNTHETIC,hash_mkt_001416,True
1417,INDEX_BCI,2024-10-10 00:00:00,2024-10-10 18:00:00,1714.1,POINTS,1,v1.0,VALID,SYNTHETIC,hash_mkt_001417,True
1418,INDEX_BPI,2024-10-10 00:00:00,2024-10-10 18:00:00,1329.5,POINTS,1,v1.0,VALID,SYNTHETIC,hash_mkt_001418,True
1419,INDEX_BSI,2024-10-10 00:00:00,2024-10-10 18:00:00,1021.7,POINTS,1,v1.0,VALID,SYNTHETIC,hash_mkt_001419,True
1420,INDEX_BHSI,2024-10-10 00:00:00,2024-10-10 18:00:00,620.1,POINTS,1,v1.0,VALID,SYNTHETIC,hash_mkt_001420,True
1421,INDEX_BDI,2024-10-11 00:00:00,2024-10-11 18:00:00,1287.9,POINTS,1,v1.0,VALID,SYNTHETIC,hash_mkt_001421,True
1422,INDEX_BCI,2024-10-11 00:00:00,2024-10-11 18:00:00,1770.6,POINTS,1,v1.0,VALID,SYNTHETIC,hash_mkt_001422,True
1423,INDEX_BPI,2024-10-11 00:00:00,2024-10-11 18:00:00,1289.8,POINTS,1,v1.0,VALID,SYNTHETIC,hash_mkt_001423,True
1424,INDEX_BSI,2024-10-11 00:00:00,2024-10-11 18:00:00,1018.6,POINTS,1,v1.0,VALID,SYNTHETIC,hash_mkt_001424,True
1425,INDEX_BHSI,2024-10-11 00:00:00,2024-10-11 18:00:00,626.7,POINTS,1,v1.0,VALID,SYNTHETIC,hash_mkt_001425,True
1426,INDEX_BDI,2024-10-12 00:00:00,2024-10-12 18:00:00,1344.9,POINTS,1,v1.0,VALID,SYNTHETIC,hash_mkt_001426,True
1427,INDEX_BCI,2024-10-12 00:00:00,2024-10-12 18:00:00,1691.3,POINTS,1,v1.0,VALID,SYNTHETIC,hash_mkt_001427,True
1428,INDEX_BPI,2024-10-12 00:00:00,2024-10-12 18:00:00,1282.8,POINTS,1,v1.0,VALID,SYNTHETIC,hash_mkt_001428,True
1429,INDEX_BSI,2024-10-12 00:00:00,2024-10-12 18:00:00,988.6,POINTS,1,v1.0,VALID,SYNTHETIC,hash_mkt_001429,True
1430,INDEX_BHSI,2024-10-12 00:00:00,2024-10-12 18:00:00,625.8,POINTS,1,v1.0,VALID,SYNTHETIC,hash_mkt_001430,True
1431,INDEX_BDI,2024-10-13 00:00:00,2024-10-13 18:00:00,1315.1,POINTS,1,v1.0,VALID,SYNTHETIC,hash_mkt_001431,True
1432,INDEX_BCI,2024-10-13 00:00:00,2024-10-13 18:00:00,1661.8,POINTS,1,v1.0,VALID,SYNTHETIC,hash_mkt_001432,True
1433,INDEX_BPI,2024-10-13 00:00:00,2024-10-13 18:00:00,1285.1,POINTS,1,v1.0,VALID,SYNTHETIC,hash_mkt_001433,True
1434,INDEX_BSI,2024-10-13 00:00:00,2024-10-13 18:00:00,987.3,POINTS,1,v1.0,VALID,SYNTHETIC,hash_mkt_001434,True
1435,INDEX_BHSI,2024-10-13 00:00:00,2024-10-13 18:00:00,622.7,POINTS,1,v1.0,VALID,SYNTHETIC,hash_mkt_001435,True
1436,INDEX_BDI,2024-10-14 00:00:00,2024-10-14 18:00:00,1325.9,POINTS,1,v1.0,VALID,SYNTHETIC,hash_mkt_001436,True
1437,INDEX_BCI,2024-10-14 00:00:00,2024-10-14 18:00:00,1713.2,POINTS,1,v1.0,VALID,SYNTHETIC,hash_mkt_001437,True
1438,INDEX_BPI,2024-10-14 00:00:00,2024-10-14 18:00:00,1297.6,POINTS,1,v1.0,VALID,SYNTHETIC,hash_mkt_001438,True
1439,INDEX_BSI,2024-10-14 00:00:00,2024-10-14 18:00:00,1000.5,POINTS,1,v1.0,VALID,SYNTHETIC,hash_mkt_001439,True
1440,INDEX_BHSI,2024-10-14 00:00:00,2024-10-14 18:00:00,622.6,POINTS,1,v1.0,VALID,SYNTHETIC,hash_mkt_001440,True
1441,INDEX_BDI,2024-10-15 00:00:00,2024-10-15 18:00:00,1293.6,POINTS,1,v1.0,VALID,SYNTHETIC,hash_mkt_001441,True
1442,INDEX_BCI,2024-10-15 00:00:00,2024-10-15 18:00:00,1761.2,POINTS,1,v1.0,VALID,SYNTHETIC,hash_mkt_001442,True
1443,INDEX_BPI,2024-10-15 00:00:00,2024-10-15 18:00:00,1263.5,POINTS,1,v1.0,VALID,SYNTHETIC,hash_mkt_001443,True
1444,INDEX_BSI,2024-10-15 00:00:00,2024-10-15 18:00:00,999.3,POINTS,1,v1.0,VALID,SYNTHETIC,hash_mkt_001444,True
1445,INDEX_BHSI,2024-10-15 00:00:00,2024-10-15 18:00:00,634.8,POINTS,1,v1.0,VALID,SYNTHETIC,hash_mkt_001445,True
1446,INDEX_BDI,2024-10-16 00:00:00,2024-10-16 18:00:00,1316.5,POINTS,1,v1.0,VALID,SYNTHETIC,hash_mkt_001446,True
1447,INDEX_BCI,2024-10-16 00:00:00,2024-10-16 18:00:00,1806.1,POINTS,1,v1.0,VALID,SYNTHETIC,hash_mkt_001447,True
1448,INDEX_BPI,2024-10-16 00:00:00,2024-10-16 18:00:00,1274.0,POINTS,1,v1.0,VALID,SYNTHETIC,hash_mkt_001448,True
1449,INDEX_BSI,2024-10-16 00:00:00,2024-10-16 18:00:00,997.4,POINTS,1,v1.0,VALID,SYNTHETIC,hash_mkt_001449,True
1450,INDEX_BHSI,2024-10-16 00:00:00,2024-10-16 18:00:00,640.2,POINTS,1,v1.0,VALID,SYNTHETIC,hash_mkt_001450,True
1451,INDEX_BDI,2024-10-17 00:00:00,2024-10-17 18:00:00,1311.9,POINTS,1,v1.0,VALID,SYNTHETIC,hash_mkt_001451,True
1452,INDEX_BCI,2024-10-17 00:00:00,2024-10-17 18:00:00,1688.9,POINTS,1,v1.0,VALID,SYNTHETIC,hash_mkt_001452,True
1453,INDEX_BPI,2024-10-17 00:00:00,2024-10-17 18:00:00,1300.9,POINTS,1,v1.0,VALID,SYNTHETIC,hash_mkt_001453,True
1454,INDEX_BSI,2024-10-17 00:00:00,2024-10-17 18:00:00,991.9,POINTS,1,v1.0,VALID,SYNTHETIC,hash_mkt_001454,True
1455,INDEX_BHSI,2024-10-17 00:00:00,2024-10-17 18:00:00,633.3,POINTS,1,v1.0,VALID,SYNTHETIC,hash_mkt_001455,True
1456,INDEX_BDI,2024-10-18 00:00:00,2024-10-18 18:00:00,1300.0,POINTS,1,v1.0,VALID,SYNTHETIC,hash_mkt_001456,True
1457,INDEX_BCI,2024-10-18 00:00:00,2024-10-18 18:00:00,1624.9,POINTS,1,v1.0,VALID,SYNTHETIC,hash_mkt_001457,True
1458,INDEX_BPI,2024-10-18 00:00:00,2024-10-18 18:00:00,1317.4,POINTS,1,v1.0,VALID,SYNTHETIC,hash_mkt_001458,True
1459,INDEX_BSI,2024-10-18 00:00:00,2024-10-18 18:00:00,1015.1,POINTS,1,v1.0,VALID,SYNTHETIC,hash_mkt_001459,True
1460,INDEX_BHSI,2024-10-18 00:00:00,2024-10-18 18:00:00,627.4,POINTS,1,v1.0,VALID,SYNTHETIC,hash_mkt_001460,True
1461,INDEX_BDI,2024-10-19 00:00:00,2024-10-19 18:00:00,1329.7,POINTS,1,v1.0,VALID,SYNTHETIC,hash_mkt_001461,True
1462,INDEX_BCI,2024-10-19 00:00:00,2024-10-19 18:00:00,1809.9,POINTS,1,v1.0,VALID,SYNTHETIC,hash_mkt_001462,True
1463,INDEX_BPI,2024-10-19 00:00:00,2024-10-19 18:00:00,1295.9,POINTS,1,v1.0,VALID,SYNTHETIC,hash_mkt_001463,True
1464,INDEX_BSI,2024-10-19 00:00:00,2024-10-19 18:00:00,1046.7,POINTS,1,v1.0,VALID,SYNTHETIC,hash_mkt_001464,True
1465,INDEX_BHSI,2024-10-19 00:00:00,2024-10-19 18:00:00,613.3,POINTS,1,v1.0,VALID,SYNTHETIC,hash_mkt_001465,True
1466,INDEX_BDI,2024-10-20 00:00:00,2024-10-20 18:00:00,1330.1,POINTS,1,v1.0,VALID,SYNTHETIC,hash_mkt_001466,True
1467,INDEX_BCI,2024-10-20 00:00:00,2024-10-20 18:00:00,1748.0,POINTS,1,v1.0,VALID,SYNTHETIC,hash_mkt_001467,True
1468,INDEX_BPI,2024-10-20 00:00:00,2024-10-20 18:00:00,1304.4,POINTS,1,v1.0,VALID,SYNTHETIC,hash_mkt_001468,True
1469,INDEX_BSI,2024-10-20 00:00:00,2024-10-20 18:00:00,1006.0,POINTS,1,v1.0,VALID,SYNTHETIC,hash_mkt_001469,True
1470,INDEX_BHSI,2024-10-20 00:00:00,2024-10-20 18:00:00,631.2,POINTS,1,v1.0,VALID,SYNTHETIC,hash_mkt_001470,True
1471,INDEX_BDI,2024-10-21 00:00:00,2024-10-21 18:00:00,1344.4,POINTS,1,v1.0,VALID,SYNTHETIC,hash_mkt_001471,True
1472,INDEX_BCI,2024-10-21 00:00:00,2024-10-21 18:00:00,1722.8,POINTS,1,v1.0,VALID,SYNTHETIC,hash_mkt_001472,True
1473,INDEX_BPI,2024-10-21 00:00:00,2024-10-21 18:00:00,1289.2,POINTS,1,v1.0,VALID,SYNTHETIC,hash_mkt_001473,True
1474,INDEX_BSI,2024-10-21 00:00:00,2024-10-21 18:00:00,978.1,POINTS,1,v1.0,VALID,SYNTHETIC,hash_mkt_001474,True
1475,INDEX_BHSI,2024-10-21 00:00:00,2024-10-21 18:00:00,624.1,POINTS,1,v1.0,VALID,SYNTHETIC,hash_mkt_001475,True
1476,INDEX_BDI,2024-10-22 00:00:00,2024-10-22 18:00:00,1395.3,POINTS,1,v1.0,VALID,SYNTHETIC,hash_mkt_001476,True
1477,INDEX_BCI,2024-10-22 00:00:00,2024-10-22 18:00:00,1773.1,POINTS,1,v1.0,VALID,SYNTHETIC,hash_mkt_001477,True
1478,INDEX_BPI,2024-10-22 00:00:00,2024-10-22 18:00:00,1335.5,POINTS,1,v1.0,VALID,SYNTHETIC,hash_mkt_001478,True
1479,INDEX_BSI,2024-10-22 00:00:00,2024-10-22 18:00:00,1012.9,POINTS,1,v1.0,VALID,SYNTHETIC,hash_mkt_001479,True
1480,INDEX_BHSI,2024-10-22 00:00:00,2024-10-22 18:00:00,617.0,POINTS,1,v1.0,VALID,SYNTHETIC,hash_mkt_001480,True
1481,INDEX_BDI,2024-10-23 00:00:00,2024-10-23 18:00:00,1326.7,POINTS,1,v1.0,VALID,SYNTHETIC,hash_mkt_001481,True
1482,INDEX_BCI,2024-10-23 00:00:00,2024-10-23 18:00:00,1756.2,POINTS,1,v1.0,VALID,SYNTHETIC,hash_mkt_001482,True
1483,INDEX_BPI,2024-10-23 00:00:00,2024-10-23 18:00:00,1314.2,POINTS,1,v1.0,VALID,SYNTHETIC,hash_mkt_001483,True
1484,INDEX_BSI,2024-10-23 00:00:00,2024-10-23 18:00:00,1035.3,POINTS,1,v1.0,VALID,SYNTHETIC,hash_mkt_001484,True
1485,INDEX_BHSI,2024-10-23 00:00:00,2024-10-23 18:00:00,644.3,POINTS,1,v1.0,VALID,SYNTHETIC,hash_mkt_001485,True
1486,INDEX_BDI,2024-10-24 00:00:00,2024-10-24 18:00:00,1391.9,POINTS,1,v1.0,VALID,SYNTHETIC,hash_mkt_001486,True
1487,INDEX_BCI,2024-10-24 00:00:00,2024-10-24 18:00:00,1765.8,POINTS,1,v1.0,VALID,SYNTHETIC,hash_mkt_001487,True
1488,INDEX_BPI,2024-10-24 00:00:00,2024-10-24 18:00:00,1307.7,POINTS,1,v1.0,VALID,SYNTHETIC,hash_mkt_001488,True
1489,INDEX_BSI,2024-10-24 00:00:00,2024-10-24 18:00:00,1026.2,POINTS,1,v1.0,VALID,SYNTHETIC,hash_mkt_001489,True
1490,INDEX_BHSI,2024-10-24 00:00:00,2024-10-24 18:00:00,644.6,POINTS,1,v1.0,VALID,SYNTHETIC,hash_mkt_001490,True
1491,INDEX_BDI,2024-10-25 00:00:00,2024-10-25 18:00:00,1380.5,POINTS,1,v1.0,VALID,SYNTHETIC,hash_mkt_001491,True
1492,INDEX_BCI,2024-10-25 00:00:00,2024-10-25 18:00:00,1751.2,POINTS,1,v1.0,VALID,SYNTHETIC,hash_mkt_001492,True
1493,INDEX_BPI,2024-10-25 00:00:00,2024-10-25 18:00:00,1329.9,POINTS,1,v1.0,VALID,SYNTHETIC,hash_mkt_001493,True
1494,INDEX_BSI,2024-10-25 00:00:00,2024-10-25 18:00:00,1008.7,POINTS,1,v1.0,VALID,SYNTHETIC,hash_mkt_001494,True
1495,INDEX_BHSI,2024-10-25 00:00:00,2024-10-25 18:00:00,634.9,POINTS,1,v1.0,VALID,SYNTHETIC,hash_mkt_001495,True
1496,INDEX_BDI,2024-10-26 00:00:00,2024-10-26 18:00:00,1412.7,POINTS,1,v1.0,VALID,SYNTHETIC,hash_mkt_001496,True
1497,INDEX_BCI,2024-10-26 00:00:00,2024-10-26 18:00:00,1836.3,POINTS,1,v1.0,VALID,SYNTHETIC,hash_mkt_001497,True
1498,INDEX_BPI,2024-10-26 00:00:00,2024-10-26 18:00:00,1344.1,POINTS,1,v1.0,VALID,SYNTHETIC,hash_mkt_001498,True
1499,INDEX_BSI,2024-10-26 00:00:00,2024-10-26 18:00:00,1035.9,POINTS,1,v1.0,VALID,SYNTHETIC,hash_mkt_001499,True
1500,INDEX_BHSI,2024-10-26 00:00:00,2024-10-26 18:00:00,642.4,POINTS,1,v1.0,VALID,SYNTHETIC,hash_mkt_001500,True
1501,INDEX_BDI,2024-10-27 00:00:00,2024-10-27 18:00:00,1402.4,POINTS,1,v1.0,VALID,SYNTHETIC,hash_mkt_001501,True
1502,INDEX_BCI,2024-10-27 00:00:00,2024-10-27 18:00:00,1804.6,POINTS,1,v1.0,VALID,SYNTHETIC,hash_mkt_001502,True
1503,INDEX_BPI,2024-10-27 00:00:00,2024-10-27 18:00:00,1363.1,POINTS,1,v1.0,VALID,SYNTHETIC,hash_mkt_001503,True
1504,INDEX_BSI,2024-10-27 00:00:00,2024-10-27 18:00:00,1041.5,POINTS,1,v1.0,VALID,SYNTHETIC,hash_mkt_001504,True
1505,INDEX_BHSI,2024-10-27 00:00:00,2024-10-27 18:00:00,661.9,POINTS,1,v1.0,VALID,SYNTHETIC,hash_mkt_001505,True
1506,INDEX_BDI,2024-10-28 00:00:00,2024-10-28 18:00:00,1388.0,POINTS,1,v1.0,VALID,SYNTHETIC,hash_mkt_001506,True
1507,INDEX_BCI,2024-10-28 00:00:00,2024-10-28 18:00:00,1782.3,POINTS,1,v1.0,VALID,SYNTHETIC,hash_mkt_001507,True
1508,INDEX_BPI,2024-10-28 00:00:00,2024-10-28 18:00:00,1360.4,POINTS,1,v1.0,VALID,SYNTHETIC,hash_mkt_001508,True
1509,INDEX_BSI,2024-10-28 00:00:00,2024-10-28 18:00:00,1087.4,POINTS,1,v1.0,VALID,SYNTHETIC,hash_mkt_001509,True
1510,INDEX_BHSI,2024-10-28 00:00:00,2024-10-28 18:00:00,674.7,POINTS,1,v1.0,VALID,SYNTHETIC,hash_mkt_001510,True
1511,INDEX_BDI,2024-10-29 00:00:00,2024-10-29 18:00:00,1440.7,POINTS,1,v1.0,VALID,SYNTHETIC,hash_mkt_001511,True
1512,INDEX_BCI,2024-10-29 00:00:00,2024-10-29 18:00:00,1881.3,POINTS,1,v1.0,VALID,SYNTHETIC,hash_mkt_001512,True
1513,INDEX_BPI,2024-10-29 00:00:00,2024-10-29 18:00:00,1391.8,POINTS,1,v1.0,VALID,SYNTHETIC,hash_mkt_001513,True
1514,INDEX_BSI,2024-10-29 00:00:00,2024-10-29 18:00:00,1047.5,POINTS,1,v1.0,VALID,SYNTHETIC,hash_mkt_001514,True
1515,INDEX_BHSI,2024-10-29 00:00:00,2024-10-29 18:00:00,670.8,POINTS,1,v1.0,VALID,SYNTHETIC,hash_mkt_001515,True
1516,INDEX_BDI,2024-10-30 00:00:00,2024-10-30 18:00:00,1451.4,POINTS,1,v1.0,VALID,SYNTHETIC,hash_mkt_001516,True
1517,INDEX_BCI,2024-10-30 00:00:00,2024-10-30 18:00:00,1860.7,POINTS,1,v1.0,VALID,SYNTHETIC,hash_mkt_001517,True
1518,INDEX_BPI,2024-10-30 00:00:00,2024-10-30 18:00:00,1370.5,POINTS,1,v1.0,VALID,SYNTHETIC,hash_mkt_001518,True
1519,INDEX_BSI,2024-10-30 00:00:00,2024-10-30 18:00:00,1047.7,POINTS,1,v1.0,VALID,SYNTHETIC,hash_mkt_001519,True
1520,INDEX_BHSI,2024-10-30 00:00:00,2024-10-30 18:00:00,676.8,POINTS,1,v1.0,VALID,SYNTHETIC,hash_mkt_001520,True
1521,INDEX_BDI,2024-10-31 00:00:00,2024-10-31 18:00:00,1464.8,POINTS,1,v1.0,VALID,SYNTHETIC,hash_mkt_001521,True
1522,INDEX_BCI,2024-10-31 00:00:00,2024-10-31 18:00:00,1889.8,POINTS,1,v1.0,VALID,SYNTHETIC,hash_mkt_001522,True
1523,INDEX_BPI,2024-10-31 00:00:00,2024-10-31 18:00:00,1388.4,POINTS,1,v1.0,VALID,SYNTHETIC,hash_mkt_001523,True
1524,INDEX_BSI,2024-10-31 00:00:00,2024-10-31 18:00:00,1093.0,POINTS,1,v1.0,VALID,SYNTHETIC,hash_mkt_001524,True
1525,INDEX_BHSI,2024-10-31 00:00:00,2024-10-31 18:00:00,684.2,POINTS,1,v1.0,VALID,SYNTHETIC,hash_mkt_001525,True
1526,INDEX_BDI,2024-11-01 00:00:00,2024-11-01 18:00:00,1454.5,POINTS,1,v1.0,VALID,SYNTHETIC,hash_mkt_001526,True
1527,INDEX_BCI,2024-11-01 00:00:00,2024-11-01 18:00:00,1970.0,POINTS,1,v1.0,VALID,SYNTHETIC,hash_mkt_001527,True
1528,INDEX_BPI,2024-11-01 00:00:00,2024-11-01 18:00:00,1399.9,POINTS,1,v1.0,VALID,SYNTHETIC,hash_mkt_001528,True
1529,INDEX_BSI,2024-11-01 00:00:00,2024-11-01 18:00:00,1094.4,POINTS,1,v1.0,VALID,SYNTHETIC,hash_mkt_001529,True
1530,INDEX_BHSI,2024-11-01 00:00:00,2024-11-01 18:00:00,693.1,POINTS,1,v1.0,VALID,SYNTHETIC,hash_mkt_001530,True
1531,INDEX_BDI,2024-11-02 00:00:00,2024-11-02 18:00:00,1451.2,POINTS,1,v1.0,VALID,SYNTHETIC,hash_mkt_001531,True
1532,INDEX_BCI,2024-11-02 00:00:00,2024-11-02 18:00:00,1899.6,POINTS,1,v1.0,VALID,SYNTHETIC,hash_mkt_001532,True
1533,INDEX_BPI,2024-11-02 00:00:00,2024-11-02 18:00:00,1409.5,POINTS,1,v1.0,VALID,SYNTHETIC,hash_mkt_001533,True
1534,INDEX_BSI,2024-11-02 00:00:00,2024-11-02 18:00:00,1097.3,POINTS,1,v1.0,VALID,SYNTHETIC,hash_mkt_001534,True
1535,INDEX_BHSI,2024-11-02 00:00:00,2024-11-02 18:00:00,677.4,POINTS,1,v1.0,VALID,SYNTHETIC,hash_mkt_001535,True
1536,INDEX_BDI,2024-11-03 00:00:00,2024-11-03 18:00:00,1480.8,POINTS,1,v1.0,VALID,SYNTHETIC,hash_mkt_001536,True
1537,INDEX_BCI,2024-11-03 00:00:00,2024-11-03 18:00:00,1865.7,POINTS,1,v1.0,VALID,SYNTHETIC,hash_mkt_001537,True
1538,INDEX_BPI,2024-11-03 00:00:00,2024-11-03 18:00:00,1407.8,POINTS,1,v1.0,VALID,SYNTHETIC,hash_mkt_001538,True
1539,INDEX_BSI,2024-11-03 00:00:00,2024-11-03 18:00:00,1085.8,POINTS,1,v1.0,VALID,SYNTHETIC,hash_mkt_001539,True
1540,INDEX_BHSI,2024-11-03 00:00:00,2024-11-03 18:00:00,679.7,POINTS,1,v1.0,VALID,SYNTHETIC,hash_mkt_001540,True
1541,INDEX_BDI,2024-11-04 00:00:00,2024-11-04 18:00:00,1468.5,POINTS,1,v1.0,VALID,SYNTHETIC,hash_mkt_001541,True
1542,INDEX_BCI,2024-11-04 00:00:00,2024-11-04 18:00:00,1932.1,POINTS,1,v1.0,VALID,SYNTHETIC,hash_mkt_001542,True
1543,INDEX_BPI,2024-11-04 00:00:00,2024-11-04 18:00:00,1439.4,POINTS,1,v1.0,VALID,SYNTHETIC,hash_mkt_001543,True
1544,INDEX_BSI,2024-11-04 00:00:00,2024-11-04 18:00:00,1081.3,POINTS,1,v1.0,VALID,SYNTHETIC,hash_mkt_001544,True
1545,INDEX_BHSI,2024-11-04 00:00:00,2024-11-04 18:00:00,705.3,POINTS,1,v1.0,VALID,SYNTHETIC,hash_mkt_001545,True
1546,INDEX_BDI,2024-11-05 00:00:00,2024-11-05 18:00:00,1464.0,POINTS,1,v1.0,VALID,SYNTHETIC,hash_mkt_001546,True
1547,INDEX_BCI,2024-11-05 00:00:00,2024-11-05 18:00:00,1949.4,POINTS,1,v1.0,VALID,SYNTHETIC,hash_mkt_001547,True
1548,INDEX_BPI,2024-11-05 00:00:00,2024-11-05 18:00:00,1420.0,POINTS,1,v1.0,VALID,SYNTHETIC,hash_mkt_001548,True
1549,INDEX_BSI,2024-11-05 00:00:00,2024-11-05 18:00:00,1091.4,POINTS,1,v1.0,VALID,SYNTHETIC,hash_mkt_001549,True
1550,INDEX_BHSI,2024-11-05 00:00:00,2024-11-05 18:00:00,703.9,POINTS,1,v1.0,VALID,SYNTHETIC,hash_mkt_001550,True
1551,INDEX_BDI,2024-11-06 00:00:00,2024-11-06 18:00:00,1480.4,POINTS,1,v1.0,VALID,SYNTHETIC,hash_mkt_001551,True
1552,INDEX_BCI,2024-11-06 00:00:00,2024-11-06 18:00:00,1821.6,POINTS,1,v1.0,VALID,SYNTHETIC,hash_mkt_001552,True
1553,INDEX_BPI,2024-11-06 00:00:00,2024-11-06 18:00:00,1410.0,POINTS,1,v1.0,VALID,SYNTHETIC,hash_mkt_001553,True
1554,INDEX_BSI,2024-11-06 00:00:00,2024-11-06 18:00:00,1083.9,POINTS,1,v1.0,VALID,SYNTHETIC,hash_mkt_001554,True
1555,INDEX_BHSI,2024-11-06 00:00:00,2024-11-06 18:00:00,694.4,POINTS,1,v1.0,VALID,SYNTHETIC,hash_mkt_001555,True
1556,INDEX_BDI,2024-11-07 00:00:00,2024-11-07 18:00:00,1457.5,POINTS,1,v1.0,VALID,SYNTHETIC,hash_mkt_001556,True
1557,INDEX_BCI,2024-11-07 00:00:00,2024-11-07 18:00:00,2034.9,POINTS,1,v1.0,VALID,SYNTHETIC,hash_mkt_001557,True
1558,INDEX_BPI,2024-11-07 00:00:00,2024-11-07 18:00:00,1435.6,POINTS,1,v1.0,VALID,SYNTHETIC,hash_mkt_001558,True
1559,INDEX_BSI,2024-11-07 00:00:00,2024-11-07 18:00:00,1109.8,POINTS,1,v1.0,VALID,SYNTHETIC,hash_mkt_001559,True
1560,INDEX_BHSI,2024-11-07 00:00:00,2024-11-07 18:00:00,668.5,POINTS,1,v1.0,VALID,SYNTHETIC,hash_mkt_001560,True
1561,INDEX_BDI,2024-11-08 00:00:00,2024-11-08 18:00:00,1496.2,POINTS,1,v1.0,VALID,SYNTHETIC,hash_mkt_001561,True
1562,INDEX_BCI,2024-11-08 00:00:00,2024-11-08 18:00:00,1985.0,POINTS,1,v1.0,VALID,SYNTHETIC,hash_mkt_001562,True
1563,INDEX_BPI,2024-11-08 00:00:00,2024-11-08 18:00:00,1383.8,POINTS,1,v1.0,VALID,SYNTHETIC,hash_mkt_001563,True
1564,INDEX_BSI,2024-11-08 00:00:00,2024-11-08 18:00:00,1107.9,POINTS,1,v1.0,VALID,SYNTHETIC,hash_mkt_001564,True
1565,INDEX_BHSI,2024-11-08 00:00:00,2024-11-08 18:00:00,696.2,POINTS,1,v1.0,VALID,SYNTHETIC,hash_mkt_001565,True
1566,INDEX_BDI,2024-11-09 00:00:00,2024-11-09 18:00:00,1488.2,POINTS,1,v1.0,VALID,SYNTHETIC,hash_mkt_001566,True
1567,INDEX_BCI,2024-11-09 00:00:00,2024-11-09 18:00:00,1944.1,POINTS,1,v1.0,VALID,SYNTHETIC,hash_mkt_001567,True
1568,INDEX_BPI,2024-11-09 00:00:00,2024-11-09 18:00:00,1402.1,POINTS,1,v1.0,VALID,SYNTHETIC,hash_mkt_001568,True
1569,INDEX_BSI,2024-11-09 00:00:00,2024-11-09 18:00:00,1123.6,POINTS,1,v1.0,VALID,SYNTHETIC,hash_mkt_001569,True
1570,INDEX_BHSI,2024-11-09 00:00:00,2024-11-09 18:00:00,692.1,POINTS,1,v1.0,VALID,SYNTHETIC,hash_mkt_001570,True
1571,INDEX_BDI,2024-11-10 00:00:00,2024-11-10 18:00:00,1476.7,POINTS,1,v1.0,VALID,SYNTHETIC,hash_mkt_001571,True
1572,INDEX_BCI,2024-11-10 00:00:00,2024-11-10 18:00:00,1975.4,POINTS,1,v1.0,VALID,SYNTHETIC,hash_mkt_001572,True
1573,INDEX_BPI,2024-11-10 00:00:00,2024-11-10 18:00:00,1432.0,POINTS,1,v1.0,VALID,SYNTHETIC,hash_mkt_001573,True
1574,INDEX_BSI,2024-11-10 00:00:00,2024-11-10 18:00:00,1113.6,POINTS,1,v1.0,VALID,SYNTHETIC,hash_mkt_001574,True
1575,INDEX_BHSI,2024-11-10 00:00:00,2024-11-10 18:00:00,692.4,POINTS,1,v1.0,VALID,SYNTHETIC,hash_mkt_001575,True
1576,INDEX_BDI,2024-11-11 00:00:00,2024-11-11 18:00:00,1509.3,POINTS,1,v1.0,VALID,SYNTHETIC,hash_mkt_001576,True
1577,INDEX_BCI,2024-11-11 00:00:00,2024-11-11 18:00:00,1962.2,POINTS,1,v1.0,VALID,SYNTHETIC,hash_mkt_001577,True
1578,INDEX_BPI,2024-11-11 00:00:00,2024-11-11 18:00:00,1478.8,POINTS,1,v1.0,VALID,SYNTHETIC,hash_mkt_001578,True
1579,INDEX_BSI,2024-11-11 00:00:00,2024-11-11 18:00:00,1106.7,POINTS,1,v1.0,VALID,SYNTHETIC,hash_mkt_001579,True
1580,INDEX_BHSI,2024-11-11 00:00:00,2024-11-11 18:00:00,710.2,POINTS,1,v1.0,VALID,SYNTHETIC,hash_mkt_001580,True
1581,INDEX_BDI,2024-11-12 00:00:00,2024-11-12 18:00:00,1486.8,POINTS,1,v1.0,VALID,SYNTHETIC,hash_mkt_001581,True
1582,INDEX_BCI,2024-11-12 00:00:00,2024-11-12 18:00:00,1919.8,POINTS,1,v1.0,VALID,SYNTHETIC,hash_mkt_001582,True
1583,INDEX_BPI,2024-11-12 00:00:00,2024-11-12 18:00:00,1425.5,POINTS,1,v1.0,VALID,SYNTHETIC,hash_mkt_001583,True
1584,INDEX_BSI,2024-11-12 00:00:00,2024-11-12 18:00:00,1100.0,POINTS,1,v1.0,VALID,SYNTHETIC,hash_mkt_001584,True
1585,INDEX_BHSI,2024-11-12 00:00:00,2024-11-12 18:00:00,695.7,POINTS,1,v1.0,VALID,SYNTHETIC,hash_mkt_001585,True
1586,INDEX_BDI,2024-11-13 00:00:00,2024-11-13 18:00:00,1457.9,POINTS,1,v1.0,VALID,SYNTHETIC,hash_mkt_001586,True
1587,INDEX_BCI,2024-11-13 00:00:00,2024-11-13 18:00:00,2021.1,POINTS,1,v1.0,VALID,SYNTHETIC,hash_mkt_001587,True
1588,INDEX_BPI,2024-11-13 00:00:00,2024-11-13 18:00:00,1442.6,POINTS,1,v1.0,VALID,SYNTHETIC,hash_mkt_001588,True
1589,INDEX_BSI,2024-11-13 00:00:00,2024-11-13 18:00:00,1113.2,POINTS,1,v1.0,VALID,SYNTHETIC,hash_mkt_001589,True
1590,INDEX_BHSI,2024-11-13 00:00:00,2024-11-13 18:00:00,696.3,POINTS,1,v1.0,VALID,SYNTHETIC,hash_mkt_001590,True
1591,INDEX_BDI,2024-11-14 00:00:00,2024-11-14 18:00:00,1477.4,POINTS,1,v1.0,VALID,SYNTHETIC,hash_mkt_001591,True
1592,INDEX_BCI,2024-11-14 00:00:00,2024-11-14 18:00:00,1947.9,POINTS,1,v1.0,VALID,SYNTHETIC,hash_mkt_001592,True
1593,INDEX_BPI,2024-11-14 00:00:00,2024-11-14 18:00:00,1450.1,POINTS,1,v1.0,VALID,SYNTHETIC,hash_mkt_001593,True
1594,INDEX_BSI,2024-11-14 00:00:00,2024-11-14 18:00:00,1122.2,POINTS,1,v1.0,VALID,SYNTHETIC,hash_mkt_001594,True
1595,INDEX_BHSI,2024-11-14 00:00:00,2024-11-14 18:00:00,679.0,POINTS,1,v1.0,VALID,SYNTHETIC,hash_mkt_001595,True
1596,INDEX_BDI,2024-11-15 00:00:00,2024-11-15 18:00:00,1436.2,POINTS,1,v1.0,VALID,SYNTHETIC,hash_mkt_001596,True
1597,INDEX_BCI,2024-11-15 00:00:00,2024-11-15 18:00:00,1873.8,POINTS,1,v1.0,VALID,SYNTHETIC,hash_mkt_001597,True
1598,INDEX_BPI,2024-11-15 00:00:00,2024-11-15 18:00:00,1422.1,POINTS,1,v1.0,VALID,SYNTHETIC,hash_mkt_001598,True
1599,INDEX_BSI,2024-11-15 00:00:00,2024-11-15 18:00:00,1089.8,POINTS,1,v1.0,VALID,SYNTHETIC,hash_mkt_001599,True
1600,INDEX_BHSI,2024-11-15 00:00:00,2024-11-15 18:00:00,686.0,POINTS,1,v1.0,VALID,SYNTHETIC,hash_mkt_001600,True
1601,INDEX_BDI,2024-11-16 00:00:00,2024-11-16 18:00:00,1453.1,POINTS,1,v1.0,VALID,SYNTHETIC,hash_mkt_001601,True
1602,INDEX_BCI,2024-11-16 00:00:00,2024-11-16 18:00:00,1940.1,POINTS,1,v1.0,VALID,SYNTHETIC,hash_mkt_001602,True
1603,INDEX_BPI,2024-11-16 00:00:00,2024-11-16 18:00:00,1417.8,POINTS,1,v1.0,VALID,SYNTHETIC,hash_mkt_001603,True
1604,INDEX_BSI,2024-11-16 00:00:00,2024-11-16 18:00:00,1088.0,POINTS,1,v1.0,VALID,SYNTHETIC,hash_mkt_001604,True
1605,INDEX_BHSI,2024-11-16 00:00:00,2024-11-16 18:00:00,688.5,POINTS,1,v1.0,VALID,SYNTHETIC,hash_mkt_001605,True
1606,INDEX_BDI,2024-11-17 00:00:00,2024-11-17 18:00:00,1485.6,POINTS,1,v1.0,VALID,SYNTHETIC,hash_mkt_001606,True
1607,INDEX_BCI,2024-11-17 00:00:00,2024-11-17 18:00:00,1956.9,POINTS,1,v1.0,VALID,SYNTHETIC,hash_mkt_001607,True
1608,INDEX_BPI,2024-11-17 00:00:00,2024-11-17 18:00:00,1421.5,POINTS,1,v1.0,VALID,SYNTHETIC,hash_mkt_001608,True
1609,INDEX_BSI,2024-11-17 00:00:00,2024-11-17 18:00:00,1100.7,POINTS,1,v1.0,VALID,SYNTHETIC,hash_mkt_001609,True
1610,INDEX_BHSI,2024-11-17 00:00:00,2024-11-17 18:00:00,688.3,POINTS,1,v1.0,VALID,SYNTHETIC,hash_mkt_001610,True
1611,INDEX_BDI,2024-11-18 00:00:00,2024-11-18 18:00:00,1467.2,POINTS,1,v1.0,VALID,SYNTHETIC,hash_mkt_001611,True
1612,INDEX_BCI,2024-11-18 00:00:00,2024-11-18 18:00:00,1939.4,POINTS,1,v1.0,VALID,SYNTHETIC,hash_mkt_001612,True
1613,INDEX_BPI,2024-11-18 00:00:00,2024-11-18 18:00:00,1433.5,POINTS,1,v1.0,VALID,SYNTHETIC,hash_mkt_001613,True
1614,INDEX_BSI,2024-11-18 00:00:00,2024-11-18 18:00:00,1113.2,POINTS,1,v1.0,VALID,SYNTHETIC,hash_mkt_001614,True
1615,INDEX_BHSI,2024-11-18 00:00:00,2024-11-18 18:00:00,705.2,POINTS,1,v1.0,VALID,SYNTHETIC,hash_mkt_001615,True
1616,INDEX_BDI,2024-11-19 00:00:00,2024-11-19 18:00:00,1505.8,POINTS,1,v1.0,VALID,SYNTHETIC,hash_mkt_001616,True
1617,INDEX_BCI,2024-11-19 00:00:00,2024-11-19 18:00:00,1955.6,POINTS,1,v1.0,VALID,SYNTHETIC,hash_mkt_001617,True
1618,INDEX_BPI,2024-11-19 00:00:00,2024-11-19 18:00:00,1445.7,POINTS,1,v1.0,VALID,SYNTHETIC,hash_mkt_001618,True
1619,INDEX_BSI,2024-11-19 00:00:00,2024-11-19 18:00:00,1134.1,POINTS,1,v1.0,VALID,SYNTHETIC,hash_mkt_001619,True
1620,INDEX_BHSI,2024-11-19 00:00:00,2024-11-19 18:00:00,692.4,POINTS,1,v1.0,VALID,SYNTHETIC,hash_mkt_001620,True
1621,INDEX_BDI,2024-11-20 00:00:00,2024-11-20 18:00:00,1472.9,POINTS,1,v1.0,VALID,SYNTHETIC,hash_mkt_001621,True
1622,INDEX_BCI,2024-11-20 00:00:00,2024-11-20 18:00:00,2020.4,POINTS,1,v1.0,VALID,SYNTHETIC,hash_mkt_001622,True
1623,INDEX_BPI,2024-11-20 00:00:00,2024-11-20 18:00:00,1437.2,POINTS,1,v1.0,VALID,SYNTHETIC,hash_mkt_001623,True
1624,INDEX_BSI,2024-11-20 00:00:00,2024-11-20 18:00:00,1105.6,POINTS,1,v1.0,VALID,SYNTHETIC,hash_mkt_001624,True
1625,INDEX_BHSI,2024-11-20 00:00:00,2024-11-20 18:00:00,712.6,POINTS,1,v1.0,VALID,SYNTHETIC,hash_mkt_001625,True
1626,INDEX_BDI,2024-11-21 00:00:00,2024-11-21 18:00:00,1503.9,POINTS,1,v1.0,VALID,SYNTHETIC,hash_mkt_001626,True
1627,INDEX_BCI,2024-11-21 00:00:00,2024-11-21 18:00:00,2090.2,POINTS,1,v1.0,VALID,SYNTHETIC,hash_mkt_001627,True
1628,INDEX_BPI,2024-11-21 00:00:00,2024-11-21 18:00:00,1460.2,POINTS,1,v1.0,VALID,SYNTHETIC,hash_mkt_001628,True
1629,INDEX_BSI,2024-11-21 00:00:00,2024-11-21 18:00:00,1128.8,POINTS,1,v1.0,VALID,SYNTHETIC,hash_mkt_001629,True
1630,INDEX_BHSI,2024-11-21 00:00:00,2024-11-21 18:00:00,716.3,POINTS,1,v1.0,VALID,SYNTHETIC,hash_mkt_001630,True
1631,INDEX_BDI,2024-11-22 00:00:00,2024-11-22 18:00:00,1484.7,POINTS,1,v1.0,VALID,SYNTHETIC,hash_mkt_001631,True
1632,INDEX_BCI,2024-11-22 00:00:00,2024-11-22 18:00:00,2013.0,POINTS,1,v1.0,VALID,SYNTHETIC,hash_mkt_001632,True
1633,INDEX_BPI,2024-11-22 00:00:00,2024-11-22 18:00:00,1412.3,POINTS,1,v1.0,VALID,SYNTHETIC,hash_mkt_001633,True
1634,INDEX_BSI,2024-11-22 00:00:00,2024-11-22 18:00:00,1134.6,POINTS,1,v1.0,VALID,SYNTHETIC,hash_mkt_001634,True
1635,INDEX_BHSI,2024-11-22 00:00:00,2024-11-22 18:00:00,717.7,POINTS,1,v1.0,VALID,SYNTHETIC,hash_mkt_001635,True
1636,INDEX_BDI,2024-11-23 00:00:00,2024-11-23 18:00:00,1520.5,POINTS,1,v1.0,VALID,SYNTHETIC,hash_mkt_001636,True
1637,INDEX_BCI,2024-11-23 00:00:00,2024-11-23 18:00:00,2048.1,POINTS,1,v1.0,VALID,SYNTHETIC,hash_mkt_001637,True
1638,INDEX_BPI,2024-11-23 00:00:00,2024-11-23 18:00:00,1450.8,POINTS,1,v1.0,VALID,SYNTHETIC,hash_mkt_001638,True
1639,INDEX_BSI,2024-11-23 00:00:00,2024-11-23 18:00:00,1136.0,POINTS,1,v1.0,VALID,SYNTHETIC,hash_mkt_001639,True
1640,INDEX_BHSI,2024-11-23 00:00:00,2024-11-23 18:00:00,709.7,POINTS,1,v1.0,VALID,SYNTHETIC,hash_mkt_001640,True
1641,INDEX_BDI,2024-11-24 00:00:00,2024-11-24 18:00:00,1514.2,POINTS,1,v1.0,VALID,SYNTHETIC,hash_mkt_001641,True
1642,INDEX_BCI,2024-11-24 00:00:00,2024-11-24 18:00:00,2022.7,POINTS,1,v1.0,VALID,SYNTHETIC,hash_mkt_001642,True
1643,INDEX_BPI,2024-11-24 00:00:00,2024-11-24 18:00:00,1462.1,POINTS,1,v1.0,VALID,SYNTHETIC,hash_mkt_001643,True
1644,INDEX_BSI,2024-11-24 00:00:00,2024-11-24 18:00:00,1162.8,POINTS,1,v1.0,VALID,SYNTHETIC,hash_mkt_001644,True
1645,INDEX_BHSI,2024-11-24 00:00:00,2024-11-24 18:00:00,720.1,POINTS,1,v1.0,VALID,SYNTHETIC,hash_mkt_001645,True
1646,INDEX_BDI,2024-11-25 00:00:00,2024-11-25 18:00:00,1555.5,POINTS,1,v1.0,VALID,SYNTHETIC,hash_mkt_001646,True
1647,INDEX_BCI,2024-11-25 00:00:00,2024-11-25 18:00:00,2082.0,POINTS,1,v1.0,VALID,SYNTHETIC,hash_mkt_001647,True
1648,INDEX_BPI,2024-11-25 00:00:00,2024-11-25 18:00:00,1464.5,POINTS,1,v1.0,VALID,SYNTHETIC,hash_mkt_001648,True
1649,INDEX_BSI,2024-11-25 00:00:00,2024-11-25 18:00:00,1146.0,POINTS,1,v1.0,VALID,SYNTHETIC,hash_mkt_001649,True
1650,INDEX_BHSI,2024-11-25 00:00:00,2024-11-25 18:00:00,707.3,POINTS,1,v1.0,VALID,SYNTHETIC,hash_mkt_001650,True
1651,INDEX_BDI,2024-11-26 00:00:00,2024-11-26 18:00:00,1549.7,POINTS,1,v1.0,VALID,SYNTHETIC,hash_mkt_001651,True
1652,INDEX_BCI,2024-11-26 00:00:00,2024-11-26 18:00:00,2094.3,POINTS,1,v1.0,VALID,SYNTHETIC,hash_mkt_001652,True
1653,INDEX_BPI,2024-11-26 00:00:00,2024-11-26 18:00:00,1449.4,POINTS,1,v1.0,VALID,SYNTHETIC,hash_mkt_001653,True
1654,INDEX_BSI,2024-11-26 00:00:00,2024-11-26 18:00:00,1168.7,POINTS,1,v1.0,VALID,SYNTHETIC,hash_mkt_001654,True
1655,INDEX_BHSI,2024-11-26 00:00:00,2024-11-26 18:00:00,719.8,POINTS,1,v1.0,VALID,SYNTHETIC,hash_mkt_001655,True
1656,INDEX_BDI,2024-11-27 00:00:00,2024-11-27 18:00:00,1523.4,POINTS,1,v1.0,VALID,SYNTHETIC,hash_mkt_001656,True
1657,INDEX_BCI,2024-11-27 00:00:00,2024-11-27 18:00:00,2153.6,POINTS,1,v1.0,VALID,SYNTHETIC,hash_mkt_001657,True
1658,INDEX_BPI,2024-11-27 00:00:00,2024-11-27 18:00:00,1447.6,POINTS,1,v1.0,VALID,SYNTHETIC,hash_mkt_001658,True
1659,INDEX_BSI,2024-11-27 00:00:00,2024-11-27 18:00:00,1147.6,POINTS,1,v1.0,VALID,SYNTHETIC,hash_mkt_001659,True
1660,INDEX_BHSI,2024-11-27 00:00:00,2024-11-27 18:00:00,720.3,POINTS,1,v1.0,VALID,SYNTHETIC,hash_mkt_001660,True
1661,INDEX_BDI,2024-11-28 00:00:00,2024-11-28 18:00:00,1550.3,POINTS,1,v1.0,VALID,SYNTHETIC,hash_mkt_001661,True
1662,INDEX_BCI,2024-11-28 00:00:00,2024-11-28 18:00:00,2012.4,POINTS,1,v1.0,VALID,SYNTHETIC,hash_mkt_001662,True
1663,INDEX_BPI,2024-11-28 00:00:00,2024-11-28 18:00:00,1521.0,POINTS,1,v1.0,VALID,SYNTHETIC,hash_mkt_001663,True
1664,INDEX_BSI,2024-11-28 00:00:00,2024-11-28 18:00:00,1136.8,POINTS,1,v1.0,VALID,SYNTHETIC,hash_mkt_001664,True
1665,INDEX_BHSI,2024-11-28 00:00:00,2024-11-28 18:00:00,705.1,POINTS,1,v1.0,VALID,SYNTHETIC,hash_mkt_001665,True
1666,INDEX_BDI,2024-11-29 00:00:00,2024-11-29 18:00:00,1559.9,POINTS,1,v1.0,VALID,SYNTHETIC,hash_mkt_001666,True
1667,INDEX_BCI,2024-11-29 00:00:00,2024-11-29 18:00:00,2066.6,POINTS,1,v1.0,VALID,SYNTHETIC,hash_mkt_001667,True
1668,INDEX_BPI,2024-11-29 00:00:00,2024-11-29 18:00:00,1494.8,POINTS,1,v1.0,VALID,SYNTHETIC,hash_mkt_001668,True
1669,INDEX_BSI,2024-11-29 00:00:00,2024-11-29 18:00:00,1162.0,POINTS,1,v1.0,VALID,SYNTHETIC,hash_mkt_001669,True
1670,INDEX_BHSI,2024-11-29 00:00:00,2024-11-29 18:00:00,716.1,POINTS,1,v1.0,VALID,SYNTHETIC,hash_mkt_001670,True
1671,INDEX_BDI,2024-11-30 00:00:00,2024-11-30 18:00:00,1516.6,POINTS,1,v1.0,VALID,SYNTHETIC,hash_mkt_001671,True
1672,INDEX_BCI,2024-11-30 00:00:00,2024-11-30 18:00:00,2110.3,POINTS,1,v1.0,VALID,SYNTHETIC,hash_mkt_001672,True
1673,INDEX_BPI,2024-11-30 00:00:00,2024-11-30 18:00:00,1494.5,POINTS,1,v1.0,VALID,SYNTHETIC,hash_mkt_001673,True
1674,INDEX_BSI,2024-11-30 00:00:00,2024-11-30 18:00:00,1176.7,POINTS,1,v1.0,VALID,SYNTHETIC,hash_mkt_001674,True
1675,INDEX_BHSI,2024-11-30 00:00:00,2024-11-30 18:00:00,736.0,POINTS,1,v1.0,VALID,SYNTHETIC,hash_mkt_001675,True
1676,INDEX_BDI,2024-12-01 00:00:00,2024-12-01 18:00:00,1554.1,POINTS,1,v1.0,VALID,SYNTHETIC,hash_mkt_001676,True
1677,INDEX_BCI,2024-12-01 00:00:00,2024-12-01 18:00:00,2123.4,POINTS,1,v1.0,VALID,SYNTHETIC,hash_mkt_001677,True
1678,INDEX_BPI,2024-12-01 00:00:00,2024-12-01 18:00:00,1482.5,POINTS,1,v1.0,VALID,SYNTHETIC,hash_mkt_001678,True
1679,INDEX_BSI,2024-12-01 00:00:00,2024-12-01 18:00:00,1128.3,POINTS,1,v1.0,VALID,SYNTHETIC,hash_mkt_001679,True
1680,INDEX_BHSI,2024-12-01 00:00:00,2024-12-01 18:00:00,717.3,POINTS,1,v1.0,VALID,SYNTHETIC,hash_mkt_001680,True
1681,INDEX_BDI,2024-12-02 00:00:00,2024-12-02 18:00:00,1497.1,POINTS,1,v1.0,VALID,SYNTHETIC,hash_mkt_001681,True
1682,INDEX_BCI,2024-12-02 00:00:00,2024-12-02 18:00:00,2168.3,POINTS,1,v1.0,VALID,SYNTHETIC,hash_mkt_001682,True
1683,INDEX_BPI,2024-12-02 00:00:00,2024-12-02 18:00:00,1482.4,POINTS,1,v1.0,VALID,SYNTHETIC,hash_mkt_001683,True
1684,INDEX_BSI,2024-12-02 00:00:00,2024-12-02 18:00:00,1164.0,POINTS,1,v1.0,VALID,SYNTHETIC,hash_mkt_001684,True
1685,INDEX_BHSI,2024-12-02 00:00:00,2024-12-02 18:00:00,736.9,POINTS,1,v1.0,VALID,SYNTHETIC,hash_mkt_001685,True
1686,INDEX_BDI,2024-12-03 00:00:00,2024-12-03 18:00:00,1519.1,POINTS,1,v1.0,VALID,SYNTHETIC,hash_mkt_001686,True
1687,INDEX_BCI,2024-12-03 00:00:00,2024-12-03 18:00:00,2210.0,POINTS,1,v1.0,VALID,SYNTHETIC,hash_mkt_001687,True
1688,INDEX_BPI,2024-12-03 00:00:00,2024-12-03 18:00:00,1528.0,POINTS,1,v1.0,VALID,SYNTHETIC,hash_mkt_001688,True
1689,INDEX_BSI,2024-12-03 00:00:00,2024-12-03 18:00:00,1138.4,POINTS,1,v1.0,VALID,SYNTHETIC,hash_mkt_001689,True
1690,INDEX_BHSI,2024-12-03 00:00:00,2024-12-03 18:00:00,743.2,POINTS,1,v1.0,VALID,SYNTHETIC,hash_mkt_001690,True
1691,INDEX_BDI,2024-12-04 00:00:00,2024-12-04 18:00:00,1520.3,POINTS,1,v1.0,VALID,SYNTHETIC,hash_mkt_001691,True
1692,INDEX_BCI,2024-12-04 00:00:00,2024-12-04 18:00:00,2233.6,POINTS,1,v1.0,VALID,SYNTHETIC,hash_mkt_001692,True
1693,INDEX_BPI,2024-12-04 00:00:00,2024-12-04 18:00:00,1478.7,POINTS,1,v1.0,VALID,SYNTHETIC,hash_mkt_001693,True
1694,INDEX_BSI,2024-12-04 00:00:00,2024-12-04 18:00:00,1150.1,POINTS,1,v1.0,VALID,SYNTHETIC,hash_mkt_001694,True
1695,INDEX_BHSI,2024-12-04 00:00:00,2024-12-04 18:00:00,722.9,POINTS,1,v1.0,VALID,SYNTHETIC,hash_mkt_001695,True
1696,INDEX_BDI,2024-12-05 00:00:00,2024-12-05 18:00:00,1549.3,POINTS,1,v1.0,VALID,SYNTHETIC,hash_mkt_001696,True
1697,INDEX_BCI,2024-12-05 00:00:00,2024-12-05 18:00:00,2165.1,POINTS,1,v1.0,VALID,SYNTHETIC,hash_mkt_001697,True
1698,INDEX_BPI,2024-12-05 00:00:00,2024-12-05 18:00:00,1515.8,POINTS,1,v1.0,VALID,SYNTHETIC,hash_mkt_001698,True
1699,INDEX_BSI,2024-12-05 00:00:00,2024-12-05 18:00:00,1159.7,POINTS,1,v1.0,VALID,SYNTHETIC,hash_mkt_001699,True
1700,INDEX_BHSI,2024-12-05 00:00:00,2024-12-05 18:00:00,729.0,POINTS,1,v1.0,VALID,SYNTHETIC,hash_mkt_001700,True
1701,INDEX_BDI,2024-12-06 00:00:00,2024-12-06 18:00:00,1569.8,POINTS,1,v1.0,VALID,SYNTHETIC,hash_mkt_001701,True
1702,INDEX_BCI,2024-12-06 00:00:00,2024-12-06 18:00:00,2210.8,POINTS,1,v1.0,VALID,SYNTHETIC,hash_mkt_001702,True
1703,INDEX_BPI,2024-12-06 00:00:00,2024-12-06 18:00:00,1506.7,POINTS,1,v1.0,VALID,SYNTHETIC,hash_mkt_001703,True
1704,INDEX_BSI,2024-12-06 00:00:00,2024-12-06 18:00:00,1168.9,POINTS,1,v1.0,VALID,SYNTHETIC,hash_mkt_001704,True
1705,INDEX_BHSI,2024-12-06 00:00:00,2024-12-06 18:00:00,722.5,POINTS,1,v1.0,VALID,SYNTHETIC,hash_mkt_001705,True
1706,INDEX_BDI,2024-12-07 00:00:00,2024-12-07 18:00:00,1582.3,POINTS,1,v1.0,VALID,SYNTHETIC,hash_mkt_001706,True
1707,INDEX_BCI,2024-12-07 00:00:00,2024-12-07 18:00:00,2143.2,POINTS,1,v1.0,VALID,SYNTHETIC,hash_mkt_001707,True
1708,INDEX_BPI,2024-12-07 00:00:00,2024-12-07 18:00:00,1537.8,POINTS,1,v1.0,VALID,SYNTHETIC,hash_mkt_001708,True
1709,INDEX_BSI,2024-12-07 00:00:00,2024-12-07 18:00:00,1174.3,POINTS,1,v1.0,VALID,SYNTHETIC,hash_mkt_001709,True
1710,INDEX_BHSI,2024-12-07 00:00:00,2024-12-07 18:00:00,712.1,POINTS,1,v1.0,VALID,SYNTHETIC,hash_mkt_001710,True
1711,INDEX_BDI,2024-12-08 00:00:00,2024-12-08 18:00:00,1596.5,POINTS,1,v1.0,VALID,SYNTHETIC,hash_mkt_001711,True
1712,INDEX_BCI,2024-12-08 00:00:00,2024-12-08 18:00:00,2271.1,POINTS,1,v1.0,VALID,SYNTHETIC,hash_mkt_001712,True
1713,INDEX_BPI,2024-12-08 00:00:00,2024-12-08 18:00:00,1528.6,POINTS,1,v1.0,VALID,SYNTHETIC,hash_mkt_001713,True
1714,INDEX_BSI,2024-12-08 00:00:00,2024-12-08 18:00:00,1179.5,POINTS,1,v1.0,VALID,SYNTHETIC,hash_mkt_001714,True
1715,INDEX_BHSI,2024-12-08 00:00:00,2024-12-08 18:00:00,739.8,POINTS,1,v1.0,VALID,SYNTHETIC,hash_mkt_001715,True
1716,INDEX_BDI,2024-12-09 00:00:00,2024-12-09 18:00:00,1562.1,POINTS,1,v1.0,VALID,SYNTHETIC,hash_mkt_001716,True
1717,INDEX_BCI,2024-12-09 00:00:00,2024-12-09 18:00:00,2207.7,POINTS,1,v1.0,VALID,SYNTHETIC,hash_mkt_001717,True
1718,INDEX_BPI,2024-12-09 00:00:00,2024-12-09 18:00:00,1541.7,POINTS,1,v1.0,VALID,SYNTHETIC,hash_mkt_001718,True
1719,INDEX_BSI,2024-12-09 00:00:00,2024-12-09 18:00:00,1178.6,POINTS,1,v1.0,VALID,SYNTHETIC,hash_mkt_001719,True
1720,INDEX_BHSI,2024-12-09 00:00:00,2024-12-09 18:00:00,744.3,POINTS,1,v1.0,VALID,SYNTHETIC,hash_mkt_001720,True
1721,INDEX_BDI,2024-12-10 00:00:00,2024-12-10 18:00:00,1591.7,POINTS,1,v1.0,VALID,SYNTHETIC,hash_mkt_001721,True
1722,INDEX_BCI,2024-12-10 00:00:00,2024-12-10 18:00:00,2260.6,POINTS,1,v1.0,VALID,SYNTHETIC,hash_mkt_001722,True
1723,INDEX_BPI,2024-12-10 00:00:00,2024-12-10 18:00:00,1503.1,POINTS,1,v1.0,VALID,SYNTHETIC,hash_mkt_001723,True
1724,INDEX_BSI,2024-12-10 00:00:00,2024-12-10 18:00:00,1166.1,POINTS,1,v1.0,VALID,SYNTHETIC,hash_mkt_001724,True
1725,INDEX_BHSI,2024-12-10 00:00:00,2024-12-10 18:00:00,734.2,POINTS,1,v1.0,VALID,SYNTHETIC,hash_mkt_001725,True
1726,INDEX_BDI,2024-12-11 00:00:00,2024-12-11 18:00:00,1563.6,POINTS,1,v1.0,VALID,SYNTHETIC,hash_mkt_001726,True
1727,INDEX_BCI,2024-12-11 00:00:00,2024-12-11 18:00:00,2212.4,POINTS,1,v1.0,VALID,SYNTHETIC,hash_mkt_001727,True
1728,INDEX_BPI,2024-12-11 00:00:00,2024-12-11 18:00:00,1506.9,POINTS,1,v1.0,VALID,SYNTHETIC,hash_mkt_001728,True
1729,INDEX_BSI,2024-12-11 00:00:00,2024-12-11 18:00:00,1159.1,POINTS,1,v1.0,VALID,SYNTHETIC,hash_mkt_001729,True
1730,INDEX_BHSI,2024-12-11 00:00:00,2024-12-11 18:00:00,753.1,POINTS,1,v1.0,VALID,SYNTHETIC,hash_mkt_001730,True
1731,INDEX_BDI,2024-12-12 00:00:00,2024-12-12 18:00:00,1605.2,POINTS,1,v1.0,VALID,SYNTHETIC,hash_mkt_001731,True
1732,INDEX_BCI,2024-12-12 00:00:00,2024-12-12 18:00:00,2186.3,POINTS,1,v1.0,VALID,SYNTHETIC,hash_mkt_001732,True
1733,INDEX_BPI,2024-12-12 00:00:00,2024-12-12 18:00:00,1574.2,POINTS,1,v1.0,VALID,SYNTHETIC,hash_mkt_001733,True
1734,INDEX_BSI,2024-12-12 00:00:00,2024-12-12 18:00:00,1180.9,POINTS,1,v1.0,VALID,SYNTHETIC,hash_mkt_001734,True
1735,INDEX_BHSI,2024-12-12 00:00:00,2024-12-12 18:00:00,747.2,POINTS,1,v1.0,VALID,SYNTHETIC,hash_mkt_001735,True
1736,INDEX_BDI,2024-12-13 00:00:00,2024-12-13 18:00:00,1576.3,POINTS,1,v1.0,VALID,SYNTHETIC,hash_mkt_001736,True
1737,INDEX_BCI,2024-12-13 00:00:00,2024-12-13 18:00:00,2286.4,POINTS,1,v1.0,VALID,SYNTHETIC,hash_mkt_001737,True
1738,INDEX_BPI,2024-12-13 00:00:00,2024-12-13 18:00:00,1531.5,POINTS,1,v1.0,VALID,SYNTHETIC,hash_mkt_001738,True
1739,INDEX_BSI,2024-12-13 00:00:00,2024-12-13 18:00:00,1205.5,POINTS,1,v1.0,VALID,SYNTHETIC,hash_mkt_001739,True
1740,INDEX_BHSI,2024-12-13 00:00:00,2024-12-13 18:00:00,750.3,POINTS,1,v1.0,VALID,SYNTHETIC,hash_mkt_001740,True
1741,INDEX_BDI,2024-12-14 00:00:00,2024-12-14 18:00:00,1599.3,POINTS,1,v1.0,VALID,SYNTHETIC,hash_mkt_001741,True
1742,INDEX_BCI,2024-12-14 00:00:00,2024-12-14 18:00:00,2272.4,POINTS,1,v1.0,VALID,SYNTHETIC,hash_mkt_001742,True
1743,INDEX_BPI,2024-12-14 00:00:00,2024-12-14 18:00:00,1563.8,POINTS,1,v1.0,VALID,SYNTHETIC,hash_mkt_001743,True
1744,INDEX_BSI,2024-12-14 00:00:00,2024-12-14 18:00:00,1174.3,POINTS,1,v1.0,VALID,SYNTHETIC,hash_mkt_001744,True
1745,INDEX_BHSI,2024-12-14 00:00:00,2024-12-14 18:00:00,762.7,POINTS,1,v1.0,VALID,SYNTHETIC,hash_mkt_001745,True
1746,INDEX_BDI,2024-12-15 00:00:00,2024-12-15 18:00:00,1624.3,POINTS,1,v1.0,VALID,SYNTHETIC,hash_mkt_001746,True
1747,INDEX_BCI,2024-12-15 00:00:00,2024-12-15 18:00:00,2357.8,POINTS,1,v1.0,VALID,SYNTHETIC,hash_mkt_001747,True
1748,INDEX_BPI,2024-12-15 00:00:00,2024-12-15 18:00:00,1541.5,POINTS,1,v1.0,VALID,SYNTHETIC,hash_mkt_001748,True
1749,INDEX_BSI,2024-12-15 00:00:00,2024-12-15 18:00:00,1201.0,POINTS,1,v1.0,VALID,SYNTHETIC,hash_mkt_001749,True
1750,INDEX_BHSI,2024-12-15 00:00:00,2024-12-15 18:00:00,751.3,POINTS,1,v1.0,VALID,SYNTHETIC,hash_mkt_001750,True
1751,INDEX_BDI,2024-12-16 00:00:00,2024-12-16 18:00:00,1569.6,POINTS,1,v1.0,VALID,SYNTHETIC,hash_mkt_001751,True
1752,INDEX_BCI,2024-12-16 00:00:00,2024-12-16 18:00:00,2458.6,POINTS,1,v1.0,VALID,SYNTHETIC,hash_mkt_001752,True
1753,INDEX_BPI,2024-12-16 00:00:00,2024-12-16 18:00:00,1586.7,POINTS,1,v1.0,VALID,SYNTHETIC,hash_mkt_001753,True
1754,INDEX_BSI,2024-12-16 00:00:00,2024-12-16 18:00:00,1204.5,POINTS,1,v1.0,VALID,SYNTHETIC,hash_mkt_001754,True
1755,INDEX_BHSI,2024-12-16 00:00:00,2024-12-16 18:00:00,766.9,POINTS,1,v1.0,VALID,SYNTHETIC,hash_mkt_001755,True
1756,INDEX_BDI,2024-12-17 00:00:00,2024-12-17 18:00:00,1642.6,POINTS,1,v1.0,VALID,SYNTHETIC,hash_mkt_001756,True
1757,INDEX_BCI,2024-12-17 00:00:00,2024-12-17 18:00:00,2406.2,POINTS,1,v1.0,VALID,SYNTHETIC,hash_mkt_001757,True
1758,INDEX_BPI,2024-12-17 00:00:00,2024-12-17 18:00:00,1569.7,POINTS,1,v1.0,VALID,SYNTHETIC,hash_mkt_001758,True
1759,INDEX_BSI,2024-12-17 00:00:00,2024-12-17 18:00:00,1220.8,POINTS,1,v1.0,VALID,SYNTHETIC,hash_mkt_001759,True
1760,INDEX_BHSI,2024-12-17 00:00:00,2024-12-17 18:00:00,774.6,POINTS,1,v1.0,VALID,SYNTHETIC,hash_mkt_001760,True
1761,INDEX_BDI,2024-12-18 00:00:00,2024-12-18 18:00:00,1655.6,POINTS,1,v1.0,VALID,SYNTHETIC,hash_mkt_001761,True
1762,INDEX_BCI,2024-12-18 00:00:00,2024-12-18 18:00:00,2358.3,POINTS,1,v1.0,VALID,SYNTHETIC,hash_mkt_001762,True
1763,INDEX_BPI,2024-12-18 00:00:00,2024-12-18 18:00:00,1584.8,POINTS,1,v1.0,VALID,SYNTHETIC,hash_mkt_001763,True
1764,INDEX_BSI,2024-12-18 00:00:00,2024-12-18 18:00:00,1267.7,POINTS,1,v1.0,VALID,SYNTHETIC,hash_mkt_001764,True
1765,INDEX_BHSI,2024-12-18 00:00:00,2024-12-18 18:00:00,755.0,POINTS,1,v1.0,VALID,SYNTHETIC,hash_mkt_001765,True
1766,INDEX_BDI,2024-12-19 00:00:00,2024-12-19 18:00:00,1676.8,POINTS,1,v1.0,VALID,SYNTHETIC,hash_mkt_001766,True
1767,INDEX_BCI,2024-12-19 00:00:00,2024-12-19 18:00:00,2412.0,POINTS,1,v1.0,VALID,SYNTHETIC,hash_mkt_001767,True
1768,INDEX_BPI,2024-12-19 00:00:00,2024-12-19 18:00:00,1584.4,POINTS,1,v1.0,VALID,SYNTHETIC,hash_mkt_001768,True
1769,INDEX_BSI,2024-12-19 00:00:00,2024-12-19 18:00:00,1241.9,POINTS,1,v1.0,VALID,SYNTHETIC,hash_mkt_001769,True
1770,INDEX_BHSI,2024-12-19 00:00:00,2024-12-19 18:00:00,756.2,POINTS,1,v1.0,VALID,SYNTHETIC,hash_mkt_001770,True
1771,INDEX_BDI,2024-12-20 00:00:00,2024-12-20 18:00:00,1648.4,POINTS,1,v1.0,VALID,SYNTHETIC,hash_mkt_001771,True
1772,INDEX_BCI,2024-12-20 00:00:00,2024-12-20 18:00:00,2369.4,POINTS,1,v1.0,VALID,SYNTHETIC,hash_mkt_001772,True
1773,INDEX_BPI,2024-12-20 00:00:00,2024-12-20 18:00:00,1623.3,POINTS,1,v1.0,VALID,SYNTHETIC,hash_mkt_001773,True
1774,INDEX_BSI,2024-12-20 00:00:00,2024-12-20 18:00:00,1236.8,POINTS,1,v1.0,VALID,SYNTHETIC,hash_mkt_001774,True
1775,INDEX_BHSI,2024-12-20 00:00:00,2024-12-20 18:00:00,788.5,POINTS,1,v1.0,VALID,SYNTHETIC,hash_mkt_001775,True
1776,INDEX_BDI,2024-12-21 00:00:00,2024-12-21 18:00:00,1689.9,POINTS,1,v1.0,VALID,SYNTHETIC,hash_mkt_001776,True
1777,INDEX_BCI,2024-12-21 00:00:00,2024-12-21 18:00:00,2408.5,POINTS,1,v1.0,VALID,SYNTHETIC,hash_mkt_001777,True
1778,INDEX_BPI,2024-12-21 00:00:00,2024-12-21 18:00:00,1570.3,POINTS,1,v1.0,VALID,SYNTHETIC,hash_mkt_001778,True
1779,INDEX_BSI,2024-12-21 00:00:00,2024-12-21 18:00:00,1237.4,POINTS,1,v1.0,VALID,SYNTHETIC,hash_mkt_001779,True
1780,INDEX_BHSI,2024-12-21 00:00:00,2024-12-21 18:00:00,780.3,POINTS,1,v1.0,VALID,SYNTHETIC,hash_mkt_001780,True
1781,INDEX_BDI,2024-12-22 00:00:00,2024-12-22 18:00:00,1658.5,POINTS,1,v1.0,VALID,SYNTHETIC,hash_mkt_001781,True
1782,INDEX_BCI,2024-12-22 00:00:00,2024-12-22 18:00:00,2462.0,POINTS,1,v1.0,VALID,SYNTHETIC,hash_mkt_001782,True
1783,INDEX_BPI,2024-12-22 00:00:00,2024-12-22 18:00:00,1597.6,POINTS,1,v1.0,VALID,SYNTHETIC,hash_mkt_001783,True
1784,INDEX_BSI,2024-12-22 00:00:00,2024-12-22 18:00:00,1240.9,POINTS,1,v1.0,VALID,SYNTHETIC,hash_mkt_001784,True
1785,INDEX_BHSI,2024-12-22 00:00:00,2024-12-22 18:00:00,776.8,POINTS,1,v1.0,VALID,SYNTHETIC,hash_mkt_001785,True
1786,INDEX_BDI,2024-12-23 00:00:00,2024-12-23 18:00:00,1706.9,POINTS,1,v1.0,VALID,SYNTHETIC,hash_mkt_001786,True
1787,INDEX_BCI,2024-12-23 00:00:00,2024-12-23 18:00:00,2436.4,POINTS,1,v1.0,VALID,SYNTHETIC,hash_mkt_001787,True
1788,INDEX_BPI,2024-12-23 00:00:00,2024-12-23 18:00:00,1615.6,POINTS,1,v1.0,VALID,SYNTHETIC,hash_mkt_001788,True
1789,INDEX_BSI,2024-12-23 00:00:00,2024-12-23 18:00:00,1250.9,POINTS,1,v1.0,VALID,SYNTHETIC,hash_mkt_001789,True
1790,INDEX_BHSI,2024-12-23 00:00:00,2024-12-23 18:00:00,792.9,POINTS,1,v1.0,VALID,SYNTHETIC,hash_mkt_001790,True
1791,INDEX_BDI,2024-12-24 00:00:00,2024-12-24 18:00:00,1671.2,POINTS,1,v1.0,VALID,SYNTHETIC,hash_mkt_001791,True
1792,INDEX_BCI,2024-12-24 00:00:00,2024-12-24 18:00:00,2465.4,POINTS,1,v1.0,VALID,SYNTHETIC,hash_mkt_001792,True
1793,INDEX_BPI,2024-12-24 00:00:00,2024-12-24 18:00:00,1632.6,POINTS,1,v1.0,VALID,SYNTHETIC,hash_mkt_001793,True
1794,INDEX_BSI,2024-12-24 00:00:00,2024-12-24 18:00:00,1265.6,POINTS,1,v1.0,VALID,SYNTHETIC,hash_mkt_001794,True
1795,INDEX_BHSI,2024-12-24 00:00:00,2024-12-24 18:00:00,779.0,POINTS,1,v1.0,VALID,SYNTHETIC,hash_mkt_001795,True
1796,INDEX_BDI,2024-12-25 00:00:00,2024-12-25 18:00:00,1669.6,POINTS,1,v1.0,VALID,SYNTHETIC,hash_mkt_001796,True
1797,INDEX_BCI,2024-12-25 00:00:00,2024-12-25 18:00:00,2479.2,POINTS,1,v1.0,VALID,SYNTHETIC,hash_mkt_001797,True
1798,INDEX_BPI,2024-12-25 00:00:00,2024-12-25 18:00:00,1622.1,POINTS,1,v1.0,VALID,SYNTHETIC,hash_mkt_001798,True
1799,INDEX_BSI,2024-12-25 00:00:00,2024-12-25 18:00:00,1256.3,POINTS,1,v1.0,VALID,SYNTHETIC,hash_mkt_001799,True
1800,INDEX_BHSI,2024-12-25 00:00:00,2024-12-25 18:00:00,783.8,POINTS,1,v1.0,VALID,SYNTHETIC,hash_mkt_001800,True
1801,INDEX_BDI,2024-12-26 00:00:00,2024-12-26 18:00:00,1683.4,POINTS,1,v1.0,VALID,SYNTHETIC,hash_mkt_001801,True
1802,INDEX_BCI,2024-12-26 00:00:00,2024-12-26 18:00:00,2551.1,POINTS,1,v1.0,VALID,SYNTHETIC,hash_mkt_001802,True
1803,INDEX_BPI,2024-12-26 00:00:00,2024-12-26 18:00:00,1637.7,POINTS,1,v1.0,VALID,SYNTHETIC,hash_mkt_001803,True
1804,INDEX_BSI,2024-12-26 00:00:00,2024-12-26 18:00:00,1274.3,POINTS,1,v1.0,VALID,SYNTHETIC,hash_mkt_001804,True
1805,INDEX_BHSI,2024-12-26 00:00:00,2024-12-26 18:00:00,791.2,POINTS,1,v1.0,VALID,SYNTHETIC,hash_mkt_001805,True
1806,INDEX_BDI,2024-12-27 00:00:00,2024-12-27 18:00:00,1741.6,POINTS,1,v1.0,VALID,SYNTHETIC,hash_mkt_001806,True
1807,INDEX_BCI,2024-12-27 00:00:00,2024-12-27 18:00:00,2482.6,POINTS,1,v1.0,VALID,SYNTHETIC,hash_mkt_001807,True
1808,INDEX_BPI,2024-12-27 00:00:00,2024-12-27 18:00:00,1618.5,POINTS,1,v1.0,VALID,SYNTHETIC,hash_mkt_001808,True
1809,INDEX_BSI,2024-12-27 00:00:00,2024-12-27 18:00:00,1271.9,POINTS,1,v1.0,VALID,SYNTHETIC,hash_mkt_001809,True
1810,INDEX_BHSI,2024-12-27 00:00:00,2024-12-27 18:00:00,790.5,POINTS,1,v1.0,VALID,SYNTHETIC,hash_mkt_001810,True
1811,INDEX_BDI,2024-12-28 00:00:00,2024-12-28 18:00:00,1741.9,POINTS,1,v1.0,VALID,SYNTHETIC,hash_mkt_001811,True
1812,INDEX_BCI,2024-12-28 00:00:00,2024-12-28 18:00:00,2566.4,POINTS,1,v1.0,VALID,SYNTHETIC,hash_mkt_001812,True
1813,INDEX_BPI,2024-12-28 00:00:00,2024-12-28 18:00:00,1626.2,POINTS,1,v1.0,VALID,SYNTHETIC,hash_mkt_001813,True
1814,INDEX_BSI,2024-12-28 00:00:00,2024-12-28 18:00:00,1268.7,POINTS,1,v1.0,VALID,SYNTHETIC,hash_mkt_001814,True
1815,INDEX_BHSI,2024-12-28 00:00:00,2024-12-28 18:00:00,796.3,POINTS,1,v1.0,VALID,SYNTHETIC,hash_mkt_001815,True
1816,INDEX_BDI,2024-12-29 00:00:00,2024-12-29 18:00:00,1635.4,POINTS,1,v1.0,VALID,SYNTHETIC,hash_mkt_001816,True
1817,INDEX_BCI,2024-12-29 00:00:00,2024-12-29 18:00:00,2520.7,POINTS,1,v1.0,VALID,SYNTHETIC,hash_mkt_001817,True
1818,INDEX_BPI,2024-12-29 00:00:00,2024-12-29 18:00:00,1678.8,POINTS,1,v1.0,VALID,SYNTHETIC,hash_mkt_001818,True
1819,INDEX_BSI,2024-12-29 00:00:00,2024-12-29 18:00:00,1249.5,POINTS,1,v1.0,VALID,SYNTHETIC,hash_mkt_001819,True
1820,INDEX_BHSI,2024-12-29 00:00:00,2024-12-29 18:00:00,797.4,POINTS,1,v1.0,VALID,SYNTHETIC,hash_mkt_001820,True
1821,INDEX_BDI,2024-12-30 00:00:00,2024-12-30 18:00:00,1677.9,POINTS,1,v1.0,VALID,SYNTHETIC,hash_mkt_001821,True
1822,INDEX_BCI,2024-12-30 00:00:00,2024-12-30 18:00:00,2527.0,POINTS,1,v1.0,VALID,SYNTHETIC,hash_mkt_001822,True
1823,INDEX_BPI,2024-12-30 00:00:00,2024-12-30 18:00:00,1665.0,POINTS,1,v1.0,VALID,SYNTHETIC,hash_mkt_001823,True
1824,INDEX_BSI,2024-12-30 00:00:00,2024-12-30 18:00:00,1281.5,POINTS,1,v1.0,VALID,SYNTHETIC,hash_mkt_001824,True
1825,INDEX_BHSI,2024-12-30 00:00:00,2024-12-30 18:00:00,789.6,POINTS,1,v1.0,VALID,SYNTHETIC,hash_mkt_001825,True
1826,INDEX_BDI,2024-12-31 00:00:00,2024-12-31 18:00:00,1705.4,POINTS,1,v1.0,VALID,SYNTHETIC,hash_mkt_001826,True
1827,INDEX_BCI,2024-12-31 00:00:00,2024-12-31 18:00:00,2634.0,POINTS,1,v1.0,VALID,SYNTHETIC,hash_mkt_001827,True
1828,INDEX_BPI,2024-12-31 00:00:00,2024-12-31 18:00:00,1660.0,POINTS,1,v1.0,VALID,SYNTHETIC,hash_mkt_001828,True
1829,INDEX_BSI,2024-12-31 00:00:00,2024-12-31 18:00:00,1265.0,POINTS,1,v1.0,VALID,SYNTHETIC,hash_mkt_001829,True
1830,INDEX_BHSI,2024-12-31 00:00:00,2024-12-31 18:00:00,803.2,POINTS,1,v1.0,VALID,SYNTHETIC,hash_mkt_001830,True
1831,INDEX_BDI,2025-01-01 00:00:00,2025-01-01 18:00:00,1679.2,POINTS,1,v1.0,VALID,SYNTHETIC,hash_mkt_001831,True
1832,INDEX_BCI,2025-01-01 00:00:00,2025-01-01 18:00:00,2521.7,POINTS,1,v1.0,VALID,SYNTHETIC,hash_mkt_001832,True
1833,INDEX_BPI,2025-01-01 00:00:00,2025-01-01 18:00:00,1638.2,POINTS,1,v1.0,VALID,SYNTHETIC,hash_mkt_001833,True
1834,INDEX_BSI,2025-01-01 00:00:00,2025-01-01 18:00:00,1267.8,POINTS,1,v1.0,VALID,SYNTHETIC,hash_mkt_001834,True
1835,INDEX_BHSI,2025-01-01 00:00:00,2025-01-01 18:00:00,800.0,POINTS,1,v1.0,VALID,SYNTHETIC,hash_mkt_001835,True
1836,INDEX_BDI,2025-01-02 00:00:00,2025-01-02 18:00:00,1735.6,POINTS,1,v1.0,VALID,SYNTHETIC,hash_mkt_001836,True
1837,INDEX_BCI,2025-01-02 00:00:00,2025-01-02 18:00:00,2570.1,POINTS,1,v1.0,VALID,SYNTHETIC,hash_mkt_001837,True
1838,INDEX_BPI,2025-01-02 00:00:00,2025-01-02 18:00:00,1662.3,POINTS,1,v1.0,VALID,SYNTHETIC,hash_mkt_001838,True
1839,INDEX_BSI,2025-01-02 00:00:00,2025-01-02 18:00:00,1246.7,POINTS,1,v1.0,VALID,SYNTHETIC,hash_mkt_001839,True
1840,INDEX_BHSI,2025-01-02 00:00:00,2025-01-02 18:00:00,805.3,POINTS,1,v1.0,VALID,SYNTHETIC,hash_mkt_001840,True
1841,INDEX_BDI,2025-01-03 00:00:00,2025-01-03 18:00:00,1681.8,POINTS,1,v1.0,VALID,SYNTHETIC,hash_mkt_001841,True
1842,INDEX_BCI,2025-01-03 00:00:00,2025-01-03 18:00:00,2518.4,POINTS,1,v1.0,VALID,SYNTHETIC,hash_mkt_001842,True
1843,INDEX_BPI,2025-01-03 00:00:00,2025-01-03 18:00:00,1664.1,POINTS,1,v1.0,VALID,SYNTHETIC,hash_mkt_001843,True
1844,INDEX_BSI,2025-01-03 00:00:00,2025-01-03 18:00:00,1275.9,POINTS,1,v1.0,VALID,SYNTHETIC,hash_mkt_001844,True
1845,INDEX_BHSI,2025-01-03 00:00:00,2025-01-03 18:00:00,804.6,POINTS,1,v1.0,VALID,SYNTHETIC,hash_mkt_001845,True
1846,INDEX_BDI,2025-01-04 00:00:00,2025-01-04 18:00:00,1706.1,POINTS,1,v1.0,VALID,SYNTHETIC,hash_mkt_001846,True
1847,INDEX_BCI,2025-01-04 00:00:00,2025-01-04 18:00:00,2616.2,POINTS,1,v1.0,VALID,SYNTHETIC,hash_mkt_001847,True
1848,INDEX_BPI,2025-01-04 00:00:00,2025-01-04 18:00:00,1628.7,POINTS,1,v1.0,VALID,SYNTHETIC,hash_mkt_001848,True
1849,INDEX_BSI,2025-01-04 00:00:00,2025-01-04 18:00:00,1282.3,POINTS,1,v1.0,VALID,SYNTHETIC,hash_mkt_001849,True
1850,INDEX_BHSI,2025-01-04 00:00:00,2025-01-04 18:00:00,806.3,POINTS,1,v1.0,VALID,SYNTHETIC,hash_mkt_001850,True
1851,INDEX_BDI,2025-01-05 00:00:00,2025-01-05 18:00:00,1637.4,POINTS,1,v1.0,VALID,SYNTHETIC,hash_mkt_001851,True
1852,INDEX_BCI,2025-01-05 00:00:00,2025-01-05 18:00:00,2526.0,POINTS,1,v1.0,VALID,SYNTHETIC,hash_mkt_001852,True
1853,INDEX_BPI,2025-01-05 00:00:00,2025-01-05 18:00:00,1630.3,POINTS,1,v1.0,VALID,SYNTHETIC,hash_mkt_001853,True
1854,INDEX_BSI,2025-01-05 00:00:00,2025-01-05 18:00:00,1265.0,POINTS,1,v1.0,VALID,SYNTHETIC,hash_mkt_001854,True
1855,INDEX_BHSI,2025-01-05 00:00:00,2025-01-05 18:00:00,786.6,POINTS,1,v1.0,VALID,SYNTHETIC,hash_mkt_001855,True
1856,INDEX_BDI,2025-01-06 00:00:00,2025-01-06 18:00:00,1639.9,POINTS,1,v1.0,VALID,SYNTHETIC,hash_mkt_001856,True
1857,INDEX_BCI,2025-01-06 00:00:00,2025-01-06 18:00:00,2466.9,POINTS,1,v1.0,VALID,SYNTHETIC,hash_mkt_001857,True
1858,INDEX_BPI,2025-01-06 00:00:00,2025-01-06 18:00:00,1633.8,POINTS,1,v1.0,VALID,SYNTHETIC,hash_mkt_001858,True
1859,INDEX_BSI,2025-01-06 00:00:00,2025-01-06 18:00:00,1232.7,POINTS,1,v1.0,VALID,SYNTHETIC,hash_mkt_001859,True
1860,INDEX_BHSI,2025-01-06 00:00:00,2025-01-06 18:00:00,787.3,POINTS,1,v1.0,VALID,SYNTHETIC,hash_mkt_001860,True
1861,INDEX_BDI,2025-01-07 00:00:00,2025-01-07 18:00:00,1652.9,POINTS,1,v1.0,VALID,SYNTHETIC,hash_mkt_001861,True
1862,INDEX_BCI,2025-01-07 00:00:00,2025-01-07 18:00:00,2533.3,POINTS,1,v1.0,VALID,SYNTHETIC,hash_mkt_001862,True
1863,INDEX_BPI,2025-01-07 00:00:00,2025-01-07 18:00:00,1615.3,POINTS,1,v1.0,VALID,SYNTHETIC,hash_mkt_001863,True
1864,INDEX_BSI,2025-01-07 00:00:00,2025-01-07 18:00:00,1252.6,POINTS,1,v1.0,VALID,SYNTHETIC,hash_mkt_001864,True
1865,INDEX_BHSI,2025-01-07 00:00:00,2025-01-07 18:00:00,775.4,POINTS,1,v1.0,VALID,SYNTHETIC,hash_mkt_001865,True
1866,INDEX_BDI,2025-01-08 00:00:00,2025-01-08 18:00:00,1658.2,POINTS,1,v1.0,VALID,SYNTHETIC,hash_mkt_001866,True
1867,INDEX_BCI,2025-01-08 00:00:00,2025-01-08 18:00:00,2558.3,POINTS,1,v1.0,VALID,SYNTHETIC,hash_mkt_001867,True
1868,INDEX_BPI,2025-01-08 00:00:00,2025-01-08 18:00:00,1612.0,POINTS,1,v1.0,VALID,SYNTHETIC,hash_mkt_001868,True
1869,INDEX_BSI,2025-01-08 00:00:00,2025-01-08 18:00:00,1231.9,POINTS,1,v1.0,VALID,SYNTHETIC,hash_mkt_001869,True
1870,INDEX_BHSI,2025-01-08 00:00:00,2025-01-08 18:00:00,764.7,POINTS,1,v1.0,VALID,SYNTHETIC,hash_mkt_001870,True
1871,INDEX_BDI,2025-01-09 00:00:00,2025-01-09 18:00:00,1625.9,POINTS,1,v1.0,VALID,SYNTHETIC,hash_mkt_001871,True
1872,INDEX_BCI,2025-01-09 00:00:00,2025-01-09 18:00:00,2361.8,POINTS,1,v1.0,VALID,SYNTHETIC,hash_mkt_001872,True
1873,INDEX_BPI,2025-01-09 00:00:00,2025-01-09 18:00:00,1568.3,POINTS,1,v1.0,VALID,SYNTHETIC,hash_mkt_001873,True
1874,INDEX_BSI,2025-01-09 00:00:00,2025-01-09 18:00:00,1211.4,POINTS,1,v1.0,VALID,SYNTHETIC,hash_mkt_001874,True
1875,INDEX_BHSI,2025-01-09 00:00:00,2025-01-09 18:00:00,773.5,POINTS,1,v1.0,VALID,SYNTHETIC,hash_mkt_001875,True
1876,INDEX_BDI,2025-01-10 00:00:00,2025-01-10 18:00:00,1569.8,POINTS,1,v1.0,VALID,SYNTHETIC,hash_mkt_001876,True
1877,INDEX_BCI,2025-01-10 00:00:00,2025-01-10 18:00:00,2543.8,POINTS,1,v1.0,VALID,SYNTHETIC,hash_mkt_001877,True
1878,INDEX_BPI,2025-01-10 00:00:00,2025-01-10 18:00:00,1549.5,POINTS,1,v1.0,VALID,SYNTHETIC,hash_mkt_001878,True
1879,INDEX_BSI,2025-01-10 00:00:00,2025-01-10 18:00:00,1223.5,POINTS,1,v1.0,VALID,SYNTHETIC,hash_mkt_001879,True
1880,INDEX_BHSI,2025-01-10 00:00:00,2025-01-10 18:00:00,765.2,POINTS,1,v1.0,VALID,SYNTHETIC,hash_mkt_001880,True
1881,INDEX_BDI,2025-01-11 00:00:00,2025-01-11 18:00:00,1622.4,POINTS,1,v1.0,VALID,SYNTHETIC,hash_mkt_001881,True
1882,INDEX_BCI,2025-01-11 00:00:00,2025-01-11 18:00:00,2495.5,POINTS,1,v1.0,VALID,SYNTHETIC,hash_mkt_001882,True
1883,INDEX_BPI,2025-01-11 00:00:00,2025-01-11 18:00:00,1519.6,POINTS,1,v1.0,VALID,SYNTHETIC,hash_mkt_001883,True
1884,INDEX_BSI,2025-01-11 00:00:00,2025-01-11 18:00:00,1196.2,POINTS,1,v1.0,VALID,SYNTHETIC,hash_mkt_001884,True
1885,INDEX_BHSI,2025-01-11 00:00:00,2025-01-11 18:00:00,745.6,POINTS,1,v1.0,VALID,SYNTHETIC,hash_mkt_001885,True
1886,INDEX_BDI,2025-01-12 00:00:00,2025-01-12 18:00:00,1621.3,POINTS,1,v1.0,VALID,SYNTHETIC,hash_mkt_001886,True
1887,INDEX_BCI,2025-01-12 00:00:00,2025-01-12 18:00:00,2420.9,POINTS,1,v1.0,VALID,SYNTHETIC,hash_mkt_001887,True
1888,INDEX_BPI,2025-01-12 00:00:00,2025-01-12 18:00:00,1503.4,POINTS,1,v1.0,VALID,SYNTHETIC,hash_mkt_001888,True
1889,INDEX_BSI,2025-01-12 00:00:00,2025-01-12 18:00:00,1182.2,POINTS,1,v1.0,VALID,SYNTHETIC,hash_mkt_001889,True
1890,INDEX_BHSI,2025-01-12 00:00:00,2025-01-12 18:00:00,738.2,POINTS,1,v1.0,VALID,SYNTHETIC,hash_mkt_001890,True
1891,INDEX_BDI,2025-01-13 00:00:00,2025-01-13 18:00:00,1541.2,POINTS,1,v1.0,VALID,SYNTHETIC,hash_mkt_001891,True
1892,INDEX_BCI,2025-01-13 00:00:00,2025-01-13 18:00:00,2381.6,POINTS,1,v1.0,VALID,SYNTHETIC,hash_mkt_001892,True
1893,INDEX_BPI,2025-01-13 00:00:00,2025-01-13 18:00:00,1498.9,POINTS,1,v1.0,VALID,SYNTHETIC,hash_mkt_001893,True
1894,INDEX_BSI,2025-01-13 00:00:00,2025-01-13 18:00:00,1150.7,POINTS,1,v1.0,VALID,SYNTHETIC,hash_mkt_001894,True
1895,INDEX_BHSI,2025-01-13 00:00:00,2025-01-13 18:00:00,723.0,POINTS,1,v1.0,VALID,SYNTHETIC,hash_mkt_001895,True
1896,INDEX_BDI,2025-01-14 00:00:00,2025-01-14 18:00:00,1513.3,POINTS,1,v1.0,VALID,SYNTHETIC,hash_mkt_001896,True
1897,INDEX_BCI,2025-01-14 00:00:00,2025-01-14 18:00:00,2353.3,POINTS,1,v1.0,VALID,SYNTHETIC,hash_mkt_001897,True
1898,INDEX_BPI,2025-01-14 00:00:00,2025-01-14 18:00:00,1498.5,POINTS,1,v1.0,VALID,SYNTHETIC,hash_mkt_001898,True
1899,INDEX_BSI,2025-01-14 00:00:00,2025-01-14 18:00:00,1152.0,POINTS,1,v1.0,VALID,SYNTHETIC,hash_mkt_001899,True
1900,INDEX_BHSI,2025-01-14 00:00:00,2025-01-14 18:00:00,721.6,POINTS,1,v1.0,VALID,SYNTHETIC,hash_mkt_001900,True
1901,INDEX_BDI,2025-01-15 00:00:00,2025-01-15 18:00:00,1533.6,POINTS,1,v1.0,VALID,SYNTHETIC,hash_mkt_001901,True
1902,INDEX_BCI,2025-01-15 00:00:00,2025-01-15 18:00:00,2269.3,POINTS,1,v1.0,VALID,SYNTHETIC,hash_mkt_001902,True
1903,INDEX_BPI,2025-01-15 00:00:00,2025-01-15 18:00:00,1423.3,POINTS,1,v1.0,VALID,SYNTHETIC,hash_mkt_001903,True
1904,INDEX_BSI,2025-01-15 00:00:00,2025-01-15 18:00:00,1109.1,POINTS,1,v1.0,VALID,SYNTHETIC,hash_mkt_001904,True
1905,INDEX_BHSI,2025-01-15 00:00:00,2025-01-15 18:00:00,712.0,POINTS,1,v1.0,VALID,SYNTHETIC,hash_mkt_001905,True
1906,INDEX_BDI,2025-01-16 00:00:00,2025-01-16 18:00:00,1511.2,POINTS,1,v1.0,VALID,SYNTHETIC,hash_mkt_001906,True
1907,INDEX_BCI,2025-01-16 00:00:00,2025-01-16 18:00:00,2327.4,POINTS,1,v1.0,VALID,SYNTHETIC,hash_mkt_001907,True
1908,INDEX_BPI,2025-01-16 00:00:00,2025-01-16 18:00:00,1421.5,POINTS,1,v1.0,VALID,SYNTHETIC,hash_mkt_001908,True
1909,INDEX_BSI,2025-01-16 00:00:00,2025-01-16 18:00:00,1112.0,POINTS,1,v1.0,VALID,SYNTHETIC,hash_mkt_001909,True
1910,INDEX_BHSI,2025-01-16 00:00:00,2025-01-16 18:00:00,703.1,POINTS,1,v1.0,VALID,SYNTHETIC,hash_mkt_001910,True
1911,INDEX_BDI,2025-01-17 00:00:00,2025-01-17 18:00:00,1483.7,POINTS,1,v1.0,VALID,SYNTHETIC,hash_mkt_001911,True
1912,INDEX_BCI,2025-01-17 00:00:00,2025-01-17 18:00:00,2367.1,POINTS,1,v1.0,VALID,SYNTHETIC,hash_mkt_001912,True
1913,INDEX_BPI,2025-01-17 00:00:00,2025-01-17 18:00:00,1456.0,POINTS,1,v1.0,VALID,SYNTHETIC,hash_mkt_001913,True
1914,INDEX_BSI,2025-01-17 00:00:00,2025-01-17 18:00:00,1109.3,POINTS,1,v1.0,VALID,SYNTHETIC,hash_mkt_001914,True
1915,INDEX_BHSI,2025-01-17 00:00:00,2025-01-17 18:00:00,702.6,POINTS,1,v1.0,VALID,SYNTHETIC,hash_mkt_001915,True
1916,INDEX_BDI,2025-01-18 00:00:00,2025-01-18 18:00:00,1468.7,POINTS,1,v1.0,VALID,SYNTHETIC,hash_mkt_001916,True
1917,INDEX_BCI,2025-01-18 00:00:00,2025-01-18 18:00:00,2264.6,POINTS,1,v1.0,VALID,SYNTHETIC,hash_mkt_001917,True
1918,INDEX_BPI,2025-01-18 00:00:00,2025-01-18 18:00:00,1428.2,POINTS,1,v1.0,VALID,SYNTHETIC,hash_mkt_001918,True
1919,INDEX_BSI,2025-01-18 00:00:00,2025-01-18 18:00:00,1124.4,POINTS,1,v1.0,VALID,SYNTHETIC,hash_mkt_001919,True
1920,INDEX_BHSI,2025-01-18 00:00:00,2025-01-18 18:00:00,708.1,POINTS,1,v1.0,VALID,SYNTHETIC,hash_mkt_001920,True
1921,INDEX_BDI,2025-01-19 00:00:00,2025-01-19 18:00:00,1474.2,POINTS,1,v1.0,VALID,SYNTHETIC,hash_mkt_001921,True
1922,INDEX_BCI,2025-01-19 00:00:00,2025-01-19 18:00:00,2251.1,POINTS,1,v1.0,VALID,SYNTHETIC,hash_mkt_001922,True
1923,INDEX_BPI,2025-01-19 00:00:00,2025-01-19 18:00:00,1429.4,POINTS,1,v1.0,VALID,SYNTHETIC,hash_mkt_001923,True
1924,INDEX_BSI,2025-01-19 00:00:00,2025-01-19 18:00:00,1107.3,POINTS,1,v1.0,VALID,SYNTHETIC,hash_mkt_001924,True
1925,INDEX_BHSI,2025-01-19 00:00:00,2025-01-19 18:00:00,688.6,POINTS,1,v1.0,VALID,SYNTHETIC,hash_mkt_001925,True
1926,INDEX_BDI,2025-01-20 00:00:00,2025-01-20 18:00:00,1490.3,POINTS,1,v1.0,VALID,SYNTHETIC,hash_mkt_001926,True
1927,INDEX_BCI,2025-01-20 00:00:00,2025-01-20 18:00:00,2293.4,POINTS,1,v1.0,VALID,SYNTHETIC,hash_mkt_001927,True
1928,INDEX_BPI,2025-01-20 00:00:00,2025-01-20 18:00:00,1409.2,POINTS,1,v1.0,VALID,SYNTHETIC,hash_mkt_001928,True
1929,INDEX_BSI,2025-01-20 00:00:00,2025-01-20 18:00:00,1090.6,POINTS,1,v1.0,VALID,SYNTHETIC,hash_mkt_001929,True
1930,INDEX_BHSI,2025-01-20 00:00:00,2025-01-20 18:00:00,675.6,POINTS,1,v1.0,VALID,SYNTHETIC,hash_mkt_001930,True
1931,INDEX_BDI,2025-01-21 00:00:00,2025-01-21 18:00:00,1478.6,POINTS,1,v1.0,VALID,SYNTHETIC,hash_mkt_001931,True
1932,INDEX_BCI,2025-01-21 00:00:00,2025-01-21 18:00:00,2298.7,POINTS,1,v1.0,VALID,SYNTHETIC,hash_mkt_001932,True
1933,INDEX_BPI,2025-01-21 00:00:00,2025-01-21 18:00:00,1431.7,POINTS,1,v1.0,VALID,SYNTHETIC,hash_mkt_001933,True
1934,INDEX_BSI,2025-01-21 00:00:00,2025-01-21 18:00:00,1107.6,POINTS,1,v1.0,VALID,SYNTHETIC,hash_mkt_001934,True
1935,INDEX_BHSI,2025-01-21 00:00:00,2025-01-21 18:00:00,696.8,POINTS,1,v1.0,VALID,SYNTHETIC,hash_mkt_001935,True
1936,INDEX_BDI,2025-01-22 00:00:00,2025-01-22 18:00:00,1466.8,POINTS,1,v1.0,VALID,SYNTHETIC,hash_mkt_001936,True
1937,INDEX_BCI,2025-01-22 00:00:00,2025-01-22 18:00:00,2308.4,POINTS,1,v1.0,VALID,SYNTHETIC,hash_mkt_001937,True
1938,INDEX_BPI,2025-01-22 00:00:00,2025-01-22 18:00:00,1362.8,POINTS,1,v1.0,VALID,SYNTHETIC,hash_mkt_001938,True
1939,INDEX_BSI,2025-01-22 00:00:00,2025-01-22 18:00:00,1073.9,POINTS,1,v1.0,VALID,SYNTHETIC,hash_mkt_001939,True
1940,INDEX_BHSI,2025-01-22 00:00:00,2025-01-22 18:00:00,686.6,POINTS,1,v1.0,VALID,SYNTHETIC,hash_mkt_001940,True
1941,INDEX_BDI,2025-01-23 00:00:00,2025-01-23 18:00:00,1442.9,POINTS,1,v1.0,VALID,SYNTHETIC,hash_mkt_001941,True
1942,INDEX_BCI,2025-01-23 00:00:00,2025-01-23 18:00:00,2284.4,POINTS,1,v1.0,VALID,SYNTHETIC,hash_mkt_001942,True
1943,INDEX_BPI,2025-01-23 00:00:00,2025-01-23 18:00:00,1402.2,POINTS,1,v1.0,VALID,SYNTHETIC,hash_mkt_001943,True
1944,INDEX_BSI,2025-01-23 00:00:00,2025-01-23 18:00:00,1078.4,POINTS,1,v1.0,VALID,SYNTHETIC,hash_mkt_001944,True
1945,INDEX_BHSI,2025-01-23 00:00:00,2025-01-23 18:00:00,682.6,POINTS,1,v1.0,VALID,SYNTHETIC,hash_mkt_001945,True
1946,INDEX_BDI,2025-01-24 00:00:00,2025-01-24 18:00:00,1381.0,POINTS,1,v1.0,VALID,SYNTHETIC,hash_mkt_001946,True
1947,INDEX_BCI,2025-01-24 00:00:00,2025-01-24 18:00:00,2299.3,POINTS,1,v1.0,VALID,SYNTHETIC,hash_mkt_001947,True
1948,INDEX_BPI,2025-01-24 00:00:00,2025-01-24 18:00:00,1389.6,POINTS,1,v1.0,VALID,SYNTHETIC,hash_mkt_001948,True
1949,INDEX_BSI,2025-01-24 00:00:00,2025-01-24 18:00:00,1061.8,POINTS,1,v1.0,VALID,SYNTHETIC,hash_mkt_001949,True
1950,INDEX_BHSI,2025-01-24 00:00:00,2025-01-24 18:00:00,675.7,POINTS,1,v1.0,VALID,SYNTHETIC,hash_mkt_001950,True
1951,INDEX_BDI,2025-01-25 00:00:00,2025-01-25 18:00:00,1420.3,POINTS,1,v1.0,VALID,SYNTHETIC,hash_mkt_001951,True
1952,INDEX_BCI,2025-01-25 00:00:00,2025-01-25 18:00:00,2207.8,POINTS,1,v1.0,VALID,SYNTHETIC,hash_mkt_001952,True
1953,INDEX_BPI,2025-01-25 00:00:00,2025-01-25 18:00:00,1385.9,POINTS,1,v1.0,VALID,SYNTHETIC,hash_mkt_001953,True
1954,INDEX_BSI,2025-01-25 00:00:00,2025-01-25 18:00:00,1068.9,POINTS,1,v1.0,VALID,SYNTHETIC,hash_mkt_001954,True
1955,INDEX_BHSI,2025-01-25 00:00:00,2025-01-25 18:00:00,677.0,POINTS,1,v1.0,VALID,SYNTHETIC,hash_mkt_001955,True
1956,INDEX_BDI,2025-01-26 00:00:00,2025-01-26 18:00:00,1412.9,POINTS,1,v1.0,VALID,SYNTHETIC,hash_mkt_001956,True
1957,INDEX_BCI,2025-01-26 00:00:00,2025-01-26 18:00:00,2244.7,POINTS,1,v1.0,VALID,SYNTHETIC,hash_mkt_001957,True
1958,INDEX_BPI,2025-01-26 00:00:00,2025-01-26 18:00:00,1336.1,POINTS,1,v1.0,VALID,SYNTHETIC,hash_mkt_001958,True
1959,INDEX_BSI,2025-01-26 00:00:00,2025-01-26 18:00:00,1028.8,POINTS,1,v1.0,VALID,SYNTHETIC,hash_mkt_001959,True
1960,INDEX_BHSI,2025-01-26 00:00:00,2025-01-26 18:00:00,674.8,POINTS,1,v1.0,VALID,SYNTHETIC,hash_mkt_001960,True
1961,INDEX_BDI,2025-01-27 00:00:00,2025-01-27 18:00:00,1392.1,POINTS,1,v1.0,VALID,SYNTHETIC,hash_mkt_001961,True
1962,INDEX_BCI,2025-01-27 00:00:00,2025-01-27 18:00:00,2274.1,POINTS,1,v1.0,VALID,SYNTHETIC,hash_mkt_001962,True
1963,INDEX_BPI,2025-01-27 00:00:00,2025-01-27 18:00:00,1350.2,POINTS,1,v1.0,VALID,SYNTHETIC,hash_mkt_001963,True
1964,INDEX_BSI,2025-01-27 00:00:00,2025-01-27 18:00:00,1056.5,POINTS,1,v1.0,VALID,SYNTHETIC,hash_mkt_001964,True
1965,INDEX_BHSI,2025-01-27 00:00:00,2025-01-27 18:00:00,654.4,POINTS,1,v1.0,VALID,SYNTHETIC,hash_mkt_001965,True
1966,INDEX_BDI,2025-01-28 00:00:00,2025-01-28 18:00:00,1435.8,POINTS,1,v1.0,VALID,SYNTHETIC,hash_mkt_001966,True
1967,INDEX_BCI,2025-01-28 00:00:00,2025-01-28 18:00:00,2288.4,POINTS,1,v1.0,VALID,SYNTHETIC,hash_mkt_001967,True
1968,INDEX_BPI,2025-01-28 00:00:00,2025-01-28 18:00:00,1347.6,POINTS,1,v1.0,VALID,SYNTHETIC,hash_mkt_001968,True
1969,INDEX_BSI,2025-01-28 00:00:00,2025-01-28 18:00:00,1049.9,POINTS,1,v1.0,VALID,SYNTHETIC,hash_mkt_001969,True
1970,INDEX_BHSI,2025-01-28 00:00:00,2025-01-28 18:00:00,666.1,POINTS,1,v1.0,VALID,SYNTHETIC,hash_mkt_001970,True
1971,INDEX_BDI,2025-01-29 00:00:00,2025-01-29 18:00:00,1417.0,POINTS,1,v1.0,VALID,SYNTHETIC,hash_mkt_001971,True
1972,INDEX_BCI,2025-01-29 00:00:00,2025-01-29 18:00:00,2339.7,POINTS,1,v1.0,VALID,SYNTHETIC,hash_mkt_001972,True
1973,INDEX_BPI,2025-01-29 00:00:00,2025-01-29 18:00:00,1357.7,POINTS,1,v1.0,VALID,SYNTHETIC,hash_mkt_001973,True
1974,INDEX_BSI,2025-01-29 00:00:00,2025-01-29 18:00:00,1043.9,POINTS,1,v1.0,VALID,SYNTHETIC,hash_mkt_001974,True
1975,INDEX_BHSI,2025-01-29 00:00:00,2025-01-29 18:00:00,657.3,POINTS,1,v1.0,VALID,SYNTHETIC,hash_mkt_001975,True
1976,INDEX_BDI,2025-01-30 00:00:00,2025-01-30 18:00:00,1367.6,POINTS,1,v1.0,VALID,SYNTHETIC,hash_mkt_001976,True
1977,INDEX_BCI,2025-01-30 00:00:00,2025-01-30 18:00:00,2211.4,POINTS,1,v1.0,VALID,SYNTHETIC,hash_mkt_001977,True
1978,INDEX_BPI,2025-01-30 00:00:00,2025-01-30 18:00:00,1375.9,POINTS,1,v1.0,VALID,SYNTHETIC,hash_mkt_001978,True
1979,INDEX_BSI,2025-01-30 00:00:00,2025-01-30 18:00:00,1064.8,POINTS,1,v1.0,VALID,SYNTHETIC,hash_mkt_001979,True
1980,INDEX_BHSI,2025-01-30 00:00:00,2025-01-30 18:00:00,662.1,POINTS,1,v1.0,VALID,SYNTHETIC,hash_mkt_001980,True
1981,INDEX_BDI,2025-01-31 00:00:00,2025-01-31 18:00:00,1371.6,POINTS,1,v1.0,VALID,SYNTHETIC,hash_mkt_001981,True
1982,INDEX_BCI,2025-01-31 00:00:00,2025-01-31 18:00:00,2211.8,POINTS,1,v1.0,VALID,SYNTHETIC,hash_mkt_001982,True
1983,INDEX_BPI,2025-01-31 00:00:00,2025-01-31 18:00:00,1321.1,POINTS,1,v1.0,VALID,SYNTHETIC,hash_mkt_001983,True
1984,INDEX_BSI,2025-01-31 00:00:00,2025-01-31 18:00:00,1012.8,POINTS,1,v1.0,VALID,SYNTHETIC,hash_mkt_001984,True
1985,INDEX_BHSI,2025-01-31 00:00:00,2025-01-31 18:00:00,660.2,POINTS,1,v1.0,VALID,SYNTHETIC,hash_mkt_001985,True
1986,INDEX_BDI,2025-02-01 00:00:00,2025-02-01 18:00:00,1318.0,POINTS,1,v1.0,VALID,SYNTHETIC,hash_mkt_001986,True
1987,INDEX_BCI,2025-02-01 00:00:00,2025-02-01 18:00:00,2191.0,POINTS,1,v1.0,VALID,SYNTHETIC,hash_mkt_001987,True
1988,INDEX_BPI,2025-02-01 00:00:00,2025-02-01 18:00:00,1301.7,POINTS,1,v1.0,VALID,SYNTHETIC,hash_mkt_001988,True
1989,INDEX_BSI,2025-02-01 00:00:00,2025-02-01 18:00:00,1024.4,POINTS,1,v1.0,VALID,SYNTHETIC,hash_mkt_001989,True
1990,INDEX_BHSI,2025-02-01 00:00:00,2025-02-01 18:00:00,654.1,POINTS,1,v1.0,VALID,SYNTHETIC,hash_mkt_001990,True
1991,INDEX_BDI,2025-02-02 00:00:00,2025-02-02 18:00:00,1298.7,POINTS,1,v1.0,VALID,SYNTHETIC,hash_mkt_001991,True
1992,INDEX_BCI,2025-02-02 00:00:00,2025-02-02 18:00:00,2208.7,POINTS,1,v1.0,VALID,SYNTHETIC,hash_mkt_001992,True
1993,INDEX_BPI,2025-02-02 00:00:00,2025-02-02 18:00:00,1324.7,POINTS,1,v1.0,VALID,SYNTHETIC,hash_mkt_001993,True
1994,INDEX_BSI,2025-02-02 00:00:00,2025-02-02 18:00:00,1017.3,POINTS,1,v1.0,VALID,SYNTHETIC,hash_mkt_001994,True
1995,INDEX_BHSI,2025-02-02 00:00:00,2025-02-02 18:00:00,637.1,POINTS,1,v1.0,VALID,SYNTHETIC,hash_mkt_001995,True
1996,INDEX_BDI,2025-02-03 00:00:00,2025-02-03 18:00:00,1348.5,POINTS,1,v1.0,VALID,SYNTHETIC,hash_mkt_001996,True
1997,INDEX_BCI,2025-02-03 00:00:00,2025-02-03 18:00:00,2166.9,POINTS,1,v1.0,VALID,SYNTHETIC,hash_mkt_001997,True
1998,INDEX_BPI,2025-02-03 00:00:00,2025-02-03 18:00:00,1329.8,POINTS,1,v1.0,VALID,SYNTHETIC,hash_mkt_001998,True
1999,INDEX_BSI,2025-02-03 00:00:00,2025-02-03 18:00:00,999.6,POINTS,1,v1.0,VALID,SYNTHETIC,hash_mkt_001999,True
2000,INDEX_BHSI,2025-02-03 00:00:00,2025-02-03 18:00:00,636.6,POINTS,1,v1.0,VALID,SYNTHETIC,hash_mkt_002000,True
2001,INDEX_BDI,2025-02-04 00:00:00,2025-02-04 18:00:00,1367.1,POINTS,1,v1.0,VALID,SYNTHETIC,hash_mkt_002001,True
2002,INDEX_BCI,2025-02-04 00:00:00,2025-02-04 18:00:00,2228.0,POINTS,1,v1.0,VALID,SYNTHETIC,hash_mkt_002002,True
2003,INDEX_BPI,2025-02-04 00:00:00,2025-02-04 18:00:00,1331.3,POINTS,1,v1.0,VALID,SYNTHETIC,hash_mkt_002003,True
2004,INDEX_BSI,2025-02-04 00:00:00,2025-02-04 18:00:00,1017.4,POINTS,1,v1.0,VALID,SYNTHETIC,hash_mkt_002004,True
2005,INDEX_BHSI,2025-02-04 00:00:00,2025-02-04 18:00:00,638.5,POINTS,1,v1.0,VALID,SYNTHETIC,hash_mkt_002005,True
2006,INDEX_BDI,2025-02-05 00:00:00,2025-02-05 18:00:00,1351.2,POINTS,1,v1.0,VALID,SYNTHETIC,hash_mkt_002006,True
2007,INDEX_BCI,2025-02-05 00:00:00,2025-02-05 18:00:00,2195.6,POINTS,1,v1.0,VALID,SYNTHETIC,hash_mkt_002007,True
2008,INDEX_BPI,2025-02-05 00:00:00,2025-02-05 18:00:00,1305.0,POINTS,1,v1.0,VALID,SYNTHETIC,hash_mkt_002008,True
2009,INDEX_BSI,2025-02-05 00:00:00,2025-02-05 18:00:00,1018.0,POINTS,1,v1.0,VALID,SYNTHETIC,hash_mkt_002009,True
2010,INDEX_BHSI,2025-02-05 00:00:00,2025-02-05 18:00:00,628.2,POINTS,1,v1.0,VALID,SYNTHETIC,hash_mkt_002010,True
2011,INDEX_BDI,2025-02-06 00:00:00,2025-02-06 18:00:00,1345.5,POINTS,1,v1.0,VALID,SYNTHETIC,hash_mkt_002011,True
2012,INDEX_BCI,2025-02-06 00:00:00,2025-02-06 18:00:00,2233.8,POINTS,1,v1.0,VALID,SYNTHETIC,hash_mkt_002012,True
2013,INDEX_BPI,2025-02-06 00:00:00,2025-02-06 18:00:00,1276.2,POINTS,1,v1.0,VALID,SYNTHETIC,hash_mkt_002013,True
2014,INDEX_BSI,2025-02-06 00:00:00,2025-02-06 18:00:00,975.6,POINTS,1,v1.0,VALID,SYNTHETIC,hash_mkt_002014,True
2015,INDEX_BHSI,2025-02-06 00:00:00,2025-02-06 18:00:00,651.7,POINTS,1,v1.0,VALID,SYNTHETIC,hash_mkt_002015,True
2016,INDEX_BDI,2025-02-07 00:00:00,2025-02-07 18:00:00,1343.9,POINTS,1,v1.0,VALID,SYNTHETIC,hash_mkt_002016,True
2017,INDEX_BCI,2025-02-07 00:00:00,2025-02-07 18:00:00,2258.5,POINTS,1,v1.0,VALID,SYNTHETIC,hash_mkt_002017,True
2018,INDEX_BPI,2025-02-07 00:00:00,2025-02-07 18:00:00,1326.8,POINTS,1,v1.0,VALID,SYNTHETIC,hash_mkt_002018,True
2019,INDEX_BSI,2025-02-07 00:00:00,2025-02-07 18:00:00,992.3,POINTS,1,v1.0,VALID,SYNTHETIC,hash_mkt_002019,True
2020,INDEX_BHSI,2025-02-07 00:00:00,2025-02-07 18:00:00,629.8,POINTS,1,v1.0,VALID,SYNTHETIC,hash_mkt_002020,True
2021,INDEX_BDI,2025-02-08 00:00:00,2025-02-08 18:00:00,1345.5,POINTS,1,v1.0,VALID,SYNTHETIC,hash_mkt_002021,True
2022,INDEX_BCI,2025-02-08 00:00:00,2025-02-08 18:00:00,2228.4,POINTS,1,v1.0,VALID,SYNTHETIC,hash_mkt_002022,True
2023,INDEX_BPI,2025-02-08 00:00:00,2025-02-08 18:00:00,1241.0,POINTS,1,v1.0,VALID,SYNTHETIC,hash_mkt_002023,True
2024,INDEX_BSI,2025-02-08 00:00:00,2025-02-08 18:00:00,1001.4,POINTS,1,v1.0,VALID,SYNTHETIC,hash_mkt_002024,True
2025,INDEX_BHSI,2025-02-08 00:00:00,2025-02-08 18:00:00,655.1,POINTS,1,v1.0,VALID,SYNTHETIC,hash_mkt_002025,True
2026,INDEX_BDI,2025-02-09 00:00:00,2025-02-09 18:00:00,1370.7,POINTS,1,v1.0,VALID,SYNTHETIC,hash_mkt_002026,True
2027,INDEX_BCI,2025-02-09 00:00:00,2025-02-09 18:00:00,2184.5,POINTS,1,v1.0,VALID,SYNTHETIC,hash_mkt_002027,True
2028,INDEX_BPI,2025-02-09 00:00:00,2025-02-09 18:00:00,1342.4,POINTS,1,v1.0,VALID,SYNTHETIC,hash_mkt_002028,True
2029,INDEX_BSI,2025-02-09 00:00:00,2025-02-09 18:00:00,994.1,POINTS,1,v1.0,VALID,SYNTHETIC,hash_mkt_002029,True
2030,INDEX_BHSI,2025-02-09 00:00:00,2025-02-09 18:00:00,644.3,POINTS,1,v1.0,VALID,SYNTHETIC,hash_mkt_002030,True
2031,INDEX_BDI,2025-02-10 00:00:00,2025-02-10 18:00:00,1332.9,POINTS,1,v1.0,VALID,SYNTHETIC,hash_mkt_002031,True
2032,INDEX_BCI,2025-02-10 00:00:00,2025-02-10 18:00:00,2212.7,POINTS,1,v1.0,VALID,SYNTHETIC,hash_mkt_002032,True
2033,INDEX_BPI,2025-02-10 00:00:00,2025-02-10 18:00:00,1304.9,POINTS,1,v1.0,VALID,SYNTHETIC,hash_mkt_002033,True
2034,INDEX_BSI,2025-02-10 00:00:00,2025-02-10 18:00:00,1006.9,POINTS,1,v1.0,VALID,SYNTHETIC,hash_mkt_002034,True
2035,INDEX_BHSI,2025-02-10 00:00:00,2025-02-10 18:00:00,640.0,POINTS,1,v1.0,VALID,SYNTHETIC,hash_mkt_002035,True
2036,INDEX_BDI,2025-02-11 00:00:00,2025-02-11 18:00:00,1359.6,POINTS,1,v1.0,VALID,SYNTHETIC,hash_mkt_002036,True
2037,INDEX_BCI,2025-02-11 00:00:00,2025-02-11 18:00:00,2251.5,POINTS,1,v1.0,VALID,SYNTHETIC,hash_mkt_002037,True
2038,INDEX_BPI,2025-02-11 00:00:00,2025-02-11 18:00:00,1360.3,POINTS,1,v1.0,VALID,SYNTHETIC,hash_mkt_002038,True
2039,INDEX_BSI,2025-02-11 00:00:00,2025-02-11 18:00:00,1033.2,POINTS,1,v1.0,VALID,SYNTHETIC,hash_mkt_002039,True
2040,INDEX_BHSI,2025-02-11 00:00:00,2025-02-11 18:00:00,633.5,POINTS,1,v1.0,VALID,SYNTHETIC,hash_mkt_002040,True
2041,INDEX_BDI,2025-02-12 00:00:00,2025-02-12 18:00:00,1410.8,POINTS,1,v1.0,VALID,SYNTHETIC,hash_mkt_002041,True
2042,INDEX_BCI,2025-02-12 00:00:00,2025-02-12 18:00:00,2229.4,POINTS,1,v1.0,VALID,SYNTHETIC,hash_mkt_002042,True
2043,INDEX_BPI,2025-02-12 00:00:00,2025-02-12 18:00:00,1315.0,POINTS,1,v1.0,VALID,SYNTHETIC,hash_mkt_002043,True
2044,INDEX_BSI,2025-02-12 00:00:00,2025-02-12 18:00:00,1009.8,POINTS,1,v1.0,VALID,SYNTHETIC,hash_mkt_002044,True
2045,INDEX_BHSI,2025-02-12 00:00:00,2025-02-12 18:00:00,641.7,POINTS,1,v1.0,VALID,SYNTHETIC,hash_mkt_002045,True
2046,INDEX_BDI,2025-02-13 00:00:00,2025-02-13 18:00:00,1394.0,POINTS,1,v1.0,VALID,SYNTHETIC,hash_mkt_002046,True
2047,INDEX_BCI,2025-02-13 00:00:00,2025-02-13 18:00:00,2337.7,POINTS,1,v1.0,VALID,SYNTHETIC,hash_mkt_002047,True
2048,INDEX_BPI,2025-02-13 00:00:00,2025-02-13 18:00:00,1359.7,POINTS,1,v1.0,VALID,SYNTHETIC,hash_mkt_002048,True
2049,INDEX_BSI,2025-02-13 00:00:00,2025-02-13 18:00:00,1056.3,POINTS,1,v1.0,VALID,SYNTHETIC,hash_mkt_002049,True
2050,INDEX_BHSI,2025-02-13 00:00:00,2025-02-13 18:00:00,644.8,POINTS,1,v1.0,VALID,SYNTHETIC,hash_mkt_002050,True
2051,INDEX_BDI,2025-02-14 00:00:00,2025-02-14 18:00:00,1408.1,POINTS,1,v1.0,VALID,SYNTHETIC,hash_mkt_002051,True
2052,INDEX_BCI,2025-02-14 00:00:00,2025-02-14 18:00:00,2390.1,POINTS,1,v1.0,VALID,SYNTHETIC,hash_mkt_002052,True
2053,INDEX_BPI,2025-02-14 00:00:00,2025-02-14 18:00:00,1394.6,POINTS,1,v1.0,VALID,SYNTHETIC,hash_mkt_002053,True
2054,INDEX_BSI,2025-02-14 00:00:00,2025-02-14 18:00:00,1065.0,POINTS,1,v1.0,VALID,SYNTHETIC,hash_mkt_002054,True
2055,INDEX_BHSI,2025-02-14 00:00:00,2025-02-14 18:00:00,659.2,POINTS,1,v1.0,VALID,SYNTHETIC,hash_mkt_002055,True
2056,INDEX_BDI,2025-02-15 00:00:00,2025-02-15 18:00:00,1351.7,POINTS,1,v1.0,VALID,SYNTHETIC,hash_mkt_002056,True
2057,INDEX_BCI,2025-02-15 00:00:00,2025-02-15 18:00:00,2364.3,POINTS,1,v1.0,VALID,SYNTHETIC,hash_mkt_002057,True
2058,INDEX_BPI,2025-02-15 00:00:00,2025-02-15 18:00:00,1384.3,POINTS,1,v1.0,VALID,SYNTHETIC,hash_mkt_002058,True
2059,INDEX_BSI,2025-02-15 00:00:00,2025-02-15 18:00:00,1061.5,POINTS,1,v1.0,VALID,SYNTHETIC,hash_mkt_002059,True
2060,INDEX_BHSI,2025-02-15 00:00:00,2025-02-15 18:00:00,644.4,POINTS,1,v1.0,VALID,SYNTHETIC,hash_mkt_002060,True
2061,INDEX_BDI,2025-02-16 00:00:00,2025-02-16 18:00:00,1460.4,POINTS,1,v1.0,VALID,SYNTHETIC,hash_mkt_002061,True
2062,INDEX_BCI,2025-02-16 00:00:00,2025-02-16 18:00:00,2396.8,POINTS,1,v1.0,VALID,SYNTHETIC,hash_mkt_002062,True
2063,INDEX_BPI,2025-02-16 00:00:00,2025-02-16 18:00:00,1394.7,POINTS,1,v1.0,VALID,SYNTHETIC,hash_mkt_002063,True
2064,INDEX_BSI,2025-02-16 00:00:00,2025-02-16 18:00:00,1066.4,POINTS,1,v1.0,VALID,SYNTHETIC,hash_mkt_002064,True
2065,INDEX_BHSI,2025-02-16 00:00:00,2025-02-16 18:00:00,686.6,POINTS,1,v1.0,VALID,SYNTHETIC,hash_mkt_002065,True
2066,INDEX_BDI,2025-02-17 00:00:00,2025-02-17 18:00:00,1419.7,POINTS,1,v1.0,VALID,SYNTHETIC,hash_mkt_002066,True
2067,INDEX_BCI,2025-02-17 00:00:00,2025-02-17 18:00:00,2403.8,POINTS,1,v1.0,VALID,SYNTHETIC,hash_mkt_002067,True
2068,INDEX_BPI,2025-02-17 00:00:00,2025-02-17 18:00:00,1392.0,POINTS,1,v1.0,VALID,SYNTHETIC,hash_mkt_002068,True
2069,INDEX_BSI,2025-02-17 00:00:00,2025-02-17 18:00:00,1089.4,POINTS,1,v1.0,VALID,SYNTHETIC,hash_mkt_002069,True
2070,INDEX_BHSI,2025-02-17 00:00:00,2025-02-17 18:00:00,700.7,POINTS,1,v1.0,VALID,SYNTHETIC,hash_mkt_002070,True
2071,INDEX_BDI,2025-02-18 00:00:00,2025-02-18 18:00:00,1481.1,POINTS,1,v1.0,VALID,SYNTHETIC,hash_mkt_002071,True
2072,INDEX_BCI,2025-02-18 00:00:00,2025-02-18 18:00:00,2452.0,POINTS,1,v1.0,VALID,SYNTHETIC,hash_mkt_002072,True
2073,INDEX_BPI,2025-02-18 00:00:00,2025-02-18 18:00:00,1396.0,POINTS,1,v1.0,VALID,SYNTHETIC,hash_mkt_002073,True
2074,INDEX_BSI,2025-02-18 00:00:00,2025-02-18 18:00:00,1084.9,POINTS,1,v1.0,VALID,SYNTHETIC,hash_mkt_002074,True
2075,INDEX_BHSI,2025-02-18 00:00:00,2025-02-18 18:00:00,668.4,POINTS,1,v1.0,VALID,SYNTHETIC,hash_mkt_002075,True
2076,INDEX_BDI,2025-02-19 00:00:00,2025-02-19 18:00:00,1432.3,POINTS,1,v1.0,VALID,SYNTHETIC,hash_mkt_002076,True
2077,INDEX_BCI,2025-02-19 00:00:00,2025-02-19 18:00:00,2448.7,POINTS,1,v1.0,VALID,SYNTHETIC,hash_mkt_002077,True
2078,INDEX_BPI,2025-02-19 00:00:00,2025-02-19 18:00:00,1427.6,POINTS,1,v1.0,VALID,SYNTHETIC,hash_mkt_002078,True
2079,INDEX_BSI,2025-02-19 00:00:00,2025-02-19 18:00:00,1096.9,POINTS,1,v1.0,VALID,SYNTHETIC,hash_mkt_002079,True
2080,INDEX_BHSI,2025-02-19 00:00:00,2025-02-19 18:00:00,675.4,POINTS,1,v1.0,VALID,SYNTHETIC,hash_mkt_002080,True
2081,INDEX_BDI,2025-02-20 00:00:00,2025-02-20 18:00:00,1485.3,POINTS,1,v1.0,VALID,SYNTHETIC,hash_mkt_002081,True
2082,INDEX_BCI,2025-02-20 00:00:00,2025-02-20 18:00:00,2513.5,POINTS,1,v1.0,VALID,SYNTHETIC,hash_mkt_002082,True
2083,INDEX_BPI,2025-02-20 00:00:00,2025-02-20 18:00:00,1446.7,POINTS,1,v1.0,VALID,SYNTHETIC,hash_mkt_002083,True
2084,INDEX_BSI,2025-02-20 00:00:00,2025-02-20 18:00:00,1128.0,POINTS,1,v1.0,VALID,SYNTHETIC,hash_mkt_002084,True
2085,INDEX_BHSI,2025-02-20 00:00:00,2025-02-20 18:00:00,703.7,POINTS,1,v1.0,VALID,SYNTHETIC,hash_mkt_002085,True
2086,INDEX_BDI,2025-02-21 00:00:00,2025-02-21 18:00:00,1524.3,POINTS,1,v1.0,VALID,SYNTHETIC,hash_mkt_002086,True
2087,INDEX_BCI,2025-02-21 00:00:00,2025-02-21 18:00:00,2609.2,POINTS,1,v1.0,VALID,SYNTHETIC,hash_mkt_002087,True
2088,INDEX_BPI,2025-02-21 00:00:00,2025-02-21 18:00:00,1504.9,POINTS,1,v1.0,VALID,SYNTHETIC,hash_mkt_002088,True
2089,INDEX_BSI,2025-02-21 00:00:00,2025-02-21 18:00:00,1121.2,POINTS,1,v1.0,VALID,SYNTHETIC,hash_mkt_002089,True
2090,INDEX_BHSI,2025-02-21 00:00:00,2025-02-21 18:00:00,710.5,POINTS,1,v1.0,VALID,SYNTHETIC,hash_mkt_002090,True
2091,INDEX_BDI,2025-02-22 00:00:00,2025-02-22 18:00:00,1555.1,POINTS,1,v1.0,VALID,SYNTHETIC,hash_mkt_002091,True
2092,INDEX_BCI,2025-02-22 00:00:00,2025-02-22 18:00:00,2573.5,POINTS,1,v1.0,VALID,SYNTHETIC,hash_mkt_002092,True
2093,INDEX_BPI,2025-02-22 00:00:00,2025-02-22 18:00:00,1469.1,POINTS,1,v1.0,VALID,SYNTHETIC,hash_mkt_002093,True
2094,INDEX_BSI,2025-02-22 00:00:00,2025-02-22 18:00:00,1139.8,POINTS,1,v1.0,VALID,SYNTHETIC,hash_mkt_002094,True
2095,INDEX_BHSI,2025-02-22 00:00:00,2025-02-22 18:00:00,718.8,POINTS,1,v1.0,VALID,SYNTHETIC,hash_mkt_002095,True
2096,INDEX_BDI,2025-02-23 00:00:00,2025-02-23 18:00:00,1536.3,POINTS,1,v1.0,VALID,SYNTHETIC,hash_mkt_002096,True
2097,INDEX_BCI,2025-02-23 00:00:00,2025-02-23 18:00:00,2613.7,POINTS,1,v1.0,VALID,SYNTHETIC,hash_mkt_002097,True
2098,INDEX_BPI,2025-02-23 00:00:00,2025-02-23 18:00:00,1531.8,POINTS,1,v1.0,VALID,SYNTHETIC,hash_mkt_002098,True
2099,INDEX_BSI,2025-02-23 00:00:00,2025-02-23 18:00:00,1134.0,POINTS,1,v1.0,VALID,SYNTHETIC,hash_mkt_002099,True
2100,INDEX_BHSI,2025-02-23 00:00:00,2025-02-23 18:00:00,724.2,POINTS,1,v1.0,VALID,SYNTHETIC,hash_mkt_002100,True
2101,INDEX_BDI,2025-02-24 00:00:00,2025-02-24 18:00:00,1590.8,POINTS,1,v1.0,VALID,SYNTHETIC,hash_mkt_002101,True
2102,INDEX_BCI,2025-02-24 00:00:00,2025-02-24 18:00:00,2717.8,POINTS,1,v1.0,VALID,SYNTHETIC,hash_mkt_002102,True
2103,INDEX_BPI,2025-02-24 00:00:00,2025-02-24 18:00:00,1506.6,POINTS,1,v1.0,VALID,SYNTHETIC,hash_mkt_002103,True
2104,INDEX_BSI,2025-02-24 00:00:00,2025-02-24 18:00:00,1199.7,POINTS,1,v1.0,VALID,SYNTHETIC,hash_mkt_002104,True
2105,INDEX_BHSI,2025-02-24 00:00:00,2025-02-24 18:00:00,730.9,POINTS,1,v1.0,VALID,SYNTHETIC,hash_mkt_002105,True
2106,INDEX_BDI,2025-02-25 00:00:00,2025-02-25 18:00:00,1568.4,POINTS,1,v1.0,VALID,SYNTHETIC,hash_mkt_002106,True
2107,INDEX_BCI,2025-02-25 00:00:00,2025-02-25 18:00:00,2715.9,POINTS,1,v1.0,VALID,SYNTHETIC,hash_mkt_002107,True
2108,INDEX_BPI,2025-02-25 00:00:00,2025-02-25 18:00:00,1503.6,POINTS,1,v1.0,VALID,SYNTHETIC,hash_mkt_002108,True
2109,INDEX_BSI,2025-02-25 00:00:00,2025-02-25 18:00:00,1180.5,POINTS,1,v1.0,VALID,SYNTHETIC,hash_mkt_002109,True
2110,INDEX_BHSI,2025-02-25 00:00:00,2025-02-25 18:00:00,739.3,POINTS,1,v1.0,VALID,SYNTHETIC,hash_mkt_002110,True
2111,INDEX_BDI,2025-02-26 00:00:00,2025-02-26 18:00:00,1575.4,POINTS,1,v1.0,VALID,SYNTHETIC,hash_mkt_002111,True
2112,INDEX_BCI,2025-02-26 00:00:00,2025-02-26 18:00:00,2751.6,POINTS,1,v1.0,VALID,SYNTHETIC,hash_mkt_002112,True
2113,INDEX_BPI,2025-02-26 00:00:00,2025-02-26 18:00:00,1577.1,POINTS,1,v1.0,VALID,SYNTHETIC,hash_mkt_002113,True
2114,INDEX_BSI,2025-02-26 00:00:00,2025-02-26 18:00:00,1203.3,POINTS,1,v1.0,VALID,SYNTHETIC,hash_mkt_002114,True
2115,INDEX_BHSI,2025-02-26 00:00:00,2025-02-26 18:00:00,746.7,POINTS,1,v1.0,VALID,SYNTHETIC,hash_mkt_002115,True
2116,INDEX_BDI,2025-02-27 00:00:00,2025-02-27 18:00:00,1656.0,POINTS,1,v1.0,VALID,SYNTHETIC,hash_mkt_002116,True
2117,INDEX_BCI,2025-02-27 00:00:00,2025-02-27 18:00:00,2784.1,POINTS,1,v1.0,VALID,SYNTHETIC,hash_mkt_002117,True
2118,INDEX_BPI,2025-02-27 00:00:00,2025-02-27 18:00:00,1585.2,POINTS,1,v1.0,VALID,SYNTHETIC,hash_mkt_002118,True
2119,INDEX_BSI,2025-02-27 00:00:00,2025-02-27 18:00:00,1221.5,POINTS,1,v1.0,VALID,SYNTHETIC,hash_mkt_002119,True
2120,INDEX_BHSI,2025-02-27 00:00:00,2025-02-27 18:00:00,772.3,POINTS,1,v1.0,VALID,SYNTHETIC,hash_mkt_002120,True
2121,INDEX_BDI,2025-02-28 00:00:00,2025-02-28 18:00:00,1650.9,POINTS,1,v1.0,VALID,SYNTHETIC,hash_mkt_002121,True
2122,INDEX_BCI,2025-02-28 00:00:00,2025-02-28 18:00:00,2801.4,POINTS,1,v1.0,VALID,SYNTHETIC,hash_mkt_002122,True
2123,INDEX_BPI,2025-02-28 00:00:00,2025-02-28 18:00:00,1615.2,POINTS,1,v1.0,VALID,SYNTHETIC,hash_mkt_002123,True
2124,INDEX_BSI,2025-02-28 00:00:00,2025-02-28 18:00:00,1242.0,POINTS,1,v1.0,VALID,SYNTHETIC,hash_mkt_002124,True
2125,INDEX_BHSI,2025-02-28 00:00:00,2025-02-28 18:00:00,759.9,POINTS,1,v1.0,VALID,SYNTHETIC,hash_mkt_002125,True
2126,INDEX_BDI,2025-03-01 00:00:00,2025-03-01 18:00:00,1645.4,POINTS,1,v1.0,VALID,SYNTHETIC,hash_mkt_002126,True
2127,INDEX_BCI,2025-03-01 00:00:00,2025-03-01 18:00:00,2871.0,POINTS,1,v1.0,VALID,SYNTHETIC,hash_mkt_002127,True
2128,INDEX_BPI,2025-03-01 00:00:00,2025-03-01 18:00:00,1614.3,POINTS,1,v1.0,VALID,SYNTHETIC,hash_mkt_002128,True
2129,INDEX_BSI,2025-03-01 00:00:00,2025-03-01 18:00:00,1237.1,POINTS,1,v1.0,VALID,SYNTHETIC,hash_mkt_002129,True
2130,INDEX_BHSI,2025-03-01 00:00:00,2025-03-01 18:00:00,790.3,POINTS,1,v1.0,VALID,SYNTHETIC,hash_mkt_002130,True
2131,INDEX_BDI,2025-03-02 00:00:00,2025-03-02 18:00:00,1677.8,POINTS,1,v1.0,VALID,SYNTHETIC,hash_mkt_002131,True
2132,INDEX_BCI,2025-03-02 00:00:00,2025-03-02 18:00:00,2836.3,POINTS,1,v1.0,VALID,SYNTHETIC,hash_mkt_002132,True
2133,INDEX_BPI,2025-03-02 00:00:00,2025-03-02 18:00:00,1648.5,POINTS,1,v1.0,VALID,SYNTHETIC,hash_mkt_002133,True
2134,INDEX_BSI,2025-03-02 00:00:00,2025-03-02 18:00:00,1263.0,POINTS,1,v1.0,VALID,SYNTHETIC,hash_mkt_002134,True
2135,INDEX_BHSI,2025-03-02 00:00:00,2025-03-02 18:00:00,777.3,POINTS,1,v1.0,VALID,SYNTHETIC,hash_mkt_002135,True
2136,INDEX_BDI,2025-03-03 00:00:00,2025-03-03 18:00:00,1688.1,POINTS,1,v1.0,VALID,SYNTHETIC,hash_mkt_002136,True
2137,INDEX_BCI,2025-03-03 00:00:00,2025-03-03 18:00:00,2860.1,POINTS,1,v1.0,VALID,SYNTHETIC,hash_mkt_002137,True
2138,INDEX_BPI,2025-03-03 00:00:00,2025-03-03 18:00:00,1678.9,POINTS,1,v1.0,VALID,SYNTHETIC,hash_mkt_002138,True
2139,INDEX_BSI,2025-03-03 00:00:00,2025-03-03 18:00:00,1291.6,POINTS,1,v1.0,VALID,SYNTHETIC,hash_mkt_002139,True
2140,INDEX_BHSI,2025-03-03 00:00:00,2025-03-03 18:00:00,805.1,POINTS,1,v1.0,VALID,SYNTHETIC,hash_mkt_002140,True
2141,INDEX_BDI,2025-03-04 00:00:00,2025-03-04 18:00:00,1704.4,POINTS,1,v1.0,VALID,SYNTHETIC,hash_mkt_002141,True
2142,INDEX_BCI,2025-03-04 00:00:00,2025-03-04 18:00:00,2908.2,POINTS,1,v1.0,VALID,SYNTHETIC,hash_mkt_002142,True
2143,INDEX_BPI,2025-03-04 00:00:00,2025-03-04 18:00:00,1690.2,POINTS,1,v1.0,VALID,SYNTHETIC,hash_mkt_002143,True
2144,INDEX_BSI,2025-03-04 00:00:00,2025-03-04 18:00:00,1294.8,POINTS,1,v1.0,VALID,SYNTHETIC,hash_mkt_002144,True
2145,INDEX_BHSI,2025-03-04 00:00:00,2025-03-04 18:00:00,788.0,POINTS,1,v1.0,VALID,SYNTHETIC,hash_mkt_002145,True
2146,INDEX_BDI,2025-03-05 00:00:00,2025-03-05 18:00:00,1729.9,POINTS,1,v1.0,VALID,SYNTHETIC,hash_mkt_002146,True
2147,INDEX_BCI,2025-03-05 00:00:00,2025-03-05 18:00:00,2968.8,POINTS,1,v1.0,VALID,SYNTHETIC,hash_mkt_002147,True
2148,INDEX_BPI,2025-03-05 00:00:00,2025-03-05 18:00:00,1662.1,POINTS,1,v1.0,VALID,SYNTHETIC,hash_mkt_002148,True
2149,INDEX_BSI,2025-03-05 00:00:00,2025-03-05 18:00:00,1319.4,POINTS,1,v1.0,VALID,SYNTHETIC,hash_mkt_002149,True
2150,INDEX_BHSI,2025-03-05 00:00:00,2025-03-05 18:00:00,811.9,POINTS,1,v1.0,VALID,SYNTHETIC,hash_mkt_002150,True
2151,INDEX_BDI,2025-03-06 00:00:00,2025-03-06 18:00:00,1728.4,POINTS,1,v1.0,VALID,SYNTHETIC,hash_mkt_002151,True
2152,INDEX_BCI,2025-03-06 00:00:00,2025-03-06 18:00:00,2985.1,POINTS,1,v1.0,VALID,SYNTHETIC,hash_mkt_002152,True
2153,INDEX_BPI,2025-03-06 00:00:00,2025-03-06 18:00:00,1683.8,POINTS,1,v1.0,VALID,SYNTHETIC,hash_mkt_002153,True
2154,INDEX_BSI,2025-03-06 00:00:00,2025-03-06 18:00:00,1297.3,POINTS,1,v1.0,VALID,SYNTHETIC,hash_mkt_002154,True
2155,INDEX_BHSI,2025-03-06 00:00:00,2025-03-06 18:00:00,818.5,POINTS,1,v1.0,VALID,SYNTHETIC,hash_mkt_002155,True
2156,INDEX_BDI,2025-03-07 00:00:00,2025-03-07 18:00:00,1745.0,POINTS,1,v1.0,VALID,SYNTHETIC,hash_mkt_002156,True
2157,INDEX_BCI,2025-03-07 00:00:00,2025-03-07 18:00:00,2954.3,POINTS,1,v1.0,VALID,SYNTHETIC,hash_mkt_002157,True
2158,INDEX_BPI,2025-03-07 00:00:00,2025-03-07 18:00:00,1710.8,POINTS,1,v1.0,VALID,SYNTHETIC,hash_mkt_002158,True
2159,INDEX_BSI,2025-03-07 00:00:00,2025-03-07 18:00:00,1303.9,POINTS,1,v1.0,VALID,SYNTHETIC,hash_mkt_002159,True
2160,INDEX_BHSI,2025-03-07 00:00:00,2025-03-07 18:00:00,824.0,POINTS,1,v1.0,VALID,SYNTHETIC,hash_mkt_002160,True
2161,INDEX_BDI,2025-03-08 00:00:00,2025-03-08 18:00:00,1757.0,POINTS,1,v1.0,VALID,SYNTHETIC,hash_mkt_002161,True
2162,INDEX_BCI,2025-03-08 00:00:00,2025-03-08 18:00:00,2990.8,POINTS,1,v1.0,VALID,SYNTHETIC,hash_mkt_002162,True
2163,INDEX_BPI,2025-03-08 00:00:00,2025-03-08 18:00:00,1687.3,POINTS,1,v1.0,VALID,SYNTHETIC,hash_mkt_002163,True
2164,INDEX_BSI,2025-03-08 00:00:00,2025-03-08 18:00:00,1322.2,POINTS,1,v1.0,VALID,SYNTHETIC,hash_mkt_002164,True
2165,INDEX_BHSI,2025-03-08 00:00:00,2025-03-08 18:00:00,823.8,POINTS,1,v1.0,VALID,SYNTHETIC,hash_mkt_002165,True
2166,INDEX_BDI,2025-03-09 00:00:00,2025-03-09 18:00:00,1803.7,POINTS,1,v1.0,VALID,SYNTHETIC,hash_mkt_002166,True
2167,INDEX_BCI,2025-03-09 00:00:00,2025-03-09 18:00:00,3041.6,POINTS,1,v1.0,VALID,SYNTHETIC,hash_mkt_002167,True
2168,INDEX_BPI,2025-03-09 00:00:00,2025-03-09 18:00:00,1768.6,POINTS,1,v1.0,VALID,SYNTHETIC,hash_mkt_002168,True
2169,INDEX_BSI,2025-03-09 00:00:00,2025-03-09 18:00:00,1354.2,POINTS,1,v1.0,VALID,SYNTHETIC,hash_mkt_002169,True
2170,INDEX_BHSI,2025-03-09 00:00:00,2025-03-09 18:00:00,840.5,POINTS,1,v1.0,VALID,SYNTHETIC,hash_mkt_002170,True
2171,INDEX_BDI,2025-03-10 00:00:00,2025-03-10 18:00:00,1774.2,POINTS,1,v1.0,VALID,SYNTHETIC,hash_mkt_002171,True
2172,INDEX_BCI,2025-03-10 00:00:00,2025-03-10 18:00:00,3051.6,POINTS,1,v1.0,VALID,SYNTHETIC,hash_mkt_002172,True
2173,INDEX_BPI,2025-03-10 00:00:00,2025-03-10 18:00:00,1745.7,POINTS,1,v1.0,VALID,SYNTHETIC,hash_mkt_002173,True
2174,INDEX_BSI,2025-03-10 00:00:00,2025-03-10 18:00:00,1346.5,POINTS,1,v1.0,VALID,SYNTHETIC,hash_mkt_002174,True
2175,INDEX_BHSI,2025-03-10 00:00:00,2025-03-10 18:00:00,821.8,POINTS,1,v1.0,VALID,SYNTHETIC,hash_mkt_002175,True
2176,INDEX_BDI,2025-03-11 00:00:00,2025-03-11 18:00:00,1793.2,POINTS,1,v1.0,VALID,SYNTHETIC,hash_mkt_002176,True
2177,INDEX_BCI,2025-03-11 00:00:00,2025-03-11 18:00:00,2992.2,POINTS,1,v1.0,VALID,SYNTHETIC,hash_mkt_002177,True
2178,INDEX_BPI,2025-03-11 00:00:00,2025-03-11 18:00:00,1740.2,POINTS,1,v1.0,VALID,SYNTHETIC,hash_mkt_002178,True
2179,INDEX_BSI,2025-03-11 00:00:00,2025-03-11 18:00:00,1338.4,POINTS,1,v1.0,VALID,SYNTHETIC,hash_mkt_002179,True
2180,INDEX_BHSI,2025-03-11 00:00:00,2025-03-11 18:00:00,826.8,POINTS,1,v1.0,VALID,SYNTHETIC,hash_mkt_002180,True
2181,INDEX_BDI,2025-03-12 00:00:00,2025-03-12 18:00:00,1806.8,POINTS,1,v1.0,VALID,SYNTHETIC,hash_mkt_002181,True
2182,INDEX_BCI,2025-03-12 00:00:00,2025-03-12 18:00:00,2990.4,POINTS,1,v1.0,VALID,SYNTHETIC,hash_mkt_002182,True
2183,INDEX_BPI,2025-03-12 00:00:00,2025-03-12 18:00:00,1752.4,POINTS,1,v1.0,VALID,SYNTHETIC,hash_mkt_002183,True
2184,INDEX_BSI,2025-03-12 00:00:00,2025-03-12 18:00:00,1327.8,POINTS,1,v1.0,VALID,SYNTHETIC,hash_mkt_002184,True
2185,INDEX_BHSI,2025-03-12 00:00:00,2025-03-12 18:00:00,827.1,POINTS,1,v1.0,VALID,SYNTHETIC,hash_mkt_002185,True
2186,INDEX_BDI,2025-03-13 00:00:00,2025-03-13 18:00:00,1822.0,POINTS,1,v1.0,VALID,SYNTHETIC,hash_mkt_002186,True
2187,INDEX_BCI,2025-03-13 00:00:00,2025-03-13 18:00:00,3081.2,POINTS,1,v1.0,VALID,SYNTHETIC,hash_mkt_002187,True
2188,INDEX_BPI,2025-03-13 00:00:00,2025-03-13 18:00:00,1760.5,POINTS,1,v1.0,VALID,SYNTHETIC,hash_mkt_002188,True
2189,INDEX_BSI,2025-03-13 00:00:00,2025-03-13 18:00:00,1346.9,POINTS,1,v1.0,VALID,SYNTHETIC,hash_mkt_002189,True
2190,INDEX_BHSI,2025-03-13 00:00:00,2025-03-13 18:00:00,845.1,POINTS,1,v1.0,VALID,SYNTHETIC,hash_mkt_002190,True
2191,INDEX_BDI,2025-03-14 00:00:00,2025-03-14 18:00:00,1795.0,POINTS,1,v1.0,VALID,SYNTHETIC,hash_mkt_002191,True
2192,INDEX_BCI,2025-03-14 00:00:00,2025-03-14 18:00:00,3085.6,POINTS,1,v1.0,VALID,SYNTHETIC,hash_mkt_002192,True
2193,INDEX_BPI,2025-03-14 00:00:00,2025-03-14 18:00:00,1735.8,POINTS,1,v1.0,VALID,SYNTHETIC,hash_mkt_002193,True
2194,INDEX_BSI,2025-03-14 00:00:00,2025-03-14 18:00:00,1348.8,POINTS,1,v1.0,VALID,SYNTHETIC,hash_mkt_002194,True
2195,INDEX_BHSI,2025-03-14 00:00:00,2025-03-14 18:00:00,850.6,POINTS,1,v1.0,VALID,SYNTHETIC,hash_mkt_002195,True
2196,INDEX_BDI,2025-03-15 00:00:00,2025-03-15 18:00:00,1847.3,POINTS,1,v1.0,VALID,SYNTHETIC,hash_mkt_002196,True
2197,INDEX_BCI,2025-03-15 00:00:00,2025-03-15 18:00:00,3028.7,POINTS,1,v1.0,VALID,SYNTHETIC,hash_mkt_002197,True
2198,INDEX_BPI,2025-03-15 00:00:00,2025-03-15 18:00:00,1758.2,POINTS,1,v1.0,VALID,SYNTHETIC,hash_mkt_002198,True
2199,INDEX_BSI,2025-03-15 00:00:00,2025-03-15 18:00:00,1324.0,POINTS,1,v1.0,VALID,SYNTHETIC,hash_mkt_002199,True
2200,INDEX_BHSI,2025-03-15 00:00:00,2025-03-15 18:00:00,841.1,POINTS,1,v1.0,VALID,SYNTHETIC,hash_mkt_002200,True
2201,INDEX_BDI,2025-03-16 00:00:00,2025-03-16 18:00:00,1807.7,POINTS,1,v1.0,VALID,SYNTHETIC,hash_mkt_002201,True
2202,INDEX_BCI,2025-03-16 00:00:00,2025-03-16 18:00:00,3042.2,POINTS,1,v1.0,VALID,SYNTHETIC,hash_mkt_002202,True
2203,INDEX_BPI,2025-03-16 00:00:00,2025-03-16 18:00:00,1782.5,POINTS,1,v1.0,VALID,SYNTHETIC,hash_mkt_002203,True
2204,INDEX_BSI,2025-03-16 00:00:00,2025-03-16 18:00:00,1365.9,POINTS,1,v1.0,VALID,SYNTHETIC,hash_mkt_002204,True
2205,INDEX_BHSI,2025-03-16 00:00:00,2025-03-16 18:00:00,847.3,POINTS,1,v1.0,VALID,SYNTHETIC,hash_mkt_002205,True
2206,INDEX_BDI,2025-03-17 00:00:00,2025-03-17 18:00:00,1803.8,POINTS,1,v1.0,VALID,SYNTHETIC,hash_mkt_002206,True
2207,INDEX_BCI,2025-03-17 00:00:00,2025-03-17 18:00:00,3116.8,POINTS,1,v1.0,VALID,SYNTHETIC,hash_mkt_002207,True
2208,INDEX_BPI,2025-03-17 00:00:00,2025-03-17 18:00:00,1732.9,POINTS,1,v1.0,VALID,SYNTHETIC,hash_mkt_002208,True
2209,INDEX_BSI,2025-03-17 00:00:00,2025-03-17 18:00:00,1356.6,POINTS,1,v1.0,VALID,SYNTHETIC,hash_mkt_002209,True
2210,INDEX_BHSI,2025-03-17 00:00:00,2025-03-17 18:00:00,854.4,POINTS,1,v1.0,VALID,SYNTHETIC,hash_mkt_002210,True
2211,INDEX_BDI,2025-03-18 00:00:00,2025-03-18 18:00:00,1800.0,POINTS,1,v1.0,VALID,SYNTHETIC,hash_mkt_002211,True
2212,INDEX_BCI,2025-03-18 00:00:00,2025-03-18 18:00:00,3125.2,POINTS,1,v1.0,VALID,SYNTHETIC,hash_mkt_002212,True
2213,INDEX_BPI,2025-03-18 00:00:00,2025-03-18 18:00:00,1800.0,POINTS,1,v1.0,VALID,SYNTHETIC,hash_mkt_002213,True
2214,INDEX_BSI,2025-03-18 00:00:00,2025-03-18 18:00:00,1348.3,POINTS,1,v1.0,VALID,SYNTHETIC,hash_mkt_002214,True
2215,INDEX_BHSI,2025-03-18 00:00:00,2025-03-18 18:00:00,845.1,POINTS,1,v1.0,VALID,SYNTHETIC,hash_mkt_002215,True
2216,INDEX_BDI,2025-03-19 00:00:00,2025-03-19 18:00:00,1775.7,POINTS,1,v1.0,VALID,SYNTHETIC,hash_mkt_002216,True
2217,INDEX_BCI,2025-03-19 00:00:00,2025-03-19 18:00:00,3092.1,POINTS,1,v1.0,VALID,SYNTHETIC,hash_mkt_002217,True
2218,INDEX_BPI,2025-03-19 00:00:00,2025-03-19 18:00:00,1724.3,POINTS,1,v1.0,VALID,SYNTHETIC,hash_mkt_002218,True
2219,INDEX_BSI,2025-03-19 00:00:00,2025-03-19 18:00:00,1355.8,POINTS,1,v1.0,VALID,SYNTHETIC,hash_mkt_002219,True
2220,INDEX_BHSI,2025-03-19 00:00:00,2025-03-19 18:00:00,827.8,POINTS,1,v1.0,VALID,SYNTHETIC,hash_mkt_002220,True
2221,INDEX_BDI,2025-03-20 00:00:00,2025-03-20 18:00:00,1758.2,POINTS,1,v1.0,VALID,SYNTHETIC,hash_mkt_002221,True
2222,INDEX_BCI,2025-03-20 00:00:00,2025-03-20 18:00:00,2972.9,POINTS,1,v1.0,VALID,SYNTHETIC,hash_mkt_002222,True
2223,INDEX_BPI,2025-03-20 00:00:00,2025-03-20 18:00:00,1744.1,POINTS,1,v1.0,VALID,SYNTHETIC,hash_mkt_002223,True
2224,INDEX_BSI,2025-03-20 00:00:00,2025-03-20 18:00:00,1353.9,POINTS,1,v1.0,VALID,SYNTHETIC,hash_mkt_002224,True
2225,INDEX_BHSI,2025-03-20 00:00:00,2025-03-20 18:00:00,846.4,POINTS,1,v1.0,VALID,SYNTHETIC,hash_mkt_002225,True
2226,INDEX_BDI,2025-03-21 00:00:00,2025-03-21 18:00:00,1838.9,POINTS,1,v1.0,VALID,SYNTHETIC,hash_mkt_002226,True
2227,INDEX_BCI,2025-03-21 00:00:00,2025-03-21 18:00:00,3076.9,POINTS,1,v1.0,VALID,SYNTHETIC,hash_mkt_002227,True
2228,INDEX_BPI,2025-03-21 00:00:00,2025-03-21 18:00:00,1712.2,POINTS,1,v1.0,VALID,SYNTHETIC,hash_mkt_002228,True
2229,INDEX_BSI,2025-03-21 00:00:00,2025-03-21 18:00:00,1330.4,POINTS,1,v1.0,VALID,SYNTHETIC,hash_mkt_002229,True
2230,INDEX_BHSI,2025-03-21 00:00:00,2025-03-21 18:00:00,830.2,POINTS,1,v1.0,VALID,SYNTHETIC,hash_mkt_002230,True
2231,INDEX_BDI,2025-03-22 00:00:00,2025-03-22 18:00:00,1784.8,POINTS,1,v1.0,VALID,SYNTHETIC,hash_mkt_002231,True
2232,INDEX_BCI,2025-03-22 00:00:00,2025-03-22 18:00:00,3044.4,POINTS,1,v1.0,VALID,SYNTHETIC,hash_mkt_002232,True
2233,INDEX_BPI,2025-03-22 00:00:00,2025-03-22 18:00:00,1712.0,POINTS,1,v1.0,VALID,SYNTHETIC,hash_mkt_002233,True
2234,INDEX_BSI,2025-03-22 00:00:00,2025-03-22 18:00:00,1309.6,POINTS,1,v1.0,VALID,SYNTHETIC,hash_mkt_002234,True
2235,INDEX_BHSI,2025-03-22 00:00:00,2025-03-22 18:00:00,849.4,POINTS,1,v1.0,VALID,SYNTHETIC,hash_mkt_002235,True
2236,INDEX_BDI,2025-03-23 00:00:00,2025-03-23 18:00:00,1784.3,POINTS,1,v1.0,VALID,SYNTHETIC,hash_mkt_002236,True
2237,INDEX_BCI,2025-03-23 00:00:00,2025-03-23 18:00:00,3069.3,POINTS,1,v1.0,VALID,SYNTHETIC,hash_mkt_002237,True
2238,INDEX_BPI,2025-03-23 00:00:00,2025-03-23 18:00:00,1725.9,POINTS,1,v1.0,VALID,SYNTHETIC,hash_mkt_002238,True
2239,INDEX_BSI,2025-03-23 00:00:00,2025-03-23 18:00:00,1320.5,POINTS,1,v1.0,VALID,SYNTHETIC,hash_mkt_002239,True
2240,INDEX_BHSI,2025-03-23 00:00:00,2025-03-23 18:00:00,840.5,POINTS,1,v1.0,VALID,SYNTHETIC,hash_mkt_002240,True
2241,INDEX_BDI,2025-03-24 00:00:00,2025-03-24 18:00:00,1761.8,POINTS,1,v1.0,VALID,SYNTHETIC,hash_mkt_002241,True
2242,INDEX_BCI,2025-03-24 00:00:00,2025-03-24 18:00:00,3010.7,POINTS,1,v1.0,VALID,SYNTHETIC,hash_mkt_002242,True
2243,INDEX_BPI,2025-03-24 00:00:00,2025-03-24 18:00:00,1701.3,POINTS,1,v1.0,VALID,SYNTHETIC,hash_mkt_002243,True
2244,INDEX_BSI,2025-03-24 00:00:00,2025-03-24 18:00:00,1321.4,POINTS,1,v1.0,VALID,SYNTHETIC,hash_mkt_002244,True
2245,INDEX_BHSI,2025-03-24 00:00:00,2025-03-24 18:00:00,822.4,POINTS,1,v1.0,VALID,SYNTHETIC,hash_mkt_002245,True
2246,INDEX_BDI,2025-03-25 00:00:00,2025-03-25 18:00:00,1752.2,POINTS,1,v1.0,VALID,SYNTHETIC,hash_mkt_002246,True
2247,INDEX_BCI,2025-03-25 00:00:00,2025-03-25 18:00:00,3087.5,POINTS,1,v1.0,VALID,SYNTHETIC,hash_mkt_002247,True
2248,INDEX_BPI,2025-03-25 00:00:00,2025-03-25 18:00:00,1707.1,POINTS,1,v1.0,VALID,SYNTHETIC,hash_mkt_002248,True
2249,INDEX_BSI,2025-03-25 00:00:00,2025-03-25 18:00:00,1282.0,POINTS,1,v1.0,VALID,SYNTHETIC,hash_mkt_002249,True
2250,INDEX_BHSI,2025-03-25 00:00:00,2025-03-25 18:00:00,821.1,POINTS,1,v1.0,VALID,SYNTHETIC,hash_mkt_002250,True
2251,INDEX_BDI,2025-03-26 00:00:00,2025-03-26 18:00:00,1718.5,POINTS,1,v1.0,VALID,SYNTHETIC,hash_mkt_002251,True
2252,INDEX_BCI,2025-03-26 00:00:00,2025-03-26 18:00:00,2997.7,POINTS,1,v1.0,VALID,SYNTHETIC,hash_mkt_002252,True
2253,INDEX_BPI,2025-03-26 00:00:00,2025-03-26 18:00:00,1691.7,POINTS,1,v1.0,VALID,SYNTHETIC,hash_mkt_002253,True
2254,INDEX_BSI,2025-03-26 00:00:00,2025-03-26 18:00:00,1301.8,POINTS,1,v1.0,VALID,SYNTHETIC,hash_mkt_002254,True
2255,INDEX_BHSI,2025-03-26 00:00:00,2025-03-26 18:00:00,823.3,POINTS,1,v1.0,VALID,SYNTHETIC,hash_mkt_002255,True
2256,INDEX_BDI,2025-03-27 00:00:00,2025-03-27 18:00:00,1753.4,POINTS,1,v1.0,VALID,SYNTHETIC,hash_mkt_002256,True
2257,INDEX_BCI,2025-03-27 00:00:00,2025-03-27 18:00:00,2985.6,POINTS,1,v1.0,VALID,SYNTHETIC,hash_mkt_002257,True
2258,INDEX_BPI,2025-03-27 00:00:00,2025-03-27 18:00:00,1700.5,POINTS,1,v1.0,VALID,SYNTHETIC,hash_mkt_002258,True
2259,INDEX_BSI,2025-03-27 00:00:00,2025-03-27 18:00:00,1289.6,POINTS,1,v1.0,VALID,SYNTHETIC,hash_mkt_002259,True
2260,INDEX_BHSI,2025-03-27 00:00:00,2025-03-27 18:00:00,836.0,POINTS,1,v1.0,VALID,SYNTHETIC,hash_mkt_002260,True
2261,INDEX_BDI,2025-03-28 00:00:00,2025-03-28 18:00:00,1708.0,POINTS,1,v1.0,VALID,SYNTHETIC,hash_mkt_002261,True
2262,INDEX_BCI,2025-03-28 00:00:00,2025-03-28 18:00:00,2923.5,POINTS,1,v1.0,VALID,SYNTHETIC,hash_mkt_002262,True
2263,INDEX_BPI,2025-03-28 00:00:00,2025-03-28 18:00:00,1660.6,POINTS,1,v1.0,VALID,SYNTHETIC,hash_mkt_002263,True
2264,INDEX_BSI,2025-03-28 00:00:00,2025-03-28 18:00:00,1303.6,POINTS,1,v1.0,VALID,SYNTHETIC,hash_mkt_002264,True
2265,INDEX_BHSI,2025-03-28 00:00:00,2025-03-28 18:00:00,808.6,POINTS,1,v1.0,VALID,SYNTHETIC,hash_mkt_002265,True
2266,INDEX_BDI,2025-03-29 00:00:00,2025-03-29 18:00:00,1722.4,POINTS,1,v1.0,VALID,SYNTHETIC,hash_mkt_002266,True
2267,INDEX_BCI,2025-03-29 00:00:00,2025-03-29 18:00:00,2992.9,POINTS,1,v1.0,VALID,SYNTHETIC,hash_mkt_002267,True
2268,INDEX_BPI,2025-03-29 00:00:00,2025-03-29 18:00:00,1677.6,POINTS,1,v1.0,VALID,SYNTHETIC,hash_mkt_002268,True
2269,INDEX_BSI,2025-03-29 00:00:00,2025-03-29 18:00:00,1273.2,POINTS,1,v1.0,VALID,SYNTHETIC,hash_mkt_002269,True
2270,INDEX_BHSI,2025-03-29 00:00:00,2025-03-29 18:00:00,801.8,POINTS,1,v1.0,VALID,SYNTHETIC,hash_mkt_002270,True
2271,INDEX_BDI,2025-03-30 00:00:00,2025-03-30 18:00:00,1694.8,POINTS,1,v1.0,VALID,SYNTHETIC,hash_mkt_002271,True
2272,INDEX_BCI,2025-03-30 00:00:00,2025-03-30 18:00:00,2892.4,POINTS,1,v1.0,VALID,SYNTHETIC,hash_mkt_002272,True
2273,INDEX_BPI,2025-03-30 00:00:00,2025-03-30 18:00:00,1670.6,POINTS,1,v1.0,VALID,SYNTHETIC,hash_mkt_002273,True
2274,INDEX_BSI,2025-03-30 00:00:00,2025-03-30 18:00:00,1292.2,POINTS,1,v1.0,VALID,SYNTHETIC,hash_mkt_002274,True
2275,INDEX_BHSI,2025-03-30 00:00:00,2025-03-30 18:00:00,811.2,POINTS,1,v1.0,VALID,SYNTHETIC,hash_mkt_002275,True
2276,INDEX_BDI,2025-03-31 00:00:00,2025-03-31 18:00:00,1689.6,POINTS,1,v1.0,VALID,SYNTHETIC,hash_mkt_002276,True
2277,INDEX_BCI,2025-03-31 00:00:00,2025-03-31 18:00:00,2930.8,POINTS,1,v1.0,VALID,SYNTHETIC,hash_mkt_002277,True
2278,INDEX_BPI,2025-03-31 00:00:00,2025-03-31 18:00:00,1663.9,POINTS,1,v1.0,VALID,SYNTHETIC,hash_mkt_002278,True
2279,INDEX_BSI,2025-03-31 00:00:00,2025-03-31 18:00:00,1288.3,POINTS,1,v1.0,VALID,SYNTHETIC,hash_mkt_002279,True
2280,INDEX_BHSI,2025-03-31 00:00:00,2025-03-31 18:00:00,796.4,POINTS,1,v1.0,VALID,SYNTHETIC,hash_mkt_002280,True
2281,INDEX_BDI,2025-04-01 00:00:00,2025-04-01 18:00:00,1732.2,POINTS,1,v1.0,VALID,SYNTHETIC,hash_mkt_002281,True
2282,INDEX_BCI,2025-04-01 00:00:00,2025-04-01 18:00:00,2900.6,POINTS,1,v1.0,VALID,SYNTHETIC,hash_mkt_002282,True
2283,INDEX_BPI,2025-04-01 00:00:00,2025-04-01 18:00:00,1637.6,POINTS,1,v1.0,VALID,SYNTHETIC,hash_mkt_002283,True
2284,INDEX_BSI,2025-04-01 00:00:00,2025-04-01 18:00:00,1257.1,POINTS,1,v1.0,VALID,SYNTHETIC,hash_mkt_002284,True
2285,INDEX_BHSI,2025-04-01 00:00:00,2025-04-01 18:00:00,807.8,POINTS,1,v1.0,VALID,SYNTHETIC,hash_mkt_002285,True
2286,INDEX_BDI,2025-04-02 00:00:00,2025-04-02 18:00:00,1658.6,POINTS,1,v1.0,VALID,SYNTHETIC,hash_mkt_002286,True
2287,INDEX_BCI,2025-04-02 00:00:00,2025-04-02 18:00:00,2899.0,POINTS,1,v1.0,VALID,SYNTHETIC,hash_mkt_002287,True
2288,INDEX_BPI,2025-04-02 00:00:00,2025-04-02 18:00:00,1637.2,POINTS,1,v1.0,VALID,SYNTHETIC,hash_mkt_002288,True
2289,INDEX_BSI,2025-04-02 00:00:00,2025-04-02 18:00:00,1269.0,POINTS,1,v1.0,VALID,SYNTHETIC,hash_mkt_002289,True
2290,INDEX_BHSI,2025-04-02 00:00:00,2025-04-02 18:00:00,790.9,POINTS,1,v1.0,VALID,SYNTHETIC,hash_mkt_002290,True
2291,INDEX_BDI,2025-04-03 00:00:00,2025-04-03 18:00:00,1680.9,POINTS,1,v1.0,VALID,SYNTHETIC,hash_mkt_002291,True
2292,INDEX_BCI,2025-04-03 00:00:00,2025-04-03 18:00:00,2898.5,POINTS,1,v1.0,VALID,SYNTHETIC,hash_mkt_002292,True
2293,INDEX_BPI,2025-04-03 00:00:00,2025-04-03 18:00:00,1653.5,POINTS,1,v1.0,VALID,SYNTHETIC,hash_mkt_002293,True
2294,INDEX_BSI,2025-04-03 00:00:00,2025-04-03 18:00:00,1235.0,POINTS,1,v1.0,VALID,SYNTHETIC,hash_mkt_002294,True
2295,INDEX_BHSI,2025-04-03 00:00:00,2025-04-03 18:00:00,779.4,POINTS,1,v1.0,VALID,SYNTHETIC,hash_mkt_002295,True
2296,INDEX_BDI,2025-04-04 00:00:00,2025-04-04 18:00:00,1707.4,POINTS,1,v1.0,VALID,SYNTHETIC,hash_mkt_002296,True
2297,INDEX_BCI,2025-04-04 00:00:00,2025-04-04 18:00:00,2972.9,POINTS,1,v1.0,VALID,SYNTHETIC,hash_mkt_002297,True
2298,INDEX_BPI,2025-04-04 00:00:00,2025-04-04 18:00:00,1646.8,POINTS,1,v1.0,VALID,SYNTHETIC,hash_mkt_002298,True
2299,INDEX_BSI,2025-04-04 00:00:00,2025-04-04 18:00:00,1273.8,POINTS,1,v1.0,VALID,SYNTHETIC,hash_mkt_002299,True
2300,INDEX_BHSI,2025-04-04 00:00:00,2025-04-04 18:00:00,829.4,POINTS,1,v1.0,VALID,SYNTHETIC,hash_mkt_002300,True
2301,INDEX_BDI,2025-04-05 00:00:00,2025-04-05 18:00:00,1688.7,POINTS,1,v1.0,VALID,SYNTHETIC,hash_mkt_002301,True
2302,INDEX_BCI,2025-04-05 00:00:00,2025-04-05 18:00:00,2899.7,POINTS,1,v1.0,VALID,SYNTHETIC,hash_mkt_002302,True
2303,INDEX_BPI,2025-04-05 00:00:00,2025-04-05 18:00:00,1660.2,POINTS,1,v1.0,VALID,SYNTHETIC,hash_mkt_002303,True
2304,INDEX_BSI,2025-04-05 00:00:00,2025-04-05 18:00:00,1259.8,POINTS,1,v1.0,VALID,SYNTHETIC,hash_mkt_002304,True
2305,INDEX_BHSI,2025-04-05 00:00:00,2025-04-05 18:00:00,785.5,POINTS,1,v1.0,VALID,SYNTHETIC,hash_mkt_002305,True
2306,INDEX_BDI,2025-04-06 00:00:00,2025-04-06 18:00:00,1650.5,POINTS,1,v1.0,VALID,SYNTHETIC,hash_mkt_002306,True
2307,INDEX_BCI,2025-04-06 00:00:00,2025-04-06 18:00:00,2887.6,POINTS,1,v1.0,VALID,SYNTHETIC,hash_mkt_002307,True
2308,INDEX_BPI,2025-04-06 00:00:00,2025-04-06 18:00:00,1611.6,POINTS,1,v1.0,VALID,SYNTHETIC,hash_mkt_002308,True
2309,INDEX_BSI,2025-04-06 00:00:00,2025-04-06 18:00:00,1268.2,POINTS,1,v1.0,VALID,SYNTHETIC,hash_mkt_002309,True
2310,INDEX_BHSI,2025-04-06 00:00:00,2025-04-06 18:00:00,771.1,POINTS,1,v1.0,VALID,SYNTHETIC,hash_mkt_002310,True
2311,INDEX_BDI,2025-04-07 00:00:00,2025-04-07 18:00:00,1646.7,POINTS,1,v1.0,VALID,SYNTHETIC,hash_mkt_002311,True
2312,INDEX_BCI,2025-04-07 00:00:00,2025-04-07 18:00:00,2946.3,POINTS,1,v1.0,VALID,SYNTHETIC,hash_mkt_002312,True
2313,INDEX_BPI,2025-04-07 00:00:00,2025-04-07 18:00:00,1596.9,POINTS,1,v1.0,VALID,SYNTHETIC,hash_mkt_002313,True
2314,INDEX_BSI,2025-04-07 00:00:00,2025-04-07 18:00:00,1260.7,POINTS,1,v1.0,VALID,SYNTHETIC,hash_mkt_002314,True
2315,INDEX_BHSI,2025-04-07 00:00:00,2025-04-07 18:00:00,773.2,POINTS,1,v1.0,VALID,SYNTHETIC,hash_mkt_002315,True
2316,INDEX_BDI,2025-04-08 00:00:00,2025-04-08 18:00:00,1744.9,POINTS,1,v1.0,VALID,SYNTHETIC,hash_mkt_002316,True
2317,INDEX_BCI,2025-04-08 00:00:00,2025-04-08 18:00:00,2893.2,POINTS,1,v1.0,VALID,SYNTHETIC,hash_mkt_002317,True
2318,INDEX_BPI,2025-04-08 00:00:00,2025-04-08 18:00:00,1638.4,POINTS,1,v1.0,VALID,SYNTHETIC,hash_mkt_002318,True
2319,INDEX_BSI,2025-04-08 00:00:00,2025-04-08 18:00:00,1262.3,POINTS,1,v1.0,VALID,SYNTHETIC,hash_mkt_002319,True
2320,INDEX_BHSI,2025-04-08 00:00:00,2025-04-08 18:00:00,797.4,POINTS,1,v1.0,VALID,SYNTHETIC,hash_mkt_002320,True
2321,INDEX_BDI,2025-04-09 00:00:00,2025-04-09 18:00:00,1695.7,POINTS,1,v1.0,VALID,SYNTHETIC,hash_mkt_002321,True
2322,INDEX_BCI,2025-04-09 00:00:00,2025-04-09 18:00:00,2840.3,POINTS,1,v1.0,VALID,SYNTHETIC,hash_mkt_002322,True
2323,INDEX_BPI,2025-04-09 00:00:00,2025-04-09 18:00:00,1640.0,POINTS,1,v1.0,VALID,SYNTHETIC,hash_mkt_002323,True
2324,INDEX_BSI,2025-04-09 00:00:00,2025-04-09 18:00:00,1266.2,POINTS,1,v1.0,VALID,SYNTHETIC,hash_mkt_002324,True
2325,INDEX_BHSI,2025-04-09 00:00:00,2025-04-09 18:00:00,812.4,POINTS,1,v1.0,VALID,SYNTHETIC,hash_mkt_002325,True
2326,INDEX_BDI,2025-04-10 00:00:00,2025-04-10 18:00:00,1685.1,POINTS,1,v1.0,VALID,SYNTHETIC,hash_mkt_002326,True
2327,INDEX_BCI,2025-04-10 00:00:00,2025-04-10 18:00:00,2852.4,POINTS,1,v1.0,VALID,SYNTHETIC,hash_mkt_002327,True
2328,INDEX_BPI,2025-04-10 00:00:00,2025-04-10 18:00:00,1624.1,POINTS,1,v1.0,VALID,SYNTHETIC,hash_mkt_002328,True
2329,INDEX_BSI,2025-04-10 00:00:00,2025-04-10 18:00:00,1261.8,POINTS,1,v1.0,VALID,SYNTHETIC,hash_mkt_002329,True
2330,INDEX_BHSI,2025-04-10 00:00:00,2025-04-10 18:00:00,800.3,POINTS,1,v1.0,VALID,SYNTHETIC,hash_mkt_002330,True
2331,INDEX_BDI,2025-04-11 00:00:00,2025-04-11 18:00:00,1728.2,POINTS,1,v1.0,VALID,SYNTHETIC,hash_mkt_002331,True
2332,INDEX_BCI,2025-04-11 00:00:00,2025-04-11 18:00:00,2891.2,POINTS,1,v1.0,VALID,SYNTHETIC,hash_mkt_002332,True
2333,INDEX_BPI,2025-04-11 00:00:00,2025-04-11 18:00:00,1618.7,POINTS,1,v1.0,VALID,SYNTHETIC,hash_mkt_002333,True
2334,INDEX_BSI,2025-04-11 00:00:00,2025-04-11 18:00:00,1256.6,POINTS,1,v1.0,VALID,SYNTHETIC,hash_mkt_002334,True
2335,INDEX_BHSI,2025-04-11 00:00:00,2025-04-11 18:00:00,800.2,POINTS,1,v1.0,VALID,SYNTHETIC,hash_mkt_002335,True
2336,INDEX_BDI,2025-04-12 00:00:00,2025-04-12 18:00:00,1736.7,POINTS,1,v1.0,VALID,SYNTHETIC,hash_mkt_002336,True
2337,INDEX_BCI,2025-04-12 00:00:00,2025-04-12 18:00:00,3003.5,POINTS,1,v1.0,VALID,SYNTHETIC,hash_mkt_002337,True
2338,INDEX_BPI,2025-04-12 00:00:00,2025-04-12 18:00:00,1659.4,POINTS,1,v1.0,VALID,SYNTHETIC,hash_mkt_002338,True
2339,INDEX_BSI,2025-04-12 00:00:00,2025-04-12 18:00:00,1273.3,POINTS,1,v1.0,VALID,SYNTHETIC,hash_mkt_002339,True
2340,INDEX_BHSI,2025-04-12 00:00:00,2025-04-12 18:00:00,803.7,POINTS,1,v1.0,VALID,SYNTHETIC,hash_mkt_002340,True
2341,INDEX_BDI,2025-04-13 00:00:00,2025-04-13 18:00:00,1716.9,POINTS,1,v1.0,VALID,SYNTHETIC,hash_mkt_002341,True
2342,INDEX_BCI,2025-04-13 00:00:00,2025-04-13 18:00:00,2902.8,POINTS,1,v1.0,VALID,SYNTHETIC,hash_mkt_002342,True
2343,INDEX_BPI,2025-04-13 00:00:00,2025-04-13 18:00:00,1650.9,POINTS,1,v1.0,VALID,SYNTHETIC,hash_mkt_002343,True
2344,INDEX_BSI,2025-04-13 00:00:00,2025-04-13 18:00:00,1288.3,POINTS,1,v1.0,VALID,SYNTHETIC,hash_mkt_002344,True
2345,INDEX_BHSI,2025-04-13 00:00:00,2025-04-13 18:00:00,793.6,POINTS,1,v1.0,VALID,SYNTHETIC,hash_mkt_002345,True
2346,INDEX_BDI,2025-04-14 00:00:00,2025-04-14 18:00:00,1672.3,POINTS,1,v1.0,VALID,SYNTHETIC,hash_mkt_002346,True
2347,INDEX_BCI,2025-04-14 00:00:00,2025-04-14 18:00:00,2979.9,POINTS,1,v1.0,VALID,SYNTHETIC,hash_mkt_002347,True
2348,INDEX_BPI,2025-04-14 00:00:00,2025-04-14 18:00:00,1685.3,POINTS,1,v1.0,VALID,SYNTHETIC,hash_mkt_002348,True
2349,INDEX_BSI,2025-04-14 00:00:00,2025-04-14 18:00:00,1284.3,POINTS,1,v1.0,VALID,SYNTHETIC,hash_mkt_002349,True
2350,INDEX_BHSI,2025-04-14 00:00:00,2025-04-14 18:00:00,827.6,POINTS,1,v1.0,VALID,SYNTHETIC,hash_mkt_002350,True
2351,INDEX_BDI,2025-04-15 00:00:00,2025-04-15 18:00:00,1692.3,POINTS,1,v1.0,VALID,SYNTHETIC,hash_mkt_002351,True
2352,INDEX_BCI,2025-04-15 00:00:00,2025-04-15 18:00:00,3071.9,POINTS,1,v1.0,VALID,SYNTHETIC,hash_mkt_002352,True
2353,INDEX_BPI,2025-04-15 00:00:00,2025-04-15 18:00:00,1659.9,POINTS,1,v1.0,VALID,SYNTHETIC,hash_mkt_002353,True
2354,INDEX_BSI,2025-04-15 00:00:00,2025-04-15 18:00:00,1309.9,POINTS,1,v1.0,VALID,SYNTHETIC,hash_mkt_002354,True
2355,INDEX_BHSI,2025-04-15 00:00:00,2025-04-15 18:00:00,801.2,POINTS,1,v1.0,VALID,SYNTHETIC,hash_mkt_002355,True
2356,INDEX_BDI,2025-04-16 00:00:00,2025-04-16 18:00:00,1750.4,POINTS,1,v1.0,VALID,SYNTHETIC,hash_mkt_002356,True
2357,INDEX_BCI,2025-04-16 00:00:00,2025-04-16 18:00:00,2967.1,POINTS,1,v1.0,VALID,SYNTHETIC,hash_mkt_002357,True
2358,INDEX_BPI,2025-04-16 00:00:00,2025-04-16 18:00:00,1728.7,POINTS,1,v1.0,VALID,SYNTHETIC,hash_mkt_002358,True
2359,INDEX_BSI,2025-04-16 00:00:00,2025-04-16 18:00:00,1322.3,POINTS,1,v1.0,VALID,SYNTHETIC,hash_mkt_002359,True
2360,INDEX_BHSI,2025-04-16 00:00:00,2025-04-16 18:00:00,833.6,POINTS,1,v1.0,VALID,SYNTHETIC,hash_mkt_002360,True
2361,INDEX_BDI,2025-04-17 00:00:00,2025-04-17 18:00:00,1765.3,POINTS,1,v1.0,VALID,SYNTHETIC,hash_mkt_002361,True
2362,INDEX_BCI,2025-04-17 00:00:00,2025-04-17 18:00:00,3035.8,POINTS,1,v1.0,VALID,SYNTHETIC,hash_mkt_002362,True
2363,INDEX_BPI,2025-04-17 00:00:00,2025-04-17 18:00:00,1743.7,POINTS,1,v1.0,VALID,SYNTHETIC,hash_mkt_002363,True
2364,INDEX_BSI,2025-04-17 00:00:00,2025-04-17 18:00:00,1336.3,POINTS,1,v1.0,VALID,SYNTHETIC,hash_mkt_002364,True
2365,INDEX_BHSI,2025-04-17 00:00:00,2025-04-17 18:00:00,823.0,POINTS,1,v1.0,VALID,SYNTHETIC,hash_mkt_002365,True
2366,INDEX_BDI,2025-04-18 00:00:00,2025-04-18 18:00:00,1717.8,POINTS,1,v1.0,VALID,SYNTHETIC,hash_mkt_002366,True
2367,INDEX_BCI,2025-04-18 00:00:00,2025-04-18 18:00:00,3075.1,POINTS,1,v1.0,VALID,SYNTHETIC,hash_mkt_002367,True
2368,INDEX_BPI,2025-04-18 00:00:00,2025-04-18 18:00:00,1731.2,POINTS,1,v1.0,VALID,SYNTHETIC,hash_mkt_002368,True
2369,INDEX_BSI,2025-04-18 00:00:00,2025-04-18 18:00:00,1345.9,POINTS,1,v1.0,VALID,SYNTHETIC,hash_mkt_002369,True
2370,INDEX_BHSI,2025-04-18 00:00:00,2025-04-18 18:00:00,859.0,POINTS,1,v1.0,VALID,SYNTHETIC,hash_mkt_002370,True
2371,INDEX_BDI,2025-04-19 00:00:00,2025-04-19 18:00:00,1809.6,POINTS,1,v1.0,VALID,SYNTHETIC,hash_mkt_002371,True
2372,INDEX_BCI,2025-04-19 00:00:00,2025-04-19 18:00:00,3038.0,POINTS,1,v1.0,VALID,SYNTHETIC,hash_mkt_002372,True
2373,INDEX_BPI,2025-04-19 00:00:00,2025-04-19 18:00:00,1733.6,POINTS,1,v1.0,VALID,SYNTHETIC,hash_mkt_002373,True
2374,INDEX_BSI,2025-04-19 00:00:00,2025-04-19 18:00:00,1345.2,POINTS,1,v1.0,VALID,SYNTHETIC,hash_mkt_002374,True
2375,INDEX_BHSI,2025-04-19 00:00:00,2025-04-19 18:00:00,863.2,POINTS,1,v1.0,VALID,SYNTHETIC,hash_mkt_002375,True
2376,INDEX_BDI,2025-04-20 00:00:00,2025-04-20 18:00:00,1788.2,POINTS,1,v1.0,VALID,SYNTHETIC,hash_mkt_002376,True
2377,INDEX_BCI,2025-04-20 00:00:00,2025-04-20 18:00:00,3141.6,POINTS,1,v1.0,VALID,SYNTHETIC,hash_mkt_002377,True
2378,INDEX_BPI,2025-04-20 00:00:00,2025-04-20 18:00:00,1736.6,POINTS,1,v1.0,VALID,SYNTHETIC,hash_mkt_002378,True
2379,INDEX_BSI,2025-04-20 00:00:00,2025-04-20 18:00:00,1365.2,POINTS,1,v1.0,VALID,SYNTHETIC,hash_mkt_002379,True
2380,INDEX_BHSI,2025-04-20 00:00:00,2025-04-20 18:00:00,835.3,POINTS,1,v1.0,VALID,SYNTHETIC,hash_mkt_002380,True
2381,INDEX_BDI,2025-04-21 00:00:00,2025-04-21 18:00:00,1823.0,POINTS,1,v1.0,VALID,SYNTHETIC,hash_mkt_002381,True
2382,INDEX_BCI,2025-04-21 00:00:00,2025-04-21 18:00:00,3094.4,POINTS,1,v1.0,VALID,SYNTHETIC,hash_mkt_002382,True
2383,INDEX_BPI,2025-04-21 00:00:00,2025-04-21 18:00:00,1753.6,POINTS,1,v1.0,VALID,SYNTHETIC,hash_mkt_002383,True
2384,INDEX_BSI,2025-04-21 00:00:00,2025-04-21 18:00:00,1369.1,POINTS,1,v1.0,VALID,SYNTHETIC,hash_mkt_002384,True
2385,INDEX_BHSI,2025-04-21 00:00:00,2025-04-21 18:00:00,838.2,POINTS,1,v1.0,VALID,SYNTHETIC,hash_mkt_002385,True
2386,INDEX_BDI,2025-04-22 00:00:00,2025-04-22 18:00:00,1871.0,POINTS,1,v1.0,VALID,SYNTHETIC,hash_mkt_002386,True
2387,INDEX_BCI,2025-04-22 00:00:00,2025-04-22 18:00:00,3166.6,POINTS,1,v1.0,VALID,SYNTHETIC,hash_mkt_002387,True
2388,INDEX_BPI,2025-04-22 00:00:00,2025-04-22 18:00:00,1770.9,POINTS,1,v1.0,VALID,SYNTHETIC,hash_mkt_002388,True
2389,INDEX_BSI,2025-04-22 00:00:00,2025-04-22 18:00:00,1388.8,POINTS,1,v1.0,VALID,SYNTHETIC,hash_mkt_002389,True
2390,INDEX_BHSI,2025-04-22 00:00:00,2025-04-22 18:00:00,875.0,POINTS,1,v1.0,VALID,SYNTHETIC,hash_mkt_002390,True
2391,INDEX_BDI,2025-04-23 00:00:00,2025-04-23 18:00:00,1845.3,POINTS,1,v1.0,VALID,SYNTHETIC,hash_mkt_002391,True
2392,INDEX_BCI,2025-04-23 00:00:00,2025-04-23 18:00:00,3257.8,POINTS,1,v1.0,VALID,SYNTHETIC,hash_mkt_002392,True
2393,INDEX_BPI,2025-04-23 00:00:00,2025-04-23 18:00:00,1848.4,POINTS,1,v1.0,VALID,SYNTHETIC,hash_mkt_002393,True
2394,INDEX_BSI,2025-04-23 00:00:00,2025-04-23 18:00:00,1385.7,POINTS,1,v1.0,VALID,SYNTHETIC,hash_mkt_002394,True
2395,INDEX_BHSI,2025-04-23 00:00:00,2025-04-23 18:00:00,875.9,POINTS,1,v1.0,VALID,SYNTHETIC,hash_mkt_002395,True
2396,INDEX_BDI,2025-04-24 00:00:00,2025-04-24 18:00:00,1886.4,POINTS,1,v1.0,VALID,SYNTHETIC,hash_mkt_002396,True
2397,INDEX_BCI,2025-04-24 00:00:00,2025-04-24 18:00:00,3178.6,POINTS,1,v1.0,VALID,SYNTHETIC,hash_mkt_002397,True
2398,INDEX_BPI,2025-04-24 00:00:00,2025-04-24 18:00:00,1835.6,POINTS,1,v1.0,VALID,SYNTHETIC,hash_mkt_002398,True
2399,INDEX_BSI,2025-04-24 00:00:00,2025-04-24 18:00:00,1419.3,POINTS,1,v1.0,VALID,SYNTHETIC,hash_mkt_002399,True
2400,INDEX_BHSI,2025-04-24 00:00:00,2025-04-24 18:00:00,873.7,POINTS,1,v1.0,VALID,SYNTHETIC,hash_mkt_002400,True
2401,INDEX_BDI,2025-04-25 00:00:00,2025-04-25 18:00:00,1851.3,POINTS,1,v1.0,VALID,SYNTHETIC,hash_mkt_002401,True
2402,INDEX_BCI,2025-04-25 00:00:00,2025-04-25 18:00:00,3164.2,POINTS,1,v1.0,VALID,SYNTHETIC,hash_mkt_002402,True
2403,INDEX_BPI,2025-04-25 00:00:00,2025-04-25 18:00:00,1866.2,POINTS,1,v1.0,VALID,SYNTHETIC,hash_mkt_002403,True
2404,INDEX_BSI,2025-04-25 00:00:00,2025-04-25 18:00:00,1424.9,POINTS,1,v1.0,VALID,SYNTHETIC,hash_mkt_002404,True
2405,INDEX_BHSI,2025-04-25 00:00:00,2025-04-25 18:00:00,887.5,POINTS,1,v1.0,VALID,SYNTHETIC,hash_mkt_002405,True
2406,INDEX_BDI,2025-04-26 00:00:00,2025-04-26 18:00:00,1936.1,POINTS,1,v1.0,VALID,SYNTHETIC,hash_mkt_002406,True
2407,INDEX_BCI,2025-04-26 00:00:00,2025-04-26 18:00:00,3289.8,POINTS,1,v1.0,VALID,SYNTHETIC,hash_mkt_002407,True
2408,INDEX_BPI,2025-04-26 00:00:00,2025-04-26 18:00:00,1837.5,POINTS,1,v1.0,VALID,SYNTHETIC,hash_mkt_002408,True
2409,INDEX_BSI,2025-04-26 00:00:00,2025-04-26 18:00:00,1424.9,POINTS,1,v1.0,VALID,SYNTHETIC,hash_mkt_002409,True
2410,INDEX_BHSI,2025-04-26 00:00:00,2025-04-26 18:00:00,902.5,POINTS,1,v1.0,VALID,SYNTHETIC,hash_mkt_002410,True
2411,INDEX_BDI,2025-04-27 00:00:00,2025-04-27 18:00:00,1941.9,POINTS,1,v1.0,VALID,SYNTHETIC,hash_mkt_002411,True
2412,INDEX_BCI,2025-04-27 00:00:00,2025-04-27 18:00:00,3312.1,POINTS,1,v1.0,VALID,SYNTHETIC,hash_mkt_002412,True
2413,INDEX_BPI,2025-04-27 00:00:00,2025-04-27 18:00:00,1865.7,POINTS,1,v1.0,VALID,SYNTHETIC,hash_mkt_002413,True
2414,INDEX_BSI,2025-04-27 00:00:00,2025-04-27 18:00:00,1445.4,POINTS,1,v1.0,VALID,SYNTHETIC,hash_mkt_002414,True
2415,INDEX_BHSI,2025-04-27 00:00:00,2025-04-27 18:00:00,900.6,POINTS,1,v1.0,VALID,SYNTHETIC,hash_mkt_002415,True
2416,INDEX_BDI,2025-04-28 00:00:00,2025-04-28 18:00:00,1960.7,POINTS,1,v1.0,VALID,SYNTHETIC,hash_mkt_002416,True
2417,INDEX_BCI,2025-04-28 00:00:00,2025-04-28 18:00:00,3289.8,POINTS,1,v1.0,VALID,SYNTHETIC,hash_mkt_002417,True
2418,INDEX_BPI,2025-04-28 00:00:00,2025-04-28 18:00:00,1861.1,POINTS,1,v1.0,VALID,SYNTHETIC,hash_mkt_002418,True
2419,INDEX_BSI,2025-04-28 00:00:00,2025-04-28 18:00:00,1477.4,POINTS,1,v1.0,VALID,SYNTHETIC,hash_mkt_002419,True
2420,INDEX_BHSI,2025-04-28 00:00:00,2025-04-28 18:00:00,925.9,POINTS,1,v1.0,VALID,SYNTHETIC,hash_mkt_002420,True
2421,INDEX_BDI,2025-04-29 00:00:00,2025-04-29 18:00:00,1988.4,POINTS,1,v1.0,VALID,SYNTHETIC,hash_mkt_002421,True
2422,INDEX_BCI,2025-04-29 00:00:00,2025-04-29 18:00:00,3345.5,POINTS,1,v1.0,VALID,SYNTHETIC,hash_mkt_002422,True
2423,INDEX_BPI,2025-04-29 00:00:00,2025-04-29 18:00:00,1901.1,POINTS,1,v1.0,VALID,SYNTHETIC,hash_mkt_002423,True
2424,INDEX_BSI,2025-04-29 00:00:00,2025-04-29 18:00:00,1474.8,POINTS,1,v1.0,VALID,SYNTHETIC,hash_mkt_002424,True
2425,INDEX_BHSI,2025-04-29 00:00:00,2025-04-29 18:00:00,909.0,POINTS,1,v1.0,VALID,SYNTHETIC,hash_mkt_002425,True
2426,INDEX_BDI,2025-04-30 00:00:00,2025-04-30 18:00:00,2032.8,POINTS,1,v1.0,VALID,SYNTHETIC,hash_mkt_002426,True
2427,INDEX_BCI,2025-04-30 00:00:00,2025-04-30 18:00:00,3351.3,POINTS,1,v1.0,VALID,SYNTHETIC,hash_mkt_002427,True
2428,INDEX_BPI,2025-04-30 00:00:00,2025-04-30 18:00:00,1912.1,POINTS,1,v1.0,VALID,SYNTHETIC,hash_mkt_002428,True
2429,INDEX_BSI,2025-04-30 00:00:00,2025-04-30 18:00:00,1521.3,POINTS,1,v1.0,VALID,SYNTHETIC,hash_mkt_002429,True
2430,INDEX_BHSI,2025-04-30 00:00:00,2025-04-30 18:00:00,934.1,POINTS,1,v1.0,VALID,SYNTHETIC,hash_mkt_002430,True
2431,INDEX_BDI,2025-05-01 00:00:00,2025-05-01 18:00:00,1995.8,POINTS,1,v1.0,VALID,SYNTHETIC,hash_mkt_002431,True
2432,INDEX_BCI,2025-05-01 00:00:00,2025-05-01 18:00:00,3479.2,POINTS,1,v1.0,VALID,SYNTHETIC,hash_mkt_002432,True
2433,INDEX_BPI,2025-05-01 00:00:00,2025-05-01 18:00:00,1906.5,POINTS,1,v1.0,VALID,SYNTHETIC,hash_mkt_002433,True
2434,INDEX_BSI,2025-05-01 00:00:00,2025-05-01 18:00:00,1506.7,POINTS,1,v1.0,VALID,SYNTHETIC,hash_mkt_002434,True
2435,INDEX_BHSI,2025-05-01 00:00:00,2025-05-01 18:00:00,934.2,POINTS,1,v1.0,VALID,SYNTHETIC,hash_mkt_002435,True
2436,INDEX_BDI,2025-05-02 00:00:00,2025-05-02 18:00:00,2018.3,POINTS,1,v1.0,VALID,SYNTHETIC,hash_mkt_002436,True
2437,INDEX_BCI,2025-05-02 00:00:00,2025-05-02 18:00:00,3456.5,POINTS,1,v1.0,VALID,SYNTHETIC,hash_mkt_002437,True
2438,INDEX_BPI,2025-05-02 00:00:00,2025-05-02 18:00:00,1946.1,POINTS,1,v1.0,VALID,SYNTHETIC,hash_mkt_002438,True
2439,INDEX_BSI,2025-05-02 00:00:00,2025-05-02 18:00:00,1506.9,POINTS,1,v1.0,VALID,SYNTHETIC,hash_mkt_002439,True
2440,INDEX_BHSI,2025-05-02 00:00:00,2025-05-02 18:00:00,947.4,POINTS,1,v1.0,VALID,SYNTHETIC,hash_mkt_002440,True
2441,INDEX_BDI,2025-05-03 00:00:00,2025-05-03 18:00:00,2038.9,POINTS,1,v1.0,VALID,SYNTHETIC,hash_mkt_002441,True
2442,INDEX_BCI,2025-05-03 00:00:00,2025-05-03 18:00:00,3325.8,POINTS,1,v1.0,VALID,SYNTHETIC,hash_mkt_002442,True
2443,INDEX_BPI,2025-05-03 00:00:00,2025-05-03 18:00:00,1945.4,POINTS,1,v1.0,VALID,SYNTHETIC,hash_mkt_002443,True
2444,INDEX_BSI,2025-05-03 00:00:00,2025-05-03 18:00:00,1507.8,POINTS,1,v1.0,VALID,SYNTHETIC,hash_mkt_002444,True
2445,INDEX_BHSI,2025-05-03 00:00:00,2025-05-03 18:00:00,932.0,POINTS,1,v1.0,VALID,SYNTHETIC,hash_mkt_002445,True
2446,INDEX_BDI,2025-05-04 00:00:00,2025-05-04 18:00:00,2057.5,POINTS,1,v1.0,VALID,SYNTHETIC,hash_mkt_002446,True
2447,INDEX_BCI,2025-05-04 00:00:00,2025-05-04 18:00:00,3415.7,POINTS,1,v1.0,VALID,SYNTHETIC,hash_mkt_002447,True
2448,INDEX_BPI,2025-05-04 00:00:00,2025-05-04 18:00:00,1942.6,POINTS,1,v1.0,VALID,SYNTHETIC,hash_mkt_002448,True
2449,INDEX_BSI,2025-05-04 00:00:00,2025-05-04 18:00:00,1537.6,POINTS,1,v1.0,VALID,SYNTHETIC,hash_mkt_002449,True
2450,INDEX_BHSI,2025-05-04 00:00:00,2025-05-04 18:00:00,952.4,POINTS,1,v1.0,VALID,SYNTHETIC,hash_mkt_002450,True
2451,INDEX_BDI,2025-05-05 00:00:00,2025-05-05 18:00:00,2046.8,POINTS,1,v1.0,VALID,SYNTHETIC,hash_mkt_002451,True
2452,INDEX_BCI,2025-05-05 00:00:00,2025-05-05 18:00:00,3423.5,POINTS,1,v1.0,VALID,SYNTHETIC,hash_mkt_002452,True
2453,INDEX_BPI,2025-05-05 00:00:00,2025-05-05 18:00:00,1954.5,POINTS,1,v1.0,VALID,SYNTHETIC,hash_mkt_002453,True
2454,INDEX_BSI,2025-05-05 00:00:00,2025-05-05 18:00:00,1536.6,POINTS,1,v1.0,VALID,SYNTHETIC,hash_mkt_002454,True
2455,INDEX_BHSI,2025-05-05 00:00:00,2025-05-05 18:00:00,955.8,POINTS,1,v1.0,VALID,SYNTHETIC,hash_mkt_002455,True
2456,INDEX_BDI,2025-05-06 00:00:00,2025-05-06 18:00:00,2068.1,POINTS,1,v1.0,VALID,SYNTHETIC,hash_mkt_002456,True
2457,INDEX_BCI,2025-05-06 00:00:00,2025-05-06 18:00:00,3463.0,POINTS,1,v1.0,VALID,SYNTHETIC,hash_mkt_002457,True
2458,INDEX_BPI,2025-05-06 00:00:00,2025-05-06 18:00:00,2003.3,POINTS,1,v1.0,VALID,SYNTHETIC,hash_mkt_002458,True
2459,INDEX_BSI,2025-05-06 00:00:00,2025-05-06 18:00:00,1553.9,POINTS,1,v1.0,VALID,SYNTHETIC,hash_mkt_002459,True
2460,INDEX_BHSI,2025-05-06 00:00:00,2025-05-06 18:00:00,949.0,POINTS,1,v1.0,VALID,SYNTHETIC,hash_mkt_002460,True
2461,INDEX_BDI,2025-05-07 00:00:00,2025-05-07 18:00:00,2049.8,POINTS,1,v1.0,VALID,SYNTHETIC,hash_mkt_002461,True
2462,INDEX_BCI,2025-05-07 00:00:00,2025-05-07 18:00:00,3433.6,POINTS,1,v1.0,VALID,SYNTHETIC,hash_mkt_002462,True
2463,INDEX_BPI,2025-05-07 00:00:00,2025-05-07 18:00:00,2024.5,POINTS,1,v1.0,VALID,SYNTHETIC,hash_mkt_002463,True
2464,INDEX_BSI,2025-05-07 00:00:00,2025-05-07 18:00:00,1560.9,POINTS,1,v1.0,VALID,SYNTHETIC,hash_mkt_002464,True
2465,INDEX_BHSI,2025-05-07 00:00:00,2025-05-07 18:00:00,958.7,POINTS,1,v1.0,VALID,SYNTHETIC,hash_mkt_002465,True
2466,INDEX_BDI,2025-05-08 00:00:00,2025-05-08 18:00:00,2121.0,POINTS,1,v1.0,VALID,SYNTHETIC,hash_mkt_002466,True
2467,INDEX_BCI,2025-05-08 00:00:00,2025-05-08 18:00:00,3488.0,POINTS,1,v1.0,VALID,SYNTHETIC,hash_mkt_002467,True
2468,INDEX_BPI,2025-05-08 00:00:00,2025-05-08 18:00:00,2026.4,POINTS,1,v1.0,VALID,SYNTHETIC,hash_mkt_002468,True
2469,INDEX_BSI,2025-05-08 00:00:00,2025-05-08 18:00:00,1558.5,POINTS,1,v1.0,VALID,SYNTHETIC,hash_mkt_002469,True
2470,INDEX_BHSI,2025-05-08 00:00:00,2025-05-08 18:00:00,984.7,POINTS,1,v1.0,VALID,SYNTHETIC,hash_mkt_002470,True
2471,INDEX_BDI,2025-05-09 00:00:00,2025-05-09 18:00:00,2097.8,POINTS,1,v1.0,VALID,SYNTHETIC,hash_mkt_002471,True
2472,INDEX_BCI,2025-05-09 00:00:00,2025-05-09 18:00:00,3506.9,POINTS,1,v1.0,VALID,SYNTHETIC,hash_mkt_002472,True
2473,INDEX_BPI,2025-05-09 00:00:00,2025-05-09 18:00:00,2001.1,POINTS,1,v1.0,VALID,SYNTHETIC,hash_mkt_002473,True
2474,INDEX_BSI,2025-05-09 00:00:00,2025-05-09 18:00:00,1544.4,POINTS,1,v1.0,VALID,SYNTHETIC,hash_mkt_002474,True
2475,INDEX_BHSI,2025-05-09 00:00:00,2025-05-09 18:00:00,967.9,POINTS,1,v1.0,VALID,SYNTHETIC,hash_mkt_002475,True
2476,INDEX_BDI,2025-05-10 00:00:00,2025-05-10 18:00:00,2088.3,POINTS,1,v1.0,VALID,SYNTHETIC,hash_mkt_002476,True
2477,INDEX_BCI,2025-05-10 00:00:00,2025-05-10 18:00:00,3483.5,POINTS,1,v1.0,VALID,SYNTHETIC,hash_mkt_002477,True
2478,INDEX_BPI,2025-05-10 00:00:00,2025-05-10 18:00:00,2061.1,POINTS,1,v1.0,VALID,SYNTHETIC,hash_mkt_002478,True
2479,INDEX_BSI,2025-05-10 00:00:00,2025-05-10 18:00:00,1553.1,POINTS,1,v1.0,VALID,SYNTHETIC,hash_mkt_002479,True
2480,INDEX_BHSI,2025-05-10 00:00:00,2025-05-10 18:00:00,960.4,POINTS,1,v1.0,VALID,SYNTHETIC,hash_mkt_002480,True
2481,INDEX_BDI,2025-05-11 00:00:00,2025-05-11 18:00:00,2075.3,POINTS,1,v1.0,VALID,SYNTHETIC,hash_mkt_002481,True
2482,INDEX_BCI,2025-05-11 00:00:00,2025-05-11 18:00:00,3460.3,POINTS,1,v1.0,VALID,SYNTHETIC,hash_mkt_002482,True
2483,INDEX_BPI,2025-05-11 00:00:00,2025-05-11 18:00:00,1999.1,POINTS,1,v1.0,VALID,SYNTHETIC,hash_mkt_002483,True
2484,INDEX_BSI,2025-05-11 00:00:00,2025-05-11 18:00:00,1555.8,POINTS,1,v1.0,VALID,SYNTHETIC,hash_mkt_002484,True
2485,INDEX_BHSI,2025-05-11 00:00:00,2025-05-11 18:00:00,980.2,POINTS,1,v1.0,VALID,SYNTHETIC,hash_mkt_002485,True
2486,INDEX_BDI,2025-05-12 00:00:00,2025-05-12 18:00:00,2150.2,POINTS,1,v1.0,VALID,SYNTHETIC,hash_mkt_002486,True
2487,INDEX_BCI,2025-05-12 00:00:00,2025-05-12 18:00:00,3535.6,POINTS,1,v1.0,VALID,SYNTHETIC,hash_mkt_002487,True
2488,INDEX_BPI,2025-05-12 00:00:00,2025-05-12 18:00:00,1974.1,POINTS,1,v1.0,VALID,SYNTHETIC,hash_mkt_002488,True
2489,INDEX_BSI,2025-05-12 00:00:00,2025-05-12 18:00:00,1587.4,POINTS,1,v1.0,VALID,SYNTHETIC,hash_mkt_002489,True
2490,INDEX_BHSI,2025-05-12 00:00:00,2025-05-12 18:00:00,989.6,POINTS,1,v1.0,VALID,SYNTHETIC,hash_mkt_002490,True
2491,INDEX_BDI,2025-05-13 00:00:00,2025-05-13 18:00:00,2064.9,POINTS,1,v1.0,VALID,SYNTHETIC,hash_mkt_002491,True
2492,INDEX_BCI,2025-05-13 00:00:00,2025-05-13 18:00:00,3498.4,POINTS,1,v1.0,VALID,SYNTHETIC,hash_mkt_002492,True
2493,INDEX_BPI,2025-05-13 00:00:00,2025-05-13 18:00:00,2018.5,POINTS,1,v1.0,VALID,SYNTHETIC,hash_mkt_002493,True
2494,INDEX_BSI,2025-05-13 00:00:00,2025-05-13 18:00:00,1570.7,POINTS,1,v1.0,VALID,SYNTHETIC,hash_mkt_002494,True
2495,INDEX_BHSI,2025-05-13 00:00:00,2025-05-13 18:00:00,992.0,POINTS,1,v1.0,VALID,SYNTHETIC,hash_mkt_002495,True
2496,INDEX_BDI,2025-05-14 00:00:00,2025-05-14 18:00:00,2088.9,POINTS,1,v1.0,VALID,SYNTHETIC,hash_mkt_002496,True
2497,INDEX_BCI,2025-05-14 00:00:00,2025-05-14 18:00:00,3510.5,POINTS,1,v1.0,VALID,SYNTHETIC,hash_mkt_002497,True
2498,INDEX_BPI,2025-05-14 00:00:00,2025-05-14 18:00:00,2020.5,POINTS,1,v1.0,VALID,SYNTHETIC,hash_mkt_002498,True
2499,INDEX_BSI,2025-05-14 00:00:00,2025-05-14 18:00:00,1570.5,POINTS,1,v1.0,VALID,SYNTHETIC,hash_mkt_002499,True
2500,INDEX_BHSI,2025-05-14 00:00:00,2025-05-14 18:00:00,974.5,POINTS,1,v1.0,VALID,SYNTHETIC,hash_mkt_002500,True
2501,INDEX_BDI,2025-05-15 00:00:00,2025-05-15 18:00:00,2123.0,POINTS,1,v1.0,VALID,SYNTHETIC,hash_mkt_002501,True
2502,INDEX_BCI,2025-05-15 00:00:00,2025-05-15 18:00:00,3446.7,POINTS,1,v1.0,VALID,SYNTHETIC,hash_mkt_002502,True
2503,INDEX_BPI,2025-05-15 00:00:00,2025-05-15 18:00:00,2011.6,POINTS,1,v1.0,VALID,SYNTHETIC,hash_mkt_002503,True
2504,INDEX_BSI,2025-05-15 00:00:00,2025-05-15 18:00:00,1584.8,POINTS,1,v1.0,VALID,SYNTHETIC,hash_mkt_002504,True
2505,INDEX_BHSI,2025-05-15 00:00:00,2025-05-15 18:00:00,968.7,POINTS,1,v1.0,VALID,SYNTHETIC,hash_mkt_002505,True
2506,INDEX_BDI,2025-05-16 00:00:00,2025-05-16 18:00:00,2136.7,POINTS,1,v1.0,VALID,SYNTHETIC,hash_mkt_002506,True
2507,INDEX_BCI,2025-05-16 00:00:00,2025-05-16 18:00:00,3487.1,POINTS,1,v1.0,VALID,SYNTHETIC,hash_mkt_002507,True
2508,INDEX_BPI,2025-05-16 00:00:00,2025-05-16 18:00:00,2030.5,POINTS,1,v1.0,VALID,SYNTHETIC,hash_mkt_002508,True
2509,INDEX_BSI,2025-05-16 00:00:00,2025-05-16 18:00:00,1544.5,POINTS,1,v1.0,VALID,SYNTHETIC,hash_mkt_002509,True
2510,INDEX_BHSI,2025-05-16 00:00:00,2025-05-16 18:00:00,974.7,POINTS,1,v1.0,VALID,SYNTHETIC,hash_mkt_002510,True
2511,INDEX_BDI,2025-05-17 00:00:00,2025-05-17 18:00:00,2070.1,POINTS,1,v1.0,VALID,SYNTHETIC,hash_mkt_002511,True
2512,INDEX_BCI,2025-05-17 00:00:00,2025-05-17 18:00:00,3455.0,POINTS,1,v1.0,VALID,SYNTHETIC,hash_mkt_002512,True
2513,INDEX_BPI,2025-05-17 00:00:00,2025-05-17 18:00:00,2010.4,POINTS,1,v1.0,VALID,SYNTHETIC,hash_mkt_002513,True
2514,INDEX_BSI,2025-05-17 00:00:00,2025-05-17 18:00:00,1553.7,POINTS,1,v1.0,VALID,SYNTHETIC,hash_mkt_002514,True
2515,INDEX_BHSI,2025-05-17 00:00:00,2025-05-17 18:00:00,990.2,POINTS,1,v1.0,VALID,SYNTHETIC,hash_mkt_002515,True
2516,INDEX_BDI,2025-05-18 00:00:00,2025-05-18 18:00:00,2037.4,POINTS,1,v1.0,VALID,SYNTHETIC,hash_mkt_002516,True
2517,INDEX_BCI,2025-05-18 00:00:00,2025-05-18 18:00:00,3430.3,POINTS,1,v1.0,VALID,SYNTHETIC,hash_mkt_002517,True
2518,INDEX_BPI,2025-05-18 00:00:00,2025-05-18 18:00:00,2002.6,POINTS,1,v1.0,VALID,SYNTHETIC,hash_mkt_002518,True
2519,INDEX_BSI,2025-05-18 00:00:00,2025-05-18 18:00:00,1546.7,POINTS,1,v1.0,VALID,SYNTHETIC,hash_mkt_002519,True
2520,INDEX_BHSI,2025-05-18 00:00:00,2025-05-18 18:00:00,953.6,POINTS,1,v1.0,VALID,SYNTHETIC,hash_mkt_002520,True
2521,INDEX_BDI,2025-05-19 00:00:00,2025-05-19 18:00:00,2064.3,POINTS,1,v1.0,VALID,SYNTHETIC,hash_mkt_002521,True
2522,INDEX_BCI,2025-05-19 00:00:00,2025-05-19 18:00:00,3320.3,POINTS,1,v1.0,VALID,SYNTHETIC,hash_mkt_002522,True
2523,INDEX_BPI,2025-05-19 00:00:00,2025-05-19 18:00:00,1985.5,POINTS,1,v1.0,VALID,SYNTHETIC,hash_mkt_002523,True
2524,INDEX_BSI,2025-05-19 00:00:00,2025-05-19 18:00:00,1542.8,POINTS,1,v1.0,VALID,SYNTHETIC,hash_mkt_002524,True
2525,INDEX_BHSI,2025-05-19 00:00:00,2025-05-19 18:00:00,954.4,POINTS,1,v1.0,VALID,SYNTHETIC,hash_mkt_002525,True
2526,INDEX_BDI,2025-05-20 00:00:00,2025-05-20 18:00:00,2050.9,POINTS,1,v1.0,VALID,SYNTHETIC,hash_mkt_002526,True
2527,INDEX_BCI,2025-05-20 00:00:00,2025-05-20 18:00:00,3357.8,POINTS,1,v1.0,VALID,SYNTHETIC,hash_mkt_002527,True
2528,INDEX_BPI,2025-05-20 00:00:00,2025-05-20 18:00:00,2016.5,POINTS,1,v1.0,VALID,SYNTHETIC,hash_mkt_002528,True
2529,INDEX_BSI,2025-05-20 00:00:00,2025-05-20 18:00:00,1531.5,POINTS,1,v1.0,VALID,SYNTHETIC,hash_mkt_002529,True
2530,INDEX_BHSI,2025-05-20 00:00:00,2025-05-20 18:00:00,955.0,POINTS,1,v1.0,VALID,SYNTHETIC,hash_mkt_002530,True
2531,INDEX_BDI,2025-05-21 00:00:00,2025-05-21 18:00:00,2007.0,POINTS,1,v1.0,VALID,SYNTHETIC,hash_mkt_002531,True
2532,INDEX_BCI,2025-05-21 00:00:00,2025-05-21 18:00:00,3372.8,POINTS,1,v1.0,VALID,SYNTHETIC,hash_mkt_002532,True
2533,INDEX_BPI,2025-05-21 00:00:00,2025-05-21 18:00:00,1963.9,POINTS,1,v1.0,VALID,SYNTHETIC,hash_mkt_002533,True
2534,INDEX_BSI,2025-05-21 00:00:00,2025-05-21 18:00:00,1535.3,POINTS,1,v1.0,VALID,SYNTHETIC,hash_mkt_002534,True
2535,INDEX_BHSI,2025-05-21 00:00:00,2025-05-21 18:00:00,967.0,POINTS,1,v1.0,VALID,SYNTHETIC,hash_mkt_002535,True
2536,INDEX_BDI,2025-05-22 00:00:00,2025-05-22 18:00:00,2058.0,POINTS,1,v1.0,VALID,SYNTHETIC,hash_mkt_002536,True
2537,INDEX_BCI,2025-05-22 00:00:00,2025-05-22 18:00:00,3291.4,POINTS,1,v1.0,VALID,SYNTHETIC,hash_mkt_002537,True
2538,INDEX_BPI,2025-05-22 00:00:00,2025-05-22 18:00:00,1957.1,POINTS,1,v1.0,VALID,SYNTHETIC,hash_mkt_002538,True
2539,INDEX_BSI,2025-05-22 00:00:00,2025-05-22 18:00:00,1509.3,POINTS,1,v1.0,VALID,SYNTHETIC,hash_mkt_002539,True
2540,INDEX_BHSI,2025-05-22 00:00:00,2025-05-22 18:00:00,954.2,POINTS,1,v1.0,VALID,SYNTHETIC,hash_mkt_002540,True
2541,INDEX_BDI,2025-05-23 00:00:00,2025-05-23 18:00:00,1993.6,POINTS,1,v1.0,VALID,SYNTHETIC,hash_mkt_002541,True
2542,INDEX_BCI,2025-05-23 00:00:00,2025-05-23 18:00:00,3267.7,POINTS,1,v1.0,VALID,SYNTHETIC,hash_mkt_002542,True
2543,INDEX_BPI,2025-05-23 00:00:00,2025-05-23 18:00:00,1943.2,POINTS,1,v1.0,VALID,SYNTHETIC,hash_mkt_002543,True
2544,INDEX_BSI,2025-05-23 00:00:00,2025-05-23 18:00:00,1519.3,POINTS,1,v1.0,VALID,SYNTHETIC,hash_mkt_002544,True
2545,INDEX_BHSI,2025-05-23 00:00:00,2025-05-23 18:00:00,963.8,POINTS,1,v1.0,VALID,SYNTHETIC,hash_mkt_002545,True
2546,INDEX_BDI,2025-05-24 00:00:00,2025-05-24 18:00:00,1945.0,POINTS,1,v1.0,VALID,SYNTHETIC,hash_mkt_002546,True
2547,INDEX_BCI,2025-05-24 00:00:00,2025-05-24 18:00:00,3231.1,POINTS,1,v1.0,VALID,SYNTHETIC,hash_mkt_002547,True
2548,INDEX_BPI,2025-05-24 00:00:00,2025-05-24 18:00:00,1938.9,POINTS,1,v1.0,VALID,SYNTHETIC,hash_mkt_002548,True
2549,INDEX_BSI,2025-05-24 00:00:00,2025-05-24 18:00:00,1503.7,POINTS,1,v1.0,VALID,SYNTHETIC,hash_mkt_002549,True
2550,INDEX_BHSI,2025-05-24 00:00:00,2025-05-24 18:00:00,931.5,POINTS,1,v1.0,VALID,SYNTHETIC,hash_mkt_002550,True
2551,INDEX_BDI,2025-05-25 00:00:00,2025-05-25 18:00:00,1997.3,POINTS,1,v1.0,VALID,SYNTHETIC,hash_mkt_002551,True
2552,INDEX_BCI,2025-05-25 00:00:00,2025-05-25 18:00:00,3289.6,POINTS,1,v1.0,VALID,SYNTHETIC,hash_mkt_002552,True
2553,INDEX_BPI,2025-05-25 00:00:00,2025-05-25 18:00:00,1933.3,POINTS,1,v1.0,VALID,SYNTHETIC,hash_mkt_002553,True
2554,INDEX_BSI,2025-05-25 00:00:00,2025-05-25 18:00:00,1487.0,POINTS,1,v1.0,VALID,SYNTHETIC,hash_mkt_002554,True
2555,INDEX_BHSI,2025-05-25 00:00:00,2025-05-25 18:00:00,958.9,POINTS,1,v1.0,VALID,SYNTHETIC,hash_mkt_002555,True
2556,INDEX_BDI,2025-05-26 00:00:00,2025-05-26 18:00:00,1993.5,POINTS,1,v1.0,VALID,SYNTHETIC,hash_mkt_002556,True
2557,INDEX_BCI,2025-05-26 00:00:00,2025-05-26 18:00:00,3257.8,POINTS,1,v1.0,VALID,SYNTHETIC,hash_mkt_002557,True
2558,INDEX_BPI,2025-05-26 00:00:00,2025-05-26 18:00:00,1885.0,POINTS,1,v1.0,VALID,SYNTHETIC,hash_mkt_002558,True
2559,INDEX_BSI,2025-05-26 00:00:00,2025-05-26 18:00:00,1478.4,POINTS,1,v1.0,VALID,SYNTHETIC,hash_mkt_002559,True
2560,INDEX_BHSI,2025-05-26 00:00:00,2025-05-26 18:00:00,924.3,POINTS,1,v1.0,VALID,SYNTHETIC,hash_mkt_002560,True
2561,INDEX_BDI,2025-05-27 00:00:00,2025-05-27 18:00:00,1968.3,POINTS,1,v1.0,VALID,SYNTHETIC,hash_mkt_002561,True
2562,INDEX_BCI,2025-05-27 00:00:00,2025-05-27 18:00:00,3152.0,POINTS,1,v1.0,VALID,SYNTHETIC,hash_mkt_002562,True
2563,INDEX_BPI,2025-05-27 00:00:00,2025-05-27 18:00:00,1893.7,POINTS,1,v1.0,VALID,SYNTHETIC,hash_mkt_002563,True
2564,INDEX_BSI,2025-05-27 00:00:00,2025-05-27 18:00:00,1477.2,POINTS,1,v1.0,VALID,SYNTHETIC,hash_mkt_002564,True
2565,INDEX_BHSI,2025-05-27 00:00:00,2025-05-27 18:00:00,913.9,POINTS,1,v1.0,VALID,SYNTHETIC,hash_mkt_002565,True
2566,INDEX_BDI,2025-05-28 00:00:00,2025-05-28 18:00:00,1938.7,POINTS,1,v1.0,VALID,SYNTHETIC,hash_mkt_002566,True
2567,INDEX_BCI,2025-05-28 00:00:00,2025-05-28 18:00:00,3204.6,POINTS,1,v1.0,VALID,SYNTHETIC,hash_mkt_002567,True
2568,INDEX_BPI,2025-05-28 00:00:00,2025-05-28 18:00:00,1912.0,POINTS,1,v1.0,VALID,SYNTHETIC,hash_mkt_002568,True
2569,INDEX_BSI,2025-05-28 00:00:00,2025-05-28 18:00:00,1451.9,POINTS,1,v1.0,VALID,SYNTHETIC,hash_mkt_002569,True
2570,INDEX_BHSI,2025-05-28 00:00:00,2025-05-28 18:00:00,919.3,POINTS,1,v1.0,VALID,SYNTHETIC,hash_mkt_002570,True
2571,INDEX_BDI,2025-05-29 00:00:00,2025-05-29 18:00:00,1911.6,POINTS,1,v1.0,VALID,SYNTHETIC,hash_mkt_002571,True
2572,INDEX_BCI,2025-05-29 00:00:00,2025-05-29 18:00:00,3081.9,POINTS,1,v1.0,VALID,SYNTHETIC,hash_mkt_002572,True
2573,INDEX_BPI,2025-05-29 00:00:00,2025-05-29 18:00:00,1864.9,POINTS,1,v1.0,VALID,SYNTHETIC,hash_mkt_002573,True
2574,INDEX_BSI,2025-05-29 00:00:00,2025-05-29 18:00:00,1451.6,POINTS,1,v1.0,VALID,SYNTHETIC,hash_mkt_002574,True
2575,INDEX_BHSI,2025-05-29 00:00:00,2025-05-29 18:00:00,913.3,POINTS,1,v1.0,VALID,SYNTHETIC,hash_mkt_002575,True
2576,INDEX_BDI,2025-05-30 00:00:00,2025-05-30 18:00:00,1925.6,POINTS,1,v1.0,VALID,SYNTHETIC,hash_mkt_002576,True
2577,INDEX_BCI,2025-05-30 00:00:00,2025-05-30 18:00:00,3073.7,POINTS,1,v1.0,VALID,SYNTHETIC,hash_mkt_002577,True
2578,INDEX_BPI,2025-05-30 00:00:00,2025-05-30 18:00:00,1862.4,POINTS,1,v1.0,VALID,SYNTHETIC,hash_mkt_002578,True
2579,INDEX_BSI,2025-05-30 00:00:00,2025-05-30 18:00:00,1440.8,POINTS,1,v1.0,VALID,SYNTHETIC,hash_mkt_002579,True
2580,INDEX_BHSI,2025-05-30 00:00:00,2025-05-30 18:00:00,906.8,POINTS,1,v1.0,VALID,SYNTHETIC,hash_mkt_002580,True
2581,INDEX_BDI,2025-05-31 00:00:00,2025-05-31 18:00:00,1881.4,POINTS,1,v1.0,VALID,SYNTHETIC,hash_mkt_002581,True
2582,INDEX_BCI,2025-05-31 00:00:00,2025-05-31 18:00:00,3177.9,POINTS,1,v1.0,VALID,SYNTHETIC,hash_mkt_002582,True
2583,INDEX_BPI,2025-05-31 00:00:00,2025-05-31 18:00:00,1877.3,POINTS,1,v1.0,VALID,SYNTHETIC,hash_mkt_002583,True
2584,INDEX_BSI,2025-05-31 00:00:00,2025-05-31 18:00:00,1437.4,POINTS,1,v1.0,VALID,SYNTHETIC,hash_mkt_002584,True
2585,INDEX_BHSI,2025-05-31 00:00:00,2025-05-31 18:00:00,895.2,POINTS,1,v1.0,VALID,SYNTHETIC,hash_mkt_002585,True
2586,INDEX_BDI,2025-06-01 00:00:00,2025-06-01 18:00:00,1880.7,POINTS,1,v1.0,VALID,SYNTHETIC,hash_mkt_002586,True
2587,INDEX_BCI,2025-06-01 00:00:00,2025-06-01 18:00:00,3031.9,POINTS,1,v1.0,VALID,SYNTHETIC,hash_mkt_002587,True
2588,INDEX_BPI,2025-06-01 00:00:00,2025-06-01 18:00:00,1888.3,POINTS,1,v1.0,VALID,SYNTHETIC,hash_mkt_002588,True
2589,INDEX_BSI,2025-06-01 00:00:00,2025-06-01 18:00:00,1418.0,POINTS,1,v1.0,VALID,SYNTHETIC,hash_mkt_002589,True
2590,INDEX_BHSI,2025-06-01 00:00:00,2025-06-01 18:00:00,902.6,POINTS,1,v1.0,VALID,SYNTHETIC,hash_mkt_002590,True
2591,INDEX_BDI,2025-06-02 00:00:00,2025-06-02 18:00:00,1887.9,POINTS,1,v1.0,VALID,SYNTHETIC,hash_mkt_002591,True
2592,INDEX_BCI,2025-06-02 00:00:00,2025-06-02 18:00:00,3072.8,POINTS,1,v1.0,VALID,SYNTHETIC,hash_mkt_002592,True
2593,INDEX_BPI,2025-06-02 00:00:00,2025-06-02 18:00:00,1850.6,POINTS,1,v1.0,VALID,SYNTHETIC,hash_mkt_002593,True
2594,INDEX_BSI,2025-06-02 00:00:00,2025-06-02 18:00:00,1451.6,POINTS,1,v1.0,VALID,SYNTHETIC,hash_mkt_002594,True
2595,INDEX_BHSI,2025-06-02 00:00:00,2025-06-02 18:00:00,888.5,POINTS,1,v1.0,VALID,SYNTHETIC,hash_mkt_002595,True
2596,INDEX_BDI,2025-06-03 00:00:00,2025-06-03 18:00:00,1876.7,POINTS,1,v1.0,VALID,SYNTHETIC,hash_mkt_002596,True
2597,INDEX_BCI,2025-06-03 00:00:00,2025-06-03 18:00:00,3048.3,POINTS,1,v1.0,VALID,SYNTHETIC,hash_mkt_002597,True
2598,INDEX_BPI,2025-06-03 00:00:00,2025-06-03 18:00:00,1839.1,POINTS,1,v1.0,VALID,SYNTHETIC,hash_mkt_002598,True
2599,INDEX_BSI,2025-06-03 00:00:00,2025-06-03 18:00:00,1400.3,POINTS,1,v1.0,VALID,SYNTHETIC,hash_mkt_002599,True
2600,INDEX_BHSI,2025-06-03 00:00:00,2025-06-03 18:00:00,864.6,POINTS,1,v1.0,VALID,SYNTHETIC,hash_mkt_002600,True
2601,INDEX_BDI,2025-06-04 00:00:00,2025-06-04 18:00:00,1872.6,POINTS,1,v1.0,VALID,SYNTHETIC,hash_mkt_002601,True
2602,INDEX_BCI,2025-06-04 00:00:00,2025-06-04 18:00:00,3035.6,POINTS,1,v1.0,VALID,SYNTHETIC,hash_mkt_002602,True
2603,INDEX_BPI,2025-06-04 00:00:00,2025-06-04 18:00:00,1837.5,POINTS,1,v1.0,VALID,SYNTHETIC,hash_mkt_002603,True
2604,INDEX_BSI,2025-06-04 00:00:00,2025-06-04 18:00:00,1402.8,POINTS,1,v1.0,VALID,SYNTHETIC,hash_mkt_002604,True
2605,INDEX_BHSI,2025-06-04 00:00:00,2025-06-04 18:00:00,883.9,POINTS,1,v1.0,VALID,SYNTHETIC,hash_mkt_002605,True
2606,INDEX_BDI,2025-06-05 00:00:00,2025-06-05 18:00:00,1873.0,POINTS,1,v1.0,VALID,SYNTHETIC,hash_mkt_002606,True
2607,INDEX_BCI,2025-06-05 00:00:00,2025-06-05 18:00:00,3106.9,POINTS,1,v1.0,VALID,SYNTHETIC,hash_mkt_002607,True
2608,INDEX_BPI,2025-06-05 00:00:00,2025-06-05 18:00:00,1846.7,POINTS,1,v1.0,VALID,SYNTHETIC,hash_mkt_002608,True
2609,INDEX_BSI,2025-06-05 00:00:00,2025-06-05 18:00:00,1391.1,POINTS,1,v1.0,VALID,SYNTHETIC,hash_mkt_002609,True
2610,INDEX_BHSI,2025-06-05 00:00:00,2025-06-05 18:00:00,890.3,POINTS,1,v1.0,VALID,SYNTHETIC,hash_mkt_002610,True
2611,INDEX_BDI,2025-06-06 00:00:00,2025-06-06 18:00:00,1921.4,POINTS,1,v1.0,VALID,SYNTHETIC,hash_mkt_002611,True
2612,INDEX_BCI,2025-06-06 00:00:00,2025-06-06 18:00:00,2980.0,POINTS,1,v1.0,VALID,SYNTHETIC,hash_mkt_002612,True
2613,INDEX_BPI,2025-06-06 00:00:00,2025-06-06 18:00:00,1822.6,POINTS,1,v1.0,VALID,SYNTHETIC,hash_mkt_002613,True
2614,INDEX_BSI,2025-06-06 00:00:00,2025-06-06 18:00:00,1410.8,POINTS,1,v1.0,VALID,SYNTHETIC,hash_mkt_002614,True
2615,INDEX_BHSI,2025-06-06 00:00:00,2025-06-06 18:00:00,884.0,POINTS,1,v1.0,VALID,SYNTHETIC,hash_mkt_002615,True
2616,INDEX_BDI,2025-06-07 00:00:00,2025-06-07 18:00:00,1866.0,POINTS,1,v1.0,VALID,SYNTHETIC,hash_mkt_002616,True
2617,INDEX_BCI,2025-06-07 00:00:00,2025-06-07 18:00:00,2984.7,POINTS,1,v1.0,VALID,SYNTHETIC,hash_mkt_002617,True
2618,INDEX_BPI,2025-06-07 00:00:00,2025-06-07 18:00:00,1814.6,POINTS,1,v1.0,VALID,SYNTHETIC,hash_mkt_002618,True
2619,INDEX_BSI,2025-06-07 00:00:00,2025-06-07 18:00:00,1387.6,POINTS,1,v1.0,VALID,SYNTHETIC,hash_mkt_002619,True
2620,INDEX_BHSI,2025-06-07 00:00:00,2025-06-07 18:00:00,872.0,POINTS,1,v1.0,VALID,SYNTHETIC,hash_mkt_002620,True
2621,INDEX_BDI,2025-06-08 00:00:00,2025-06-08 18:00:00,1893.0,POINTS,1,v1.0,VALID,SYNTHETIC,hash_mkt_002621,True
2622,INDEX_BCI,2025-06-08 00:00:00,2025-06-08 18:00:00,2977.9,POINTS,1,v1.0,VALID,SYNTHETIC,hash_mkt_002622,True
2623,INDEX_BPI,2025-06-08 00:00:00,2025-06-08 18:00:00,1791.0,POINTS,1,v1.0,VALID,SYNTHETIC,hash_mkt_002623,True
2624,INDEX_BSI,2025-06-08 00:00:00,2025-06-08 18:00:00,1385.9,POINTS,1,v1.0,VALID,SYNTHETIC,hash_mkt_002624,True
2625,INDEX_BHSI,2025-06-08 00:00:00,2025-06-08 18:00:00,876.0,POINTS,1,v1.0,VALID,SYNTHETIC,hash_mkt_002625,True
2626,INDEX_BDI,2025-06-09 00:00:00,2025-06-09 18:00:00,1869.8,POINTS,1,v1.0,VALID,SYNTHETIC,hash_mkt_002626,True
2627,INDEX_BCI,2025-06-09 00:00:00,2025-06-09 18:00:00,3025.1,POINTS,1,v1.0,VALID,SYNTHETIC,hash_mkt_002627,True
2628,INDEX_BPI,2025-06-09 00:00:00,2025-06-09 18:00:00,1785.5,POINTS,1,v1.0,VALID,SYNTHETIC,hash_mkt_002628,True
2629,INDEX_BSI,2025-06-09 00:00:00,2025-06-09 18:00:00,1419.4,POINTS,1,v1.0,VALID,SYNTHETIC,hash_mkt_002629,True
2630,INDEX_BHSI,2025-06-09 00:00:00,2025-06-09 18:00:00,894.0,POINTS,1,v1.0,VALID,SYNTHETIC,hash_mkt_002630,True
2631,INDEX_BDI,2025-06-10 00:00:00,2025-06-10 18:00:00,1867.7,POINTS,1,v1.0,VALID,SYNTHETIC,hash_mkt_002631,True
2632,INDEX_BCI,2025-06-10 00:00:00,2025-06-10 18:00:00,2920.1,POINTS,1,v1.0,VALID,SYNTHETIC,hash_mkt_002632,True
2633,INDEX_BPI,2025-06-10 00:00:00,2025-06-10 18:00:00,1796.9,POINTS,1,v1.0,VALID,SYNTHETIC,hash_mkt_002633,True
2634,INDEX_BSI,2025-06-10 00:00:00,2025-06-10 18:00:00,1422.9,POINTS,1,v1.0,VALID,SYNTHETIC,hash_mkt_002634,True
2635,INDEX_BHSI,2025-06-10 00:00:00,2025-06-10 18:00:00,858.9,POINTS,1,v1.0,VALID,SYNTHETIC,hash_mkt_002635,True
2636,INDEX_BDI,2025-06-11 00:00:00,2025-06-11 18:00:00,1883.8,POINTS,1,v1.0,VALID,SYNTHETIC,hash_mkt_002636,True
2637,INDEX_BCI,2025-06-11 00:00:00,2025-06-11 18:00:00,2901.9,POINTS,1,v1.0,VALID,SYNTHETIC,hash_mkt_002637,True
2638,INDEX_BPI,2025-06-11 00:00:00,2025-06-11 18:00:00,1826.1,POINTS,1,v1.0,VALID,SYNTHETIC,hash_mkt_002638,True
2639,INDEX_BSI,2025-06-11 00:00:00,2025-06-11 18:00:00,1400.3,POINTS,1,v1.0,VALID,SYNTHETIC,hash_mkt_002639,True
2640,INDEX_BHSI,2025-06-11 00:00:00,2025-06-11 18:00:00,860.7,POINTS,1,v1.0,VALID,SYNTHETIC,hash_mkt_002640,True
2641,INDEX_BDI,2025-06-12 00:00:00,2025-06-12 18:00:00,1886.7,POINTS,1,v1.0,VALID,SYNTHETIC,hash_mkt_002641,True
2642,INDEX_BCI,2025-06-12 00:00:00,2025-06-12 18:00:00,2966.8,POINTS,1,v1.0,VALID,SYNTHETIC,hash_mkt_002642,True
2643,INDEX_BPI,2025-06-12 00:00:00,2025-06-12 18:00:00,1841.0,POINTS,1,v1.0,VALID,SYNTHETIC,hash_mkt_002643,True
2644,INDEX_BSI,2025-06-12 00:00:00,2025-06-12 18:00:00,1392.2,POINTS,1,v1.0,VALID,SYNTHETIC,hash_mkt_002644,True
2645,INDEX_BHSI,2025-06-12 00:00:00,2025-06-12 18:00:00,874.2,POINTS,1,v1.0,VALID,SYNTHETIC,hash_mkt_002645,True
2646,INDEX_BDI,2025-06-13 00:00:00,2025-06-13 18:00:00,1866.4,POINTS,1,v1.0,VALID,SYNTHETIC,hash_mkt_002646,True
2647,INDEX_BCI,2025-06-13 00:00:00,2025-06-13 18:00:00,2968.4,POINTS,1,v1.0,VALID,SYNTHETIC,hash_mkt_002647,True
2648,INDEX_BPI,2025-06-13 00:00:00,2025-06-13 18:00:00,1799.4,POINTS,1,v1.0,VALID,SYNTHETIC,hash_mkt_002648,True
2649,INDEX_BSI,2025-06-13 00:00:00,2025-06-13 18:00:00,1422.8,POINTS,1,v1.0,VALID,SYNTHETIC,hash_mkt_002649,True
2650,INDEX_BHSI,2025-06-13 00:00:00,2025-06-13 18:00:00,877.7,POINTS,1,v1.0,VALID,SYNTHETIC,hash_mkt_002650,True
2651,INDEX_BDI,2025-06-14 00:00:00,2025-06-14 18:00:00,1858.5,POINTS,1,v1.0,VALID,SYNTHETIC,hash_mkt_002651,True
2652,INDEX_BCI,2025-06-14 00:00:00,2025-06-14 18:00:00,2971.5,POINTS,1,v1.0,VALID,SYNTHETIC,hash_mkt_002652,True
2653,INDEX_BPI,2025-06-14 00:00:00,2025-06-14 18:00:00,1808.1,POINTS,1,v1.0,VALID,SYNTHETIC,hash_mkt_002653,True
2654,INDEX_BSI,2025-06-14 00:00:00,2025-06-14 18:00:00,1430.6,POINTS,1,v1.0,VALID,SYNTHETIC,hash_mkt_002654,True
2655,INDEX_BHSI,2025-06-14 00:00:00,2025-06-14 18:00:00,903.1,POINTS,1,v1.0,VALID,SYNTHETIC,hash_mkt_002655,True
2656,INDEX_BDI,2025-06-15 00:00:00,2025-06-15 18:00:00,1902.2,POINTS,1,v1.0,VALID,SYNTHETIC,hash_mkt_002656,True
2657,INDEX_BCI,2025-06-15 00:00:00,2025-06-15 18:00:00,2974.7,POINTS,1,v1.0,VALID,SYNTHETIC,hash_mkt_002657,True
2658,INDEX_BPI,2025-06-15 00:00:00,2025-06-15 18:00:00,1801.2,POINTS,1,v1.0,VALID,SYNTHETIC,hash_mkt_002658,True
2659,INDEX_BSI,2025-06-15 00:00:00,2025-06-15 18:00:00,1429.0,POINTS,1,v1.0,VALID,SYNTHETIC,hash_mkt_002659,True
2660,INDEX_BHSI,2025-06-15 00:00:00,2025-06-15 18:00:00,878.0,POINTS,1,v1.0,VALID,SYNTHETIC,hash_mkt_002660,True
2661,INDEX_BDI,2025-06-16 00:00:00,2025-06-16 18:00:00,1933.6,POINTS,1,v1.0,VALID,SYNTHETIC,hash_mkt_002661,True
2662,INDEX_BCI,2025-06-16 00:00:00,2025-06-16 18:00:00,2944.5,POINTS,1,v1.0,VALID,SYNTHETIC,hash_mkt_002662,True
2663,INDEX_BPI,2025-06-16 00:00:00,2025-06-16 18:00:00,1823.7,POINTS,1,v1.0,VALID,SYNTHETIC,hash_mkt_002663,True
2664,INDEX_BSI,2025-06-16 00:00:00,2025-06-16 18:00:00,1405.5,POINTS,1,v1.0,VALID,SYNTHETIC,hash_mkt_002664,True
2665,INDEX_BHSI,2025-06-16 00:00:00,2025-06-16 18:00:00,888.7,POINTS,1,v1.0,VALID,SYNTHETIC,hash_mkt_002665,True
2666,INDEX_BDI,2025-06-17 00:00:00,2025-06-17 18:00:00,1878.7,POINTS,1,v1.0,VALID,SYNTHETIC,hash_mkt_002666,True
2667,INDEX_BCI,2025-06-17 00:00:00,2025-06-17 18:00:00,2915.1,POINTS,1,v1.0,VALID,SYNTHETIC,hash_mkt_002667,True
2668,INDEX_BPI,2025-06-17 00:00:00,2025-06-17 18:00:00,1868.0,POINTS,1,v1.0,VALID,SYNTHETIC,hash_mkt_002668,True
2669,INDEX_BSI,2025-06-17 00:00:00,2025-06-17 18:00:00,1416.0,POINTS,1,v1.0,VALID,SYNTHETIC,hash_mkt_002669,True
2670,INDEX_BHSI,2025-06-17 00:00:00,2025-06-17 18:00:00,900.6,POINTS,1,v1.0,VALID,SYNTHETIC,hash_mkt_002670,True
2671,INDEX_BDI,2025-06-18 00:00:00,2025-06-18 18:00:00,1935.1,POINTS,1,v1.0,VALID,SYNTHETIC,hash_mkt_002671,True
2672,INDEX_BCI,2025-06-18 00:00:00,2025-06-18 18:00:00,2927.5,POINTS,1,v1.0,VALID,SYNTHETIC,hash_mkt_002672,True
2673,INDEX_BPI,2025-06-18 00:00:00,2025-06-18 18:00:00,1836.1,POINTS,1,v1.0,VALID,SYNTHETIC,hash_mkt_002673,True
2674,INDEX_BSI,2025-06-18 00:00:00,2025-06-18 18:00:00,1473.1,POINTS,1,v1.0,VALID,SYNTHETIC,hash_mkt_002674,True
2675,INDEX_BHSI,2025-06-18 00:00:00,2025-06-18 18:00:00,922.3,POINTS,1,v1.0,VALID,SYNTHETIC,hash_mkt_002675,True
2676,INDEX_BDI,2025-06-19 00:00:00,2025-06-19 18:00:00,1954.5,POINTS,1,v1.0,VALID,SYNTHETIC,hash_mkt_002676,True
2677,INDEX_BCI,2025-06-19 00:00:00,2025-06-19 18:00:00,2977.4,POINTS,1,v1.0,VALID,SYNTHETIC,hash_mkt_002677,True
2678,INDEX_BPI,2025-06-19 00:00:00,2025-06-19 18:00:00,1848.5,POINTS,1,v1.0,VALID,SYNTHETIC,hash_mkt_002678,True
2679,INDEX_BSI,2025-06-19 00:00:00,2025-06-19 18:00:00,1454.2,POINTS,1,v1.0,VALID,SYNTHETIC,hash_mkt_002679,True
2680,INDEX_BHSI,2025-06-19 00:00:00,2025-06-19 18:00:00,916.3,POINTS,1,v1.0,VALID,SYNTHETIC,hash_mkt_002680,True
2681,INDEX_BDI,2025-06-20 00:00:00,2025-06-20 18:00:00,1947.4,POINTS,1,v1.0,VALID,SYNTHETIC,hash_mkt_002681,True
2682,INDEX_BCI,2025-06-20 00:00:00,2025-06-20 18:00:00,3052.1,POINTS,1,v1.0,VALID,SYNTHETIC,hash_mkt_002682,True
2683,INDEX_BPI,2025-06-20 00:00:00,2025-06-20 18:00:00,1891.6,POINTS,1,v1.0,VALID,SYNTHETIC,hash_mkt_002683,True
2684,INDEX_BSI,2025-06-20 00:00:00,2025-06-20 18:00:00,1464.1,POINTS,1,v1.0,VALID,SYNTHETIC,hash_mkt_002684,True
2685,INDEX_BHSI,2025-06-20 00:00:00,2025-06-20 18:00:00,926.2,POINTS,1,v1.0,VALID,SYNTHETIC,hash_mkt_002685,True
2686,INDEX_BDI,2025-06-21 00:00:00,2025-06-21 18:00:00,1942.3,POINTS,1,v1.0,VALID,SYNTHETIC,hash_mkt_002686,True
2687,INDEX_BCI,2025-06-21 00:00:00,2025-06-21 18:00:00,3047.8,POINTS,1,v1.0,VALID,SYNTHETIC,hash_mkt_002687,True
2688,INDEX_BPI,2025-06-21 00:00:00,2025-06-21 18:00:00,1872.0,POINTS,1,v1.0,VALID,SYNTHETIC,hash_mkt_002688,True
2689,INDEX_BSI,2025-06-21 00:00:00,2025-06-21 18:00:00,1480.9,POINTS,1,v1.0,VALID,SYNTHETIC,hash_mkt_002689,True
2690,INDEX_BHSI,2025-06-21 00:00:00,2025-06-21 18:00:00,899.4,POINTS,1,v1.0,VALID,SYNTHETIC,hash_mkt_002690,True
2691,INDEX_BDI,2025-06-22 00:00:00,2025-06-22 18:00:00,1974.1,POINTS,1,v1.0,VALID,SYNTHETIC,hash_mkt_002691,True
2692,INDEX_BCI,2025-06-22 00:00:00,2025-06-22 18:00:00,3062.1,POINTS,1,v1.0,VALID,SYNTHETIC,hash_mkt_002692,True
2693,INDEX_BPI,2025-06-22 00:00:00,2025-06-22 18:00:00,1899.0,POINTS,1,v1.0,VALID,SYNTHETIC,hash_mkt_002693,True
2694,INDEX_BSI,2025-06-22 00:00:00,2025-06-22 18:00:00,1495.9,POINTS,1,v1.0,VALID,SYNTHETIC,hash_mkt_002694,True
2695,INDEX_BHSI,2025-06-22 00:00:00,2025-06-22 18:00:00,932.3,POINTS,1,v1.0,VALID,SYNTHETIC,hash_mkt_002695,True
2696,INDEX_BDI,2025-06-23 00:00:00,2025-06-23 18:00:00,1995.2,POINTS,1,v1.0,VALID,SYNTHETIC,hash_mkt_002696,True
2697,INDEX_BCI,2025-06-23 00:00:00,2025-06-23 18:00:00,3033.5,POINTS,1,v1.0,VALID,SYNTHETIC,hash_mkt_002697,True
2698,INDEX_BPI,2025-06-23 00:00:00,2025-06-23 18:00:00,1899.9,POINTS,1,v1.0,VALID,SYNTHETIC,hash_mkt_002698,True
2699,INDEX_BSI,2025-06-23 00:00:00,2025-06-23 18:00:00,1516.0,POINTS,1,v1.0,VALID,SYNTHETIC,hash_mkt_002699,True
2700,INDEX_BHSI,2025-06-23 00:00:00,2025-06-23 18:00:00,930.5,POINTS,1,v1.0,VALID,SYNTHETIC,hash_mkt_002700,True
2701,INDEX_BDI,2025-06-24 00:00:00,2025-06-24 18:00:00,2000.4,POINTS,1,v1.0,VALID,SYNTHETIC,hash_mkt_002701,True
2702,INDEX_BCI,2025-06-24 00:00:00,2025-06-24 18:00:00,3078.4,POINTS,1,v1.0,VALID,SYNTHETIC,hash_mkt_002702,True
2703,INDEX_BPI,2025-06-24 00:00:00,2025-06-24 18:00:00,1923.5,POINTS,1,v1.0,VALID,SYNTHETIC,hash_mkt_002703,True
2704,INDEX_BSI,2025-06-24 00:00:00,2025-06-24 18:00:00,1516.8,POINTS,1,v1.0,VALID,SYNTHETIC,hash_mkt_002704,True
2705,INDEX_BHSI,2025-06-24 00:00:00,2025-06-24 18:00:00,928.9,POINTS,1,v1.0,VALID,SYNTHETIC,hash_mkt_002705,True
2706,INDEX_BDI,2025-06-25 00:00:00,2025-06-25 18:00:00,1984.6,POINTS,1,v1.0,VALID,SYNTHETIC,hash_mkt_002706,True
2707,INDEX_BCI,2025-06-25 00:00:00,2025-06-25 18:00:00,3090.9,POINTS,1,v1.0,VALID,SYNTHETIC,hash_mkt_002707,True
2708,INDEX_BPI,2025-06-25 00:00:00,2025-06-25 18:00:00,1922.8,POINTS,1,v1.0,VALID,SYNTHETIC,hash_mkt_002708,True
2709,INDEX_BSI,2025-06-25 00:00:00,2025-06-25 18:00:00,1508.2,POINTS,1,v1.0,VALID,SYNTHETIC,hash_mkt_002709,True
2710,INDEX_BHSI,2025-06-25 00:00:00,2025-06-25 18:00:00,948.7,POINTS,1,v1.0,VALID,SYNTHETIC,hash_mkt_002710,True
2711,INDEX_BDI,2025-06-26 00:00:00,2025-06-26 18:00:00,1999.1,POINTS,1,v1.0,VALID,SYNTHETIC,hash_mkt_002711,True
2712,INDEX_BCI,2025-06-26 00:00:00,2025-06-26 18:00:00,3050.2,POINTS,1,v1.0,VALID,SYNTHETIC,hash_mkt_002712,True
2713,INDEX_BPI,2025-06-26 00:00:00,2025-06-26 18:00:00,1951.0,POINTS,1,v1.0,VALID,SYNTHETIC,hash_mkt_002713,True
2714,INDEX_BSI,2025-06-26 00:00:00,2025-06-26 18:00:00,1503.1,POINTS,1,v1.0,VALID,SYNTHETIC,hash_mkt_002714,True
2715,INDEX_BHSI,2025-06-26 00:00:00,2025-06-26 18:00:00,948.1,POINTS,1,v1.0,VALID,SYNTHETIC,hash_mkt_002715,True
2716,INDEX_BDI,2025-06-27 00:00:00,2025-06-27 18:00:00,1997.2,POINTS,1,v1.0,VALID,SYNTHETIC,hash_mkt_002716,True
2717,INDEX_BCI,2025-06-27 00:00:00,2025-06-27 18:00:00,2996.6,POINTS,1,v1.0,VALID,SYNTHETIC,hash_mkt_002717,True
2718,INDEX_BPI,2025-06-27 00:00:00,2025-06-27 18:00:00,1946.7,POINTS,1,v1.0,VALID,SYNTHETIC,hash_mkt_002718,True
2719,INDEX_BSI,2025-06-27 00:00:00,2025-06-27 18:00:00,1541.4,POINTS,1,v1.0,VALID,SYNTHETIC,hash_mkt_002719,True
2720,INDEX_BHSI,2025-06-27 00:00:00,2025-06-27 18:00:00,973.4,POINTS,1,v1.0,VALID,SYNTHETIC,hash_mkt_002720,True
2721,INDEX_BDI,2025-06-28 00:00:00,2025-06-28 18:00:00,2021.2,POINTS,1,v1.0,VALID,SYNTHETIC,hash_mkt_002721,True
2722,INDEX_BCI,2025-06-28 00:00:00,2025-06-28 18:00:00,3156.8,POINTS,1,v1.0,VALID,SYNTHETIC,hash_mkt_002722,True
2723,INDEX_BPI,2025-06-28 00:00:00,2025-06-28 18:00:00,1985.2,POINTS,1,v1.0,VALID,SYNTHETIC,hash_mkt_002723,True
2724,INDEX_BSI,2025-06-28 00:00:00,2025-06-28 18:00:00,1545.7,POINTS,1,v1.0,VALID,SYNTHETIC,hash_mkt_002724,True
2725,INDEX_BHSI,2025-06-28 00:00:00,2025-06-28 18:00:00,954.9,POINTS,1,v1.0,VALID,SYNTHETIC,hash_mkt_002725,True
2726,INDEX_BDI,2025-06-29 00:00:00,2025-06-29 18:00:00,2028.1,POINTS,1,v1.0,VALID,SYNTHETIC,hash_mkt_002726,True
2727,INDEX_BCI,2025-06-29 00:00:00,2025-06-29 18:00:00,3178.7,POINTS,1,v1.0,VALID,SYNTHETIC,hash_mkt_002727,True
2728,INDEX_BPI,2025-06-29 00:00:00,2025-06-29 18:00:00,1968.5,POINTS,1,v1.0,VALID,SYNTHETIC,hash_mkt_002728,True
2729,INDEX_BSI,2025-06-29 00:00:00,2025-06-29 18:00:00,1535.1,POINTS,1,v1.0,VALID,SYNTHETIC,hash_mkt_002729,True
2730,INDEX_BHSI,2025-06-29 00:00:00,2025-06-29 18:00:00,966.5,POINTS,1,v1.0,VALID,SYNTHETIC,hash_mkt_002730,True
2731,INDEX_BDI,2025-06-30 00:00:00,2025-06-30 18:00:00,2027.1,POINTS,1,v1.0,VALID,SYNTHETIC,hash_mkt_002731,True
2732,INDEX_BCI,2025-06-30 00:00:00,2025-06-30 18:00:00,3073.3,POINTS,1,v1.0,VALID,SYNTHETIC,hash_mkt_002732,True
2733,INDEX_BPI,2025-06-30 00:00:00,2025-06-30 18:00:00,2004.4,POINTS,1,v1.0,VALID,SYNTHETIC,hash_mkt_002733,True
2734,INDEX_BSI,2025-06-30 00:00:00,2025-06-30 18:00:00,1566.3,POINTS,1,v1.0,VALID,SYNTHETIC,hash_mkt_002734,True
2735,INDEX_BHSI,2025-06-30 00:00:00,2025-06-30 18:00:00,964.5,POINTS,1,v1.0,VALID,SYNTHETIC,hash_mkt_002735,True
2736,INDEX_BDI,2025-07-01 00:00:00,2025-07-01 18:00:00,2036.1,POINTS,1,v1.0,VALID,SYNTHETIC,hash_mkt_002736,True
2737,INDEX_BCI,2025-07-01 00:00:00,2025-07-01 18:00:00,3176.5,POINTS,1,v1.0,VALID,SYNTHETIC,hash_mkt_002737,True
2738,INDEX_BPI,2025-07-01 00:00:00,2025-07-01 18:00:00,1997.6,POINTS,1,v1.0,VALID,SYNTHETIC,hash_mkt_002738,True
2739,INDEX_BSI,2025-07-01 00:00:00,2025-07-01 18:00:00,1574.7,POINTS,1,v1.0,VALID,SYNTHETIC,hash_mkt_002739,True
2740,INDEX_BHSI,2025-07-01 00:00:00,2025-07-01 18:00:00,970.6,POINTS,1,v1.0,VALID,SYNTHETIC,hash_mkt_002740,True
2741,INDEX_BDI,2025-07-02 00:00:00,2025-07-02 18:00:00,2083.9,POINTS,1,v1.0,VALID,SYNTHETIC,hash_mkt_002741,True
2742,INDEX_BCI,2025-07-02 00:00:00,2025-07-02 18:00:00,3051.6,POINTS,1,v1.0,VALID,SYNTHETIC,hash_mkt_002742,True
2743,INDEX_BPI,2025-07-02 00:00:00,2025-07-02 18:00:00,2031.2,POINTS,1,v1.0,VALID,SYNTHETIC,hash_mkt_002743,True
2744,INDEX_BSI,2025-07-02 00:00:00,2025-07-02 18:00:00,1525.3,POINTS,1,v1.0,VALID,SYNTHETIC,hash_mkt_002744,True
2745,INDEX_BHSI,2025-07-02 00:00:00,2025-07-02 18:00:00,963.3,POINTS,1,v1.0,VALID,SYNTHETIC,hash_mkt_002745,True
2746,INDEX_BDI,2025-07-03 00:00:00,2025-07-03 18:00:00,2114.5,POINTS,1,v1.0,VALID,SYNTHETIC,hash_mkt_002746,True
2747,INDEX_BCI,2025-07-03 00:00:00,2025-07-03 18:00:00,3088.3,POINTS,1,v1.0,VALID,SYNTHETIC,hash_mkt_002747,True
2748,INDEX_BPI,2025-07-03 00:00:00,2025-07-03 18:00:00,2015.6,POINTS,1,v1.0,VALID,SYNTHETIC,hash_mkt_002748,True
2749,INDEX_BSI,2025-07-03 00:00:00,2025-07-03 18:00:00,1563.1,POINTS,1,v1.0,VALID,SYNTHETIC,hash_mkt_002749,True
2750,INDEX_BHSI,2025-07-03 00:00:00,2025-07-03 18:00:00,977.5,POINTS,1,v1.0,VALID,SYNTHETIC,hash_mkt_002750,True
2751,INDEX_BDI,2025-07-04 00:00:00,2025-07-04 18:00:00,2102.7,POINTS,1,v1.0,VALID,SYNTHETIC,hash_mkt_002751,True
2752,INDEX_BCI,2025-07-04 00:00:00,2025-07-04 18:00:00,3140.2,POINTS,1,v1.0,VALID,SYNTHETIC,hash_mkt_002752,True
2753,INDEX_BPI,2025-07-04 00:00:00,2025-07-04 18:00:00,2047.1,POINTS,1,v1.0,VALID,SYNTHETIC,hash_mkt_002753,True
2754,INDEX_BSI,2025-07-04 00:00:00,2025-07-04 18:00:00,1569.9,POINTS,1,v1.0,VALID,SYNTHETIC,hash_mkt_002754,True
2755,INDEX_BHSI,2025-07-04 00:00:00,2025-07-04 18:00:00,982.4,POINTS,1,v1.0,VALID,SYNTHETIC,hash_mkt_002755,True
2756,INDEX_BDI,2025-07-05 00:00:00,2025-07-05 18:00:00,2050.1,POINTS,1,v1.0,VALID,SYNTHETIC,hash_mkt_002756,True
2757,INDEX_BCI,2025-07-05 00:00:00,2025-07-05 18:00:00,3125.5,POINTS,1,v1.0,VALID,SYNTHETIC,hash_mkt_002757,True
2758,INDEX_BPI,2025-07-05 00:00:00,2025-07-05 18:00:00,2031.8,POINTS,1,v1.0,VALID,SYNTHETIC,hash_mkt_002758,True
2759,INDEX_BSI,2025-07-05 00:00:00,2025-07-05 18:00:00,1592.6,POINTS,1,v1.0,VALID,SYNTHETIC,hash_mkt_002759,True
2760,INDEX_BHSI,2025-07-05 00:00:00,2025-07-05 18:00:00,984.3,POINTS,1,v1.0,VALID,SYNTHETIC,hash_mkt_002760,True
2761,INDEX_BDI,2025-07-06 00:00:00,2025-07-06 18:00:00,2106.6,POINTS,1,v1.0,VALID,SYNTHETIC,hash_mkt_002761,True
2762,INDEX_BCI,2025-07-06 00:00:00,2025-07-06 18:00:00,3129.9,POINTS,1,v1.0,VALID,SYNTHETIC,hash_mkt_002762,True
2763,INDEX_BPI,2025-07-06 00:00:00,2025-07-06 18:00:00,1995.6,POINTS,1,v1.0,VALID,SYNTHETIC,hash_mkt_002763,True
2764,INDEX_BSI,2025-07-06 00:00:00,2025-07-06 18:00:00,1591.9,POINTS,1,v1.0,VALID,SYNTHETIC,hash_mkt_002764,True
2765,INDEX_BHSI,2025-07-06 00:00:00,2025-07-06 18:00:00,989.3,POINTS,1,v1.0,VALID,SYNTHETIC,hash_mkt_002765,True
2766,INDEX_BDI,2025-07-07 00:00:00,2025-07-07 18:00:00,2119.8,POINTS,1,v1.0,VALID,SYNTHETIC,hash_mkt_002766,True
2767,INDEX_BCI,2025-07-07 00:00:00,2025-07-07 18:00:00,3065.8,POINTS,1,v1.0,VALID,SYNTHETIC,hash_mkt_002767,True
2768,INDEX_BPI,2025-07-07 00:00:00,2025-07-07 18:00:00,2063.9,POINTS,1,v1.0,VALID,SYNTHETIC,hash_mkt_002768,True
2769,INDEX_BSI,2025-07-07 00:00:00,2025-07-07 18:00:00,1582.4,POINTS,1,v1.0,VALID,SYNTHETIC,hash_mkt_002769,True
2770,INDEX_BHSI,2025-07-07 00:00:00,2025-07-07 18:00:00,980.1,POINTS,1,v1.0,VALID,SYNTHETIC,hash_mkt_002770,True
2771,INDEX_BDI,2025-07-08 00:00:00,2025-07-08 18:00:00,2079.2,POINTS,1,v1.0,VALID,SYNTHETIC,hash_mkt_002771,True
2772,INDEX_BCI,2025-07-08 00:00:00,2025-07-08 18:00:00,3102.8,POINTS,1,v1.0,VALID,SYNTHETIC,hash_mkt_002772,True
2773,INDEX_BPI,2025-07-08 00:00:00,2025-07-08 18:00:00,2043.7,POINTS,1,v1.0,VALID,SYNTHETIC,hash_mkt_002773,True
2774,INDEX_BSI,2025-07-08 00:00:00,2025-07-08 18:00:00,1578.3,POINTS,1,v1.0,VALID,SYNTHETIC,hash_mkt_002774,True
2775,INDEX_BHSI,2025-07-08 00:00:00,2025-07-08 18:00:00,979.9,POINTS,1,v1.0,VALID,SYNTHETIC,hash_mkt_002775,True
2776,INDEX_BDI,2025-07-09 00:00:00,2025-07-09 18:00:00,2107.7,POINTS,1,v1.0,VALID,SYNTHETIC,hash_mkt_002776,True
2777,INDEX_BCI,2025-07-09 00:00:00,2025-07-09 18:00:00,3018.9,POINTS,1,v1.0,VALID,SYNTHETIC,hash_mkt_002777,True
2778,INDEX_BPI,2025-07-09 00:00:00,2025-07-09 18:00:00,2037.7,POINTS,1,v1.0,VALID,SYNTHETIC,hash_mkt_002778,True
2779,INDEX_BSI,2025-07-09 00:00:00,2025-07-09 18:00:00,1567.8,POINTS,1,v1.0,VALID,SYNTHETIC,hash_mkt_002779,True
2780,INDEX_BHSI,2025-07-09 00:00:00,2025-07-09 18:00:00,974.5,POINTS,1,v1.0,VALID,SYNTHETIC,hash_mkt_002780,True
2781,INDEX_BDI,2025-07-10 00:00:00,2025-07-10 18:00:00,2085.6,POINTS,1,v1.0,VALID,SYNTHETIC,hash_mkt_002781,True
2782,INDEX_BCI,2025-07-10 00:00:00,2025-07-10 18:00:00,3054.3,POINTS,1,v1.0,VALID,SYNTHETIC,hash_mkt_002782,True
2783,INDEX_BPI,2025-07-10 00:00:00,2025-07-10 18:00:00,2020.8,POINTS,1,v1.0,VALID,SYNTHETIC,hash_mkt_002783,True
2784,INDEX_BSI,2025-07-10 00:00:00,2025-07-10 18:00:00,1573.7,POINTS,1,v1.0,VALID,SYNTHETIC,hash_mkt_002784,True
2785,INDEX_BHSI,2025-07-10 00:00:00,2025-07-10 18:00:00,997.3,POINTS,1,v1.0,VALID,SYNTHETIC,hash_mkt_002785,True
2786,INDEX_BDI,2025-07-11 00:00:00,2025-07-11 18:00:00,2101.4,POINTS,1,v1.0,VALID,SYNTHETIC,hash_mkt_002786,True
2787,INDEX_BCI,2025-07-11 00:00:00,2025-07-11 18:00:00,3057.0,POINTS,1,v1.0,VALID,SYNTHETIC,hash_mkt_002787,True
2788,INDEX_BPI,2025-07-11 00:00:00,2025-07-11 18:00:00,2004.6,POINTS,1,v1.0,VALID,SYNTHETIC,hash_mkt_002788,True
2789,INDEX_BSI,2025-07-11 00:00:00,2025-07-11 18:00:00,1554.6,POINTS,1,v1.0,VALID,SYNTHETIC,hash_mkt_002789,True
2790,INDEX_BHSI,2025-07-11 00:00:00,2025-07-11 18:00:00,977.6,POINTS,1,v1.0,VALID,SYNTHETIC,hash_mkt_002790,True
2791,INDEX_BDI,2025-07-12 00:00:00,2025-07-12 18:00:00,2081.3,POINTS,1,v1.0,VALID,SYNTHETIC,hash_mkt_002791,True
2792,INDEX_BCI,2025-07-12 00:00:00,2025-07-12 18:00:00,3015.3,POINTS,1,v1.0,VALID,SYNTHETIC,hash_mkt_002792,True
2793,INDEX_BPI,2025-07-12 00:00:00,2025-07-12 18:00:00,2021.5,POINTS,1,v1.0,VALID,SYNTHETIC,hash_mkt_002793,True
2794,INDEX_BSI,2025-07-12 00:00:00,2025-07-12 18:00:00,1556.4,POINTS,1,v1.0,VALID,SYNTHETIC,hash_mkt_002794,True
2795,INDEX_BHSI,2025-07-12 00:00:00,2025-07-12 18:00:00,978.0,POINTS,1,v1.0,VALID,SYNTHETIC,hash_mkt_002795,True
2796,INDEX_BDI,2025-07-13 00:00:00,2025-07-13 18:00:00,2095.0,POINTS,1,v1.0,VALID,SYNTHETIC,hash_mkt_002796,True
2797,INDEX_BCI,2025-07-13 00:00:00,2025-07-13 18:00:00,3131.2,POINTS,1,v1.0,VALID,SYNTHETIC,hash_mkt_002797,True
2798,INDEX_BPI,2025-07-13 00:00:00,2025-07-13 18:00:00,1988.4,POINTS,1,v1.0,VALID,SYNTHETIC,hash_mkt_002798,True
2799,INDEX_BSI,2025-07-13 00:00:00,2025-07-13 18:00:00,1579.2,POINTS,1,v1.0,VALID,SYNTHETIC,hash_mkt_002799,True
2800,INDEX_BHSI,2025-07-13 00:00:00,2025-07-13 18:00:00,987.0,POINTS,1,v1.0,VALID,SYNTHETIC,hash_mkt_002800,True
2801,INDEX_BDI,2025-07-14 00:00:00,2025-07-14 18:00:00,2043.4,POINTS,1,v1.0,VALID,SYNTHETIC,hash_mkt_002801,True
2802,INDEX_BCI,2025-07-14 00:00:00,2025-07-14 18:00:00,2958.0,POINTS,1,v1.0,VALID,SYNTHETIC,hash_mkt_002802,True
2803,INDEX_BPI,2025-07-14 00:00:00,2025-07-14 18:00:00,2008.2,POINTS,1,v1.0,VALID,SYNTHETIC,hash_mkt_002803,True
2804,INDEX_BSI,2025-07-14 00:00:00,2025-07-14 18:00:00,1563.0,POINTS,1,v1.0,VALID,SYNTHETIC,hash_mkt_002804,True
2805,INDEX_BHSI,2025-07-14 00:00:00,2025-07-14 18:00:00,975.4,POINTS,1,v1.0,VALID,SYNTHETIC,hash_mkt_002805,True
2806,INDEX_BDI,2025-07-15 00:00:00,2025-07-15 18:00:00,2093.0,POINTS,1,v1.0,VALID,SYNTHETIC,hash_mkt_002806,True
2807,INDEX_BCI,2025-07-15 00:00:00,2025-07-15 18:00:00,2977.9,POINTS,1,v1.0,VALID,SYNTHETIC,hash_mkt_002807,True
2808,INDEX_BPI,2025-07-15 00:00:00,2025-07-15 18:00:00,1996.5,POINTS,1,v1.0,VALID,SYNTHETIC,hash_mkt_002808,True
2809,INDEX_BSI,2025-07-15 00:00:00,2025-07-15 18:00:00,1528.3,POINTS,1,v1.0,VALID,SYNTHETIC,hash_mkt_002809,True
2810,INDEX_BHSI,2025-07-15 00:00:00,2025-07-15 18:00:00,963.8,POINTS,1,v1.0,VALID,SYNTHETIC,hash_mkt_002810,True
2811,INDEX_BDI,2025-07-16 00:00:00,2025-07-16 18:00:00,2024.0,POINTS,1,v1.0,VALID,SYNTHETIC,hash_mkt_002811,True
2812,INDEX_BCI,2025-07-16 00:00:00,2025-07-16 18:00:00,2958.9,POINTS,1,v1.0,VALID,SYNTHETIC,hash_mkt_002812,True
2813,INDEX_BPI,2025-07-16 00:00:00,2025-07-16 18:00:00,1985.2,POINTS,1,v1.0,VALID,SYNTHETIC,hash_mkt_002813,True
2814,INDEX_BSI,2025-07-16 00:00:00,2025-07-16 18:00:00,1546.3,POINTS,1,v1.0,VALID,SYNTHETIC,hash_mkt_002814,True
2815,INDEX_BHSI,2025-07-16 00:00:00,2025-07-16 18:00:00,967.2,POINTS,1,v1.0,VALID,SYNTHETIC,hash_mkt_002815,True
2816,INDEX_BDI,2025-07-17 00:00:00,2025-07-17 18:00:00,2016.2,POINTS,1,v1.0,VALID,SYNTHETIC,hash_mkt_002816,True
2817,INDEX_BCI,2025-07-17 00:00:00,2025-07-17 18:00:00,2993.1,POINTS,1,v1.0,VALID,SYNTHETIC,hash_mkt_002817,True
2818,INDEX_BPI,2025-07-17 00:00:00,2025-07-17 18:00:00,1963.7,POINTS,1,v1.0,VALID,SYNTHETIC,hash_mkt_002818,True
2819,INDEX_BSI,2025-07-17 00:00:00,2025-07-17 18:00:00,1522.7,POINTS,1,v1.0,VALID,SYNTHETIC,hash_mkt_002819,True
2820,INDEX_BHSI,2025-07-17 00:00:00,2025-07-17 18:00:00,946.3,POINTS,1,v1.0,VALID,SYNTHETIC,hash_mkt_002820,True
2821,INDEX_BDI,2025-07-18 00:00:00,2025-07-18 18:00:00,2017.9,POINTS,1,v1.0,VALID,SYNTHETIC,hash_mkt_002821,True
2822,INDEX_BCI,2025-07-18 00:00:00,2025-07-18 18:00:00,2975.5,POINTS,1,v1.0,VALID,SYNTHETIC,hash_mkt_002822,True
2823,INDEX_BPI,2025-07-18 00:00:00,2025-07-18 18:00:00,1905.0,POINTS,1,v1.0,VALID,SYNTHETIC,hash_mkt_002823,True
2824,INDEX_BSI,2025-07-18 00:00:00,2025-07-18 18:00:00,1529.6,POINTS,1,v1.0,VALID,SYNTHETIC,hash_mkt_002824,True
2825,INDEX_BHSI,2025-07-18 00:00:00,2025-07-18 18:00:00,946.3,POINTS,1,v1.0,VALID,SYNTHETIC,hash_mkt_002825,True
2826,INDEX_BDI,2025-07-19 00:00:00,2025-07-19 18:00:00,1988.0,POINTS,1,v1.0,VALID,SYNTHETIC,hash_mkt_002826,True
2827,INDEX_BCI,2025-07-19 00:00:00,2025-07-19 18:00:00,2877.8,POINTS,1,v1.0,VALID,SYNTHETIC,hash_mkt_002827,True
2828,INDEX_BPI,2025-07-19 00:00:00,2025-07-19 18:00:00,1949.4,POINTS,1,v1.0,VALID,SYNTHETIC,hash_mkt_002828,True
2829,INDEX_BSI,2025-07-19 00:00:00,2025-07-19 18:00:00,1493.3,POINTS,1,v1.0,VALID,SYNTHETIC,hash_mkt_002829,True
2830,INDEX_BHSI,2025-07-19 00:00:00,2025-07-19 18:00:00,926.9,POINTS,1,v1.0,VALID,SYNTHETIC,hash_mkt_002830,True
2831,INDEX_BDI,2025-07-20 00:00:00,2025-07-20 18:00:00,1975.7,POINTS,1,v1.0,VALID,SYNTHETIC,hash_mkt_002831,True
2832,INDEX_BCI,2025-07-20 00:00:00,2025-07-20 18:00:00,2756.8,POINTS,1,v1.0,VALID,SYNTHETIC,hash_mkt_002832,True
2833,INDEX_BPI,2025-07-20 00:00:00,2025-07-20 18:00:00,1932.5,POINTS,1,v1.0,VALID,SYNTHETIC,hash_mkt_002833,True
2834,INDEX_BSI,2025-07-20 00:00:00,2025-07-20 18:00:00,1487.8,POINTS,1,v1.0,VALID,SYNTHETIC,hash_mkt_002834,True
2835,INDEX_BHSI,2025-07-20 00:00:00,2025-07-20 18:00:00,939.5,POINTS,1,v1.0,VALID,SYNTHETIC,hash_mkt_002835,True
2836,INDEX_BDI,2025-07-21 00:00:00,2025-07-21 18:00:00,1957.8,POINTS,1,v1.0,VALID,SYNTHETIC,hash_mkt_002836,True
2837,INDEX_BCI,2025-07-21 00:00:00,2025-07-21 18:00:00,2756.9,POINTS,1,v1.0,VALID,SYNTHETIC,hash_mkt_002837,True
2838,INDEX_BPI,2025-07-21 00:00:00,2025-07-21 18:00:00,1891.9,POINTS,1,v1.0,VALID,SYNTHETIC,hash_mkt_002838,True
2839,INDEX_BSI,2025-07-21 00:00:00,2025-07-21 18:00:00,1474.4,POINTS,1,v1.0,VALID,SYNTHETIC,hash_mkt_002839,True
2840,INDEX_BHSI,2025-07-21 00:00:00,2025-07-21 18:00:00,919.2,POINTS,1,v1.0,VALID,SYNTHETIC,hash_mkt_002840,True
2841,INDEX_BDI,2025-07-22 00:00:00,2025-07-22 18:00:00,1968.4,POINTS,1,v1.0,VALID,SYNTHETIC,hash_mkt_002841,True
2842,INDEX_BCI,2025-07-22 00:00:00,2025-07-22 18:00:00,2762.4,POINTS,1,v1.0,VALID,SYNTHETIC,hash_mkt_002842,True
2843,INDEX_BPI,2025-07-22 00:00:00,2025-07-22 18:00:00,1903.6,POINTS,1,v1.0,VALID,SYNTHETIC,hash_mkt_002843,True
2844,INDEX_BSI,2025-07-22 00:00:00,2025-07-22 18:00:00,1446.9,POINTS,1,v1.0,VALID,SYNTHETIC,hash_mkt_002844,True
2845,INDEX_BHSI,2025-07-22 00:00:00,2025-07-22 18:00:00,926.7,POINTS,1,v1.0,VALID,SYNTHETIC,hash_mkt_002845,True
2846,INDEX_BDI,2025-07-23 00:00:00,2025-07-23 18:00:00,1973.3,POINTS,1,v1.0,VALID,SYNTHETIC,hash_mkt_002846,True
2847,INDEX_BCI,2025-07-23 00:00:00,2025-07-23 18:00:00,2817.8,POINTS,1,v1.0,VALID,SYNTHETIC,hash_mkt_002847,True
2848,INDEX_BPI,2025-07-23 00:00:00,2025-07-23 18:00:00,1902.0,POINTS,1,v1.0,VALID,SYNTHETIC,hash_mkt_002848,True
2849,INDEX_BSI,2025-07-23 00:00:00,2025-07-23 18:00:00,1463.4,POINTS,1,v1.0,VALID,SYNTHETIC,hash_mkt_002849,True
2850,INDEX_BHSI,2025-07-23 00:00:00,2025-07-23 18:00:00,908.8,POINTS,1,v1.0,VALID,SYNTHETIC,hash_mkt_002850,True
2851,INDEX_BDI,2025-07-24 00:00:00,2025-07-24 18:00:00,1905.1,POINTS,1,v1.0,VALID,SYNTHETIC,hash_mkt_002851,True
2852,INDEX_BCI,2025-07-24 00:00:00,2025-07-24 18:00:00,2782.0,POINTS,1,v1.0,VALID,SYNTHETIC,hash_mkt_002852,True
2853,INDEX_BPI,2025-07-24 00:00:00,2025-07-24 18:00:00,1853.1,POINTS,1,v1.0,VALID,SYNTHETIC,hash_mkt_002853,True
2854,INDEX_BSI,2025-07-24 00:00:00,2025-07-24 18:00:00,1454.4,POINTS,1,v1.0,VALID,SYNTHETIC,hash_mkt_002854,True
2855,INDEX_BHSI,2025-07-24 00:00:00,2025-07-24 18:00:00,896.2,POINTS,1,v1.0,VALID,SYNTHETIC,hash_mkt_002855,True
2856,INDEX_BDI,2025-07-25 00:00:00,2025-07-25 18:00:00,1897.6,POINTS,1,v1.0,VALID,SYNTHETIC,hash_mkt_002856,True
2857,INDEX_BCI,2025-07-25 00:00:00,2025-07-25 18:00:00,2658.4,POINTS,1,v1.0,VALID,SYNTHETIC,hash_mkt_002857,True
2858,INDEX_BPI,2025-07-25 00:00:00,2025-07-25 18:00:00,1837.7,POINTS,1,v1.0,VALID,SYNTHETIC,hash_mkt_002858,True
2859,INDEX_BSI,2025-07-25 00:00:00,2025-07-25 18:00:00,1439.2,POINTS,1,v1.0,VALID,SYNTHETIC,hash_mkt_002859,True
2860,INDEX_BHSI,2025-07-25 00:00:00,2025-07-25 18:00:00,887.1,POINTS,1,v1.0,VALID,SYNTHETIC,hash_mkt_002860,True
2861,INDEX_BDI,2025-07-26 00:00:00,2025-07-26 18:00:00,1882.5,POINTS,1,v1.0,VALID,SYNTHETIC,hash_mkt_002861,True
2862,INDEX_BCI,2025-07-26 00:00:00,2025-07-26 18:00:00,2674.7,POINTS,1,v1.0,VALID,SYNTHETIC,hash_mkt_002862,True
2863,INDEX_BPI,2025-07-26 00:00:00,2025-07-26 18:00:00,1824.0,POINTS,1,v1.0,VALID,SYNTHETIC,hash_mkt_002863,True
2864,INDEX_BSI,2025-07-26 00:00:00,2025-07-26 18:00:00,1393.0,POINTS,1,v1.0,VALID,SYNTHETIC,hash_mkt_002864,True
2865,INDEX_BHSI,2025-07-26 00:00:00,2025-07-26 18:00:00,891.2,POINTS,1,v1.0,VALID,SYNTHETIC,hash_mkt_002865,True
2866,INDEX_BDI,2025-07-27 00:00:00,2025-07-27 18:00:00,1888.9,POINTS,1,v1.0,VALID,SYNTHETIC,hash_mkt_002866,True
2867,INDEX_BCI,2025-07-27 00:00:00,2025-07-27 18:00:00,2593.1,POINTS,1,v1.0,VALID,SYNTHETIC,hash_mkt_002867,True
2868,INDEX_BPI,2025-07-27 00:00:00,2025-07-27 18:00:00,1811.6,POINTS,1,v1.0,VALID,SYNTHETIC,hash_mkt_002868,True
2869,INDEX_BSI,2025-07-27 00:00:00,2025-07-27 18:00:00,1419.5,POINTS,1,v1.0,VALID,SYNTHETIC,hash_mkt_002869,True
2870,INDEX_BHSI,2025-07-27 00:00:00,2025-07-27 18:00:00,859.8,POINTS,1,v1.0,VALID,SYNTHETIC,hash_mkt_002870,True
2871,INDEX_BDI,2025-07-28 00:00:00,2025-07-28 18:00:00,1838.1,POINTS,1,v1.0,VALID,SYNTHETIC,hash_mkt_002871,True
2872,INDEX_BCI,2025-07-28 00:00:00,2025-07-28 18:00:00,2589.0,POINTS,1,v1.0,VALID,SYNTHETIC,hash_mkt_002872,True
2873,INDEX_BPI,2025-07-28 00:00:00,2025-07-28 18:00:00,1806.6,POINTS,1,v1.0,VALID,SYNTHETIC,hash_mkt_002873,True
2874,INDEX_BSI,2025-07-28 00:00:00,2025-07-28 18:00:00,1379.3,POINTS,1,v1.0,VALID,SYNTHETIC,hash_mkt_002874,True
2875,INDEX_BHSI,2025-07-28 00:00:00,2025-07-28 18:00:00,871.3,POINTS,1,v1.0,VALID,SYNTHETIC,hash_mkt_002875,True
2876,INDEX_BDI,2025-07-29 00:00:00,2025-07-29 18:00:00,1829.1,POINTS,1,v1.0,VALID,SYNTHETIC,hash_mkt_002876,True
2877,INDEX_BCI,2025-07-29 00:00:00,2025-07-29 18:00:00,2533.9,POINTS,1,v1.0,VALID,SYNTHETIC,hash_mkt_002877,True
2878,INDEX_BPI,2025-07-29 00:00:00,2025-07-29 18:00:00,1780.7,POINTS,1,v1.0,VALID,SYNTHETIC,hash_mkt_002878,True
2879,INDEX_BSI,2025-07-29 00:00:00,2025-07-29 18:00:00,1360.8,POINTS,1,v1.0,VALID,SYNTHETIC,hash_mkt_002879,True
2880,INDEX_BHSI,2025-07-29 00:00:00,2025-07-29 18:00:00,885.4,POINTS,1,v1.0,VALID,SYNTHETIC,hash_mkt_002880,True
2881,INDEX_BDI,2025-07-30 00:00:00,2025-07-30 18:00:00,1820.9,POINTS,1,v1.0,VALID,SYNTHETIC,hash_mkt_002881,True
2882,INDEX_BCI,2025-07-30 00:00:00,2025-07-30 18:00:00,2552.9,POINTS,1,v1.0,VALID,SYNTHETIC,hash_mkt_002882,True
2883,INDEX_BPI,2025-07-30 00:00:00,2025-07-30 18:00:00,1720.4,POINTS,1,v1.0,VALID,SYNTHETIC,hash_mkt_002883,True
2884,INDEX_BSI,2025-07-30 00:00:00,2025-07-30 18:00:00,1362.3,POINTS,1,v1.0,VALID,SYNTHETIC,hash_mkt_002884,True
2885,INDEX_BHSI,2025-07-30 00:00:00,2025-07-30 18:00:00,840.1,POINTS,1,v1.0,VALID,SYNTHETIC,hash_mkt_002885,True
2886,INDEX_BDI,2025-07-31 00:00:00,2025-07-31 18:00:00,1831.8,POINTS,1,v1.0,VALID,SYNTHETIC,hash_mkt_002886,True
2887,INDEX_BCI,2025-07-31 00:00:00,2025-07-31 18:00:00,2483.5,POINTS,1,v1.0,VALID,SYNTHETIC,hash_mkt_002887,True
2888,INDEX_BPI,2025-07-31 00:00:00,2025-07-31 18:00:00,1769.3,POINTS,1,v1.0,VALID,SYNTHETIC,hash_mkt_002888,True
2889,INDEX_BSI,2025-07-31 00:00:00,2025-07-31 18:00:00,1334.9,POINTS,1,v1.0,VALID,SYNTHETIC,hash_mkt_002889,True
2890,INDEX_BHSI,2025-07-31 00:00:00,2025-07-31 18:00:00,850.1,POINTS,1,v1.0,VALID,SYNTHETIC,hash_mkt_002890,True
2891,INDEX_BDI,2025-08-01 00:00:00,2025-08-01 18:00:00,1794.1,POINTS,1,v1.0,VALID,SYNTHETIC,hash_mkt_002891,True
2892,INDEX_BCI,2025-08-01 00:00:00,2025-08-01 18:00:00,2454.6,POINTS,1,v1.0,VALID,SYNTHETIC,hash_mkt_002892,True
2893,INDEX_BPI,2025-08-01 00:00:00,2025-08-01 18:00:00,1701.2,POINTS,1,v1.0,VALID,SYNTHETIC,hash_mkt_002893,True
2894,INDEX_BSI,2025-08-01 00:00:00,2025-08-01 18:00:00,1359.8,POINTS,1,v1.0,VALID,SYNTHETIC,hash_mkt_002894,True
2895,INDEX_BHSI,2025-08-01 00:00:00,2025-08-01 18:00:00,832.7,POINTS,1,v1.0,VALID,SYNTHETIC,hash_mkt_002895,True
2896,INDEX_BDI,2025-08-02 00:00:00,2025-08-02 18:00:00,1754.5,POINTS,1,v1.0,VALID,SYNTHETIC,hash_mkt_002896,True
2897,INDEX_BCI,2025-08-02 00:00:00,2025-08-02 18:00:00,2333.2,POINTS,1,v1.0,VALID,SYNTHETIC,hash_mkt_002897,True
2898,INDEX_BPI,2025-08-02 00:00:00,2025-08-02 18:00:00,1733.5,POINTS,1,v1.0,VALID,SYNTHETIC,hash_mkt_002898,True
2899,INDEX_BSI,2025-08-02 00:00:00,2025-08-02 18:00:00,1329.0,POINTS,1,v1.0,VALID,SYNTHETIC,hash_mkt_002899,True
2900,INDEX_BHSI,2025-08-02 00:00:00,2025-08-02 18:00:00,851.7,POINTS,1,v1.0,VALID,SYNTHETIC,hash_mkt_002900,True
2901,INDEX_BDI,2025-08-03 00:00:00,2025-08-03 18:00:00,1746.3,POINTS,1,v1.0,VALID,SYNTHETIC,hash_mkt_002901,True
2902,INDEX_BCI,2025-08-03 00:00:00,2025-08-03 18:00:00,2370.2,POINTS,1,v1.0,VALID,SYNTHETIC,hash_mkt_002902,True
2903,INDEX_BPI,2025-08-03 00:00:00,2025-08-03 18:00:00,1735.7,POINTS,1,v1.0,VALID,SYNTHETIC,hash_mkt_002903,True
2904,INDEX_BSI,2025-08-03 00:00:00,2025-08-03 18:00:00,1315.1,POINTS,1,v1.0,VALID,SYNTHETIC,hash_mkt_002904,True
2905,INDEX_BHSI,2025-08-03 00:00:00,2025-08-03 18:00:00,819.8,POINTS,1,v1.0,VALID,SYNTHETIC,hash_mkt_002905,True
2906,INDEX_BDI,2025-08-04 00:00:00,2025-08-04 18:00:00,1778.8,POINTS,1,v1.0,VALID,SYNTHETIC,hash_mkt_002906,True
2907,INDEX_BCI,2025-08-04 00:00:00,2025-08-04 18:00:00,2382.2,POINTS,1,v1.0,VALID,SYNTHETIC,hash_mkt_002907,True
2908,INDEX_BPI,2025-08-04 00:00:00,2025-08-04 18:00:00,1672.8,POINTS,1,v1.0,VALID,SYNTHETIC,hash_mkt_002908,True
2909,INDEX_BSI,2025-08-04 00:00:00,2025-08-04 18:00:00,1338.6,POINTS,1,v1.0,VALID,SYNTHETIC,hash_mkt_002909,True
2910,INDEX_BHSI,2025-08-04 00:00:00,2025-08-04 18:00:00,821.3,POINTS,1,v1.0,VALID,SYNTHETIC,hash_mkt_002910,True
2911,INDEX_BDI,2025-08-05 00:00:00,2025-08-05 18:00:00,1770.2,POINTS,1,v1.0,VALID,SYNTHETIC,hash_mkt_002911,True
2912,INDEX_BCI,2025-08-05 00:00:00,2025-08-05 18:00:00,2452.6,POINTS,1,v1.0,VALID,SYNTHETIC,hash_mkt_002912,True
2913,INDEX_BPI,2025-08-05 00:00:00,2025-08-05 18:00:00,1694.3,POINTS,1,v1.0,VALID,SYNTHETIC,hash_mkt_002913,True
2914,INDEX_BSI,2025-08-05 00:00:00,2025-08-05 18:00:00,1312.2,POINTS,1,v1.0,VALID,SYNTHETIC,hash_mkt_002914,True
2915,INDEX_BHSI,2025-08-05 00:00:00,2025-08-05 18:00:00,806.3,POINTS,1,v1.0,VALID,SYNTHETIC,hash_mkt_002915,True
2916,INDEX_BDI,2025-08-06 00:00:00,2025-08-06 18:00:00,1725.0,POINTS,1,v1.0,VALID,SYNTHETIC,hash_mkt_002916,True
2917,INDEX_BCI,2025-08-06 00:00:00,2025-08-06 18:00:00,2387.8,POINTS,1,v1.0,VALID,SYNTHETIC,hash_mkt_002917,True
2918,INDEX_BPI,2025-08-06 00:00:00,2025-08-06 18:00:00,1723.8,POINTS,1,v1.0,VALID,SYNTHETIC,hash_mkt_002918,True
2919,INDEX_BSI,2025-08-06 00:00:00,2025-08-06 18:00:00,1300.5,POINTS,1,v1.0,VALID,SYNTHETIC,hash_mkt_002919,True
2920,INDEX_BHSI,2025-08-06 00:00:00,2025-08-06 18:00:00,819.4,POINTS,1,v1.0,VALID,SYNTHETIC,hash_mkt_002920,True
2921,INDEX_BDI,2025-08-07 00:00:00,2025-08-07 18:00:00,1752.2,POINTS,1,v1.0,VALID,SYNTHETIC,hash_mkt_002921,True
2922,INDEX_BCI,2025-08-07 00:00:00,2025-08-07 18:00:00,2399.2,POINTS,1,v1.0,VALID,SYNTHETIC,hash_mkt_002922,True
2923,INDEX_BPI,2025-08-07 00:00:00,2025-08-07 18:00:00,1680.5,POINTS,1,v1.0,VALID,SYNTHETIC,hash_mkt_002923,True
2924,INDEX_BSI,2025-08-07 00:00:00,2025-08-07 18:00:00,1291.0,POINTS,1,v1.0,VALID,SYNTHETIC,hash_mkt_002924,True
2925,INDEX_BHSI,2025-08-07 00:00:00,2025-08-07 18:00:00,822.5,POINTS,1,v1.0,VALID,SYNTHETIC,hash_mkt_002925,True
2926,INDEX_BDI,2025-08-08 00:00:00,2025-08-08 18:00:00,1717.7,POINTS,1,v1.0,VALID,SYNTHETIC,hash_mkt_002926,True
2927,INDEX_BCI,2025-08-08 00:00:00,2025-08-08 18:00:00,2437.1,POINTS,1,v1.0,VALID,SYNTHETIC,hash_mkt_002927,True
2928,INDEX_BPI,2025-08-08 00:00:00,2025-08-08 18:00:00,1694.3,POINTS,1,v1.0,VALID,SYNTHETIC,hash_mkt_002928,True
2929,INDEX_BSI,2025-08-08 00:00:00,2025-08-08 18:00:00,1253.9,POINTS,1,v1.0,VALID,SYNTHETIC,hash_mkt_002929,True
2930,INDEX_BHSI,2025-08-08 00:00:00,2025-08-08 18:00:00,818.8,POINTS,1,v1.0,VALID,SYNTHETIC,hash_mkt_002930,True
2931,INDEX_BDI,2025-08-09 00:00:00,2025-08-09 18:00:00,1771.4,POINTS,1,v1.0,VALID,SYNTHETIC,hash_mkt_002931,True
2932,INDEX_BCI,2025-08-09 00:00:00,2025-08-09 18:00:00,2272.2,POINTS,1,v1.0,VALID,SYNTHETIC,hash_mkt_002932,True
2933,INDEX_BPI,2025-08-09 00:00:00,2025-08-09 18:00:00,1679.5,POINTS,1,v1.0,VALID,SYNTHETIC,hash_mkt_002933,True
2934,INDEX_BSI,2025-08-09 00:00:00,2025-08-09 18:00:00,1273.1,POINTS,1,v1.0,VALID,SYNTHETIC,hash_mkt_002934,True
2935,INDEX_BHSI,2025-08-09 00:00:00,2025-08-09 18:00:00,782.5,POINTS,1,v1.0,VALID,SYNTHETIC,hash_mkt_002935,True
2936,INDEX_BDI,2025-08-10 00:00:00,2025-08-10 18:00:00,1712.3,POINTS,1,v1.0,VALID,SYNTHETIC,hash_mkt_002936,True
2937,INDEX_BCI,2025-08-10 00:00:00,2025-08-10 18:00:00,2257.0,POINTS,1,v1.0,VALID,SYNTHETIC,hash_mkt_002937,True
2938,INDEX_BPI,2025-08-10 00:00:00,2025-08-10 18:00:00,1640.8,POINTS,1,v1.0,VALID,SYNTHETIC,hash_mkt_002938,True
2939,INDEX_BSI,2025-08-10 00:00:00,2025-08-10 18:00:00,1275.5,POINTS,1,v1.0,VALID,SYNTHETIC,hash_mkt_002939,True
2940,INDEX_BHSI,2025-08-10 00:00:00,2025-08-10 18:00:00,793.4,POINTS,1,v1.0,VALID,SYNTHETIC,hash_mkt_002940,True
2941,INDEX_BDI,2025-08-11 00:00:00,2025-08-11 18:00:00,1740.7,POINTS,1,v1.0,VALID,SYNTHETIC,hash_mkt_002941,True
2942,INDEX_BCI,2025-08-11 00:00:00,2025-08-11 18:00:00,2359.9,POINTS,1,v1.0,VALID,SYNTHETIC,hash_mkt_002942,True
2943,INDEX_BPI,2025-08-11 00:00:00,2025-08-11 18:00:00,1675.2,POINTS,1,v1.0,VALID,SYNTHETIC,hash_mkt_002943,True
2944,INDEX_BSI,2025-08-11 00:00:00,2025-08-11 18:00:00,1279.7,POINTS,1,v1.0,VALID,SYNTHETIC,hash_mkt_002944,True
2945,INDEX_BHSI,2025-08-11 00:00:00,2025-08-11 18:00:00,793.9,POINTS,1,v1.0,VALID,SYNTHETIC,hash_mkt_002945,True
2946,INDEX_BDI,2025-08-12 00:00:00,2025-08-12 18:00:00,1716.9,POINTS,1,v1.0,VALID,SYNTHETIC,hash_mkt_002946,True
2947,INDEX_BCI,2025-08-12 00:00:00,2025-08-12 18:00:00,2341.9,POINTS,1,v1.0,VALID,SYNTHETIC,hash_mkt_002947,True
2948,INDEX_BPI,2025-08-12 00:00:00,2025-08-12 18:00:00,1657.4,POINTS,1,v1.0,VALID,SYNTHETIC,hash_mkt_002948,True
2949,INDEX_BSI,2025-08-12 00:00:00,2025-08-12 18:00:00,1289.2,POINTS,1,v1.0,VALID,SYNTHETIC,hash_mkt_002949,True
2950,INDEX_BHSI,2025-08-12 00:00:00,2025-08-12 18:00:00,793.0,POINTS,1,v1.0,VALID,SYNTHETIC,hash_mkt_002950,True
2951,INDEX_BDI,2025-08-13 00:00:00,2025-08-13 18:00:00,1724.2,POINTS,1,v1.0,VALID,SYNTHETIC,hash_mkt_002951,True
2952,INDEX_BCI,2025-08-13 00:00:00,2025-08-13 18:00:00,2397.6,POINTS,1,v1.0,VALID,SYNTHETIC,hash_mkt_002952,True
2953,INDEX_BPI,2025-08-13 00:00:00,2025-08-13 18:00:00,1622.4,POINTS,1,v1.0,VALID,SYNTHETIC,hash_mkt_002953,True
2954,INDEX_BSI,2025-08-13 00:00:00,2025-08-13 18:00:00,1281.7,POINTS,1,v1.0,VALID,SYNTHETIC,hash_mkt_002954,True
2955,INDEX_BHSI,2025-08-13 00:00:00,2025-08-13 18:00:00,797.3,POINTS,1,v1.0,VALID,SYNTHETIC,hash_mkt_002955,True
2956,INDEX_BDI,2025-08-14 00:00:00,2025-08-14 18:00:00,1694.0,POINTS,1,v1.0,VALID,SYNTHETIC,hash_mkt_002956,True
2957,INDEX_BCI,2025-08-14 00:00:00,2025-08-14 18:00:00,2407.0,POINTS,1,v1.0,VALID,SYNTHETIC,hash_mkt_002957,True
2958,INDEX_BPI,2025-08-14 00:00:00,2025-08-14 18:00:00,1665.4,POINTS,1,v1.0,VALID,SYNTHETIC,hash_mkt_002958,True
2959,INDEX_BSI,2025-08-14 00:00:00,2025-08-14 18:00:00,1299.1,POINTS,1,v1.0,VALID,SYNTHETIC,hash_mkt_002959,True
2960,INDEX_BHSI,2025-08-14 00:00:00,2025-08-14 18:00:00,795.8,POINTS,1,v1.0,VALID,SYNTHETIC,hash_mkt_002960,True
2961,INDEX_BDI,2025-08-15 00:00:00,2025-08-15 18:00:00,1719.1,POINTS,1,v1.0,VALID,SYNTHETIC,hash_mkt_002961,True
2962,INDEX_BCI,2025-08-15 00:00:00,2025-08-15 18:00:00,2333.3,POINTS,1,v1.0,VALID,SYNTHETIC,hash_mkt_002962,True
2963,INDEX_BPI,2025-08-15 00:00:00,2025-08-15 18:00:00,1669.5,POINTS,1,v1.0,VALID,SYNTHETIC,hash_mkt_002963,True
2964,INDEX_BSI,2025-08-15 00:00:00,2025-08-15 18:00:00,1298.2,POINTS,1,v1.0,VALID,SYNTHETIC,hash_mkt_002964,True
2965,INDEX_BHSI,2025-08-15 00:00:00,2025-08-15 18:00:00,796.4,POINTS,1,v1.0,VALID,SYNTHETIC,hash_mkt_002965,True
2966,INDEX_BDI,2025-08-16 00:00:00,2025-08-16 18:00:00,1750.8,POINTS,1,v1.0,VALID,SYNTHETIC,hash_mkt_002966,True
2967,INDEX_BCI,2025-08-16 00:00:00,2025-08-16 18:00:00,2275.1,POINTS,1,v1.0,VALID,SYNTHETIC,hash_mkt_002967,True
2968,INDEX_BPI,2025-08-16 00:00:00,2025-08-16 18:00:00,1646.3,POINTS,1,v1.0,VALID,SYNTHETIC,hash_mkt_002968,True
2969,INDEX_BSI,2025-08-16 00:00:00,2025-08-16 18:00:00,1262.0,POINTS,1,v1.0,VALID,SYNTHETIC,hash_mkt_002969,True
2970,INDEX_BHSI,2025-08-16 00:00:00,2025-08-16 18:00:00,814.8,POINTS,1,v1.0,VALID,SYNTHETIC,hash_mkt_002970,True
2971,INDEX_BDI,2025-08-17 00:00:00,2025-08-17 18:00:00,1723.0,POINTS,1,v1.0,VALID,SYNTHETIC,hash_mkt_002971,True
2972,INDEX_BCI,2025-08-17 00:00:00,2025-08-17 18:00:00,2319.5,POINTS,1,v1.0,VALID,SYNTHETIC,hash_mkt_002972,True
2973,INDEX_BPI,2025-08-17 00:00:00,2025-08-17 18:00:00,1642.1,POINTS,1,v1.0,VALID,SYNTHETIC,hash_mkt_002973,True
2974,INDEX_BSI,2025-08-17 00:00:00,2025-08-17 18:00:00,1294.0,POINTS,1,v1.0,VALID,SYNTHETIC,hash_mkt_002974,True
2975,INDEX_BHSI,2025-08-17 00:00:00,2025-08-17 18:00:00,801.4,POINTS,1,v1.0,VALID,SYNTHETIC,hash_mkt_002975,True
2976,INDEX_BDI,2025-08-18 00:00:00,2025-08-18 18:00:00,1747.2,POINTS,1,v1.0,VALID,SYNTHETIC,hash_mkt_002976,True
2977,INDEX_BCI,2025-08-18 00:00:00,2025-08-18 18:00:00,2343.4,POINTS,1,v1.0,VALID,SYNTHETIC,hash_mkt_002977,True
2978,INDEX_BPI,2025-08-18 00:00:00,2025-08-18 18:00:00,1695.5,POINTS,1,v1.0,VALID,SYNTHETIC,hash_mkt_002978,True
2979,INDEX_BSI,2025-08-18 00:00:00,2025-08-18 18:00:00,1275.7,POINTS,1,v1.0,VALID,SYNTHETIC,hash_mkt_002979,True
2980,INDEX_BHSI,2025-08-18 00:00:00,2025-08-18 18:00:00,802.4,POINTS,1,v1.0,VALID,SYNTHETIC,hash_mkt_002980,True
2981,INDEX_BDI,2025-08-19 00:00:00,2025-08-19 18:00:00,1766.1,POINTS,1,v1.0,VALID,SYNTHETIC,hash_mkt_002981,True
2982,INDEX_BCI,2025-08-19 00:00:00,2025-08-19 18:00:00,2317.5,POINTS,1,v1.0,VALID,SYNTHETIC,hash_mkt_002982,True
2983,INDEX_BPI,2025-08-19 00:00:00,2025-08-19 18:00:00,1679.9,POINTS,1,v1.0,VALID,SYNTHETIC,hash_mkt_002983,True
2984,INDEX_BSI,2025-08-19 00:00:00,2025-08-19 18:00:00,1283.6,POINTS,1,v1.0,VALID,SYNTHETIC,hash_mkt_002984,True
2985,INDEX_BHSI,2025-08-19 00:00:00,2025-08-19 18:00:00,809.6,POINTS,1,v1.0,VALID,SYNTHETIC,hash_mkt_002985,True
2986,INDEX_BDI,2025-08-20 00:00:00,2025-08-20 18:00:00,1733.4,POINTS,1,v1.0,VALID,SYNTHETIC,hash_mkt_002986,True
2987,INDEX_BCI,2025-08-20 00:00:00,2025-08-20 18:00:00,2356.8,POINTS,1,v1.0,VALID,SYNTHETIC,hash_mkt_002987,True
2988,INDEX_BPI,2025-08-20 00:00:00,2025-08-20 18:00:00,1708.5,POINTS,1,v1.0,VALID,SYNTHETIC,hash_mkt_002988,True
2989,INDEX_BSI,2025-08-20 00:00:00,2025-08-20 18:00:00,1324.5,POINTS,1,v1.0,VALID,SYNTHETIC,hash_mkt_002989,True
2990,INDEX_BHSI,2025-08-20 00:00:00,2025-08-20 18:00:00,807.3,POINTS,1,v1.0,VALID,SYNTHETIC,hash_mkt_002990,True
2991,INDEX_BDI,2025-08-21 00:00:00,2025-08-21 18:00:00,1726.2,POINTS,1,v1.0,VALID,SYNTHETIC,hash_mkt_002991,True
2992,INDEX_BCI,2025-08-21 00:00:00,2025-08-21 18:00:00,2328.8,POINTS,1,v1.0,VALID,SYNTHETIC,hash_mkt_002992,True
2993,INDEX_BPI,2025-08-21 00:00:00,2025-08-21 18:00:00,1693.8,POINTS,1,v1.0,VALID,SYNTHETIC,hash_mkt_002993,True
2994,INDEX_BSI,2025-08-21 00:00:00,2025-08-21 18:00:00,1308.9,POINTS,1,v1.0,VALID,SYNTHETIC,hash_mkt_002994,True
2995,INDEX_BHSI,2025-08-21 00:00:00,2025-08-21 18:00:00,819.4,POINTS,1,v1.0,VALID,SYNTHETIC,hash_mkt_002995,True
2996,INDEX_BDI,2025-08-22 00:00:00,2025-08-22 18:00:00,1783.0,POINTS,1,v1.0,VALID,SYNTHETIC,hash_mkt_002996,True
2997,INDEX_BCI,2025-08-22 00:00:00,2025-08-22 18:00:00,2352.7,POINTS,1,v1.0,VALID,SYNTHETIC,hash_mkt_002997,True
2998,INDEX_BPI,2025-08-22 00:00:00,2025-08-22 18:00:00,1677.3,POINTS,1,v1.0,VALID,SYNTHETIC,hash_mkt_002998,True
2999,INDEX_BSI,2025-08-22 00:00:00,2025-08-22 18:00:00,1309.2,POINTS,1,v1.0,VALID,SYNTHETIC,hash_mkt_002999,True
3000,INDEX_BHSI,2025-08-22 00:00:00,2025-08-22 18:00:00,844.2,POINTS,1,v1.0,VALID,SYNTHETIC,hash_mkt_003000,True
3001,INDEX_BDI,2025-08-23 00:00:00,2025-08-23 18:00:00,1771.3,POINTS,1,v1.0,VALID,SYNTHETIC,hash_mkt_003001,True
3002,INDEX_BCI,2025-08-23 00:00:00,2025-08-23 18:00:00,2267.7,POINTS,1,v1.0,VALID,SYNTHETIC,hash_mkt_003002,True
3003,INDEX_BPI,2025-08-23 00:00:00,2025-08-23 18:00:00,1753.3,POINTS,1,v1.0,VALID,SYNTHETIC,hash_mkt_003003,True
3004,INDEX_BSI,2025-08-23 00:00:00,2025-08-23 18:00:00,1325.9,POINTS,1,v1.0,VALID,SYNTHETIC,hash_mkt_003004,True
3005,INDEX_BHSI,2025-08-23 00:00:00,2025-08-23 18:00:00,832.4,POINTS,1,v1.0,VALID,SYNTHETIC,hash_mkt_003005,True
3006,INDEX_BDI,2025-08-24 00:00:00,2025-08-24 18:00:00,1767.1,POINTS,1,v1.0,VALID,SYNTHETIC,hash_mkt_003006,True
3007,INDEX_BCI,2025-08-24 00:00:00,2025-08-24 18:00:00,2308.4,POINTS,1,v1.0,VALID,SYNTHETIC,hash_mkt_003007,True
3008,INDEX_BPI,2025-08-24 00:00:00,2025-08-24 18:00:00,1764.5,POINTS,1,v1.0,VALID,SYNTHETIC,hash_mkt_003008,True
3009,INDEX_BSI,2025-08-24 00:00:00,2025-08-24 18:00:00,1344.8,POINTS,1,v1.0,VALID,SYNTHETIC,hash_mkt_003009,True
3010,INDEX_BHSI,2025-08-24 00:00:00,2025-08-24 18:00:00,832.9,POINTS,1,v1.0,VALID,SYNTHETIC,hash_mkt_003010,True
3011,INDEX_BDI,2025-08-25 00:00:00,2025-08-25 18:00:00,1826.4,POINTS,1,v1.0,VALID,SYNTHETIC,hash_mkt_003011,True
3012,INDEX_BCI,2025-08-25 00:00:00,2025-08-25 18:00:00,2253.6,POINTS,1,v1.0,VALID,SYNTHETIC,hash_mkt_003012,True
3013,INDEX_BPI,2025-08-25 00:00:00,2025-08-25 18:00:00,1720.0,POINTS,1,v1.0,VALID,SYNTHETIC,hash_mkt_003013,True
3014,INDEX_BSI,2025-08-25 00:00:00,2025-08-25 18:00:00,1349.6,POINTS,1,v1.0,VALID,SYNTHETIC,hash_mkt_003014,True
3015,INDEX_BHSI,2025-08-25 00:00:00,2025-08-25 18:00:00,853.9,POINTS,1,v1.0,VALID,SYNTHETIC,hash_mkt_003015,True
3016,INDEX_BDI,2025-08-26 00:00:00,2025-08-26 18:00:00,1804.0,POINTS,1,v1.0,VALID,SYNTHETIC,hash_mkt_003016,True
3017,INDEX_BCI,2025-08-26 00:00:00,2025-08-26 18:00:00,2334.3,POINTS,1,v1.0,VALID,SYNTHETIC,hash_mkt_003017,True
3018,INDEX_BPI,2025-08-26 00:00:00,2025-08-26 18:00:00,1774.9,POINTS,1,v1.0,VALID,SYNTHETIC,hash_mkt_003018,True
3019,INDEX_BSI,2025-08-26 00:00:00,2025-08-26 18:00:00,1349.9,POINTS,1,v1.0,VALID,SYNTHETIC,hash_mkt_003019,True
3020,INDEX_BHSI,2025-08-26 00:00:00,2025-08-26 18:00:00,835.7,POINTS,1,v1.0,VALID,SYNTHETIC,hash_mkt_003020,True
3021,INDEX_BDI,2025-08-27 00:00:00,2025-08-27 18:00:00,1798.2,POINTS,1,v1.0,VALID,SYNTHETIC,hash_mkt_003021,True
3022,INDEX_BCI,2025-08-27 00:00:00,2025-08-27 18:00:00,2430.4,POINTS,1,v1.0,VALID,SYNTHETIC,hash_mkt_003022,True
3023,INDEX_BPI,2025-08-27 00:00:00,2025-08-27 18:00:00,1750.7,POINTS,1,v1.0,VALID,SYNTHETIC,hash_mkt_003023,True
3024,INDEX_BSI,2025-08-27 00:00:00,2025-08-27 18:00:00,1349.9,POINTS,1,v1.0,VALID,SYNTHETIC,hash_mkt_003024,True
3025,INDEX_BHSI,2025-08-27 00:00:00,2025-08-27 18:00:00,864.1,POINTS,1,v1.0,VALID,SYNTHETIC,hash_mkt_003025,True
3026,INDEX_BDI,2025-08-28 00:00:00,2025-08-28 18:00:00,1818.2,POINTS,1,v1.0,VALID,SYNTHETIC,hash_mkt_003026,True
3027,INDEX_BCI,2025-08-28 00:00:00,2025-08-28 18:00:00,2345.9,POINTS,1,v1.0,VALID,SYNTHETIC,hash_mkt_003027,True
3028,INDEX_BPI,2025-08-28 00:00:00,2025-08-28 18:00:00,1744.3,POINTS,1,v1.0,VALID,SYNTHETIC,hash_mkt_003028,True
3029,INDEX_BSI,2025-08-28 00:00:00,2025-08-28 18:00:00,1361.1,POINTS,1,v1.0,VALID,SYNTHETIC,hash_mkt_003029,True
3030,INDEX_BHSI,2025-08-28 00:00:00,2025-08-28 18:00:00,852.1,POINTS,1,v1.0,VALID,SYNTHETIC,hash_mkt_003030,True
3031,INDEX_BDI,2025-08-29 00:00:00,2025-08-29 18:00:00,1830.5,POINTS,1,v1.0,VALID,SYNTHETIC,hash_mkt_003031,True
3032,INDEX_BCI,2025-08-29 00:00:00,2025-08-29 18:00:00,2320.9,POINTS,1,v1.0,VALID,SYNTHETIC,hash_mkt_003032,True
3033,INDEX_BPI,2025-08-29 00:00:00,2025-08-29 18:00:00,1769.4,POINTS,1,v1.0,VALID,SYNTHETIC,hash_mkt_003033,True
3034,INDEX_BSI,2025-08-29 00:00:00,2025-08-29 18:00:00,1334.7,POINTS,1,v1.0,VALID,SYNTHETIC,hash_mkt_003034,True
3035,INDEX_BHSI,2025-08-29 00:00:00,2025-08-29 18:00:00,863.2,POINTS,1,v1.0,VALID,SYNTHETIC,hash_mkt_003035,True
3036,INDEX_BDI,2025-08-30 00:00:00,2025-08-30 18:00:00,1866.0,POINTS,1,v1.0,VALID,SYNTHETIC,hash_mkt_003036,True
3037,INDEX_BCI,2025-08-30 00:00:00,2025-08-30 18:00:00,2374.8,POINTS,1,v1.0,VALID,SYNTHETIC,hash_mkt_003037,True
3038,INDEX_BPI,2025-08-30 00:00:00,2025-08-30 18:00:00,1765.0,POINTS,1,v1.0,VALID,SYNTHETIC,hash_mkt_003038,True
3039,INDEX_BSI,2025-08-30 00:00:00,2025-08-30 18:00:00,1367.2,POINTS,1,v1.0,VALID,SYNTHETIC,hash_mkt_003039,True
3040,INDEX_BHSI,2025-08-30 00:00:00,2025-08-30 18:00:00,852.8,POINTS,1,v1.0,VALID,SYNTHETIC,hash_mkt_003040,True
3041,INDEX_BDI,2025-08-31 00:00:00,2025-08-31 18:00:00,1851.4,POINTS,1,v1.0,VALID,SYNTHETIC,hash_mkt_003041,True
3042,INDEX_BCI,2025-08-31 00:00:00,2025-08-31 18:00:00,2381.5,POINTS,1,v1.0,VALID,SYNTHETIC,hash_mkt_003042,True
3043,INDEX_BPI,2025-08-31 00:00:00,2025-08-31 18:00:00,1751.0,POINTS,1,v1.0,VALID,SYNTHETIC,hash_mkt_003043,True
3044,INDEX_BSI,2025-08-31 00:00:00,2025-08-31 18:00:00,1369.6,POINTS,1,v1.0,VALID,SYNTHETIC,hash_mkt_003044,True
3045,INDEX_BHSI,2025-08-31 00:00:00,2025-08-31 18:00:00,859.1,POINTS,1,v1.0,VALID,SYNTHETIC,hash_mkt_003045,True
3046,INDEX_BDI,2025-09-01 00:00:00,2025-09-01 18:00:00,1819.5,POINTS,1,v1.0,VALID,SYNTHETIC,hash_mkt_003046,True
3047,INDEX_BCI,2025-09-01 00:00:00,2025-09-01 18:00:00,2400.1,POINTS,1,v1.0,VALID,SYNTHETIC,hash_mkt_003047,True
3048,INDEX_BPI,2025-09-01 00:00:00,2025-09-01 18:00:00,1790.6,POINTS,1,v1.0,VALID,SYNTHETIC,hash_mkt_003048,True
3049,INDEX_BSI,2025-09-01 00:00:00,2025-09-01 18:00:00,1380.6,POINTS,1,v1.0,VALID,SYNTHETIC,hash_mkt_003049,True
3050,INDEX_BHSI,2025-09-01 00:00:00,2025-09-01 18:00:00,844.0,POINTS,1,v1.0,VALID,SYNTHETIC,hash_mkt_003050,True
3051,INDEX_BDI,2025-09-02 00:00:00,2025-09-02 18:00:00,1829.8,POINTS,1,v1.0,VALID,SYNTHETIC,hash_mkt_003051,True
3052,INDEX_BCI,2025-09-02 00:00:00,2025-09-02 18:00:00,2518.2,POINTS,1,v1.0,VALID,SYNTHETIC,hash_mkt_003052,True
3053,INDEX_BPI,2025-09-02 00:00:00,2025-09-02 18:00:00,1823.1,POINTS,1,v1.0,VALID,SYNTHETIC,hash_mkt_003053,True
3054,INDEX_BSI,2025-09-02 00:00:00,2025-09-02 18:00:00,1385.0,POINTS,1,v1.0,VALID,SYNTHETIC,hash_mkt_003054,True
3055,INDEX_BHSI,2025-09-02 00:00:00,2025-09-02 18:00:00,856.1,POINTS,1,v1.0,VALID,SYNTHETIC,hash_mkt_003055,True
3056,INDEX_BDI,2025-09-03 00:00:00,2025-09-03 18:00:00,1822.7,POINTS,1,v1.0,VALID,SYNTHETIC,hash_mkt_003056,True
3057,INDEX_BCI,2025-09-03 00:00:00,2025-09-03 18:00:00,2291.3,POINTS,1,v1.0,VALID,SYNTHETIC,hash_mkt_003057,True
3058,INDEX_BPI,2025-09-03 00:00:00,2025-09-03 18:00:00,1764.4,POINTS,1,v1.0,VALID,SYNTHETIC,hash_mkt_003058,True
3059,INDEX_BSI,2025-09-03 00:00:00,2025-09-03 18:00:00,1381.3,POINTS,1,v1.0,VALID,SYNTHETIC,hash_mkt_003059,True
3060,INDEX_BHSI,2025-09-03 00:00:00,2025-09-03 18:00:00,859.6,POINTS,1,v1.0,VALID,SYNTHETIC,hash_mkt_003060,True
3061,INDEX_BDI,2025-09-04 00:00:00,2025-09-04 18:00:00,1781.8,POINTS,1,v1.0,VALID,SYNTHETIC,hash_mkt_003061,True
3062,INDEX_BCI,2025-09-04 00:00:00,2025-09-04 18:00:00,2367.1,POINTS,1,v1.0,VALID,SYNTHETIC,hash_mkt_003062,True
3063,INDEX_BPI,2025-09-04 00:00:00,2025-09-04 18:00:00,1768.1,POINTS,1,v1.0,VALID,SYNTHETIC,hash_mkt_003063,True
3064,INDEX_BSI,2025-09-04 00:00:00,2025-09-04 18:00:00,1399.7,POINTS,1,v1.0,VALID,SYNTHETIC,hash_mkt_003064,True
3065,INDEX_BHSI,2025-09-04 00:00:00,2025-09-04 18:00:00,864.6,POINTS,1,v1.0,VALID,SYNTHETIC,hash_mkt_003065,True
3066,INDEX_BDI,2025-09-05 00:00:00,2025-09-05 18:00:00,1850.7,POINTS,1,v1.0,VALID,SYNTHETIC,hash_mkt_003066,True
3067,INDEX_BCI,2025-09-05 00:00:00,2025-09-05 18:00:00,2387.2,POINTS,1,v1.0,VALID,SYNTHETIC,hash_mkt_003067,True
3068,INDEX_BPI,2025-09-05 00:00:00,2025-09-05 18:00:00,1800.6,POINTS,1,v1.0,VALID,SYNTHETIC,hash_mkt_003068,True
3069,INDEX_BSI,2025-09-05 00:00:00,2025-09-05 18:00:00,1395.2,POINTS,1,v1.0,VALID,SYNTHETIC,hash_mkt_003069,True
3070,INDEX_BHSI,2025-09-05 00:00:00,2025-09-05 18:00:00,858.5,POINTS,1,v1.0,VALID,SYNTHETIC,hash_mkt_003070,True
3071,INDEX_BDI,2025-09-06 00:00:00,2025-09-06 18:00:00,1826.6,POINTS,1,v1.0,VALID,SYNTHETIC,hash_mkt_003071,True
3072,INDEX_BCI,2025-09-06 00:00:00,2025-09-06 18:00:00,2355.0,POINTS,1,v1.0,VALID,SYNTHETIC,hash_mkt_003072,True
3073,INDEX_BPI,2025-09-06 00:00:00,2025-09-06 18:00:00,1738.7,POINTS,1,v1.0,VALID,SYNTHETIC,hash_mkt_003073,True
3074,INDEX_BSI,2025-09-06 00:00:00,2025-09-06 18:00:00,1381.5,POINTS,1,v1.0,VALID,SYNTHETIC,hash_mkt_003074,True
3075,INDEX_BHSI,2025-09-06 00:00:00,2025-09-06 18:00:00,853.8,POINTS,1,v1.0,VALID,SYNTHETIC,hash_mkt_003075,True
3076,INDEX_BDI,2025-09-07 00:00:00,2025-09-07 18:00:00,1842.7,POINTS,1,v1.0,VALID,SYNTHETIC,hash_mkt_003076,True
3077,INDEX_BCI,2025-09-07 00:00:00,2025-09-07 18:00:00,2449.1,POINTS,1,v1.0,VALID,SYNTHETIC,hash_mkt_003077,True
3078,INDEX_BPI,2025-09-07 00:00:00,2025-09-07 18:00:00,1752.8,POINTS,1,v1.0,VALID,SYNTHETIC,hash_mkt_003078,True
3079,INDEX_BSI,2025-09-07 00:00:00,2025-09-07 18:00:00,1382.8,POINTS,1,v1.0,VALID,SYNTHETIC,hash_mkt_003079,True
3080,INDEX_BHSI,2025-09-07 00:00:00,2025-09-07 18:00:00,834.7,POINTS,1,v1.0,VALID,SYNTHETIC,hash_mkt_003080,True
3081,INDEX_BDI,2025-09-08 00:00:00,2025-09-08 18:00:00,1822.2,POINTS,1,v1.0,VALID,SYNTHETIC,hash_mkt_003081,True
3082,INDEX_BCI,2025-09-08 00:00:00,2025-09-08 18:00:00,2270.7,POINTS,1,v1.0,VALID,SYNTHETIC,hash_mkt_003082,True
3083,INDEX_BPI,2025-09-08 00:00:00,2025-09-08 18:00:00,1785.5,POINTS,1,v1.0,VALID,SYNTHETIC,hash_mkt_003083,True
3084,INDEX_BSI,2025-09-08 00:00:00,2025-09-08 18:00:00,1383.6,POINTS,1,v1.0,VALID,SYNTHETIC,hash_mkt_003084,True
3085,INDEX_BHSI,2025-09-08 00:00:00,2025-09-08 18:00:00,845.8,POINTS,1,v1.0,VALID,SYNTHETIC,hash_mkt_003085,True
3086,INDEX_BDI,2025-09-09 00:00:00,2025-09-09 18:00:00,1818.2,POINTS,1,v1.0,VALID,SYNTHETIC,hash_mkt_003086,True
3087,INDEX_BCI,2025-09-09 00:00:00,2025-09-09 18:00:00,2333.2,POINTS,1,v1.0,VALID,SYNTHETIC,hash_mkt_003087,True
3088,INDEX_BPI,2025-09-09 00:00:00,2025-09-09 18:00:00,1754.8,POINTS,1,v1.0,VALID,SYNTHETIC,hash_mkt_003088,True
3089,INDEX_BSI,2025-09-09 00:00:00,2025-09-09 18:00:00,1384.4,POINTS,1,v1.0,VALID,SYNTHETIC,hash_mkt_003089,True
3090,INDEX_BHSI,2025-09-09 00:00:00,2025-09-09 18:00:00,848.3,POINTS,1,v1.0,VALID,SYNTHETIC,hash_mkt_003090,True
3091,INDEX_BDI,2025-09-10 00:00:00,2025-09-10 18:00:00,1787.8,POINTS,1,v1.0,VALID,SYNTHETIC,hash_mkt_003091,True
3092,INDEX_BCI,2025-09-10 00:00:00,2025-09-10 18:00:00,2177.2,POINTS,1,v1.0,VALID,SYNTHETIC,hash_mkt_003092,True
3093,INDEX_BPI,2025-09-10 00:00:00,2025-09-10 18:00:00,1779.5,POINTS,1,v1.0,VALID,SYNTHETIC,hash_mkt_003093,True
3094,INDEX_BSI,2025-09-10 00:00:00,2025-09-10 18:00:00,1346.3,POINTS,1,v1.0,VALID,SYNTHETIC,hash_mkt_003094,True
3095,INDEX_BHSI,2025-09-10 00:00:00,2025-09-10 18:00:00,835.4,POINTS,1,v1.0,VALID,SYNTHETIC,hash_mkt_003095,True
3096,INDEX_BDI,2025-09-11 00:00:00,2025-09-11 18:00:00,1762.9,POINTS,1,v1.0,VALID,SYNTHETIC,hash_mkt_003096,True
3097,INDEX_BCI,2025-09-11 00:00:00,2025-09-11 18:00:00,2315.9,POINTS,1,v1.0,VALID,SYNTHETIC,hash_mkt_003097,True
3098,INDEX_BPI,2025-09-11 00:00:00,2025-09-11 18:00:00,1723.1,POINTS,1,v1.0,VALID,SYNTHETIC,hash_mkt_003098,True
3099,INDEX_BSI,2025-09-11 00:00:00,2025-09-11 18:00:00,1349.2,POINTS,1,v1.0,VALID,SYNTHETIC,hash_mkt_003099,True
3100,INDEX_BHSI,2025-09-11 00:00:00,2025-09-11 18:00:00,831.5,POINTS,1,v1.0,VALID,SYNTHETIC,hash_mkt_003100,True
3101,INDEX_BDI,2025-09-12 00:00:00,2025-09-12 18:00:00,1789.4,POINTS,1,v1.0,VALID,SYNTHETIC,hash_mkt_003101,True
3102,INDEX_BCI,2025-09-12 00:00:00,2025-09-12 18:00:00,2283.3,POINTS,1,v1.0,VALID,SYNTHETIC,hash_mkt_003102,True
3103,INDEX_BPI,2025-09-12 00:00:00,2025-09-12 18:00:00,1704.0,POINTS,1,v1.0,VALID,SYNTHETIC,hash_mkt_003103,True
3104,INDEX_BSI,2025-09-12 00:00:00,2025-09-12 18:00:00,1332.0,POINTS,1,v1.0,VALID,SYNTHETIC,hash_mkt_003104,True
3105,INDEX_BHSI,2025-09-12 00:00:00,2025-09-12 18:00:00,851.4,POINTS,1,v1.0,VALID,SYNTHETIC,hash_mkt_003105,True
3106,INDEX_BDI,2025-09-13 00:00:00,2025-09-13 18:00:00,1761.8,POINTS,1,v1.0,VALID,SYNTHETIC,hash_mkt_003106,True
3107,INDEX_BCI,2025-09-13 00:00:00,2025-09-13 18:00:00,2293.5,POINTS,1,v1.0,VALID,SYNTHETIC,hash_mkt_003107,True
3108,INDEX_BPI,2025-09-13 00:00:00,2025-09-13 18:00:00,1700.2,POINTS,1,v1.0,VALID,SYNTHETIC,hash_mkt_003108,True
3109,INDEX_BSI,2025-09-13 00:00:00,2025-09-13 18:00:00,1304.9,POINTS,1,v1.0,VALID,SYNTHETIC,hash_mkt_003109,True
3110,INDEX_BHSI,2025-09-13 00:00:00,2025-09-13 18:00:00,846.0,POINTS,1,v1.0,VALID,SYNTHETIC,hash_mkt_003110,True
3111,INDEX_BDI,2025-09-14 00:00:00,2025-09-14 18:00:00,1736.9,POINTS,1,v1.0,VALID,SYNTHETIC,hash_mkt_003111,True
3112,INDEX_BCI,2025-09-14 00:00:00,2025-09-14 18:00:00,2298.6,POINTS,1,v1.0,VALID,SYNTHETIC,hash_mkt_003112,True
3113,INDEX_BPI,2025-09-14 00:00:00,2025-09-14 18:00:00,1716.0,POINTS,1,v1.0,VALID,SYNTHETIC,hash_mkt_003113,True
3114,INDEX_BSI,2025-09-14 00:00:00,2025-09-14 18:00:00,1314.7,POINTS,1,v1.0,VALID,SYNTHETIC,hash_mkt_003114,True
3115,INDEX_BHSI,2025-09-14 00:00:00,2025-09-14 18:00:00,824.2,POINTS,1,v1.0,VALID,SYNTHETIC,hash_mkt_003115,True
3116,INDEX_BDI,2025-09-15 00:00:00,2025-09-15 18:00:00,1718.6,POINTS,1,v1.0,VALID,SYNTHETIC,hash_mkt_003116,True
3117,INDEX_BCI,2025-09-15 00:00:00,2025-09-15 18:00:00,2309.4,POINTS,1,v1.0,VALID,SYNTHETIC,hash_mkt_003117,True
3118,INDEX_BPI,2025-09-15 00:00:00,2025-09-15 18:00:00,1717.4,POINTS,1,v1.0,VALID,SYNTHETIC,hash_mkt_003118,True
3119,INDEX_BSI,2025-09-15 00:00:00,2025-09-15 18:00:00,1281.6,POINTS,1,v1.0,VALID,SYNTHETIC,hash_mkt_003119,True
3120,INDEX_BHSI,2025-09-15 00:00:00,2025-09-15 18:00:00,819.8,POINTS,1,v1.0,VALID,SYNTHETIC,hash_mkt_003120,True
3121,INDEX_BDI,2025-09-16 00:00:00,2025-09-16 18:00:00,1758.5,POINTS,1,v1.0,VALID,SYNTHETIC,hash_mkt_003121,True
3122,INDEX_BCI,2025-09-16 00:00:00,2025-09-16 18:00:00,2178.9,POINTS,1,v1.0,VALID,SYNTHETIC,hash_mkt_003122,True
3123,INDEX_BPI,2025-09-16 00:00:00,2025-09-16 18:00:00,1662.2,POINTS,1,v1.0,VALID,SYNTHETIC,hash_mkt_003123,True
3124,INDEX_BSI,2025-09-16 00:00:00,2025-09-16 18:00:00,1299.2,POINTS,1,v1.0,VALID,SYNTHETIC,hash_mkt_003124,True
3125,INDEX_BHSI,2025-09-16 00:00:00,2025-09-16 18:00:00,794.7,POINTS,1,v1.0,VALID,SYNTHETIC,hash_mkt_003125,True
3126,INDEX_BDI,2025-09-17 00:00:00,2025-09-17 18:00:00,1646.9,POINTS,1,v1.0,VALID,SYNTHETIC,hash_mkt_003126,True
3127,INDEX_BCI,2025-09-17 00:00:00,2025-09-17 18:00:00,2142.0,POINTS,1,v1.0,VALID,SYNTHETIC,hash_mkt_003127,True
3128,INDEX_BPI,2025-09-17 00:00:00,2025-09-17 18:00:00,1647.8,POINTS,1,v1.0,VALID,SYNTHETIC,hash_mkt_003128,True
3129,INDEX_BSI,2025-09-17 00:00:00,2025-09-17 18:00:00,1274.6,POINTS,1,v1.0,VALID,SYNTHETIC,hash_mkt_003129,True
3130,INDEX_BHSI,2025-09-17 00:00:00,2025-09-17 18:00:00,810.9,POINTS,1,v1.0,VALID,SYNTHETIC,hash_mkt_003130,True
3131,INDEX_BDI,2025-09-18 00:00:00,2025-09-18 18:00:00,1649.7,POINTS,1,v1.0,VALID,SYNTHETIC,hash_mkt_003131,True
3132,INDEX_BCI,2025-09-18 00:00:00,2025-09-18 18:00:00,2084.2,POINTS,1,v1.0,VALID,SYNTHETIC,hash_mkt_003132,True
3133,INDEX_BPI,2025-09-18 00:00:00,2025-09-18 18:00:00,1662.2,POINTS,1,v1.0,VALID,SYNTHETIC,hash_mkt_003133,True
3134,INDEX_BSI,2025-09-18 00:00:00,2025-09-18 18:00:00,1259.9,POINTS,1,v1.0,VALID,SYNTHETIC,hash_mkt_003134,True
3135,INDEX_BHSI,2025-09-18 00:00:00,2025-09-18 18:00:00,760.9,POINTS,1,v1.0,VALID,SYNTHETIC,hash_mkt_003135,True
3136,INDEX_BDI,2025-09-19 00:00:00,2025-09-19 18:00:00,1669.8,POINTS,1,v1.0,VALID,SYNTHETIC,hash_mkt_003136,True
3137,INDEX_BCI,2025-09-19 00:00:00,2025-09-19 18:00:00,2247.4,POINTS,1,v1.0,VALID,SYNTHETIC,hash_mkt_003137,True
3138,INDEX_BPI,2025-09-19 00:00:00,2025-09-19 18:00:00,1615.7,POINTS,1,v1.0,VALID,SYNTHETIC,hash_mkt_003138,True
3139,INDEX_BSI,2025-09-19 00:00:00,2025-09-19 18:00:00,1253.2,POINTS,1,v1.0,VALID,SYNTHETIC,hash_mkt_003139,True
3140,INDEX_BHSI,2025-09-19 00:00:00,2025-09-19 18:00:00,790.7,POINTS,1,v1.0,VALID,SYNTHETIC,hash_mkt_003140,True
3141,INDEX_BDI,2025-09-20 00:00:00,2025-09-20 18:00:00,1684.2,POINTS,1,v1.0,VALID,SYNTHETIC,hash_mkt_003141,True
3142,INDEX_BCI,2025-09-20 00:00:00,2025-09-20 18:00:00,2079.4,POINTS,1,v1.0,VALID,SYNTHETIC,hash_mkt_003142,True
3143,INDEX_BPI,2025-09-20 00:00:00,2025-09-20 18:00:00,1605.6,POINTS,1,v1.0,VALID,SYNTHETIC,hash_mkt_003143,True
3144,INDEX_BSI,2025-09-20 00:00:00,2025-09-20 18:00:00,1251.5,POINTS,1,v1.0,VALID,SYNTHETIC,hash_mkt_003144,True
3145,INDEX_BHSI,2025-09-20 00:00:00,2025-09-20 18:00:00,775.5,POINTS,1,v1.0,VALID,SYNTHETIC,hash_mkt_003145,True
3146,INDEX_BDI,2025-09-21 00:00:00,2025-09-21 18:00:00,1637.4,POINTS,1,v1.0,VALID,SYNTHETIC,hash_mkt_003146,True
3147,INDEX_BCI,2025-09-21 00:00:00,2025-09-21 18:00:00,2102.2,POINTS,1,v1.0,VALID,SYNTHETIC,hash_mkt_003147,True
3148,INDEX_BPI,2025-09-21 00:00:00,2025-09-21 18:00:00,1591.6,POINTS,1,v1.0,VALID,SYNTHETIC,hash_mkt_003148,True
3149,INDEX_BSI,2025-09-21 00:00:00,2025-09-21 18:00:00,1217.8,POINTS,1,v1.0,VALID,SYNTHETIC,hash_mkt_003149,True
3150,INDEX_BHSI,2025-09-21 00:00:00,2025-09-21 18:00:00,760.7,POINTS,1,v1.0,VALID,SYNTHETIC,hash_mkt_003150,True
3151,INDEX_BDI,2025-09-22 00:00:00,2025-09-22 18:00:00,1595.5,POINTS,1,v1.0,VALID,SYNTHETIC,hash_mkt_003151,True
3152,INDEX_BCI,2025-09-22 00:00:00,2025-09-22 18:00:00,2111.5,POINTS,1,v1.0,VALID,SYNTHETIC,hash_mkt_003152,True
3153,INDEX_BPI,2025-09-22 00:00:00,2025-09-22 18:00:00,1533.3,POINTS,1,v1.0,VALID,SYNTHETIC,hash_mkt_003153,True
3154,INDEX_BSI,2025-09-22 00:00:00,2025-09-22 18:00:00,1208.5,POINTS,1,v1.0,VALID,SYNTHETIC,hash_mkt_003154,True
3155,INDEX_BHSI,2025-09-22 00:00:00,2025-09-22 18:00:00,774.3,POINTS,1,v1.0,VALID,SYNTHETIC,hash_mkt_003155,True
3156,INDEX_BDI,2025-09-23 00:00:00,2025-09-23 18:00:00,1573.7,POINTS,1,v1.0,VALID,SYNTHETIC,hash_mkt_003156,True
3157,INDEX_BCI,2025-09-23 00:00:00,2025-09-23 18:00:00,2044.1,POINTS,1,v1.0,VALID,SYNTHETIC,hash_mkt_003157,True
3158,INDEX_BPI,2025-09-23 00:00:00,2025-09-23 18:00:00,1563.1,POINTS,1,v1.0,VALID,SYNTHETIC,hash_mkt_003158,True
3159,INDEX_BSI,2025-09-23 00:00:00,2025-09-23 18:00:00,1196.5,POINTS,1,v1.0,VALID,SYNTHETIC,hash_mkt_003159,True
3160,INDEX_BHSI,2025-09-23 00:00:00,2025-09-23 18:00:00,747.3,POINTS,1,v1.0,VALID,SYNTHETIC,hash_mkt_003160,True
3161,INDEX_BDI,2025-09-24 00:00:00,2025-09-24 18:00:00,1578.1,POINTS,1,v1.0,VALID,SYNTHETIC,hash_mkt_003161,True
3162,INDEX_BCI,2025-09-24 00:00:00,2025-09-24 18:00:00,2039.6,POINTS,1,v1.0,VALID,SYNTHETIC,hash_mkt_003162,True
3163,INDEX_BPI,2025-09-24 00:00:00,2025-09-24 18:00:00,1530.2,POINTS,1,v1.0,VALID,SYNTHETIC,hash_mkt_003163,True
3164,INDEX_BSI,2025-09-24 00:00:00,2025-09-24 18:00:00,1173.4,POINTS,1,v1.0,VALID,SYNTHETIC,hash_mkt_003164,True
3165,INDEX_BHSI,2025-09-24 00:00:00,2025-09-24 18:00:00,734.0,POINTS,1,v1.0,VALID,SYNTHETIC,hash_mkt_003165,True
3166,INDEX_BDI,2025-09-25 00:00:00,2025-09-25 18:00:00,1541.6,POINTS,1,v1.0,VALID,SYNTHETIC,hash_mkt_003166,True
3167,INDEX_BCI,2025-09-25 00:00:00,2025-09-25 18:00:00,1950.9,POINTS,1,v1.0,VALID,SYNTHETIC,hash_mkt_003167,True
3168,INDEX_BPI,2025-09-25 00:00:00,2025-09-25 18:00:00,1504.3,POINTS,1,v1.0,VALID,SYNTHETIC,hash_mkt_003168,True
3169,INDEX_BSI,2025-09-25 00:00:00,2025-09-25 18:00:00,1155.0,POINTS,1,v1.0,VALID,SYNTHETIC,hash_mkt_003169,True
3170,INDEX_BHSI,2025-09-25 00:00:00,2025-09-25 18:00:00,734.7,POINTS,1,v1.0,VALID,SYNTHETIC,hash_mkt_003170,True
3171,INDEX_BDI,2025-09-26 00:00:00,2025-09-26 18:00:00,1518.5,POINTS,1,v1.0,VALID,SYNTHETIC,hash_mkt_003171,True
3172,INDEX_BCI,2025-09-26 00:00:00,2025-09-26 18:00:00,1997.4,POINTS,1,v1.0,VALID,SYNTHETIC,hash_mkt_003172,True
3173,INDEX_BPI,2025-09-26 00:00:00,2025-09-26 18:00:00,1464.1,POINTS,1,v1.0,VALID,SYNTHETIC,hash_mkt_003173,True
3174,INDEX_BSI,2025-09-26 00:00:00,2025-09-26 18:00:00,1152.9,POINTS,1,v1.0,VALID,SYNTHETIC,hash_mkt_003174,True
3175,INDEX_BHSI,2025-09-26 00:00:00,2025-09-26 18:00:00,698.7,POINTS,1,v1.0,VALID,SYNTHETIC,hash_mkt_003175,True
3176,INDEX_BDI,2025-09-27 00:00:00,2025-09-27 18:00:00,1555.1,POINTS,1,v1.0,VALID,SYNTHETIC,hash_mkt_003176,True
3177,INDEX_BCI,2025-09-27 00:00:00,2025-09-27 18:00:00,1981.6,POINTS,1,v1.0,VALID,SYNTHETIC,hash_mkt_003177,True
3178,INDEX_BPI,2025-09-27 00:00:00,2025-09-27 18:00:00,1449.0,POINTS,1,v1.0,VALID,SYNTHETIC,hash_mkt_003178,True
3179,INDEX_BSI,2025-09-27 00:00:00,2025-09-27 18:00:00,1153.2,POINTS,1,v1.0,VALID,SYNTHETIC,hash_mkt_003179,True
3180,INDEX_BHSI,2025-09-27 00:00:00,2025-09-27 18:00:00,720.1,POINTS,1,v1.0,VALID,SYNTHETIC,hash_mkt_003180,True
3181,INDEX_BDI,2025-09-28 00:00:00,2025-09-28 18:00:00,1514.5,POINTS,1,v1.0,VALID,SYNTHETIC,hash_mkt_003181,True
3182,INDEX_BCI,2025-09-28 00:00:00,2025-09-28 18:00:00,1888.6,POINTS,1,v1.0,VALID,SYNTHETIC,hash_mkt_003182,True
3183,INDEX_BPI,2025-09-28 00:00:00,2025-09-28 18:00:00,1426.1,POINTS,1,v1.0,VALID,SYNTHETIC,hash_mkt_003183,True
3184,INDEX_BSI,2025-09-28 00:00:00,2025-09-28 18:00:00,1089.0,POINTS,1,v1.0,VALID,SYNTHETIC,hash_mkt_003184,True
3185,INDEX_BHSI,2025-09-28 00:00:00,2025-09-28 18:00:00,696.0,POINTS,1,v1.0,VALID,SYNTHETIC,hash_mkt_003185,True
3186,INDEX_BDI,2025-09-29 00:00:00,2025-09-29 18:00:00,1448.9,POINTS,1,v1.0,VALID,SYNTHETIC,hash_mkt_003186,True
3187,INDEX_BCI,2025-09-29 00:00:00,2025-09-29 18:00:00,1893.2,POINTS,1,v1.0,VALID,SYNTHETIC,hash_mkt_003187,True
3188,INDEX_BPI,2025-09-29 00:00:00,2025-09-29 18:00:00,1471.4,POINTS,1,v1.0,VALID,SYNTHETIC,hash_mkt_003188,True
3189,INDEX_BSI,2025-09-29 00:00:00,2025-09-29 18:00:00,1114.1,POINTS,1,v1.0,VALID,SYNTHETIC,hash_mkt_003189,True
3190,INDEX_BHSI,2025-09-29 00:00:00,2025-09-29 18:00:00,693.6,POINTS,1,v1.0,VALID,SYNTHETIC,hash_mkt_003190,True
3191,INDEX_BDI,2025-09-30 00:00:00,2025-09-30 18:00:00,1437.8,POINTS,1,v1.0,VALID,SYNTHETIC,hash_mkt_003191,True
3192,INDEX_BCI,2025-09-30 00:00:00,2025-09-30 18:00:00,1876.7,POINTS,1,v1.0,VALID,SYNTHETIC,hash_mkt_003192,True
3193,INDEX_BPI,2025-09-30 00:00:00,2025-09-30 18:00:00,1425.2,POINTS,1,v1.0,VALID,SYNTHETIC,hash_mkt_003193,True
3194,INDEX_BSI,2025-09-30 00:00:00,2025-09-30 18:00:00,1105.4,POINTS,1,v1.0,VALID,SYNTHETIC,hash_mkt_003194,True
3195,INDEX_BHSI,2025-09-30 00:00:00,2025-09-30 18:00:00,686.7,POINTS,1,v1.0,VALID,SYNTHETIC,hash_mkt_003195,True
3196,INDEX_BDI,2025-10-01 00:00:00,2025-10-01 18:00:00,1453.2,POINTS,1,v1.0,VALID,SYNTHETIC,hash_mkt_003196,True
3197,INDEX_BCI,2025-10-01 00:00:00,2025-10-01 18:00:00,1915.5,POINTS,1,v1.0,VALID,SYNTHETIC,hash_mkt_003197,True
3198,INDEX_BPI,2025-10-01 00:00:00,2025-10-01 18:00:00,1396.8,POINTS,1,v1.0,VALID,SYNTHETIC,hash_mkt_003198,True
3199,INDEX_BSI,2025-10-01 00:00:00,2025-10-01 18:00:00,1089.4,POINTS,1,v1.0,VALID,SYNTHETIC,hash_mkt_003199,True
3200,INDEX_BHSI,2025-10-01 00:00:00,2025-10-01 18:00:00,686.5,POINTS,1,v1.0,VALID,SYNTHETIC,hash_mkt_003200,True
3201,INDEX_BDI,2025-10-02 00:00:00,2025-10-02 18:00:00,1470.9,POINTS,1,v1.0,VALID,SYNTHETIC,hash_mkt_003201,True
3202,INDEX_BCI,2025-10-02 00:00:00,2025-10-02 18:00:00,1836.0,POINTS,1,v1.0,VALID,SYNTHETIC,hash_mkt_003202,True
3203,INDEX_BPI,2025-10-02 00:00:00,2025-10-02 18:00:00,1388.5,POINTS,1,v1.0,VALID,SYNTHETIC,hash_mkt_003203,True
3204,INDEX_BSI,2025-10-02 00:00:00,2025-10-02 18:00:00,1084.0,POINTS,1,v1.0,VALID,SYNTHETIC,hash_mkt_003204,True
3205,INDEX_BHSI,2025-10-02 00:00:00,2025-10-02 18:00:00,665.9,POINTS,1,v1.0,VALID,SYNTHETIC,hash_mkt_003205,True
3206,INDEX_BDI,2025-10-03 00:00:00,2025-10-03 18:00:00,1412.5,POINTS,1,v1.0,VALID,SYNTHETIC,hash_mkt_003206,True
3207,INDEX_BCI,2025-10-03 00:00:00,2025-10-03 18:00:00,1863.9,POINTS,1,v1.0,VALID,SYNTHETIC,hash_mkt_003207,True
3208,INDEX_BPI,2025-10-03 00:00:00,2025-10-03 18:00:00,1360.4,POINTS,1,v1.0,VALID,SYNTHETIC,hash_mkt_003208,True
3209,INDEX_BSI,2025-10-03 00:00:00,2025-10-03 18:00:00,1043.0,POINTS,1,v1.0,VALID,SYNTHETIC,hash_mkt_003209,True
3210,INDEX_BHSI,2025-10-03 00:00:00,2025-10-03 18:00:00,664.3,POINTS,1,v1.0,VALID,SYNTHETIC,hash_mkt_003210,True
3211,INDEX_BDI,2025-10-04 00:00:00,2025-10-04 18:00:00,1417.7,POINTS,1,v1.0,VALID,SYNTHETIC,hash_mkt_003211,True
3212,INDEX_BCI,2025-10-04 00:00:00,2025-10-04 18:00:00,1785.7,POINTS,1,v1.0,VALID,SYNTHETIC,hash_mkt_003212,True
3213,INDEX_BPI,2025-10-04 00:00:00,2025-10-04 18:00:00,1405.8,POINTS,1,v1.0,VALID,SYNTHETIC,hash_mkt_003213,True
3214,INDEX_BSI,2025-10-04 00:00:00,2025-10-04 18:00:00,1067.4,POINTS,1,v1.0,VALID,SYNTHETIC,hash_mkt_003214,True
3215,INDEX_BHSI,2025-10-04 00:00:00,2025-10-04 18:00:00,663.8,POINTS,1,v1.0,VALID,SYNTHETIC,hash_mkt_003215,True
3216,INDEX_BDI,2025-10-05 00:00:00,2025-10-05 18:00:00,1380.6,POINTS,1,v1.0,VALID,SYNTHETIC,hash_mkt_003216,True
3217,INDEX_BCI,2025-10-05 00:00:00,2025-10-05 18:00:00,1782.3,POINTS,1,v1.0,VALID,SYNTHETIC,hash_mkt_003217,True
3218,INDEX_BPI,2025-10-05 00:00:00,2025-10-05 18:00:00,1376.1,POINTS,1,v1.0,VALID,SYNTHETIC,hash_mkt_003218,True
3219,INDEX_BSI,2025-10-05 00:00:00,2025-10-05 18:00:00,1068.9,POINTS,1,v1.0,VALID,SYNTHETIC,hash_mkt_003219,True
3220,INDEX_BHSI,2025-10-05 00:00:00,2025-10-05 18:00:00,648.2,POINTS,1,v1.0,VALID,SYNTHETIC,hash_mkt_003220,True
3221,INDEX_BDI,2025-10-06 00:00:00,2025-10-06 18:00:00,1396.1,POINTS,1,v1.0,VALID,SYNTHETIC,hash_mkt_003221,True
3222,INDEX_BCI,2025-10-06 00:00:00,2025-10-06 18:00:00,1711.4,POINTS,1,v1.0,VALID,SYNTHETIC,hash_mkt_003222,True
3223,INDEX_BPI,2025-10-06 00:00:00,2025-10-06 18:00:00,1343.7,POINTS,1,v1.0,VALID,SYNTHETIC,hash_mkt_003223,True
3224,INDEX_BSI,2025-10-06 00:00:00,2025-10-06 18:00:00,1031.8,POINTS,1,v1.0,VALID,SYNTHETIC,hash_mkt_003224,True
3225,INDEX_BHSI,2025-10-06 00:00:00,2025-10-06 18:00:00,662.3,POINTS,1,v1.0,VALID,SYNTHETIC,hash_mkt_003225,True
3226,INDEX_BDI,2025-10-07 00:00:00,2025-10-07 18:00:00,1413.5,POINTS,1,v1.0,VALID,SYNTHETIC,hash_mkt_003226,True
3227,INDEX_BCI,2025-10-07 00:00:00,2025-10-07 18:00:00,1748.3,POINTS,1,v1.0,VALID,SYNTHETIC,hash_mkt_003227,True
3228,INDEX_BPI,2025-10-07 00:00:00,2025-10-07 18:00:00,1343.1,POINTS,1,v1.0,VALID,SYNTHETIC,hash_mkt_003228,True
3229,INDEX_BSI,2025-10-07 00:00:00,2025-10-07 18:00:00,1009.6,POINTS,1,v1.0,VALID,SYNTHETIC,hash_mkt_003229,True
3230,INDEX_BHSI,2025-10-07 00:00:00,2025-10-07 18:00:00,675.3,POINTS,1,v1.0,VALID,SYNTHETIC,hash_mkt_003230,True
3231,INDEX_BDI,2025-10-08 00:00:00,2025-10-08 18:00:00,1413.7,POINTS,1,v1.0,VALID,SYNTHETIC,hash_mkt_003231,True
3232,INDEX_BCI,2025-10-08 00:00:00,2025-10-08 18:00:00,1776.9,POINTS,1,v1.0,VALID,SYNTHETIC,hash_mkt_003232,True
3233,INDEX_BPI,2025-10-08 00:00:00,2025-10-08 18:00:00,1329.5,POINTS,1,v1.0,VALID,SYNTHETIC,hash_mkt_003233,True
3234,INDEX_BSI,2025-10-08 00:00:00,2025-10-08 18:00:00,1054.0,POINTS,1,v1.0,VALID,SYNTHETIC,hash_mkt_003234,True
3235,INDEX_BHSI,2025-10-08 00:00:00,2025-10-08 18:00:00,656.0,POINTS,1,v1.0,VALID,SYNTHETIC,hash_mkt_003235,True
3236,INDEX_BDI,2025-10-09 00:00:00,2025-10-09 18:00:00,1368.2,POINTS,1,v1.0,VALID,SYNTHETIC,hash_mkt_003236,True
3237,INDEX_BCI,2025-10-09 00:00:00,2025-10-09 18:00:00,1773.5,POINTS,1,v1.0,VALID,SYNTHETIC,hash_mkt_003237,True
3238,INDEX_BPI,2025-10-09 00:00:00,2025-10-09 18:00:00,1323.8,POINTS,1,v1.0,VALID,SYNTHETIC,hash_mkt_003238,True
3239,INDEX_BSI,2025-10-09 00:00:00,2025-10-09 18:00:00,1036.0,POINTS,1,v1.0,VALID,SYNTHETIC,hash_mkt_003239,True
3240,INDEX_BHSI,2025-10-09 00:00:00,2025-10-09 18:00:00,649.0,POINTS,1,v1.0,VALID,SYNTHETIC,hash_mkt_003240,True
3241,INDEX_BDI,2025-10-10 00:00:00,2025-10-10 18:00:00,1400.3,POINTS,1,v1.0,VALID,SYNTHETIC,hash_mkt_003241,True
3242,INDEX_BCI,2025-10-10 00:00:00,2025-10-10 18:00:00,1723.0,POINTS,1,v1.0,VALID,SYNTHETIC,hash_mkt_003242,True
3243,INDEX_BPI,2025-10-10 00:00:00,2025-10-10 18:00:00,1340.2,POINTS,1,v1.0,VALID,SYNTHETIC,hash_mkt_003243,True
3244,INDEX_BSI,2025-10-10 00:00:00,2025-10-10 18:00:00,1051.9,POINTS,1,v1.0,VALID,SYNTHETIC,hash_mkt_003244,True
3245,INDEX_BHSI,2025-10-10 00:00:00,2025-10-10 18:00:00,655.0,POINTS,1,v1.0,VALID,SYNTHETIC,hash_mkt_003245,True
3246,INDEX_BDI,2025-10-11 00:00:00,2025-10-11 18:00:00,1398.1,POINTS,1,v1.0,VALID,SYNTHETIC,hash_mkt_003246,True
3247,INDEX_BCI,2025-10-11 00:00:00,2025-10-11 18:00:00,1721.3,POINTS,1,v1.0,VALID,SYNTHETIC,hash_mkt_003247,True
3248,INDEX_BPI,2025-10-11 00:00:00,2025-10-11 18:00:00,1315.7,POINTS,1,v1.0,VALID,SYNTHETIC,hash_mkt_003248,True
3249,INDEX_BSI,2025-10-11 00:00:00,2025-10-11 18:00:00,1050.9,POINTS,1,v1.0,VALID,SYNTHETIC,hash_mkt_003249,True
3250,INDEX_BHSI,2025-10-11 00:00:00,2025-10-11 18:00:00,644.1,POINTS,1,v1.0,VALID,SYNTHETIC,hash_mkt_003250,True
3251,INDEX_BDI,2025-10-12 00:00:00,2025-10-12 18:00:00,1344.9,POINTS,1,v1.0,VALID,SYNTHETIC,hash_mkt_003251,True
3252,INDEX_BCI,2025-10-12 00:00:00,2025-10-12 18:00:00,1761.1,POINTS,1,v1.0,VALID,SYNTHETIC,hash_mkt_003252,True
3253,INDEX_BPI,2025-10-12 00:00:00,2025-10-12 18:00:00,1352.8,POINTS,1,v1.0,VALID,SYNTHETIC,hash_mkt_003253,True
3254,INDEX_BSI,2025-10-12 00:00:00,2025-10-12 18:00:00,1069.0,POINTS,1,v1.0,VALID,SYNTHETIC,hash_mkt_003254,True
3255,INDEX_BHSI,2025-10-12 00:00:00,2025-10-12 18:00:00,651.0,POINTS,1,v1.0,VALID,SYNTHETIC,hash_mkt_003255,True
3256,INDEX_BDI,2025-10-13 00:00:00,2025-10-13 18:00:00,1413.5,POINTS,1,v1.0,VALID,SYNTHETIC,hash_mkt_003256,True
3257,INDEX_BCI,2025-10-13 00:00:00,2025-10-13 18:00:00,1723.1,POINTS,1,v1.0,VALID,SYNTHETIC,hash_mkt_003257,True
3258,INDEX_BPI,2025-10-13 00:00:00,2025-10-13 18:00:00,1336.3,POINTS,1,v1.0,VALID,SYNTHETIC,hash_mkt_003258,True
3259,INDEX_BSI,2025-10-13 00:00:00,2025-10-13 18:00:00,1025.2,POINTS,1,v1.0,VALID,SYNTHETIC,hash_mkt_003259,True
3260,INDEX_BHSI,2025-10-13 00:00:00,2025-10-13 18:00:00,652.6,POINTS,1,v1.0,VALID,SYNTHETIC,hash_mkt_003260,True
3261,INDEX_BDI,2025-10-14 00:00:00,2025-10-14 18:00:00,1451.7,POINTS,1,v1.0,VALID,SYNTHETIC,hash_mkt_003261,True
3262,INDEX_BCI,2025-10-14 00:00:00,2025-10-14 18:00:00,1713.1,POINTS,1,v1.0,VALID,SYNTHETIC,hash_mkt_003262,True
3263,INDEX_BPI,2025-10-14 00:00:00,2025-10-14 18:00:00,1349.8,POINTS,1,v1.0,VALID,SYNTHETIC,hash_mkt_003263,True
3264,INDEX_BSI,2025-10-14 00:00:00,2025-10-14 18:00:00,1019.9,POINTS,1,v1.0,VALID,SYNTHETIC,hash_mkt_003264,True
3265,INDEX_BHSI,2025-10-14 00:00:00,2025-10-14 18:00:00,663.7,POINTS,1,v1.0,VALID,SYNTHETIC,hash_mkt_003265,True
3266,INDEX_BDI,2025-10-15 00:00:00,2025-10-15 18:00:00,1424.4,POINTS,1,v1.0,VALID,SYNTHETIC,hash_mkt_003266,True
3267,INDEX_BCI,2025-10-15 00:00:00,2025-10-15 18:00:00,1900.7,POINTS,1,v1.0,VALID,SYNTHETIC,hash_mkt_003267,True
3268,INDEX_BPI,2025-10-15 00:00:00,2025-10-15 18:00:00,1311.1,POINTS,1,v1.0,VALID,SYNTHETIC,hash_mkt_003268,True
3269,INDEX_BSI,2025-10-15 00:00:00,2025-10-15 18:00:00,1050.1,POINTS,1,v1.0,VALID,SYNTHETIC,hash_mkt_003269,True
3270,INDEX_BHSI,2025-10-15 00:00:00,2025-10-15 18:00:00,641.3,POINTS,1,v1.0,VALID,SYNTHETIC,hash_mkt_003270,True
3271,INDEX_BDI,2025-10-16 00:00:00,2025-10-16 18:00:00,1409.3,POINTS,1,v1.0,VALID,SYNTHETIC,hash_mkt_003271,True
3272,INDEX_BCI,2025-10-16 00:00:00,2025-10-16 18:00:00,1823.6,POINTS,1,v1.0,VALID,SYNTHETIC,hash_mkt_003272,True
3273,INDEX_BPI,2025-10-16 00:00:00,2025-10-16 18:00:00,1360.5,POINTS,1,v1.0,VALID,SYNTHETIC,hash_mkt_003273,True
3274,INDEX_BSI,2025-10-16 00:00:00,2025-10-16 18:00:00,1049.0,POINTS,1,v1.0,VALID,SYNTHETIC,hash_mkt_003274,True
3275,INDEX_BHSI,2025-10-16 00:00:00,2025-10-16 18:00:00,657.7,POINTS,1,v1.0,VALID,SYNTHETIC,hash_mkt_003275,True
3276,INDEX_BDI,2025-10-17 00:00:00,2025-10-17 18:00:00,1429.2,POINTS,1,v1.0,VALID,SYNTHETIC,hash_mkt_003276,True
3277,INDEX_BCI,2025-10-17 00:00:00,2025-10-17 18:00:00,1824.1,POINTS,1,v1.0,VALID,SYNTHETIC,hash_mkt_003277,True
3278,INDEX_BPI,2025-10-17 00:00:00,2025-10-17 18:00:00,1377.2,POINTS,1,v1.0,VALID,SYNTHETIC,hash_mkt_003278,True
3279,INDEX_BSI,2025-10-17 00:00:00,2025-10-17 18:00:00,1063.3,POINTS,1,v1.0,VALID,SYNTHETIC,hash_mkt_003279,True
3280,INDEX_BHSI,2025-10-17 00:00:00,2025-10-17 18:00:00,671.7,POINTS,1,v1.0,VALID,SYNTHETIC,hash_mkt_003280,True
3281,INDEX_BDI,2025-10-18 00:00:00,2025-10-18 18:00:00,1443.7,POINTS,1,v1.0,VALID,SYNTHETIC,hash_mkt_003281,True
3282,INDEX_BCI,2025-10-18 00:00:00,2025-10-18 18:00:00,1833.5,POINTS,1,v1.0,VALID,SYNTHETIC,hash_mkt_003282,True
3283,INDEX_BPI,2025-10-18 00:00:00,2025-10-18 18:00:00,1395.7,POINTS,1,v1.0,VALID,SYNTHETIC,hash_mkt_003283,True
3284,INDEX_BSI,2025-10-18 00:00:00,2025-10-18 18:00:00,1089.6,POINTS,1,v1.0,VALID,SYNTHETIC,hash_mkt_003284,True
3285,INDEX_BHSI,2025-10-18 00:00:00,2025-10-18 18:00:00,659.7,POINTS,1,v1.0,VALID,SYNTHETIC,hash_mkt_003285,True
3286,INDEX_BDI,2025-10-19 00:00:00,2025-10-19 18:00:00,1376.3,POINTS,1,v1.0,VALID,SYNTHETIC,hash_mkt_003286,True
3287,INDEX_BCI,2025-10-19 00:00:00,2025-10-19 18:00:00,1806.1,POINTS,1,v1.0,VALID,SYNTHETIC,hash_mkt_003287,True
3288,INDEX_BPI,2025-10-19 00:00:00,2025-10-19 18:00:00,1357.7,POINTS,1,v1.0,VALID,SYNTHETIC,hash_mkt_003288,True
3289,INDEX_BSI,2025-10-19 00:00:00,2025-10-19 18:00:00,1074.0,POINTS,1,v1.0,VALID,SYNTHETIC,hash_mkt_003289,True
3290,INDEX_BHSI,2025-10-19 00:00:00,2025-10-19 18:00:00,668.4,POINTS,1,v1.0,VALID,SYNTHETIC,hash_mkt_003290,True
3291,INDEX_BDI,2025-10-20 00:00:00,2025-10-20 18:00:00,1436.9,POINTS,1,v1.0,VALID,SYNTHETIC,hash_mkt_003291,True
3292,INDEX_BCI,2025-10-20 00:00:00,2025-10-20 18:00:00,1816.2,POINTS,1,v1.0,VALID,SYNTHETIC,hash_mkt_003292,True
3293,INDEX_BPI,2025-10-20 00:00:00,2025-10-20 18:00:00,1392.5,POINTS,1,v1.0,VALID,SYNTHETIC,hash_mkt_003293,True
3294,INDEX_BSI,2025-10-20 00:00:00,2025-10-20 18:00:00,1072.5,POINTS,1,v1.0,VALID,SYNTHETIC,hash_mkt_003294,True
3295,INDEX_BHSI,2025-10-20 00:00:00,2025-10-20 18:00:00,678.0,POINTS,1,v1.0,VALID,SYNTHETIC,hash_mkt_003295,True
3296,INDEX_BDI,2025-10-21 00:00:00,2025-10-21 18:00:00,1447.8,POINTS,1,v1.0,VALID,SYNTHETIC,hash_mkt_003296,True
3297,INDEX_BCI,2025-10-21 00:00:00,2025-10-21 18:00:00,1948.5,POINTS,1,v1.0,VALID,SYNTHETIC,hash_mkt_003297,True
3298,INDEX_BPI,2025-10-21 00:00:00,2025-10-21 18:00:00,1403.1,POINTS,1,v1.0,VALID,SYNTHETIC,hash_mkt_003298,True
3299,INDEX_BSI,2025-10-21 00:00:00,2025-10-21 18:00:00,1094.8,POINTS,1,v1.0,VALID,SYNTHETIC,hash_mkt_003299,True
3300,INDEX_BHSI,2025-10-21 00:00:00,2025-10-21 18:00:00,675.5,POINTS,1,v1.0,VALID,SYNTHETIC,hash_mkt_003300,True
3301,INDEX_BDI,2025-10-22 00:00:00,2025-10-22 18:00:00,1429.7,POINTS,1,v1.0,VALID,SYNTHETIC,hash_mkt_003301,True
3302,INDEX_BCI,2025-10-22 00:00:00,2025-10-22 18:00:00,1870.4,POINTS,1,v1.0,VALID,SYNTHETIC,hash_mkt_003302,True
3303,INDEX_BPI,2025-10-22 00:00:00,2025-10-22 18:00:00,1393.6,POINTS,1,v1.0,VALID,SYNTHETIC,hash_mkt_003303,True
3304,INDEX_BSI,2025-10-22 00:00:00,2025-10-22 18:00:00,1094.8,POINTS,1,v1.0,VALID,SYNTHETIC,hash_mkt_003304,True
3305,INDEX_BHSI,2025-10-22 00:00:00,2025-10-22 18:00:00,702.8,POINTS,1,v1.0,VALID,SYNTHETIC,hash_mkt_003305,True
3306,INDEX_BDI,2025-10-23 00:00:00,2025-10-23 18:00:00,1447.9,POINTS,1,v1.0,VALID,SYNTHETIC,hash_mkt_003306,True
3307,INDEX_BCI,2025-10-23 00:00:00,2025-10-23 18:00:00,1864.2,POINTS,1,v1.0,VALID,SYNTHETIC,hash_mkt_003307,True
3308,INDEX_BPI,2025-10-23 00:00:00,2025-10-23 18:00:00,1436.3,POINTS,1,v1.0,VALID,SYNTHETIC,hash_mkt_003308,True
3309,INDEX_BSI,2025-10-23 00:00:00,2025-10-23 18:00:00,1082.6,POINTS,1,v1.0,VALID,SYNTHETIC,hash_mkt_003309,True
3310,INDEX_BHSI,2025-10-23 00:00:00,2025-10-23 18:00:00,698.8,POINTS,1,v1.0,VALID,SYNTHETIC,hash_mkt_003310,True
3311,INDEX_BDI,2025-10-24 00:00:00,2025-10-24 18:00:00,1453.6,POINTS,1,v1.0,VALID,SYNTHETIC,hash_mkt_003311,True
3312,INDEX_BCI,2025-10-24 00:00:00,2025-10-24 18:00:00,1880.2,POINTS,1,v1.0,VALID,SYNTHETIC,hash_mkt_003312,True
3313,INDEX_BPI,2025-10-24 00:00:00,2025-10-24 18:00:00,1459.5,POINTS,1,v1.0,VALID,SYNTHETIC,hash_mkt_003313,True
3314,INDEX_BSI,2025-10-24 00:00:00,2025-10-24 18:00:00,1094.4,POINTS,1,v1.0,VALID,SYNTHETIC,hash_mkt_003314,True
3315,INDEX_BHSI,2025-10-24 00:00:00,2025-10-24 18:00:00,692.7,POINTS,1,v1.0,VALID,SYNTHETIC,hash_mkt_003315,True
3316,INDEX_BDI,2025-10-25 00:00:00,2025-10-25 18:00:00,1504.3,POINTS,1,v1.0,VALID,SYNTHETIC,hash_mkt_003316,True
3317,INDEX_BCI,2025-10-25 00:00:00,2025-10-25 18:00:00,1876.9,POINTS,1,v1.0,VALID,SYNTHETIC,hash_mkt_003317,True
3318,INDEX_BPI,2025-10-25 00:00:00,2025-10-25 18:00:00,1427.1,POINTS,1,v1.0,VALID,SYNTHETIC,hash_mkt_003318,True
3319,INDEX_BSI,2025-10-25 00:00:00,2025-10-25 18:00:00,1117.4,POINTS,1,v1.0,VALID,SYNTHETIC,hash_mkt_003319,True
3320,INDEX_BHSI,2025-10-25 00:00:00,2025-10-25 18:00:00,689.4,POINTS,1,v1.0,VALID,SYNTHETIC,hash_mkt_003320,True
3321,INDEX_BDI,2025-10-26 00:00:00,2025-10-26 18:00:00,1518.6,POINTS,1,v1.0,VALID,SYNTHETIC,hash_mkt_003321,True
3322,INDEX_BCI,2025-10-26 00:00:00,2025-10-26 18:00:00,2062.6,POINTS,1,v1.0,VALID,SYNTHETIC,hash_mkt_003322,True
3323,INDEX_BPI,2025-10-26 00:00:00,2025-10-26 18:00:00,1453.9,POINTS,1,v1.0,VALID,SYNTHETIC,hash_mkt_003323,True
3324,INDEX_BSI,2025-10-26 00:00:00,2025-10-26 18:00:00,1128.7,POINTS,1,v1.0,VALID,SYNTHETIC,hash_mkt_003324,True
3325,INDEX_BHSI,2025-10-26 00:00:00,2025-10-26 18:00:00,684.6,POINTS,1,v1.0,VALID,SYNTHETIC,hash_mkt_003325,True
3326,INDEX_BDI,2025-10-27 00:00:00,2025-10-27 18:00:00,1511.3,POINTS,1,v1.0,VALID,SYNTHETIC,hash_mkt_003326,True
3327,INDEX_BCI,2025-10-27 00:00:00,2025-10-27 18:00:00,1956.1,POINTS,1,v1.0,VALID,SYNTHETIC,hash_mkt_003327,True
3328,INDEX_BPI,2025-10-27 00:00:00,2025-10-27 18:00:00,1458.8,POINTS,1,v1.0,VALID,SYNTHETIC,hash_mkt_003328,True
3329,INDEX_BSI,2025-10-27 00:00:00,2025-10-27 18:00:00,1143.8,POINTS,1,v1.0,VALID,SYNTHETIC,hash_mkt_003329,True
3330,INDEX_BHSI,2025-10-27 00:00:00,2025-10-27 18:00:00,689.0,POINTS,1,v1.0,VALID,SYNTHETIC,hash_mkt_003330,True
3331,INDEX_BDI,2025-10-28 00:00:00,2025-10-28 18:00:00,1470.4,POINTS,1,v1.0,VALID,SYNTHETIC,hash_mkt_003331,True
3332,INDEX_BCI,2025-10-28 00:00:00,2025-10-28 18:00:00,1967.8,POINTS,1,v1.0,VALID,SYNTHETIC,hash_mkt_003332,True
3333,INDEX_BPI,2025-10-28 00:00:00,2025-10-28 18:00:00,1478.6,POINTS,1,v1.0,VALID,SYNTHETIC,hash_mkt_003333,True
3334,INDEX_BSI,2025-10-28 00:00:00,2025-10-28 18:00:00,1117.2,POINTS,1,v1.0,VALID,SYNTHETIC,hash_mkt_003334,True
3335,INDEX_BHSI,2025-10-28 00:00:00,2025-10-28 18:00:00,700.9,POINTS,1,v1.0,VALID,SYNTHETIC,hash_mkt_003335,True
3336,INDEX_BDI,2025-10-29 00:00:00,2025-10-29 18:00:00,1526.0,POINTS,1,v1.0,VALID,SYNTHETIC,hash_mkt_003336,True
3337,INDEX_BCI,2025-10-29 00:00:00,2025-10-29 18:00:00,1954.0,POINTS,1,v1.0,VALID,SYNTHETIC,hash_mkt_003337,True
3338,INDEX_BPI,2025-10-29 00:00:00,2025-10-29 18:00:00,1436.4,POINTS,1,v1.0,VALID,SYNTHETIC,hash_mkt_003338,True
3339,INDEX_BSI,2025-10-29 00:00:00,2025-10-29 18:00:00,1156.5,POINTS,1,v1.0,VALID,SYNTHETIC,hash_mkt_003339,True
3340,INDEX_BHSI,2025-10-29 00:00:00,2025-10-29 18:00:00,716.0,POINTS,1,v1.0,VALID,SYNTHETIC,hash_mkt_003340,True
3341,INDEX_BDI,2025-10-30 00:00:00,2025-10-30 18:00:00,1543.7,POINTS,1,v1.0,VALID,SYNTHETIC,hash_mkt_003341,True
3342,INDEX_BCI,2025-10-30 00:00:00,2025-10-30 18:00:00,2039.0,POINTS,1,v1.0,VALID,SYNTHETIC,hash_mkt_003342,True
3343,INDEX_BPI,2025-10-30 00:00:00,2025-10-30 18:00:00,1460.5,POINTS,1,v1.0,VALID,SYNTHETIC,hash_mkt_003343,True
3344,INDEX_BSI,2025-10-30 00:00:00,2025-10-30 18:00:00,1171.9,POINTS,1,v1.0,VALID,SYNTHETIC,hash_mkt_003344,True
3345,INDEX_BHSI,2025-10-30 00:00:00,2025-10-30 18:00:00,701.3,POINTS,1,v1.0,VALID,SYNTHETIC,hash_mkt_003345,True
3346,INDEX_BDI,2025-10-31 00:00:00,2025-10-31 18:00:00,1535.9,POINTS,1,v1.0,VALID,SYNTHETIC,hash_mkt_003346,True
3347,INDEX_BCI,2025-10-31 00:00:00,2025-10-31 18:00:00,2102.7,POINTS,1,v1.0,VALID,SYNTHETIC,hash_mkt_003347,True
3348,INDEX_BPI,2025-10-31 00:00:00,2025-10-31 18:00:00,1467.5,POINTS,1,v1.0,VALID,SYNTHETIC,hash_mkt_003348,True
3349,INDEX_BSI,2025-10-31 00:00:00,2025-10-31 18:00:00,1179.2,POINTS,1,v1.0,VALID,SYNTHETIC,hash_mkt_003349,True
3350,INDEX_BHSI,2025-10-31 00:00:00,2025-10-31 18:00:00,699.5,POINTS,1,v1.0,VALID,SYNTHETIC,hash_mkt_003350,True
3351,INDEX_BDI,2025-11-01 00:00:00,2025-11-01 18:00:00,1550.9,POINTS,1,v1.0,VALID,SYNTHETIC,hash_mkt_003351,True
3352,INDEX_BCI,2025-11-01 00:00:00,2025-11-01 18:00:00,1969.3,POINTS,1,v1.0,VALID,SYNTHETIC,hash_mkt_003352,True
3353,INDEX_BPI,2025-11-01 00:00:00,2025-11-01 18:00:00,1485.8,POINTS,1,v1.0,VALID,SYNTHETIC,hash_mkt_003353,True
3354,INDEX_BSI,2025-11-01 00:00:00,2025-11-01 18:00:00,1159.8,POINTS,1,v1.0,VALID,SYNTHETIC,hash_mkt_003354,True
3355,INDEX_BHSI,2025-11-01 00:00:00,2025-11-01 18:00:00,708.9,POINTS,1,v1.0,VALID,SYNTHETIC,hash_mkt_003355,True
3356,INDEX_BDI,2025-11-02 00:00:00,2025-11-02 18:00:00,1529.3,POINTS,1,v1.0,VALID,SYNTHETIC,hash_mkt_003356,True
3357,INDEX_BCI,2025-11-02 00:00:00,2025-11-02 18:00:00,2041.2,POINTS,1,v1.0,VALID,SYNTHETIC,hash_mkt_003357,True
3358,INDEX_BPI,2025-11-02 00:00:00,2025-11-02 18:00:00,1514.4,POINTS,1,v1.0,VALID,SYNTHETIC,hash_mkt_003358,True
3359,INDEX_BSI,2025-11-02 00:00:00,2025-11-02 18:00:00,1171.5,POINTS,1,v1.0,VALID,SYNTHETIC,hash_mkt_003359,True
3360,INDEX_BHSI,2025-11-02 00:00:00,2025-11-02 18:00:00,695.8,POINTS,1,v1.0,VALID,SYNTHETIC,hash_mkt_003360,True
3361,INDEX_BDI,2025-11-03 00:00:00,2025-11-03 18:00:00,1560.1,POINTS,1,v1.0,VALID,SYNTHETIC,hash_mkt_003361,True
3362,INDEX_BCI,2025-11-03 00:00:00,2025-11-03 18:00:00,2052.4,POINTS,1,v1.0,VALID,SYNTHETIC,hash_mkt_003362,True
3363,INDEX_BPI,2025-11-03 00:00:00,2025-11-03 18:00:00,1504.3,POINTS,1,v1.0,VALID,SYNTHETIC,hash_mkt_003363,True
3364,INDEX_BSI,2025-11-03 00:00:00,2025-11-03 18:00:00,1160.4,POINTS,1,v1.0,VALID,SYNTHETIC,hash_mkt_003364,True
3365,INDEX_BHSI,2025-11-03 00:00:00,2025-11-03 18:00:00,713.8,POINTS,1,v1.0,VALID,SYNTHETIC,hash_mkt_003365,True
3366,INDEX_BDI,2025-11-04 00:00:00,2025-11-04 18:00:00,1531.9,POINTS,1,v1.0,VALID,SYNTHETIC,hash_mkt_003366,True
3367,INDEX_BCI,2025-11-04 00:00:00,2025-11-04 18:00:00,2037.3,POINTS,1,v1.0,VALID,SYNTHETIC,hash_mkt_003367,True
3368,INDEX_BPI,2025-11-04 00:00:00,2025-11-04 18:00:00,1478.4,POINTS,1,v1.0,VALID,SYNTHETIC,hash_mkt_003368,True
3369,INDEX_BSI,2025-11-04 00:00:00,2025-11-04 18:00:00,1144.5,POINTS,1,v1.0,VALID,SYNTHETIC,hash_mkt_003369,True
3370,INDEX_BHSI,2025-11-04 00:00:00,2025-11-04 18:00:00,734.7,POINTS,1,v1.0,VALID,SYNTHETIC,hash_mkt_003370,True
3371,INDEX_BDI,2025-11-05 00:00:00,2025-11-05 18:00:00,1527.9,POINTS,1,v1.0,VALID,SYNTHETIC,hash_mkt_003371,True
3372,INDEX_BCI,2025-11-05 00:00:00,2025-11-05 18:00:00,2076.6,POINTS,1,v1.0,VALID,SYNTHETIC,hash_mkt_003372,True
3373,INDEX_BPI,2025-11-05 00:00:00,2025-11-05 18:00:00,1494.3,POINTS,1,v1.0,VALID,SYNTHETIC,hash_mkt_003373,True
3374,INDEX_BSI,2025-11-05 00:00:00,2025-11-05 18:00:00,1171.2,POINTS,1,v1.0,VALID,SYNTHETIC,hash_mkt_003374,True
3375,INDEX_BHSI,2025-11-05 00:00:00,2025-11-05 18:00:00,713.1,POINTS,1,v1.0,VALID,SYNTHETIC,hash_mkt_003375,True
3376,INDEX_BDI,2025-11-06 00:00:00,2025-11-06 18:00:00,1553.6,POINTS,1,v1.0,VALID,SYNTHETIC,hash_mkt_003376,True
3377,INDEX_BCI,2025-11-06 00:00:00,2025-11-06 18:00:00,1971.2,POINTS,1,v1.0,VALID,SYNTHETIC,hash_mkt_003377,True
3378,INDEX_BPI,2025-11-06 00:00:00,2025-11-06 18:00:00,1509.5,POINTS,1,v1.0,VALID,SYNTHETIC,hash_mkt_003378,True
3379,INDEX_BSI,2025-11-06 00:00:00,2025-11-06 18:00:00,1170.8,POINTS,1,v1.0,VALID,SYNTHETIC,hash_mkt_003379,True
3380,INDEX_BHSI,2025-11-06 00:00:00,2025-11-06 18:00:00,717.9,POINTS,1,v1.0,VALID,SYNTHETIC,hash_mkt_003380,True
3381,INDEX_BDI,2025-11-07 00:00:00,2025-11-07 18:00:00,1534.5,POINTS,1,v1.0,VALID,SYNTHETIC,hash_mkt_003381,True
3382,INDEX_BCI,2025-11-07 00:00:00,2025-11-07 18:00:00,1997.4,POINTS,1,v1.0,VALID,SYNTHETIC,hash_mkt_003382,True
3383,INDEX_BPI,2025-11-07 00:00:00,2025-11-07 18:00:00,1482.7,POINTS,1,v1.0,VALID,SYNTHETIC,hash_mkt_003383,True
3384,INDEX_BSI,2025-11-07 00:00:00,2025-11-07 18:00:00,1182.0,POINTS,1,v1.0,VALID,SYNTHETIC,hash_mkt_003384,True
3385,INDEX_BHSI,2025-11-07 00:00:00,2025-11-07 18:00:00,732.6,POINTS,1,v1.0,VALID,SYNTHETIC,hash_mkt_003385,True
3386,INDEX_BDI,2025-11-08 00:00:00,2025-11-08 18:00:00,1505.4,POINTS,1,v1.0,VALID,SYNTHETIC,hash_mkt_003386,True
3387,INDEX_BCI,2025-11-08 00:00:00,2025-11-08 18:00:00,1972.6,POINTS,1,v1.0,VALID,SYNTHETIC,hash_mkt_003387,True
3388,INDEX_BPI,2025-11-08 00:00:00,2025-11-08 18:00:00,1485.0,POINTS,1,v1.0,VALID,SYNTHETIC,hash_mkt_003388,True
3389,INDEX_BSI,2025-11-08 00:00:00,2025-11-08 18:00:00,1147.1,POINTS,1,v1.0,VALID,SYNTHETIC,hash_mkt_003389,True
3390,INDEX_BHSI,2025-11-08 00:00:00,2025-11-08 18:00:00,726.0,POINTS,1,v1.0,VALID,SYNTHETIC,hash_mkt_003390,True
3391,INDEX_BDI,2025-11-09 00:00:00,2025-11-09 18:00:00,1520.8,POINTS,1,v1.0,VALID,SYNTHETIC,hash_mkt_003391,True
3392,INDEX_BCI,2025-11-09 00:00:00,2025-11-09 18:00:00,2070.3,POINTS,1,v1.0,VALID,SYNTHETIC,hash_mkt_003392,True
3393,INDEX_BPI,2025-11-09 00:00:00,2025-11-09 18:00:00,1491.4,POINTS,1,v1.0,VALID,SYNTHETIC,hash_mkt_003393,True
3394,INDEX_BSI,2025-11-09 00:00:00,2025-11-09 18:00:00,1156.6,POINTS,1,v1.0,VALID,SYNTHETIC,hash_mkt_003394,True
3395,INDEX_BHSI,2025-11-09 00:00:00,2025-11-09 18:00:00,723.1,POINTS,1,v1.0,VALID,SYNTHETIC,hash_mkt_003395,True
3396,INDEX_BDI,2025-11-10 00:00:00,2025-11-10 18:00:00,1538.7,POINTS,1,v1.0,VALID,SYNTHETIC,hash_mkt_003396,True
3397,INDEX_BCI,2025-11-10 00:00:00,2025-11-10 18:00:00,2084.2,POINTS,1,v1.0,VALID,SYNTHETIC,hash_mkt_003397,True
3398,INDEX_BPI,2025-11-10 00:00:00,2025-11-10 18:00:00,1483.7,POINTS,1,v1.0,VALID,SYNTHETIC,hash_mkt_003398,True
3399,INDEX_BSI,2025-11-10 00:00:00,2025-11-10 18:00:00,1127.5,POINTS,1,v1.0,VALID,SYNTHETIC,hash_mkt_003399,True
3400,INDEX_BHSI,2025-11-10 00:00:00,2025-11-10 18:00:00,737.7,POINTS,1,v1.0,VALID,SYNTHETIC,hash_mkt_003400,True
3401,INDEX_BDI,2025-11-11 00:00:00,2025-11-11 18:00:00,1495.3,POINTS,1,v1.0,VALID,SYNTHETIC,hash_mkt_003401,True
3402,INDEX_BCI,2025-11-11 00:00:00,2025-11-11 18:00:00,1958.8,POINTS,1,v1.0,VALID,SYNTHETIC,hash_mkt_003402,True
3403,INDEX_BPI,2025-11-11 00:00:00,2025-11-11 18:00:00,1458.1,POINTS,1,v1.0,VALID,SYNTHETIC,hash_mkt_003403,True
3404,INDEX_BSI,2025-11-11 00:00:00,2025-11-11 18:00:00,1129.1,POINTS,1,v1.0,VALID,SYNTHETIC,hash_mkt_003404,True
3405,INDEX_BHSI,2025-11-11 00:00:00,2025-11-11 18:00:00,701.4,POINTS,1,v1.0,VALID,SYNTHETIC,hash_mkt_003405,True
3406,INDEX_BDI,2025-11-12 00:00:00,2025-11-12 18:00:00,1476.2,POINTS,1,v1.0,VALID,SYNTHETIC,hash_mkt_003406,True
3407,INDEX_BCI,2025-11-12 00:00:00,2025-11-12 18:00:00,2092.4,POINTS,1,v1.0,VALID,SYNTHETIC,hash_mkt_003407,True
3408,INDEX_BPI,2025-11-12 00:00:00,2025-11-12 18:00:00,1444.3,POINTS,1,v1.0,VALID,SYNTHETIC,hash_mkt_003408,True
3409,INDEX_BSI,2025-11-12 00:00:00,2025-11-12 18:00:00,1097.1,POINTS,1,v1.0,VALID,SYNTHETIC,hash_mkt_003409,True
3410,INDEX_BHSI,2025-11-12 00:00:00,2025-11-12 18:00:00,710.7,POINTS,1,v1.0,VALID,SYNTHETIC,hash_mkt_003410,True
3411,INDEX_BDI,2025-11-13 00:00:00,2025-11-13 18:00:00,1462.0,POINTS,1,v1.0,VALID,SYNTHETIC,hash_mkt_003411,True
3412,INDEX_BCI,2025-11-13 00:00:00,2025-11-13 18:00:00,1983.8,POINTS,1,v1.0,VALID,SYNTHETIC,hash_mkt_003412,True
3413,INDEX_BPI,2025-11-13 00:00:00,2025-11-13 18:00:00,1468.0,POINTS,1,v1.0,VALID,SYNTHETIC,hash_mkt_003413,True
3414,INDEX_BSI,2025-11-13 00:00:00,2025-11-13 18:00:00,1123.5,POINTS,1,v1.0,VALID,SYNTHETIC,hash_mkt_003414,True
3415,INDEX_BHSI,2025-11-13 00:00:00,2025-11-13 18:00:00,709.5,POINTS,1,v1.0,VALID,SYNTHETIC,hash_mkt_003415,True
3416,INDEX_BDI,2025-11-14 00:00:00,2025-11-14 18:00:00,1505.7,POINTS,1,v1.0,VALID,SYNTHETIC,hash_mkt_003416,True
3417,INDEX_BCI,2025-11-14 00:00:00,2025-11-14 18:00:00,1922.6,POINTS,1,v1.0,VALID,SYNTHETIC,hash_mkt_003417,True
3418,INDEX_BPI,2025-11-14 00:00:00,2025-11-14 18:00:00,1465.2,POINTS,1,v1.0,VALID,SYNTHETIC,hash_mkt_003418,True
3419,INDEX_BSI,2025-11-14 00:00:00,2025-11-14 18:00:00,1101.0,POINTS,1,v1.0,VALID,SYNTHETIC,hash_mkt_003419,True
3420,INDEX_BHSI,2025-11-14 00:00:00,2025-11-14 18:00:00,711.6,POINTS,1,v1.0,VALID,SYNTHETIC,hash_mkt_003420,True
3421,INDEX_BDI,2025-11-15 00:00:00,2025-11-15 18:00:00,1467.5,POINTS,1,v1.0,VALID,SYNTHETIC,hash_mkt_003421,True
3422,INDEX_BCI,2025-11-15 00:00:00,2025-11-15 18:00:00,1961.4,POINTS,1,v1.0,VALID,SYNTHETIC,hash_mkt_003422,True
3423,INDEX_BPI,2025-11-15 00:00:00,2025-11-15 18:00:00,1420.0,POINTS,1,v1.0,VALID,SYNTHETIC,hash_mkt_003423,True
3424,INDEX_BSI,2025-11-15 00:00:00,2025-11-15 18:00:00,1094.3,POINTS,1,v1.0,VALID,SYNTHETIC,hash_mkt_003424,True
3425,INDEX_BHSI,2025-11-15 00:00:00,2025-11-15 18:00:00,679.7,POINTS,1,v1.0,VALID,SYNTHETIC,hash_mkt_003425,True
3426,INDEX_BDI,2025-11-16 00:00:00,2025-11-16 18:00:00,1443.1,POINTS,1,v1.0,VALID,SYNTHETIC,hash_mkt_003426,True
3427,INDEX_BCI,2025-11-16 00:00:00,2025-11-16 18:00:00,1955.7,POINTS,1,v1.0,VALID,SYNTHETIC,hash_mkt_003427,True
3428,INDEX_BPI,2025-11-16 00:00:00,2025-11-16 18:00:00,1385.1,POINTS,1,v1.0,VALID,SYNTHETIC,hash_mkt_003428,True
3429,INDEX_BSI,2025-11-16 00:00:00,2025-11-16 18:00:00,1094.3,POINTS,1,v1.0,VALID,SYNTHETIC,hash_mkt_003429,True
3430,INDEX_BHSI,2025-11-16 00:00:00,2025-11-16 18:00:00,670.8,POINTS,1,v1.0,VALID,SYNTHETIC,hash_mkt_003430,True
3431,INDEX_BDI,2025-11-17 00:00:00,2025-11-17 18:00:00,1443.8,POINTS,1,v1.0,VALID,SYNTHETIC,hash_mkt_003431,True
3432,INDEX_BCI,2025-11-17 00:00:00,2025-11-17 18:00:00,1858.9,POINTS,1,v1.0,VALID,SYNTHETIC,hash_mkt_003432,True
3433,INDEX_BPI,2025-11-17 00:00:00,2025-11-17 18:00:00,1405.6,POINTS,1,v1.0,VALID,SYNTHETIC,hash_mkt_003433,True
3434,INDEX_BSI,2025-11-17 00:00:00,2025-11-17 18:00:00,1092.2,POINTS,1,v1.0,VALID,SYNTHETIC,hash_mkt_003434,True
3435,INDEX_BHSI,2025-11-17 00:00:00,2025-11-17 18:00:00,663.8,POINTS,1,v1.0,VALID,SYNTHETIC,hash_mkt_003435,True
3436,INDEX_BDI,2025-11-18 00:00:00,2025-11-18 18:00:00,1416.0,POINTS,1,v1.0,VALID,SYNTHETIC,hash_mkt_003436,True
3437,INDEX_BCI,2025-11-18 00:00:00,2025-11-18 18:00:00,1939.5,POINTS,1,v1.0,VALID,SYNTHETIC,hash_mkt_003437,True
3438,INDEX_BPI,2025-11-18 00:00:00,2025-11-18 18:00:00,1367.7,POINTS,1,v1.0,VALID,SYNTHETIC,hash_mkt_003438,True
3439,INDEX_BSI,2025-11-18 00:00:00,2025-11-18 18:00:00,1058.4,POINTS,1,v1.0,VALID,SYNTHETIC,hash_mkt_003439,True
3440,INDEX_BHSI,2025-11-18 00:00:00,2025-11-18 18:00:00,669.8,POINTS,1,v1.0,VALID,SYNTHETIC,hash_mkt_003440,True
3441,INDEX_BDI,2025-11-19 00:00:00,2025-11-19 18:00:00,1410.7,POINTS,1,v1.0,VALID,SYNTHETIC,hash_mkt_003441,True
3442,INDEX_BCI,2025-11-19 00:00:00,2025-11-19 18:00:00,1782.1,POINTS,1,v1.0,VALID,SYNTHETIC,hash_mkt_003442,True
3443,INDEX_BPI,2025-11-19 00:00:00,2025-11-19 18:00:00,1346.4,POINTS,1,v1.0,VALID,SYNTHETIC,hash_mkt_003443,True
3444,INDEX_BSI,2025-11-19 00:00:00,2025-11-19 18:00:00,1041.8,POINTS,1,v1.0,VALID,SYNTHETIC,hash_mkt_003444,True
3445,INDEX_BHSI,2025-11-19 00:00:00,2025-11-19 18:00:00,647.3,POINTS,1,v1.0,VALID,SYNTHETIC,hash_mkt_003445,True
3446,INDEX_BDI,2025-11-20 00:00:00,2025-11-20 18:00:00,1385.5,POINTS,1,v1.0,VALID,SYNTHETIC,hash_mkt_003446,True
3447,INDEX_BCI,2025-11-20 00:00:00,2025-11-20 18:00:00,1791.3,POINTS,1,v1.0,VALID,SYNTHETIC,hash_mkt_003447,True
3448,INDEX_BPI,2025-11-20 00:00:00,2025-11-20 18:00:00,1347.4,POINTS,1,v1.0,VALID,SYNTHETIC,hash_mkt_003448,True
3449,INDEX_BSI,2025-11-20 00:00:00,2025-11-20 18:00:00,1039.6,POINTS,1,v1.0,VALID,SYNTHETIC,hash_mkt_003449,True
3450,INDEX_BHSI,2025-11-20 00:00:00,2025-11-20 18:00:00,654.1,POINTS,1,v1.0,VALID,SYNTHETIC,hash_mkt_003450,True
3451,INDEX_BDI,2025-11-21 00:00:00,2025-11-21 18:00:00,1413.7,POINTS,1,v1.0,VALID,SYNTHETIC,hash_mkt_003451,True
3452,INDEX_BCI,2025-11-21 00:00:00,2025-11-21 18:00:00,1810.4,POINTS,1,v1.0,VALID,SYNTHETIC,hash_mkt_003452,True
3453,INDEX_BPI,2025-11-21 00:00:00,2025-11-21 18:00:00,1355.3,POINTS,1,v1.0,VALID,SYNTHETIC,hash_mkt_003453,True
3454,INDEX_BSI,2025-11-21 00:00:00,2025-11-21 18:00:00,1018.5,POINTS,1,v1.0,VALID,SYNTHETIC,hash_mkt_003454,True
3455,INDEX_BHSI,2025-11-21 00:00:00,2025-11-21 18:00:00,642.2,POINTS,1,v1.0,VALID,SYNTHETIC,hash_mkt_003455,True
3456,INDEX_BDI,2025-11-22 00:00:00,2025-11-22 18:00:00,1374.2,POINTS,1,v1.0,VALID,SYNTHETIC,hash_mkt_003456,True
3457,INDEX_BCI,2025-11-22 00:00:00,2025-11-22 18:00:00,1904.5,POINTS,1,v1.0,VALID,SYNTHETIC,hash_mkt_003457,True
3458,INDEX_BPI,2025-11-22 00:00:00,2025-11-22 18:00:00,1311.6,POINTS,1,v1.0,VALID,SYNTHETIC,hash_mkt_003458,True
3459,INDEX_BSI,2025-11-22 00:00:00,2025-11-22 18:00:00,1025.0,POINTS,1,v1.0,VALID,SYNTHETIC,hash_mkt_003459,True
3460,INDEX_BHSI,2025-11-22 00:00:00,2025-11-22 18:00:00,624.0,POINTS,1,v1.0,VALID,SYNTHETIC,hash_mkt_003460,True
3461,INDEX_BDI,2025-11-23 00:00:00,2025-11-23 18:00:00,1329.7,POINTS,1,v1.0,VALID,SYNTHETIC,hash_mkt_003461,True
3462,INDEX_BCI,2025-11-23 00:00:00,2025-11-23 18:00:00,1869.4,POINTS,1,v1.0,VALID,SYNTHETIC,hash_mkt_003462,True
3463,INDEX_BPI,2025-11-23 00:00:00,2025-11-23 18:00:00,1320.0,POINTS,1,v1.0,VALID,SYNTHETIC,hash_mkt_003463,True
3464,INDEX_BSI,2025-11-23 00:00:00,2025-11-23 18:00:00,1023.8,POINTS,1,v1.0,VALID,SYNTHETIC,hash_mkt_003464,True
3465,INDEX_BHSI,2025-11-23 00:00:00,2025-11-23 18:00:00,636.5,POINTS,1,v1.0,VALID,SYNTHETIC,hash_mkt_003465,True
3466,INDEX_BDI,2025-11-24 00:00:00,2025-11-24 18:00:00,1311.4,POINTS,1,v1.0,VALID,SYNTHETIC,hash_mkt_003466,True
3467,INDEX_BCI,2025-11-24 00:00:00,2025-11-24 18:00:00,1772.3,POINTS,1,v1.0,VALID,SYNTHETIC,hash_mkt_003467,True
3468,INDEX_BPI,2025-11-24 00:00:00,2025-11-24 18:00:00,1255.1,POINTS,1,v1.0,VALID,SYNTHETIC,hash_mkt_003468,True
3469,INDEX_BSI,2025-11-24 00:00:00,2025-11-24 18:00:00,994.1,POINTS,1,v1.0,VALID,SYNTHETIC,hash_mkt_003469,True
3470,INDEX_BHSI,2025-11-24 00:00:00,2025-11-24 18:00:00,630.4,POINTS,1,v1.0,VALID,SYNTHETIC,hash_mkt_003470,True
3471,INDEX_BDI,2025-11-25 00:00:00,2025-11-25 18:00:00,1318.3,POINTS,1,v1.0,VALID,SYNTHETIC,hash_mkt_003471,True
3472,INDEX_BCI,2025-11-25 00:00:00,2025-11-25 18:00:00,1719.0,POINTS,1,v1.0,VALID,SYNTHETIC,hash_mkt_003472,True
3473,INDEX_BPI,2025-11-25 00:00:00,2025-11-25 18:00:00,1264.0,POINTS,1,v1.0,VALID,SYNTHETIC,hash_mkt_003473,True
3474,INDEX_BSI,2025-11-25 00:00:00,2025-11-25 18:00:00,955.4,POINTS,1,v1.0,VALID,SYNTHETIC,hash_mkt_003474,True
3475,INDEX_BHSI,2025-11-25 00:00:00,2025-11-25 18:00:00,603.1,POINTS,1,v1.0,VALID,SYNTHETIC,hash_mkt_003475,True
3476,INDEX_BDI,2025-11-26 00:00:00,2025-11-26 18:00:00,1295.3,POINTS,1,v1.0,VALID,SYNTHETIC,hash_mkt_003476,True
3477,INDEX_BCI,2025-11-26 00:00:00,2025-11-26 18:00:00,1804.2,POINTS,1,v1.0,VALID,SYNTHETIC,hash_mkt_003477,True
3478,INDEX_BPI,2025-11-26 00:00:00,2025-11-26 18:00:00,1251.5,POINTS,1,v1.0,VALID,SYNTHETIC,hash_mkt_003478,True
3479,INDEX_BSI,2025-11-26 00:00:00,2025-11-26 18:00:00,945.8,POINTS,1,v1.0,VALID,SYNTHETIC,hash_mkt_003479,True
3480,INDEX_BHSI,2025-11-26 00:00:00,2025-11-26 18:00:00,597.8,POINTS,1,v1.0,VALID,SYNTHETIC,hash_mkt_003480,True
3481,INDEX_BDI,2025-11-27 00:00:00,2025-11-27 18:00:00,1287.6,POINTS,1,v1.0,VALID,SYNTHETIC,hash_mkt_003481,True
3482,INDEX_BCI,2025-11-27 00:00:00,2025-11-27 18:00:00,1732.3,POINTS,1,v1.0,VALID,SYNTHETIC,hash_mkt_003482,True
3483,INDEX_BPI,2025-11-27 00:00:00,2025-11-27 18:00:00,1214.1,POINTS,1,v1.0,VALID,SYNTHETIC,hash_mkt_003483,True
3484,INDEX_BSI,2025-11-27 00:00:00,2025-11-27 18:00:00,951.8,POINTS,1,v1.0,VALID,SYNTHETIC,hash_mkt_003484,True
3485,INDEX_BHSI,2025-11-27 00:00:00,2025-11-27 18:00:00,602.3,POINTS,1,v1.0,VALID,SYNTHETIC,hash_mkt_003485,True
3486,INDEX_BDI,2025-11-28 00:00:00,2025-11-28 18:00:00,1279.8,POINTS,1,v1.0,VALID,SYNTHETIC,hash_mkt_003486,True
3487,INDEX_BCI,2025-11-28 00:00:00,2025-11-28 18:00:00,1754.9,POINTS,1,v1.0,VALID,SYNTHETIC,hash_mkt_003487,True
3488,INDEX_BPI,2025-11-28 00:00:00,2025-11-28 18:00:00,1257.4,POINTS,1,v1.0,VALID,SYNTHETIC,hash_mkt_003488,True
3489,INDEX_BSI,2025-11-28 00:00:00,2025-11-28 18:00:00,969.4,POINTS,1,v1.0,VALID,SYNTHETIC,hash_mkt_003489,True
3490,INDEX_BHSI,2025-11-28 00:00:00,2025-11-28 18:00:00,602.6,POINTS,1,v1.0,VALID,SYNTHETIC,hash_mkt_003490,True
3491,INDEX_BDI,2025-11-29 00:00:00,2025-11-29 18:00:00,1232.1,POINTS,1,v1.0,VALID,SYNTHETIC,hash_mkt_003491,True
3492,INDEX_BCI,2025-11-29 00:00:00,2025-11-29 18:00:00,1741.0,POINTS,1,v1.0,VALID,SYNTHETIC,hash_mkt_003492,True
3493,INDEX_BPI,2025-11-29 00:00:00,2025-11-29 18:00:00,1210.1,POINTS,1,v1.0,VALID,SYNTHETIC,hash_mkt_003493,True
3494,INDEX_BSI,2025-11-29 00:00:00,2025-11-29 18:00:00,959.2,POINTS,1,v1.0,VALID,SYNTHETIC,hash_mkt_003494,True
3495,INDEX_BHSI,2025-11-29 00:00:00,2025-11-29 18:00:00,596.3,POINTS,1,v1.0,VALID,SYNTHETIC,hash_mkt_003495,True
3496,INDEX_BDI,2025-11-30 00:00:00,2025-11-30 18:00:00,1211.7,POINTS,1,v1.0,VALID,SYNTHETIC,hash_mkt_003496,True
3497,INDEX_BCI,2025-11-30 00:00:00,2025-11-30 18:00:00,1733.2,POINTS,1,v1.0,VALID,SYNTHETIC,hash_mkt_003497,True
3498,INDEX_BPI,2025-11-30 00:00:00,2025-11-30 18:00:00,1183.7,POINTS,1,v1.0,VALID,SYNTHETIC,hash_mkt_003498,True
3499,INDEX_BSI,2025-11-30 00:00:00,2025-11-30 18:00:00,927.9,POINTS,1,v1.0,VALID,SYNTHETIC,hash_mkt_003499,True
3500,INDEX_BHSI,2025-11-30 00:00:00,2025-11-30 18:00:00,578.3,POINTS,1,v1.0,VALID,SYNTHETIC,hash_mkt_003500,True
3501,INDEX_BDI,2025-12-01 00:00:00,2025-12-01 18:00:00,1214.3,POINTS,1,v1.0,VALID,SYNTHETIC,hash_mkt_003501,True
3502,INDEX_BCI,2025-12-01 00:00:00,2025-12-01 18:00:00,1760.6,POINTS,1,v1.0,VALID,SYNTHETIC,hash_mkt_003502,True
3503,INDEX_BPI,2025-12-01 00:00:00,2025-12-01 18:00:00,1193.6,POINTS,1,v1.0,VALID,SYNTHETIC,hash_mkt_003503,True
3504,INDEX_BSI,2025-12-01 00:00:00,2025-12-01 18:00:00,936.2,POINTS,1,v1.0,VALID,SYNTHETIC,hash_mkt_003504,True
3505,INDEX_BHSI,2025-12-01 00:00:00,2025-12-01 18:00:00,569.7,POINTS,1,v1.0,VALID,SYNTHETIC,hash_mkt_003505,True
3506,INDEX_BDI,2025-12-02 00:00:00,2025-12-02 18:00:00,1256.0,POINTS,1,v1.0,VALID,SYNTHETIC,hash_mkt_003506,True
3507,INDEX_BCI,2025-12-02 00:00:00,2025-12-02 18:00:00,1620.1,POINTS,1,v1.0,VALID,SYNTHETIC,hash_mkt_003507,True
3508,INDEX_BPI,2025-12-02 00:00:00,2025-12-02 18:00:00,1206.3,POINTS,1,v1.0,VALID,SYNTHETIC,hash_mkt_003508,True
3509,INDEX_BSI,2025-12-02 00:00:00,2025-12-02 18:00:00,956.8,POINTS,1,v1.0,VALID,SYNTHETIC,hash_mkt_003509,True
3510,INDEX_BHSI,2025-12-02 00:00:00,2025-12-02 18:00:00,574.5,POINTS,1,v1.0,VALID,SYNTHETIC,hash_mkt_003510,True
3511,INDEX_BDI,2025-12-03 00:00:00,2025-12-03 18:00:00,1218.2,POINTS,1,v1.0,VALID,SYNTHETIC,hash_mkt_003511,True
3512,INDEX_BCI,2025-12-03 00:00:00,2025-12-03 18:00:00,1829.2,POINTS,1,v1.0,VALID,SYNTHETIC,hash_mkt_003512,True
3513,INDEX_BPI,2025-12-03 00:00:00,2025-12-03 18:00:00,1158.1,POINTS,1,v1.0,VALID,SYNTHETIC,hash_mkt_003513,True
3514,INDEX_BSI,2025-12-03 00:00:00,2025-12-03 18:00:00,924.8,POINTS,1,v1.0,VALID,SYNTHETIC,hash_mkt_003514,True
3515,INDEX_BHSI,2025-12-03 00:00:00,2025-12-03 18:00:00,576.9,POINTS,1,v1.0,VALID,SYNTHETIC,hash_mkt_003515,True
3516,INDEX_BDI,2025-12-04 00:00:00,2025-12-04 18:00:00,1192.3,POINTS,1,v1.0,VALID,SYNTHETIC,hash_mkt_003516,True
3517,INDEX_BCI,2025-12-04 00:00:00,2025-12-04 18:00:00,1686.2,POINTS,1,v1.0,VALID,SYNTHETIC,hash_mkt_003517,True
3518,INDEX_BPI,2025-12-04 00:00:00,2025-12-04 18:00:00,1187.5,POINTS,1,v1.0,VALID,SYNTHETIC,hash_mkt_003518,True
3519,INDEX_BSI,2025-12-04 00:00:00,2025-12-04 18:00:00,935.7,POINTS,1,v1.0,VALID,SYNTHETIC,hash_mkt_003519,True
3520,INDEX_BHSI,2025-12-04 00:00:00,2025-12-04 18:00:00,567.9,POINTS,1,v1.0,VALID,SYNTHETIC,hash_mkt_003520,True
3521,INDEX_BDI,2025-12-05 00:00:00,2025-12-05 18:00:00,1274.3,POINTS,1,v1.0,VALID,SYNTHETIC,hash_mkt_003521,True
3522,INDEX_BCI,2025-12-05 00:00:00,2025-12-05 18:00:00,1648.3,POINTS,1,v1.0,VALID,SYNTHETIC,hash_mkt_003522,True
3523,INDEX_BPI,2025-12-05 00:00:00,2025-12-05 18:00:00,1213.9,POINTS,1,v1.0,VALID,SYNTHETIC,hash_mkt_003523,True
3524,INDEX_BSI,2025-12-05 00:00:00,2025-12-05 18:00:00,903.7,POINTS,1,v1.0,VALID,SYNTHETIC,hash_mkt_003524,True
3525,INDEX_BHSI,2025-12-05 00:00:00,2025-12-05 18:00:00,581.9,POINTS,1,v1.0,VALID,SYNTHETIC,hash_mkt_003525,True
3526,INDEX_BDI,2025-12-06 00:00:00,2025-12-06 18:00:00,1203.5,POINTS,1,v1.0,VALID,SYNTHETIC,hash_mkt_003526,True
3527,INDEX_BCI,2025-12-06 00:00:00,2025-12-06 18:00:00,1698.4,POINTS,1,v1.0,VALID,SYNTHETIC,hash_mkt_003527,True
3528,INDEX_BPI,2025-12-06 00:00:00,2025-12-06 18:00:00,1195.8,POINTS,1,v1.0,VALID,SYNTHETIC,hash_mkt_003528,True
3529,INDEX_BSI,2025-12-06 00:00:00,2025-12-06 18:00:00,937.4,POINTS,1,v1.0,VALID,SYNTHETIC,hash_mkt_003529,True
3530,INDEX_BHSI,2025-12-06 00:00:00,2025-12-06 18:00:00,582.2,POINTS,1,v1.0,VALID,SYNTHETIC,hash_mkt_003530,True
3531,INDEX_BDI,2025-12-07 00:00:00,2025-12-07 18:00:00,1230.7,POINTS,1,v1.0,VALID,SYNTHETIC,hash_mkt_003531,True
3532,INDEX_BCI,2025-12-07 00:00:00,2025-12-07 18:00:00,1700.5,POINTS,1,v1.0,VALID,SYNTHETIC,hash_mkt_003532,True
3533,INDEX_BPI,2025-12-07 00:00:00,2025-12-07 18:00:00,1192.8,POINTS,1,v1.0,VALID,SYNTHETIC,hash_mkt_003533,True
3534,INDEX_BSI,2025-12-07 00:00:00,2025-12-07 18:00:00,910.8,POINTS,1,v1.0,VALID,SYNTHETIC,hash_mkt_003534,True
3535,INDEX_BHSI,2025-12-07 00:00:00,2025-12-07 18:00:00,584.7,POINTS,1,v1.0,VALID,SYNTHETIC,hash_mkt_003535,True
3536,INDEX_BDI,2025-12-08 00:00:00,2025-12-08 18:00:00,1207.5,POINTS,1,v1.0,VALID,SYNTHETIC,hash_mkt_003536,True
3537,INDEX_BCI,2025-12-08 00:00:00,2025-12-08 18:00:00,1659.4,POINTS,1,v1.0,VALID,SYNTHETIC,hash_mkt_003537,True
3538,INDEX_BPI,2025-12-08 00:00:00,2025-12-08 18:00:00,1189.2,POINTS,1,v1.0,VALID,SYNTHETIC,hash_mkt_003538,True
3539,INDEX_BSI,2025-12-08 00:00:00,2025-12-08 18:00:00,907.7,POINTS,1,v1.0,VALID,SYNTHETIC,hash_mkt_003539,True
3540,INDEX_BHSI,2025-12-08 00:00:00,2025-12-08 18:00:00,566.4,POINTS,1,v1.0,VALID,SYNTHETIC,hash_mkt_003540,True
3541,INDEX_BDI,2025-12-09 00:00:00,2025-12-09 18:00:00,1218.9,POINTS,1,v1.0,VALID,SYNTHETIC,hash_mkt_003541,True
3542,INDEX_BCI,2025-12-09 00:00:00,2025-12-09 18:00:00,1714.9,POINTS,1,v1.0,VALID,SYNTHETIC,hash_mkt_003542,True
3543,INDEX_BPI,2025-12-09 00:00:00,2025-12-09 18:00:00,1212.8,POINTS,1,v1.0,VALID,SYNTHETIC,hash_mkt_003543,True
3544,INDEX_BSI,2025-12-09 00:00:00,2025-12-09 18:00:00,924.9,POINTS,1,v1.0,VALID,SYNTHETIC,hash_mkt_003544,True
3545,INDEX_BHSI,2025-12-09 00:00:00,2025-12-09 18:00:00,574.8,POINTS,1,v1.0,VALID,SYNTHETIC,hash_mkt_003545,True
3546,INDEX_BDI,2025-12-10 00:00:00,2025-12-10 18:00:00,1204.0,POINTS,1,v1.0,VALID,SYNTHETIC,hash_mkt_003546,True
3547,INDEX_BCI,2025-12-10 00:00:00,2025-12-10 18:00:00,1714.5,POINTS,1,v1.0,VALID,SYNTHETIC,hash_mkt_003547,True
3548,INDEX_BPI,2025-12-10 00:00:00,2025-12-10 18:00:00,1168.1,POINTS,1,v1.0,VALID,SYNTHETIC,hash_mkt_003548,True
3549,INDEX_BSI,2025-12-10 00:00:00,2025-12-10 18:00:00,920.1,POINTS,1,v1.0,VALID,SYNTHETIC,hash_mkt_003549,True
3550,INDEX_BHSI,2025-12-10 00:00:00,2025-12-10 18:00:00,592.1,POINTS,1,v1.0,VALID,SYNTHETIC,hash_mkt_003550,True
3551,INDEX_BDI,2025-12-11 00:00:00,2025-12-11 18:00:00,1239.3,POINTS,1,v1.0,VALID,SYNTHETIC,hash_mkt_003551,True
3552,INDEX_BCI,2025-12-11 00:00:00,2025-12-11 18:00:00,1817.2,POINTS,1,v1.0,VALID,SYNTHETIC,hash_mkt_003552,True
3553,INDEX_BPI,2025-12-11 00:00:00,2025-12-11 18:00:00,1170.3,POINTS,1,v1.0,VALID,SYNTHETIC,hash_mkt_003553,True
3554,INDEX_BSI,2025-12-11 00:00:00,2025-12-11 18:00:00,920.1,POINTS,1,v1.0,VALID,SYNTHETIC,hash_mkt_003554,True
3555,INDEX_BHSI,2025-12-11 00:00:00,2025-12-11 18:00:00,577.5,POINTS,1,v1.0,VALID,SYNTHETIC,hash_mkt_003555,True
3556,INDEX_BDI,2025-12-12 00:00:00,2025-12-12 18:00:00,1259.8,POINTS,1,v1.0,VALID,SYNTHETIC,hash_mkt_003556,True
3557,INDEX_BCI,2025-12-12 00:00:00,2025-12-12 18:00:00,1800.8,POINTS,1,v1.0,VALID,SYNTHETIC,hash_mkt_003557,True
3558,INDEX_BPI,2025-12-12 00:00:00,2025-12-12 18:00:00,1198.8,POINTS,1,v1.0,VALID,SYNTHETIC,hash_mkt_003558,True
3559,INDEX_BSI,2025-12-12 00:00:00,2025-12-12 18:00:00,950.3,POINTS,1,v1.0,VALID,SYNTHETIC,hash_mkt_003559,True
3560,INDEX_BHSI,2025-12-12 00:00:00,2025-12-12 18:00:00,589.7,POINTS,1,v1.0,VALID,SYNTHETIC,hash_mkt_003560,True
3561,INDEX_BDI,2025-12-13 00:00:00,2025-12-13 18:00:00,1226.3,POINTS,1,v1.0,VALID,SYNTHETIC,hash_mkt_003561,True
3562,INDEX_BCI,2025-12-13 00:00:00,2025-12-13 18:00:00,1794.1,POINTS,1,v1.0,VALID,SYNTHETIC,hash_mkt_003562,True
3563,INDEX_BPI,2025-12-13 00:00:00,2025-12-13 18:00:00,1259.1,POINTS,1,v1.0,VALID,SYNTHETIC,hash_mkt_003563,True
3564,INDEX_BSI,2025-12-13 00:00:00,2025-12-13 18:00:00,945.3,POINTS,1,v1.0,VALID,SYNTHETIC,hash_mkt_003564,True
3565,INDEX_BHSI,2025-12-13 00:00:00,2025-12-13 18:00:00,607.9,POINTS,1,v1.0,VALID,SYNTHETIC,hash_mkt_003565,True
3566,INDEX_BDI,2025-12-14 00:00:00,2025-12-14 18:00:00,1238.1,POINTS,1,v1.0,VALID,SYNTHETIC,hash_mkt_003566,True
3567,INDEX_BCI,2025-12-14 00:00:00,2025-12-14 18:00:00,1727.0,POINTS,1,v1.0,VALID,SYNTHETIC,hash_mkt_003567,True
3568,INDEX_BPI,2025-12-14 00:00:00,2025-12-14 18:00:00,1227.4,POINTS,1,v1.0,VALID,SYNTHETIC,hash_mkt_003568,True
3569,INDEX_BSI,2025-12-14 00:00:00,2025-12-14 18:00:00,951.1,POINTS,1,v1.0,VALID,SYNTHETIC,hash_mkt_003569,True
3570,INDEX_BHSI,2025-12-14 00:00:00,2025-12-14 18:00:00,594.3,POINTS,1,v1.0,VALID,SYNTHETIC,hash_mkt_003570,True
3571,INDEX_BDI,2025-12-15 00:00:00,2025-12-15 18:00:00,1318.8,POINTS,1,v1.0,VALID,SYNTHETIC,hash_mkt_003571,True
3572,INDEX_BCI,2025-12-15 00:00:00,2025-12-15 18:00:00,1874.1,POINTS,1,v1.0,VALID,SYNTHETIC,hash_mkt_003572,True
3573,INDEX_BPI,2025-12-15 00:00:00,2025-12-15 18:00:00,1250.0,POINTS,1,v1.0,VALID,SYNTHETIC,hash_mkt_003573,True
3574,INDEX_BSI,2025-12-15 00:00:00,2025-12-15 18:00:00,953.0,POINTS,1,v1.0,VALID,SYNTHETIC,hash_mkt_003574,True
3575,INDEX_BHSI,2025-12-15 00:00:00,2025-12-15 18:00:00,592.0,POINTS,1,v1.0,VALID,SYNTHETIC,hash_mkt_003575,True
3576,INDEX_BDI,2025-12-16 00:00:00,2025-12-16 18:00:00,1320.3,POINTS,1,v1.0,VALID,SYNTHETIC,hash_mkt_003576,True
3577,INDEX_BCI,2025-12-16 00:00:00,2025-12-16 18:00:00,1865.6,POINTS,1,v1.0,VALID,SYNTHETIC,hash_mkt_003577,True
3578,INDEX_BPI,2025-12-16 00:00:00,2025-12-16 18:00:00,1257.0,POINTS,1,v1.0,VALID,SYNTHETIC,hash_mkt_003578,True
3579,INDEX_BSI,2025-12-16 00:00:00,2025-12-16 18:00:00,967.7,POINTS,1,v1.0,VALID,SYNTHETIC,hash_mkt_003579,True
3580,INDEX_BHSI,2025-12-16 00:00:00,2025-12-16 18:00:00,614.5,POINTS,1,v1.0,VALID,SYNTHETIC,hash_mkt_003580,True
3581,INDEX_BDI,2025-12-17 00:00:00,2025-12-17 18:00:00,1242.3,POINTS,1,v1.0,VALID,SYNTHETIC,hash_mkt_003581,True
3582,INDEX_BCI,2025-12-17 00:00:00,2025-12-17 18:00:00,1911.3,POINTS,1,v1.0,VALID,SYNTHETIC,hash_mkt_003582,True
3583,INDEX_BPI,2025-12-17 00:00:00,2025-12-17 18:00:00,1236.5,POINTS,1,v1.0,VALID,SYNTHETIC,hash_mkt_003583,True
3584,INDEX_BSI,2025-12-17 00:00:00,2025-12-17 18:00:00,994.6,POINTS,1,v1.0,VALID,SYNTHETIC,hash_mkt_003584,True
3585,INDEX_BHSI,2025-12-17 00:00:00,2025-12-17 18:00:00,610.1,POINTS,1,v1.0,VALID,SYNTHETIC,hash_mkt_003585,True
3586,INDEX_BDI,2025-12-18 00:00:00,2025-12-18 18:00:00,1362.9,POINTS,1,v1.0,VALID,SYNTHETIC,hash_mkt_003586,True
3587,INDEX_BCI,2025-12-18 00:00:00,2025-12-18 18:00:00,1892.2,POINTS,1,v1.0,VALID,SYNTHETIC,hash_mkt_003587,True
3588,INDEX_BPI,2025-12-18 00:00:00,2025-12-18 18:00:00,1294.8,POINTS,1,v1.0,VALID,SYNTHETIC,hash_mkt_003588,True
3589,INDEX_BSI,2025-12-18 00:00:00,2025-12-18 18:00:00,988.7,POINTS,1,v1.0,VALID,SYNTHETIC,hash_mkt_003589,True
3590,INDEX_BHSI,2025-12-18 00:00:00,2025-12-18 18:00:00,614.2,POINTS,1,v1.0,VALID,SYNTHETIC,hash_mkt_003590,True
3591,INDEX_BDI,2025-12-19 00:00:00,2025-12-19 18:00:00,1304.8,POINTS,1,v1.0,VALID,SYNTHETIC,hash_mkt_003591,True
3592,INDEX_BCI,2025-12-19 00:00:00,2025-12-19 18:00:00,1916.7,POINTS,1,v1.0,VALID,SYNTHETIC,hash_mkt_003592,True
3593,INDEX_BPI,2025-12-19 00:00:00,2025-12-19 18:00:00,1283.9,POINTS,1,v1.0,VALID,SYNTHETIC,hash_mkt_003593,True
3594,INDEX_BSI,2025-12-19 00:00:00,2025-12-19 18:00:00,1010.6,POINTS,1,v1.0,VALID,SYNTHETIC,hash_mkt_003594,True
3595,INDEX_BHSI,2025-12-19 00:00:00,2025-12-19 18:00:00,619.7,POINTS,1,v1.0,VALID,SYNTHETIC,hash_mkt_003595,True
3596,INDEX_BDI,2025-12-20 00:00:00,2025-12-20 18:00:00,1362.7,POINTS,1,v1.0,VALID,SYNTHETIC,hash_mkt_003596,True
3597,INDEX_BCI,2025-12-20 00:00:00,2025-12-20 18:00:00,2028.9,POINTS,1,v1.0,VALID,SYNTHETIC,hash_mkt_003597,True
3598,INDEX_BPI,2025-12-20 00:00:00,2025-12-20 18:00:00,1262.8,POINTS,1,v1.0,VALID,SYNTHETIC,hash_mkt_003598,True
3599,INDEX_BSI,2025-12-20 00:00:00,2025-12-20 18:00:00,1000.9,POINTS,1,v1.0,VALID,SYNTHETIC,hash_mkt_003599,True
3600,INDEX_BHSI,2025-12-20 00:00:00,2025-12-20 18:00:00,638.2,POINTS,1,v1.0,VALID,SYNTHETIC,hash_mkt_003600,True
3601,INDEX_BDI,2025-12-21 00:00:00,2025-12-21 18:00:00,1438.2,POINTS,1,v1.0,VALID,SYNTHETIC,hash_mkt_003601,True
3602,INDEX_BCI,2025-12-21 00:00:00,2025-12-21 18:00:00,1983.2,POINTS,1,v1.0,VALID,SYNTHETIC,hash_mkt_003602,True
3603,INDEX_BPI,2025-12-21 00:00:00,2025-12-21 18:00:00,1332.0,POINTS,1,v1.0,VALID,SYNTHETIC,hash_mkt_003603,True
3604,INDEX_BSI,2025-12-21 00:00:00,2025-12-21 18:00:00,1025.6,POINTS,1,v1.0,VALID,SYNTHETIC,hash_mkt_003604,True
3605,INDEX_BHSI,2025-12-21 00:00:00,2025-12-21 18:00:00,646.7,POINTS,1,v1.0,VALID,SYNTHETIC,hash_mkt_003605,True
3606,INDEX_BDI,2025-12-22 00:00:00,2025-12-22 18:00:00,1371.8,POINTS,1,v1.0,VALID,SYNTHETIC,hash_mkt_003606,True
3607,INDEX_BCI,2025-12-22 00:00:00,2025-12-22 18:00:00,2041.9,POINTS,1,v1.0,VALID,SYNTHETIC,hash_mkt_003607,True
3608,INDEX_BPI,2025-12-22 00:00:00,2025-12-22 18:00:00,1347.5,POINTS,1,v1.0,VALID,SYNTHETIC,hash_mkt_003608,True
3609,INDEX_BSI,2025-12-22 00:00:00,2025-12-22 18:00:00,1012.1,POINTS,1,v1.0,VALID,SYNTHETIC,hash_mkt_003609,True
3610,INDEX_BHSI,2025-12-22 00:00:00,2025-12-22 18:00:00,644.9,POINTS,1,v1.0,VALID,SYNTHETIC,hash_mkt_003610,True
3611,INDEX_BDI,2025-12-23 00:00:00,2025-12-23 18:00:00,1418.5,POINTS,1,v1.0,VALID,SYNTHETIC,hash_mkt_003611,True
3612,INDEX_BCI,2025-12-23 00:00:00,2025-12-23 18:00:00,2050.2,POINTS,1,v1.0,VALID,SYNTHETIC,hash_mkt_003612,True
3613,INDEX_BPI,2025-12-23 00:00:00,2025-12-23 18:00:00,1331.8,POINTS,1,v1.0,VALID,SYNTHETIC,hash_mkt_003613,True
3614,INDEX_BSI,2025-12-23 00:00:00,2025-12-23 18:00:00,1017.5,POINTS,1,v1.0,VALID,SYNTHETIC,hash_mkt_003614,True
3615,INDEX_BHSI,2025-12-23 00:00:00,2025-12-23 18:00:00,666.0,POINTS,1,v1.0,VALID,SYNTHETIC,hash_mkt_003615,True
3616,INDEX_BDI,2025-12-24 00:00:00,2025-12-24 18:00:00,1390.1,POINTS,1,v1.0,VALID,SYNTHETIC,hash_mkt_003616,True
3617,INDEX_BCI,2025-12-24 00:00:00,2025-12-24 18:00:00,2096.1,POINTS,1,v1.0,VALID,SYNTHETIC,hash_mkt_003617,True
3618,INDEX_BPI,2025-12-24 00:00:00,2025-12-24 18:00:00,1389.1,POINTS,1,v1.0,VALID,SYNTHETIC,hash_mkt_003618,True
3619,INDEX_BSI,2025-12-24 00:00:00,2025-12-24 18:00:00,1040.8,POINTS,1,v1.0,VALID,SYNTHETIC,hash_mkt_003619,True
3620,INDEX_BHSI,2025-12-24 00:00:00,2025-12-24 18:00:00,662.8,POINTS,1,v1.0,VALID,SYNTHETIC,hash_mkt_003620,True
3621,INDEX_BDI,2025-12-25 00:00:00,2025-12-25 18:00:00,1426.0,POINTS,1,v1.0,VALID,SYNTHETIC,hash_mkt_003621,True
3622,INDEX_BCI,2025-12-25 00:00:00,2025-12-25 18:00:00,2114.2,POINTS,1,v1.0,VALID,SYNTHETIC,hash_mkt_003622,True
3623,INDEX_BPI,2025-12-25 00:00:00,2025-12-25 18:00:00,1345.1,POINTS,1,v1.0,VALID,SYNTHETIC,hash_mkt_003623,True
3624,INDEX_BSI,2025-12-25 00:00:00,2025-12-25 18:00:00,1053.3,POINTS,1,v1.0,VALID,SYNTHETIC,hash_mkt_003624,True
3625,INDEX_BHSI,2025-12-25 00:00:00,2025-12-25 18:00:00,662.0,POINTS,1,v1.0,VALID,SYNTHETIC,hash_mkt_003625,True
3626,INDEX_BDI,2025-12-26 00:00:00,2025-12-26 18:00:00,1398.2,POINTS,1,v1.0,VALID,SYNTHETIC,hash_mkt_003626,True
3627,INDEX_BCI,2025-12-26 00:00:00,2025-12-26 18:00:00,2097.6,POINTS,1,v1.0,VALID,SYNTHETIC,hash_mkt_003627,True
3628,INDEX_BPI,2025-12-26 00:00:00,2025-12-26 18:00:00,1429.8,POINTS,1,v1.0,VALID,SYNTHETIC,hash_mkt_003628,True
3629,INDEX_BSI,2025-12-26 00:00:00,2025-12-26 18:00:00,1081.6,POINTS,1,v1.0,VALID,SYNTHETIC,hash_mkt_003629,True
3630,INDEX_BHSI,2025-12-26 00:00:00,2025-12-26 18:00:00,674.4,POINTS,1,v1.0,VALID,SYNTHETIC,hash_mkt_003630,True
3631,INDEX_BDI,2025-12-27 00:00:00,2025-12-27 18:00:00,1469.7,POINTS,1,v1.0,VALID,SYNTHETIC,hash_mkt_003631,True
3632,INDEX_BCI,2025-12-27 00:00:00,2025-12-27 18:00:00,2155.7,POINTS,1,v1.0,VALID,SYNTHETIC,hash_mkt_003632,True
3633,INDEX_BPI,2025-12-27 00:00:00,2025-12-27 18:00:00,1417.7,POINTS,1,v1.0,VALID,SYNTHETIC,hash_mkt_003633,True
3634,INDEX_BSI,2025-12-27 00:00:00,2025-12-27 18:00:00,1084.4,POINTS,1,v1.0,VALID,SYNTHETIC,hash_mkt_003634,True
3635,INDEX_BHSI,2025-12-27 00:00:00,2025-12-27 18:00:00,679.8,POINTS,1,v1.0,VALID,SYNTHETIC,hash_mkt_003635,True
3636,INDEX_BDI,2025-12-28 00:00:00,2025-12-28 18:00:00,1415.3,POINTS,1,v1.0,VALID,SYNTHETIC,hash_mkt_003636,True
3637,INDEX_BCI,2025-12-28 00:00:00,2025-12-28 18:00:00,2188.1,POINTS,1,v1.0,VALID,SYNTHETIC,hash_mkt_003637,True
3638,INDEX_BPI,2025-12-28 00:00:00,2025-12-28 18:00:00,1426.4,POINTS,1,v1.0,VALID,SYNTHETIC,hash_mkt_003638,True
3639,INDEX_BSI,2025-12-28 00:00:00,2025-12-28 18:00:00,1097.9,POINTS,1,v1.0,VALID,SYNTHETIC,hash_mkt_003639,True
3640,INDEX_BHSI,2025-12-28 00:00:00,2025-12-28 18:00:00,693.1,POINTS,1,v1.0,VALID,SYNTHETIC,hash_mkt_003640,True
3641,INDEX_BDI,2025-12-29 00:00:00,2025-12-29 18:00:00,1479.6,POINTS,1,v1.0,VALID,SYNTHETIC,hash_mkt_003641,True
3642,INDEX_BCI,2025-12-29 00:00:00,2025-12-29 18:00:00,2177.6,POINTS,1,v1.0,VALID,SYNTHETIC,hash_mkt_003642,True
3643,INDEX_BPI,2025-12-29 00:00:00,2025-12-29 18:00:00,1404.6,POINTS,1,v1.0,VALID,SYNTHETIC,hash_mkt_003643,True
3644,INDEX_BSI,2025-12-29 00:00:00,2025-12-29 18:00:00,1130.3,POINTS,1,v1.0,VALID,SYNTHETIC,hash_mkt_003644,True
3645,INDEX_BHSI,2025-12-29 00:00:00,2025-12-29 18:00:00,702.4,POINTS,1,v1.0,VALID,SYNTHETIC,hash_mkt_003645,True
3646,INDEX_BDI,2025-12-30 00:00:00,2025-12-30 18:00:00,1504.9,POINTS,1,v1.0,VALID,SYNTHETIC,hash_mkt_003646,True
3647,INDEX_BCI,2025-12-30 00:00:00,2025-12-30 18:00:00,2208.4,POINTS,1,v1.0,VALID,SYNTHETIC,hash_mkt_003647,True
3648,INDEX_BPI,2025-12-30 00:00:00,2025-12-30 18:00:00,1460.2,POINTS,1,v1.0,VALID,SYNTHETIC,hash_mkt_003648,True
3649,INDEX_BSI,2025-12-30 00:00:00,2025-12-30 18:00:00,1092.6,POINTS,1,v1.0,VALID,SYNTHETIC,hash_mkt_003649,True
3650,INDEX_BHSI,2025-12-30 00:00:00,2025-12-30 18:00:00,702.6,POINTS,1,v1.0,VALID,SYNTHETIC,hash_mkt_003650,True
3651,INDEX_BDI,2025-12-31 00:00:00,2025-12-31 18:00:00,1497.3,POINTS,1,v1.0,VALID,SYNTHETIC,hash_mkt_003651,True
3652,INDEX_BCI,2025-12-31 00:00:00,2025-12-31 18:00:00,2254.7,POINTS,1,v1.0,VALID,SYNTHETIC,hash_mkt_003652,True
3653,INDEX_BPI,2025-12-31 00:00:00,2025-12-31 18:00:00,1438.8,POINTS,1,v1.0,VALID,SYNTHETIC,hash_mkt_003653,True
3654,INDEX_BSI,2025-12-31 00:00:00,2025-12-31 18:00:00,1123.6,POINTS,1,v1.0,VALID,SYNTHETIC,hash_mkt_003654,True
3655,INDEX_BHSI,2025-12-31 00:00:00,2025-12-31 18:00:00,720.7,POINTS,1,v1.0,VALID,SYNTHETIC,hash_mkt_003655,True
3656,INDEX_BDI,2026-01-01 00:00:00,2026-01-01 18:00:00,1489.9,POINTS,1,v1.0,VALID,SYNTHETIC,hash_mkt_003656,True
3657,INDEX_BCI,2026-01-01 00:00:00,2026-01-01 18:00:00,2256.9,POINTS,1,v1.0,VALID,SYNTHETIC,hash_mkt_003657,True
3658,INDEX_BPI,2026-01-01 00:00:00,2026-01-01 18:00:00,1450.5,POINTS,1,v1.0,VALID,SYNTHETIC,hash_mkt_003658,True
3659,INDEX_BSI,2026-01-01 00:00:00,2026-01-01 18:00:00,1165.2,POINTS,1,v1.0,VALID,SYNTHETIC,hash_mkt_003659,True
3660,INDEX_BHSI,2026-01-01 00:00:00,2026-01-01 18:00:00,705.0,POINTS,1,v1.0,VALID,SYNTHETIC,hash_mkt_003660,True
3661,INDEX_BDI,2026-01-02 00:00:00,2026-01-02 18:00:00,1480.5,POINTS,1,v1.0,VALID,SYNTHETIC,hash_mkt_003661,True
3662,INDEX_BCI,2026-01-02 00:00:00,2026-01-02 18:00:00,2264.7,POINTS,1,v1.0,VALID,SYNTHETIC,hash_mkt_003662,True
3663,INDEX_BPI,2026-01-02 00:00:00,2026-01-02 18:00:00,1439.0,POINTS,1,v1.0,VALID,SYNTHETIC,hash_mkt_003663,True
3664,INDEX_BSI,2026-01-02 00:00:00,2026-01-02 18:00:00,1156.4,POINTS,1,v1.0,VALID,SYNTHETIC,hash_mkt_003664,True
3665,INDEX_BHSI,2026-01-02 00:00:00,2026-01-02 18:00:00,710.6,POINTS,1,v1.0,VALID,SYNTHETIC,hash_mkt_003665,True
3666,INDEX_BDI,2026-01-03 00:00:00,2026-01-03 18:00:00,1545.6,POINTS,1,v1.0,VALID,SYNTHETIC,hash_mkt_003666,True
3667,INDEX_BCI,2026-01-03 00:00:00,2026-01-03 18:00:00,2300.1,POINTS,1,v1.0,VALID,SYNTHETIC,hash_mkt_003667,True
3668,INDEX_BPI,2026-01-03 00:00:00,2026-01-03 18:00:00,1433.6,POINTS,1,v1.0,VALID,SYNTHETIC,hash_mkt_003668,True
3669,INDEX_BSI,2026-01-03 00:00:00,2026-01-03 18:00:00,1162.4,POINTS,1,v1.0,VALID,SYNTHETIC,hash_mkt_003669,True
3670,INDEX_BHSI,2026-01-03 00:00:00,2026-01-03 18:00:00,710.9,POINTS,1,v1.0,VALID,SYNTHETIC,hash_mkt_003670,True
3671,INDEX_BDI,2026-01-04 00:00:00,2026-01-04 18:00:00,1534.1,POINTS,1,v1.0,VALID,SYNTHETIC,hash_mkt_003671,True
3672,INDEX_BCI,2026-01-04 00:00:00,2026-01-04 18:00:00,2329.7,POINTS,1,v1.0,VALID,SYNTHETIC,hash_mkt_003672,True
3673,INDEX_BPI,2026-01-04 00:00:00,2026-01-04 18:00:00,1459.2,POINTS,1,v1.0,VALID,SYNTHETIC,hash_mkt_003673,True
3674,INDEX_BSI,2026-01-04 00:00:00,2026-01-04 18:00:00,1154.4,POINTS,1,v1.0,VALID,SYNTHETIC,hash_mkt_003674,True
3675,INDEX_BHSI,2026-01-04 00:00:00,2026-01-04 18:00:00,715.5,POINTS,1,v1.0,VALID,SYNTHETIC,hash_mkt_003675,True
3676,INDEX_BDI,2026-01-05 00:00:00,2026-01-05 18:00:00,1524.7,POINTS,1,v1.0,VALID,SYNTHETIC,hash_mkt_003676,True
3677,INDEX_BCI,2026-01-05 00:00:00,2026-01-05 18:00:00,2275.9,POINTS,1,v1.0,VALID,SYNTHETIC,hash_mkt_003677,True
3678,INDEX_BPI,2026-01-05 00:00:00,2026-01-05 18:00:00,1469.9,POINTS,1,v1.0,VALID,SYNTHETIC,hash_mkt_003678,True
3679,INDEX_BSI,2026-01-05 00:00:00,2026-01-05 18:00:00,1163.4,POINTS,1,v1.0,VALID,SYNTHETIC,hash_mkt_003679,True
3680,INDEX_BHSI,2026-01-05 00:00:00,2026-01-05 18:00:00,722.6,POINTS,1,v1.0,VALID,SYNTHETIC,hash_mkt_003680,True
3681,INDEX_BDI,2026-01-06 00:00:00,2026-01-06 18:00:00,1553.4,POINTS,1,v1.0,VALID,SYNTHETIC,hash_mkt_003681,True
3682,INDEX_BCI,2026-01-06 00:00:00,2026-01-06 18:00:00,2397.5,POINTS,1,v1.0,VALID,SYNTHETIC,hash_mkt_003682,True
3683,INDEX_BPI,2026-01-06 00:00:00,2026-01-06 18:00:00,1461.6,POINTS,1,v1.0,VALID,SYNTHETIC,hash_mkt_003683,True
3684,INDEX_BSI,2026-01-06 00:00:00,2026-01-06 18:00:00,1123.3,POINTS,1,v1.0,VALID,SYNTHETIC,hash_mkt_003684,True
3685,INDEX_BHSI,2026-01-06 00:00:00,2026-01-06 18:00:00,717.7,POINTS,1,v1.0,VALID,SYNTHETIC,hash_mkt_003685,True
3686,INDEX_BDI,2026-01-07 00:00:00,2026-01-07 18:00:00,1571.7,POINTS,1,v1.0,VALID,SYNTHETIC,hash_mkt_003686,True
3687,INDEX_BCI,2026-01-07 00:00:00,2026-01-07 18:00:00,2320.8,POINTS,1,v1.0,VALID,SYNTHETIC,hash_mkt_003687,True
3688,INDEX_BPI,2026-01-07 00:00:00,2026-01-07 18:00:00,1495.9,POINTS,1,v1.0,VALID,SYNTHETIC,hash_mkt_003688,True
3689,INDEX_BSI,2026-01-07 00:00:00,2026-01-07 18:00:00,1148.9,POINTS,1,v1.0,VALID,SYNTHETIC,hash_mkt_003689,True
3690,INDEX_BHSI,2026-01-07 00:00:00,2026-01-07 18:00:00,714.2,POINTS,1,v1.0,VALID,SYNTHETIC,hash_mkt_003690,True
3691,INDEX_BDI,2026-01-08 00:00:00,2026-01-08 18:00:00,1489.3,POINTS,1,v1.0,VALID,SYNTHETIC,hash_mkt_003691,True
3692,INDEX_BCI,2026-01-08 00:00:00,2026-01-08 18:00:00,2438.8,POINTS,1,v1.0,VALID,SYNTHETIC,hash_mkt_003692,True
3693,INDEX_BPI,2026-01-08 00:00:00,2026-01-08 18:00:00,1454.6,POINTS,1,v1.0,VALID,SYNTHETIC,hash_mkt_003693,True
3694,INDEX_BSI,2026-01-08 00:00:00,2026-01-08 18:00:00,1157.9,POINTS,1,v1.0,VALID,SYNTHETIC,hash_mkt_003694,True
3695,INDEX_BHSI,2026-01-08 00:00:00,2026-01-08 18:00:00,725.5,POINTS,1,v1.0,VALID,SYNTHETIC,hash_mkt_003695,True
3696,INDEX_BDI,2026-01-09 00:00:00,2026-01-09 18:00:00,1501.6,POINTS,1,v1.0,VALID,SYNTHETIC,hash_mkt_003696,True
3697,INDEX_BCI,2026-01-09 00:00:00,2026-01-09 18:00:00,2326.6,POINTS,1,v1.0,VALID,SYNTHETIC,hash_mkt_003697,True
3698,INDEX_BPI,2026-01-09 00:00:00,2026-01-09 18:00:00,1455.9,POINTS,1,v1.0,VALID,SYNTHETIC,hash_mkt_003698,True
3699,INDEX_BSI,2026-01-09 00:00:00,2026-01-09 18:00:00,1129.2,POINTS,1,v1.0,VALID,SYNTHETIC,hash_mkt_003699,True
3700,INDEX_BHSI,2026-01-09 00:00:00,2026-01-09 18:00:00,715.8,POINTS,1,v1.0,VALID,SYNTHETIC,hash_mkt_003700,True
3701,INDEX_BDI,2026-01-10 00:00:00,2026-01-10 18:00:00,1530.5,POINTS,1,v1.0,VALID,SYNTHETIC,hash_mkt_003701,True
3702,INDEX_BCI,2026-01-10 00:00:00,2026-01-10 18:00:00,2348.2,POINTS,1,v1.0,VALID,SYNTHETIC,hash_mkt_003702,True
3703,INDEX_BPI,2026-01-10 00:00:00,2026-01-10 18:00:00,1479.0,POINTS,1,v1.0,VALID,SYNTHETIC,hash_mkt_003703,True
3704,INDEX_BSI,2026-01-10 00:00:00,2026-01-10 18:00:00,1155.9,POINTS,1,v1.0,VALID,SYNTHETIC,hash_mkt_003704,True
3705,INDEX_BHSI,2026-01-10 00:00:00,2026-01-10 18:00:00,703.5,POINTS,1,v1.0,VALID,SYNTHETIC,hash_mkt_003705,True
3706,INDEX_BDI,2026-01-11 00:00:00,2026-01-11 18:00:00,1489.9,POINTS,1,v1.0,VALID,SYNTHETIC,hash_mkt_003706,True
3707,INDEX_BCI,2026-01-11 00:00:00,2026-01-11 18:00:00,2392.0,POINTS,1,v1.0,VALID,SYNTHETIC,hash_mkt_003707,True
3708,INDEX_BPI,2026-01-11 00:00:00,2026-01-11 18:00:00,1465.7,POINTS,1,v1.0,VALID,SYNTHETIC,hash_mkt_003708,True
3709,INDEX_BSI,2026-01-11 00:00:00,2026-01-11 18:00:00,1170.0,POINTS,1,v1.0,VALID,SYNTHETIC,hash_mkt_003709,True
3710,INDEX_BHSI,2026-01-11 00:00:00,2026-01-11 18:00:00,716.3,POINTS,1,v1.0,VALID,SYNTHETIC,hash_mkt_003710,True
3711,INDEX_BDI,2026-01-12 00:00:00,2026-01-12 18:00:00,1524.3,POINTS,1,v1.0,VALID,SYNTHETIC,hash_mkt_003711,True
3712,INDEX_BCI,2026-01-12 00:00:00,2026-01-12 18:00:00,2364.6,POINTS,1,v1.0,VALID,SYNTHETIC,hash_mkt_003712,True
3713,INDEX_BPI,2026-01-12 00:00:00,2026-01-12 18:00:00,1485.9,POINTS,1,v1.0,VALID,SYNTHETIC,hash_mkt_003713,True
3714,INDEX_BSI,2026-01-12 00:00:00,2026-01-12 18:00:00,1151.5,POINTS,1,v1.0,VALID,SYNTHETIC,hash_mkt_003714,True
3715,INDEX_BHSI,2026-01-12 00:00:00,2026-01-12 18:00:00,712.4,POINTS,1,v1.0,VALID,SYNTHETIC,hash_mkt_003715,True
3716,INDEX_BDI,2026-01-13 00:00:00,2026-01-13 18:00:00,1510.3,POINTS,1,v1.0,VALID,SYNTHETIC,hash_mkt_003716,True
3717,INDEX_BCI,2026-01-13 00:00:00,2026-01-13 18:00:00,2323.7,POINTS,1,v1.0,VALID,SYNTHETIC,hash_mkt_003717,True
3718,INDEX_BPI,2026-01-13 00:00:00,2026-01-13 18:00:00,1475.8,POINTS,1,v1.0,VALID,SYNTHETIC,hash_mkt_003718,True
3719,INDEX_BSI,2026-01-13 00:00:00,2026-01-13 18:00:00,1119.8,POINTS,1,v1.0,VALID,SYNTHETIC,hash_mkt_003719,True
3720,INDEX_BHSI,2026-01-13 00:00:00,2026-01-13 18:00:00,697.8,POINTS,1,v1.0,VALID,SYNTHETIC,hash_mkt_003720,True
3721,INDEX_BDI,2026-01-14 00:00:00,2026-01-14 18:00:00,1515.5,POINTS,1,v1.0,VALID,SYNTHETIC,hash_mkt_003721,True
3722,INDEX_BCI,2026-01-14 00:00:00,2026-01-14 18:00:00,2410.8,POINTS,1,v1.0,VALID,SYNTHETIC,hash_mkt_003722,True
3723,INDEX_BPI,2026-01-14 00:00:00,2026-01-14 18:00:00,1394.3,POINTS,1,v1.0,VALID,SYNTHETIC,hash_mkt_003723,True
3724,INDEX_BSI,2026-01-14 00:00:00,2026-01-14 18:00:00,1123.0,POINTS,1,v1.0,VALID,SYNTHETIC,hash_mkt_003724,True
3725,INDEX_BHSI,2026-01-14 00:00:00,2026-01-14 18:00:00,709.5,POINTS,1,v1.0,VALID,SYNTHETIC,hash_mkt_003725,True
3726,INDEX_BDI,2026-01-15 00:00:00,2026-01-15 18:00:00,1435.4,POINTS,1,v1.0,VALID,SYNTHETIC,hash_mkt_003726,True
3727,INDEX_BCI,2026-01-15 00:00:00,2026-01-15 18:00:00,2329.5,POINTS,1,v1.0,VALID,SYNTHETIC,hash_mkt_003727,True
3728,INDEX_BPI,2026-01-15 00:00:00,2026-01-15 18:00:00,1477.7,POINTS,1,v1.0,VALID,SYNTHETIC,hash_mkt_003728,True
3729,INDEX_BSI,2026-01-15 00:00:00,2026-01-15 18:00:00,1110.1,POINTS,1,v1.0,VALID,SYNTHETIC,hash_mkt_003729,True
3730,INDEX_BHSI,2026-01-15 00:00:00,2026-01-15 18:00:00,697.6,POINTS,1,v1.0,VALID,SYNTHETIC,hash_mkt_003730,True
3731,INDEX_BDI,2026-01-16 00:00:00,2026-01-16 18:00:00,1491.2,POINTS,1,v1.0,VALID,SYNTHETIC,hash_mkt_003731,True
3732,INDEX_BCI,2026-01-16 00:00:00,2026-01-16 18:00:00,2366.2,POINTS,1,v1.0,VALID,SYNTHETIC,hash_mkt_003732,True
3733,INDEX_BPI,2026-01-16 00:00:00,2026-01-16 18:00:00,1409.6,POINTS,1,v1.0,VALID,SYNTHETIC,hash_mkt_003733,True
3734,INDEX_BSI,2026-01-16 00:00:00,2026-01-16 18:00:00,1096.2,POINTS,1,v1.0,VALID,SYNTHETIC,hash_mkt_003734,True
3735,INDEX_BHSI,2026-01-16 00:00:00,2026-01-16 18:00:00,700.6,POINTS,1,v1.0,VALID,SYNTHETIC,hash_mkt_003735,True
3736,INDEX_BDI,2026-01-17 00:00:00,2026-01-17 18:00:00,1469.7,POINTS,1,v1.0,VALID,SYNTHETIC,hash_mkt_003736,True
3737,INDEX_BCI,2026-01-17 00:00:00,2026-01-17 18:00:00,2285.4,POINTS,1,v1.0,VALID,SYNTHETIC,hash_mkt_003737,True
3738,INDEX_BPI,2026-01-17 00:00:00,2026-01-17 18:00:00,1408.8,POINTS,1,v1.0,VALID,SYNTHETIC,hash_mkt_003738,True
3739,INDEX_BSI,2026-01-17 00:00:00,2026-01-17 18:00:00,1094.4,POINTS,1,v1.0,VALID,SYNTHETIC,hash_mkt_003739,True
3740,INDEX_BHSI,2026-01-17 00:00:00,2026-01-17 18:00:00,723.1,POINTS,1,v1.0,VALID,SYNTHETIC,hash_mkt_003740,True
3741,INDEX_BDI,2026-01-18 00:00:00,2026-01-18 18:00:00,1448.3,POINTS,1,v1.0,VALID,SYNTHETIC,hash_mkt_003741,True
3742,INDEX_BCI,2026-01-18 00:00:00,2026-01-18 18:00:00,2227.3,POINTS,1,v1.0,VALID,SYNTHETIC,hash_mkt_003742,True
3743,INDEX_BPI,2026-01-18 00:00:00,2026-01-18 18:00:00,1407.5,POINTS,1,v1.0,VALID,SYNTHETIC,hash_mkt_003743,True
3744,INDEX_BSI,2026-01-18 00:00:00,2026-01-18 18:00:00,1109.9,POINTS,1,v1.0,VALID,SYNTHETIC,hash_mkt_003744,True
3745,INDEX_BHSI,2026-01-18 00:00:00,2026-01-18 18:00:00,690.2,POINTS,1,v1.0,VALID,SYNTHETIC,hash_mkt_003745,True
3746,INDEX_BDI,2026-01-19 00:00:00,2026-01-19 18:00:00,1441.8,POINTS,1,v1.0,VALID,SYNTHETIC,hash_mkt_003746,True
3747,INDEX_BCI,2026-01-19 00:00:00,2026-01-19 18:00:00,2291.1,POINTS,1,v1.0,VALID,SYNTHETIC,hash_mkt_003747,True
3748,INDEX_BPI,2026-01-19 00:00:00,2026-01-19 18:00:00,1394.8,POINTS,1,v1.0,VALID,SYNTHETIC,hash_mkt_003748,True
3749,INDEX_BSI,2026-01-19 00:00:00,2026-01-19 18:00:00,1053.0,POINTS,1,v1.0,VALID,SYNTHETIC,hash_mkt_003749,True
3750,INDEX_BHSI,2026-01-19 00:00:00,2026-01-19 18:00:00,673.1,POINTS,1,v1.0,VALID,SYNTHETIC,hash_mkt_003750,True
3751,INDEX_BDI,2026-01-20 00:00:00,2026-01-20 18:00:00,1454.0,POINTS,1,v1.0,VALID,SYNTHETIC,hash_mkt_003751,True
3752,INDEX_BCI,2026-01-20 00:00:00,2026-01-20 18:00:00,2313.6,POINTS,1,v1.0,VALID,SYNTHETIC,hash_mkt_003752,True
3753,INDEX_BPI,2026-01-20 00:00:00,2026-01-20 18:00:00,1407.0,POINTS,1,v1.0,VALID,SYNTHETIC,hash_mkt_003753,True
3754,INDEX_BSI,2026-01-20 00:00:00,2026-01-20 18:00:00,1064.3,POINTS,1,v1.0,VALID,SYNTHETIC,hash_mkt_003754,True
3755,INDEX_BHSI,2026-01-20 00:00:00,2026-01-20 18:00:00,674.7,POINTS,1,v1.0,VALID,SYNTHETIC,hash_mkt_003755,True
3756,INDEX_BDI,2026-01-21 00:00:00,2026-01-21 18:00:00,1436.9,POINTS,1,v1.0,VALID,SYNTHETIC,hash_mkt_003756,True
3757,INDEX_BCI,2026-01-21 00:00:00,2026-01-21 18:00:00,2317.6,POINTS,1,v1.0,VALID,SYNTHETIC,hash_mkt_003757,True
3758,INDEX_BPI,2026-01-21 00:00:00,2026-01-21 18:00:00,1357.8,POINTS,1,v1.0,VALID,SYNTHETIC,hash_mkt_003758,True
3759,INDEX_BSI,2026-01-21 00:00:00,2026-01-21 18:00:00,1069.7,POINTS,1,v1.0,VALID,SYNTHETIC,hash_mkt_003759,True
3760,INDEX_BHSI,2026-01-21 00:00:00,2026-01-21 18:00:00,673.4,POINTS,1,v1.0,VALID,SYNTHETIC,hash_mkt_003760,True
3761,INDEX_BDI,2026-01-22 00:00:00,2026-01-22 18:00:00,1438.1,POINTS,1,v1.0,VALID,SYNTHETIC,hash_mkt_003761,True
3762,INDEX_BCI,2026-01-22 00:00:00,2026-01-22 18:00:00,2312.0,POINTS,1,v1.0,VALID,SYNTHETIC,hash_mkt_003762,True
3763,INDEX_BPI,2026-01-22 00:00:00,2026-01-22 18:00:00,1375.6,POINTS,1,v1.0,VALID,SYNTHETIC,hash_mkt_003763,True
3764,INDEX_BSI,2026-01-22 00:00:00,2026-01-22 18:00:00,1054.6,POINTS,1,v1.0,VALID,SYNTHETIC,hash_mkt_003764,True
3765,INDEX_BHSI,2026-01-22 00:00:00,2026-01-22 18:00:00,669.3,POINTS,1,v1.0,VALID,SYNTHETIC,hash_mkt_003765,True
3766,INDEX_BDI,2026-01-23 00:00:00,2026-01-23 18:00:00,1368.4,POINTS,1,v1.0,VALID,SYNTHETIC,hash_mkt_003766,True
3767,INDEX_BCI,2026-01-23 00:00:00,2026-01-23 18:00:00,2271.1,POINTS,1,v1.0,VALID,SYNTHETIC,hash_mkt_003767,True
3768,INDEX_BPI,2026-01-23 00:00:00,2026-01-23 18:00:00,1343.0,POINTS,1,v1.0,VALID,SYNTHETIC,hash_mkt_003768,True
3769,INDEX_BSI,2026-01-23 00:00:00,2026-01-23 18:00:00,1058.9,POINTS,1,v1.0,VALID,SYNTHETIC,hash_mkt_003769,True
3770,INDEX_BHSI,2026-01-23 00:00:00,2026-01-23 18:00:00,674.0,POINTS,1,v1.0,VALID,SYNTHETIC,hash_mkt_003770,True
3771,INDEX_BDI,2026-01-24 00:00:00,2026-01-24 18:00:00,1409.1,POINTS,1,v1.0,VALID,SYNTHETIC,hash_mkt_003771,True
3772,INDEX_BCI,2026-01-24 00:00:00,2026-01-24 18:00:00,2231.2,POINTS,1,v1.0,VALID,SYNTHETIC,hash_mkt_003772,True
3773,INDEX_BPI,2026-01-24 00:00:00,2026-01-24 18:00:00,1379.0,POINTS,1,v1.0,VALID,SYNTHETIC,hash_mkt_003773,True
3774,INDEX_BSI,2026-01-24 00:00:00,2026-01-24 18:00:00,1060.3,POINTS,1,v1.0,VALID,SYNTHETIC,hash_mkt_003774,True
3775,INDEX_BHSI,2026-01-24 00:00:00,2026-01-24 18:00:00,659.4,POINTS,1,v1.0,VALID,SYNTHETIC,hash_mkt_003775,True
3776,INDEX_BDI,2026-01-25 00:00:00,2026-01-25 18:00:00,1399.6,POINTS,1,v1.0,VALID,SYNTHETIC,hash_mkt_003776,True
3777,INDEX_BCI,2026-01-25 00:00:00,2026-01-25 18:00:00,2308.1,POINTS,1,v1.0,VALID,SYNTHETIC,hash_mkt_003777,True
3778,INDEX_BPI,2026-01-25 00:00:00,2026-01-25 18:00:00,1369.3,POINTS,1,v1.0,VALID,SYNTHETIC,hash_mkt_003778,True
3779,INDEX_BSI,2026-01-25 00:00:00,2026-01-25 18:00:00,1042.5,POINTS,1,v1.0,VALID,SYNTHETIC,hash_mkt_003779,True
3780,INDEX_BHSI,2026-01-25 00:00:00,2026-01-25 18:00:00,660.8,POINTS,1,v1.0,VALID,SYNTHETIC,hash_mkt_003780,True
3781,INDEX_BDI,2026-01-26 00:00:00,2026-01-26 18:00:00,1334.5,POINTS,1,v1.0,VALID,SYNTHETIC,hash_mkt_003781,True
3782,INDEX_BCI,2026-01-26 00:00:00,2026-01-26 18:00:00,2316.5,POINTS,1,v1.0,VALID,SYNTHETIC,hash_mkt_003782,True
3783,INDEX_BPI,2026-01-26 00:00:00,2026-01-26 18:00:00,1310.6,POINTS,1,v1.0,VALID,SYNTHETIC,hash_mkt_003783,True
3784,INDEX_BSI,2026-01-26 00:00:00,2026-01-26 18:00:00,1029.8,POINTS,1,v1.0,VALID,SYNTHETIC,hash_mkt_003784,True
3785,INDEX_BHSI,2026-01-26 00:00:00,2026-01-26 18:00:00,652.1,POINTS,1,v1.0,VALID,SYNTHETIC,hash_mkt_003785,True
3786,INDEX_BDI,2026-01-27 00:00:00,2026-01-27 18:00:00,1398.3,POINTS,1,v1.0,VALID,SYNTHETIC,hash_mkt_003786,True
3787,INDEX_BCI,2026-01-27 00:00:00,2026-01-27 18:00:00,2184.7,POINTS,1,v1.0,VALID,SYNTHETIC,hash_mkt_003787,True
3788,INDEX_BPI,2026-01-27 00:00:00,2026-01-27 18:00:00,1345.3,POINTS,1,v1.0,VALID,SYNTHETIC,hash_mkt_003788,True
3789,INDEX_BSI,2026-01-27 00:00:00,2026-01-27 18:00:00,1006.1,POINTS,1,v1.0,VALID,SYNTHETIC,hash_mkt_003789,True
3790,INDEX_BHSI,2026-01-27 00:00:00,2026-01-27 18:00:00,651.3,POINTS,1,v1.0,VALID,SYNTHETIC,hash_mkt_003790,True
3791,INDEX_BDI,2026-01-28 00:00:00,2026-01-28 18:00:00,1340.6,POINTS,1,v1.0,VALID,SYNTHETIC,hash_mkt_003791,True
3792,INDEX_BCI,2026-01-28 00:00:00,2026-01-28 18:00:00,2275.5,POINTS,1,v1.0,VALID,SYNTHETIC,hash_mkt_003792,True
3793,INDEX_BPI,2026-01-28 00:00:00,2026-01-28 18:00:00,1319.0,POINTS,1,v1.0,VALID,SYNTHETIC,hash_mkt_003793,True
3794,INDEX_BSI,2026-01-28 00:00:00,2026-01-28 18:00:00,1041.3,POINTS,1,v1.0,VALID,SYNTHETIC,hash_mkt_003794,True
3795,INDEX_BHSI,2026-01-28 00:00:00,2026-01-28 18:00:00,648.8,POINTS,1,v1.0,VALID,SYNTHETIC,hash_mkt_003795,True
3796,INDEX_BDI,2026-01-29 00:00:00,2026-01-29 18:00:00,1382.9,POINTS,1,v1.0,VALID,SYNTHETIC,hash_mkt_003796,True
3797,INDEX_BCI,2026-01-29 00:00:00,2026-01-29 18:00:00,2128.2,POINTS,1,v1.0,VALID,SYNTHETIC,hash_mkt_003797,True
3798,INDEX_BPI,2026-01-29 00:00:00,2026-01-29 18:00:00,1334.7,POINTS,1,v1.0,VALID,SYNTHETIC,hash_mkt_003798,True
3799,INDEX_BSI,2026-01-29 00:00:00,2026-01-29 18:00:00,1049.5,POINTS,1,v1.0,VALID,SYNTHETIC,hash_mkt_003799,True
3800,INDEX_BHSI,2026-01-29 00:00:00,2026-01-29 18:00:00,633.7,POINTS,1,v1.0,VALID,SYNTHETIC,hash_mkt_003800,True
3801,INDEX_BDI,2026-01-30 00:00:00,2026-01-30 18:00:00,1386.7,POINTS,1,v1.0,VALID,SYNTHETIC,hash_mkt_003801,True
3802,INDEX_BCI,2026-01-30 00:00:00,2026-01-30 18:00:00,2230.4,POINTS,1,v1.0,VALID,SYNTHETIC,hash_mkt_003802,True
3803,INDEX_BPI,2026-01-30 00:00:00,2026-01-30 18:00:00,1334.2,POINTS,1,v1.0,VALID,SYNTHETIC,hash_mkt_003803,True
3804,INDEX_BSI,2026-01-30 00:00:00,2026-01-30 18:00:00,1039.1,POINTS,1,v1.0,VALID,SYNTHETIC,hash_mkt_003804,True
3805,INDEX_BHSI,2026-01-30 00:00:00,2026-01-30 18:00:00,656.3,POINTS,1,v1.0,VALID,SYNTHETIC,hash_mkt_003805,True
3806,INDEX_BDI,2026-01-31 00:00:00,2026-01-31 18:00:00,1397.7,POINTS,1,v1.0,VALID,SYNTHETIC,hash_mkt_003806,True
3807,INDEX_BCI,2026-01-31 00:00:00,2026-01-31 18:00:00,2222.9,POINTS,1,v1.0,VALID,SYNTHETIC,hash_mkt_003807,True
3808,INDEX_BPI,2026-01-31 00:00:00,2026-01-31 18:00:00,1307.0,POINTS,1,v1.0,VALID,SYNTHETIC,hash_mkt_003808,True
3809,INDEX_BSI,2026-01-31 00:00:00,2026-01-31 18:00:00,1016.7,POINTS,1,v1.0,VALID,SYNTHETIC,hash_mkt_003809,True
3810,INDEX_BHSI,2026-01-31 00:00:00,2026-01-31 18:00:00,637.8,POINTS,1,v1.0,VALID,SYNTHETIC,hash_mkt_003810,True
3811,INDEX_BDI,2026-02-01 00:00:00,2026-02-01 18:00:00,1363.5,POINTS,1,v1.0,VALID,SYNTHETIC,hash_mkt_003811,True
3812,INDEX_BCI,2026-02-01 00:00:00,2026-02-01 18:00:00,2206.3,POINTS,1,v1.0,VALID,SYNTHETIC,hash_mkt_003812,True
3813,INDEX_BPI,2026-02-01 00:00:00,2026-02-01 18:00:00,1310.8,POINTS,1,v1.0,VALID,SYNTHETIC,hash_mkt_003813,True
3814,INDEX_BSI,2026-02-01 00:00:00,2026-02-01 18:00:00,1038.2,POINTS,1,v1.0,VALID,SYNTHETIC,hash_mkt_003814,True
3815,INDEX_BHSI,2026-02-01 00:00:00,2026-02-01 18:00:00,651.5,POINTS,1,v1.0,VALID,SYNTHETIC,hash_mkt_003815,True
3816,INDEX_BDI,2026-02-02 00:00:00,2026-02-02 18:00:00,1402.5,POINTS,1,v1.0,VALID,SYNTHETIC,hash_mkt_003816,True
3817,INDEX_BCI,2026-02-02 00:00:00,2026-02-02 18:00:00,2255.8,POINTS,1,v1.0,VALID,SYNTHETIC,hash_mkt_003817,True
3818,INDEX_BPI,2026-02-02 00:00:00,2026-02-02 18:00:00,1319.7,POINTS,1,v1.0,VALID,SYNTHETIC,hash_mkt_003818,True
3819,INDEX_BSI,2026-02-02 00:00:00,2026-02-02 18:00:00,1027.3,POINTS,1,v1.0,VALID,SYNTHETIC,hash_mkt_003819,True
3820,INDEX_BHSI,2026-02-02 00:00:00,2026-02-02 18:00:00,647.3,POINTS,1,v1.0,VALID,SYNTHETIC,hash_mkt_003820,True
3821,INDEX_BDI,2026-02-03 00:00:00,2026-02-03 18:00:00,1351.8,POINTS,1,v1.0,VALID,SYNTHETIC,hash_mkt_003821,True
3822,INDEX_BCI,2026-02-03 00:00:00,2026-02-03 18:00:00,2207.5,POINTS,1,v1.0,VALID,SYNTHETIC,hash_mkt_003822,True
3823,INDEX_BPI,2026-02-03 00:00:00,2026-02-03 18:00:00,1287.3,POINTS,1,v1.0,VALID,SYNTHETIC,hash_mkt_003823,True
3824,INDEX_BSI,2026-02-03 00:00:00,2026-02-03 18:00:00,1021.9,POINTS,1,v1.0,VALID,SYNTHETIC,hash_mkt_003824,True
3825,INDEX_BHSI,2026-02-03 00:00:00,2026-02-03 18:00:00,644.5,POINTS,1,v1.0,VALID,SYNTHETIC,hash_mkt_003825,True
3826,INDEX_BDI,2026-02-04 00:00:00,2026-02-04 18:00:00,1418.8,POINTS,1,v1.0,VALID,SYNTHETIC,hash_mkt_003826,True
3827,INDEX_BCI,2026-02-04 00:00:00,2026-02-04 18:00:00,2246.6,POINTS,1,v1.0,VALID,SYNTHETIC,hash_mkt_003827,True
3828,INDEX_BPI,2026-02-04 00:00:00,2026-02-04 18:00:00,1364.4,POINTS,1,v1.0,VALID,SYNTHETIC,hash_mkt_003828,True
3829,INDEX_BSI,2026-02-04 00:00:00,2026-02-04 18:00:00,1032.5,POINTS,1,v1.0,VALID,SYNTHETIC,hash_mkt_003829,True
3830,INDEX_BHSI,2026-02-04 00:00:00,2026-02-04 18:00:00,649.0,POINTS,1,v1.0,VALID,SYNTHETIC,hash_mkt_003830,True
3831,INDEX_BDI,2026-02-05 00:00:00,2026-02-05 18:00:00,1368.9,POINTS,1,v1.0,VALID,SYNTHETIC,hash_mkt_003831,True
3832,INDEX_BCI,2026-02-05 00:00:00,2026-02-05 18:00:00,2324.1,POINTS,1,v1.0,VALID,SYNTHETIC,hash_mkt_003832,True
3833,INDEX_BPI,2026-02-05 00:00:00,2026-02-05 18:00:00,1335.8,POINTS,1,v1.0,VALID,SYNTHETIC,hash_mkt_003833,True
3834,INDEX_BSI,2026-02-05 00:00:00,2026-02-05 18:00:00,1050.9,POINTS,1,v1.0,VALID,SYNTHETIC,hash_mkt_003834,True
3835,INDEX_BHSI,2026-02-05 00:00:00,2026-02-05 18:00:00,638.5,POINTS,1,v1.0,VALID,SYNTHETIC,hash_mkt_003835,True
3836,INDEX_BDI,2026-02-06 00:00:00,2026-02-06 18:00:00,1379.5,POINTS,1,v1.0,VALID,SYNTHETIC,hash_mkt_003836,True
3837,INDEX_BCI,2026-02-06 00:00:00,2026-02-06 18:00:00,2326.0,POINTS,1,v1.0,VALID,SYNTHETIC,hash_mkt_003837,True
3838,INDEX_BPI,2026-02-06 00:00:00,2026-02-06 18:00:00,1346.3,POINTS,1,v1.0,VALID,SYNTHETIC,hash_mkt_003838,True
3839,INDEX_BSI,2026-02-06 00:00:00,2026-02-06 18:00:00,1036.3,POINTS,1,v1.0,VALID,SYNTHETIC,hash_mkt_003839,True
3840,INDEX_BHSI,2026-02-06 00:00:00,2026-02-06 18:00:00,655.6,POINTS,1,v1.0,VALID,SYNTHETIC,hash_mkt_003840,True
3841,INDEX_BDI,2026-02-07 00:00:00,2026-02-07 18:00:00,1389.6,POINTS,1,v1.0,VALID,SYNTHETIC,hash_mkt_003841,True
3842,INDEX_BCI,2026-02-07 00:00:00,2026-02-07 18:00:00,2298.0,POINTS,1,v1.0,VALID,SYNTHETIC,hash_mkt_003842,True
3843,INDEX_BPI,2026-02-07 00:00:00,2026-02-07 18:00:00,1334.6,POINTS,1,v1.0,VALID,SYNTHETIC,hash_mkt_003843,True
3844,INDEX_BSI,2026-02-07 00:00:00,2026-02-07 18:00:00,1047.4,POINTS,1,v1.0,VALID,SYNTHETIC,hash_mkt_003844,True
3845,INDEX_BHSI,2026-02-07 00:00:00,2026-02-07 18:00:00,668.7,POINTS,1,v1.0,VALID,SYNTHETIC,hash_mkt_003845,True
3846,INDEX_BDI,2026-02-08 00:00:00,2026-02-08 18:00:00,1401.8,POINTS,1,v1.0,VALID,SYNTHETIC,hash_mkt_003846,True
3847,INDEX_BCI,2026-02-08 00:00:00,2026-02-08 18:00:00,2334.2,POINTS,1,v1.0,VALID,SYNTHETIC,hash_mkt_003847,True
3848,INDEX_BPI,2026-02-08 00:00:00,2026-02-08 18:00:00,1339.5,POINTS,1,v1.0,VALID,SYNTHETIC,hash_mkt_003848,True
3849,INDEX_BSI,2026-02-08 00:00:00,2026-02-08 18:00:00,1068.7,POINTS,1,v1.0,VALID,SYNTHETIC,hash_mkt_003849,True
3850,INDEX_BHSI,2026-02-08 00:00:00,2026-02-08 18:00:00,649.5,POINTS,1,v1.0,VALID,SYNTHETIC,hash_mkt_003850,True
3851,INDEX_BDI,2026-02-09 00:00:00,2026-02-09 18:00:00,1430.6,POINTS,1,v1.0,VALID,SYNTHETIC,hash_mkt_003851,True
3852,INDEX_BCI,2026-02-09 00:00:00,2026-02-09 18:00:00,2319.9,POINTS,1,v1.0,VALID,SYNTHETIC,hash_mkt_003852,True
3853,INDEX_BPI,2026-02-09 00:00:00,2026-02-09 18:00:00,1383.6,POINTS,1,v1.0,VALID,SYNTHETIC,hash_mkt_003853,True
3854,INDEX_BSI,2026-02-09 00:00:00,2026-02-09 18:00:00,1051.0,POINTS,1,v1.0,VALID,SYNTHETIC,hash_mkt_003854,True
3855,INDEX_BHSI,2026-02-09 00:00:00,2026-02-09 18:00:00,658.1,POINTS,1,v1.0,VALID,SYNTHETIC,hash_mkt_003855,True
3856,INDEX_BDI,2026-02-10 00:00:00,2026-02-10 18:00:00,1425.2,POINTS,1,v1.0,VALID,SYNTHETIC,hash_mkt_003856,True
3857,INDEX_BCI,2026-02-10 00:00:00,2026-02-10 18:00:00,2445.9,POINTS,1,v1.0,VALID,SYNTHETIC,hash_mkt_003857,True
3858,INDEX_BPI,2026-02-10 00:00:00,2026-02-10 18:00:00,1395.5,POINTS,1,v1.0,VALID,SYNTHETIC,hash_mkt_003858,True
3859,INDEX_BSI,2026-02-10 00:00:00,2026-02-10 18:00:00,1058.4,POINTS,1,v1.0,VALID,SYNTHETIC,hash_mkt_003859,True
3860,INDEX_BHSI,2026-02-10 00:00:00,2026-02-10 18:00:00,666.6,POINTS,1,v1.0,VALID,SYNTHETIC,hash_mkt_003860,True
3861,INDEX_BDI,2026-02-11 00:00:00,2026-02-11 18:00:00,1430.1,POINTS,1,v1.0,VALID,SYNTHETIC,hash_mkt_003861,True
3862,INDEX_BCI,2026-02-11 00:00:00,2026-02-11 18:00:00,2424.3,POINTS,1,v1.0,VALID,SYNTHETIC,hash_mkt_003862,True
3863,INDEX_BPI,2026-02-11 00:00:00,2026-02-11 18:00:00,1362.0,POINTS,1,v1.0,VALID,SYNTHETIC,hash_mkt_003863,True
3864,INDEX_BSI,2026-02-11 00:00:00,2026-02-11 18:00:00,1099.1,POINTS,1,v1.0,VALID,SYNTHETIC,hash_mkt_003864,True
3865,INDEX_BHSI,2026-02-11 00:00:00,2026-02-11 18:00:00,676.4,POINTS,1,v1.0,VALID,SYNTHETIC,hash_mkt_003865,True
3866,INDEX_BDI,2026-02-12 00:00:00,2026-02-12 18:00:00,1466.1,POINTS,1,v1.0,VALID,SYNTHETIC,hash_mkt_003866,True
3867,INDEX_BCI,2026-02-12 00:00:00,2026-02-12 18:00:00,2455.9,POINTS,1,v1.0,VALID,SYNTHETIC,hash_mkt_003867,True
3868,INDEX_BPI,2026-02-12 00:00:00,2026-02-12 18:00:00,1423.8,POINTS,1,v1.0,VALID,SYNTHETIC,hash_mkt_003868,True
3869,INDEX_BSI,2026-02-12 00:00:00,2026-02-12 18:00:00,1083.0,POINTS,1,v1.0,VALID,SYNTHETIC,hash_mkt_003869,True
3870,INDEX_BHSI,2026-02-12 00:00:00,2026-02-12 18:00:00,689.4,POINTS,1,v1.0,VALID,SYNTHETIC,hash_mkt_003870,True
3871,INDEX_BDI,2026-02-13 00:00:00,2026-02-13 18:00:00,1442.7,POINTS,1,v1.0,VALID,SYNTHETIC,hash_mkt_003871,True
3872,INDEX_BCI,2026-02-13 00:00:00,2026-02-13 18:00:00,2427.6,POINTS,1,v1.0,VALID,SYNTHETIC,hash_mkt_003872,True
3873,INDEX_BPI,2026-02-13 00:00:00,2026-02-13 18:00:00,1431.3,POINTS,1,v1.0,VALID,SYNTHETIC,hash_mkt_003873,True
3874,INDEX_BSI,2026-02-13 00:00:00,2026-02-13 18:00:00,1125.0,POINTS,1,v1.0,VALID,SYNTHETIC,hash_mkt_003874,True
3875,INDEX_BHSI,2026-02-13 00:00:00,2026-02-13 18:00:00,681.7,POINTS,1,v1.0,VALID,SYNTHETIC,hash_mkt_003875,True
3876,INDEX_BDI,2026-02-14 00:00:00,2026-02-14 18:00:00,1461.1,POINTS,1,v1.0,VALID,SYNTHETIC,hash_mkt_003876,True
3877,INDEX_BCI,2026-02-14 00:00:00,2026-02-14 18:00:00,2434.2,POINTS,1,v1.0,VALID,SYNTHETIC,hash_mkt_003877,True
3878,INDEX_BPI,2026-02-14 00:00:00,2026-02-14 18:00:00,1450.8,POINTS,1,v1.0,VALID,SYNTHETIC,hash_mkt_003878,True
3879,INDEX_BSI,2026-02-14 00:00:00,2026-02-14 18:00:00,1130.3,POINTS,1,v1.0,VALID,SYNTHETIC,hash_mkt_003879,True
3880,INDEX_BHSI,2026-02-14 00:00:00,2026-02-14 18:00:00,696.4,POINTS,1,v1.0,VALID,SYNTHETIC,hash_mkt_003880,True
3881,INDEX_BDI,2026-02-15 00:00:00,2026-02-15 18:00:00,1461.8,POINTS,1,v1.0,VALID,SYNTHETIC,hash_mkt_003881,True
3882,INDEX_BCI,2026-02-15 00:00:00,2026-02-15 18:00:00,2480.9,POINTS,1,v1.0,VALID,SYNTHETIC,hash_mkt_003882,True
3883,INDEX_BPI,2026-02-15 00:00:00,2026-02-15 18:00:00,1451.0,POINTS,1,v1.0,VALID,SYNTHETIC,hash_mkt_003883,True
3884,INDEX_BSI,2026-02-15 00:00:00,2026-02-15 18:00:00,1124.4,POINTS,1,v1.0,VALID,SYNTHETIC,hash_mkt_003884,True
3885,INDEX_BHSI,2026-02-15 00:00:00,2026-02-15 18:00:00,701.6,POINTS,1,v1.0,VALID,SYNTHETIC,hash_mkt_003885,True
3886,INDEX_BDI,2026-02-16 00:00:00,2026-02-16 18:00:00,1542.9,POINTS,1,v1.0,VALID,SYNTHETIC,hash_mkt_003886,True
3887,INDEX_BCI,2026-02-16 00:00:00,2026-02-16 18:00:00,2526.7,POINTS,1,v1.0,VALID,SYNTHETIC,hash_mkt_003887,True
3888,INDEX_BPI,2026-02-16 00:00:00,2026-02-16 18:00:00,1490.6,POINTS,1,v1.0,VALID,SYNTHETIC,hash_mkt_003888,True
3889,INDEX_BSI,2026-02-16 00:00:00,2026-02-16 18:00:00,1135.4,POINTS,1,v1.0,VALID,SYNTHETIC,hash_mkt_003889,True
3890,INDEX_BHSI,2026-02-16 00:00:00,2026-02-16 18:00:00,729.0,POINTS,1,v1.0,VALID,SYNTHETIC,hash_mkt_003890,True
3891,INDEX_BDI,2026-02-17 00:00:00,2026-02-17 18:00:00,1560.9,POINTS,1,v1.0,VALID,SYNTHETIC,hash_mkt_003891,True
3892,INDEX_BCI,2026-02-17 00:00:00,2026-02-17 18:00:00,2569.4,POINTS,1,v1.0,VALID,SYNTHETIC,hash_mkt_003892,True
3893,INDEX_BPI,2026-02-17 00:00:00,2026-02-17 18:00:00,1514.0,POINTS,1,v1.0,VALID,SYNTHETIC,hash_mkt_003893,True
3894,INDEX_BSI,2026-02-17 00:00:00,2026-02-17 18:00:00,1150.4,POINTS,1,v1.0,VALID,SYNTHETIC,hash_mkt_003894,True
3895,INDEX_BHSI,2026-02-17 00:00:00,2026-02-17 18:00:00,725.6,POINTS,1,v1.0,VALID,SYNTHETIC,hash_mkt_003895,True
3896,INDEX_BDI,2026-02-18 00:00:00,2026-02-18 18:00:00,1569.0,POINTS,1,v1.0,VALID,SYNTHETIC,hash_mkt_003896,True
3897,INDEX_BCI,2026-02-18 00:00:00,2026-02-18 18:00:00,2614.2,POINTS,1,v1.0,VALID,SYNTHETIC,hash_mkt_003897,True
3898,INDEX_BPI,2026-02-18 00:00:00,2026-02-18 18:00:00,1528.0,POINTS,1,v1.0,VALID,SYNTHETIC,hash_mkt_003898,True
3899,INDEX_BSI,2026-02-18 00:00:00,2026-02-18 18:00:00,1193.9,POINTS,1,v1.0,VALID,SYNTHETIC,hash_mkt_003899,True
3900,INDEX_BHSI,2026-02-18 00:00:00,2026-02-18 18:00:00,740.4,POINTS,1,v1.0,VALID,SYNTHETIC,hash_mkt_003900,True
3901,INDEX_BDI,2026-02-19 00:00:00,2026-02-19 18:00:00,1584.4,POINTS,1,v1.0,VALID,SYNTHETIC,hash_mkt_003901,True
3902,INDEX_BCI,2026-02-19 00:00:00,2026-02-19 18:00:00,2652.7,POINTS,1,v1.0,VALID,SYNTHETIC,hash_mkt_003902,True
3903,INDEX_BPI,2026-02-19 00:00:00,2026-02-19 18:00:00,1551.0,POINTS,1,v1.0,VALID,SYNTHETIC,hash_mkt_003903,True
3904,INDEX_BSI,2026-02-19 00:00:00,2026-02-19 18:00:00,1179.6,POINTS,1,v1.0,VALID,SYNTHETIC,hash_mkt_003904,True
3905,INDEX_BHSI,2026-02-19 00:00:00,2026-02-19 18:00:00,736.9,POINTS,1,v1.0,VALID,SYNTHETIC,hash_mkt_003905,True
3906,INDEX_BDI,2026-02-20 00:00:00,2026-02-20 18:00:00,1632.9,POINTS,1,v1.0,VALID,SYNTHETIC,hash_mkt_003906,True
3907,INDEX_BCI,2026-02-20 00:00:00,2026-02-20 18:00:00,2682.3,POINTS,1,v1.0,VALID,SYNTHETIC,hash_mkt_003907,True
3908,INDEX_BPI,2026-02-20 00:00:00,2026-02-20 18:00:00,1579.4,POINTS,1,v1.0,VALID,SYNTHETIC,hash_mkt_003908,True
3909,INDEX_BSI,2026-02-20 00:00:00,2026-02-20 18:00:00,1182.0,POINTS,1,v1.0,VALID,SYNTHETIC,hash_mkt_003909,True
3910,INDEX_BHSI,2026-02-20 00:00:00,2026-02-20 18:00:00,752.0,POINTS,1,v1.0,VALID,SYNTHETIC,hash_mkt_003910,True
3911,INDEX_BDI,2026-02-21 00:00:00,2026-02-21 18:00:00,1643.2,POINTS,1,v1.0,VALID,SYNTHETIC,hash_mkt_003911,True
3912,INDEX_BCI,2026-02-21 00:00:00,2026-02-21 18:00:00,2652.8,POINTS,1,v1.0,VALID,SYNTHETIC,hash_mkt_003912,True
3913,INDEX_BPI,2026-02-21 00:00:00,2026-02-21 18:00:00,1569.1,POINTS,1,v1.0,VALID,SYNTHETIC,hash_mkt_003913,True
3914,INDEX_BSI,2026-02-21 00:00:00,2026-02-21 18:00:00,1219.7,POINTS,1,v1.0,VALID,SYNTHETIC,hash_mkt_003914,True
3915,INDEX_BHSI,2026-02-21 00:00:00,2026-02-21 18:00:00,763.5,POINTS,1,v1.0,VALID,SYNTHETIC,hash_mkt_003915,True
3916,INDEX_BDI,2026-02-22 00:00:00,2026-02-22 18:00:00,1685.3,POINTS,1,v1.0,VALID,SYNTHETIC,hash_mkt_003916,True
3917,INDEX_BCI,2026-02-22 00:00:00,2026-02-22 18:00:00,2769.1,POINTS,1,v1.0,VALID,SYNTHETIC,hash_mkt_003917,True
3918,INDEX_BPI,2026-02-22 00:00:00,2026-02-22 18:00:00,1592.6,POINTS,1,v1.0,VALID,SYNTHETIC,hash_mkt_003918,True
3919,INDEX_BSI,2026-02-22 00:00:00,2026-02-22 18:00:00,1254.9,POINTS,1,v1.0,VALID,SYNTHETIC,hash_mkt_003919,True
3920,INDEX_BHSI,2026-02-22 00:00:00,2026-02-22 18:00:00,785.4,POINTS,1,v1.0,VALID,SYNTHETIC,hash_mkt_003920,True
3921,INDEX_BDI,2026-02-23 00:00:00,2026-02-23 18:00:00,1656.6,POINTS,1,v1.0,VALID,SYNTHETIC,hash_mkt_003921,True
3922,INDEX_BCI,2026-02-23 00:00:00,2026-02-23 18:00:00,2807.6,POINTS,1,v1.0,VALID,SYNTHETIC,hash_mkt_003922,True
3923,INDEX_BPI,2026-02-23 00:00:00,2026-02-23 18:00:00,1612.2,POINTS,1,v1.0,VALID,SYNTHETIC,hash_mkt_003923,True
3924,INDEX_BSI,2026-02-23 00:00:00,2026-02-23 18:00:00,1278.6,POINTS,1,v1.0,VALID,SYNTHETIC,hash_mkt_003924,True
3925,INDEX_BHSI,2026-02-23 00:00:00,2026-02-23 18:00:00,783.9,POINTS,1,v1.0,VALID,SYNTHETIC,hash_mkt_003925,True
3926,INDEX_BDI,2026-02-24 00:00:00,2026-02-24 18:00:00,1666.0,POINTS,1,v1.0,VALID,SYNTHETIC,hash_mkt_003926,True
3927,INDEX_BCI,2026-02-24 00:00:00,2026-02-24 18:00:00,2999.1,POINTS,1,v1.0,VALID,SYNTHETIC,hash_mkt_003927,True
3928,INDEX_BPI,2026-02-24 00:00:00,2026-02-24 18:00:00,1647.0,POINTS,1,v1.0,VALID,SYNTHETIC,hash_mkt_003928,True
3929,INDEX_BSI,2026-02-24 00:00:00,2026-02-24 18:00:00,1274.0,POINTS,1,v1.0,VALID,SYNTHETIC,hash_mkt_003929,True
3930,INDEX_BHSI,2026-02-24 00:00:00,2026-02-24 18:00:00,792.5,POINTS,1,v1.0,VALID,SYNTHETIC,hash_mkt_003930,True
3931,INDEX_BDI,2026-02-25 00:00:00,2026-02-25 18:00:00,1713.9,POINTS,1,v1.0,VALID,SYNTHETIC,hash_mkt_003931,True
3932,INDEX_BCI,2026-02-25 00:00:00,2026-02-25 18:00:00,2893.2,POINTS,1,v1.0,VALID,SYNTHETIC,hash_mkt_003932,True
3933,INDEX_BPI,2026-02-25 00:00:00,2026-02-25 18:00:00,1653.2,POINTS,1,v1.0,VALID,SYNTHETIC,hash_mkt_003933,True
3934,INDEX_BSI,2026-02-25 00:00:00,2026-02-25 18:00:00,1272.8,POINTS,1,v1.0,VALID,SYNTHETIC,hash_mkt_003934,True
3935,INDEX_BHSI,2026-02-25 00:00:00,2026-02-25 18:00:00,806.2,POINTS,1,v1.0,VALID,SYNTHETIC,hash_mkt_003935,True
3936,INDEX_BDI,2026-02-26 00:00:00,2026-02-26 18:00:00,1725.0,POINTS,1,v1.0,VALID,SYNTHETIC,hash_mkt_003936,True
3937,INDEX_BCI,2026-02-26 00:00:00,2026-02-26 18:00:00,2852.4,POINTS,1,v1.0,VALID,SYNTHETIC,hash_mkt_003937,True
3938,INDEX_BPI,2026-02-26 00:00:00,2026-02-26 18:00:00,1668.8,POINTS,1,v1.0,VALID,SYNTHETIC,hash_mkt_003938,True
3939,INDEX_BSI,2026-02-26 00:00:00,2026-02-26 18:00:00,1267.1,POINTS,1,v1.0,VALID,SYNTHETIC,hash_mkt_003939,True
3940,INDEX_BHSI,2026-02-26 00:00:00,2026-02-26 18:00:00,802.8,POINTS,1,v1.0,VALID,SYNTHETIC,hash_mkt_003940,True
3941,INDEX_BDI,2026-02-27 00:00:00,2026-02-27 18:00:00,1765.1,POINTS,1,v1.0,VALID,SYNTHETIC,hash_mkt_003941,True
3942,INDEX_BCI,2026-02-27 00:00:00,2026-02-27 18:00:00,2935.5,POINTS,1,v1.0,VALID,SYNTHETIC,hash_mkt_003942,True
3943,INDEX_BPI,2026-02-27 00:00:00,2026-02-27 18:00:00,1676.5,POINTS,1,v1.0,VALID,SYNTHETIC,hash_mkt_003943,True
3944,INDEX_BSI,2026-02-27 00:00:00,2026-02-27 18:00:00,1292.2,POINTS,1,v1.0,VALID,SYNTHETIC,hash_mkt_003944,True
3945,INDEX_BHSI,2026-02-27 00:00:00,2026-02-27 18:00:00,824.4,POINTS,1,v1.0,VALID,SYNTHETIC,hash_mkt_003945,True
3946,INDEX_BDI,2026-02-28 00:00:00,2026-02-28 18:00:00,1711.8,POINTS,1,v1.0,VALID,SYNTHETIC,hash_mkt_003946,True
3947,INDEX_BCI,2026-02-28 00:00:00,2026-02-28 18:00:00,2999.6,POINTS,1,v1.0,VALID,SYNTHETIC,hash_mkt_003947,True
3948,INDEX_BPI,2026-02-28 00:00:00,2026-02-28 18:00:00,1687.8,POINTS,1,v1.0,VALID,SYNTHETIC,hash_mkt_003948,True
3949,INDEX_BSI,2026-02-28 00:00:00,2026-02-28 18:00:00,1316.8,POINTS,1,v1.0,VALID,SYNTHETIC,hash_mkt_003949,True
3950,INDEX_BHSI,2026-02-28 00:00:00,2026-02-28 18:00:00,823.4,POINTS,1,v1.0,VALID,SYNTHETIC,hash_mkt_003950,True
3951,INDEX_BDI,2026-03-01 00:00:00,2026-03-01 18:00:00,1717.2,POINTS,1,v1.0,VALID,SYNTHETIC,hash_mkt_003951,True
3952,INDEX_BCI,2026-03-01 00:00:00,2026-03-01 18:00:00,2943.5,POINTS,1,v1.0,VALID,SYNTHETIC,hash_mkt_003952,True
3953,INDEX_BPI,2026-03-01 00:00:00,2026-03-01 18:00:00,1731.7,POINTS,1,v1.0,VALID,SYNTHETIC,hash_mkt_003953,True
3954,INDEX_BSI,2026-03-01 00:00:00,2026-03-01 18:00:00,1301.9,POINTS,1,v1.0,VALID,SYNTHETIC,hash_mkt_003954,True
3955,INDEX_BHSI,2026-03-01 00:00:00,2026-03-01 18:00:00,827.9,POINTS,1,v1.0,VALID,SYNTHETIC,hash_mkt_003955,True
3956,INDEX_BDI,2026-03-02 00:00:00,2026-03-02 18:00:00,1828.2,POINTS,1,v1.0,VALID,SYNTHETIC,hash_mkt_003956,True
3957,INDEX_BCI,2026-03-02 00:00:00,2026-03-02 18:00:00,3002.1,POINTS,1,v1.0,VALID,SYNTHETIC,hash_mkt_003957,True
3958,INDEX_BPI,2026-03-02 00:00:00,2026-03-02 18:00:00,1706.6,POINTS,1,v1.0,VALID,SYNTHETIC,hash_mkt_003958,True
3959,INDEX_BSI,2026-03-02 00:00:00,2026-03-02 18:00:00,1351.9,POINTS,1,v1.0,VALID,SYNTHETIC,hash_mkt_003959,True
3960,INDEX_BHSI,2026-03-02 00:00:00,2026-03-02 18:00:00,835.4,POINTS,1,v1.0,VALID,SYNTHETIC,hash_mkt_003960,True
3961,INDEX_BDI,2026-03-03 00:00:00,2026-03-03 18:00:00,1791.5,POINTS,1,v1.0,VALID,SYNTHETIC,hash_mkt_003961,True
3962,INDEX_BCI,2026-03-03 00:00:00,2026-03-03 18:00:00,3065.2,POINTS,1,v1.0,VALID,SYNTHETIC,hash_mkt_003962,True
3963,INDEX_BPI,2026-03-03 00:00:00,2026-03-03 18:00:00,1736.9,POINTS,1,v1.0,VALID,SYNTHETIC,hash_mkt_003963,True
3964,INDEX_BSI,2026-03-03 00:00:00,2026-03-03 18:00:00,1365.6,POINTS,1,v1.0,VALID,SYNTHETIC,hash_mkt_003964,True
3965,INDEX_BHSI,2026-03-03 00:00:00,2026-03-03 18:00:00,844.8,POINTS,1,v1.0,VALID,SYNTHETIC,hash_mkt_003965,True
3966,INDEX_BDI,2026-03-04 00:00:00,2026-03-04 18:00:00,1810.0,POINTS,1,v1.0,VALID,SYNTHETIC,hash_mkt_003966,True
3967,INDEX_BCI,2026-03-04 00:00:00,2026-03-04 18:00:00,3118.0,POINTS,1,v1.0,VALID,SYNTHETIC,hash_mkt_003967,True
3968,INDEX_BPI,2026-03-04 00:00:00,2026-03-04 18:00:00,1700.1,POINTS,1,v1.0,VALID,SYNTHETIC,hash_mkt_003968,True
3969,INDEX_BSI,2026-03-04 00:00:00,2026-03-04 18:00:00,1341.7,POINTS,1,v1.0,VALID,SYNTHETIC,hash_mkt_003969,True
3970,INDEX_BHSI,2026-03-04 00:00:00,2026-03-04 18:00:00,834.8,POINTS,1,v1.0,VALID,SYNTHETIC,hash_mkt_003970,True
3971,INDEX_BDI,2026-03-05 00:00:00,2026-03-05 18:00:00,1845.2,POINTS,1,v1.0,VALID,SYNTHETIC,hash_mkt_003971,True
3972,INDEX_BCI,2026-03-05 00:00:00,2026-03-05 18:00:00,3040.7,POINTS,1,v1.0,VALID,SYNTHETIC,hash_mkt_003972,True
3973,INDEX_BPI,2026-03-05 00:00:00,2026-03-05 18:00:00,1766.3,POINTS,1,v1.0,VALID,SYNTHETIC,hash_mkt_003973,True
3974,INDEX_BSI,2026-03-05 00:00:00,2026-03-05 18:00:00,1350.1,POINTS,1,v1.0,VALID,SYNTHETIC,hash_mkt_003974,True
3975,INDEX_BHSI,2026-03-05 00:00:00,2026-03-05 18:00:00,850.6,POINTS,1,v1.0,VALID,SYNTHETIC,hash_mkt_003975,True
3976,INDEX_BDI,2026-03-06 00:00:00,2026-03-06 18:00:00,1847.7,POINTS,1,v1.0,VALID,SYNTHETIC,hash_mkt_003976,True
3977,INDEX_BCI,2026-03-06 00:00:00,2026-03-06 18:00:00,3059.9,POINTS,1,v1.0,VALID,SYNTHETIC,hash_mkt_003977,True
3978,INDEX_BPI,2026-03-06 00:00:00,2026-03-06 18:00:00,1745.0,POINTS,1,v1.0,VALID,SYNTHETIC,hash_mkt_003978,True
3979,INDEX_BSI,2026-03-06 00:00:00,2026-03-06 18:00:00,1344.8,POINTS,1,v1.0,VALID,SYNTHETIC,hash_mkt_003979,True
3980,INDEX_BHSI,2026-03-06 00:00:00,2026-03-06 18:00:00,862.4,POINTS,1,v1.0,VALID,SYNTHETIC,hash_mkt_003980,True
3981,INDEX_BDI,2026-03-07 00:00:00,2026-03-07 18:00:00,1858.0,POINTS,1,v1.0,VALID,SYNTHETIC,hash_mkt_003981,True
3982,INDEX_BCI,2026-03-07 00:00:00,2026-03-07 18:00:00,3140.2,POINTS,1,v1.0,VALID,SYNTHETIC,hash_mkt_003982,True
3983,INDEX_BPI,2026-03-07 00:00:00,2026-03-07 18:00:00,1784.6,POINTS,1,v1.0,VALID,SYNTHETIC,hash_mkt_003983,True
3984,INDEX_BSI,2026-03-07 00:00:00,2026-03-07 18:00:00,1375.4,POINTS,1,v1.0,VALID,SYNTHETIC,hash_mkt_003984,True
3985,INDEX_BHSI,2026-03-07 00:00:00,2026-03-07 18:00:00,828.8,POINTS,1,v1.0,VALID,SYNTHETIC,hash_mkt_003985,True
3986,INDEX_BDI,2026-03-08 00:00:00,2026-03-08 18:00:00,1820.6,POINTS,1,v1.0,VALID,SYNTHETIC,hash_mkt_003986,True
3987,INDEX_BCI,2026-03-08 00:00:00,2026-03-08 18:00:00,3184.3,POINTS,1,v1.0,VALID,SYNTHETIC,hash_mkt_003987,True
3988,INDEX_BPI,2026-03-08 00:00:00,2026-03-08 18:00:00,1767.1,POINTS,1,v1.0,VALID,SYNTHETIC,hash_mkt_003988,True
3989,INDEX_BSI,2026-03-08 00:00:00,2026-03-08 18:00:00,1364.4,POINTS,1,v1.0,VALID,SYNTHETIC,hash_mkt_003989,True
3990,INDEX_BHSI,2026-03-08 00:00:00,2026-03-08 18:00:00,844.2,POINTS,1,v1.0,VALID,SYNTHETIC,hash_mkt_003990,True
3991,INDEX_BDI,2026-03-09 00:00:00,2026-03-09 18:00:00,1860.4,POINTS,1,v1.0,VALID,SYNTHETIC,hash_mkt_003991,True
3992,INDEX_BCI,2026-03-09 00:00:00,2026-03-09 18:00:00,3090.1,POINTS,1,v1.0,VALID,SYNTHETIC,hash_mkt_003992,True
3993,INDEX_BPI,2026-03-09 00:00:00,2026-03-09 18:00:00,1760.5,POINTS,1,v1.0,VALID,SYNTHETIC,hash_mkt_003993,True
3994,INDEX_BSI,2026-03-09 00:00:00,2026-03-09 18:00:00,1365.8,POINTS,1,v1.0,VALID,SYNTHETIC,hash_mkt_003994,True
3995,INDEX_BHSI,2026-03-09 00:00:00,2026-03-09 18:00:00,832.5,POINTS,1,v1.0,VALID,SYNTHETIC,hash_mkt_003995,True
3996,INDEX_BDI,2026-03-10 00:00:00,2026-03-10 18:00:00,1814.0,POINTS,1,v1.0,VALID,SYNTHETIC,hash_mkt_003996,True
3997,INDEX_BCI,2026-03-10 00:00:00,2026-03-10 18:00:00,3127.5,POINTS,1,v1.0,VALID,SYNTHETIC,hash_mkt_003997,True
3998,INDEX_BPI,2026-03-10 00:00:00,2026-03-10 18:00:00,1768.9,POINTS,1,v1.0,VALID,SYNTHETIC,hash_mkt_003998,True
3999,INDEX_BSI,2026-03-10 00:00:00,2026-03-10 18:00:00,1359.6,POINTS,1,v1.0,VALID,SYNTHETIC,hash_mkt_003999,True
4000,INDEX_BHSI,2026-03-10 00:00:00,2026-03-10 18:00:00,838.5,POINTS,1,v1.0,VALID,SYNTHETIC,hash_mkt_004000,True
4001,INDEX_BDI,2026-03-11 00:00:00,2026-03-11 18:00:00,1825.7,POINTS,1,v1.0,VALID,SYNTHETIC,hash_mkt_004001,True
4002,INDEX_BCI,2026-03-11 00:00:00,2026-03-11 18:00:00,3117.5,POINTS,1,v1.0,VALID,SYNTHETIC,hash_mkt_004002,True
4003,INDEX_BPI,2026-03-11 00:00:00,2026-03-11 18:00:00,1759.2,POINTS,1,v1.0,VALID,SYNTHETIC,hash_mkt_004003,True
4004,INDEX_BSI,2026-03-11 00:00:00,2026-03-11 18:00:00,1379.6,POINTS,1,v1.0,VALID,SYNTHETIC,hash_mkt_004004,True
4005,INDEX_BHSI,2026-03-11 00:00:00,2026-03-11 18:00:00,875.5,POINTS,1,v1.0,VALID,SYNTHETIC,hash_mkt_004005,True
4006,INDEX_BDI,2026-03-12 00:00:00,2026-03-12 18:00:00,1846.6,POINTS,1,v1.0,VALID,SYNTHETIC,hash_mkt_004006,True
4007,INDEX_BCI,2026-03-12 00:00:00,2026-03-12 18:00:00,3097.4,POINTS,1,v1.0,VALID,SYNTHETIC,hash_mkt_004007,True
4008,INDEX_BPI,2026-03-12 00:00:00,2026-03-12 18:00:00,1776.8,POINTS,1,v1.0,VALID,SYNTHETIC,hash_mkt_004008,True
4009,INDEX_BSI,2026-03-12 00:00:00,2026-03-12 18:00:00,1396.1,POINTS,1,v1.0,VALID,SYNTHETIC,hash_mkt_004009,True
4010,INDEX_BHSI,2026-03-12 00:00:00,2026-03-12 18:00:00,832.9,POINTS,1,v1.0,VALID,SYNTHETIC,hash_mkt_004010,True
4011,INDEX_BDI,2026-03-13 00:00:00,2026-03-13 18:00:00,1838.1,POINTS,1,v1.0,VALID,SYNTHETIC,hash_mkt_004011,True
4012,INDEX_BCI,2026-03-13 00:00:00,2026-03-13 18:00:00,3015.5,POINTS,1,v1.0,VALID,SYNTHETIC,hash_mkt_004012,True
4013,INDEX_BPI,2026-03-13 00:00:00,2026-03-13 18:00:00,1788.1,POINTS,1,v1.0,VALID,SYNTHETIC,hash_mkt_004013,True
4014,INDEX_BSI,2026-03-13 00:00:00,2026-03-13 18:00:00,1362.1,POINTS,1,v1.0,VALID,SYNTHETIC,hash_mkt_004014,True
4015,INDEX_BHSI,2026-03-13 00:00:00,2026-03-13 18:00:00,860.2,POINTS,1,v1.0,VALID,SYNTHETIC,hash_mkt_004015,True
4016,INDEX_BDI,2026-03-14 00:00:00,2026-03-14 18:00:00,1796.0,POINTS,1,v1.0,VALID,SYNTHETIC,hash_mkt_004016,True
4017,INDEX_BCI,2026-03-14 00:00:00,2026-03-14 18:00:00,3117.2,POINTS,1,v1.0,VALID,SYNTHETIC,hash_mkt_004017,True
4018,INDEX_BPI,2026-03-14 00:00:00,2026-03-14 18:00:00,1771.0,POINTS,1,v1.0,VALID,SYNTHETIC,hash_mkt_004018,True
4019,INDEX_BSI,2026-03-14 00:00:00,2026-03-14 18:00:00,1364.4,POINTS,1,v1.0,VALID,SYNTHETIC,hash_mkt_004019,True
4020,INDEX_BHSI,2026-03-14 00:00:00,2026-03-14 18:00:00,859.0,POINTS,1,v1.0,VALID,SYNTHETIC,hash_mkt_004020,True
4021,INDEX_BDI,2026-03-15 00:00:00,2026-03-15 18:00:00,1800.3,POINTS,1,v1.0,VALID,SYNTHETIC,hash_mkt_004021,True
4022,INDEX_BCI,2026-03-15 00:00:00,2026-03-15 18:00:00,3094.4,POINTS,1,v1.0,VALID,SYNTHETIC,hash_mkt_004022,True
4023,INDEX_BPI,2026-03-15 00:00:00,2026-03-15 18:00:00,1719.9,POINTS,1,v1.0,VALID,SYNTHETIC,hash_mkt_004023,True
4024,INDEX_BSI,2026-03-15 00:00:00,2026-03-15 18:00:00,1371.8,POINTS,1,v1.0,VALID,SYNTHETIC,hash_mkt_004024,True
4025,INDEX_BHSI,2026-03-15 00:00:00,2026-03-15 18:00:00,851.0,POINTS,1,v1.0,VALID,SYNTHETIC,hash_mkt_004025,True
4026,INDEX_BDI,2026-03-16 00:00:00,2026-03-16 18:00:00,1789.2,POINTS,1,v1.0,VALID,SYNTHETIC,hash_mkt_004026,True
4027,INDEX_BCI,2026-03-16 00:00:00,2026-03-16 18:00:00,3080.9,POINTS,1,v1.0,VALID,SYNTHETIC,hash_mkt_004027,True
4028,INDEX_BPI,2026-03-16 00:00:00,2026-03-16 18:00:00,1764.0,POINTS,1,v1.0,VALID,SYNTHETIC,hash_mkt_004028,True
4029,INDEX_BSI,2026-03-16 00:00:00,2026-03-16 18:00:00,1323.0,POINTS,1,v1.0,VALID,SYNTHETIC,hash_mkt_004029,True
4030,INDEX_BHSI,2026-03-16 00:00:00,2026-03-16 18:00:00,827.2,POINTS,1,v1.0,VALID,SYNTHETIC,hash_mkt_004030,True
4031,INDEX_BDI,2026-03-17 00:00:00,2026-03-17 18:00:00,1787.8,POINTS,1,v1.0,VALID,SYNTHETIC,hash_mkt_004031,True
4032,INDEX_BCI,2026-03-17 00:00:00,2026-03-17 18:00:00,3074.2,POINTS,1,v1.0,VALID,SYNTHETIC,hash_mkt_004032,True
4033,INDEX_BPI,2026-03-17 00:00:00,2026-03-17 18:00:00,1756.2,POINTS,1,v1.0,VALID,SYNTHETIC,hash_mkt_004033,True
4034,INDEX_BSI,2026-03-17 00:00:00,2026-03-17 18:00:00,1366.1,POINTS,1,v1.0,VALID,SYNTHETIC,hash_mkt_004034,True
4035,INDEX_BHSI,2026-03-17 00:00:00,2026-03-17 18:00:00,826.9,POINTS,1,v1.0,VALID,SYNTHETIC,hash_mkt_004035,True
4036,INDEX_BDI,2026-03-18 00:00:00,2026-03-18 18:00:00,1794.8,POINTS,1,v1.0,VALID,SYNTHETIC,hash_mkt_004036,True
4037,INDEX_BCI,2026-03-18 00:00:00,2026-03-18 18:00:00,3122.6,POINTS,1,v1.0,VALID,SYNTHETIC,hash_mkt_004037,True
4038,INDEX_BPI,2026-03-18 00:00:00,2026-03-18 18:00:00,1751.6,POINTS,1,v1.0,VALID,SYNTHETIC,hash_mkt_004038,True
4039,INDEX_BSI,2026-03-18 00:00:00,2026-03-18 18:00:00,1334.0,POINTS,1,v1.0,VALID,SYNTHETIC,hash_mkt_004039,True
4040,INDEX_BHSI,2026-03-18 00:00:00,2026-03-18 18:00:00,838.7,POINTS,1,v1.0,VALID,SYNTHETIC,hash_mkt_004040,True
4041,INDEX_BDI,2026-03-19 00:00:00,2026-03-19 18:00:00,1795.7,POINTS,1,v1.0,VALID,SYNTHETIC,hash_mkt_004041,True
4042,INDEX_BCI,2026-03-19 00:00:00,2026-03-19 18:00:00,3060.5,POINTS,1,v1.0,VALID,SYNTHETIC,hash_mkt_004042,True
4043,INDEX_BPI,2026-03-19 00:00:00,2026-03-19 18:00:00,1714.1,POINTS,1,v1.0,VALID,SYNTHETIC,hash_mkt_004043,True
4044,INDEX_BSI,2026-03-19 00:00:00,2026-03-19 18:00:00,1339.1,POINTS,1,v1.0,VALID,SYNTHETIC,hash_mkt_004044,True
4045,INDEX_BHSI,2026-03-19 00:00:00,2026-03-19 18:00:00,853.6,POINTS,1,v1.0,VALID,SYNTHETIC,hash_mkt_004045,True
4046,INDEX_BDI,2026-03-20 00:00:00,2026-03-20 18:00:00,1813.8,POINTS,1,v1.0,VALID,SYNTHETIC,hash_mkt_004046,True
4047,INDEX_BCI,2026-03-20 00:00:00,2026-03-20 18:00:00,3121.3,POINTS,1,v1.0,VALID,SYNTHETIC,hash_mkt_004047,True
4048,INDEX_BPI,2026-03-20 00:00:00,2026-03-20 18:00:00,1718.4,POINTS,1,v1.0,VALID,SYNTHETIC,hash_mkt_004048,True
4049,INDEX_BSI,2026-03-20 00:00:00,2026-03-20 18:00:00,1315.5,POINTS,1,v1.0,VALID,SYNTHETIC,hash_mkt_004049,True
4050,INDEX_BHSI,2026-03-20 00:00:00,2026-03-20 18:00:00,829.0,POINTS,1,v1.0,VALID,SYNTHETIC,hash_mkt_004050,True
4051,INDEX_BDI,2026-03-21 00:00:00,2026-03-21 18:00:00,1754.4,POINTS,1,v1.0,VALID,SYNTHETIC,hash_mkt_004051,True
4052,INDEX_BCI,2026-03-21 00:00:00,2026-03-21 18:00:00,3088.8,POINTS,1,v1.0,VALID,SYNTHETIC,hash_mkt_004052,True
4053,INDEX_BPI,2026-03-21 00:00:00,2026-03-21 18:00:00,1702.0,POINTS,1,v1.0,VALID,SYNTHETIC,hash_mkt_004053,True
4054,INDEX_BSI,2026-03-21 00:00:00,2026-03-21 18:00:00,1329.6,POINTS,1,v1.0,VALID,SYNTHETIC,hash_mkt_004054,True
4055,INDEX_BHSI,2026-03-21 00:00:00,2026-03-21 18:00:00,828.4,POINTS,1,v1.0,VALID,SYNTHETIC,hash_mkt_004055,True
4056,INDEX_BDI,2026-03-22 00:00:00,2026-03-22 18:00:00,1747.8,POINTS,1,v1.0,VALID,SYNTHETIC,hash_mkt_004056,True
4057,INDEX_BCI,2026-03-22 00:00:00,2026-03-22 18:00:00,2999.8,POINTS,1,v1.0,VALID,SYNTHETIC,hash_mkt_004057,True
4058,INDEX_BPI,2026-03-22 00:00:00,2026-03-22 18:00:00,1683.2,POINTS,1,v1.0,VALID,SYNTHETIC,hash_mkt_004058,True
4059,INDEX_BSI,2026-03-22 00:00:00,2026-03-22 18:00:00,1333.5,POINTS,1,v1.0,VALID,SYNTHETIC,hash_mkt_004059,True
4060,INDEX_BHSI,2026-03-22 00:00:00,2026-03-22 18:00:00,828.8,POINTS,1,v1.0,VALID,SYNTHETIC,hash_mkt_004060,True
4061,INDEX_BDI,2026-03-23 00:00:00,2026-03-23 18:00:00,1718.2,POINTS,1,v1.0,VALID,SYNTHETIC,hash_mkt_004061,True
4062,INDEX_BCI,2026-03-23 00:00:00,2026-03-23 18:00:00,2931.9,POINTS,1,v1.0,VALID,SYNTHETIC,hash_mkt_004062,True
4063,INDEX_BPI,2026-03-23 00:00:00,2026-03-23 18:00:00,1698.3,POINTS,1,v1.0,VALID,SYNTHETIC,hash_mkt_004063,True
4064,INDEX_BSI,2026-03-23 00:00:00,2026-03-23 18:00:00,1305.7,POINTS,1,v1.0,VALID,SYNTHETIC,hash_mkt_004064,True
4065,INDEX_BHSI,2026-03-23 00:00:00,2026-03-23 18:00:00,822.6,POINTS,1,v1.0,VALID,SYNTHETIC,hash_mkt_004065,True
4066,INDEX_BDI,2026-03-24 00:00:00,2026-03-24 18:00:00,1760.5,POINTS,1,v1.0,VALID,SYNTHETIC,hash_mkt_004066,True
4067,INDEX_BCI,2026-03-24 00:00:00,2026-03-24 18:00:00,3005.3,POINTS,1,v1.0,VALID,SYNTHETIC,hash_mkt_004067,True
4068,INDEX_BPI,2026-03-24 00:00:00,2026-03-24 18:00:00,1694.2,POINTS,1,v1.0,VALID,SYNTHETIC,hash_mkt_004068,True
4069,INDEX_BSI,2026-03-24 00:00:00,2026-03-24 18:00:00,1319.8,POINTS,1,v1.0,VALID,SYNTHETIC,hash_mkt_004069,True
4070,INDEX_BHSI,2026-03-24 00:00:00,2026-03-24 18:00:00,818.8,POINTS,1,v1.0,VALID,SYNTHETIC,hash_mkt_004070,True
4071,INDEX_BDI,2026-03-25 00:00:00,2026-03-25 18:00:00,1748.6,POINTS,1,v1.0,VALID,SYNTHETIC,hash_mkt_004071,True
4072,INDEX_BCI,2026-03-25 00:00:00,2026-03-25 18:00:00,2913.6,POINTS,1,v1.0,VALID,SYNTHETIC,hash_mkt_004072,True
4073,INDEX_BPI,2026-03-25 00:00:00,2026-03-25 18:00:00,1690.3,POINTS,1,v1.0,VALID,SYNTHETIC,hash_mkt_004073,True
4074,INDEX_BSI,2026-03-25 00:00:00,2026-03-25 18:00:00,1289.4,POINTS,1,v1.0,VALID,SYNTHETIC,hash_mkt_004074,True
4075,INDEX_BHSI,2026-03-25 00:00:00,2026-03-25 18:00:00,801.7,POINTS,1,v1.0,VALID,SYNTHETIC,hash_mkt_004075,True
4076,INDEX_BDI,2026-03-26 00:00:00,2026-03-26 18:00:00,1722.9,POINTS,1,v1.0,VALID,SYNTHETIC,hash_mkt_004076,True
4077,INDEX_BCI,2026-03-26 00:00:00,2026-03-26 18:00:00,3010.5,POINTS,1,v1.0,VALID,SYNTHETIC,hash_mkt_004077,True
4078,INDEX_BPI,2026-03-26 00:00:00,2026-03-26 18:00:00,1665.0,POINTS,1,v1.0,VALID,SYNTHETIC,hash_mkt_004078,True
4079,INDEX_BSI,2026-03-26 00:00:00,2026-03-26 18:00:00,1294.0,POINTS,1,v1.0,VALID,SYNTHETIC,hash_mkt_004079,True
4080,INDEX_BHSI,2026-03-26 00:00:00,2026-03-26 18:00:00,817.9,POINTS,1,v1.0,VALID,SYNTHETIC,hash_mkt_004080,True
4081,INDEX_BDI,2026-03-27 00:00:00,2026-03-27 18:00:00,1703.5,POINTS,1,v1.0,VALID,SYNTHETIC,hash_mkt_004081,True
4082,INDEX_BCI,2026-03-27 00:00:00,2026-03-27 18:00:00,2935.4,POINTS,1,v1.0,VALID,SYNTHETIC,hash_mkt_004082,True
4083,INDEX_BPI,2026-03-27 00:00:00,2026-03-27 18:00:00,1674.4,POINTS,1,v1.0,VALID,SYNTHETIC,hash_mkt_004083,True
4084,INDEX_BSI,2026-03-27 00:00:00,2026-03-27 18:00:00,1304.9,POINTS,1,v1.0,VALID,SYNTHETIC,hash_mkt_004084,True
4085,INDEX_BHSI,2026-03-27 00:00:00,2026-03-27 18:00:00,814.1,POINTS,1,v1.0,VALID,SYNTHETIC,hash_mkt_004085,True
4086,INDEX_BDI,2026-03-28 00:00:00,2026-03-28 18:00:00,1720.0,POINTS,1,v1.0,VALID,SYNTHETIC,hash_mkt_004086,True
4087,INDEX_BCI,2026-03-28 00:00:00,2026-03-28 18:00:00,3014.4,POINTS,1,v1.0,VALID,SYNTHETIC,hash_mkt_004087,True
4088,INDEX_BPI,2026-03-28 00:00:00,2026-03-28 18:00:00,1636.2,POINTS,1,v1.0,VALID,SYNTHETIC,hash_mkt_004088,True
4089,INDEX_BSI,2026-03-28 00:00:00,2026-03-28 18:00:00,1295.6,POINTS,1,v1.0,VALID,SYNTHETIC,hash_mkt_004089,True
4090,INDEX_BHSI,2026-03-28 00:00:00,2026-03-28 18:00:00,796.8,POINTS,1,v1.0,VALID,SYNTHETIC,hash_mkt_004090,True
4091,INDEX_BDI,2026-03-29 00:00:00,2026-03-29 18:00:00,1651.1,POINTS,1,v1.0,VALID,SYNTHETIC,hash_mkt_004091,True
4092,INDEX_BCI,2026-03-29 00:00:00,2026-03-29 18:00:00,2987.8,POINTS,1,v1.0,VALID,SYNTHETIC,hash_mkt_004092,True
4093,INDEX_BPI,2026-03-29 00:00:00,2026-03-29 18:00:00,1665.1,POINTS,1,v1.0,VALID,SYNTHETIC,hash_mkt_004093,True
4094,INDEX_BSI,2026-03-29 00:00:00,2026-03-29 18:00:00,1321.3,POINTS,1,v1.0,VALID,SYNTHETIC,hash_mkt_004094,True
4095,INDEX_BHSI,2026-03-29 00:00:00,2026-03-29 18:00:00,803.7,POINTS,1,v1.0,VALID,SYNTHETIC,hash_mkt_004095,True
4096,INDEX_BDI,2026-03-30 00:00:00,2026-03-30 18:00:00,1713.9,POINTS,1,v1.0,VALID,SYNTHETIC,hash_mkt_004096,True
4097,INDEX_BCI,2026-03-30 00:00:00,2026-03-30 18:00:00,2952.1,POINTS,1,v1.0,VALID,SYNTHETIC,hash_mkt_004097,True
4098,INDEX_BPI,2026-03-30 00:00:00,2026-03-30 18:00:00,1662.1,POINTS,1,v1.0,VALID,SYNTHETIC,hash_mkt_004098,True
4099,INDEX_BSI,2026-03-30 00:00:00,2026-03-30 18:00:00,1283.2,POINTS,1,v1.0,VALID,SYNTHETIC,hash_mkt_004099,True
4100,INDEX_BHSI,2026-03-30 00:00:00,2026-03-30 18:00:00,801.0,POINTS,1,v1.0,VALID,SYNTHETIC,hash_mkt_004100,True
4101,INDEX_BDI,2026-03-31 00:00:00,2026-03-31 18:00:00,1702.3,POINTS,1,v1.0,VALID,SYNTHETIC,hash_mkt_004101,True
4102,INDEX_BCI,2026-03-31 00:00:00,2026-03-31 18:00:00,2953.5,POINTS,1,v1.0,VALID,SYNTHETIC,hash_mkt_004102,True
4103,INDEX_BPI,2026-03-31 00:00:00,2026-03-31 18:00:00,1685.2,POINTS,1,v1.0,VALID,SYNTHETIC,hash_mkt_004103,True
4104,INDEX_BSI,2026-03-31 00:00:00,2026-03-31 18:00:00,1272.9,POINTS,1,v1.0,VALID,SYNTHETIC,hash_mkt_004104,True
4105,INDEX_BHSI,2026-03-31 00:00:00,2026-03-31 18:00:00,800.1,POINTS,1,v1.0,VALID,SYNTHETIC,hash_mkt_004105,True
4106,INDEX_BDI,2026-04-01 00:00:00,2026-04-01 18:00:00,1761.9,POINTS,1,v1.0,VALID,SYNTHETIC,hash_mkt_004106,True
4107,INDEX_BCI,2026-04-01 00:00:00,2026-04-01 18:00:00,2996.7,POINTS,1,v1.0,VALID,SYNTHETIC,hash_mkt_004107,True
4108,INDEX_BPI,2026-04-01 00:00:00,2026-04-01 18:00:00,1663.2,POINTS,1,v1.0,VALID,SYNTHETIC,hash_mkt_004108,True
4109,INDEX_BSI,2026-04-01 00:00:00,2026-04-01 18:00:00,1270.2,POINTS,1,v1.0,VALID,SYNTHETIC,hash_mkt_004109,True
4110,INDEX_BHSI,2026-04-01 00:00:00,2026-04-01 18:00:00,793.0,POINTS,1,v1.0,VALID,SYNTHETIC,hash_mkt_004110,True
4111,INDEX_BDI,2026-04-02 00:00:00,2026-04-02 18:00:00,1686.1,POINTS,1,v1.0,VALID,SYNTHETIC,hash_mkt_004111,True
4112,INDEX_BCI,2026-04-02 00:00:00,2026-04-02 18:00:00,2975.6,POINTS,1,v1.0,VALID,SYNTHETIC,hash_mkt_004112,True
4113,INDEX_BPI,2026-04-02 00:00:00,2026-04-02 18:00:00,1620.8,POINTS,1,v1.0,VALID,SYNTHETIC,hash_mkt_004113,True
4114,INDEX_BSI,2026-04-02 00:00:00,2026-04-02 18:00:00,1299.3,POINTS,1,v1.0,VALID,SYNTHETIC,hash_mkt_004114,True
4115,INDEX_BHSI,2026-04-02 00:00:00,2026-04-02 18:00:00,799.0,POINTS,1,v1.0,VALID,SYNTHETIC,hash_mkt_004115,True
4116,INDEX_BDI,2026-04-03 00:00:00,2026-04-03 18:00:00,1687.9,POINTS,1,v1.0,VALID,SYNTHETIC,hash_mkt_004116,True
4117,INDEX_BCI,2026-04-03 00:00:00,2026-04-03 18:00:00,2924.2,POINTS,1,v1.0,VALID,SYNTHETIC,hash_mkt_004117,True
4118,INDEX_BPI,2026-04-03 00:00:00,2026-04-03 18:00:00,1656.3,POINTS,1,v1.0,VALID,SYNTHETIC,hash_mkt_004118,True
4119,INDEX_BSI,2026-04-03 00:00:00,2026-04-03 18:00:00,1294.0,POINTS,1,v1.0,VALID,SYNTHETIC,hash_mkt_004119,True
4120,INDEX_BHSI,2026-04-03 00:00:00,2026-04-03 18:00:00,794.6,POINTS,1,v1.0,VALID,SYNTHETIC,hash_mkt_004120,True
4121,INDEX_BDI,2026-04-04 00:00:00,2026-04-04 18:00:00,1723.4,POINTS,1,v1.0,VALID,SYNTHETIC,hash_mkt_004121,True
4122,INDEX_BCI,2026-04-04 00:00:00,2026-04-04 18:00:00,3010.4,POINTS,1,v1.0,VALID,SYNTHETIC,hash_mkt_004122,True
4123,INDEX_BPI,2026-04-04 00:00:00,2026-04-04 18:00:00,1675.2,POINTS,1,v1.0,VALID,SYNTHETIC,hash_mkt_004123,True
4124,INDEX_BSI,2026-04-04 00:00:00,2026-04-04 18:00:00,1275.3,POINTS,1,v1.0,VALID,SYNTHETIC,hash_mkt_004124,True
4125,INDEX_BHSI,2026-04-04 00:00:00,2026-04-04 18:00:00,821.4,POINTS,1,v1.0,VALID,SYNTHETIC,hash_mkt_004125,True
4126,INDEX_BDI,2026-04-05 00:00:00,2026-04-05 18:00:00,1698.0,POINTS,1,v1.0,VALID,SYNTHETIC,hash_mkt_004126,True
4127,INDEX_BCI,2026-04-05 00:00:00,2026-04-05 18:00:00,2868.4,POINTS,1,v1.0,VALID,SYNTHETIC,hash_mkt_004127,True
4128,INDEX_BPI,2026-04-05 00:00:00,2026-04-05 18:00:00,1656.6,POINTS,1,v1.0,VALID,SYNTHETIC,hash_mkt_004128,True
4129,INDEX_BSI,2026-04-05 00:00:00,2026-04-05 18:00:00,1298.9,POINTS,1,v1.0,VALID,SYNTHETIC,hash_mkt_004129,True
4130,INDEX_BHSI,2026-04-05 00:00:00,2026-04-05 18:00:00,803.5,POINTS,1,v1.0,VALID,SYNTHETIC,hash_mkt_004130,True
4131,INDEX_BDI,2026-04-06 00:00:00,2026-04-06 18:00:00,1710.1,POINTS,1,v1.0,VALID,SYNTHETIC,hash_mkt_004131,True
4132,INDEX_BCI,2026-04-06 00:00:00,2026-04-06 18:00:00,2926.3,POINTS,1,v1.0,VALID,SYNTHETIC,hash_mkt_004132,True
4133,INDEX_BPI,2026-04-06 00:00:00,2026-04-06 18:00:00,1695.0,POINTS,1,v1.0,VALID,SYNTHETIC,hash_mkt_004133,True
4134,INDEX_BSI,2026-04-06 00:00:00,2026-04-06 18:00:00,1273.9,POINTS,1,v1.0,VALID,SYNTHETIC,hash_mkt_004134,True
4135,INDEX_BHSI,2026-04-06 00:00:00,2026-04-06 18:00:00,792.0,POINTS,1,v1.0,VALID,SYNTHETIC,hash_mkt_004135,True
4136,INDEX_BDI,2026-04-07 00:00:00,2026-04-07 18:00:00,1714.9,POINTS,1,v1.0,VALID,SYNTHETIC,hash_mkt_004136,True
4137,INDEX_BCI,2026-04-07 00:00:00,2026-04-07 18:00:00,2965.4,POINTS,1,v1.0,VALID,SYNTHETIC,hash_mkt_004137,True
4138,INDEX_BPI,2026-04-07 00:00:00,2026-04-07 18:00:00,1675.9,POINTS,1,v1.0,VALID,SYNTHETIC,hash_mkt_004138,True
4139,INDEX_BSI,2026-04-07 00:00:00,2026-04-07 18:00:00,1291.3,POINTS,1,v1.0,VALID,SYNTHETIC,hash_mkt_004139,True
4140,INDEX_BHSI,2026-04-07 00:00:00,2026-04-07 18:00:00,815.1,POINTS,1,v1.0,VALID,SYNTHETIC,hash_mkt_004140,True
4141,INDEX_BDI,2026-04-08 00:00:00,2026-04-08 18:00:00,1772.5,POINTS,1,v1.0,VALID,SYNTHETIC,hash_mkt_004141,True
4142,INDEX_BCI,2026-04-08 00:00:00,2026-04-08 18:00:00,2995.6,POINTS,1,v1.0,VALID,SYNTHETIC,hash_mkt_004142,True
4143,INDEX_BPI,2026-04-08 00:00:00,2026-04-08 18:00:00,1703.6,POINTS,1,v1.0,VALID,SYNTHETIC,hash_mkt_004143,True
4144,INDEX_BSI,2026-04-08 00:00:00,2026-04-08 18:00:00,1316.0,POINTS,1,v1.0,VALID,SYNTHETIC,hash_mkt_004144,True
4145,INDEX_BHSI,2026-04-08 00:00:00,2026-04-08 18:00:00,807.9,POINTS,1,v1.0,VALID,SYNTHETIC,hash_mkt_004145,True
4146,INDEX_BDI,2026-04-09 00:00:00,2026-04-09 18:00:00,1760.7,POINTS,1,v1.0,VALID,SYNTHETIC,hash_mkt_004146,True
4147,INDEX_BCI,2026-04-09 00:00:00,2026-04-09 18:00:00,3054.0,POINTS,1,v1.0,VALID,SYNTHETIC,hash_mkt_004147,True
4148,INDEX_BPI,2026-04-09 00:00:00,2026-04-09 18:00:00,1674.9,POINTS,1,v1.0,VALID,SYNTHETIC,hash_mkt_004148,True
4149,INDEX_BSI,2026-04-09 00:00:00,2026-04-09 18:00:00,1280.2,POINTS,1,v1.0,VALID,SYNTHETIC,hash_mkt_004149,True
4150,INDEX_BHSI,2026-04-09 00:00:00,2026-04-09 18:00:00,829.7,POINTS,1,v1.0,VALID,SYNTHETIC,hash_mkt_004150,True
4151,INDEX_BDI,2026-04-10 00:00:00,2026-04-10 18:00:00,1759.2,POINTS,1,v1.0,VALID,SYNTHETIC,hash_mkt_004151,True
4152,INDEX_BCI,2026-04-10 00:00:00,2026-04-10 18:00:00,2958.6,POINTS,1,v1.0,VALID,SYNTHETIC,hash_mkt_004152,True
4153,INDEX_BPI,2026-04-10 00:00:00,2026-04-10 18:00:00,1700.3,POINTS,1,v1.0,VALID,SYNTHETIC,hash_mkt_004153,True
4154,INDEX_BSI,2026-04-10 00:00:00,2026-04-10 18:00:00,1318.6,POINTS,1,v1.0,VALID,SYNTHETIC,hash_mkt_004154,True
4155,INDEX_BHSI,2026-04-10 00:00:00,2026-04-10 18:00:00,814.7,POINTS,1,v1.0,VALID,SYNTHETIC,hash_mkt_004155,True
4156,INDEX_BDI,2026-04-11 00:00:00,2026-04-11 18:00:00,1749.3,POINTS,1,v1.0,VALID,SYNTHETIC,hash_mkt_004156,True
4157,INDEX_BCI,2026-04-11 00:00:00,2026-04-11 18:00:00,3035.7,POINTS,1,v1.0,VALID,SYNTHETIC,hash_mkt_004157,True
4158,INDEX_BPI,2026-04-11 00:00:00,2026-04-11 18:00:00,1723.7,POINTS,1,v1.0,VALID,SYNTHETIC,hash_mkt_004158,True
4159,INDEX_BSI,2026-04-11 00:00:00,2026-04-11 18:00:00,1354.4,POINTS,1,v1.0,VALID,SYNTHETIC,hash_mkt_004159,True
4160,INDEX_BHSI,2026-04-11 00:00:00,2026-04-11 18:00:00,848.1,POINTS,1,v1.0,VALID,SYNTHETIC,hash_mkt_004160,True
4161,INDEX_BDI,2026-04-12 00:00:00,2026-04-12 18:00:00,1764.9,POINTS,1,v1.0,VALID,SYNTHETIC,hash_mkt_004161,True
4162,INDEX_BCI,2026-04-12 00:00:00,2026-04-12 18:00:00,3086.8,POINTS,1,v1.0,VALID,SYNTHETIC,hash_mkt_004162,True
4163,INDEX_BPI,2026-04-12 00:00:00,2026-04-12 18:00:00,1734.9,POINTS,1,v1.0,VALID,SYNTHETIC,hash_mkt_004163,True
4164,INDEX_BSI,2026-04-12 00:00:00,2026-04-12 18:00:00,1330.0,POINTS,1,v1.0,VALID,SYNTHETIC,hash_mkt_004164,True
4165,INDEX_BHSI,2026-04-12 00:00:00,2026-04-12 18:00:00,856.4,POINTS,1,v1.0,VALID,SYNTHETIC,hash_mkt_004165,True
4166,INDEX_BDI,2026-04-13 00:00:00,2026-04-13 18:00:00,1776.5,POINTS,1,v1.0,VALID,SYNTHETIC,hash_mkt_004166,True
4167,INDEX_BCI,2026-04-13 00:00:00,2026-04-13 18:00:00,3157.0,POINTS,1,v1.0,VALID,SYNTHETIC,hash_mkt_004167,True
4168,INDEX_BPI,2026-04-13 00:00:00,2026-04-13 18:00:00,1777.5,POINTS,1,v1.0,VALID,SYNTHETIC,hash_mkt_004168,True
4169,INDEX_BSI,2026-04-13 00:00:00,2026-04-13 18:00:00,1349.6,POINTS,1,v1.0,VALID,SYNTHETIC,hash_mkt_004169,True
4170,INDEX_BHSI,2026-04-13 00:00:00,2026-04-13 18:00:00,870.4,POINTS,1,v1.0,VALID,SYNTHETIC,hash_mkt_004170,True
4171,INDEX_BDI,2026-04-14 00:00:00,2026-04-14 18:00:00,1796.1,POINTS,1,v1.0,VALID,SYNTHETIC,hash_mkt_004171,True
4172,INDEX_BCI,2026-04-14 00:00:00,2026-04-14 18:00:00,3172.8,POINTS,1,v1.0,VALID,SYNTHETIC,hash_mkt_004172,True
4173,INDEX_BPI,2026-04-14 00:00:00,2026-04-14 18:00:00,1748.1,POINTS,1,v1.0,VALID,SYNTHETIC,hash_mkt_004173,True
4174,INDEX_BSI,2026-04-14 00:00:00,2026-04-14 18:00:00,1349.9,POINTS,1,v1.0,VALID,SYNTHETIC,hash_mkt_004174,True
4175,INDEX_BHSI,2026-04-14 00:00:00,2026-04-14 18:00:00,840.7,POINTS,1,v1.0,VALID,SYNTHETIC,hash_mkt_004175,True
4176,INDEX_BDI,2026-04-15 00:00:00,2026-04-15 18:00:00,1879.1,POINTS,1,v1.0,VALID,SYNTHETIC,hash_mkt_004176,True
4177,INDEX_BCI,2026-04-15 00:00:00,2026-04-15 18:00:00,3137.1,POINTS,1,v1.0,VALID,SYNTHETIC,hash_mkt_004177,True
4178,INDEX_BPI,2026-04-15 00:00:00,2026-04-15 18:00:00,1804.9,POINTS,1,v1.0,VALID,SYNTHETIC,hash_mkt_004178,True
4179,INDEX_BSI,2026-04-15 00:00:00,2026-04-15 18:00:00,1393.3,POINTS,1,v1.0,VALID,SYNTHETIC,hash_mkt_004179,True
4180,INDEX_BHSI,2026-04-15 00:00:00,2026-04-15 18:00:00,872.6,POINTS,1,v1.0,VALID,SYNTHETIC,hash_mkt_004180,True
4181,INDEX_BDI,2026-04-16 00:00:00,2026-04-16 18:00:00,1824.8,POINTS,1,v1.0,VALID,SYNTHETIC,hash_mkt_004181,True
4182,INDEX_BCI,2026-04-16 00:00:00,2026-04-16 18:00:00,3141.5,POINTS,1,v1.0,VALID,SYNTHETIC,hash_mkt_004182,True
4183,INDEX_BPI,2026-04-16 00:00:00,2026-04-16 18:00:00,1806.9,POINTS,1,v1.0,VALID,SYNTHETIC,hash_mkt_004183,True
4184,INDEX_BSI,2026-04-16 00:00:00,2026-04-16 18:00:00,1418.7,POINTS,1,v1.0,VALID,SYNTHETIC,hash_mkt_004184,True
4185,INDEX_BHSI,2026-04-16 00:00:00,2026-04-16 18:00:00,870.9,POINTS,1,v1.0,VALID,SYNTHETIC,hash_mkt_004185,True
4186,INDEX_BDI,2026-04-17 00:00:00,2026-04-17 18:00:00,1855.8,POINTS,1,v1.0,VALID,SYNTHETIC,hash_mkt_004186,True
4187,INDEX_BCI,2026-04-17 00:00:00,2026-04-17 18:00:00,3270.5,POINTS,1,v1.0,VALID,SYNTHETIC,hash_mkt_004187,True
4188,INDEX_BPI,2026-04-17 00:00:00,2026-04-17 18:00:00,1821.6,POINTS,1,v1.0,VALID,SYNTHETIC,hash_mkt_004188,True
4189,INDEX_BSI,2026-04-17 00:00:00,2026-04-17 18:00:00,1443.6,POINTS,1,v1.0,VALID,SYNTHETIC,hash_mkt_004189,True
4190,INDEX_BHSI,2026-04-17 00:00:00,2026-04-17 18:00:00,895.1,POINTS,1,v1.0,VALID,SYNTHETIC,hash_mkt_004190,True
4191,INDEX_BDI,2026-04-18 00:00:00,2026-04-18 18:00:00,1907.8,POINTS,1,v1.0,VALID,SYNTHETIC,hash_mkt_004191,True
4192,INDEX_BCI,2026-04-18 00:00:00,2026-04-18 18:00:00,3259.7,POINTS,1,v1.0,VALID,SYNTHETIC,hash_mkt_004192,True
4193,INDEX_BPI,2026-04-18 00:00:00,2026-04-18 18:00:00,1830.6,POINTS,1,v1.0,VALID,SYNTHETIC,hash_mkt_004193,True
4194,INDEX_BSI,2026-04-18 00:00:00,2026-04-18 18:00:00,1420.3,POINTS,1,v1.0,VALID,SYNTHETIC,hash_mkt_004194,True
4195,INDEX_BHSI,2026-04-18 00:00:00,2026-04-18 18:00:00,879.5,POINTS,1,v1.0,VALID,SYNTHETIC,hash_mkt_004195,True
4196,INDEX_BDI,2026-04-19 00:00:00,2026-04-19 18:00:00,1936.1,POINTS,1,v1.0,VALID,SYNTHETIC,hash_mkt_004196,True
4197,INDEX_BCI,2026-04-19 00:00:00,2026-04-19 18:00:00,3296.7,POINTS,1,v1.0,VALID,SYNTHETIC,hash_mkt_004197,True
4198,INDEX_BPI,2026-04-19 00:00:00,2026-04-19 18:00:00,1821.6,POINTS,1,v1.0,VALID,SYNTHETIC,hash_mkt_004198,True
4199,INDEX_BSI,2026-04-19 00:00:00,2026-04-19 18:00:00,1450.9,POINTS,1,v1.0,VALID,SYNTHETIC,hash_mkt_004199,True
4200,INDEX_BHSI,2026-04-19 00:00:00,2026-04-19 18:00:00,904.8,POINTS,1,v1.0,VALID,SYNTHETIC,hash_mkt_004200,True
4201,INDEX_BDI,2026-04-20 00:00:00,2026-04-20 18:00:00,1925.7,POINTS,1,v1.0,VALID,SYNTHETIC,hash_mkt_004201,True
4202,INDEX_BCI,2026-04-20 00:00:00,2026-04-20 18:00:00,3243.9,POINTS,1,v1.0,VALID,SYNTHETIC,hash_mkt_004202,True
4203,INDEX_BPI,2026-04-20 00:00:00,2026-04-20 18:00:00,1894.4,POINTS,1,v1.0,VALID,SYNTHETIC,hash_mkt_004203,True
4204,INDEX_BSI,2026-04-20 00:00:00,2026-04-20 18:00:00,1449.2,POINTS,1,v1.0,VALID,SYNTHETIC,hash_mkt_004204,True
4205,INDEX_BHSI,2026-04-20 00:00:00,2026-04-20 18:00:00,904.6,POINTS,1,v1.0,VALID,SYNTHETIC,hash_mkt_004205,True
4206,INDEX_BDI,2026-04-21 00:00:00,2026-04-21 18:00:00,1962.8,POINTS,1,v1.0,VALID,SYNTHETIC,hash_mkt_004206,True
4207,INDEX_BCI,2026-04-21 00:00:00,2026-04-21 18:00:00,3349.7,POINTS,1,v1.0,VALID,SYNTHETIC,hash_mkt_004207,True
4208,INDEX_BPI,2026-04-21 00:00:00,2026-04-21 18:00:00,1899.2,POINTS,1,v1.0,VALID,SYNTHETIC,hash_mkt_004208,True
4209,INDEX_BSI,2026-04-21 00:00:00,2026-04-21 18:00:00,1464.1,POINTS,1,v1.0,VALID,SYNTHETIC,hash_mkt_004209,True
4210,INDEX_BHSI,2026-04-21 00:00:00,2026-04-21 18:00:00,908.1,POINTS,1,v1.0,VALID,SYNTHETIC,hash_mkt_004210,True
4211,INDEX_BDI,2026-04-22 00:00:00,2026-04-22 18:00:00,1962.1,POINTS,1,v1.0,VALID,SYNTHETIC,hash_mkt_004211,True
4212,INDEX_BCI,2026-04-22 00:00:00,2026-04-22 18:00:00,3417.2,POINTS,1,v1.0,VALID,SYNTHETIC,hash_mkt_004212,True
4213,INDEX_BPI,2026-04-22 00:00:00,2026-04-22 18:00:00,1916.3,POINTS,1,v1.0,VALID,SYNTHETIC,hash_mkt_004213,True
4214,INDEX_BSI,2026-04-22 00:00:00,2026-04-22 18:00:00,1468.7,POINTS,1,v1.0,VALID,SYNTHETIC,hash_mkt_004214,True
4215,INDEX_BHSI,2026-04-22 00:00:00,2026-04-22 18:00:00,926.1,POINTS,1,v1.0,VALID,SYNTHETIC,hash_mkt_004215,True
4216,INDEX_BDI,2026-04-23 00:00:00,2026-04-23 18:00:00,1966.2,POINTS,1,v1.0,VALID,SYNTHETIC,hash_mkt_004216,True
4217,INDEX_BCI,2026-04-23 00:00:00,2026-04-23 18:00:00,3344.2,POINTS,1,v1.0,VALID,SYNTHETIC,hash_mkt_004217,True
4218,INDEX_BPI,2026-04-23 00:00:00,2026-04-23 18:00:00,1935.9,POINTS,1,v1.0,VALID,SYNTHETIC,hash_mkt_004218,True
4219,INDEX_BSI,2026-04-23 00:00:00,2026-04-23 18:00:00,1444.0,POINTS,1,v1.0,VALID,SYNTHETIC,hash_mkt_004219,True
4220,INDEX_BHSI,2026-04-23 00:00:00,2026-04-23 18:00:00,943.6,POINTS,1,v1.0,VALID,SYNTHETIC,hash_mkt_004220,True
4221,INDEX_BDI,2026-04-24 00:00:00,2026-04-24 18:00:00,2001.6,POINTS,1,v1.0,VALID,SYNTHETIC,hash_mkt_004221,True
4222,INDEX_BCI,2026-04-24 00:00:00,2026-04-24 18:00:00,3406.4,POINTS,1,v1.0,VALID,SYNTHETIC,hash_mkt_004222,True
4223,INDEX_BPI,2026-04-24 00:00:00,2026-04-24 18:00:00,1927.0,POINTS,1,v1.0,VALID,SYNTHETIC,hash_mkt_004223,True
4224,INDEX_BSI,2026-04-24 00:00:00,2026-04-24 18:00:00,1503.9,POINTS,1,v1.0,VALID,SYNTHETIC,hash_mkt_004224,True
4225,INDEX_BHSI,2026-04-24 00:00:00,2026-04-24 18:00:00,937.1,POINTS,1,v1.0,VALID,SYNTHETIC,hash_mkt_004225,True
4226,INDEX_BDI,2026-04-25 00:00:00,2026-04-25 18:00:00,2031.8,POINTS,1,v1.0,VALID,SYNTHETIC,hash_mkt_004226,True
4227,INDEX_BCI,2026-04-25 00:00:00,2026-04-25 18:00:00,3479.8,POINTS,1,v1.0,VALID,SYNTHETIC,hash_mkt_004227,True
4228,INDEX_BPI,2026-04-25 00:00:00,2026-04-25 18:00:00,1975.6,POINTS,1,v1.0,VALID,SYNTHETIC,hash_mkt_004228,True
4229,INDEX_BSI,2026-04-25 00:00:00,2026-04-25 18:00:00,1527.8,POINTS,1,v1.0,VALID,SYNTHETIC,hash_mkt_004229,True
4230,INDEX_BHSI,2026-04-25 00:00:00,2026-04-25 18:00:00,949.6,POINTS,1,v1.0,VALID,SYNTHETIC,hash_mkt_004230,True
4231,INDEX_BDI,2026-04-26 00:00:00,2026-04-26 18:00:00,2064.2,POINTS,1,v1.0,VALID,SYNTHETIC,hash_mkt_004231,True
4232,INDEX_BCI,2026-04-26 00:00:00,2026-04-26 18:00:00,3503.6,POINTS,1,v1.0,VALID,SYNTHETIC,hash_mkt_004232,True
4233,INDEX_BPI,2026-04-26 00:00:00,2026-04-26 18:00:00,1968.2,POINTS,1,v1.0,VALID,SYNTHETIC,hash_mkt_004233,True
4234,INDEX_BSI,2026-04-26 00:00:00,2026-04-26 18:00:00,1544.0,POINTS,1,v1.0,VALID,SYNTHETIC,hash_mkt_004234,True
4235,INDEX_BHSI,2026-04-26 00:00:00,2026-04-26 18:00:00,956.8,POINTS,1,v1.0,VALID,SYNTHETIC,hash_mkt_004235,True
4236,INDEX_BDI,2026-04-27 00:00:00,2026-04-27 18:00:00,2020.8,POINTS,1,v1.0,VALID,SYNTHETIC,hash_mkt_004236,True
4237,INDEX_BCI,2026-04-27 00:00:00,2026-04-27 18:00:00,3483.9,POINTS,1,v1.0,VALID,SYNTHETIC,hash_mkt_004237,True
4238,INDEX_BPI,2026-04-27 00:00:00,2026-04-27 18:00:00,1988.7,POINTS,1,v1.0,VALID,SYNTHETIC,hash_mkt_004238,True
4239,INDEX_BSI,2026-04-27 00:00:00,2026-04-27 18:00:00,1536.0,POINTS,1,v1.0,VALID,SYNTHETIC,hash_mkt_004239,True
4240,INDEX_BHSI,2026-04-27 00:00:00,2026-04-27 18:00:00,974.3,POINTS,1,v1.0,VALID,SYNTHETIC,hash_mkt_004240,True
4241,INDEX_BDI,2026-04-28 00:00:00,2026-04-28 18:00:00,2062.5,POINTS,1,v1.0,VALID,SYNTHETIC,hash_mkt_004241,True
4242,INDEX_BCI,2026-04-28 00:00:00,2026-04-28 18:00:00,3499.3,POINTS,1,v1.0,VALID,SYNTHETIC,hash_mkt_004242,True
4243,INDEX_BPI,2026-04-28 00:00:00,2026-04-28 18:00:00,1982.3,POINTS,1,v1.0,VALID,SYNTHETIC,hash_mkt_004243,True
4244,INDEX_BSI,2026-04-28 00:00:00,2026-04-28 18:00:00,1569.4,POINTS,1,v1.0,VALID,SYNTHETIC,hash_mkt_004244,True
4245,INDEX_BHSI,2026-04-28 00:00:00,2026-04-28 18:00:00,969.6,POINTS,1,v1.0,VALID,SYNTHETIC,hash_mkt_004245,True
4246,INDEX_BDI,2026-04-29 00:00:00,2026-04-29 18:00:00,2068.2,POINTS,1,v1.0,VALID,SYNTHETIC,hash_mkt_004246,True
4247,INDEX_BCI,2026-04-29 00:00:00,2026-04-29 18:00:00,3572.8,POINTS,1,v1.0,VALID,SYNTHETIC,hash_mkt_004247,True
4248,INDEX_BPI,2026-04-29 00:00:00,2026-04-29 18:00:00,2012.7,POINTS,1,v1.0,VALID,SYNTHETIC,hash_mkt_004248,True
4249,INDEX_BSI,2026-04-29 00:00:00,2026-04-29 18:00:00,1552.2,POINTS,1,v1.0,VALID,SYNTHETIC,hash_mkt_004249,True
4250,INDEX_BHSI,2026-04-29 00:00:00,2026-04-29 18:00:00,972.8,POINTS,1,v1.0,VALID,SYNTHETIC,hash_mkt_004250,True
4251,INDEX_BDI,2026-04-30 00:00:00,2026-04-30 18:00:00,2093.1,POINTS,1,v1.0,VALID,SYNTHETIC,hash_mkt_004251,True
4252,INDEX_BCI,2026-04-30 00:00:00,2026-04-30 18:00:00,3570.8,POINTS,1,v1.0,VALID,SYNTHETIC,hash_mkt_004252,True
4253,INDEX_BPI,2026-04-30 00:00:00,2026-04-30 18:00:00,2010.7,POINTS,1,v1.0,VALID,SYNTHETIC,hash_mkt_004253,True
4254,INDEX_BSI,2026-04-30 00:00:00,2026-04-30 18:00:00,1557.8,POINTS,1,v1.0,VALID,SYNTHETIC,hash_mkt_004254,True
4255,INDEX_BHSI,2026-04-30 00:00:00,2026-04-30 18:00:00,983.8,POINTS,1,v1.0,VALID,SYNTHETIC,hash_mkt_004255,True
4256,INDEX_BDI,2026-05-01 00:00:00,2026-05-01 18:00:00,2094.3,POINTS,1,v1.0,VALID,SYNTHETIC,hash_mkt_004256,True
4257,INDEX_BCI,2026-05-01 00:00:00,2026-05-01 18:00:00,3544.8,POINTS,1,v1.0,VALID,SYNTHETIC,hash_mkt_004257,True
4258,INDEX_BPI,2026-05-01 00:00:00,2026-05-01 18:00:00,1988.7,POINTS,1,v1.0,VALID,SYNTHETIC,hash_mkt_004258,True
4259,INDEX_BSI,2026-05-01 00:00:00,2026-05-01 18:00:00,1591.4,POINTS,1,v1.0,VALID,SYNTHETIC,hash_mkt_004259,True
4260,INDEX_BHSI,2026-05-01 00:00:00,2026-05-01 18:00:00,1011.1,POINTS,1,v1.0,VALID,SYNTHETIC,hash_mkt_004260,True
4261,INDEX_BDI,2026-05-02 00:00:00,2026-05-02 18:00:00,2113.4,POINTS,1,v1.0,VALID,SYNTHETIC,hash_mkt_004261,True
4262,INDEX_BCI,2026-05-02 00:00:00,2026-05-02 18:00:00,3587.5,POINTS,1,v1.0,VALID,SYNTHETIC,hash_mkt_004262,True
4263,INDEX_BPI,2026-05-02 00:00:00,2026-05-02 18:00:00,2043.7,POINTS,1,v1.0,VALID,SYNTHETIC,hash_mkt_004263,True
4264,INDEX_BSI,2026-05-02 00:00:00,2026-05-02 18:00:00,1595.1,POINTS,1,v1.0,VALID,SYNTHETIC,hash_mkt_004264,True
4265,INDEX_BHSI,2026-05-02 00:00:00,2026-05-02 18:00:00,995.4,POINTS,1,v1.0,VALID,SYNTHETIC,hash_mkt_004265,True
4266,INDEX_BDI,2026-05-03 00:00:00,2026-05-03 18:00:00,2069.4,POINTS,1,v1.0,VALID,SYNTHETIC,hash_mkt_004266,True
4267,INDEX_BCI,2026-05-03 00:00:00,2026-05-03 18:00:00,3604.7,POINTS,1,v1.0,VALID,SYNTHETIC,hash_mkt_004267,True
4268,INDEX_BPI,2026-05-03 00:00:00,2026-05-03 18:00:00,2038.9,POINTS,1,v1.0,VALID,SYNTHETIC,hash_mkt_004268,True
4269,INDEX_BSI,2026-05-03 00:00:00,2026-05-03 18:00:00,1601.9,POINTS,1,v1.0,VALID,SYNTHETIC,hash_mkt_004269,True
4270,INDEX_BHSI,2026-05-03 00:00:00,2026-05-03 18:00:00,1003.9,POINTS,1,v1.0,VALID,SYNTHETIC,hash_mkt_004270,True
4271,INDEX_BDI,2026-05-04 00:00:00,2026-05-04 18:00:00,2143.5,POINTS,1,v1.0,VALID,SYNTHETIC,hash_mkt_004271,True
4272,INDEX_BCI,2026-05-04 00:00:00,2026-05-04 18:00:00,3700.6,POINTS,1,v1.0,VALID,SYNTHETIC,hash_mkt_004272,True
4273,INDEX_BPI,2026-05-04 00:00:00,2026-05-04 18:00:00,2055.2,POINTS,1,v1.0,VALID,SYNTHETIC,hash_mkt_004273,True
4274,INDEX_BSI,2026-05-04 00:00:00,2026-05-04 18:00:00,1610.3,POINTS,1,v1.0,VALID,SYNTHETIC,hash_mkt_004274,True
4275,INDEX_BHSI,2026-05-04 00:00:00,2026-05-04 18:00:00,994.0,POINTS,1,v1.0,VALID,SYNTHETIC,hash_mkt_004275,True
4276,INDEX_BDI,2026-05-05 00:00:00,2026-05-05 18:00:00,2160.7,POINTS,1,v1.0,VALID,SYNTHETIC,hash_mkt_004276,True
4277,INDEX_BCI,2026-05-05 00:00:00,2026-05-05 18:00:00,3603.4,POINTS,1,v1.0,VALID,SYNTHETIC,hash_mkt_004277,True
4278,INDEX_BPI,2026-05-05 00:00:00,2026-05-05 18:00:00,2101.4,POINTS,1,v1.0,VALID,SYNTHETIC,hash_mkt_004278,True
4279,INDEX_BSI,2026-05-05 00:00:00,2026-05-05 18:00:00,1569.2,POINTS,1,v1.0,VALID,SYNTHETIC,hash_mkt_004279,True
4280,INDEX_BHSI,2026-05-05 00:00:00,2026-05-05 18:00:00,995.4,POINTS,1,v1.0,VALID,SYNTHETIC,hash_mkt_004280,True
4281,INDEX_BDI,2026-05-06 00:00:00,2026-05-06 18:00:00,2131.9,POINTS,1,v1.0,VALID,SYNTHETIC,hash_mkt_004281,True
4282,INDEX_BCI,2026-05-06 00:00:00,2026-05-06 18:00:00,3575.3,POINTS,1,v1.0,VALID,SYNTHETIC,hash_mkt_004282,True
4283,INDEX_BPI,2026-05-06 00:00:00,2026-05-06 18:00:00,2093.9,POINTS,1,v1.0,VALID,SYNTHETIC,hash_mkt_004283,True
4284,INDEX_BSI,2026-05-06 00:00:00,2026-05-06 18:00:00,1591.8,POINTS,1,v1.0,VALID,SYNTHETIC,hash_mkt_004284,True
4285,INDEX_BHSI,2026-05-06 00:00:00,2026-05-06 18:00:00,1009.2,POINTS,1,v1.0,VALID,SYNTHETIC,hash_mkt_004285,True
4286,INDEX_BDI,2026-05-07 00:00:00,2026-05-07 18:00:00,2147.2,POINTS,1,v1.0,VALID,SYNTHETIC,hash_mkt_004286,True
4287,INDEX_BCI,2026-05-07 00:00:00,2026-05-07 18:00:00,3554.4,POINTS,1,v1.0,VALID,SYNTHETIC,hash_mkt_004287,True
4288,INDEX_BPI,2026-05-07 00:00:00,2026-05-07 18:00:00,2075.1,POINTS,1,v1.0,VALID,SYNTHETIC,hash_mkt_004288,True
4289,INDEX_BSI,2026-05-07 00:00:00,2026-05-07 18:00:00,1601.0,POINTS,1,v1.0,VALID,SYNTHETIC,hash_mkt_004289,True
4290,INDEX_BHSI,2026-05-07 00:00:00,2026-05-07 18:00:00,1017.3,POINTS,1,v1.0,VALID,SYNTHETIC,hash_mkt_004290,True
4291,INDEX_BDI,2026-05-08 00:00:00,2026-05-08 18:00:00,2158.0,POINTS,1,v1.0,VALID,SYNTHETIC,hash_mkt_004291,True
4292,INDEX_BCI,2026-05-08 00:00:00,2026-05-08 18:00:00,3492.8,POINTS,1,v1.0,VALID,SYNTHETIC,hash_mkt_004292,True
4293,INDEX_BPI,2026-05-08 00:00:00,2026-05-08 18:00:00,2073.2,POINTS,1,v1.0,VALID,SYNTHETIC,hash_mkt_004293,True
4294,INDEX_BSI,2026-05-08 00:00:00,2026-05-08 18:00:00,1582.1,POINTS,1,v1.0,VALID,SYNTHETIC,hash_mkt_004294,True
4295,INDEX_BHSI,2026-05-08 00:00:00,2026-05-08 18:00:00,1012.2,POINTS,1,v1.0,VALID,SYNTHETIC,hash_mkt_004295,True
4296,INDEX_BDI,2026-05-09 00:00:00,2026-05-09 18:00:00,2199.9,POINTS,1,v1.0,VALID,SYNTHETIC,hash_mkt_004296,True
4297,INDEX_BCI,2026-05-09 00:00:00,2026-05-09 18:00:00,3504.4,POINTS,1,v1.0,VALID,SYNTHETIC,hash_mkt_004297,True
4298,INDEX_BPI,2026-05-09 00:00:00,2026-05-09 18:00:00,2062.2,POINTS,1,v1.0,VALID,SYNTHETIC,hash_mkt_004298,True
4299,INDEX_BSI,2026-05-09 00:00:00,2026-05-09 18:00:00,1613.1,POINTS,1,v1.0,VALID,SYNTHETIC,hash_mkt_004299,True
4300,INDEX_BHSI,2026-05-09 00:00:00,2026-05-09 18:00:00,1013.7,POINTS,1,v1.0,VALID,SYNTHETIC,hash_mkt_004300,True
4301,INDEX_BDI,2026-05-10 00:00:00,2026-05-10 18:00:00,2086.8,POINTS,1,v1.0,VALID,SYNTHETIC,hash_mkt_004301,True
4302,INDEX_BCI,2026-05-10 00:00:00,2026-05-10 18:00:00,3550.2,POINTS,1,v1.0,VALID,SYNTHETIC,hash_mkt_004302,True
4303,INDEX_BPI,2026-05-10 00:00:00,2026-05-10 18:00:00,2051.2,POINTS,1,v1.0,VALID,SYNTHETIC,hash_mkt_004303,True
4304,INDEX_BSI,2026-05-10 00:00:00,2026-05-10 18:00:00,1570.1,POINTS,1,v1.0,VALID,SYNTHETIC,hash_mkt_004304,True
4305,INDEX_BHSI,2026-05-10 00:00:00,2026-05-10 18:00:00,973.3,POINTS,1,v1.0,VALID,SYNTHETIC,hash_mkt_004305,True
4306,INDEX_BDI,2026-05-11 00:00:00,2026-05-11 18:00:00,2113.2,POINTS,1,v1.0,VALID,SYNTHETIC,hash_mkt_004306,True
4307,INDEX_BCI,2026-05-11 00:00:00,2026-05-11 18:00:00,3612.1,POINTS,1,v1.0,VALID,SYNTHETIC,hash_mkt_004307,True
4308,INDEX_BPI,2026-05-11 00:00:00,2026-05-11 18:00:00,2028.2,POINTS,1,v1.0,VALID,SYNTHETIC,hash_mkt_004308,True
4309,INDEX_BSI,2026-05-11 00:00:00,2026-05-11 18:00:00,1570.4,POINTS,1,v1.0,VALID,SYNTHETIC,hash_mkt_004309,True
4310,INDEX_BHSI,2026-05-11 00:00:00,2026-05-11 18:00:00,988.9,POINTS,1,v1.0,VALID,SYNTHETIC,hash_mkt_004310,True
4311,INDEX_BDI,2026-05-12 00:00:00,2026-05-12 18:00:00,2125.1,POINTS,1,v1.0,VALID,SYNTHETIC,hash_mkt_004311,True
4312,INDEX_BCI,2026-05-12 00:00:00,2026-05-12 18:00:00,3466.3,POINTS,1,v1.0,VALID,SYNTHETIC,hash_mkt_004312,True
4313,INDEX_BPI,2026-05-12 00:00:00,2026-05-12 18:00:00,2058.7,POINTS,1,v1.0,VALID,SYNTHETIC,hash_mkt_004313,True
4314,INDEX_BSI,2026-05-12 00:00:00,2026-05-12 18:00:00,1575.1,POINTS,1,v1.0,VALID,SYNTHETIC,hash_mkt_004314,True
4315,INDEX_BHSI,2026-05-12 00:00:00,2026-05-12 18:00:00,980.5,POINTS,1,v1.0,VALID,SYNTHETIC,hash_mkt_004315,True
4316,INDEX_BDI,2026-05-13 00:00:00,2026-05-13 18:00:00,2114.2,POINTS,1,v1.0,VALID,SYNTHETIC,hash_mkt_004316,True
4317,INDEX_BCI,2026-05-13 00:00:00,2026-05-13 18:00:00,3563.7,POINTS,1,v1.0,VALID,SYNTHETIC,hash_mkt_004317,True
4318,INDEX_BPI,2026-05-13 00:00:00,2026-05-13 18:00:00,2024.3,POINTS,1,v1.0,VALID,SYNTHETIC,hash_mkt_004318,True
4319,INDEX_BSI,2026-05-13 00:00:00,2026-05-13 18:00:00,1554.3,POINTS,1,v1.0,VALID,SYNTHETIC,hash_mkt_004319,True
4320,INDEX_BHSI,2026-05-13 00:00:00,2026-05-13 18:00:00,963.7,POINTS,1,v1.0,VALID,SYNTHETIC,hash_mkt_004320,True
4321,INDEX_BDI,2026-05-14 00:00:00,2026-05-14 18:00:00,2063.3,POINTS,1,v1.0,VALID,SYNTHETIC,hash_mkt_004321,True
4322,INDEX_BCI,2026-05-14 00:00:00,2026-05-14 18:00:00,3484.7,POINTS,1,v1.0,VALID,SYNTHETIC,hash_mkt_004322,True
4323,INDEX_BPI,2026-05-14 00:00:00,2026-05-14 18:00:00,2049.0,POINTS,1,v1.0,VALID,SYNTHETIC,hash_mkt_004323,True
4324,INDEX_BSI,2026-05-14 00:00:00,2026-05-14 18:00:00,1597.6,POINTS,1,v1.0,VALID,SYNTHETIC,hash_mkt_004324,True
4325,INDEX_BHSI,2026-05-14 00:00:00,2026-05-14 18:00:00,988.2,POINTS,1,v1.0,VALID,SYNTHETIC,hash_mkt_004325,True
4326,INDEX_BDI,2026-05-15 00:00:00,2026-05-15 18:00:00,2121.7,POINTS,1,v1.0,VALID,SYNTHETIC,hash_mkt_004326,True
4327,INDEX_BCI,2026-05-15 00:00:00,2026-05-15 18:00:00,3456.7,POINTS,1,v1.0,VALID,SYNTHETIC,hash_mkt_004327,True
4328,INDEX_BPI,2026-05-15 00:00:00,2026-05-15 18:00:00,2030.7,POINTS,1,v1.0,VALID,SYNTHETIC,hash_mkt_004328,True
4329,INDEX_BSI,2026-05-15 00:00:00,2026-05-15 18:00:00,1596.8,POINTS,1,v1.0,VALID,SYNTHETIC,hash_mkt_004329,True
4330,INDEX_BHSI,2026-05-15 00:00:00,2026-05-15 18:00:00,973.7,POINTS,1,v1.0,VALID,SYNTHETIC,hash_mkt_004330,True
4331,INDEX_BDI,2026-05-16 00:00:00,2026-05-16 18:00:00,2070.4,POINTS,1,v1.0,VALID,SYNTHETIC,hash_mkt_004331,True
4332,INDEX_BCI,2026-05-16 00:00:00,2026-05-16 18:00:00,3455.6,POINTS,1,v1.0,VALID,SYNTHETIC,hash_mkt_004332,True
4333,INDEX_BPI,2026-05-16 00:00:00,2026-05-16 18:00:00,2028.8,POINTS,1,v1.0,VALID,SYNTHETIC,hash_mkt_004333,True
4334,INDEX_BSI,2026-05-16 00:00:00,2026-05-16 18:00:00,1581.1,POINTS,1,v1.0,VALID,SYNTHETIC,hash_mkt_004334,True
4335,INDEX_BHSI,2026-05-16 00:00:00,2026-05-16 18:00:00,981.6,POINTS,1,v1.0,VALID,SYNTHETIC,hash_mkt_004335,True
4336,INDEX_BDI,2026-05-17 00:00:00,2026-05-17 18:00:00,2067.6,POINTS,1,v1.0,VALID,SYNTHETIC,hash_mkt_004336,True
4337,INDEX_BCI,2026-05-17 00:00:00,2026-05-17 18:00:00,3424.0,POINTS,1,v1.0,VALID,SYNTHETIC,hash_mkt_004337,True
4338,INDEX_BPI,2026-05-17 00:00:00,2026-05-17 18:00:00,2001.6,POINTS,1,v1.0,VALID,SYNTHETIC,hash_mkt_004338,True
4339,INDEX_BSI,2026-05-17 00:00:00,2026-05-17 18:00:00,1514.1,POINTS,1,v1.0,VALID,SYNTHETIC,hash_mkt_004339,True
4340,INDEX_BHSI,2026-05-17 00:00:00,2026-05-17 18:00:00,969.5,POINTS,1,v1.0,VALID,SYNTHETIC,hash_mkt_004340,True
4341,INDEX_BDI,2026-05-18 00:00:00,2026-05-18 18:00:00,2052.1,POINTS,1,v1.0,VALID,SYNTHETIC,hash_mkt_004341,True
4342,INDEX_BCI,2026-05-18 00:00:00,2026-05-18 18:00:00,3487.4,POINTS,1,v1.0,VALID,SYNTHETIC,hash_mkt_004342,True
4343,INDEX_BPI,2026-05-18 00:00:00,2026-05-18 18:00:00,1987.7,POINTS,1,v1.0,VALID,SYNTHETIC,hash_mkt_004343,True
4344,INDEX_BSI,2026-05-18 00:00:00,2026-05-18 18:00:00,1521.3,POINTS,1,v1.0,VALID,SYNTHETIC,hash_mkt_004344,True
4345,INDEX_BHSI,2026-05-18 00:00:00,2026-05-18 18:00:00,970.3,POINTS,1,v1.0,VALID,SYNTHETIC,hash_mkt_004345,True
4346,INDEX_BDI,2026-05-19 00:00:00,2026-05-19 18:00:00,2047.3,POINTS,1,v1.0,VALID,SYNTHETIC,hash_mkt_004346,True
4347,INDEX_BCI,2026-05-19 00:00:00,2026-05-19 18:00:00,3408.6,POINTS,1,v1.0,VALID,SYNTHETIC,hash_mkt_004347,True
4348,INDEX_BPI,2026-05-19 00:00:00,2026-05-19 18:00:00,2034.8,POINTS,1,v1.0,VALID,SYNTHETIC,hash_mkt_004348,True
4349,INDEX_BSI,2026-05-19 00:00:00,2026-05-19 18:00:00,1537.0,POINTS,1,v1.0,VALID,SYNTHETIC,hash_mkt_004349,True
4350,INDEX_BHSI,2026-05-19 00:00:00,2026-05-19 18:00:00,967.5,POINTS,1,v1.0,VALID,SYNTHETIC,hash_mkt_004350,True
4351,INDEX_BDI,2026-05-20 00:00:00,2026-05-20 18:00:00,1981.1,POINTS,1,v1.0,VALID,SYNTHETIC,hash_mkt_004351,True
4352,INDEX_BCI,2026-05-20 00:00:00,2026-05-20 18:00:00,3356.5,POINTS,1,v1.0,VALID,SYNTHETIC,hash_mkt_004352,True
4353,INDEX_BPI,2026-05-20 00:00:00,2026-05-20 18:00:00,2011.3,POINTS,1,v1.0,VALID,SYNTHETIC,hash_mkt_004353,True
4354,INDEX_BSI,2026-05-20 00:00:00,2026-05-20 18:00:00,1530.4,POINTS,1,v1.0,VALID,SYNTHETIC,hash_mkt_004354,True
4355,INDEX_BHSI,2026-05-20 00:00:00,2026-05-20 18:00:00,957.2,POINTS,1,v1.0,VALID,SYNTHETIC,hash_mkt_004355,True
4356,INDEX_BDI,2026-05-21 00:00:00,2026-05-21 18:00:00,2012.4,POINTS,1,v1.0,VALID,SYNTHETIC,hash_mkt_004356,True
4357,INDEX_BCI,2026-05-21 00:00:00,2026-05-21 18:00:00,3418.2,POINTS,1,v1.0,VALID,SYNTHETIC,hash_mkt_004357,True
4358,INDEX_BPI,2026-05-21 00:00:00,2026-05-21 18:00:00,1974.7,POINTS,1,v1.0,VALID,SYNTHETIC,hash_mkt_004358,True
4359,INDEX_BSI,2026-05-21 00:00:00,2026-05-21 18:00:00,1512.5,POINTS,1,v1.0,VALID,SYNTHETIC,hash_mkt_004359,True
4360,INDEX_BHSI,2026-05-21 00:00:00,2026-05-21 18:00:00,942.8,POINTS,1,v1.0,VALID,SYNTHETIC,hash_mkt_004360,True
4361,INDEX_BDI,2026-05-22 00:00:00,2026-05-22 18:00:00,2022.8,POINTS,1,v1.0,VALID,SYNTHETIC,hash_mkt_004361,True
4362,INDEX_BCI,2026-05-22 00:00:00,2026-05-22 18:00:00,3375.2,POINTS,1,v1.0,VALID,SYNTHETIC,hash_mkt_004362,True
4363,INDEX_BPI,2026-05-22 00:00:00,2026-05-22 18:00:00,1970.3,POINTS,1,v1.0,VALID,SYNTHETIC,hash_mkt_004363,True
4364,INDEX_BSI,2026-05-22 00:00:00,2026-05-22 18:00:00,1501.9,POINTS,1,v1.0,VALID,SYNTHETIC,hash_mkt_004364,True
4365,INDEX_BHSI,2026-05-22 00:00:00,2026-05-22 18:00:00,933.8,POINTS,1,v1.0,VALID,SYNTHETIC,hash_mkt_004365,True
4366,INDEX_BDI,2026-05-23 00:00:00,2026-05-23 18:00:00,1932.4,POINTS,1,v1.0,VALID,SYNTHETIC,hash_mkt_004366,True
4367,INDEX_BCI,2026-05-23 00:00:00,2026-05-23 18:00:00,3294.3,POINTS,1,v1.0,VALID,SYNTHETIC,hash_mkt_004367,True
4368,INDEX_BPI,2026-05-23 00:00:00,2026-05-23 18:00:00,1922.0,POINTS,1,v1.0,VALID,SYNTHETIC,hash_mkt_004368,True
4369,INDEX_BSI,2026-05-23 00:00:00,2026-05-23 18:00:00,1507.4,POINTS,1,v1.0,VALID,SYNTHETIC,hash_mkt_004369,True
4370,INDEX_BHSI,2026-05-23 00:00:00,2026-05-23 18:00:00,938.8,POINTS,1,v1.0,VALID,SYNTHETIC,hash_mkt_004370,True
4371,INDEX_BDI,2026-05-24 00:00:00,2026-05-24 18:00:00,1993.5,POINTS,1,v1.0,VALID,SYNTHETIC,hash_mkt_004371,True
4372,INDEX_BCI,2026-05-24 00:00:00,2026-05-24 18:00:00,3274.9,POINTS,1,v1.0,VALID,SYNTHETIC,hash_mkt_004372,True
4373,INDEX_BPI,2026-05-24 00:00:00,2026-05-24 18:00:00,1907.8,POINTS,1,v1.0,VALID,SYNTHETIC,hash_mkt_004373,True
4374,INDEX_BSI,2026-05-24 00:00:00,2026-05-24 18:00:00,1475.7,POINTS,1,v1.0,VALID,SYNTHETIC,hash_mkt_004374,True
4375,INDEX_BHSI,2026-05-24 00:00:00,2026-05-24 18:00:00,934.9,POINTS,1,v1.0,VALID,SYNTHETIC,hash_mkt_004375,True
4376,INDEX_BDI,2026-05-25 00:00:00,2026-05-25 18:00:00,1949.0,POINTS,1,v1.0,VALID,SYNTHETIC,hash_mkt_004376,True
4377,INDEX_BCI,2026-05-25 00:00:00,2026-05-25 18:00:00,3244.8,POINTS,1,v1.0,VALID,SYNTHETIC,hash_mkt_004377,True
4378,INDEX_BPI,2026-05-25 00:00:00,2026-05-25 18:00:00,1891.2,POINTS,1,v1.0,VALID,SYNTHETIC,hash_mkt_004378,True
4379,INDEX_BSI,2026-05-25 00:00:00,2026-05-25 18:00:00,1497.9,POINTS,1,v1.0,VALID,SYNTHETIC,hash_mkt_004379,True
4380,INDEX_BHSI,2026-05-25 00:00:00,2026-05-25 18:00:00,928.0,POINTS,1,v1.0,VALID,SYNTHETIC,hash_mkt_004380,True
4381,INDEX_BDI,2026-05-26 00:00:00,2026-05-26 18:00:00,1986.0,POINTS,1,v1.0,VALID,SYNTHETIC,hash_mkt_004381,True
4382,INDEX_BCI,2026-05-26 00:00:00,2026-05-26 18:00:00,3196.2,POINTS,1,v1.0,VALID,SYNTHETIC,hash_mkt_004382,True
4383,INDEX_BPI,2026-05-26 00:00:00,2026-05-26 18:00:00,1888.9,POINTS,1,v1.0,VALID,SYNTHETIC,hash_mkt_004383,True
4384,INDEX_BSI,2026-05-26 00:00:00,2026-05-26 18:00:00,1482.7,POINTS,1,v1.0,VALID,SYNTHETIC,hash_mkt_004384,True
4385,INDEX_BHSI,2026-05-26 00:00:00,2026-05-26 18:00:00,912.8,POINTS,1,v1.0,VALID,SYNTHETIC,hash_mkt_004385,True
4386,INDEX_BDI,2026-05-27 00:00:00,2026-05-27 18:00:00,1955.8,POINTS,1,v1.0,VALID,SYNTHETIC,hash_mkt_004386,True
4387,INDEX_BCI,2026-05-27 00:00:00,2026-05-27 18:00:00,3219.4,POINTS,1,v1.0,VALID,SYNTHETIC,hash_mkt_004387,True
4388,INDEX_BPI,2026-05-27 00:00:00,2026-05-27 18:00:00,1905.7,POINTS,1,v1.0,VALID,SYNTHETIC,hash_mkt_004388,True
4389,INDEX_BSI,2026-05-27 00:00:00,2026-05-27 18:00:00,1482.2,POINTS,1,v1.0,VALID,SYNTHETIC,hash_mkt_004389,True
4390,INDEX_BHSI,2026-05-27 00:00:00,2026-05-27 18:00:00,915.4,POINTS,1,v1.0,VALID,SYNTHETIC,hash_mkt_004390,True
4391,INDEX_BDI,2026-05-28 00:00:00,2026-05-28 18:00:00,1948.9,POINTS,1,v1.0,VALID,SYNTHETIC,hash_mkt_004391,True
4392,INDEX_BCI,2026-05-28 00:00:00,2026-05-28 18:00:00,3239.1,POINTS,1,v1.0,VALID,SYNTHETIC,hash_mkt_004392,True
4393,INDEX_BPI,2026-05-28 00:00:00,2026-05-28 18:00:00,1882.8,POINTS,1,v1.0,VALID,SYNTHETIC,hash_mkt_004393,True
4394,INDEX_BSI,2026-05-28 00:00:00,2026-05-28 18:00:00,1454.6,POINTS,1,v1.0,VALID,SYNTHETIC,hash_mkt_004394,True
4395,INDEX_BHSI,2026-05-28 00:00:00,2026-05-28 18:00:00,921.7,POINTS,1,v1.0,VALID,SYNTHETIC,hash_mkt_004395,True
4396,INDEX_BDI,2026-05-29 00:00:00,2026-05-29 18:00:00,1927.4,POINTS,1,v1.0,VALID,SYNTHETIC,hash_mkt_004396,True
4397,INDEX_BCI,2026-05-29 00:00:00,2026-05-29 18:00:00,3152.7,POINTS,1,v1.0,VALID,SYNTHETIC,hash_mkt_004397,True
4398,INDEX_BPI,2026-05-29 00:00:00,2026-05-29 18:00:00,1884.7,POINTS,1,v1.0,VALID,SYNTHETIC,hash_mkt_004398,True
4399,INDEX_BSI,2026-05-29 00:00:00,2026-05-29 18:00:00,1446.5,POINTS,1,v1.0,VALID,SYNTHETIC,hash_mkt_004399,True
4400,INDEX_BHSI,2026-05-29 00:00:00,2026-05-29 18:00:00,907.8,POINTS,1,v1.0,VALID,SYNTHETIC,hash_mkt_004400,True
4401,INDEX_BDI,2026-05-30 00:00:00,2026-05-30 18:00:00,1952.8,POINTS,1,v1.0,VALID,SYNTHETIC,hash_mkt_004401,True
4402,INDEX_BCI,2026-05-30 00:00:00,2026-05-30 18:00:00,3117.0,POINTS,1,v1.0,VALID,SYNTHETIC,hash_mkt_004402,True
4403,INDEX_BPI,2026-05-30 00:00:00,2026-05-30 18:00:00,1883.5,POINTS,1,v1.0,VALID,SYNTHETIC,hash_mkt_004403,True
4404,INDEX_BSI,2026-05-30 00:00:00,2026-05-30 18:00:00,1469.1,POINTS,1,v1.0,VALID,SYNTHETIC,hash_mkt_004404,True
4405,INDEX_BHSI,2026-05-30 00:00:00,2026-05-30 18:00:00,907.7,POINTS,1,v1.0,VALID,SYNTHETIC,hash_mkt_004405,True
4406,INDEX_BDI,2026-05-31 00:00:00,2026-05-31 18:00:00,1934.0,POINTS,1,v1.0,VALID,SYNTHETIC,hash_mkt_004406,True
4407,INDEX_BCI,2026-05-31 00:00:00,2026-05-31 18:00:00,3076.5,POINTS,1,v1.0,VALID,SYNTHETIC,hash_mkt_004407,True
4408,INDEX_BPI,2026-05-31 00:00:00,2026-05-31 18:00:00,1856.5,POINTS,1,v1.0,VALID,SYNTHETIC,hash_mkt_004408,True
4409,INDEX_BSI,2026-05-31 00:00:00,2026-05-31 18:00:00,1431.9,POINTS,1,v1.0,VALID,SYNTHETIC,hash_mkt_004409,True
4410,INDEX_BHSI,2026-05-31 00:00:00,2026-05-31 18:00:00,903.8,POINTS,1,v1.0,VALID,SYNTHETIC,hash_mkt_004410,True
4411,INDEX_BDI,2026-06-01 00:00:00,2026-06-01 18:00:00,1964.3,POINTS,1,v1.0,VALID,SYNTHETIC,hash_mkt_004411,True
4412,INDEX_BCI,2026-06-01 00:00:00,2026-06-01 18:00:00,3114.4,POINTS,1,v1.0,VALID,SYNTHETIC,hash_mkt_004412,True
4413,INDEX_BPI,2026-06-01 00:00:00,2026-06-01 18:00:00,1830.1,POINTS,1,v1.0,VALID,SYNTHETIC,hash_mkt_004413,True
4414,INDEX_BSI,2026-06-01 00:00:00,2026-06-01 18:00:00,1479.4,POINTS,1,v1.0,VALID,SYNTHETIC,hash_mkt_004414,True
4415,INDEX_BHSI,2026-06-01 00:00:00,2026-06-01 18:00:00,897.1,POINTS,1,v1.0,VALID,SYNTHETIC,hash_mkt_004415,True
4416,INDEX_BDI,2026-06-02 00:00:00,2026-06-02 18:00:00,1923.9,POINTS,1,v1.0,VALID,SYNTHETIC,hash_mkt_004416,True
4417,INDEX_BCI,2026-06-02 00:00:00,2026-06-02 18:00:00,3161.0,POINTS,1,v1.0,VALID,SYNTHETIC,hash_mkt_004417,True
4418,INDEX_BPI,2026-06-02 00:00:00,2026-06-02 18:00:00,1883.8,POINTS,1,v1.0,VALID,SYNTHETIC,hash_mkt_004418,True
4419,INDEX_BSI,2026-06-02 00:00:00,2026-06-02 18:00:00,1438.8,POINTS,1,v1.0,VALID,SYNTHETIC,hash_mkt_004419,True
4420,INDEX_BHSI,2026-06-02 00:00:00,2026-06-02 18:00:00,892.0,POINTS,1,v1.0,VALID,SYNTHETIC,hash_mkt_004420,True
4421,INDEX_BDI,2026-06-03 00:00:00,2026-06-03 18:00:00,1885.8,POINTS,1,v1.0,VALID,SYNTHETIC,hash_mkt_004421,True
4422,INDEX_BCI,2026-06-03 00:00:00,2026-06-03 18:00:00,3106.6,POINTS,1,v1.0,VALID,SYNTHETIC,hash_mkt_004422,True
4423,INDEX_BPI,2026-06-03 00:00:00,2026-06-03 18:00:00,1881.9,POINTS,1,v1.0,VALID,SYNTHETIC,hash_mkt_004423,True
4424,INDEX_BSI,2026-06-03 00:00:00,2026-06-03 18:00:00,1448.0,POINTS,1,v1.0,VALID,SYNTHETIC,hash_mkt_004424,True
4425,INDEX_BHSI,2026-06-03 00:00:00,2026-06-03 18:00:00,893.5,POINTS,1,v1.0,VALID,SYNTHETIC,hash_mkt_004425,True
4426,INDEX_BDI,2026-06-04 00:00:00,2026-06-04 18:00:00,1938.6,POINTS,1,v1.0,VALID,SYNTHETIC,hash_mkt_004426,True
4427,INDEX_BCI,2026-06-04 00:00:00,2026-06-04 18:00:00,3090.1,POINTS,1,v1.0,VALID,SYNTHETIC,hash_mkt_004427,True
4428,INDEX_BPI,2026-06-04 00:00:00,2026-06-04 18:00:00,1908.4,POINTS,1,v1.0,VALID,SYNTHETIC,hash_mkt_004428,True
4429,INDEX_BSI,2026-06-04 00:00:00,2026-06-04 18:00:00,1465.4,POINTS,1,v1.0,VALID,SYNTHETIC,hash_mkt_004429,True
4430,INDEX_BHSI,2026-06-04 00:00:00,2026-06-04 18:00:00,909.7,POINTS,1,v1.0,VALID,SYNTHETIC,hash_mkt_004430,True
4431,INDEX_BDI,2026-06-05 00:00:00,2026-06-05 18:00:00,1953.8,POINTS,1,v1.0,VALID,SYNTHETIC,hash_mkt_004431,True
4432,INDEX_BCI,2026-06-05 00:00:00,2026-06-05 18:00:00,3132.4,POINTS,1,v1.0,VALID,SYNTHETIC,hash_mkt_004432,True
4433,INDEX_BPI,2026-06-05 00:00:00,2026-06-05 18:00:00,1890.5,POINTS,1,v1.0,VALID,SYNTHETIC,hash_mkt_004433,True
4434,INDEX_BSI,2026-06-05 00:00:00,2026-06-05 18:00:00,1440.8,POINTS,1,v1.0,VALID,SYNTHETIC,hash_mkt_004434,True
4435,INDEX_BHSI,2026-06-05 00:00:00,2026-06-05 18:00:00,902.2,POINTS,1,v1.0,VALID,SYNTHETIC,hash_mkt_004435,True
4436,INDEX_BDI,2026-06-06 00:00:00,2026-06-06 18:00:00,1927.4,POINTS,1,v1.0,VALID,SYNTHETIC,hash_mkt_004436,True
4437,INDEX_BCI,2026-06-06 00:00:00,2026-06-06 18:00:00,3059.3,POINTS,1,v1.0,VALID,SYNTHETIC,hash_mkt_004437,True
4438,INDEX_BPI,2026-06-06 00:00:00,2026-06-06 18:00:00,1873.1,POINTS,1,v1.0,VALID,SYNTHETIC,hash_mkt_004438,True
4439,INDEX_BSI,2026-06-06 00:00:00,2026-06-06 18:00:00,1443.5,POINTS,1,v1.0,VALID,SYNTHETIC,hash_mkt_004439,True
4440,INDEX_BHSI,2026-06-06 00:00:00,2026-06-06 18:00:00,919.1,POINTS,1,v1.0,VALID,SYNTHETIC,hash_mkt_004440,True
4441,INDEX_BDI,2026-06-07 00:00:00,2026-06-07 18:00:00,1942.7,POINTS,1,v1.0,VALID,SYNTHETIC,hash_mkt_004441,True
4442,INDEX_BCI,2026-06-07 00:00:00,2026-06-07 18:00:00,3093.8,POINTS,1,v1.0,VALID,SYNTHETIC,hash_mkt_004442,True
4443,INDEX_BPI,2026-06-07 00:00:00,2026-06-07 18:00:00,1855.3,POINTS,1,v1.0,VALID,SYNTHETIC,hash_mkt_004443,True
4444,INDEX_BSI,2026-06-07 00:00:00,2026-06-07 18:00:00,1437.8,POINTS,1,v1.0,VALID,SYNTHETIC,hash_mkt_004444,True
4445,INDEX_BHSI,2026-06-07 00:00:00,2026-06-07 18:00:00,909.3,POINTS,1,v1.0,VALID,SYNTHETIC,hash_mkt_004445,True
4446,INDEX_BDI,2026-06-08 00:00:00,2026-06-08 18:00:00,1944.4,POINTS,1,v1.0,VALID,SYNTHETIC,hash_mkt_004446,True
4447,INDEX_BCI,2026-06-08 00:00:00,2026-06-08 18:00:00,3103.2,POINTS,1,v1.0,VALID,SYNTHETIC,hash_mkt_004447,True
4448,INDEX_BPI,2026-06-08 00:00:00,2026-06-08 18:00:00,1863.3,POINTS,1,v1.0,VALID,SYNTHETIC,hash_mkt_004448,True
4449,INDEX_BSI,2026-06-08 00:00:00,2026-06-08 18:00:00,1428.0,POINTS,1,v1.0,VALID,SYNTHETIC,hash_mkt_004449,True
4450,INDEX_BHSI,2026-06-08 00:00:00,2026-06-08 18:00:00,931.0,POINTS,1,v1.0,VALID,SYNTHETIC,hash_mkt_004450,True
4451,INDEX_BDI,2026-06-09 00:00:00,2026-06-09 18:00:00,1919.6,POINTS,1,v1.0,VALID,SYNTHETIC,hash_mkt_004451,True
4452,INDEX_BCI,2026-06-09 00:00:00,2026-06-09 18:00:00,3042.1,POINTS,1,v1.0,VALID,SYNTHETIC,hash_mkt_004452,True
4453,INDEX_BPI,2026-06-09 00:00:00,2026-06-09 18:00:00,1909.9,POINTS,1,v1.0,VALID,SYNTHETIC,hash_mkt_004453,True
4454,INDEX_BSI,2026-06-09 00:00:00,2026-06-09 18:00:00,1466.8,POINTS,1,v1.0,VALID,SYNTHETIC,hash_mkt_004454,True
4455,INDEX_BHSI,2026-06-09 00:00:00,2026-06-09 18:00:00,924.8,POINTS,1,v1.0,VALID,SYNTHETIC,hash_mkt_004455,True
4456,INDEX_BDI,2026-06-10 00:00:00,2026-06-10 18:00:00,1925.5,POINTS,1,v1.0,VALID,SYNTHETIC,hash_mkt_004456,True
4457,INDEX_BCI,2026-06-10 00:00:00,2026-06-10 18:00:00,3017.8,POINTS,1,v1.0,VALID,SYNTHETIC,hash_mkt_004457,True
4458,INDEX_BPI,2026-06-10 00:00:00,2026-06-10 18:00:00,1892.8,POINTS,1,v1.0,VALID,SYNTHETIC,hash_mkt_004458,True
4459,INDEX_BSI,2026-06-10 00:00:00,2026-06-10 18:00:00,1466.7,POINTS,1,v1.0,VALID,SYNTHETIC,hash_mkt_004459,True
4460,INDEX_BHSI,2026-06-10 00:00:00,2026-06-10 18:00:00,913.0,POINTS,1,v1.0,VALID,SYNTHETIC,hash_mkt_004460,True
4461,INDEX_BDI,2026-06-11 00:00:00,2026-06-11 18:00:00,1959.2,POINTS,1,v1.0,VALID,SYNTHETIC,hash_mkt_004461,True
4462,INDEX_BCI,2026-06-11 00:00:00,2026-06-11 18:00:00,3036.8,POINTS,1,v1.0,VALID,SYNTHETIC,hash_mkt_004462,True
4463,INDEX_BPI,2026-06-11 00:00:00,2026-06-11 18:00:00,1910.9,POINTS,1,v1.0,VALID,SYNTHETIC,hash_mkt_004463,True
4464,INDEX_BSI,2026-06-11 00:00:00,2026-06-11 18:00:00,1466.3,POINTS,1,v1.0,VALID,SYNTHETIC,hash_mkt_004464,True
4465,INDEX_BHSI,2026-06-11 00:00:00,2026-06-11 18:00:00,923.8,POINTS,1,v1.0,VALID,SYNTHETIC,hash_mkt_004465,True
4466,INDEX_BDI,2026-06-12 00:00:00,2026-06-12 18:00:00,1970.5,POINTS,1,v1.0,VALID,SYNTHETIC,hash_mkt_004466,True
4467,INDEX_BCI,2026-06-12 00:00:00,2026-06-12 18:00:00,3054.1,POINTS,1,v1.0,VALID,SYNTHETIC,hash_mkt_004467,True
4468,INDEX_BPI,2026-06-12 00:00:00,2026-06-12 18:00:00,1928.3,POINTS,1,v1.0,VALID,SYNTHETIC,hash_mkt_004468,True
4469,INDEX_BSI,2026-06-12 00:00:00,2026-06-12 18:00:00,1462.6,POINTS,1,v1.0,VALID,SYNTHETIC,hash_mkt_004469,True
4470,INDEX_BHSI,2026-06-12 00:00:00,2026-06-12 18:00:00,895.1,POINTS,1,v1.0,VALID,SYNTHETIC,hash_mkt_004470,True
4471,INDEX_BDI,2026-06-13 00:00:00,2026-06-13 18:00:00,1975.7,POINTS,1,v1.0,VALID,SYNTHETIC,hash_mkt_004471,True
4472,INDEX_BCI,2026-06-13 00:00:00,2026-06-13 18:00:00,3067.0,POINTS,1,v1.0,VALID,SYNTHETIC,hash_mkt_004472,True
4473,INDEX_BPI,2026-06-13 00:00:00,2026-06-13 18:00:00,1905.7,POINTS,1,v1.0,VALID,SYNTHETIC,hash_mkt_004473,True
4474,INDEX_BSI,2026-06-13 00:00:00,2026-06-13 18:00:00,1499.7,POINTS,1,v1.0,VALID,SYNTHETIC,hash_mkt_004474,True
4475,INDEX_BHSI,2026-06-13 00:00:00,2026-06-13 18:00:00,933.1,POINTS,1,v1.0,VALID,SYNTHETIC,hash_mkt_004475,True
4476,INDEX_BDI,2026-06-14 00:00:00,2026-06-14 18:00:00,1954.2,POINTS,1,v1.0,VALID,SYNTHETIC,hash_mkt_004476,True
4477,INDEX_BCI,2026-06-14 00:00:00,2026-06-14 18:00:00,3124.0,POINTS,1,v1.0,VALID,SYNTHETIC,hash_mkt_004477,True
4478,INDEX_BPI,2026-06-14 00:00:00,2026-06-14 18:00:00,1943.9,POINTS,1,v1.0,VALID,SYNTHETIC,hash_mkt_004478,True
4479,INDEX_BSI,2026-06-14 00:00:00,2026-06-14 18:00:00,1488.8,POINTS,1,v1.0,VALID,SYNTHETIC,hash_mkt_004479,True
4480,INDEX_BHSI,2026-06-14 00:00:00,2026-06-14 18:00:00,939.8,POINTS,1,v1.0,VALID,SYNTHETIC,hash_mkt_004480,True
4481,INDEX_BDI,2026-06-15 00:00:00,2026-06-15 18:00:00,1985.0,POINTS,1,v1.0,VALID,SYNTHETIC,hash_mkt_004481,True
4482,INDEX_BCI,2026-06-15 00:00:00,2026-06-15 18:00:00,3121.0,POINTS,1,v1.0,VALID,SYNTHETIC,hash_mkt_004482,True
4483,INDEX_BPI,2026-06-15 00:00:00,2026-06-15 18:00:00,1950.4,POINTS,1,v1.0,VALID,SYNTHETIC,hash_mkt_004483,True
4484,INDEX_BSI,2026-06-15 00:00:00,2026-06-15 18:00:00,1491.8,POINTS,1,v1.0,VALID,SYNTHETIC,hash_mkt_004484,True
4485,INDEX_BHSI,2026-06-15 00:00:00,2026-06-15 18:00:00,943.9,POINTS,1,v1.0,VALID,SYNTHETIC,hash_mkt_004485,True
4486,INDEX_BDI,2026-06-16 00:00:00,2026-06-16 18:00:00,2044.2,POINTS,1,v1.0,VALID,SYNTHETIC,hash_mkt_004486,True
4487,INDEX_BCI,2026-06-16 00:00:00,2026-06-16 18:00:00,3088.2,POINTS,1,v1.0,VALID,SYNTHETIC,hash_mkt_004487,True
4488,INDEX_BPI,2026-06-16 00:00:00,2026-06-16 18:00:00,1942.4,POINTS,1,v1.0,VALID,SYNTHETIC,hash_mkt_004488,True
4489,INDEX_BSI,2026-06-16 00:00:00,2026-06-16 18:00:00,1526.9,POINTS,1,v1.0,VALID,SYNTHETIC,hash_mkt_004489,True
4490,INDEX_BHSI,2026-06-16 00:00:00,2026-06-16 18:00:00,959.5,POINTS,1,v1.0,VALID,SYNTHETIC,hash_mkt_004490,True
4491,INDEX_BDI,2026-06-17 00:00:00,2026-06-17 18:00:00,2052.3,POINTS,1,v1.0,VALID,SYNTHETIC,hash_mkt_004491,True
4492,INDEX_BCI,2026-06-17 00:00:00,2026-06-17 18:00:00,3164.3,POINTS,1,v1.0,VALID,SYNTHETIC,hash_mkt_004492,True
4493,INDEX_BPI,2026-06-17 00:00:00,2026-06-17 18:00:00,1968.0,POINTS,1,v1.0,VALID,SYNTHETIC,hash_mkt_004493,True
4494,INDEX_BSI,2026-06-17 00:00:00,2026-06-17 18:00:00,1529.4,POINTS,1,v1.0,VALID,SYNTHETIC,hash_mkt_004494,True
4495,INDEX_BHSI,2026-06-17 00:00:00,2026-06-17 18:00:00,957.3,POINTS,1,v1.0,VALID,SYNTHETIC,hash_mkt_004495,True
4496,INDEX_BDI,2026-06-18 00:00:00,2026-06-18 18:00:00,2037.9,POINTS,1,v1.0,VALID,SYNTHETIC,hash_mkt_004496,True
4497,INDEX_BCI,2026-06-18 00:00:00,2026-06-18 18:00:00,3132.7,POINTS,1,v1.0,VALID,SYNTHETIC,hash_mkt_004497,True
4498,INDEX_BPI,2026-06-18 00:00:00,2026-06-18 18:00:00,1994.7,POINTS,1,v1.0,VALID,SYNTHETIC,hash_mkt_004498,True
4499,INDEX_BSI,2026-06-18 00:00:00,2026-06-18 18:00:00,1524.6,POINTS,1,v1.0,VALID,SYNTHETIC,hash_mkt_004499,True
4500,INDEX_BHSI,2026-06-18 00:00:00,2026-06-18 18:00:00,963.8,POINTS,1,v1.0,VALID,SYNTHETIC,hash_mkt_004500,True
4501,INDEX_BDI,2026-06-19 00:00:00,2026-06-19 18:00:00,2046.7,POINTS,1,v1.0,VALID,SYNTHETIC,hash_mkt_004501,True
4502,INDEX_BCI,2026-06-19 00:00:00,2026-06-19 18:00:00,3156.6,POINTS,1,v1.0,VALID,SYNTHETIC,hash_mkt_004502,True
4503,INDEX_BPI,2026-06-19 00:00:00,2026-06-19 18:00:00,1978.2,POINTS,1,v1.0,VALID,SYNTHETIC,hash_mkt_004503,True
4504,INDEX_BSI,2026-06-19 00:00:00,2026-06-19 18:00:00,1562.0,POINTS,1,v1.0,VALID,SYNTHETIC,hash_mkt_004504,True
4505,INDEX_BHSI,2026-06-19 00:00:00,2026-06-19 18:00:00,949.5,POINTS,1,v1.0,VALID,SYNTHETIC,hash_mkt_004505,True
4506,INDEX_BDI,2026-06-20 00:00:00,2026-06-20 18:00:00,2023.5,POINTS,1,v1.0,VALID,SYNTHETIC,hash_mkt_004506,True
4507,INDEX_BCI,2026-06-20 00:00:00,2026-06-20 18:00:00,3155.9,POINTS,1,v1.0,VALID,SYNTHETIC,hash_mkt_004507,True
4508,INDEX_BPI,2026-06-20 00:00:00,2026-06-20 18:00:00,1974.4,POINTS,1,v1.0,VALID,SYNTHETIC,hash_mkt_004508,True
4509,INDEX_BSI,2026-06-20 00:00:00,2026-06-20 18:00:00,1568.6,POINTS,1,v1.0,VALID,SYNTHETIC,hash_mkt_004509,True
4510,INDEX_BHSI,2026-06-20 00:00:00,2026-06-20 18:00:00,975.3,POINTS,1,v1.0,VALID,SYNTHETIC,hash_mkt_004510,True
4511,INDEX_BDI,2026-06-21 00:00:00,2026-06-21 18:00:00,2096.2,POINTS,1,v1.0,VALID,SYNTHETIC,hash_mkt_004511,True
4512,INDEX_BCI,2026-06-21 00:00:00,2026-06-21 18:00:00,3246.9,POINTS,1,v1.0,VALID,SYNTHETIC,hash_mkt_004512,True
4513,INDEX_BPI,2026-06-21 00:00:00,2026-06-21 18:00:00,2023.4,POINTS,1,v1.0,VALID,SYNTHETIC,hash_mkt_004513,True
4514,INDEX_BSI,2026-06-21 00:00:00,2026-06-21 18:00:00,1553.4,POINTS,1,v1.0,VALID,SYNTHETIC,hash_mkt_004514,True
4515,INDEX_BHSI,2026-06-21 00:00:00,2026-06-21 18:00:00,990.3,POINTS,1,v1.0,VALID,SYNTHETIC,hash_mkt_004515,True
4516,INDEX_BDI,2026-06-22 00:00:00,2026-06-22 18:00:00,2121.8,POINTS,1,v1.0,VALID,SYNTHETIC,hash_mkt_004516,True
4517,INDEX_BCI,2026-06-22 00:00:00,2026-06-22 18:00:00,3131.9,POINTS,1,v1.0,VALID,SYNTHETIC,hash_mkt_004517,True
4518,INDEX_BPI,2026-06-22 00:00:00,2026-06-22 18:00:00,1996.6,POINTS,1,v1.0,VALID,SYNTHETIC,hash_mkt_004518,True
4519,INDEX_BSI,2026-06-22 00:00:00,2026-06-22 18:00:00,1577.7,POINTS,1,v1.0,VALID,SYNTHETIC,hash_mkt_004519,True
4520,INDEX_BHSI,2026-06-22 00:00:00,2026-06-22 18:00:00,986.9,POINTS,1,v1.0,VALID,SYNTHETIC,hash_mkt_004520,True
4521,INDEX_BDI,2026-06-23 00:00:00,2026-06-23 18:00:00,2153.6,POINTS,1,v1.0,VALID,SYNTHETIC,hash_mkt_004521,True
4522,INDEX_BCI,2026-06-23 00:00:00,2026-06-23 18:00:00,3208.5,POINTS,1,v1.0,VALID,SYNTHETIC,hash_mkt_004522,True
4523,INDEX_BPI,2026-06-23 00:00:00,2026-06-23 18:00:00,2035.9,POINTS,1,v1.0,VALID,SYNTHETIC,hash_mkt_004523,True
4524,INDEX_BSI,2026-06-23 00:00:00,2026-06-23 18:00:00,1573.8,POINTS,1,v1.0,VALID,SYNTHETIC,hash_mkt_004524,True
4525,INDEX_BHSI,2026-06-23 00:00:00,2026-06-23 18:00:00,989.8,POINTS,1,v1.0,VALID,SYNTHETIC,hash_mkt_004525,True
4526,INDEX_BDI,2026-06-24 00:00:00,2026-06-24 18:00:00,2101.8,POINTS,1,v1.0,VALID,SYNTHETIC,hash_mkt_004526,True
4527,INDEX_BCI,2026-06-24 00:00:00,2026-06-24 18:00:00,3269.4,POINTS,1,v1.0,VALID,SYNTHETIC,hash_mkt_004527,True
4528,INDEX_BPI,2026-06-24 00:00:00,2026-06-24 18:00:00,2061.5,POINTS,1,v1.0,VALID,SYNTHETIC,hash_mkt_004528,True
4529,INDEX_BSI,2026-06-24 00:00:00,2026-06-24 18:00:00,1601.8,POINTS,1,v1.0,VALID,SYNTHETIC,hash_mkt_004529,True
4530,INDEX_BHSI,2026-06-24 00:00:00,2026-06-24 18:00:00,996.8,POINTS,1,v1.0,VALID,SYNTHETIC,hash_mkt_004530,True
4531,INDEX_BDI,2026-06-25 00:00:00,2026-06-25 18:00:00,2139.6,POINTS,1,v1.0,VALID,SYNTHETIC,hash_mkt_004531,True
4532,INDEX_BCI,2026-06-25 00:00:00,2026-06-25 18:00:00,3243.4,POINTS,1,v1.0,VALID,SYNTHETIC,hash_mkt_004532,True
4533,INDEX_BPI,2026-06-25 00:00:00,2026-06-25 18:00:00,2060.5,POINTS,1,v1.0,VALID,SYNTHETIC,hash_mkt_004533,True
4534,INDEX_BSI,2026-06-25 00:00:00,2026-06-25 18:00:00,1598.5,POINTS,1,v1.0,VALID,SYNTHETIC,hash_mkt_004534,True
4535,INDEX_BHSI,2026-06-25 00:00:00,2026-06-25 18:00:00,1002.0,POINTS,1,v1.0,VALID,SYNTHETIC,hash_mkt_004535,True
4536,INDEX_BDI,2026-06-26 00:00:00,2026-06-26 18:00:00,2165.3,POINTS,1,v1.0,VALID,SYNTHETIC,hash_mkt_004536,True
4537,INDEX_BCI,2026-06-26 00:00:00,2026-06-26 18:00:00,3259.0,POINTS,1,v1.0,VALID,SYNTHETIC,hash_mkt_004537,True
4538,INDEX_BPI,2026-06-26 00:00:00,2026-06-26 18:00:00,2044.9,POINTS,1,v1.0,VALID,SYNTHETIC,hash_mkt_004538,True
4539,INDEX_BSI,2026-06-26 00:00:00,2026-06-26 18:00:00,1606.5,POINTS,1,v1.0,VALID,SYNTHETIC,hash_mkt_004539,True
4540,INDEX_BHSI,2026-06-26 00:00:00,2026-06-26 18:00:00,999.3,POINTS,1,v1.0,VALID,SYNTHETIC,hash_mkt_004540,True
4541,INDEX_BDI,2026-06-27 00:00:00,2026-06-27 18:00:00,2186.7,POINTS,1,v1.0,VALID,SYNTHETIC,hash_mkt_004541,True
4542,INDEX_BCI,2026-06-27 00:00:00,2026-06-27 18:00:00,3288.3,POINTS,1,v1.0,VALID,SYNTHETIC,hash_mkt_004542,True
4543,INDEX_BPI,2026-06-27 00:00:00,2026-06-27 18:00:00,2105.2,POINTS,1,v1.0,VALID,SYNTHETIC,hash_mkt_004543,True
4544,INDEX_BSI,2026-06-27 00:00:00,2026-06-27 18:00:00,1613.6,POINTS,1,v1.0,VALID,SYNTHETIC,hash_mkt_004544,True
4545,INDEX_BHSI,2026-06-27 00:00:00,2026-06-27 18:00:00,998.7,POINTS,1,v1.0,VALID,SYNTHETIC,hash_mkt_004545,True
4546,INDEX_BDI,2026-06-28 00:00:00,2026-06-28 18:00:00,2152.4,POINTS,1,v1.0,VALID,SYNTHETIC,hash_mkt_004546,True
4547,INDEX_BCI,2026-06-28 00:00:00,2026-06-28 18:00:00,3288.4,POINTS,1,v1.0,VALID,SYNTHETIC,hash_mkt_004547,True
4548,INDEX_BPI,2026-06-28 00:00:00,2026-06-28 18:00:00,2112.7,POINTS,1,v1.0,VALID,SYNTHETIC,hash_mkt_004548,True
4549,INDEX_BSI,2026-06-28 00:00:00,2026-06-28 18:00:00,1611.9,POINTS,1,v1.0,VALID,SYNTHETIC,hash_mkt_004549,True
4550,INDEX_BHSI,2026-06-28 00:00:00,2026-06-28 18:00:00,1002.7,POINTS,1,v1.0,VALID,SYNTHETIC,hash_mkt_004550,True
4551,INDEX_BDI,2026-06-29 00:00:00,2026-06-29 18:00:00,2200.0,POINTS,1,v1.0,VALID,SYNTHETIC,hash_mkt_004551,True
4552,INDEX_BCI,2026-06-29 00:00:00,2026-06-29 18:00:00,3322.8,POINTS,1,v1.0,VALID,SYNTHETIC,hash_mkt_004552,True
4553,INDEX_BPI,2026-06-29 00:00:00,2026-06-29 18:00:00,2109.4,POINTS,1,v1.0,VALID,SYNTHETIC,hash_mkt_004553,True
4554,INDEX_BSI,2026-06-29 00:00:00,2026-06-29 18:00:00,1634.7,POINTS,1,v1.0,VALID,SYNTHETIC,hash_mkt_004554,True
4555,INDEX_BHSI,2026-06-29 00:00:00,2026-06-29 18:00:00,1019.5,POINTS,1,v1.0,VALID,SYNTHETIC,hash_mkt_004555,True
4556,INDEX_BDI,2026-06-30 00:00:00,2026-06-30 18:00:00,2148.3,POINTS,1,v1.0,VALID,SYNTHETIC,hash_mkt_004556,True
4557,INDEX_BCI,2026-06-30 00:00:00,2026-06-30 18:00:00,3331.9,POINTS,1,v1.0,VALID,SYNTHETIC,hash_mkt_004557,True
4558,INDEX_BPI,2026-06-30 00:00:00,2026-06-30 18:00:00,2108.3,POINTS,1,v1.0,VALID,SYNTHETIC,hash_mkt_004558,True
4559,INDEX_BSI,2026-06-30 00:00:00,2026-06-30 18:00:00,1608.2,POINTS,1,v1.0,VALID,SYNTHETIC,hash_mkt_004559,True
4560,INDEX_BHSI,2026-06-30 00:00:00,2026-06-30 18:00:00,1027.6,POINTS,1,v1.0,VALID,SYNTHETIC,hash_mkt_004560,True
4561,INDEX_BDI,2026-07-01 00:00:00,2026-07-01 18:00:00,2162.8,POINTS,1,v1.0,VALID,SYNTHETIC,hash_mkt_004561,True
4562,INDEX_BCI,2026-07-01 00:00:00,2026-07-01 18:00:00,3257.2,POINTS,1,v1.0,VALID,SYNTHETIC,hash_mkt_004562,True
4563,INDEX_BPI,2026-07-01 00:00:00,2026-07-01 18:00:00,2092.2,POINTS,1,v1.0,VALID,SYNTHETIC,hash_mkt_004563,True
4564,INDEX_BSI,2026-07-01 00:00:00,2026-07-01 18:00:00,1628.4,POINTS,1,v1.0,VALID,SYNTHETIC,hash_mkt_004564,True
4565,INDEX_BHSI,2026-07-01 00:00:00,2026-07-01 18:00:00,1019.4,POINTS,1,v1.0,VALID,SYNTHETIC,hash_mkt_004565,True
4566,INDEX_BDI,2026-07-02 00:00:00,2026-07-02 18:00:00,2158.3,POINTS,1,v1.0,VALID,SYNTHETIC,hash_mkt_004566,True
4567,INDEX_BCI,2026-07-02 00:00:00,2026-07-02 18:00:00,3252.9,POINTS,1,v1.0,VALID,SYNTHETIC,hash_mkt_004567,True
4568,INDEX_BPI,2026-07-02 00:00:00,2026-07-02 18:00:00,2064.0,POINTS,1,v1.0,VALID,SYNTHETIC,hash_mkt_004568,True
4569,INDEX_BSI,2026-07-02 00:00:00,2026-07-02 18:00:00,1637.8,POINTS,1,v1.0,VALID,SYNTHETIC,hash_mkt_004569,True
4570,INDEX_BHSI,2026-07-02 00:00:00,2026-07-02 18:00:00,1015.1,POINTS,1,v1.0,VALID,SYNTHETIC,hash_mkt_004570,True
4571,INDEX_BDI,2026-07-03 00:00:00,2026-07-03 18:00:00,2164.6,POINTS,1,v1.0,VALID,SYNTHETIC,hash_mkt_004571,True
4572,INDEX_BCI,2026-07-03 00:00:00,2026-07-03 18:00:00,3308.4,POINTS,1,v1.0,VALID,SYNTHETIC,hash_mkt_004572,True
4573,INDEX_BPI,2026-07-03 00:00:00,2026-07-03 18:00:00,2102.0,POINTS,1,v1.0,VALID,SYNTHETIC,hash_mkt_004573,True
4574,INDEX_BSI,2026-07-03 00:00:00,2026-07-03 18:00:00,1667.5,POINTS,1,v1.0,VALID,SYNTHETIC,hash_mkt_004574,True
4575,INDEX_BHSI,2026-07-03 00:00:00,2026-07-03 18:00:00,1020.5,POINTS,1,v1.0,VALID,SYNTHETIC,hash_mkt_004575,True
4576,INDEX_BDI,2026-07-04 00:00:00,2026-07-04 18:00:00,2181.1,POINTS,1,v1.0,VALID,SYNTHETIC,hash_mkt_004576,True
4577,INDEX_BCI,2026-07-04 00:00:00,2026-07-04 18:00:00,3214.8,POINTS,1,v1.0,VALID,SYNTHETIC,hash_mkt_004577,True
4578,INDEX_BPI,2026-07-04 00:00:00,2026-07-04 18:00:00,2123.5,POINTS,1,v1.0,VALID,SYNTHETIC,hash_mkt_004578,True
4579,INDEX_BSI,2026-07-04 00:00:00,2026-07-04 18:00:00,1636.9,POINTS,1,v1.0,VALID,SYNTHETIC,hash_mkt_004579,True
4580,INDEX_BHSI,2026-07-04 00:00:00,2026-07-04 18:00:00,1020.0,POINTS,1,v1.0,VALID,SYNTHETIC,hash_mkt_004580,True
4581,INDEX_BDI,2026-07-05 00:00:00,2026-07-05 18:00:00,2169.9,POINTS,1,v1.0,VALID,SYNTHETIC,hash_mkt_004581,True
4582,INDEX_BCI,2026-07-05 00:00:00,2026-07-05 18:00:00,3246.4,POINTS,1,v1.0,VALID,SYNTHETIC,hash_mkt_004582,True
4583,INDEX_BPI,2026-07-05 00:00:00,2026-07-05 18:00:00,2102.3,POINTS,1,v1.0,VALID,SYNTHETIC,hash_mkt_004583,True
4584,INDEX_BSI,2026-07-05 00:00:00,2026-07-05 18:00:00,1626.5,POINTS,1,v1.0,VALID,SYNTHETIC,hash_mkt_004584,True
4585,INDEX_BHSI,2026-07-05 00:00:00,2026-07-05 18:00:00,1012.9,POINTS,1,v1.0,VALID,SYNTHETIC,hash_mkt_004585,True
4586,INDEX_BDI,2026-07-06 00:00:00,2026-07-06 18:00:00,2209.8,POINTS,1,v1.0,VALID,SYNTHETIC,hash_mkt_004586,True
4587,INDEX_BCI,2026-07-06 00:00:00,2026-07-06 18:00:00,3175.6,POINTS,1,v1.0,VALID,SYNTHETIC,hash_mkt_004587,True
4588,INDEX_BPI,2026-07-06 00:00:00,2026-07-06 18:00:00,2108.5,POINTS,1,v1.0,VALID,SYNTHETIC,hash_mkt_004588,True
4589,INDEX_BSI,2026-07-06 00:00:00,2026-07-06 18:00:00,1592.1,POINTS,1,v1.0,VALID,SYNTHETIC,hash_mkt_004589,True
4590,INDEX_BHSI,2026-07-06 00:00:00,2026-07-06 18:00:00,1007.0,POINTS,1,v1.0,VALID,SYNTHETIC,hash_mkt_004590,True
4591,INDEX_BDI,2026-07-07 00:00:00,2026-07-07 18:00:00,2163.3,POINTS,1,v1.0,VALID,SYNTHETIC,hash_mkt_004591,True
4592,INDEX_BCI,2026-07-07 00:00:00,2026-07-07 18:00:00,3238.0,POINTS,1,v1.0,VALID,SYNTHETIC,hash_mkt_004592,True
4593,INDEX_BPI,2026-07-07 00:00:00,2026-07-07 18:00:00,2079.0,POINTS,1,v1.0,VALID,SYNTHETIC,hash_mkt_004593,True
4594,INDEX_BSI,2026-07-07 00:00:00,2026-07-07 18:00:00,1637.9,POINTS,1,v1.0,VALID,SYNTHETIC,hash_mkt_004594,True
4595,INDEX_BHSI,2026-07-07 00:00:00,2026-07-07 18:00:00,999.7,POINTS,1,v1.0,VALID,SYNTHETIC,hash_mkt_004595,True
4596,INDEX_BDI,2026-07-08 00:00:00,2026-07-08 18:00:00,2153.9,POINTS,1,v1.0,VALID,SYNTHETIC,hash_mkt_004596,True
4597,INDEX_BCI,2026-07-08 00:00:00,2026-07-08 18:00:00,3154.1,POINTS,1,v1.0,VALID,SYNTHETIC,hash_mkt_004597,True
4598,INDEX_BPI,2026-07-08 00:00:00,2026-07-08 18:00:00,2058.2,POINTS,1,v1.0,VALID,SYNTHETIC,hash_mkt_004598,True
4599,INDEX_BSI,2026-07-08 00:00:00,2026-07-08 18:00:00,1636.1,POINTS,1,v1.0,VALID,SYNTHETIC,hash_mkt_004599,True
4600,INDEX_BHSI,2026-07-08 00:00:00,2026-07-08 18:00:00,983.5,POINTS,1,v1.0,VALID,SYNTHETIC,hash_mkt_004600,True
4601,INDEX_BDI,2026-07-09 00:00:00,2026-07-09 18:00:00,2108.3,POINTS,1,v1.0,VALID,SYNTHETIC,hash_mkt_004601,True
4602,INDEX_BCI,2026-07-09 00:00:00,2026-07-09 18:00:00,3185.5,POINTS,1,v1.0,VALID,SYNTHETIC,hash_mkt_004602,True
4603,INDEX_BPI,2026-07-09 00:00:00,2026-07-09 18:00:00,2111.8,POINTS,1,v1.0,VALID,SYNTHETIC,hash_mkt_004603,True
4604,INDEX_BSI,2026-07-09 00:00:00,2026-07-09 18:00:00,1624.4,POINTS,1,v1.0,VALID,SYNTHETIC,hash_mkt_004604,True
4605,INDEX_BHSI,2026-07-09 00:00:00,2026-07-09 18:00:00,1014.8,POINTS,1,v1.0,VALID,SYNTHETIC,hash_mkt_004605,True
4606,INDEX_BDI,2026-07-10 00:00:00,2026-07-10 18:00:00,2093.0,POINTS,1,v1.0,VALID,SYNTHETIC,hash_mkt_004606,True
4607,INDEX_BCI,2026-07-10 00:00:00,2026-07-10 18:00:00,3186.9,POINTS,1,v1.0,VALID,SYNTHETIC,hash_mkt_004607,True
4608,INDEX_BPI,2026-07-10 00:00:00,2026-07-10 18:00:00,2090.4,POINTS,1,v1.0,VALID,SYNTHETIC,hash_mkt_004608,True
4609,INDEX_BSI,2026-07-10 00:00:00,2026-07-10 18:00:00,1593.8,POINTS,1,v1.0,VALID,SYNTHETIC,hash_mkt_004609,True
4610,INDEX_BHSI,2026-07-10 00:00:00,2026-07-10 18:00:00,994.5,POINTS,1,v1.0,VALID,SYNTHETIC,hash_mkt_004610,True
4611,INDEX_BDI,2026-07-11 00:00:00,2026-07-11 18:00:00,2120.1,POINTS,1,v1.0,VALID,SYNTHETIC,hash_mkt_004611,True
4612,INDEX_BCI,2026-07-11 00:00:00,2026-07-11 18:00:00,3098.5,POINTS,1,v1.0,VALID,SYNTHETIC,hash_mkt_004612,True
4613,INDEX_BPI,2026-07-11 00:00:00,2026-07-11 18:00:00,2050.3,POINTS,1,v1.0,VALID,SYNTHETIC,hash_mkt_004613,True
4614,INDEX_BSI,2026-07-11 00:00:00,2026-07-11 18:00:00,1586.1,POINTS,1,v1.0,VALID,SYNTHETIC,hash_mkt_004614,True
4615,INDEX_BHSI,2026-07-11 00:00:00,2026-07-11 18:00:00,996.4,POINTS,1,v1.0,VALID,SYNTHETIC,hash_mkt_004615,True
4616,INDEX_BDI,2026-07-12 00:00:00,2026-07-12 18:00:00,2095.3,POINTS,1,v1.0,VALID,SYNTHETIC,hash_mkt_004616,True
4617,INDEX_BCI,2026-07-12 00:00:00,2026-07-12 18:00:00,3108.3,POINTS,1,v1.0,VALID,SYNTHETIC,hash_mkt_004617,True
4618,INDEX_BPI,2026-07-12 00:00:00,2026-07-12 18:00:00,2017.4,POINTS,1,v1.0,VALID,SYNTHETIC,hash_mkt_004618,True
4619,INDEX_BSI,2026-07-12 00:00:00,2026-07-12 18:00:00,1550.6,POINTS,1,v1.0,VALID,SYNTHETIC,hash_mkt_004619,True
4620,INDEX_BHSI,2026-07-12 00:00:00,2026-07-12 18:00:00,995.7,POINTS,1,v1.0,VALID,SYNTHETIC,hash_mkt_004620,True
4621,INDEX_BDI,2026-07-13 00:00:00,2026-07-13 18:00:00,2132.0,POINTS,1,v1.0,VALID,SYNTHETIC,hash_mkt_004621,True
4622,INDEX_BCI,2026-07-13 00:00:00,2026-07-13 18:00:00,2991.8,POINTS,1,v1.0,VALID,SYNTHETIC,hash_mkt_004622,True
4623,INDEX_BPI,2026-07-13 00:00:00,2026-07-13 18:00:00,2004.2,POINTS,1,v1.0,VALID,SYNTHETIC,hash_mkt_004623,True
4624,INDEX_BSI,2026-07-13 00:00:00,2026-07-13 18:00:00,1564.7,POINTS,1,v1.0,VALID,SYNTHETIC,hash_mkt_004624,True
4625,INDEX_BHSI,2026-07-13 00:00:00,2026-07-13 18:00:00,963.6,POINTS,1,v1.0,VALID,SYNTHETIC,hash_mkt_004625,True
4626,INDEX_BDI,2026-07-14 00:00:00,2026-07-14 18:00:00,2076.9,POINTS,1,v1.0,VALID,SYNTHETIC,hash_mkt_004626,True
4627,INDEX_BCI,2026-07-14 00:00:00,2026-07-14 18:00:00,2993.2,POINTS,1,v1.0,VALID,SYNTHETIC,hash_mkt_004627,True
4628,INDEX_BPI,2026-07-14 00:00:00,2026-07-14 18:00:00,2029.8,POINTS,1,v1.0,VALID,SYNTHETIC,hash_mkt_004628,True
4629,INDEX_BSI,2026-07-14 00:00:00,2026-07-14 18:00:00,1546.4,POINTS,1,v1.0,VALID,SYNTHETIC,hash_mkt_004629,True
4630,INDEX_BHSI,2026-07-14 00:00:00,2026-07-14 18:00:00,982.0,POINTS,1,v1.0,VALID,SYNTHETIC,hash_mkt_004630,True
4631,INDEX_BDI,2026-07-15 00:00:00,2026-07-15 18:00:00,2050.4,POINTS,1,v1.0,VALID,SYNTHETIC,hash_mkt_004631,True
4632,INDEX_BCI,2026-07-15 00:00:00,2026-07-15 18:00:00,2942.1,POINTS,1,v1.0,VALID,SYNTHETIC,hash_mkt_004632,True
4633,INDEX_BPI,2026-07-15 00:00:00,2026-07-15 18:00:00,2019.2,POINTS,1,v1.0,VALID,SYNTHETIC,hash_mkt_004633,True
4634,INDEX_BSI,2026-07-15 00:00:00,2026-07-15 18:00:00,1550.2,POINTS,1,v1.0,VALID,SYNTHETIC,hash_mkt_004634,True
4635,INDEX_BHSI,2026-07-15 00:00:00,2026-07-15 18:00:00,960.3,POINTS,1,v1.0,VALID,SYNTHETIC,hash_mkt_004635,True
4636,INDEX_BDI,2026-07-16 00:00:00,2026-07-16 18:00:00,2057.1,POINTS,1,v1.0,VALID,SYNTHETIC,hash_mkt_004636,True
4637,INDEX_BCI,2026-07-16 00:00:00,2026-07-16 18:00:00,2928.2,POINTS,1,v1.0,VALID,SYNTHETIC,hash_mkt_004637,True
4638,INDEX_BPI,2026-07-16 00:00:00,2026-07-16 18:00:00,2004.0,POINTS,1,v1.0,VALID,SYNTHETIC,hash_mkt_004638,True
4639,INDEX_BSI,2026-07-16 00:00:00,2026-07-16 18:00:00,1561.8,POINTS,1,v1.0,VALID,SYNTHETIC,hash_mkt_004639,True
4640,INDEX_BHSI,2026-07-16 00:00:00,2026-07-16 18:00:00,957.7,POINTS,1,v1.0,VALID,SYNTHETIC,hash_mkt_004640,True
4641,INDEX_BDI,2026-07-17 00:00:00,2026-07-17 18:00:00,2055.7,POINTS,1,v1.0,VALID,SYNTHETIC,hash_mkt_004641,True
4642,INDEX_BCI,2026-07-17 00:00:00,2026-07-17 18:00:00,2935.7,POINTS,1,v1.0,VALID,SYNTHETIC,hash_mkt_004642,True
4643,INDEX_BPI,2026-07-17 00:00:00,2026-07-17 18:00:00,1965.4,POINTS,1,v1.0,VALID,SYNTHETIC,hash_mkt_004643,True
4644,INDEX_BSI,2026-07-17 00:00:00,2026-07-17 18:00:00,1496.9,POINTS,1,v1.0,VALID,SYNTHETIC,hash_mkt_004644,True
4645,INDEX_BHSI,2026-07-17 00:00:00,2026-07-17 18:00:00,954.4,POINTS,1,v1.0,VALID,SYNTHETIC,hash_mkt_004645,True
4646,INDEX_BDI,2026-07-18 00:00:00,2026-07-18 18:00:00,1983.0,POINTS,1,v1.0,VALID,SYNTHETIC,hash_mkt_004646,True
4647,INDEX_BCI,2026-07-18 00:00:00,2026-07-18 18:00:00,2764.8,POINTS,1,v1.0,VALID,SYNTHETIC,hash_mkt_004647,True
4648,INDEX_BPI,2026-07-18 00:00:00,2026-07-18 18:00:00,1927.7,POINTS,1,v1.0,VALID,SYNTHETIC,hash_mkt_004648,True
4649,INDEX_BSI,2026-07-18 00:00:00,2026-07-18 18:00:00,1516.7,POINTS,1,v1.0,VALID,SYNTHETIC,hash_mkt_004649,True
4650,INDEX_BHSI,2026-07-18 00:00:00,2026-07-18 18:00:00,948.8,POINTS,1,v1.0,VALID,SYNTHETIC,hash_mkt_004650,True
4651,INDEX_BDI,2026-07-19 00:00:00,2026-07-19 18:00:00,1948.7,POINTS,1,v1.0,VALID,SYNTHETIC,hash_mkt_004651,True
4652,INDEX_BCI,2026-07-19 00:00:00,2026-07-19 18:00:00,2770.2,POINTS,1,v1.0,VALID,SYNTHETIC,hash_mkt_004652,True
4653,INDEX_BPI,2026-07-19 00:00:00,2026-07-19 18:00:00,1903.9,POINTS,1,v1.0,VALID,SYNTHETIC,hash_mkt_004653,True
4654,INDEX_BSI,2026-07-19 00:00:00,2026-07-19 18:00:00,1498.7,POINTS,1,v1.0,VALID,SYNTHETIC,hash_mkt_004654,True
4655,INDEX_BHSI,2026-07-19 00:00:00,2026-07-19 18:00:00,921.3,POINTS,1,v1.0,VALID,SYNTHETIC,hash_mkt_004655,True
4656,INDEX_BDI,2026-07-20 00:00:00,2026-07-20 18:00:00,1973.2,POINTS,1,v1.0,VALID,SYNTHETIC,hash_mkt_004656,True
4657,INDEX_BCI,2026-07-20 00:00:00,2026-07-20 18:00:00,2727.4,POINTS,1,v1.0,VALID,SYNTHETIC,hash_mkt_004657,True
4658,INDEX_BPI,2026-07-20 00:00:00,2026-07-20 18:00:00,1884.8,POINTS,1,v1.0,VALID,SYNTHETIC,hash_mkt_004658,True
4659,INDEX_BSI,2026-07-20 00:00:00,2026-07-20 18:00:00,1469.1,POINTS,1,v1.0,VALID,SYNTHETIC,hash_mkt_004659,True
4660,INDEX_BHSI,2026-07-20 00:00:00,2026-07-20 18:00:00,929.8,POINTS,1,v1.0,VALID,SYNTHETIC,hash_mkt_004660,True
4661,INDEX_BDI,2026-07-21 00:00:00,2026-07-21 18:00:00,1934.4,POINTS,1,v1.0,VALID,SYNTHETIC,hash_mkt_004661,True
4662,INDEX_BCI,2026-07-21 00:00:00,2026-07-21 18:00:00,2763.7,POINTS,1,v1.0,VALID,SYNTHETIC,hash_mkt_004662,True
4663,INDEX_BPI,2026-07-21 00:00:00,2026-07-21 18:00:00,1881.8,POINTS,1,v1.0,VALID,SYNTHETIC,hash_mkt_004663,True
4664,INDEX_BSI,2026-07-21 00:00:00,2026-07-21 18:00:00,1461.7,POINTS,1,v1.0,VALID,SYNTHETIC,hash_mkt_004664,True
4665,INDEX_BHSI,2026-07-21 00:00:00,2026-07-21 18:00:00,931.1,POINTS,1,v1.0,VALID,SYNTHETIC,hash_mkt_004665,True
4666,INDEX_BDI,2026-07-22 00:00:00,2026-07-22 18:00:00,1973.6,POINTS,1,v1.0,VALID,SYNTHETIC,hash_mkt_004666,True
4667,INDEX_BCI,2026-07-22 00:00:00,2026-07-22 18:00:00,2841.6,POINTS,1,v1.0,VALID,SYNTHETIC,hash_mkt_004667,True
4668,INDEX_BPI,2026-07-22 00:00:00,2026-07-22 18:00:00,1879.5,POINTS,1,v1.0,VALID,SYNTHETIC,hash_mkt_004668,True
4669,INDEX_BSI,2026-07-22 00:00:00,2026-07-22 18:00:00,1454.4,POINTS,1,v1.0,VALID,SYNTHETIC,hash_mkt_004669,True
4670,INDEX_BHSI,2026-07-22 00:00:00,2026-07-22 18:00:00,906.2,POINTS,1,v1.0,VALID,SYNTHETIC,hash_mkt_004670,True
4671,INDEX_BDI,2026-07-23 00:00:00,2026-07-23 18:00:00,1934.3,POINTS,1,v1.0,VALID,SYNTHETIC,hash_mkt_004671,True
4672,INDEX_BCI,2026-07-23 00:00:00,2026-07-23 18:00:00,2704.4,POINTS,1,v1.0,VALID,SYNTHETIC,hash_mkt_004672,True
4673,INDEX_BPI,2026-07-23 00:00:00,2026-07-23 18:00:00,1858.8,POINTS,1,v1.0,VALID,SYNTHETIC,hash_mkt_004673,True
4674,INDEX_BSI,2026-07-23 00:00:00,2026-07-23 18:00:00,1423.8,POINTS,1,v1.0,VALID,SYNTHETIC,hash_mkt_004674,True
4675,INDEX_BHSI,2026-07-23 00:00:00,2026-07-23 18:00:00,901.8,POINTS,1,v1.0,VALID,SYNTHETIC,hash_mkt_004675,True
4676,INDEX_BDI,2026-07-24 00:00:00,2026-07-24 18:00:00,1837.4,POINTS,1,v1.0,VALID,SYNTHETIC,hash_mkt_004676,True
4677,INDEX_BCI,2026-07-24 00:00:00,2026-07-24 18:00:00,2661.8,POINTS,1,v1.0,VALID,SYNTHETIC,hash_mkt_004677,True
4678,INDEX_BPI,2026-07-24 00:00:00,2026-07-24 18:00:00,1848.2,POINTS,1,v1.0,VALID,SYNTHETIC,hash_mkt_004678,True
4679,INDEX_BSI,2026-07-24 00:00:00,2026-07-24 18:00:00,1435.2,POINTS,1,v1.0,VALID,SYNTHETIC,hash_mkt_004679,True
4680,INDEX_BHSI,2026-07-24 00:00:00,2026-07-24 18:00:00,907.1,POINTS,1,v1.0,VALID,SYNTHETIC,hash_mkt_004680,True
4681,INDEX_BDI,2026-07-25 00:00:00,2026-07-25 18:00:00,1885.7,POINTS,1,v1.0,VALID,SYNTHETIC,hash_mkt_004681,True
4682,INDEX_BCI,2026-07-25 00:00:00,2026-07-25 18:00:00,2632.0,POINTS,1,v1.0,VALID,SYNTHETIC,hash_mkt_004682,True
4683,INDEX_BPI,2026-07-25 00:00:00,2026-07-25 18:00:00,1829.6,POINTS,1,v1.0,VALID,SYNTHETIC,hash_mkt_004683,True
4684,INDEX_BSI,2026-07-25 00:00:00,2026-07-25 18:00:00,1449.9,POINTS,1,v1.0,VALID,SYNTHETIC,hash_mkt_004684,True
4685,INDEX_BHSI,2026-07-25 00:00:00,2026-07-25 18:00:00,880.1,POINTS,1,v1.0,VALID,SYNTHETIC,hash_mkt_004685,True
4686,INDEX_BDI,2026-07-26 00:00:00,2026-07-26 18:00:00,1857.5,POINTS,1,v1.0,VALID,SYNTHETIC,hash_mkt_004686,True
4687,INDEX_BCI,2026-07-26 00:00:00,2026-07-26 18:00:00,2597.6,POINTS,1,v1.0,VALID,SYNTHETIC,hash_mkt_004687,True
4688,INDEX_BPI,2026-07-26 00:00:00,2026-07-26 18:00:00,1814.8,POINTS,1,v1.0,VALID,SYNTHETIC,hash_mkt_004688,True
4689,INDEX_BSI,2026-07-26 00:00:00,2026-07-26 18:00:00,1384.2,POINTS,1,v1.0,VALID,SYNTHETIC,hash_mkt_004689,True
4690,INDEX_BHSI,2026-07-26 00:00:00,2026-07-26 18:00:00,876.6,POINTS,1,v1.0,VALID,SYNTHETIC,hash_mkt_004690,True
4691,INDEX_BDI,2026-07-27 00:00:00,2026-07-27 18:00:00,1873.1,POINTS,1,v1.0,VALID,SYNTHETIC,hash_mkt_004691,True
4692,INDEX_BCI,2026-07-27 00:00:00,2026-07-27 18:00:00,2602.1,POINTS,1,v1.0,VALID,SYNTHETIC,hash_mkt_004692,True
4693,INDEX_BPI,2026-07-27 00:00:00,2026-07-27 18:00:00,1799.8,POINTS,1,v1.0,VALID,SYNTHETIC,hash_mkt_004693,True
4694,INDEX_BSI,2026-07-27 00:00:00,2026-07-27 18:00:00,1381.6,POINTS,1,v1.0,VALID,SYNTHETIC,hash_mkt_004694,True
4695,INDEX_BHSI,2026-07-27 00:00:00,2026-07-27 18:00:00,869.6,POINTS,1,v1.0,VALID,SYNTHETIC,hash_mkt_004695,True
4696,INDEX_BDI,2026-07-28 00:00:00,2026-07-28 18:00:00,1880.1,POINTS,1,v1.0,VALID,SYNTHETIC,hash_mkt_004696,True
4697,INDEX_BCI,2026-07-28 00:00:00,2026-07-28 18:00:00,2574.2,POINTS,1,v1.0,VALID,SYNTHETIC,hash_mkt_004697,True
4698,INDEX_BPI,2026-07-28 00:00:00,2026-07-28 18:00:00,1786.5,POINTS,1,v1.0,VALID,SYNTHETIC,hash_mkt_004698,True
4699,INDEX_BSI,2026-07-28 00:00:00,2026-07-28 18:00:00,1397.5,POINTS,1,v1.0,VALID,SYNTHETIC,hash_mkt_004699,True
4700,INDEX_BHSI,2026-07-28 00:00:00,2026-07-28 18:00:00,868.2,POINTS,1,v1.0,VALID,SYNTHETIC,hash_mkt_004700,True
4701,INDEX_BDI,2026-07-29 00:00:00,2026-07-29 18:00:00,1824.3,POINTS,1,v1.0,VALID,SYNTHETIC,hash_mkt_004701,True
4702,INDEX_BCI,2026-07-29 00:00:00,2026-07-29 18:00:00,2582.9,POINTS,1,v1.0,VALID,SYNTHETIC,hash_mkt_004702,True
4703,INDEX_BPI,2026-07-29 00:00:00,2026-07-29 18:00:00,1749.3,POINTS,1,v1.0,VALID,SYNTHETIC,hash_mkt_004703,True
4704,INDEX_BSI,2026-07-29 00:00:00,2026-07-29 18:00:00,1372.7,POINTS,1,v1.0,VALID,SYNTHETIC,hash_mkt_004704,True
4705,INDEX_BHSI,2026-07-29 00:00:00,2026-07-29 18:00:00,863.0,POINTS,1,v1.0,VALID,SYNTHETIC,hash_mkt_004705,True
4706,INDEX_BDI,2026-07-30 00:00:00,2026-07-30 18:00:00,1858.1,POINTS,1,v1.0,VALID,SYNTHETIC,hash_mkt_004706,True
4707,INDEX_BCI,2026-07-30 00:00:00,2026-07-30 18:00:00,2551.1,POINTS,1,v1.0,VALID,SYNTHETIC,hash_mkt_004707,True
4708,INDEX_BPI,2026-07-30 00:00:00,2026-07-30 18:00:00,1758.5,POINTS,1,v1.0,VALID,SYNTHETIC,hash_mkt_004708,True
4709,INDEX_BSI,2026-07-30 00:00:00,2026-07-30 18:00:00,1366.9,POINTS,1,v1.0,VALID,SYNTHETIC,hash_mkt_004709,True
4710,INDEX_BHSI,2026-07-30 00:00:00,2026-07-30 18:00:00,857.8,POINTS,1,v1.0,VALID,SYNTHETIC,hash_mkt_004710,True
4711,INDEX_BDI,2026-07-31 00:00:00,2026-07-31 18:00:00,1803.5,POINTS,1,v1.0,VALID,SYNTHETIC,hash_mkt_004711,True
4712,INDEX_BCI,2026-07-31 00:00:00,2026-07-31 18:00:00,2491.2,POINTS,1,v1.0,VALID,SYNTHETIC,hash_mkt_004712,True
4713,INDEX_BPI,2026-07-31 00:00:00,2026-07-31 18:00:00,1763.6,POINTS,1,v1.0,VALID,SYNTHETIC,hash_mkt_004713,True
4714,INDEX_BSI,2026-07-31 00:00:00,2026-07-31 18:00:00,1358.9,POINTS,1,v1.0,VALID,SYNTHETIC,hash_mkt_004714,True
4715,INDEX_BHSI,2026-07-31 00:00:00,2026-07-31 18:00:00,839.8,POINTS,1,v1.0,VALID,SYNTHETIC,hash_mkt_004715,True
4716,INDEX_BDI,2026-08-01 00:00:00,2026-08-01 18:00:00,1787.1,POINTS,1,v1.0,VALID,SYNTHETIC,hash_mkt_004716,True
4717,INDEX_BCI,2026-08-01 00:00:00,2026-08-01 18:00:00,2550.7,POINTS,1,v1.0,VALID,SYNTHETIC,hash_mkt_004717,True
4718,INDEX_BPI,2026-08-01 00:00:00,2026-08-01 18:00:00,1740.5,POINTS,1,v1.0,VALID,SYNTHETIC,hash_mkt_004718,True
4719,INDEX_BSI,2026-08-01 00:00:00,2026-08-01 18:00:00,1358.2,POINTS,1,v1.0,VALID,SYNTHETIC,hash_mkt_004719,True
4720,INDEX_BHSI,2026-08-01 00:00:00,2026-08-01 18:00:00,856.3,POINTS,1,v1.0,VALID,SYNTHETIC,hash_mkt_004720,True
4721,INDEX_BDI,2026-08-02 00:00:00,2026-08-02 18:00:00,1850.0,POINTS,1,v1.0,VALID,SYNTHETIC,hash_mkt_004721,True
4722,INDEX_BCI,2026-08-02 00:00:00,2026-08-02 18:00:00,2430.7,POINTS,1,v1.0,VALID,SYNTHETIC,hash_mkt_004722,True
4723,INDEX_BPI,2026-08-02 00:00:00,2026-08-02 18:00:00,1748.7,POINTS,1,v1.0,VALID,SYNTHETIC,hash_mkt_004723,True
4724,INDEX_BSI,2026-08-02 00:00:00,2026-08-02 18:00:00,1322.9,POINTS,1,v1.0,VALID,SYNTHETIC,hash_mkt_004724,True
4725,INDEX_BHSI,2026-08-02 00:00:00,2026-08-02 18:00:00,851.2,POINTS,1,v1.0,VALID,SYNTHETIC,hash_mkt_004725,True
4726,INDEX_BDI,2026-08-03 00:00:00,2026-08-03 18:00:00,1767.2,POINTS,1,v1.0,VALID,SYNTHETIC,hash_mkt_004726,True
4727,INDEX_BCI,2026-08-03 00:00:00,2026-08-03 18:00:00,2437.6,POINTS,1,v1.0,VALID,SYNTHETIC,hash_mkt_004727,True
4728,INDEX_BPI,2026-08-03 00:00:00,2026-08-03 18:00:00,1746.4,POINTS,1,v1.0,VALID,SYNTHETIC,hash_mkt_004728,True
4729,INDEX_BSI,2026-08-03 00:00:00,2026-08-03 18:00:00,1327.1,POINTS,1,v1.0,VALID,SYNTHETIC,hash_mkt_004729,True
4730,INDEX_BHSI,2026-08-03 00:00:00,2026-08-03 18:00:00,844.8,POINTS,1,v1.0,VALID,SYNTHETIC,hash_mkt_004730,True
4731,INDEX_BDI,2026-08-04 00:00:00,2026-08-04 18:00:00,1746.2,POINTS,1,v1.0,VALID,SYNTHETIC,hash_mkt_004731,True
4732,INDEX_BCI,2026-08-04 00:00:00,2026-08-04 18:00:00,2468.9,POINTS,1,v1.0,VALID,SYNTHETIC,hash_mkt_004732,True
4733,INDEX_BPI,2026-08-04 00:00:00,2026-08-04 18:00:00,1714.5,POINTS,1,v1.0,VALID,SYNTHETIC,hash_mkt_004733,True
4734,INDEX_BSI,2026-08-04 00:00:00,2026-08-04 18:00:00,1327.5,POINTS,1,v1.0,VALID,SYNTHETIC,hash_mkt_004734,True
4735,INDEX_BHSI,2026-08-04 00:00:00,2026-08-04 18:00:00,840.6,POINTS,1,v1.0,VALID,SYNTHETIC,hash_mkt_004735,True
4736,INDEX_BDI,2026-08-05 00:00:00,2026-08-05 18:00:00,1760.7,POINTS,1,v1.0,VALID,SYNTHETIC,hash_mkt_004736,True
4737,INDEX_BCI,2026-08-05 00:00:00,2026-08-05 18:00:00,2469.7,POINTS,1,v1.0,VALID,SYNTHETIC,hash_mkt_004737,True
4738,INDEX_BPI,2026-08-05 00:00:00,2026-08-05 18:00:00,1725.7,POINTS,1,v1.0,VALID,SYNTHETIC,hash_mkt_004738,True
4739,INDEX_BSI,2026-08-05 00:00:00,2026-08-05 18:00:00,1350.7,POINTS,1,v1.0,VALID,SYNTHETIC,hash_mkt_004739,True
4740,INDEX_BHSI,2026-08-05 00:00:00,2026-08-05 18:00:00,845.5,POINTS,1,v1.0,VALID,SYNTHETIC,hash_mkt_004740,True
4741,INDEX_BDI,2026-08-06 00:00:00,2026-08-06 18:00:00,1784.2,POINTS,1,v1.0,VALID,SYNTHETIC,hash_mkt_004741,True
4742,INDEX_BCI,2026-08-06 00:00:00,2026-08-06 18:00:00,2554.5,POINTS,1,v1.0,VALID,SYNTHETIC,hash_mkt_004742,True
4743,INDEX_BPI,2026-08-06 00:00:00,2026-08-06 18:00:00,1716.1,POINTS,1,v1.0,VALID,SYNTHETIC,hash_mkt_004743,True
4744,INDEX_BSI,2026-08-06 00:00:00,2026-08-06 18:00:00,1321.4,POINTS,1,v1.0,VALID,SYNTHETIC,hash_mkt_004744,True
4745,INDEX_BHSI,2026-08-06 00:00:00,2026-08-06 18:00:00,833.1,POINTS,1,v1.0,VALID,SYNTHETIC,hash_mkt_004745,True
4746,INDEX_BDI,2026-08-07 00:00:00,2026-08-07 18:00:00,1780.6,POINTS,1,v1.0,VALID,SYNTHETIC,hash_mkt_004746,True
4747,INDEX_BCI,2026-08-07 00:00:00,2026-08-07 18:00:00,2407.9,POINTS,1,v1.0,VALID,SYNTHETIC,hash_mkt_004747,True
4748,INDEX_BPI,2026-08-07 00:00:00,2026-08-07 18:00:00,1679.7,POINTS,1,v1.0,VALID,SYNTHETIC,hash_mkt_004748,True
4749,INDEX_BSI,2026-08-07 00:00:00,2026-08-07 18:00:00,1336.7,POINTS,1,v1.0,VALID,SYNTHETIC,hash_mkt_004749,True
4750,INDEX_BHSI,2026-08-07 00:00:00,2026-08-07 18:00:00,832.1,POINTS,1,v1.0,VALID,SYNTHETIC,hash_mkt_004750,True
4751,INDEX_BDI,2026-08-08 00:00:00,2026-08-08 18:00:00,1772.1,POINTS,1,v1.0,VALID,SYNTHETIC,hash_mkt_004751,True
4752,INDEX_BCI,2026-08-08 00:00:00,2026-08-08 18:00:00,2443.3,POINTS,1,v1.0,VALID,SYNTHETIC,hash_mkt_004752,True
4753,INDEX_BPI,2026-08-08 00:00:00,2026-08-08 18:00:00,1730.9,POINTS,1,v1.0,VALID,SYNTHETIC,hash_mkt_004753,True
4754,INDEX_BSI,2026-08-08 00:00:00,2026-08-08 18:00:00,1308.9,POINTS,1,v1.0,VALID,SYNTHETIC,hash_mkt_004754,True
4755,INDEX_BHSI,2026-08-08 00:00:00,2026-08-08 18:00:00,842.9,POINTS,1,v1.0,VALID,SYNTHETIC,hash_mkt_004755,True
4756,INDEX_BDI,2026-08-09 00:00:00,2026-08-09 18:00:00,1788.5,POINTS,1,v1.0,VALID,SYNTHETIC,hash_mkt_004756,True
4757,INDEX_BCI,2026-08-09 00:00:00,2026-08-09 18:00:00,2503.2,POINTS,1,v1.0,VALID,SYNTHETIC,hash_mkt_004757,True
4758,INDEX_BPI,2026-08-09 00:00:00,2026-08-09 18:00:00,1740.2,POINTS,1,v1.0,VALID,SYNTHETIC,hash_mkt_004758,True
4759,INDEX_BSI,2026-08-09 00:00:00,2026-08-09 18:00:00,1327.6,POINTS,1,v1.0,VALID,SYNTHETIC,hash_mkt_004759,True
4760,INDEX_BHSI,2026-08-09 00:00:00,2026-08-09 18:00:00,840.7,POINTS,1,v1.0,VALID,SYNTHETIC,hash_mkt_004760,True
4761,INDEX_BDI,2026-08-10 00:00:00,2026-08-10 18:00:00,1771.1,POINTS,1,v1.0,VALID,SYNTHETIC,hash_mkt_004761,True
4762,INDEX_BCI,2026-08-10 00:00:00,2026-08-10 18:00:00,2446.3,POINTS,1,v1.0,VALID,SYNTHETIC,hash_mkt_004762,True
4763,INDEX_BPI,2026-08-10 00:00:00,2026-08-10 18:00:00,1693.0,POINTS,1,v1.0,VALID,SYNTHETIC,hash_mkt_004763,True
4764,INDEX_BSI,2026-08-10 00:00:00,2026-08-10 18:00:00,1334.3,POINTS,1,v1.0,VALID,SYNTHETIC,hash_mkt_004764,True
4765,INDEX_BHSI,2026-08-10 00:00:00,2026-08-10 18:00:00,829.3,POINTS,1,v1.0,VALID,SYNTHETIC,hash_mkt_004765,True
4766,INDEX_BDI,2026-08-11 00:00:00,2026-08-11 18:00:00,1781.2,POINTS,1,v1.0,VALID,SYNTHETIC,hash_mkt_004766,True
4767,INDEX_BCI,2026-08-11 00:00:00,2026-08-11 18:00:00,2407.6,POINTS,1,v1.0,VALID,SYNTHETIC,hash_mkt_004767,True
4768,INDEX_BPI,2026-08-11 00:00:00,2026-08-11 18:00:00,1765.3,POINTS,1,v1.0,VALID,SYNTHETIC,hash_mkt_004768,True
4769,INDEX_BSI,2026-08-11 00:00:00,2026-08-11 18:00:00,1354.7,POINTS,1,v1.0,VALID,SYNTHETIC,hash_mkt_004769,True
4770,INDEX_BHSI,2026-08-11 00:00:00,2026-08-11 18:00:00,826.5,POINTS,1,v1.0,VALID,SYNTHETIC,hash_mkt_004770,True
4771,INDEX_BDI,2026-08-12 00:00:00,2026-08-12 18:00:00,1839.2,POINTS,1,v1.0,VALID,SYNTHETIC,hash_mkt_004771,True
4772,INDEX_BCI,2026-08-12 00:00:00,2026-08-12 18:00:00,2480.4,POINTS,1,v1.0,VALID,SYNTHETIC,hash_mkt_004772,True
4773,INDEX_BPI,2026-08-12 00:00:00,2026-08-12 18:00:00,1779.2,POINTS,1,v1.0,VALID,SYNTHETIC,hash_mkt_004773,True
4774,INDEX_BSI,2026-08-12 00:00:00,2026-08-12 18:00:00,1372.5,POINTS,1,v1.0,VALID,SYNTHETIC,hash_mkt_004774,True
4775,INDEX_BHSI,2026-08-12 00:00:00,2026-08-12 18:00:00,831.3,POINTS,1,v1.0,VALID,SYNTHETIC,hash_mkt_004775,True
4776,INDEX_BDI,2026-08-13 00:00:00,2026-08-13 18:00:00,1833.5,POINTS,1,v1.0,VALID,SYNTHETIC,hash_mkt_004776,True
4777,INDEX_BCI,2026-08-13 00:00:00,2026-08-13 18:00:00,2441.4,POINTS,1,v1.0,VALID,SYNTHETIC,hash_mkt_004777,True
4778,INDEX_BPI,2026-08-13 00:00:00,2026-08-13 18:00:00,1704.6,POINTS,1,v1.0,VALID,SYNTHETIC,hash_mkt_004778,True
4779,INDEX_BSI,2026-08-13 00:00:00,2026-08-13 18:00:00,1331.7,POINTS,1,v1.0,VALID,SYNTHETIC,hash_mkt_004779,True
4780,INDEX_BHSI,2026-08-13 00:00:00,2026-08-13 18:00:00,867.1,POINTS,1,v1.0,VALID,SYNTHETIC,hash_mkt_004780,True
4781,INDEX_BDI,2026-08-14 00:00:00,2026-08-14 18:00:00,1853.4,POINTS,1,v1.0,VALID,SYNTHETIC,hash_mkt_004781,True
4782,INDEX_BCI,2026-08-14 00:00:00,2026-08-14 18:00:00,2453.4,POINTS,1,v1.0,VALID,SYNTHETIC,hash_mkt_004782,True
4783,INDEX_BPI,2026-08-14 00:00:00,2026-08-14 18:00:00,1744.2,POINTS,1,v1.0,VALID,SYNTHETIC,hash_mkt_004783,True
4784,INDEX_BSI,2026-08-14 00:00:00,2026-08-14 18:00:00,1372.8,POINTS,1,v1.0,VALID,SYNTHETIC,hash_mkt_004784,True
4785,INDEX_BHSI,2026-08-14 00:00:00,2026-08-14 18:00:00,859.5,POINTS,1,v1.0,VALID,SYNTHETIC,hash_mkt_004785,True
4786,INDEX_BDI,2026-08-15 00:00:00,2026-08-15 18:00:00,1868.2,POINTS,1,v1.0,VALID,SYNTHETIC,hash_mkt_004786,True
4787,INDEX_BCI,2026-08-15 00:00:00,2026-08-15 18:00:00,2392.9,POINTS,1,v1.0,VALID,SYNTHETIC,hash_mkt_004787,True
4788,INDEX_BPI,2026-08-15 00:00:00,2026-08-15 18:00:00,1787.7,POINTS,1,v1.0,VALID,SYNTHETIC,hash_mkt_004788,True
4789,INDEX_BSI,2026-08-15 00:00:00,2026-08-15 18:00:00,1366.7,POINTS,1,v1.0,VALID,SYNTHETIC,hash_mkt_004789,True
4790,INDEX_BHSI,2026-08-15 00:00:00,2026-08-15 18:00:00,877.7,POINTS,1,v1.0,VALID,SYNTHETIC,hash_mkt_004790,True
4791,INDEX_BDI,2026-08-16 00:00:00,2026-08-16 18:00:00,1847.3,POINTS,1,v1.0,VALID,SYNTHETIC,hash_mkt_004791,True
4792,INDEX_BCI,2026-08-16 00:00:00,2026-08-16 18:00:00,2435.5,POINTS,1,v1.0,VALID,SYNTHETIC,hash_mkt_004792,True
4793,INDEX_BPI,2026-08-16 00:00:00,2026-08-16 18:00:00,1741.9,POINTS,1,v1.0,VALID,SYNTHETIC,hash_mkt_004793,True
4794,INDEX_BSI,2026-08-16 00:00:00,2026-08-16 18:00:00,1379.9,POINTS,1,v1.0,VALID,SYNTHETIC,hash_mkt_004794,True
4795,INDEX_BHSI,2026-08-16 00:00:00,2026-08-16 18:00:00,866.4,POINTS,1,v1.0,VALID,SYNTHETIC,hash_mkt_004795,True
4796,INDEX_BDI,2026-08-17 00:00:00,2026-08-17 18:00:00,1833.9,POINTS,1,v1.0,VALID,SYNTHETIC,hash_mkt_004796,True
4797,INDEX_BCI,2026-08-17 00:00:00,2026-08-17 18:00:00,2510.6,POINTS,1,v1.0,VALID,SYNTHETIC,hash_mkt_004797,True
4798,INDEX_BPI,2026-08-17 00:00:00,2026-08-17 18:00:00,1756.1,POINTS,1,v1.0,VALID,SYNTHETIC,hash_mkt_004798,True
4799,INDEX_BSI,2026-08-17 00:00:00,2026-08-17 18:00:00,1376.1,POINTS,1,v1.0,VALID,SYNTHETIC,hash_mkt_004799,True
4800,INDEX_BHSI,2026-08-17 00:00:00,2026-08-17 18:00:00,857.9,POINTS,1,v1.0,VALID,SYNTHETIC,hash_mkt_004800,True
4801,INDEX_BDI,2026-08-18 00:00:00,2026-08-18 18:00:00,1864.2,POINTS,1,v1.0,VALID,SYNTHETIC,hash_mkt_004801,True
4802,INDEX_BCI,2026-08-18 00:00:00,2026-08-18 18:00:00,2420.7,POINTS,1,v1.0,VALID,SYNTHETIC,hash_mkt_004802,True
4803,INDEX_BPI,2026-08-18 00:00:00,2026-08-18 18:00:00,1792.9,POINTS,1,v1.0,VALID,SYNTHETIC,hash_mkt_004803,True
4804,INDEX_BSI,2026-08-18 00:00:00,2026-08-18 18:00:00,1380.2,POINTS,1,v1.0,VALID,SYNTHETIC,hash_mkt_004804,True
4805,INDEX_BHSI,2026-08-18 00:00:00,2026-08-18 18:00:00,887.8,POINTS,1,v1.0,VALID,SYNTHETIC,hash_mkt_004805,True
4806,INDEX_BDI,2026-08-19 00:00:00,2026-08-19 18:00:00,1818.1,POINTS,1,v1.0,VALID,SYNTHETIC,hash_mkt_004806,True
4807,INDEX_BCI,2026-08-19 00:00:00,2026-08-19 18:00:00,2539.9,POINTS,1,v1.0,VALID,SYNTHETIC,hash_mkt_004807,True
4808,INDEX_BPI,2026-08-19 00:00:00,2026-08-19 18:00:00,1805.0,POINTS,1,v1.0,VALID,SYNTHETIC,hash_mkt_004808,True
4809,INDEX_BSI,2026-08-19 00:00:00,2026-08-19 18:00:00,1377.4,POINTS,1,v1.0,VALID,SYNTHETIC,hash_mkt_004809,True
4810,INDEX_BHSI,2026-08-19 00:00:00,2026-08-19 18:00:00,889.4,POINTS,1,v1.0,VALID,SYNTHETIC,hash_mkt_004810,True
4811,INDEX_BDI,2026-08-20 00:00:00,2026-08-20 18:00:00,1855.7,POINTS,1,v1.0,VALID,SYNTHETIC,hash_mkt_004811,True
4812,INDEX_BCI,2026-08-20 00:00:00,2026-08-20 18:00:00,2490.6,POINTS,1,v1.0,VALID,SYNTHETIC,hash_mkt_004812,True
4813,INDEX_BPI,2026-08-20 00:00:00,2026-08-20 18:00:00,1796.6,POINTS,1,v1.0,VALID,SYNTHETIC,hash_mkt_004813,True
4814,INDEX_BSI,2026-08-20 00:00:00,2026-08-20 18:00:00,1415.3,POINTS,1,v1.0,VALID,SYNTHETIC,hash_mkt_004814,True
4815,INDEX_BHSI,2026-08-20 00:00:00,2026-08-20 18:00:00,872.6,POINTS,1,v1.0,VALID,SYNTHETIC,hash_mkt_004815,True
4816,INDEX_BDI,2026-08-21 00:00:00,2026-08-21 18:00:00,1853.5,POINTS,1,v1.0,VALID,SYNTHETIC,hash_mkt_004816,True
4817,INDEX_BCI,2026-08-21 00:00:00,2026-08-21 18:00:00,2520.0,POINTS,1,v1.0,VALID,SYNTHETIC,hash_mkt_004817,True
4818,INDEX_BPI,2026-08-21 00:00:00,2026-08-21 18:00:00,1801.6,POINTS,1,v1.0,VALID,SYNTHETIC,hash_mkt_004818,True
4819,INDEX_BSI,2026-08-21 00:00:00,2026-08-21 18:00:00,1429.2,POINTS,1,v1.0,VALID,SYNTHETIC,hash_mkt_004819,True
4820,INDEX_BHSI,2026-08-21 00:00:00,2026-08-21 18:00:00,876.3,POINTS,1,v1.0,VALID,SYNTHETIC,hash_mkt_004820,True
4821,INDEX_BDI,2026-08-22 00:00:00,2026-08-22 18:00:00,1875.7,POINTS,1,v1.0,VALID,SYNTHETIC,hash_mkt_004821,True
4822,INDEX_BCI,2026-08-22 00:00:00,2026-08-22 18:00:00,2534.8,POINTS,1,v1.0,VALID,SYNTHETIC,hash_mkt_004822,True
4823,INDEX_BPI,2026-08-22 00:00:00,2026-08-22 18:00:00,1810.8,POINTS,1,v1.0,VALID,SYNTHETIC,hash_mkt_004823,True
4824,INDEX_BSI,2026-08-22 00:00:00,2026-08-22 18:00:00,1390.3,POINTS,1,v1.0,VALID,SYNTHETIC,hash_mkt_004824,True
4825,INDEX_BHSI,2026-08-22 00:00:00,2026-08-22 18:00:00,888.7,POINTS,1,v1.0,VALID,SYNTHETIC,hash_mkt_004825,True
4826,INDEX_BDI,2026-08-23 00:00:00,2026-08-23 18:00:00,1892.5,POINTS,1,v1.0,VALID,SYNTHETIC,hash_mkt_004826,True
4827,INDEX_BCI,2026-08-23 00:00:00,2026-08-23 18:00:00,2497.1,POINTS,1,v1.0,VALID,SYNTHETIC,hash_mkt_004827,True
4828,INDEX_BPI,2026-08-23 00:00:00,2026-08-23 18:00:00,1864.2,POINTS,1,v1.0,VALID,SYNTHETIC,hash_mkt_004828,True
4829,INDEX_BSI,2026-08-23 00:00:00,2026-08-23 18:00:00,1415.8,POINTS,1,v1.0,VALID,SYNTHETIC,hash_mkt_004829,True
4830,INDEX_BHSI,2026-08-23 00:00:00,2026-08-23 18:00:00,885.7,POINTS,1,v1.0,VALID,SYNTHETIC,hash_mkt_004830,True
4831,INDEX_BDI,2026-08-24 00:00:00,2026-08-24 18:00:00,1905.1,POINTS,1,v1.0,VALID,SYNTHETIC,hash_mkt_004831,True
4832,INDEX_BCI,2026-08-24 00:00:00,2026-08-24 18:00:00,2508.2,POINTS,1,v1.0,VALID,SYNTHETIC,hash_mkt_004832,True
4833,INDEX_BPI,2026-08-24 00:00:00,2026-08-24 18:00:00,1816.0,POINTS,1,v1.0,VALID,SYNTHETIC,hash_mkt_004833,True
4834,INDEX_BSI,2026-08-24 00:00:00,2026-08-24 18:00:00,1425.2,POINTS,1,v1.0,VALID,SYNTHETIC,hash_mkt_004834,True
4835,INDEX_BHSI,2026-08-24 00:00:00,2026-08-24 18:00:00,883.8,POINTS,1,v1.0,VALID,SYNTHETIC,hash_mkt_004835,True
4836,INDEX_BDI,2026-08-25 00:00:00,2026-08-25 18:00:00,1920.7,POINTS,1,v1.0,VALID,SYNTHETIC,hash_mkt_004836,True
4837,INDEX_BCI,2026-08-25 00:00:00,2026-08-25 18:00:00,2519.9,POINTS,1,v1.0,VALID,SYNTHETIC,hash_mkt_004837,True
4838,INDEX_BPI,2026-08-25 00:00:00,2026-08-25 18:00:00,1885.5,POINTS,1,v1.0,VALID,SYNTHETIC,hash_mkt_004838,True
4839,INDEX_BSI,2026-08-25 00:00:00,2026-08-25 18:00:00,1421.2,POINTS,1,v1.0,VALID,SYNTHETIC,hash_mkt_004839,True
4840,INDEX_BHSI,2026-08-25 00:00:00,2026-08-25 18:00:00,905.6,POINTS,1,v1.0,VALID,SYNTHETIC,hash_mkt_004840,True
4841,INDEX_BDI,2026-08-26 00:00:00,2026-08-26 18:00:00,1879.6,POINTS,1,v1.0,VALID,SYNTHETIC,hash_mkt_004841,True
4842,INDEX_BCI,2026-08-26 00:00:00,2026-08-26 18:00:00,2502.7,POINTS,1,v1.0,VALID,SYNTHETIC,hash_mkt_004842,True
4843,INDEX_BPI,2026-08-26 00:00:00,2026-08-26 18:00:00,1875.6,POINTS,1,v1.0,VALID,SYNTHETIC,hash_mkt_004843,True
4844,INDEX_BSI,2026-08-26 00:00:00,2026-08-26 18:00:00,1442.9,POINTS,1,v1.0,VALID,SYNTHETIC,hash_mkt_004844,True
4845,INDEX_BHSI,2026-08-26 00:00:00,2026-08-26 18:00:00,890.3,POINTS,1,v1.0,VALID,SYNTHETIC,hash_mkt_004845,True
4846,INDEX_BDI,2026-08-27 00:00:00,2026-08-27 18:00:00,1932.7,POINTS,1,v1.0,VALID,SYNTHETIC,hash_mkt_004846,True
4847,INDEX_BCI,2026-08-27 00:00:00,2026-08-27 18:00:00,2452.9,POINTS,1,v1.0,VALID,SYNTHETIC,hash_mkt_004847,True
4848,INDEX_BPI,2026-08-27 00:00:00,2026-08-27 18:00:00,1837.8,POINTS,1,v1.0,VALID,SYNTHETIC,hash_mkt_004848,True
4849,INDEX_BSI,2026-08-27 00:00:00,2026-08-27 18:00:00,1451.0,POINTS,1,v1.0,VALID,SYNTHETIC,hash_mkt_004849,True
4850,INDEX_BHSI,2026-08-27 00:00:00,2026-08-27 18:00:00,889.6,POINTS,1,v1.0,VALID,SYNTHETIC,hash_mkt_004850,True
4851,INDEX_BDI,2026-08-28 00:00:00,2026-08-28 18:00:00,1909.2,POINTS,1,v1.0,VALID,SYNTHETIC,hash_mkt_004851,True
4852,INDEX_BCI,2026-08-28 00:00:00,2026-08-28 18:00:00,2435.7,POINTS,1,v1.0,VALID,SYNTHETIC,hash_mkt_004852,True
4853,INDEX_BPI,2026-08-28 00:00:00,2026-08-28 18:00:00,1870.1,POINTS,1,v1.0,VALID,SYNTHETIC,hash_mkt_004853,True
4854,INDEX_BSI,2026-08-28 00:00:00,2026-08-28 18:00:00,1434.1,POINTS,1,v1.0,VALID,SYNTHETIC,hash_mkt_004854,True
4855,INDEX_BHSI,2026-08-28 00:00:00,2026-08-28 18:00:00,916.5,POINTS,1,v1.0,VALID,SYNTHETIC,hash_mkt_004855,True
4856,INDEX_BDI,2026-08-29 00:00:00,2026-08-29 18:00:00,1947.6,POINTS,1,v1.0,VALID,SYNTHETIC,hash_mkt_004856,True
4857,INDEX_BCI,2026-08-29 00:00:00,2026-08-29 18:00:00,2521.6,POINTS,1,v1.0,VALID,SYNTHETIC,hash_mkt_004857,True
4858,INDEX_BPI,2026-08-29 00:00:00,2026-08-29 18:00:00,1878.6,POINTS,1,v1.0,VALID,SYNTHETIC,hash_mkt_004858,True
4859,INDEX_BSI,2026-08-29 00:00:00,2026-08-29 18:00:00,1432.0,POINTS,1,v1.0,VALID,SYNTHETIC,hash_mkt_004859,True
4860,INDEX_BHSI,2026-08-29 00:00:00,2026-08-29 18:00:00,882.7,POINTS,1,v1.0,VALID,SYNTHETIC,hash_mkt_004860,True
4861,INDEX_BDI,2026-08-30 00:00:00,2026-08-30 18:00:00,1892.2,POINTS,1,v1.0,VALID,SYNTHETIC,hash_mkt_004861,True
4862,INDEX_BCI,2026-08-30 00:00:00,2026-08-30 18:00:00,2447.7,POINTS,1,v1.0,VALID,SYNTHETIC,hash_mkt_004862,True
4863,INDEX_BPI,2026-08-30 00:00:00,2026-08-30 18:00:00,1860.5,POINTS,1,v1.0,VALID,SYNTHETIC,hash_mkt_004863,True
4864,INDEX_BSI,2026-08-30 00:00:00,2026-08-30 18:00:00,1415.7,POINTS,1,v1.0,VALID,SYNTHETIC,hash_mkt_004864,True
4865,INDEX_BHSI,2026-08-30 00:00:00,2026-08-30 18:00:00,925.9,POINTS,1,v1.0,VALID,SYNTHETIC,hash_mkt_004865,True
4866,INDEX_BDI,2026-08-31 00:00:00,2026-08-31 18:00:00,1893.6,POINTS,1,v1.0,VALID,SYNTHETIC,hash_mkt_004866,True
4867,INDEX_BCI,2026-08-31 00:00:00,2026-08-31 18:00:00,2480.9,POINTS,1,v1.0,VALID,SYNTHETIC,hash_mkt_004867,True
4868,INDEX_BPI,2026-08-31 00:00:00,2026-08-31 18:00:00,1864.5,POINTS,1,v1.0,VALID,SYNTHETIC,hash_mkt_004868,True
4869,INDEX_BSI,2026-08-31 00:00:00,2026-08-31 18:00:00,1454.3,POINTS,1,v1.0,VALID,SYNTHETIC,hash_mkt_004869,True
4870,INDEX_BHSI,2026-08-31 00:00:00,2026-08-31 18:00:00,888.5,POINTS,1,v1.0,VALID,SYNTHETIC,hash_mkt_004870,True
