id,series_id,observed_at,available_at,value,unit,source_id,source_version,quality_status,data_kind,content_hash,is_demo
1,FREIGHT_AU_HEDLAND_PARADIP_CAPE,2024-01-01 00:00:00,2024-01-01 18:00:00,10.9,USD_PER_MT,1,v1.0,VALID,PROXY,hash_fr_000001,True
2,FREIGHT_AU_NEWCASTLE_PARADIP_PANAMAX,2024-01-01 00:00:00,2024-01-01 18:00:00,13.97,USD_PER_MT,1,v1.0,VALID,PROXY,hash_fr_000002,True
3,FREIGHT_ID_SAMARINDA_PARADIP_SUPRA,2024-01-01 00:00:00,2024-01-01 18:00:00,8.61,USD_PER_MT,1,v1.0,VALID,PROXY,hash_fr_000003,True
4,FREIGHT_ZA_RICHARDSBAY_PARADIP_PANAMAX,2024-01-01 00:00:00,2024-01-01 18:00:00,12.33,USD_PER_MT,1,v1.0,VALID,PROXY,hash_fr_000004,True
5,FREIGHT_BR_TUBARAO_QINGDAO_CAPE,2024-01-01 00:00:00,2024-01-01 18:00:00,21.01,USD_PER_MT,1,v1.0,VALID,PROXY,hash_fr_000005,True
6,FREIGHT_AU_HEDLAND_PARADIP_CAPE,2024-01-02 00:00:00,2024-01-02 18:00:00,11.05,USD_PER_MT,1,v1.0,VALID,PROXY,hash_fr_000006,True
7,FREIGHT_AU_NEWCASTLE_PARADIP_PANAMAX,2024-01-02 00:00:00,2024-01-02 18:00:00,13.65,USD_PER_MT,1,v1.0,VALID,PROXY,hash_fr_000007,True
8,FREIGHT_ID_SAMARINDA_PARADIP_SUPRA,2024-01-02 00:00:00,2024-01-02 18:00:00,9.13,USD_PER_MT,1,v1.0,VALID,PROXY,hash_fr_000008,True
9,FREIGHT_ZA_RICHARDSBAY_PARADIP_PANAMAX,2024-01-02 00:00:00,2024-01-02 18:00:00,12.96,USD_PER_MT,1,v1.0,VALID,PROXY,hash_fr_000009,True
10,FREIGHT_BR_TUBARAO_QINGDAO_CAPE,2024-01-02 00:00:00,2024-01-02 18:00:00,20.03,USD_PER_MT,1,v1.0,VALID,PROXY,hash_fr_000010,True
11,FREIGHT_AU_HEDLAND_PARADIP_CAPE,2024-01-03 00:00:00,2024-01-03 18:00:00,10.94,USD_PER_MT,1,v1.0,VALID,PROXY,hash_fr_000011,True
12,FREIGHT_AU_NEWCASTLE_PARADIP_PANAMAX,2024-01-03 00:00:00,2024-01-03 18:00:00,14.48,USD_PER_MT,1,v1.0,VALID,PROXY,hash_fr_000012,True
13,FREIGHT_ID_SAMARINDA_PARADIP_SUPRA,2024-01-03 00:00:00,2024-01-03 18:00:00,9.02,USD_PER_MT,1,v1.0,VALID,PROXY,hash_fr_000013,True
14,FREIGHT_ZA_RICHARDSBAY_PARADIP_PANAMAX,2024-01-03 00:00:00,2024-01-03 18:00:00,12.54,USD_PER_MT,1,v1.0,VALID,PROXY,hash_fr_000014,True
15,FREIGHT_BR_TUBARAO_QINGDAO_CAPE,2024-01-03 00:00:00,2024-01-03 18:00:00,19.79,USD_PER_MT,1,v1.0,VALID,PROXY,hash_fr_000015,True
16,FREIGHT_AU_HEDLAND_PARADIP_CAPE,2024-01-04 00:00:00,2024-01-04 18:00:00,11.28,USD_PER_MT,1,v1.0,VALID,PROXY,hash_fr_000016,True
17,FREIGHT_AU_NEWCASTLE_PARADIP_PANAMAX,2024-01-04 00:00:00,2024-01-04 18:00:00,14.6,USD_PER_MT,1,v1.0,VALID,PROXY,hash_fr_000017,True
18,FREIGHT_ID_SAMARINDA_PARADIP_SUPRA,2024-01-04 00:00:00,2024-01-04 18:00:00,8.96,USD_PER_MT,1,v1.0,VALID,PROXY,hash_fr_000018,True
19,FREIGHT_ZA_RICHARDSBAY_PARADIP_PANAMAX,2024-01-04 00:00:00,2024-01-04 18:00:00,12.68,USD_PER_MT,1,v1.0,VALID,PROXY,hash_fr_000019,True
20,FREIGHT_BR_TUBARAO_QINGDAO_CAPE,2024-01-04 00:00:00,2024-01-04 18:00:00,20.39,USD_PER_MT,1,v1.0,VALID,PROXY,hash_fr_000020,True
21,FREIGHT_AU_HEDLAND_PARADIP_CAPE,2024-01-05 00:00:00,2024-01-05 18:00:00,11.46,USD_PER_MT,1,v1.0,VALID,PROXY,hash_fr_000021,True
22,FREIGHT_AU_NEWCASTLE_PARADIP_PANAMAX,2024-01-05 00:00:00,2024-01-05 18:00:00,14.22,USD_PER_MT,1,v1.0,VALID,PROXY,hash_fr_000022,True
23,FREIGHT_ID_SAMARINDA_PARADIP_SUPRA,2024-01-05 00:00:00,2024-01-05 18:00:00,8.81,USD_PER_MT,1,v1.0,VALID,PROXY,hash_fr_000023,True
24,FREIGHT_ZA_RICHARDSBAY_PARADIP_PANAMAX,2024-01-05 00:00:00,2024-01-05 18:00:00,13.01,USD_PER_MT,1,v1.0,VALID,PROXY,hash_fr_000024,True
25,FREIGHT_BR_TUBARAO_QINGDAO_CAPE,2024-01-05 00:00:00,2024-01-05 18:00:00,21.45,USD_PER_MT,1,v1.0,VALID,PROXY,hash_fr_000025,True
26,FREIGHT_AU_HEDLAND_PARADIP_CAPE,2024-01-06 00:00:00,2024-01-06 18:00:00,11.63,USD_PER_MT,1,v1.0,VALID,PROXY,hash_fr_000026,True
27,FREIGHT_AU_NEWCASTLE_PARADIP_PANAMAX,2024-01-06 00:00:00,2024-01-06 18:00:00,14.73,USD_PER_MT,1,v1.0,VALID,PROXY,hash_fr_000027,True
28,FREIGHT_ID_SAMARINDA_PARADIP_SUPRA,2024-01-06 00:00:00,2024-01-06 18:00:00,9.19,USD_PER_MT,1,v1.0,VALID,PROXY,hash_fr_000028,True
29,FREIGHT_ZA_RICHARDSBAY_PARADIP_PANAMAX,2024-01-06 00:00:00,2024-01-06 18:00:00,13.3,USD_PER_MT,1,v1.0,VALID,PROXY,hash_fr_000029,True
30,FREIGHT_BR_TUBARAO_QINGDAO_CAPE,2024-01-06 00:00:00,2024-01-06 18:00:00,21.72,USD_PER_MT,1,v1.0,VALID,PROXY,hash_fr_000030,True
31,FREIGHT_AU_HEDLAND_PARADIP_CAPE,2024-01-07 00:00:00,2024-01-07 18:00:00,11.82,USD_PER_MT,1,v1.0,VALID,PROXY,hash_fr_000031,True
32,FREIGHT_AU_NEWCASTLE_PARADIP_PANAMAX,2024-01-07 00:00:00,2024-01-07 18:00:00,15.34,USD_PER_MT,1,v1.0,VALID,PROXY,hash_fr_000032,True
33,FREIGHT_ID_SAMARINDA_PARADIP_SUPRA,2024-01-07 00:00:00,2024-01-07 18:00:00,9.21,USD_PER_MT,1,v1.0,VALID,PROXY,hash_fr_000033,True
34,FREIGHT_ZA_RICHARDSBAY_PARADIP_PANAMAX,2024-01-07 00:00:00,2024-01-07 18:00:00,12.85,USD_PER_MT,1,v1.0,VALID,PROXY,hash_fr_000034,True
35,FREIGHT_BR_TUBARAO_QINGDAO_CAPE,2024-01-07 00:00:00,2024-01-07 18:00:00,20.91,USD_PER_MT,1,v1.0,VALID,PROXY,hash_fr_000035,True
36,FREIGHT_AU_HEDLAND_PARADIP_CAPE,2024-01-08 00:00:00,2024-01-08 18:00:00,11.73,USD_PER_MT,1,v1.0,VALID,PROXY,hash_fr_000036,True
37,FREIGHT_AU_NEWCASTLE_PARADIP_PANAMAX,2024-01-08 00:00:00,2024-01-08 18:00:00,15.53,USD_PER_MT,1,v1.0,VALID,PROXY,hash_fr_000037,True
38,FREIGHT_ID_SAMARINDA_PARADIP_SUPRA,2024-01-08 00:00:00,2024-01-08 18:00:00,9.29,USD_PER_MT,1,v1.0,VALID,PROXY,hash_fr_000038,True
39,FREIGHT_ZA_RICHARDSBAY_PARADIP_PANAMAX,2024-01-08 00:00:00,2024-01-08 18:00:00,13.25,USD_PER_MT,1,v1.0,VALID,PROXY,hash_fr_000039,True
40,FREIGHT_BR_TUBARAO_QINGDAO_CAPE,2024-01-08 00:00:00,2024-01-08 18:00:00,22.14,USD_PER_MT,1,v1.0,VALID,PROXY,hash_fr_000040,True
41,FREIGHT_AU_HEDLAND_PARADIP_CAPE,2024-01-09 00:00:00,2024-01-09 18:00:00,11.59,USD_PER_MT,1,v1.0,VALID,PROXY,hash_fr_000041,True
42,FREIGHT_AU_NEWCASTLE_PARADIP_PANAMAX,2024-01-09 00:00:00,2024-01-09 18:00:00,15.52,USD_PER_MT,1,v1.0,VALID,PROXY,hash_fr_000042,True
43,FREIGHT_ID_SAMARINDA_PARADIP_SUPRA,2024-01-09 00:00:00,2024-01-09 18:00:00,9.81,USD_PER_MT,1,v1.0,VALID,PROXY,hash_fr_000043,True
44,FREIGHT_ZA_RICHARDSBAY_PARADIP_PANAMAX,2024-01-09 00:00:00,2024-01-09 18:00:00,13.65,USD_PER_MT,1,v1.0,VALID,PROXY,hash_fr_000044,True
45,FREIGHT_BR_TUBARAO_QINGDAO_CAPE,2024-01-09 00:00:00,2024-01-09 18:00:00,21.25,USD_PER_MT,1,v1.0,VALID,PROXY,hash_fr_000045,True
46,FREIGHT_AU_HEDLAND_PARADIP_CAPE,2024-01-10 00:00:00,2024-01-10 18:00:00,11.65,USD_PER_MT,1,v1.0,VALID,PROXY,hash_fr_000046,True
47,FREIGHT_AU_NEWCASTLE_PARADIP_PANAMAX,2024-01-10 00:00:00,2024-01-10 18:00:00,15.72,USD_PER_MT,1,v1.0,VALID,PROXY,hash_fr_000047,True
48,FREIGHT_ID_SAMARINDA_PARADIP_SUPRA,2024-01-10 00:00:00,2024-01-10 18:00:00,9.42,USD_PER_MT,1,v1.0,VALID,PROXY,hash_fr_000048,True
49,FREIGHT_ZA_RICHARDSBAY_PARADIP_PANAMAX,2024-01-10 00:00:00,2024-01-10 18:00:00,13.64,USD_PER_MT,1,v1.0,VALID,PROXY,hash_fr_000049,True
50,FREIGHT_BR_TUBARAO_QINGDAO_CAPE,2024-01-10 00:00:00,2024-01-10 18:00:00,21.16,USD_PER_MT,1,v1.0,VALID,PROXY,hash_fr_000050,True
51,FREIGHT_AU_HEDLAND_PARADIP_CAPE,2024-01-11 00:00:00,2024-01-11 18:00:00,12.24,USD_PER_MT,1,v1.0,VALID,PROXY,hash_fr_000051,True
52,FREIGHT_AU_NEWCASTLE_PARADIP_PANAMAX,2024-01-11 00:00:00,2024-01-11 18:00:00,15.86,USD_PER_MT,1,v1.0,VALID,PROXY,hash_fr_000052,True
53,FREIGHT_ID_SAMARINDA_PARADIP_SUPRA,2024-01-11 00:00:00,2024-01-11 18:00:00,9.68,USD_PER_MT,1,v1.0,VALID,PROXY,hash_fr_000053,True
54,FREIGHT_ZA_RICHARDSBAY_PARADIP_PANAMAX,2024-01-11 00:00:00,2024-01-11 18:00:00,13.73,USD_PER_MT,1,v1.0,VALID,PROXY,hash_fr_000054,True
55,FREIGHT_BR_TUBARAO_QINGDAO_CAPE,2024-01-11 00:00:00,2024-01-11 18:00:00,21.7,USD_PER_MT,1,v1.0,VALID,PROXY,hash_fr_000055,True
56,FREIGHT_AU_HEDLAND_PARADIP_CAPE,2024-01-12 00:00:00,2024-01-12 18:00:00,11.99,USD_PER_MT,1,v1.0,VALID,PROXY,hash_fr_000056,True
57,FREIGHT_AU_NEWCASTLE_PARADIP_PANAMAX,2024-01-12 00:00:00,2024-01-12 18:00:00,14.69,USD_PER_MT,1,v1.0,VALID,PROXY,hash_fr_000057,True
58,FREIGHT_ID_SAMARINDA_PARADIP_SUPRA,2024-01-12 00:00:00,2024-01-12 18:00:00,10.29,USD_PER_MT,1,v1.0,VALID,PROXY,hash_fr_000058,True
59,FREIGHT_ZA_RICHARDSBAY_PARADIP_PANAMAX,2024-01-12 00:00:00,2024-01-12 18:00:00,13.46,USD_PER_MT,1,v1.0,VALID,PROXY,hash_fr_000059,True
60,FREIGHT_BR_TUBARAO_QINGDAO_CAPE,2024-01-12 00:00:00,2024-01-12 18:00:00,22.17,USD_PER_MT,1,v1.0,VALID,PROXY,hash_fr_000060,True
61,FREIGHT_AU_HEDLAND_PARADIP_CAPE,2024-01-13 00:00:00,2024-01-13 18:00:00,12.17,USD_PER_MT,1,v1.0,VALID,PROXY,hash_fr_000061,True
62,FREIGHT_AU_NEWCASTLE_PARADIP_PANAMAX,2024-01-13 00:00:00,2024-01-13 18:00:00,15.8,USD_PER_MT,1,v1.0,VALID,PROXY,hash_fr_000062,True
63,FREIGHT_ID_SAMARINDA_PARADIP_SUPRA,2024-01-13 00:00:00,2024-01-13 18:00:00,9.9,USD_PER_MT,1,v1.0,VALID,PROXY,hash_fr_000063,True
64,FREIGHT_ZA_RICHARDSBAY_PARADIP_PANAMAX,2024-01-13 00:00:00,2024-01-13 18:00:00,13.3,USD_PER_MT,1,v1.0,VALID,PROXY,hash_fr_000064,True
65,FREIGHT_BR_TUBARAO_QINGDAO_CAPE,2024-01-13 00:00:00,2024-01-13 18:00:00,22.9,USD_PER_MT,1,v1.0,VALID,PROXY,hash_fr_000065,True
66,FREIGHT_AU_HEDLAND_PARADIP_CAPE,2024-01-14 00:00:00,2024-01-14 18:00:00,11.56,USD_PER_MT,1,v1.0,VALID,PROXY,hash_fr_000066,True
67,FREIGHT_AU_NEWCASTLE_PARADIP_PANAMAX,2024-01-14 00:00:00,2024-01-14 18:00:00,15.93,USD_PER_MT,1,v1.0,VALID,PROXY,hash_fr_000067,True
68,FREIGHT_ID_SAMARINDA_PARADIP_SUPRA,2024-01-14 00:00:00,2024-01-14 18:00:00,9.91,USD_PER_MT,1,v1.0,VALID,PROXY,hash_fr_000068,True
69,FREIGHT_ZA_RICHARDSBAY_PARADIP_PANAMAX,2024-01-14 00:00:00,2024-01-14 18:00:00,14.23,USD_PER_MT,1,v1.0,VALID,PROXY,hash_fr_000069,True
70,FREIGHT_BR_TUBARAO_QINGDAO_CAPE,2024-01-14 00:00:00,2024-01-14 18:00:00,22.69,USD_PER_MT,1,v1.0,VALID,PROXY,hash_fr_000070,True
71,FREIGHT_AU_HEDLAND_PARADIP_CAPE,2024-01-15 00:00:00,2024-01-15 18:00:00,12.01,USD_PER_MT,1,v1.0,VALID,PROXY,hash_fr_000071,True
72,FREIGHT_AU_NEWCASTLE_PARADIP_PANAMAX,2024-01-15 00:00:00,2024-01-15 18:00:00,15.71,USD_PER_MT,1,v1.0,VALID,PROXY,hash_fr_000072,True
73,FREIGHT_ID_SAMARINDA_PARADIP_SUPRA,2024-01-15 00:00:00,2024-01-15 18:00:00,9.92,USD_PER_MT,1,v1.0,VALID,PROXY,hash_fr_000073,True
74,FREIGHT_ZA_RICHARDSBAY_PARADIP_PANAMAX,2024-01-15 00:00:00,2024-01-15 18:00:00,13.91,USD_PER_MT,1,v1.0,VALID,PROXY,hash_fr_000074,True
75,FREIGHT_BR_TUBARAO_QINGDAO_CAPE,2024-01-15 00:00:00,2024-01-15 18:00:00,23.4,USD_PER_MT,1,v1.0,VALID,PROXY,hash_fr_000075,True
76,FREIGHT_AU_HEDLAND_PARADIP_CAPE,2024-01-16 00:00:00,2024-01-16 18:00:00,12.77,USD_PER_MT,1,v1.0,VALID,PROXY,hash_fr_000076,True
77,FREIGHT_AU_NEWCASTLE_PARADIP_PANAMAX,2024-01-16 00:00:00,2024-01-16 18:00:00,15.69,USD_PER_MT,1,v1.0,VALID,PROXY,hash_fr_000077,True
78,FREIGHT_ID_SAMARINDA_PARADIP_SUPRA,2024-01-16 00:00:00,2024-01-16 18:00:00,9.9,USD_PER_MT,1,v1.0,VALID,PROXY,hash_fr_000078,True
79,FREIGHT_ZA_RICHARDSBAY_PARADIP_PANAMAX,2024-01-16 00:00:00,2024-01-16 18:00:00,14.36,USD_PER_MT,1,v1.0,VALID,PROXY,hash_fr_000079,True
80,FREIGHT_BR_TUBARAO_QINGDAO_CAPE,2024-01-16 00:00:00,2024-01-16 18:00:00,23.19,USD_PER_MT,1,v1.0,VALID,PROXY,hash_fr_000080,True
81,FREIGHT_AU_HEDLAND_PARADIP_CAPE,2024-01-17 00:00:00,2024-01-17 18:00:00,12.14,USD_PER_MT,1,v1.0,VALID,PROXY,hash_fr_000081,True
82,FREIGHT_AU_NEWCASTLE_PARADIP_PANAMAX,2024-01-17 00:00:00,2024-01-17 18:00:00,16.26,USD_PER_MT,1,v1.0,VALID,PROXY,hash_fr_000082,True
83,FREIGHT_ID_SAMARINDA_PARADIP_SUPRA,2024-01-17 00:00:00,2024-01-17 18:00:00,10.51,USD_PER_MT,1,v1.0,VALID,PROXY,hash_fr_000083,True
84,FREIGHT_ZA_RICHARDSBAY_PARADIP_PANAMAX,2024-01-17 00:00:00,2024-01-17 18:00:00,14.41,USD_PER_MT,1,v1.0,VALID,PROXY,hash_fr_000084,True
85,FREIGHT_BR_TUBARAO_QINGDAO_CAPE,2024-01-17 00:00:00,2024-01-17 18:00:00,22.71,USD_PER_MT,1,v1.0,VALID,PROXY,hash_fr_000085,True
86,FREIGHT_AU_HEDLAND_PARADIP_CAPE,2024-01-18 00:00:00,2024-01-18 18:00:00,12.66,USD_PER_MT,1,v1.0,VALID,PROXY,hash_fr_000086,True
87,FREIGHT_AU_NEWCASTLE_PARADIP_PANAMAX,2024-01-18 00:00:00,2024-01-18 18:00:00,16.55,USD_PER_MT,1,v1.0,VALID,PROXY,hash_fr_000087,True
88,FREIGHT_ID_SAMARINDA_PARADIP_SUPRA,2024-01-18 00:00:00,2024-01-18 18:00:00,9.84,USD_PER_MT,1,v1.0,VALID,PROXY,hash_fr_000088,True
89,FREIGHT_ZA_RICHARDSBAY_PARADIP_PANAMAX,2024-01-18 00:00:00,2024-01-18 18:00:00,14.51,USD_PER_MT,1,v1.0,VALID,PROXY,hash_fr_000089,True
90,FREIGHT_BR_TUBARAO_QINGDAO_CAPE,2024-01-18 00:00:00,2024-01-18 18:00:00,23.04,USD_PER_MT,1,v1.0,VALID,PROXY,hash_fr_000090,True
91,FREIGHT_AU_HEDLAND_PARADIP_CAPE,2024-01-19 00:00:00,2024-01-19 18:00:00,12.71,USD_PER_MT,1,v1.0,VALID,PROXY,hash_fr_000091,True
92,FREIGHT_AU_NEWCASTLE_PARADIP_PANAMAX,2024-01-19 00:00:00,2024-01-19 18:00:00,15.54,USD_PER_MT,1,v1.0,VALID,PROXY,hash_fr_000092,True
93,FREIGHT_ID_SAMARINDA_PARADIP_SUPRA,2024-01-19 00:00:00,2024-01-19 18:00:00,10.0,USD_PER_MT,1,v1.0,VALID,PROXY,hash_fr_000093,True
94,FREIGHT_ZA_RICHARDSBAY_PARADIP_PANAMAX,2024-01-19 00:00:00,2024-01-19 18:00:00,14.1,USD_PER_MT,1,v1.0,VALID,PROXY,hash_fr_000094,True
95,FREIGHT_BR_TUBARAO_QINGDAO_CAPE,2024-01-19 00:00:00,2024-01-19 18:00:00,23.71,USD_PER_MT,1,v1.0,VALID,PROXY,hash_fr_000095,True
96,FREIGHT_AU_HEDLAND_PARADIP_CAPE,2024-01-20 00:00:00,2024-01-20 18:00:00,12.46,USD_PER_MT,1,v1.0,VALID,PROXY,hash_fr_000096,True
97,FREIGHT_AU_NEWCASTLE_PARADIP_PANAMAX,2024-01-20 00:00:00,2024-01-20 18:00:00,15.54,USD_PER_MT,1,v1.0,VALID,PROXY,hash_fr_000097,True
98,FREIGHT_ID_SAMARINDA_PARADIP_SUPRA,2024-01-20 00:00:00,2024-01-20 18:00:00,9.82,USD_PER_MT,1,v1.0,VALID,PROXY,hash_fr_000098,True
99,FREIGHT_ZA_RICHARDSBAY_PARADIP_PANAMAX,2024-01-20 00:00:00,2024-01-20 18:00:00,13.89,USD_PER_MT,1,v1.0,VALID,PROXY,hash_fr_000099,True
100,FREIGHT_BR_TUBARAO_QINGDAO_CAPE,2024-01-20 00:00:00,2024-01-20 18:00:00,21.98,USD_PER_MT,1,v1.0,VALID,PROXY,hash_fr_000100,True
101,FREIGHT_AU_HEDLAND_PARADIP_CAPE,2024-01-21 00:00:00,2024-01-21 18:00:00,12.66,USD_PER_MT,1,v1.0,VALID,PROXY,hash_fr_000101,True
102,FREIGHT_AU_NEWCASTLE_PARADIP_PANAMAX,2024-01-21 00:00:00,2024-01-21 18:00:00,16.52,USD_PER_MT,1,v1.0,VALID,PROXY,hash_fr_000102,True
103,FREIGHT_ID_SAMARINDA_PARADIP_SUPRA,2024-01-21 00:00:00,2024-01-21 18:00:00,9.51,USD_PER_MT,1,v1.0,VALID,PROXY,hash_fr_000103,True
104,FREIGHT_ZA_RICHARDSBAY_PARADIP_PANAMAX,2024-01-21 00:00:00,2024-01-21 18:00:00,13.69,USD_PER_MT,1,v1.0,VALID,PROXY,hash_fr_000104,True
105,FREIGHT_BR_TUBARAO_QINGDAO_CAPE,2024-01-21 00:00:00,2024-01-21 18:00:00,22.58,USD_PER_MT,1,v1.0,VALID,PROXY,hash_fr_000105,True
106,FREIGHT_AU_HEDLAND_PARADIP_CAPE,2024-01-22 00:00:00,2024-01-22 18:00:00,12.45,USD_PER_MT,1,v1.0,VALID,PROXY,hash_fr_000106,True
107,FREIGHT_AU_NEWCASTLE_PARADIP_PANAMAX,2024-01-22 00:00:00,2024-01-22 18:00:00,15.95,USD_PER_MT,1,v1.0,VALID,PROXY,hash_fr_000107,True
108,FREIGHT_ID_SAMARINDA_PARADIP_SUPRA,2024-01-22 00:00:00,2024-01-22 18:00:00,9.92,USD_PER_MT,1,v1.0,VALID,PROXY,hash_fr_000108,True
109,FREIGHT_ZA_RICHARDSBAY_PARADIP_PANAMAX,2024-01-22 00:00:00,2024-01-22 18:00:00,13.71,USD_PER_MT,1,v1.0,VALID,PROXY,hash_fr_000109,True
110,FREIGHT_BR_TUBARAO_QINGDAO_CAPE,2024-01-22 00:00:00,2024-01-22 18:00:00,22.43,USD_PER_MT,1,v1.0,VALID,PROXY,hash_fr_000110,True
111,FREIGHT_AU_HEDLAND_PARADIP_CAPE,2024-01-23 00:00:00,2024-01-23 18:00:00,12.42,USD_PER_MT,1,v1.0,VALID,PROXY,hash_fr_000111,True
112,FREIGHT_AU_NEWCASTLE_PARADIP_PANAMAX,2024-01-23 00:00:00,2024-01-23 18:00:00,15.7,USD_PER_MT,1,v1.0,VALID,PROXY,hash_fr_000112,True
113,FREIGHT_ID_SAMARINDA_PARADIP_SUPRA,2024-01-23 00:00:00,2024-01-23 18:00:00,9.94,USD_PER_MT,1,v1.0,VALID,PROXY,hash_fr_000113,True
114,FREIGHT_ZA_RICHARDSBAY_PARADIP_PANAMAX,2024-01-23 00:00:00,2024-01-23 18:00:00,14.67,USD_PER_MT,1,v1.0,VALID,PROXY,hash_fr_000114,True
115,FREIGHT_BR_TUBARAO_QINGDAO_CAPE,2024-01-23 00:00:00,2024-01-23 18:00:00,22.4,USD_PER_MT,1,v1.0,VALID,PROXY,hash_fr_000115,True
116,FREIGHT_AU_HEDLAND_PARADIP_CAPE,2024-01-24 00:00:00,2024-01-24 18:00:00,12.61,USD_PER_MT,1,v1.0,VALID,PROXY,hash_fr_000116,True
117,FREIGHT_AU_NEWCASTLE_PARADIP_PANAMAX,2024-01-24 00:00:00,2024-01-24 18:00:00,15.59,USD_PER_MT,1,v1.0,VALID,PROXY,hash_fr_000117,True
118,FREIGHT_ID_SAMARINDA_PARADIP_SUPRA,2024-01-24 00:00:00,2024-01-24 18:00:00,9.79,USD_PER_MT,1,v1.0,VALID,PROXY,hash_fr_000118,True
119,FREIGHT_ZA_RICHARDSBAY_PARADIP_PANAMAX,2024-01-24 00:00:00,2024-01-24 18:00:00,14.09,USD_PER_MT,1,v1.0,VALID,PROXY,hash_fr_000119,True
120,FREIGHT_BR_TUBARAO_QINGDAO_CAPE,2024-01-24 00:00:00,2024-01-24 18:00:00,23.06,USD_PER_MT,1,v1.0,VALID,PROXY,hash_fr_000120,True
121,FREIGHT_AU_HEDLAND_PARADIP_CAPE,2024-01-25 00:00:00,2024-01-25 18:00:00,12.75,USD_PER_MT,1,v1.0,VALID,PROXY,hash_fr_000121,True
122,FREIGHT_AU_NEWCASTLE_PARADIP_PANAMAX,2024-01-25 00:00:00,2024-01-25 18:00:00,15.46,USD_PER_MT,1,v1.0,VALID,PROXY,hash_fr_000122,True
123,FREIGHT_ID_SAMARINDA_PARADIP_SUPRA,2024-01-25 00:00:00,2024-01-25 18:00:00,9.43,USD_PER_MT,1,v1.0,VALID,PROXY,hash_fr_000123,True
124,FREIGHT_ZA_RICHARDSBAY_PARADIP_PANAMAX,2024-01-25 00:00:00,2024-01-25 18:00:00,13.61,USD_PER_MT,1,v1.0,VALID,PROXY,hash_fr_000124,True
125,FREIGHT_BR_TUBARAO_QINGDAO_CAPE,2024-01-25 00:00:00,2024-01-25 18:00:00,23.11,USD_PER_MT,1,v1.0,VALID,PROXY,hash_fr_000125,True
126,FREIGHT_AU_HEDLAND_PARADIP_CAPE,2024-01-26 00:00:00,2024-01-26 18:00:00,12.55,USD_PER_MT,1,v1.0,VALID,PROXY,hash_fr_000126,True
127,FREIGHT_AU_NEWCASTLE_PARADIP_PANAMAX,2024-01-26 00:00:00,2024-01-26 18:00:00,15.68,USD_PER_MT,1,v1.0,VALID,PROXY,hash_fr_000127,True
128,FREIGHT_ID_SAMARINDA_PARADIP_SUPRA,2024-01-26 00:00:00,2024-01-26 18:00:00,10.15,USD_PER_MT,1,v1.0,VALID,PROXY,hash_fr_000128,True
129,FREIGHT_ZA_RICHARDSBAY_PARADIP_PANAMAX,2024-01-26 00:00:00,2024-01-26 18:00:00,13.4,USD_PER_MT,1,v1.0,VALID,PROXY,hash_fr_000129,True
130,FREIGHT_BR_TUBARAO_QINGDAO_CAPE,2024-01-26 00:00:00,2024-01-26 18:00:00,22.22,USD_PER_MT,1,v1.0,VALID,PROXY,hash_fr_000130,True
131,FREIGHT_AU_HEDLAND_PARADIP_CAPE,2024-01-27 00:00:00,2024-01-27 18:00:00,11.64,USD_PER_MT,1,v1.0,VALID,PROXY,hash_fr_000131,True
132,FREIGHT_AU_NEWCASTLE_PARADIP_PANAMAX,2024-01-27 00:00:00,2024-01-27 18:00:00,15.95,USD_PER_MT,1,v1.0,VALID,PROXY,hash_fr_000132,True
133,FREIGHT_ID_SAMARINDA_PARADIP_SUPRA,2024-01-27 00:00:00,2024-01-27 18:00:00,9.69,USD_PER_MT,1,v1.0,VALID,PROXY,hash_fr_000133,True
134,FREIGHT_ZA_RICHARDSBAY_PARADIP_PANAMAX,2024-01-27 00:00:00,2024-01-27 18:00:00,13.93,USD_PER_MT,1,v1.0,VALID,PROXY,hash_fr_000134,True
135,FREIGHT_BR_TUBARAO_QINGDAO_CAPE,2024-01-27 00:00:00,2024-01-27 18:00:00,21.74,USD_PER_MT,1,v1.0,VALID,PROXY,hash_fr_000135,True
136,FREIGHT_AU_HEDLAND_PARADIP_CAPE,2024-01-28 00:00:00,2024-01-28 18:00:00,12.12,USD_PER_MT,1,v1.0,VALID,PROXY,hash_fr_000136,True
137,FREIGHT_AU_NEWCASTLE_PARADIP_PANAMAX,2024-01-28 00:00:00,2024-01-28 18:00:00,15.13,USD_PER_MT,1,v1.0,VALID,PROXY,hash_fr_000137,True
138,FREIGHT_ID_SAMARINDA_PARADIP_SUPRA,2024-01-28 00:00:00,2024-01-28 18:00:00,9.54,USD_PER_MT,1,v1.0,VALID,PROXY,hash_fr_000138,True
139,FREIGHT_ZA_RICHARDSBAY_PARADIP_PANAMAX,2024-01-28 00:00:00,2024-01-28 18:00:00,13.88,USD_PER_MT,1,v1.0,VALID,PROXY,hash_fr_000139,True
140,FREIGHT_BR_TUBARAO_QINGDAO_CAPE,2024-01-28 00:00:00,2024-01-28 18:00:00,21.85,USD_PER_MT,1,v1.0,VALID,PROXY,hash_fr_000140,True
141,FREIGHT_AU_HEDLAND_PARADIP_CAPE,2024-01-29 00:00:00,2024-01-29 18:00:00,12.14,USD_PER_MT,1,v1.0,VALID,PROXY,hash_fr_000141,True
142,FREIGHT_AU_NEWCASTLE_PARADIP_PANAMAX,2024-01-29 00:00:00,2024-01-29 18:00:00,15.49,USD_PER_MT,1,v1.0,VALID,PROXY,hash_fr_000142,True
143,FREIGHT_ID_SAMARINDA_PARADIP_SUPRA,2024-01-29 00:00:00,2024-01-29 18:00:00,9.55,USD_PER_MT,1,v1.0,VALID,PROXY,hash_fr_000143,True
144,FREIGHT_ZA_RICHARDSBAY_PARADIP_PANAMAX,2024-01-29 00:00:00,2024-01-29 18:00:00,13.49,USD_PER_MT,1,v1.0,VALID,PROXY,hash_fr_000144,True
145,FREIGHT_BR_TUBARAO_QINGDAO_CAPE,2024-01-29 00:00:00,2024-01-29 18:00:00,22.28,USD_PER_MT,1,v1.0,VALID,PROXY,hash_fr_000145,True
146,FREIGHT_AU_HEDLAND_PARADIP_CAPE,2024-01-30 00:00:00,2024-01-30 18:00:00,12.25,USD_PER_MT,1,v1.0,VALID,PROXY,hash_fr_000146,True
147,FREIGHT_AU_NEWCASTLE_PARADIP_PANAMAX,2024-01-30 00:00:00,2024-01-30 18:00:00,15.81,USD_PER_MT,1,v1.0,VALID,PROXY,hash_fr_000147,True
148,FREIGHT_ID_SAMARINDA_PARADIP_SUPRA,2024-01-30 00:00:00,2024-01-30 18:00:00,10.03,USD_PER_MT,1,v1.0,VALID,PROXY,hash_fr_000148,True
149,FREIGHT_ZA_RICHARDSBAY_PARADIP_PANAMAX,2024-01-30 00:00:00,2024-01-30 18:00:00,13.85,USD_PER_MT,1,v1.0,VALID,PROXY,hash_fr_000149,True
150,FREIGHT_BR_TUBARAO_QINGDAO_CAPE,2024-01-30 00:00:00,2024-01-30 18:00:00,22.19,USD_PER_MT,1,v1.0,VALID,PROXY,hash_fr_000150,True
151,FREIGHT_AU_HEDLAND_PARADIP_CAPE,2024-01-31 00:00:00,2024-01-31 18:00:00,12.29,USD_PER_MT,1,v1.0,VALID,PROXY,hash_fr_000151,True
152,FREIGHT_AU_NEWCASTLE_PARADIP_PANAMAX,2024-01-31 00:00:00,2024-01-31 18:00:00,15.14,USD_PER_MT,1,v1.0,VALID,PROXY,hash_fr_000152,True
153,FREIGHT_ID_SAMARINDA_PARADIP_SUPRA,2024-01-31 00:00:00,2024-01-31 18:00:00,9.75,USD_PER_MT,1,v1.0,VALID,PROXY,hash_fr_000153,True
154,FREIGHT_ZA_RICHARDSBAY_PARADIP_PANAMAX,2024-01-31 00:00:00,2024-01-31 18:00:00,13.48,USD_PER_MT,1,v1.0,VALID,PROXY,hash_fr_000154,True
155,FREIGHT_BR_TUBARAO_QINGDAO_CAPE,2024-01-31 00:00:00,2024-01-31 18:00:00,22.07,USD_PER_MT,1,v1.0,VALID,PROXY,hash_fr_000155,True
156,FREIGHT_AU_HEDLAND_PARADIP_CAPE,2024-02-01 00:00:00,2024-02-01 18:00:00,11.59,USD_PER_MT,1,v1.0,VALID,PROXY,hash_fr_000156,True
157,FREIGHT_AU_NEWCASTLE_PARADIP_PANAMAX,2024-02-01 00:00:00,2024-02-01 18:00:00,14.73,USD_PER_MT,1,v1.0,VALID,PROXY,hash_fr_000157,True
158,FREIGHT_ID_SAMARINDA_PARADIP_SUPRA,2024-02-01 00:00:00,2024-02-01 18:00:00,9.25,USD_PER_MT,1,v1.0,VALID,PROXY,hash_fr_000158,True
159,FREIGHT_ZA_RICHARDSBAY_PARADIP_PANAMAX,2024-02-01 00:00:00,2024-02-01 18:00:00,13.38,USD_PER_MT,1,v1.0,VALID,PROXY,hash_fr_000159,True
160,FREIGHT_BR_TUBARAO_QINGDAO_CAPE,2024-02-01 00:00:00,2024-02-01 18:00:00,21.06,USD_PER_MT,1,v1.0,VALID,PROXY,hash_fr_000160,True
161,FREIGHT_AU_HEDLAND_PARADIP_CAPE,2024-02-02 00:00:00,2024-02-02 18:00:00,11.84,USD_PER_MT,1,v1.0,VALID,PROXY,hash_fr_000161,True
162,FREIGHT_AU_NEWCASTLE_PARADIP_PANAMAX,2024-02-02 00:00:00,2024-02-02 18:00:00,15.05,USD_PER_MT,1,v1.0,VALID,PROXY,hash_fr_000162,True
163,FREIGHT_ID_SAMARINDA_PARADIP_SUPRA,2024-02-02 00:00:00,2024-02-02 18:00:00,9.16,USD_PER_MT,1,v1.0,VALID,PROXY,hash_fr_000163,True
164,FREIGHT_ZA_RICHARDSBAY_PARADIP_PANAMAX,2024-02-02 00:00:00,2024-02-02 18:00:00,13.38,USD_PER_MT,1,v1.0,VALID,PROXY,hash_fr_000164,True
165,FREIGHT_BR_TUBARAO_QINGDAO_CAPE,2024-02-02 00:00:00,2024-02-02 18:00:00,21.58,USD_PER_MT,1,v1.0,VALID,PROXY,hash_fr_000165,True
166,FREIGHT_AU_HEDLAND_PARADIP_CAPE,2024-02-03 00:00:00,2024-02-03 18:00:00,11.39,USD_PER_MT,1,v1.0,VALID,PROXY,hash_fr_000166,True
167,FREIGHT_AU_NEWCASTLE_PARADIP_PANAMAX,2024-02-03 00:00:00,2024-02-03 18:00:00,14.47,USD_PER_MT,1,v1.0,VALID,PROXY,hash_fr_000167,True
168,FREIGHT_ID_SAMARINDA_PARADIP_SUPRA,2024-02-03 00:00:00,2024-02-03 18:00:00,8.98,USD_PER_MT,1,v1.0,VALID,PROXY,hash_fr_000168,True
169,FREIGHT_ZA_RICHARDSBAY_PARADIP_PANAMAX,2024-02-03 00:00:00,2024-02-03 18:00:00,13.41,USD_PER_MT,1,v1.0,VALID,PROXY,hash_fr_000169,True
170,FREIGHT_BR_TUBARAO_QINGDAO_CAPE,2024-02-03 00:00:00,2024-02-03 18:00:00,21.38,USD_PER_MT,1,v1.0,VALID,PROXY,hash_fr_000170,True
171,FREIGHT_AU_HEDLAND_PARADIP_CAPE,2024-02-04 00:00:00,2024-02-04 18:00:00,11.32,USD_PER_MT,1,v1.0,VALID,PROXY,hash_fr_000171,True
172,FREIGHT_AU_NEWCASTLE_PARADIP_PANAMAX,2024-02-04 00:00:00,2024-02-04 18:00:00,14.72,USD_PER_MT,1,v1.0,VALID,PROXY,hash_fr_000172,True
173,FREIGHT_ID_SAMARINDA_PARADIP_SUPRA,2024-02-04 00:00:00,2024-02-04 18:00:00,9.0,USD_PER_MT,1,v1.0,VALID,PROXY,hash_fr_000173,True
174,FREIGHT_ZA_RICHARDSBAY_PARADIP_PANAMAX,2024-02-04 00:00:00,2024-02-04 18:00:00,13.05,USD_PER_MT,1,v1.0,VALID,PROXY,hash_fr_000174,True
175,FREIGHT_BR_TUBARAO_QINGDAO_CAPE,2024-02-04 00:00:00,2024-02-04 18:00:00,21.02,USD_PER_MT,1,v1.0,VALID,PROXY,hash_fr_000175,True
176,FREIGHT_AU_HEDLAND_PARADIP_CAPE,2024-02-05 00:00:00,2024-02-05 18:00:00,11.22,USD_PER_MT,1,v1.0,VALID,PROXY,hash_fr_000176,True
177,FREIGHT_AU_NEWCASTLE_PARADIP_PANAMAX,2024-02-05 00:00:00,2024-02-05 18:00:00,14.06,USD_PER_MT,1,v1.0,VALID,PROXY,hash_fr_000177,True
178,FREIGHT_ID_SAMARINDA_PARADIP_SUPRA,2024-02-05 00:00:00,2024-02-05 18:00:00,9.3,USD_PER_MT,1,v1.0,VALID,PROXY,hash_fr_000178,True
179,FREIGHT_ZA_RICHARDSBAY_PARADIP_PANAMAX,2024-02-05 00:00:00,2024-02-05 18:00:00,13.5,USD_PER_MT,1,v1.0,VALID,PROXY,hash_fr_000179,True
180,FREIGHT_BR_TUBARAO_QINGDAO_CAPE,2024-02-05 00:00:00,2024-02-05 18:00:00,21.22,USD_PER_MT,1,v1.0,VALID,PROXY,hash_fr_000180,True
181,FREIGHT_AU_HEDLAND_PARADIP_CAPE,2024-02-06 00:00:00,2024-02-06 18:00:00,11.54,USD_PER_MT,1,v1.0,VALID,PROXY,hash_fr_000181,True
182,FREIGHT_AU_NEWCASTLE_PARADIP_PANAMAX,2024-02-06 00:00:00,2024-02-06 18:00:00,14.3,USD_PER_MT,1,v1.0,VALID,PROXY,hash_fr_000182,True
183,FREIGHT_ID_SAMARINDA_PARADIP_SUPRA,2024-02-06 00:00:00,2024-02-06 18:00:00,8.64,USD_PER_MT,1,v1.0,VALID,PROXY,hash_fr_000183,True
184,FREIGHT_ZA_RICHARDSBAY_PARADIP_PANAMAX,2024-02-06 00:00:00,2024-02-06 18:00:00,12.97,USD_PER_MT,1,v1.0,VALID,PROXY,hash_fr_000184,True
185,FREIGHT_BR_TUBARAO_QINGDAO_CAPE,2024-02-06 00:00:00,2024-02-06 18:00:00,19.9,USD_PER_MT,1,v1.0,VALID,PROXY,hash_fr_000185,True
186,FREIGHT_AU_HEDLAND_PARADIP_CAPE,2024-02-07 00:00:00,2024-02-07 18:00:00,11.86,USD_PER_MT,1,v1.0,VALID,PROXY,hash_fr_000186,True
187,FREIGHT_AU_NEWCASTLE_PARADIP_PANAMAX,2024-02-07 00:00:00,2024-02-07 18:00:00,14.63,USD_PER_MT,1,v1.0,VALID,PROXY,hash_fr_000187,True
188,FREIGHT_ID_SAMARINDA_PARADIP_SUPRA,2024-02-07 00:00:00,2024-02-07 18:00:00,8.92,USD_PER_MT,1,v1.0,VALID,PROXY,hash_fr_000188,True
189,FREIGHT_ZA_RICHARDSBAY_PARADIP_PANAMAX,2024-02-07 00:00:00,2024-02-07 18:00:00,12.84,USD_PER_MT,1,v1.0,VALID,PROXY,hash_fr_000189,True
190,FREIGHT_BR_TUBARAO_QINGDAO_CAPE,2024-02-07 00:00:00,2024-02-07 18:00:00,20.32,USD_PER_MT,1,v1.0,VALID,PROXY,hash_fr_000190,True
191,FREIGHT_AU_HEDLAND_PARADIP_CAPE,2024-02-08 00:00:00,2024-02-08 18:00:00,11.11,USD_PER_MT,1,v1.0,VALID,PROXY,hash_fr_000191,True
192,FREIGHT_AU_NEWCASTLE_PARADIP_PANAMAX,2024-02-08 00:00:00,2024-02-08 18:00:00,14.44,USD_PER_MT,1,v1.0,VALID,PROXY,hash_fr_000192,True
193,FREIGHT_ID_SAMARINDA_PARADIP_SUPRA,2024-02-08 00:00:00,2024-02-08 18:00:00,9.02,USD_PER_MT,1,v1.0,VALID,PROXY,hash_fr_000193,True
194,FREIGHT_ZA_RICHARDSBAY_PARADIP_PANAMAX,2024-02-08 00:00:00,2024-02-08 18:00:00,13.45,USD_PER_MT,1,v1.0,VALID,PROXY,hash_fr_000194,True
195,FREIGHT_BR_TUBARAO_QINGDAO_CAPE,2024-02-08 00:00:00,2024-02-08 18:00:00,21.09,USD_PER_MT,1,v1.0,VALID,PROXY,hash_fr_000195,True
196,FREIGHT_AU_HEDLAND_PARADIP_CAPE,2024-02-09 00:00:00,2024-02-09 18:00:00,10.91,USD_PER_MT,1,v1.0,VALID,PROXY,hash_fr_000196,True
197,FREIGHT_AU_NEWCASTLE_PARADIP_PANAMAX,2024-02-09 00:00:00,2024-02-09 18:00:00,13.91,USD_PER_MT,1,v1.0,VALID,PROXY,hash_fr_000197,True
198,FREIGHT_ID_SAMARINDA_PARADIP_SUPRA,2024-02-09 00:00:00,2024-02-09 18:00:00,9.45,USD_PER_MT,1,v1.0,VALID,PROXY,hash_fr_000198,True
199,FREIGHT_ZA_RICHARDSBAY_PARADIP_PANAMAX,2024-02-09 00:00:00,2024-02-09 18:00:00,12.32,USD_PER_MT,1,v1.0,VALID,PROXY,hash_fr_000199,True
200,FREIGHT_BR_TUBARAO_QINGDAO_CAPE,2024-02-09 00:00:00,2024-02-09 18:00:00,19.85,USD_PER_MT,1,v1.0,VALID,PROXY,hash_fr_000200,True
201,FREIGHT_AU_HEDLAND_PARADIP_CAPE,2024-02-10 00:00:00,2024-02-10 18:00:00,10.57,USD_PER_MT,1,v1.0,VALID,PROXY,hash_fr_000201,True
202,FREIGHT_AU_NEWCASTLE_PARADIP_PANAMAX,2024-02-10 00:00:00,2024-02-10 18:00:00,14.83,USD_PER_MT,1,v1.0,VALID,PROXY,hash_fr_000202,True
203,FREIGHT_ID_SAMARINDA_PARADIP_SUPRA,2024-02-10 00:00:00,2024-02-10 18:00:00,8.78,USD_PER_MT,1,v1.0,VALID,PROXY,hash_fr_000203,True
204,FREIGHT_ZA_RICHARDSBAY_PARADIP_PANAMAX,2024-02-10 00:00:00,2024-02-10 18:00:00,12.74,USD_PER_MT,1,v1.0,VALID,PROXY,hash_fr_000204,True
205,FREIGHT_BR_TUBARAO_QINGDAO_CAPE,2024-02-10 00:00:00,2024-02-10 18:00:00,20.35,USD_PER_MT,1,v1.0,VALID,PROXY,hash_fr_000205,True
206,FREIGHT_AU_HEDLAND_PARADIP_CAPE,2024-02-11 00:00:00,2024-02-11 18:00:00,11.49,USD_PER_MT,1,v1.0,VALID,PROXY,hash_fr_000206,True
207,FREIGHT_AU_NEWCASTLE_PARADIP_PANAMAX,2024-02-11 00:00:00,2024-02-11 18:00:00,14.43,USD_PER_MT,1,v1.0,VALID,PROXY,hash_fr_000207,True
208,FREIGHT_ID_SAMARINDA_PARADIP_SUPRA,2024-02-11 00:00:00,2024-02-11 18:00:00,8.54,USD_PER_MT,1,v1.0,VALID,PROXY,hash_fr_000208,True
209,FREIGHT_ZA_RICHARDSBAY_PARADIP_PANAMAX,2024-02-11 00:00:00,2024-02-11 18:00:00,12.89,USD_PER_MT,1,v1.0,VALID,PROXY,hash_fr_000209,True
210,FREIGHT_BR_TUBARAO_QINGDAO_CAPE,2024-02-11 00:00:00,2024-02-11 18:00:00,21.17,USD_PER_MT,1,v1.0,VALID,PROXY,hash_fr_000210,True
211,FREIGHT_AU_HEDLAND_PARADIP_CAPE,2024-02-12 00:00:00,2024-02-12 18:00:00,11.18,USD_PER_MT,1,v1.0,VALID,PROXY,hash_fr_000211,True
212,FREIGHT_AU_NEWCASTLE_PARADIP_PANAMAX,2024-02-12 00:00:00,2024-02-12 18:00:00,14.15,USD_PER_MT,1,v1.0,VALID,PROXY,hash_fr_000212,True
213,FREIGHT_ID_SAMARINDA_PARADIP_SUPRA,2024-02-12 00:00:00,2024-02-12 18:00:00,8.71,USD_PER_MT,1,v1.0,VALID,PROXY,hash_fr_000213,True
214,FREIGHT_ZA_RICHARDSBAY_PARADIP_PANAMAX,2024-02-12 00:00:00,2024-02-12 18:00:00,12.48,USD_PER_MT,1,v1.0,VALID,PROXY,hash_fr_000214,True
215,FREIGHT_BR_TUBARAO_QINGDAO_CAPE,2024-02-12 00:00:00,2024-02-12 18:00:00,21.5,USD_PER_MT,1,v1.0,VALID,PROXY,hash_fr_000215,True
216,FREIGHT_AU_HEDLAND_PARADIP_CAPE,2024-02-13 00:00:00,2024-02-13 18:00:00,11.53,USD_PER_MT,1,v1.0,VALID,PROXY,hash_fr_000216,True
217,FREIGHT_AU_NEWCASTLE_PARADIP_PANAMAX,2024-02-13 00:00:00,2024-02-13 18:00:00,14.65,USD_PER_MT,1,v1.0,VALID,PROXY,hash_fr_000217,True
218,FREIGHT_ID_SAMARINDA_PARADIP_SUPRA,2024-02-13 00:00:00,2024-02-13 18:00:00,8.92,USD_PER_MT,1,v1.0,VALID,PROXY,hash_fr_000218,True
219,FREIGHT_ZA_RICHARDSBAY_PARADIP_PANAMAX,2024-02-13 00:00:00,2024-02-13 18:00:00,12.98,USD_PER_MT,1,v1.0,VALID,PROXY,hash_fr_000219,True
220,FREIGHT_BR_TUBARAO_QINGDAO_CAPE,2024-02-13 00:00:00,2024-02-13 18:00:00,19.76,USD_PER_MT,1,v1.0,VALID,PROXY,hash_fr_000220,True
221,FREIGHT_AU_HEDLAND_PARADIP_CAPE,2024-02-14 00:00:00,2024-02-14 18:00:00,11.62,USD_PER_MT,1,v1.0,VALID,PROXY,hash_fr_000221,True
222,FREIGHT_AU_NEWCASTLE_PARADIP_PANAMAX,2024-02-14 00:00:00,2024-02-14 18:00:00,14.09,USD_PER_MT,1,v1.0,VALID,PROXY,hash_fr_000222,True
223,FREIGHT_ID_SAMARINDA_PARADIP_SUPRA,2024-02-14 00:00:00,2024-02-14 18:00:00,8.94,USD_PER_MT,1,v1.0,VALID,PROXY,hash_fr_000223,True
224,FREIGHT_ZA_RICHARDSBAY_PARADIP_PANAMAX,2024-02-14 00:00:00,2024-02-14 18:00:00,12.14,USD_PER_MT,1,v1.0,VALID,PROXY,hash_fr_000224,True
225,FREIGHT_BR_TUBARAO_QINGDAO_CAPE,2024-02-14 00:00:00,2024-02-14 18:00:00,20.5,USD_PER_MT,1,v1.0,VALID,PROXY,hash_fr_000225,True
226,FREIGHT_AU_HEDLAND_PARADIP_CAPE,2024-02-15 00:00:00,2024-02-15 18:00:00,11.5,USD_PER_MT,1,v1.0,VALID,PROXY,hash_fr_000226,True
227,FREIGHT_AU_NEWCASTLE_PARADIP_PANAMAX,2024-02-15 00:00:00,2024-02-15 18:00:00,14.37,USD_PER_MT,1,v1.0,VALID,PROXY,hash_fr_000227,True
228,FREIGHT_ID_SAMARINDA_PARADIP_SUPRA,2024-02-15 00:00:00,2024-02-15 18:00:00,9.02,USD_PER_MT,1,v1.0,VALID,PROXY,hash_fr_000228,True
229,FREIGHT_ZA_RICHARDSBAY_PARADIP_PANAMAX,2024-02-15 00:00:00,2024-02-15 18:00:00,13.0,USD_PER_MT,1,v1.0,VALID,PROXY,hash_fr_000229,True
230,FREIGHT_BR_TUBARAO_QINGDAO_CAPE,2024-02-15 00:00:00,2024-02-15 18:00:00,20.21,USD_PER_MT,1,v1.0,VALID,PROXY,hash_fr_000230,True
231,FREIGHT_AU_HEDLAND_PARADIP_CAPE,2024-02-16 00:00:00,2024-02-16 18:00:00,11.13,USD_PER_MT,1,v1.0,VALID,PROXY,hash_fr_000231,True
232,FREIGHT_AU_NEWCASTLE_PARADIP_PANAMAX,2024-02-16 00:00:00,2024-02-16 18:00:00,14.18,USD_PER_MT,1,v1.0,VALID,PROXY,hash_fr_000232,True
233,FREIGHT_ID_SAMARINDA_PARADIP_SUPRA,2024-02-16 00:00:00,2024-02-16 18:00:00,8.74,USD_PER_MT,1,v1.0,VALID,PROXY,hash_fr_000233,True
234,FREIGHT_ZA_RICHARDSBAY_PARADIP_PANAMAX,2024-02-16 00:00:00,2024-02-16 18:00:00,13.08,USD_PER_MT,1,v1.0,VALID,PROXY,hash_fr_000234,True
235,FREIGHT_BR_TUBARAO_QINGDAO_CAPE,2024-02-16 00:00:00,2024-02-16 18:00:00,20.23,USD_PER_MT,1,v1.0,VALID,PROXY,hash_fr_000235,True
236,FREIGHT_AU_HEDLAND_PARADIP_CAPE,2024-02-17 00:00:00,2024-02-17 18:00:00,11.83,USD_PER_MT,1,v1.0,VALID,PROXY,hash_fr_000236,True
237,FREIGHT_AU_NEWCASTLE_PARADIP_PANAMAX,2024-02-17 00:00:00,2024-02-17 18:00:00,14.56,USD_PER_MT,1,v1.0,VALID,PROXY,hash_fr_000237,True
238,FREIGHT_ID_SAMARINDA_PARADIP_SUPRA,2024-02-17 00:00:00,2024-02-17 18:00:00,9.08,USD_PER_MT,1,v1.0,VALID,PROXY,hash_fr_000238,True
239,FREIGHT_ZA_RICHARDSBAY_PARADIP_PANAMAX,2024-02-17 00:00:00,2024-02-17 18:00:00,13.03,USD_PER_MT,1,v1.0,VALID,PROXY,hash_fr_000239,True
240,FREIGHT_BR_TUBARAO_QINGDAO_CAPE,2024-02-17 00:00:00,2024-02-17 18:00:00,21.48,USD_PER_MT,1,v1.0,VALID,PROXY,hash_fr_000240,True
241,FREIGHT_AU_HEDLAND_PARADIP_CAPE,2024-02-18 00:00:00,2024-02-18 18:00:00,11.14,USD_PER_MT,1,v1.0,VALID,PROXY,hash_fr_000241,True
242,FREIGHT_AU_NEWCASTLE_PARADIP_PANAMAX,2024-02-18 00:00:00,2024-02-18 18:00:00,15.25,USD_PER_MT,1,v1.0,VALID,PROXY,hash_fr_000242,True
243,FREIGHT_ID_SAMARINDA_PARADIP_SUPRA,2024-02-18 00:00:00,2024-02-18 18:00:00,10.02,USD_PER_MT,1,v1.0,VALID,PROXY,hash_fr_000243,True
244,FREIGHT_ZA_RICHARDSBAY_PARADIP_PANAMAX,2024-02-18 00:00:00,2024-02-18 18:00:00,13.29,USD_PER_MT,1,v1.0,VALID,PROXY,hash_fr_000244,True
245,FREIGHT_BR_TUBARAO_QINGDAO_CAPE,2024-02-18 00:00:00,2024-02-18 18:00:00,19.98,USD_PER_MT,1,v1.0,VALID,PROXY,hash_fr_000245,True
246,FREIGHT_AU_HEDLAND_PARADIP_CAPE,2024-02-19 00:00:00,2024-02-19 18:00:00,11.1,USD_PER_MT,1,v1.0,VALID,PROXY,hash_fr_000246,True
247,FREIGHT_AU_NEWCASTLE_PARADIP_PANAMAX,2024-02-19 00:00:00,2024-02-19 18:00:00,14.85,USD_PER_MT,1,v1.0,VALID,PROXY,hash_fr_000247,True
248,FREIGHT_ID_SAMARINDA_PARADIP_SUPRA,2024-02-19 00:00:00,2024-02-19 18:00:00,9.44,USD_PER_MT,1,v1.0,VALID,PROXY,hash_fr_000248,True
249,FREIGHT_ZA_RICHARDSBAY_PARADIP_PANAMAX,2024-02-19 00:00:00,2024-02-19 18:00:00,13.1,USD_PER_MT,1,v1.0,VALID,PROXY,hash_fr_000249,True
250,FREIGHT_BR_TUBARAO_QINGDAO_CAPE,2024-02-19 00:00:00,2024-02-19 18:00:00,20.62,USD_PER_MT,1,v1.0,VALID,PROXY,hash_fr_000250,True
251,FREIGHT_AU_HEDLAND_PARADIP_CAPE,2024-02-20 00:00:00,2024-02-20 18:00:00,11.96,USD_PER_MT,1,v1.0,VALID,PROXY,hash_fr_000251,True
252,FREIGHT_AU_NEWCASTLE_PARADIP_PANAMAX,2024-02-20 00:00:00,2024-02-20 18:00:00,13.99,USD_PER_MT,1,v1.0,VALID,PROXY,hash_fr_000252,True
253,FREIGHT_ID_SAMARINDA_PARADIP_SUPRA,2024-02-20 00:00:00,2024-02-20 18:00:00,9.47,USD_PER_MT,1,v1.0,VALID,PROXY,hash_fr_000253,True
254,FREIGHT_ZA_RICHARDSBAY_PARADIP_PANAMAX,2024-02-20 00:00:00,2024-02-20 18:00:00,13.49,USD_PER_MT,1,v1.0,VALID,PROXY,hash_fr_000254,True
255,FREIGHT_BR_TUBARAO_QINGDAO_CAPE,2024-02-20 00:00:00,2024-02-20 18:00:00,20.81,USD_PER_MT,1,v1.0,VALID,PROXY,hash_fr_000255,True
256,FREIGHT_AU_HEDLAND_PARADIP_CAPE,2024-02-21 00:00:00,2024-02-21 18:00:00,11.85,USD_PER_MT,1,v1.0,VALID,PROXY,hash_fr_000256,True
257,FREIGHT_AU_NEWCASTLE_PARADIP_PANAMAX,2024-02-21 00:00:00,2024-02-21 18:00:00,14.66,USD_PER_MT,1,v1.0,VALID,PROXY,hash_fr_000257,True
258,FREIGHT_ID_SAMARINDA_PARADIP_SUPRA,2024-02-21 00:00:00,2024-02-21 18:00:00,9.28,USD_PER_MT,1,v1.0,VALID,PROXY,hash_fr_000258,True
259,FREIGHT_ZA_RICHARDSBAY_PARADIP_PANAMAX,2024-02-21 00:00:00,2024-02-21 18:00:00,13.7,USD_PER_MT,1,v1.0,VALID,PROXY,hash_fr_000259,True
260,FREIGHT_BR_TUBARAO_QINGDAO_CAPE,2024-02-21 00:00:00,2024-02-21 18:00:00,20.92,USD_PER_MT,1,v1.0,VALID,PROXY,hash_fr_000260,True
261,FREIGHT_AU_HEDLAND_PARADIP_CAPE,2024-02-22 00:00:00,2024-02-22 18:00:00,12.13,USD_PER_MT,1,v1.0,VALID,PROXY,hash_fr_000261,True
262,FREIGHT_AU_NEWCASTLE_PARADIP_PANAMAX,2024-02-22 00:00:00,2024-02-22 18:00:00,14.59,USD_PER_MT,1,v1.0,VALID,PROXY,hash_fr_000262,True
263,FREIGHT_ID_SAMARINDA_PARADIP_SUPRA,2024-02-22 00:00:00,2024-02-22 18:00:00,9.46,USD_PER_MT,1,v1.0,VALID,PROXY,hash_fr_000263,True
264,FREIGHT_ZA_RICHARDSBAY_PARADIP_PANAMAX,2024-02-22 00:00:00,2024-02-22 18:00:00,13.79,USD_PER_MT,1,v1.0,VALID,PROXY,hash_fr_000264,True
265,FREIGHT_BR_TUBARAO_QINGDAO_CAPE,2024-02-22 00:00:00,2024-02-22 18:00:00,21.73,USD_PER_MT,1,v1.0,VALID,PROXY,hash_fr_000265,True
266,FREIGHT_AU_HEDLAND_PARADIP_CAPE,2024-02-23 00:00:00,2024-02-23 18:00:00,12.12,USD_PER_MT,1,v1.0,VALID,PROXY,hash_fr_000266,True
267,FREIGHT_AU_NEWCASTLE_PARADIP_PANAMAX,2024-02-23 00:00:00,2024-02-23 18:00:00,15.01,USD_PER_MT,1,v1.0,VALID,PROXY,hash_fr_000267,True
268,FREIGHT_ID_SAMARINDA_PARADIP_SUPRA,2024-02-23 00:00:00,2024-02-23 18:00:00,9.53,USD_PER_MT,1,v1.0,VALID,PROXY,hash_fr_000268,True
269,FREIGHT_ZA_RICHARDSBAY_PARADIP_PANAMAX,2024-02-23 00:00:00,2024-02-23 18:00:00,14.04,USD_PER_MT,1,v1.0,VALID,PROXY,hash_fr_000269,True
270,FREIGHT_BR_TUBARAO_QINGDAO_CAPE,2024-02-23 00:00:00,2024-02-23 18:00:00,21.52,USD_PER_MT,1,v1.0,VALID,PROXY,hash_fr_000270,True
271,FREIGHT_AU_HEDLAND_PARADIP_CAPE,2024-02-24 00:00:00,2024-02-24 18:00:00,12.56,USD_PER_MT,1,v1.0,VALID,PROXY,hash_fr_000271,True
272,FREIGHT_AU_NEWCASTLE_PARADIP_PANAMAX,2024-02-24 00:00:00,2024-02-24 18:00:00,15.73,USD_PER_MT,1,v1.0,VALID,PROXY,hash_fr_000272,True
273,FREIGHT_ID_SAMARINDA_PARADIP_SUPRA,2024-02-24 00:00:00,2024-02-24 18:00:00,9.54,USD_PER_MT,1,v1.0,VALID,PROXY,hash_fr_000273,True
274,FREIGHT_ZA_RICHARDSBAY_PARADIP_PANAMAX,2024-02-24 00:00:00,2024-02-24 18:00:00,13.38,USD_PER_MT,1,v1.0,VALID,PROXY,hash_fr_000274,True
275,FREIGHT_BR_TUBARAO_QINGDAO_CAPE,2024-02-24 00:00:00,2024-02-24 18:00:00,22.93,USD_PER_MT,1,v1.0,VALID,PROXY,hash_fr_000275,True
276,FREIGHT_AU_HEDLAND_PARADIP_CAPE,2024-02-25 00:00:00,2024-02-25 18:00:00,12.02,USD_PER_MT,1,v1.0,VALID,PROXY,hash_fr_000276,True
277,FREIGHT_AU_NEWCASTLE_PARADIP_PANAMAX,2024-02-25 00:00:00,2024-02-25 18:00:00,16.32,USD_PER_MT,1,v1.0,VALID,PROXY,hash_fr_000277,True
278,FREIGHT_ID_SAMARINDA_PARADIP_SUPRA,2024-02-25 00:00:00,2024-02-25 18:00:00,9.77,USD_PER_MT,1,v1.0,VALID,PROXY,hash_fr_000278,True
279,FREIGHT_ZA_RICHARDSBAY_PARADIP_PANAMAX,2024-02-25 00:00:00,2024-02-25 18:00:00,13.88,USD_PER_MT,1,v1.0,VALID,PROXY,hash_fr_000279,True
280,FREIGHT_BR_TUBARAO_QINGDAO_CAPE,2024-02-25 00:00:00,2024-02-25 18:00:00,22.14,USD_PER_MT,1,v1.0,VALID,PROXY,hash_fr_000280,True
281,FREIGHT_AU_HEDLAND_PARADIP_CAPE,2024-02-26 00:00:00,2024-02-26 18:00:00,12.75,USD_PER_MT,1,v1.0,VALID,PROXY,hash_fr_000281,True
282,FREIGHT_AU_NEWCASTLE_PARADIP_PANAMAX,2024-02-26 00:00:00,2024-02-26 18:00:00,17.02,USD_PER_MT,1,v1.0,VALID,PROXY,hash_fr_000282,True
283,FREIGHT_ID_SAMARINDA_PARADIP_SUPRA,2024-02-26 00:00:00,2024-02-26 18:00:00,10.11,USD_PER_MT,1,v1.0,VALID,PROXY,hash_fr_000283,True
284,FREIGHT_ZA_RICHARDSBAY_PARADIP_PANAMAX,2024-02-26 00:00:00,2024-02-26 18:00:00,14.16,USD_PER_MT,1,v1.0,VALID,PROXY,hash_fr_000284,True
285,FREIGHT_BR_TUBARAO_QINGDAO_CAPE,2024-02-26 00:00:00,2024-02-26 18:00:00,22.58,USD_PER_MT,1,v1.0,VALID,PROXY,hash_fr_000285,True
286,FREIGHT_AU_HEDLAND_PARADIP_CAPE,2024-02-27 00:00:00,2024-02-27 18:00:00,12.28,USD_PER_MT,1,v1.0,VALID,PROXY,hash_fr_000286,True
287,FREIGHT_AU_NEWCASTLE_PARADIP_PANAMAX,2024-02-27 00:00:00,2024-02-27 18:00:00,16.31,USD_PER_MT,1,v1.0,VALID,PROXY,hash_fr_000287,True
288,FREIGHT_ID_SAMARINDA_PARADIP_SUPRA,2024-02-27 00:00:00,2024-02-27 18:00:00,10.08,USD_PER_MT,1,v1.0,VALID,PROXY,hash_fr_000288,True
289,FREIGHT_ZA_RICHARDSBAY_PARADIP_PANAMAX,2024-02-27 00:00:00,2024-02-27 18:00:00,14.41,USD_PER_MT,1,v1.0,VALID,PROXY,hash_fr_000289,True
290,FREIGHT_BR_TUBARAO_QINGDAO_CAPE,2024-02-27 00:00:00,2024-02-27 18:00:00,22.44,USD_PER_MT,1,v1.0,VALID,PROXY,hash_fr_000290,True
291,FREIGHT_AU_HEDLAND_PARADIP_CAPE,2024-02-28 00:00:00,2024-02-28 18:00:00,12.59,USD_PER_MT,1,v1.0,VALID,PROXY,hash_fr_000291,True
292,FREIGHT_AU_NEWCASTLE_PARADIP_PANAMAX,2024-02-28 00:00:00,2024-02-28 18:00:00,16.61,USD_PER_MT,1,v1.0,VALID,PROXY,hash_fr_000292,True
293,FREIGHT_ID_SAMARINDA_PARADIP_SUPRA,2024-02-28 00:00:00,2024-02-28 18:00:00,9.44,USD_PER_MT,1,v1.0,VALID,PROXY,hash_fr_000293,True
294,FREIGHT_ZA_RICHARDSBAY_PARADIP_PANAMAX,2024-02-28 00:00:00,2024-02-28 18:00:00,14.35,USD_PER_MT,1,v1.0,VALID,PROXY,hash_fr_000294,True
295,FREIGHT_BR_TUBARAO_QINGDAO_CAPE,2024-02-28 00:00:00,2024-02-28 18:00:00,23.2,USD_PER_MT,1,v1.0,VALID,PROXY,hash_fr_000295,True
296,FREIGHT_AU_HEDLAND_PARADIP_CAPE,2024-02-29 00:00:00,2024-02-29 18:00:00,12.51,USD_PER_MT,1,v1.0,VALID,PROXY,hash_fr_000296,True
297,FREIGHT_AU_NEWCASTLE_PARADIP_PANAMAX,2024-02-29 00:00:00,2024-02-29 18:00:00,16.92,USD_PER_MT,1,v1.0,VALID,PROXY,hash_fr_000297,True
298,FREIGHT_ID_SAMARINDA_PARADIP_SUPRA,2024-02-29 00:00:00,2024-02-29 18:00:00,10.28,USD_PER_MT,1,v1.0,VALID,PROXY,hash_fr_000298,True
299,FREIGHT_ZA_RICHARDSBAY_PARADIP_PANAMAX,2024-02-29 00:00:00,2024-02-29 18:00:00,14.95,USD_PER_MT,1,v1.0,VALID,PROXY,hash_fr_000299,True
300,FREIGHT_BR_TUBARAO_QINGDAO_CAPE,2024-02-29 00:00:00,2024-02-29 18:00:00,23.88,USD_PER_MT,1,v1.0,VALID,PROXY,hash_fr_000300,True
301,FREIGHT_AU_HEDLAND_PARADIP_CAPE,2024-03-01 00:00:00,2024-03-01 18:00:00,13.51,USD_PER_MT,1,v1.0,VALID,PROXY,hash_fr_000301,True
302,FREIGHT_AU_NEWCASTLE_PARADIP_PANAMAX,2024-03-01 00:00:00,2024-03-01 18:00:00,16.48,USD_PER_MT,1,v1.0,VALID,PROXY,hash_fr_000302,True
303,FREIGHT_ID_SAMARINDA_PARADIP_SUPRA,2024-03-01 00:00:00,2024-03-01 18:00:00,10.22,USD_PER_MT,1,v1.0,VALID,PROXY,hash_fr_000303,True
304,FREIGHT_ZA_RICHARDSBAY_PARADIP_PANAMAX,2024-03-01 00:00:00,2024-03-01 18:00:00,15.07,USD_PER_MT,1,v1.0,VALID,PROXY,hash_fr_000304,True
305,FREIGHT_BR_TUBARAO_QINGDAO_CAPE,2024-03-01 00:00:00,2024-03-01 18:00:00,23.63,USD_PER_MT,1,v1.0,VALID,PROXY,hash_fr_000305,True
306,FREIGHT_AU_HEDLAND_PARADIP_CAPE,2024-03-02 00:00:00,2024-03-02 18:00:00,13.08,USD_PER_MT,1,v1.0,VALID,PROXY,hash_fr_000306,True
307,FREIGHT_AU_NEWCASTLE_PARADIP_PANAMAX,2024-03-02 00:00:00,2024-03-02 18:00:00,16.54,USD_PER_MT,1,v1.0,VALID,PROXY,hash_fr_000307,True
308,FREIGHT_ID_SAMARINDA_PARADIP_SUPRA,2024-03-02 00:00:00,2024-03-02 18:00:00,11.03,USD_PER_MT,1,v1.0,VALID,PROXY,hash_fr_000308,True
309,FREIGHT_ZA_RICHARDSBAY_PARADIP_PANAMAX,2024-03-02 00:00:00,2024-03-02 18:00:00,15.35,USD_PER_MT,1,v1.0,VALID,PROXY,hash_fr_000309,True
310,FREIGHT_BR_TUBARAO_QINGDAO_CAPE,2024-03-02 00:00:00,2024-03-02 18:00:00,24.54,USD_PER_MT,1,v1.0,VALID,PROXY,hash_fr_000310,True
311,FREIGHT_AU_HEDLAND_PARADIP_CAPE,2024-03-03 00:00:00,2024-03-03 18:00:00,13.63,USD_PER_MT,1,v1.0,VALID,PROXY,hash_fr_000311,True
312,FREIGHT_AU_NEWCASTLE_PARADIP_PANAMAX,2024-03-03 00:00:00,2024-03-03 18:00:00,17.28,USD_PER_MT,1,v1.0,VALID,PROXY,hash_fr_000312,True
313,FREIGHT_ID_SAMARINDA_PARADIP_SUPRA,2024-03-03 00:00:00,2024-03-03 18:00:00,10.71,USD_PER_MT,1,v1.0,VALID,PROXY,hash_fr_000313,True
314,FREIGHT_ZA_RICHARDSBAY_PARADIP_PANAMAX,2024-03-03 00:00:00,2024-03-03 18:00:00,15.12,USD_PER_MT,1,v1.0,VALID,PROXY,hash_fr_000314,True
315,FREIGHT_BR_TUBARAO_QINGDAO_CAPE,2024-03-03 00:00:00,2024-03-03 18:00:00,23.96,USD_PER_MT,1,v1.0,VALID,PROXY,hash_fr_000315,True
316,FREIGHT_AU_HEDLAND_PARADIP_CAPE,2024-03-04 00:00:00,2024-03-04 18:00:00,13.59,USD_PER_MT,1,v1.0,VALID,PROXY,hash_fr_000316,True
317,FREIGHT_AU_NEWCASTLE_PARADIP_PANAMAX,2024-03-04 00:00:00,2024-03-04 18:00:00,17.38,USD_PER_MT,1,v1.0,VALID,PROXY,hash_fr_000317,True
318,FREIGHT_ID_SAMARINDA_PARADIP_SUPRA,2024-03-04 00:00:00,2024-03-04 18:00:00,10.74,USD_PER_MT,1,v1.0,VALID,PROXY,hash_fr_000318,True
319,FREIGHT_ZA_RICHARDSBAY_PARADIP_PANAMAX,2024-03-04 00:00:00,2024-03-04 18:00:00,15.57,USD_PER_MT,1,v1.0,VALID,PROXY,hash_fr_000319,True
320,FREIGHT_BR_TUBARAO_QINGDAO_CAPE,2024-03-04 00:00:00,2024-03-04 18:00:00,23.9,USD_PER_MT,1,v1.0,VALID,PROXY,hash_fr_000320,True
321,FREIGHT_AU_HEDLAND_PARADIP_CAPE,2024-03-05 00:00:00,2024-03-05 18:00:00,14.25,USD_PER_MT,1,v1.0,VALID,PROXY,hash_fr_000321,True
322,FREIGHT_AU_NEWCASTLE_PARADIP_PANAMAX,2024-03-05 00:00:00,2024-03-05 18:00:00,17.21,USD_PER_MT,1,v1.0,VALID,PROXY,hash_fr_000322,True
323,FREIGHT_ID_SAMARINDA_PARADIP_SUPRA,2024-03-05 00:00:00,2024-03-05 18:00:00,10.87,USD_PER_MT,1,v1.0,VALID,PROXY,hash_fr_000323,True
324,FREIGHT_ZA_RICHARDSBAY_PARADIP_PANAMAX,2024-03-05 00:00:00,2024-03-05 18:00:00,15.73,USD_PER_MT,1,v1.0,VALID,PROXY,hash_fr_000324,True
325,FREIGHT_BR_TUBARAO_QINGDAO_CAPE,2024-03-05 00:00:00,2024-03-05 18:00:00,25.1,USD_PER_MT,1,v1.0,VALID,PROXY,hash_fr_000325,True
326,FREIGHT_AU_HEDLAND_PARADIP_CAPE,2024-03-06 00:00:00,2024-03-06 18:00:00,13.71,USD_PER_MT,1,v1.0,VALID,PROXY,hash_fr_000326,True
327,FREIGHT_AU_NEWCASTLE_PARADIP_PANAMAX,2024-03-06 00:00:00,2024-03-06 18:00:00,17.43,USD_PER_MT,1,v1.0,VALID,PROXY,hash_fr_000327,True
328,FREIGHT_ID_SAMARINDA_PARADIP_SUPRA,2024-03-06 00:00:00,2024-03-06 18:00:00,10.94,USD_PER_MT,1,v1.0,VALID,PROXY,hash_fr_000328,True
329,FREIGHT_ZA_RICHARDSBAY_PARADIP_PANAMAX,2024-03-06 00:00:00,2024-03-06 18:00:00,15.82,USD_PER_MT,1,v1.0,VALID,PROXY,hash_fr_000329,True
330,FREIGHT_BR_TUBARAO_QINGDAO_CAPE,2024-03-06 00:00:00,2024-03-06 18:00:00,24.71,USD_PER_MT,1,v1.0,VALID,PROXY,hash_fr_000330,True
331,FREIGHT_AU_HEDLAND_PARADIP_CAPE,2024-03-07 00:00:00,2024-03-07 18:00:00,14.2,USD_PER_MT,1,v1.0,VALID,PROXY,hash_fr_000331,True
332,FREIGHT_AU_NEWCASTLE_PARADIP_PANAMAX,2024-03-07 00:00:00,2024-03-07 18:00:00,17.65,USD_PER_MT,1,v1.0,VALID,PROXY,hash_fr_000332,True
333,FREIGHT_ID_SAMARINDA_PARADIP_SUPRA,2024-03-07 00:00:00,2024-03-07 18:00:00,11.08,USD_PER_MT,1,v1.0,VALID,PROXY,hash_fr_000333,True
334,FREIGHT_ZA_RICHARDSBAY_PARADIP_PANAMAX,2024-03-07 00:00:00,2024-03-07 18:00:00,16.16,USD_PER_MT,1,v1.0,VALID,PROXY,hash_fr_000334,True
335,FREIGHT_BR_TUBARAO_QINGDAO_CAPE,2024-03-07 00:00:00,2024-03-07 18:00:00,25.02,USD_PER_MT,1,v1.0,VALID,PROXY,hash_fr_000335,True
336,FREIGHT_AU_HEDLAND_PARADIP_CAPE,2024-03-08 00:00:00,2024-03-08 18:00:00,13.94,USD_PER_MT,1,v1.0,VALID,PROXY,hash_fr_000336,True
337,FREIGHT_AU_NEWCASTLE_PARADIP_PANAMAX,2024-03-08 00:00:00,2024-03-08 18:00:00,18.36,USD_PER_MT,1,v1.0,VALID,PROXY,hash_fr_000337,True
338,FREIGHT_ID_SAMARINDA_PARADIP_SUPRA,2024-03-08 00:00:00,2024-03-08 18:00:00,10.95,USD_PER_MT,1,v1.0,VALID,PROXY,hash_fr_000338,True
339,FREIGHT_ZA_RICHARDSBAY_PARADIP_PANAMAX,2024-03-08 00:00:00,2024-03-08 18:00:00,16.19,USD_PER_MT,1,v1.0,VALID,PROXY,hash_fr_000339,True
340,FREIGHT_BR_TUBARAO_QINGDAO_CAPE,2024-03-08 00:00:00,2024-03-08 18:00:00,26.81,USD_PER_MT,1,v1.0,VALID,PROXY,hash_fr_000340,True
341,FREIGHT_AU_HEDLAND_PARADIP_CAPE,2024-03-09 00:00:00,2024-03-09 18:00:00,14.88,USD_PER_MT,1,v1.0,VALID,PROXY,hash_fr_000341,True
342,FREIGHT_AU_NEWCASTLE_PARADIP_PANAMAX,2024-03-09 00:00:00,2024-03-09 18:00:00,18.16,USD_PER_MT,1,v1.0,VALID,PROXY,hash_fr_000342,True
343,FREIGHT_ID_SAMARINDA_PARADIP_SUPRA,2024-03-09 00:00:00,2024-03-09 18:00:00,11.66,USD_PER_MT,1,v1.0,VALID,PROXY,hash_fr_000343,True
344,FREIGHT_ZA_RICHARDSBAY_PARADIP_PANAMAX,2024-03-09 00:00:00,2024-03-09 18:00:00,15.51,USD_PER_MT,1,v1.0,VALID,PROXY,hash_fr_000344,True
345,FREIGHT_BR_TUBARAO_QINGDAO_CAPE,2024-03-09 00:00:00,2024-03-09 18:00:00,26.09,USD_PER_MT,1,v1.0,VALID,PROXY,hash_fr_000345,True
346,FREIGHT_AU_HEDLAND_PARADIP_CAPE,2024-03-10 00:00:00,2024-03-10 18:00:00,14.8,USD_PER_MT,1,v1.0,VALID,PROXY,hash_fr_000346,True
347,FREIGHT_AU_NEWCASTLE_PARADIP_PANAMAX,2024-03-10 00:00:00,2024-03-10 18:00:00,17.96,USD_PER_MT,1,v1.0,VALID,PROXY,hash_fr_000347,True
348,FREIGHT_ID_SAMARINDA_PARADIP_SUPRA,2024-03-10 00:00:00,2024-03-10 18:00:00,11.88,USD_PER_MT,1,v1.0,VALID,PROXY,hash_fr_000348,True
349,FREIGHT_ZA_RICHARDSBAY_PARADIP_PANAMAX,2024-03-10 00:00:00,2024-03-10 18:00:00,16.55,USD_PER_MT,1,v1.0,VALID,PROXY,hash_fr_000349,True
350,FREIGHT_BR_TUBARAO_QINGDAO_CAPE,2024-03-10 00:00:00,2024-03-10 18:00:00,25.19,USD_PER_MT,1,v1.0,VALID,PROXY,hash_fr_000350,True
351,FREIGHT_AU_HEDLAND_PARADIP_CAPE,2024-03-11 00:00:00,2024-03-11 18:00:00,14.96,USD_PER_MT,1,v1.0,VALID,PROXY,hash_fr_000351,True
352,FREIGHT_AU_NEWCASTLE_PARADIP_PANAMAX,2024-03-11 00:00:00,2024-03-11 18:00:00,18.39,USD_PER_MT,1,v1.0,VALID,PROXY,hash_fr_000352,True
353,FREIGHT_ID_SAMARINDA_PARADIP_SUPRA,2024-03-11 00:00:00,2024-03-11 18:00:00,11.53,USD_PER_MT,1,v1.0,VALID,PROXY,hash_fr_000353,True
354,FREIGHT_ZA_RICHARDSBAY_PARADIP_PANAMAX,2024-03-11 00:00:00,2024-03-11 18:00:00,16.76,USD_PER_MT,1,v1.0,VALID,PROXY,hash_fr_000354,True
355,FREIGHT_BR_TUBARAO_QINGDAO_CAPE,2024-03-11 00:00:00,2024-03-11 18:00:00,26.92,USD_PER_MT,1,v1.0,VALID,PROXY,hash_fr_000355,True
356,FREIGHT_AU_HEDLAND_PARADIP_CAPE,2024-03-12 00:00:00,2024-03-12 18:00:00,14.39,USD_PER_MT,1,v1.0,VALID,PROXY,hash_fr_000356,True
357,FREIGHT_AU_NEWCASTLE_PARADIP_PANAMAX,2024-03-12 00:00:00,2024-03-12 18:00:00,19.03,USD_PER_MT,1,v1.0,VALID,PROXY,hash_fr_000357,True
358,FREIGHT_ID_SAMARINDA_PARADIP_SUPRA,2024-03-12 00:00:00,2024-03-12 18:00:00,11.71,USD_PER_MT,1,v1.0,VALID,PROXY,hash_fr_000358,True
359,FREIGHT_ZA_RICHARDSBAY_PARADIP_PANAMAX,2024-03-12 00:00:00,2024-03-12 18:00:00,16.75,USD_PER_MT,1,v1.0,VALID,PROXY,hash_fr_000359,True
360,FREIGHT_BR_TUBARAO_QINGDAO_CAPE,2024-03-12 00:00:00,2024-03-12 18:00:00,27.29,USD_PER_MT,1,v1.0,VALID,PROXY,hash_fr_000360,True
361,FREIGHT_AU_HEDLAND_PARADIP_CAPE,2024-03-13 00:00:00,2024-03-13 18:00:00,14.87,USD_PER_MT,1,v1.0,VALID,PROXY,hash_fr_000361,True
362,FREIGHT_AU_NEWCASTLE_PARADIP_PANAMAX,2024-03-13 00:00:00,2024-03-13 18:00:00,18.66,USD_PER_MT,1,v1.0,VALID,PROXY,hash_fr_000362,True
363,FREIGHT_ID_SAMARINDA_PARADIP_SUPRA,2024-03-13 00:00:00,2024-03-13 18:00:00,11.93,USD_PER_MT,1,v1.0,VALID,PROXY,hash_fr_000363,True
364,FREIGHT_ZA_RICHARDSBAY_PARADIP_PANAMAX,2024-03-13 00:00:00,2024-03-13 18:00:00,17.12,USD_PER_MT,1,v1.0,VALID,PROXY,hash_fr_000364,True
365,FREIGHT_BR_TUBARAO_QINGDAO_CAPE,2024-03-13 00:00:00,2024-03-13 18:00:00,26.67,USD_PER_MT,1,v1.0,VALID,PROXY,hash_fr_000365,True
366,FREIGHT_AU_HEDLAND_PARADIP_CAPE,2024-03-14 00:00:00,2024-03-14 18:00:00,14.93,USD_PER_MT,1,v1.0,VALID,PROXY,hash_fr_000366,True
367,FREIGHT_AU_NEWCASTLE_PARADIP_PANAMAX,2024-03-14 00:00:00,2024-03-14 18:00:00,18.21,USD_PER_MT,1,v1.0,VALID,PROXY,hash_fr_000367,True
368,FREIGHT_ID_SAMARINDA_PARADIP_SUPRA,2024-03-14 00:00:00,2024-03-14 18:00:00,12.43,USD_PER_MT,1,v1.0,VALID,PROXY,hash_fr_000368,True
369,FREIGHT_ZA_RICHARDSBAY_PARADIP_PANAMAX,2024-03-14 00:00:00,2024-03-14 18:00:00,17.36,USD_PER_MT,1,v1.0,VALID,PROXY,hash_fr_000369,True
370,FREIGHT_BR_TUBARAO_QINGDAO_CAPE,2024-03-14 00:00:00,2024-03-14 18:00:00,27.37,USD_PER_MT,1,v1.0,VALID,PROXY,hash_fr_000370,True
371,FREIGHT_AU_HEDLAND_PARADIP_CAPE,2024-03-15 00:00:00,2024-03-15 18:00:00,14.94,USD_PER_MT,1,v1.0,VALID,PROXY,hash_fr_000371,True
372,FREIGHT_AU_NEWCASTLE_PARADIP_PANAMAX,2024-03-15 00:00:00,2024-03-15 18:00:00,18.38,USD_PER_MT,1,v1.0,VALID,PROXY,hash_fr_000372,True
373,FREIGHT_ID_SAMARINDA_PARADIP_SUPRA,2024-03-15 00:00:00,2024-03-15 18:00:00,12.45,USD_PER_MT,1,v1.0,VALID,PROXY,hash_fr_000373,True
374,FREIGHT_ZA_RICHARDSBAY_PARADIP_PANAMAX,2024-03-15 00:00:00,2024-03-15 18:00:00,17.15,USD_PER_MT,1,v1.0,VALID,PROXY,hash_fr_000374,True
375,FREIGHT_BR_TUBARAO_QINGDAO_CAPE,2024-03-15 00:00:00,2024-03-15 18:00:00,26.69,USD_PER_MT,1,v1.0,VALID,PROXY,hash_fr_000375,True
376,FREIGHT_AU_HEDLAND_PARADIP_CAPE,2024-03-16 00:00:00,2024-03-16 18:00:00,15.01,USD_PER_MT,1,v1.0,VALID,PROXY,hash_fr_000376,True
377,FREIGHT_AU_NEWCASTLE_PARADIP_PANAMAX,2024-03-16 00:00:00,2024-03-16 18:00:00,19.15,USD_PER_MT,1,v1.0,VALID,PROXY,hash_fr_000377,True
378,FREIGHT_ID_SAMARINDA_PARADIP_SUPRA,2024-03-16 00:00:00,2024-03-16 18:00:00,11.8,USD_PER_MT,1,v1.0,VALID,PROXY,hash_fr_000378,True
379,FREIGHT_ZA_RICHARDSBAY_PARADIP_PANAMAX,2024-03-16 00:00:00,2024-03-16 18:00:00,17.15,USD_PER_MT,1,v1.0,VALID,PROXY,hash_fr_000379,True
380,FREIGHT_BR_TUBARAO_QINGDAO_CAPE,2024-03-16 00:00:00,2024-03-16 18:00:00,26.55,USD_PER_MT,1,v1.0,VALID,PROXY,hash_fr_000380,True
381,FREIGHT_AU_HEDLAND_PARADIP_CAPE,2024-03-17 00:00:00,2024-03-17 18:00:00,14.39,USD_PER_MT,1,v1.0,VALID,PROXY,hash_fr_000381,True
382,FREIGHT_AU_NEWCASTLE_PARADIP_PANAMAX,2024-03-17 00:00:00,2024-03-17 18:00:00,19.22,USD_PER_MT,1,v1.0,VALID,PROXY,hash_fr_000382,True
383,FREIGHT_ID_SAMARINDA_PARADIP_SUPRA,2024-03-17 00:00:00,2024-03-17 18:00:00,12.33,USD_PER_MT,1,v1.0,VALID,PROXY,hash_fr_000383,True
384,FREIGHT_ZA_RICHARDSBAY_PARADIP_PANAMAX,2024-03-17 00:00:00,2024-03-17 18:00:00,16.92,USD_PER_MT,1,v1.0,VALID,PROXY,hash_fr_000384,True
385,FREIGHT_BR_TUBARAO_QINGDAO_CAPE,2024-03-17 00:00:00,2024-03-17 18:00:00,26.83,USD_PER_MT,1,v1.0,VALID,PROXY,hash_fr_000385,True
386,FREIGHT_AU_HEDLAND_PARADIP_CAPE,2024-03-18 00:00:00,2024-03-18 18:00:00,15.04,USD_PER_MT,1,v1.0,VALID,PROXY,hash_fr_000386,True
387,FREIGHT_AU_NEWCASTLE_PARADIP_PANAMAX,2024-03-18 00:00:00,2024-03-18 18:00:00,18.59,USD_PER_MT,1,v1.0,VALID,PROXY,hash_fr_000387,True
388,FREIGHT_ID_SAMARINDA_PARADIP_SUPRA,2024-03-18 00:00:00,2024-03-18 18:00:00,11.9,USD_PER_MT,1,v1.0,VALID,PROXY,hash_fr_000388,True
389,FREIGHT_ZA_RICHARDSBAY_PARADIP_PANAMAX,2024-03-18 00:00:00,2024-03-18 18:00:00,17.03,USD_PER_MT,1,v1.0,VALID,PROXY,hash_fr_000389,True
390,FREIGHT_BR_TUBARAO_QINGDAO_CAPE,2024-03-18 00:00:00,2024-03-18 18:00:00,27.36,USD_PER_MT,1,v1.0,VALID,PROXY,hash_fr_000390,True
391,FREIGHT_AU_HEDLAND_PARADIP_CAPE,2024-03-19 00:00:00,2024-03-19 18:00:00,14.62,USD_PER_MT,1,v1.0,VALID,PROXY,hash_fr_000391,True
392,FREIGHT_AU_NEWCASTLE_PARADIP_PANAMAX,2024-03-19 00:00:00,2024-03-19 18:00:00,19.33,USD_PER_MT,1,v1.0,VALID,PROXY,hash_fr_000392,True
393,FREIGHT_ID_SAMARINDA_PARADIP_SUPRA,2024-03-19 00:00:00,2024-03-19 18:00:00,12.29,USD_PER_MT,1,v1.0,VALID,PROXY,hash_fr_000393,True
394,FREIGHT_ZA_RICHARDSBAY_PARADIP_PANAMAX,2024-03-19 00:00:00,2024-03-19 18:00:00,17.5,USD_PER_MT,1,v1.0,VALID,PROXY,hash_fr_000394,True
395,FREIGHT_BR_TUBARAO_QINGDAO_CAPE,2024-03-19 00:00:00,2024-03-19 18:00:00,26.92,USD_PER_MT,1,v1.0,VALID,PROXY,hash_fr_000395,True
396,FREIGHT_AU_HEDLAND_PARADIP_CAPE,2024-03-20 00:00:00,2024-03-20 18:00:00,14.96,USD_PER_MT,1,v1.0,VALID,PROXY,hash_fr_000396,True
397,FREIGHT_AU_NEWCASTLE_PARADIP_PANAMAX,2024-03-20 00:00:00,2024-03-20 18:00:00,19.11,USD_PER_MT,1,v1.0,VALID,PROXY,hash_fr_000397,True
398,FREIGHT_ID_SAMARINDA_PARADIP_SUPRA,2024-03-20 00:00:00,2024-03-20 18:00:00,12.25,USD_PER_MT,1,v1.0,VALID,PROXY,hash_fr_000398,True
399,FREIGHT_ZA_RICHARDSBAY_PARADIP_PANAMAX,2024-03-20 00:00:00,2024-03-20 18:00:00,17.13,USD_PER_MT,1,v1.0,VALID,PROXY,hash_fr_000399,True
400,FREIGHT_BR_TUBARAO_QINGDAO_CAPE,2024-03-20 00:00:00,2024-03-20 18:00:00,26.96,USD_PER_MT,1,v1.0,VALID,PROXY,hash_fr_000400,True
401,FREIGHT_AU_HEDLAND_PARADIP_CAPE,2024-03-21 00:00:00,2024-03-21 18:00:00,14.82,USD_PER_MT,1,v1.0,VALID,PROXY,hash_fr_000401,True
402,FREIGHT_AU_NEWCASTLE_PARADIP_PANAMAX,2024-03-21 00:00:00,2024-03-21 18:00:00,19.41,USD_PER_MT,1,v1.0,VALID,PROXY,hash_fr_000402,True
403,FREIGHT_ID_SAMARINDA_PARADIP_SUPRA,2024-03-21 00:00:00,2024-03-21 18:00:00,12.13,USD_PER_MT,1,v1.0,VALID,PROXY,hash_fr_000403,True
404,FREIGHT_ZA_RICHARDSBAY_PARADIP_PANAMAX,2024-03-21 00:00:00,2024-03-21 18:00:00,17.68,USD_PER_MT,1,v1.0,VALID,PROXY,hash_fr_000404,True
405,FREIGHT_BR_TUBARAO_QINGDAO_CAPE,2024-03-21 00:00:00,2024-03-21 18:00:00,27.35,USD_PER_MT,1,v1.0,VALID,PROXY,hash_fr_000405,True
406,FREIGHT_AU_HEDLAND_PARADIP_CAPE,2024-03-22 00:00:00,2024-03-22 18:00:00,15.37,USD_PER_MT,1,v1.0,VALID,PROXY,hash_fr_000406,True
407,FREIGHT_AU_NEWCASTLE_PARADIP_PANAMAX,2024-03-22 00:00:00,2024-03-22 18:00:00,18.81,USD_PER_MT,1,v1.0,VALID,PROXY,hash_fr_000407,True
408,FREIGHT_ID_SAMARINDA_PARADIP_SUPRA,2024-03-22 00:00:00,2024-03-22 18:00:00,12.13,USD_PER_MT,1,v1.0,VALID,PROXY,hash_fr_000408,True
409,FREIGHT_ZA_RICHARDSBAY_PARADIP_PANAMAX,2024-03-22 00:00:00,2024-03-22 18:00:00,16.91,USD_PER_MT,1,v1.0,VALID,PROXY,hash_fr_000409,True
410,FREIGHT_BR_TUBARAO_QINGDAO_CAPE,2024-03-22 00:00:00,2024-03-22 18:00:00,26.38,USD_PER_MT,1,v1.0,VALID,PROXY,hash_fr_000410,True
411,FREIGHT_AU_HEDLAND_PARADIP_CAPE,2024-03-23 00:00:00,2024-03-23 18:00:00,14.93,USD_PER_MT,1,v1.0,VALID,PROXY,hash_fr_000411,True
412,FREIGHT_AU_NEWCASTLE_PARADIP_PANAMAX,2024-03-23 00:00:00,2024-03-23 18:00:00,19.19,USD_PER_MT,1,v1.0,VALID,PROXY,hash_fr_000412,True
413,FREIGHT_ID_SAMARINDA_PARADIP_SUPRA,2024-03-23 00:00:00,2024-03-23 18:00:00,12.03,USD_PER_MT,1,v1.0,VALID,PROXY,hash_fr_000413,True
414,FREIGHT_ZA_RICHARDSBAY_PARADIP_PANAMAX,2024-03-23 00:00:00,2024-03-23 18:00:00,17.02,USD_PER_MT,1,v1.0,VALID,PROXY,hash_fr_000414,True
415,FREIGHT_BR_TUBARAO_QINGDAO_CAPE,2024-03-23 00:00:00,2024-03-23 18:00:00,27.59,USD_PER_MT,1,v1.0,VALID,PROXY,hash_fr_000415,True
416,FREIGHT_AU_HEDLAND_PARADIP_CAPE,2024-03-24 00:00:00,2024-03-24 18:00:00,15.13,USD_PER_MT,1,v1.0,VALID,PROXY,hash_fr_000416,True
417,FREIGHT_AU_NEWCASTLE_PARADIP_PANAMAX,2024-03-24 00:00:00,2024-03-24 18:00:00,18.75,USD_PER_MT,1,v1.0,VALID,PROXY,hash_fr_000417,True
418,FREIGHT_ID_SAMARINDA_PARADIP_SUPRA,2024-03-24 00:00:00,2024-03-24 18:00:00,12.24,USD_PER_MT,1,v1.0,VALID,PROXY,hash_fr_000418,True
419,FREIGHT_ZA_RICHARDSBAY_PARADIP_PANAMAX,2024-03-24 00:00:00,2024-03-24 18:00:00,16.99,USD_PER_MT,1,v1.0,VALID,PROXY,hash_fr_000419,True
420,FREIGHT_BR_TUBARAO_QINGDAO_CAPE,2024-03-24 00:00:00,2024-03-24 18:00:00,26.44,USD_PER_MT,1,v1.0,VALID,PROXY,hash_fr_000420,True
421,FREIGHT_AU_HEDLAND_PARADIP_CAPE,2024-03-25 00:00:00,2024-03-25 18:00:00,15.75,USD_PER_MT,1,v1.0,VALID,PROXY,hash_fr_000421,True
422,FREIGHT_AU_NEWCASTLE_PARADIP_PANAMAX,2024-03-25 00:00:00,2024-03-25 18:00:00,18.86,USD_PER_MT,1,v1.0,VALID,PROXY,hash_fr_000422,True
423,FREIGHT_ID_SAMARINDA_PARADIP_SUPRA,2024-03-25 00:00:00,2024-03-25 18:00:00,11.5,USD_PER_MT,1,v1.0,VALID,PROXY,hash_fr_000423,True
424,FREIGHT_ZA_RICHARDSBAY_PARADIP_PANAMAX,2024-03-25 00:00:00,2024-03-25 18:00:00,16.9,USD_PER_MT,1,v1.0,VALID,PROXY,hash_fr_000424,True
425,FREIGHT_BR_TUBARAO_QINGDAO_CAPE,2024-03-25 00:00:00,2024-03-25 18:00:00,26.74,USD_PER_MT,1,v1.0,VALID,PROXY,hash_fr_000425,True
426,FREIGHT_AU_HEDLAND_PARADIP_CAPE,2024-03-26 00:00:00,2024-03-26 18:00:00,15.38,USD_PER_MT,1,v1.0,VALID,PROXY,hash_fr_000426,True
427,FREIGHT_AU_NEWCASTLE_PARADIP_PANAMAX,2024-03-26 00:00:00,2024-03-26 18:00:00,18.45,USD_PER_MT,1,v1.0,VALID,PROXY,hash_fr_000427,True
428,FREIGHT_ID_SAMARINDA_PARADIP_SUPRA,2024-03-26 00:00:00,2024-03-26 18:00:00,11.82,USD_PER_MT,1,v1.0,VALID,PROXY,hash_fr_000428,True
429,FREIGHT_ZA_RICHARDSBAY_PARADIP_PANAMAX,2024-03-26 00:00:00,2024-03-26 18:00:00,16.75,USD_PER_MT,1,v1.0,VALID,PROXY,hash_fr_000429,True
430,FREIGHT_BR_TUBARAO_QINGDAO_CAPE,2024-03-26 00:00:00,2024-03-26 18:00:00,25.91,USD_PER_MT,1,v1.0,VALID,PROXY,hash_fr_000430,True
431,FREIGHT_AU_HEDLAND_PARADIP_CAPE,2024-03-27 00:00:00,2024-03-27 18:00:00,15.02,USD_PER_MT,1,v1.0,VALID,PROXY,hash_fr_000431,True
432,FREIGHT_AU_NEWCASTLE_PARADIP_PANAMAX,2024-03-27 00:00:00,2024-03-27 18:00:00,18.86,USD_PER_MT,1,v1.0,VALID,PROXY,hash_fr_000432,True
433,FREIGHT_ID_SAMARINDA_PARADIP_SUPRA,2024-03-27 00:00:00,2024-03-27 18:00:00,11.76,USD_PER_MT,1,v1.0,VALID,PROXY,hash_fr_000433,True
434,FREIGHT_ZA_RICHARDSBAY_PARADIP_PANAMAX,2024-03-27 00:00:00,2024-03-27 18:00:00,16.57,USD_PER_MT,1,v1.0,VALID,PROXY,hash_fr_000434,True
435,FREIGHT_BR_TUBARAO_QINGDAO_CAPE,2024-03-27 00:00:00,2024-03-27 18:00:00,26.95,USD_PER_MT,1,v1.0,VALID,PROXY,hash_fr_000435,True
436,FREIGHT_AU_HEDLAND_PARADIP_CAPE,2024-03-28 00:00:00,2024-03-28 18:00:00,14.18,USD_PER_MT,1,v1.0,VALID,PROXY,hash_fr_000436,True
437,FREIGHT_AU_NEWCASTLE_PARADIP_PANAMAX,2024-03-28 00:00:00,2024-03-28 18:00:00,19.21,USD_PER_MT,1,v1.0,VALID,PROXY,hash_fr_000437,True
438,FREIGHT_ID_SAMARINDA_PARADIP_SUPRA,2024-03-28 00:00:00,2024-03-28 18:00:00,11.86,USD_PER_MT,1,v1.0,VALID,PROXY,hash_fr_000438,True
439,FREIGHT_ZA_RICHARDSBAY_PARADIP_PANAMAX,2024-03-28 00:00:00,2024-03-28 18:00:00,16.84,USD_PER_MT,1,v1.0,VALID,PROXY,hash_fr_000439,True
440,FREIGHT_BR_TUBARAO_QINGDAO_CAPE,2024-03-28 00:00:00,2024-03-28 18:00:00,25.81,USD_PER_MT,1,v1.0,VALID,PROXY,hash_fr_000440,True
441,FREIGHT_AU_HEDLAND_PARADIP_CAPE,2024-03-29 00:00:00,2024-03-29 18:00:00,14.27,USD_PER_MT,1,v1.0,VALID,PROXY,hash_fr_000441,True
442,FREIGHT_AU_NEWCASTLE_PARADIP_PANAMAX,2024-03-29 00:00:00,2024-03-29 18:00:00,18.6,USD_PER_MT,1,v1.0,VALID,PROXY,hash_fr_000442,True
443,FREIGHT_ID_SAMARINDA_PARADIP_SUPRA,2024-03-29 00:00:00,2024-03-29 18:00:00,11.44,USD_PER_MT,1,v1.0,VALID,PROXY,hash_fr_000443,True
444,FREIGHT_ZA_RICHARDSBAY_PARADIP_PANAMAX,2024-03-29 00:00:00,2024-03-29 18:00:00,16.71,USD_PER_MT,1,v1.0,VALID,PROXY,hash_fr_000444,True
445,FREIGHT_BR_TUBARAO_QINGDAO_CAPE,2024-03-29 00:00:00,2024-03-29 18:00:00,26.13,USD_PER_MT,1,v1.0,VALID,PROXY,hash_fr_000445,True
446,FREIGHT_AU_HEDLAND_PARADIP_CAPE,2024-03-30 00:00:00,2024-03-30 18:00:00,14.32,USD_PER_MT,1,v1.0,VALID,PROXY,hash_fr_000446,True
447,FREIGHT_AU_NEWCASTLE_PARADIP_PANAMAX,2024-03-30 00:00:00,2024-03-30 18:00:00,18.84,USD_PER_MT,1,v1.0,VALID,PROXY,hash_fr_000447,True
448,FREIGHT_ID_SAMARINDA_PARADIP_SUPRA,2024-03-30 00:00:00,2024-03-30 18:00:00,11.59,USD_PER_MT,1,v1.0,VALID,PROXY,hash_fr_000448,True
449,FREIGHT_ZA_RICHARDSBAY_PARADIP_PANAMAX,2024-03-30 00:00:00,2024-03-30 18:00:00,16.72,USD_PER_MT,1,v1.0,VALID,PROXY,hash_fr_000449,True
450,FREIGHT_BR_TUBARAO_QINGDAO_CAPE,2024-03-30 00:00:00,2024-03-30 18:00:00,26.63,USD_PER_MT,1,v1.0,VALID,PROXY,hash_fr_000450,True
451,FREIGHT_AU_HEDLAND_PARADIP_CAPE,2024-03-31 00:00:00,2024-03-31 18:00:00,15.38,USD_PER_MT,1,v1.0,VALID,PROXY,hash_fr_000451,True
452,FREIGHT_AU_NEWCASTLE_PARADIP_PANAMAX,2024-03-31 00:00:00,2024-03-31 18:00:00,18.56,USD_PER_MT,1,v1.0,VALID,PROXY,hash_fr_000452,True
453,FREIGHT_ID_SAMARINDA_PARADIP_SUPRA,2024-03-31 00:00:00,2024-03-31 18:00:00,11.29,USD_PER_MT,1,v1.0,VALID,PROXY,hash_fr_000453,True
454,FREIGHT_ZA_RICHARDSBAY_PARADIP_PANAMAX,2024-03-31 00:00:00,2024-03-31 18:00:00,16.26,USD_PER_MT,1,v1.0,VALID,PROXY,hash_fr_000454,True
455,FREIGHT_BR_TUBARAO_QINGDAO_CAPE,2024-03-31 00:00:00,2024-03-31 18:00:00,27.03,USD_PER_MT,1,v1.0,VALID,PROXY,hash_fr_000455,True
456,FREIGHT_AU_HEDLAND_PARADIP_CAPE,2024-04-01 00:00:00,2024-04-01 18:00:00,14.67,USD_PER_MT,1,v1.0,VALID,PROXY,hash_fr_000456,True
457,FREIGHT_AU_NEWCASTLE_PARADIP_PANAMAX,2024-04-01 00:00:00,2024-04-01 18:00:00,18.88,USD_PER_MT,1,v1.0,VALID,PROXY,hash_fr_000457,True
458,FREIGHT_ID_SAMARINDA_PARADIP_SUPRA,2024-04-01 00:00:00,2024-04-01 18:00:00,11.64,USD_PER_MT,1,v1.0,VALID,PROXY,hash_fr_000458,True
459,FREIGHT_ZA_RICHARDSBAY_PARADIP_PANAMAX,2024-04-01 00:00:00,2024-04-01 18:00:00,16.29,USD_PER_MT,1,v1.0,VALID,PROXY,hash_fr_000459,True
460,FREIGHT_BR_TUBARAO_QINGDAO_CAPE,2024-04-01 00:00:00,2024-04-01 18:00:00,25.04,USD_PER_MT,1,v1.0,VALID,PROXY,hash_fr_000460,True
461,FREIGHT_AU_HEDLAND_PARADIP_CAPE,2024-04-02 00:00:00,2024-04-02 18:00:00,14.87,USD_PER_MT,1,v1.0,VALID,PROXY,hash_fr_000461,True
462,FREIGHT_AU_NEWCASTLE_PARADIP_PANAMAX,2024-04-02 00:00:00,2024-04-02 18:00:00,17.79,USD_PER_MT,1,v1.0,VALID,PROXY,hash_fr_000462,True
463,FREIGHT_ID_SAMARINDA_PARADIP_SUPRA,2024-04-02 00:00:00,2024-04-02 18:00:00,11.43,USD_PER_MT,1,v1.0,VALID,PROXY,hash_fr_000463,True
464,FREIGHT_ZA_RICHARDSBAY_PARADIP_PANAMAX,2024-04-02 00:00:00,2024-04-02 18:00:00,16.41,USD_PER_MT,1,v1.0,VALID,PROXY,hash_fr_000464,True
465,FREIGHT_BR_TUBARAO_QINGDAO_CAPE,2024-04-02 00:00:00,2024-04-02 18:00:00,26.89,USD_PER_MT,1,v1.0,VALID,PROXY,hash_fr_000465,True
466,FREIGHT_AU_HEDLAND_PARADIP_CAPE,2024-04-03 00:00:00,2024-04-03 18:00:00,14.44,USD_PER_MT,1,v1.0,VALID,PROXY,hash_fr_000466,True
467,FREIGHT_AU_NEWCASTLE_PARADIP_PANAMAX,2024-04-03 00:00:00,2024-04-03 18:00:00,18.77,USD_PER_MT,1,v1.0,VALID,PROXY,hash_fr_000467,True
468,FREIGHT_ID_SAMARINDA_PARADIP_SUPRA,2024-04-03 00:00:00,2024-04-03 18:00:00,12.0,USD_PER_MT,1,v1.0,VALID,PROXY,hash_fr_000468,True
469,FREIGHT_ZA_RICHARDSBAY_PARADIP_PANAMAX,2024-04-03 00:00:00,2024-04-03 18:00:00,16.48,USD_PER_MT,1,v1.0,VALID,PROXY,hash_fr_000469,True
470,FREIGHT_BR_TUBARAO_QINGDAO_CAPE,2024-04-03 00:00:00,2024-04-03 18:00:00,25.98,USD_PER_MT,1,v1.0,VALID,PROXY,hash_fr_000470,True
471,FREIGHT_AU_HEDLAND_PARADIP_CAPE,2024-04-04 00:00:00,2024-04-04 18:00:00,14.4,USD_PER_MT,1,v1.0,VALID,PROXY,hash_fr_000471,True
472,FREIGHT_AU_NEWCASTLE_PARADIP_PANAMAX,2024-04-04 00:00:00,2024-04-04 18:00:00,17.91,USD_PER_MT,1,v1.0,VALID,PROXY,hash_fr_000472,True
473,FREIGHT_ID_SAMARINDA_PARADIP_SUPRA,2024-04-04 00:00:00,2024-04-04 18:00:00,11.58,USD_PER_MT,1,v1.0,VALID,PROXY,hash_fr_000473,True
474,FREIGHT_ZA_RICHARDSBAY_PARADIP_PANAMAX,2024-04-04 00:00:00,2024-04-04 18:00:00,16.46,USD_PER_MT,1,v1.0,VALID,PROXY,hash_fr_000474,True
475,FREIGHT_BR_TUBARAO_QINGDAO_CAPE,2024-04-04 00:00:00,2024-04-04 18:00:00,25.16,USD_PER_MT,1,v1.0,VALID,PROXY,hash_fr_000475,True
476,FREIGHT_AU_HEDLAND_PARADIP_CAPE,2024-04-05 00:00:00,2024-04-05 18:00:00,14.21,USD_PER_MT,1,v1.0,VALID,PROXY,hash_fr_000476,True
477,FREIGHT_AU_NEWCASTLE_PARADIP_PANAMAX,2024-04-05 00:00:00,2024-04-05 18:00:00,18.7,USD_PER_MT,1,v1.0,VALID,PROXY,hash_fr_000477,True
478,FREIGHT_ID_SAMARINDA_PARADIP_SUPRA,2024-04-05 00:00:00,2024-04-05 18:00:00,11.62,USD_PER_MT,1,v1.0,VALID,PROXY,hash_fr_000478,True
479,FREIGHT_ZA_RICHARDSBAY_PARADIP_PANAMAX,2024-04-05 00:00:00,2024-04-05 18:00:00,16.48,USD_PER_MT,1,v1.0,VALID,PROXY,hash_fr_000479,True
480,FREIGHT_BR_TUBARAO_QINGDAO_CAPE,2024-04-05 00:00:00,2024-04-05 18:00:00,25.8,USD_PER_MT,1,v1.0,VALID,PROXY,hash_fr_000480,True
481,FREIGHT_AU_HEDLAND_PARADIP_CAPE,2024-04-06 00:00:00,2024-04-06 18:00:00,14.58,USD_PER_MT,1,v1.0,VALID,PROXY,hash_fr_000481,True
482,FREIGHT_AU_NEWCASTLE_PARADIP_PANAMAX,2024-04-06 00:00:00,2024-04-06 18:00:00,17.78,USD_PER_MT,1,v1.0,VALID,PROXY,hash_fr_000482,True
483,FREIGHT_ID_SAMARINDA_PARADIP_SUPRA,2024-04-06 00:00:00,2024-04-06 18:00:00,11.03,USD_PER_MT,1,v1.0,VALID,PROXY,hash_fr_000483,True
484,FREIGHT_ZA_RICHARDSBAY_PARADIP_PANAMAX,2024-04-06 00:00:00,2024-04-06 18:00:00,16.0,USD_PER_MT,1,v1.0,VALID,PROXY,hash_fr_000484,True
485,FREIGHT_BR_TUBARAO_QINGDAO_CAPE,2024-04-06 00:00:00,2024-04-06 18:00:00,25.97,USD_PER_MT,1,v1.0,VALID,PROXY,hash_fr_000485,True
486,FREIGHT_AU_HEDLAND_PARADIP_CAPE,2024-04-07 00:00:00,2024-04-07 18:00:00,13.8,USD_PER_MT,1,v1.0,VALID,PROXY,hash_fr_000486,True
487,FREIGHT_AU_NEWCASTLE_PARADIP_PANAMAX,2024-04-07 00:00:00,2024-04-07 18:00:00,17.72,USD_PER_MT,1,v1.0,VALID,PROXY,hash_fr_000487,True
488,FREIGHT_ID_SAMARINDA_PARADIP_SUPRA,2024-04-07 00:00:00,2024-04-07 18:00:00,11.22,USD_PER_MT,1,v1.0,VALID,PROXY,hash_fr_000488,True
489,FREIGHT_ZA_RICHARDSBAY_PARADIP_PANAMAX,2024-04-07 00:00:00,2024-04-07 18:00:00,16.27,USD_PER_MT,1,v1.0,VALID,PROXY,hash_fr_000489,True
490,FREIGHT_BR_TUBARAO_QINGDAO_CAPE,2024-04-07 00:00:00,2024-04-07 18:00:00,26.56,USD_PER_MT,1,v1.0,VALID,PROXY,hash_fr_000490,True
491,FREIGHT_AU_HEDLAND_PARADIP_CAPE,2024-04-08 00:00:00,2024-04-08 18:00:00,13.89,USD_PER_MT,1,v1.0,VALID,PROXY,hash_fr_000491,True
492,FREIGHT_AU_NEWCASTLE_PARADIP_PANAMAX,2024-04-08 00:00:00,2024-04-08 18:00:00,17.58,USD_PER_MT,1,v1.0,VALID,PROXY,hash_fr_000492,True
493,FREIGHT_ID_SAMARINDA_PARADIP_SUPRA,2024-04-08 00:00:00,2024-04-08 18:00:00,11.33,USD_PER_MT,1,v1.0,VALID,PROXY,hash_fr_000493,True
494,FREIGHT_ZA_RICHARDSBAY_PARADIP_PANAMAX,2024-04-08 00:00:00,2024-04-08 18:00:00,16.08,USD_PER_MT,1,v1.0,VALID,PROXY,hash_fr_000494,True
495,FREIGHT_BR_TUBARAO_QINGDAO_CAPE,2024-04-08 00:00:00,2024-04-08 18:00:00,25.1,USD_PER_MT,1,v1.0,VALID,PROXY,hash_fr_000495,True
496,FREIGHT_AU_HEDLAND_PARADIP_CAPE,2024-04-09 00:00:00,2024-04-09 18:00:00,14.23,USD_PER_MT,1,v1.0,VALID,PROXY,hash_fr_000496,True
497,FREIGHT_AU_NEWCASTLE_PARADIP_PANAMAX,2024-04-09 00:00:00,2024-04-09 18:00:00,17.07,USD_PER_MT,1,v1.0,VALID,PROXY,hash_fr_000497,True
498,FREIGHT_ID_SAMARINDA_PARADIP_SUPRA,2024-04-09 00:00:00,2024-04-09 18:00:00,11.83,USD_PER_MT,1,v1.0,VALID,PROXY,hash_fr_000498,True
499,FREIGHT_ZA_RICHARDSBAY_PARADIP_PANAMAX,2024-04-09 00:00:00,2024-04-09 18:00:00,15.76,USD_PER_MT,1,v1.0,VALID,PROXY,hash_fr_000499,True
500,FREIGHT_BR_TUBARAO_QINGDAO_CAPE,2024-04-09 00:00:00,2024-04-09 18:00:00,25.08,USD_PER_MT,1,v1.0,VALID,PROXY,hash_fr_000500,True
501,FREIGHT_AU_HEDLAND_PARADIP_CAPE,2024-04-10 00:00:00,2024-04-10 18:00:00,14.41,USD_PER_MT,1,v1.0,VALID,PROXY,hash_fr_000501,True
502,FREIGHT_AU_NEWCASTLE_PARADIP_PANAMAX,2024-04-10 00:00:00,2024-04-10 18:00:00,17.94,USD_PER_MT,1,v1.0,VALID,PROXY,hash_fr_000502,True
503,FREIGHT_ID_SAMARINDA_PARADIP_SUPRA,2024-04-10 00:00:00,2024-04-10 18:00:00,11.11,USD_PER_MT,1,v1.0,VALID,PROXY,hash_fr_000503,True
504,FREIGHT_ZA_RICHARDSBAY_PARADIP_PANAMAX,2024-04-10 00:00:00,2024-04-10 18:00:00,16.07,USD_PER_MT,1,v1.0,VALID,PROXY,hash_fr_000504,True
505,FREIGHT_BR_TUBARAO_QINGDAO_CAPE,2024-04-10 00:00:00,2024-04-10 18:00:00,26.09,USD_PER_MT,1,v1.0,VALID,PROXY,hash_fr_000505,True
506,FREIGHT_AU_HEDLAND_PARADIP_CAPE,2024-04-11 00:00:00,2024-04-11 18:00:00,14.05,USD_PER_MT,1,v1.0,VALID,PROXY,hash_fr_000506,True
507,FREIGHT_AU_NEWCASTLE_PARADIP_PANAMAX,2024-04-11 00:00:00,2024-04-11 18:00:00,18.23,USD_PER_MT,1,v1.0,VALID,PROXY,hash_fr_000507,True
508,FREIGHT_ID_SAMARINDA_PARADIP_SUPRA,2024-04-11 00:00:00,2024-04-11 18:00:00,10.96,USD_PER_MT,1,v1.0,VALID,PROXY,hash_fr_000508,True
509,FREIGHT_ZA_RICHARDSBAY_PARADIP_PANAMAX,2024-04-11 00:00:00,2024-04-11 18:00:00,16.37,USD_PER_MT,1,v1.0,VALID,PROXY,hash_fr_000509,True
510,FREIGHT_BR_TUBARAO_QINGDAO_CAPE,2024-04-11 00:00:00,2024-04-11 18:00:00,25.51,USD_PER_MT,1,v1.0,VALID,PROXY,hash_fr_000510,True
511,FREIGHT_AU_HEDLAND_PARADIP_CAPE,2024-04-12 00:00:00,2024-04-12 18:00:00,14.64,USD_PER_MT,1,v1.0,VALID,PROXY,hash_fr_000511,True
512,FREIGHT_AU_NEWCASTLE_PARADIP_PANAMAX,2024-04-12 00:00:00,2024-04-12 18:00:00,18.21,USD_PER_MT,1,v1.0,VALID,PROXY,hash_fr_000512,True
513,FREIGHT_ID_SAMARINDA_PARADIP_SUPRA,2024-04-12 00:00:00,2024-04-12 18:00:00,11.34,USD_PER_MT,1,v1.0,VALID,PROXY,hash_fr_000513,True
514,FREIGHT_ZA_RICHARDSBAY_PARADIP_PANAMAX,2024-04-12 00:00:00,2024-04-12 18:00:00,15.74,USD_PER_MT,1,v1.0,VALID,PROXY,hash_fr_000514,True
515,FREIGHT_BR_TUBARAO_QINGDAO_CAPE,2024-04-12 00:00:00,2024-04-12 18:00:00,25.54,USD_PER_MT,1,v1.0,VALID,PROXY,hash_fr_000515,True
516,FREIGHT_AU_HEDLAND_PARADIP_CAPE,2024-04-13 00:00:00,2024-04-13 18:00:00,14.13,USD_PER_MT,1,v1.0,VALID,PROXY,hash_fr_000516,True
517,FREIGHT_AU_NEWCASTLE_PARADIP_PANAMAX,2024-04-13 00:00:00,2024-04-13 18:00:00,17.77,USD_PER_MT,1,v1.0,VALID,PROXY,hash_fr_000517,True
518,FREIGHT_ID_SAMARINDA_PARADIP_SUPRA,2024-04-13 00:00:00,2024-04-13 18:00:00,10.89,USD_PER_MT,1,v1.0,VALID,PROXY,hash_fr_000518,True
519,FREIGHT_ZA_RICHARDSBAY_PARADIP_PANAMAX,2024-04-13 00:00:00,2024-04-13 18:00:00,16.11,USD_PER_MT,1,v1.0,VALID,PROXY,hash_fr_000519,True
520,FREIGHT_BR_TUBARAO_QINGDAO_CAPE,2024-04-13 00:00:00,2024-04-13 18:00:00,25.62,USD_PER_MT,1,v1.0,VALID,PROXY,hash_fr_000520,True
521,FREIGHT_AU_HEDLAND_PARADIP_CAPE,2024-04-14 00:00:00,2024-04-14 18:00:00,13.68,USD_PER_MT,1,v1.0,VALID,PROXY,hash_fr_000521,True
522,FREIGHT_AU_NEWCASTLE_PARADIP_PANAMAX,2024-04-14 00:00:00,2024-04-14 18:00:00,17.38,USD_PER_MT,1,v1.0,VALID,PROXY,hash_fr_000522,True
523,FREIGHT_ID_SAMARINDA_PARADIP_SUPRA,2024-04-14 00:00:00,2024-04-14 18:00:00,10.87,USD_PER_MT,1,v1.0,VALID,PROXY,hash_fr_000523,True
524,FREIGHT_ZA_RICHARDSBAY_PARADIP_PANAMAX,2024-04-14 00:00:00,2024-04-14 18:00:00,16.09,USD_PER_MT,1,v1.0,VALID,PROXY,hash_fr_000524,True
525,FREIGHT_BR_TUBARAO_QINGDAO_CAPE,2024-04-14 00:00:00,2024-04-14 18:00:00,25.85,USD_PER_MT,1,v1.0,VALID,PROXY,hash_fr_000525,True
526,FREIGHT_AU_HEDLAND_PARADIP_CAPE,2024-04-15 00:00:00,2024-04-15 18:00:00,13.47,USD_PER_MT,1,v1.0,VALID,PROXY,hash_fr_000526,True
527,FREIGHT_AU_NEWCASTLE_PARADIP_PANAMAX,2024-04-15 00:00:00,2024-04-15 18:00:00,17.95,USD_PER_MT,1,v1.0,VALID,PROXY,hash_fr_000527,True
528,FREIGHT_ID_SAMARINDA_PARADIP_SUPRA,2024-04-15 00:00:00,2024-04-15 18:00:00,11.16,USD_PER_MT,1,v1.0,VALID,PROXY,hash_fr_000528,True
529,FREIGHT_ZA_RICHARDSBAY_PARADIP_PANAMAX,2024-04-15 00:00:00,2024-04-15 18:00:00,15.78,USD_PER_MT,1,v1.0,VALID,PROXY,hash_fr_000529,True
530,FREIGHT_BR_TUBARAO_QINGDAO_CAPE,2024-04-15 00:00:00,2024-04-15 18:00:00,25.56,USD_PER_MT,1,v1.0,VALID,PROXY,hash_fr_000530,True
531,FREIGHT_AU_HEDLAND_PARADIP_CAPE,2024-04-16 00:00:00,2024-04-16 18:00:00,14.24,USD_PER_MT,1,v1.0,VALID,PROXY,hash_fr_000531,True
532,FREIGHT_AU_NEWCASTLE_PARADIP_PANAMAX,2024-04-16 00:00:00,2024-04-16 18:00:00,18.26,USD_PER_MT,1,v1.0,VALID,PROXY,hash_fr_000532,True
533,FREIGHT_ID_SAMARINDA_PARADIP_SUPRA,2024-04-16 00:00:00,2024-04-16 18:00:00,10.87,USD_PER_MT,1,v1.0,VALID,PROXY,hash_fr_000533,True
534,FREIGHT_ZA_RICHARDSBAY_PARADIP_PANAMAX,2024-04-16 00:00:00,2024-04-16 18:00:00,16.53,USD_PER_MT,1,v1.0,VALID,PROXY,hash_fr_000534,True
535,FREIGHT_BR_TUBARAO_QINGDAO_CAPE,2024-04-16 00:00:00,2024-04-16 18:00:00,25.58,USD_PER_MT,1,v1.0,VALID,PROXY,hash_fr_000535,True
536,FREIGHT_AU_HEDLAND_PARADIP_CAPE,2024-04-17 00:00:00,2024-04-17 18:00:00,13.88,USD_PER_MT,1,v1.0,VALID,PROXY,hash_fr_000536,True
537,FREIGHT_AU_NEWCASTLE_PARADIP_PANAMAX,2024-04-17 00:00:00,2024-04-17 18:00:00,17.57,USD_PER_MT,1,v1.0,VALID,PROXY,hash_fr_000537,True
538,FREIGHT_ID_SAMARINDA_PARADIP_SUPRA,2024-04-17 00:00:00,2024-04-17 18:00:00,10.87,USD_PER_MT,1,v1.0,VALID,PROXY,hash_fr_000538,True
539,FREIGHT_ZA_RICHARDSBAY_PARADIP_PANAMAX,2024-04-17 00:00:00,2024-04-17 18:00:00,16.47,USD_PER_MT,1,v1.0,VALID,PROXY,hash_fr_000539,True
540,FREIGHT_BR_TUBARAO_QINGDAO_CAPE,2024-04-17 00:00:00,2024-04-17 18:00:00,25.29,USD_PER_MT,1,v1.0,VALID,PROXY,hash_fr_000540,True
541,FREIGHT_AU_HEDLAND_PARADIP_CAPE,2024-04-18 00:00:00,2024-04-18 18:00:00,13.71,USD_PER_MT,1,v1.0,VALID,PROXY,hash_fr_000541,True
542,FREIGHT_AU_NEWCASTLE_PARADIP_PANAMAX,2024-04-18 00:00:00,2024-04-18 18:00:00,17.81,USD_PER_MT,1,v1.0,VALID,PROXY,hash_fr_000542,True
543,FREIGHT_ID_SAMARINDA_PARADIP_SUPRA,2024-04-18 00:00:00,2024-04-18 18:00:00,11.24,USD_PER_MT,1,v1.0,VALID,PROXY,hash_fr_000543,True
544,FREIGHT_ZA_RICHARDSBAY_PARADIP_PANAMAX,2024-04-18 00:00:00,2024-04-18 18:00:00,16.2,USD_PER_MT,1,v1.0,VALID,PROXY,hash_fr_000544,True
545,FREIGHT_BR_TUBARAO_QINGDAO_CAPE,2024-04-18 00:00:00,2024-04-18 18:00:00,26.01,USD_PER_MT,1,v1.0,VALID,PROXY,hash_fr_000545,True
546,FREIGHT_AU_HEDLAND_PARADIP_CAPE,2024-04-19 00:00:00,2024-04-19 18:00:00,14.36,USD_PER_MT,1,v1.0,VALID,PROXY,hash_fr_000546,True
547,FREIGHT_AU_NEWCASTLE_PARADIP_PANAMAX,2024-04-19 00:00:00,2024-04-19 18:00:00,17.91,USD_PER_MT,1,v1.0,VALID,PROXY,hash_fr_000547,True
548,FREIGHT_ID_SAMARINDA_PARADIP_SUPRA,2024-04-19 00:00:00,2024-04-19 18:00:00,11.82,USD_PER_MT,1,v1.0,VALID,PROXY,hash_fr_000548,True
549,FREIGHT_ZA_RICHARDSBAY_PARADIP_PANAMAX,2024-04-19 00:00:00,2024-04-19 18:00:00,16.16,USD_PER_MT,1,v1.0,VALID,PROXY,hash_fr_000549,True
550,FREIGHT_BR_TUBARAO_QINGDAO_CAPE,2024-04-19 00:00:00,2024-04-19 18:00:00,25.8,USD_PER_MT,1,v1.0,VALID,PROXY,hash_fr_000550,True
551,FREIGHT_AU_HEDLAND_PARADIP_CAPE,2024-04-20 00:00:00,2024-04-20 18:00:00,14.18,USD_PER_MT,1,v1.0,VALID,PROXY,hash_fr_000551,True
552,FREIGHT_AU_NEWCASTLE_PARADIP_PANAMAX,2024-04-20 00:00:00,2024-04-20 18:00:00,18.4,USD_PER_MT,1,v1.0,VALID,PROXY,hash_fr_000552,True
553,FREIGHT_ID_SAMARINDA_PARADIP_SUPRA,2024-04-20 00:00:00,2024-04-20 18:00:00,11.54,USD_PER_MT,1,v1.0,VALID,PROXY,hash_fr_000553,True
554,FREIGHT_ZA_RICHARDSBAY_PARADIP_PANAMAX,2024-04-20 00:00:00,2024-04-20 18:00:00,16.46,USD_PER_MT,1,v1.0,VALID,PROXY,hash_fr_000554,True
555,FREIGHT_BR_TUBARAO_QINGDAO_CAPE,2024-04-20 00:00:00,2024-04-20 18:00:00,25.86,USD_PER_MT,1,v1.0,VALID,PROXY,hash_fr_000555,True
556,FREIGHT_AU_HEDLAND_PARADIP_CAPE,2024-04-21 00:00:00,2024-04-21 18:00:00,14.23,USD_PER_MT,1,v1.0,VALID,PROXY,hash_fr_000556,True
557,FREIGHT_AU_NEWCASTLE_PARADIP_PANAMAX,2024-04-21 00:00:00,2024-04-21 18:00:00,18.12,USD_PER_MT,1,v1.0,VALID,PROXY,hash_fr_000557,True
558,FREIGHT_ID_SAMARINDA_PARADIP_SUPRA,2024-04-21 00:00:00,2024-04-21 18:00:00,11.95,USD_PER_MT,1,v1.0,VALID,PROXY,hash_fr_000558,True
559,FREIGHT_ZA_RICHARDSBAY_PARADIP_PANAMAX,2024-04-21 00:00:00,2024-04-21 18:00:00,15.88,USD_PER_MT,1,v1.0,VALID,PROXY,hash_fr_000559,True
560,FREIGHT_BR_TUBARAO_QINGDAO_CAPE,2024-04-21 00:00:00,2024-04-21 18:00:00,26.93,USD_PER_MT,1,v1.0,VALID,PROXY,hash_fr_000560,True
561,FREIGHT_AU_HEDLAND_PARADIP_CAPE,2024-04-22 00:00:00,2024-04-22 18:00:00,14.79,USD_PER_MT,1,v1.0,VALID,PROXY,hash_fr_000561,True
562,FREIGHT_AU_NEWCASTLE_PARADIP_PANAMAX,2024-04-22 00:00:00,2024-04-22 18:00:00,18.24,USD_PER_MT,1,v1.0,VALID,PROXY,hash_fr_000562,True
563,FREIGHT_ID_SAMARINDA_PARADIP_SUPRA,2024-04-22 00:00:00,2024-04-22 18:00:00,11.31,USD_PER_MT,1,v1.0,VALID,PROXY,hash_fr_000563,True
564,FREIGHT_ZA_RICHARDSBAY_PARADIP_PANAMAX,2024-04-22 00:00:00,2024-04-22 18:00:00,16.48,USD_PER_MT,1,v1.0,VALID,PROXY,hash_fr_000564,True
565,FREIGHT_BR_TUBARAO_QINGDAO_CAPE,2024-04-22 00:00:00,2024-04-22 18:00:00,27.37,USD_PER_MT,1,v1.0,VALID,PROXY,hash_fr_000565,True
566,FREIGHT_AU_HEDLAND_PARADIP_CAPE,2024-04-23 00:00:00,2024-04-23 18:00:00,14.56,USD_PER_MT,1,v1.0,VALID,PROXY,hash_fr_000566,True
567,FREIGHT_AU_NEWCASTLE_PARADIP_PANAMAX,2024-04-23 00:00:00,2024-04-23 18:00:00,19.29,USD_PER_MT,1,v1.0,VALID,PROXY,hash_fr_000567,True
568,FREIGHT_ID_SAMARINDA_PARADIP_SUPRA,2024-04-23 00:00:00,2024-04-23 18:00:00,11.98,USD_PER_MT,1,v1.0,VALID,PROXY,hash_fr_000568,True
569,FREIGHT_ZA_RICHARDSBAY_PARADIP_PANAMAX,2024-04-23 00:00:00,2024-04-23 18:00:00,16.85,USD_PER_MT,1,v1.0,VALID,PROXY,hash_fr_000569,True
570,FREIGHT_BR_TUBARAO_QINGDAO_CAPE,2024-04-23 00:00:00,2024-04-23 18:00:00,27.04,USD_PER_MT,1,v1.0,VALID,PROXY,hash_fr_000570,True
571,FREIGHT_AU_HEDLAND_PARADIP_CAPE,2024-04-24 00:00:00,2024-04-24 18:00:00,14.28,USD_PER_MT,1,v1.0,VALID,PROXY,hash_fr_000571,True
572,FREIGHT_AU_NEWCASTLE_PARADIP_PANAMAX,2024-04-24 00:00:00,2024-04-24 18:00:00,18.76,USD_PER_MT,1,v1.0,VALID,PROXY,hash_fr_000572,True
573,FREIGHT_ID_SAMARINDA_PARADIP_SUPRA,2024-04-24 00:00:00,2024-04-24 18:00:00,11.85,USD_PER_MT,1,v1.0,VALID,PROXY,hash_fr_000573,True
574,FREIGHT_ZA_RICHARDSBAY_PARADIP_PANAMAX,2024-04-24 00:00:00,2024-04-24 18:00:00,17.38,USD_PER_MT,1,v1.0,VALID,PROXY,hash_fr_000574,True
575,FREIGHT_BR_TUBARAO_QINGDAO_CAPE,2024-04-24 00:00:00,2024-04-24 18:00:00,26.17,USD_PER_MT,1,v1.0,VALID,PROXY,hash_fr_000575,True
576,FREIGHT_AU_HEDLAND_PARADIP_CAPE,2024-04-25 00:00:00,2024-04-25 18:00:00,15.09,USD_PER_MT,1,v1.0,VALID,PROXY,hash_fr_000576,True
577,FREIGHT_AU_NEWCASTLE_PARADIP_PANAMAX,2024-04-25 00:00:00,2024-04-25 18:00:00,19.39,USD_PER_MT,1,v1.0,VALID,PROXY,hash_fr_000577,True
578,FREIGHT_ID_SAMARINDA_PARADIP_SUPRA,2024-04-25 00:00:00,2024-04-25 18:00:00,11.64,USD_PER_MT,1,v1.0,VALID,PROXY,hash_fr_000578,True
579,FREIGHT_ZA_RICHARDSBAY_PARADIP_PANAMAX,2024-04-25 00:00:00,2024-04-25 18:00:00,16.79,USD_PER_MT,1,v1.0,VALID,PROXY,hash_fr_000579,True
580,FREIGHT_BR_TUBARAO_QINGDAO_CAPE,2024-04-25 00:00:00,2024-04-25 18:00:00,27.18,USD_PER_MT,1,v1.0,VALID,PROXY,hash_fr_000580,True
581,FREIGHT_AU_HEDLAND_PARADIP_CAPE,2024-04-26 00:00:00,2024-04-26 18:00:00,15.07,USD_PER_MT,1,v1.0,VALID,PROXY,hash_fr_000581,True
582,FREIGHT_AU_NEWCASTLE_PARADIP_PANAMAX,2024-04-26 00:00:00,2024-04-26 18:00:00,19.5,USD_PER_MT,1,v1.0,VALID,PROXY,hash_fr_000582,True
583,FREIGHT_ID_SAMARINDA_PARADIP_SUPRA,2024-04-26 00:00:00,2024-04-26 18:00:00,12.27,USD_PER_MT,1,v1.0,VALID,PROXY,hash_fr_000583,True
584,FREIGHT_ZA_RICHARDSBAY_PARADIP_PANAMAX,2024-04-26 00:00:00,2024-04-26 18:00:00,17.26,USD_PER_MT,1,v1.0,VALID,PROXY,hash_fr_000584,True
585,FREIGHT_BR_TUBARAO_QINGDAO_CAPE,2024-04-26 00:00:00,2024-04-26 18:00:00,27.81,USD_PER_MT,1,v1.0,VALID,PROXY,hash_fr_000585,True
586,FREIGHT_AU_HEDLAND_PARADIP_CAPE,2024-04-27 00:00:00,2024-04-27 18:00:00,15.4,USD_PER_MT,1,v1.0,VALID,PROXY,hash_fr_000586,True
587,FREIGHT_AU_NEWCASTLE_PARADIP_PANAMAX,2024-04-27 00:00:00,2024-04-27 18:00:00,19.08,USD_PER_MT,1,v1.0,VALID,PROXY,hash_fr_000587,True
588,FREIGHT_ID_SAMARINDA_PARADIP_SUPRA,2024-04-27 00:00:00,2024-04-27 18:00:00,12.02,USD_PER_MT,1,v1.0,VALID,PROXY,hash_fr_000588,True
589,FREIGHT_ZA_RICHARDSBAY_PARADIP_PANAMAX,2024-04-27 00:00:00,2024-04-27 18:00:00,17.19,USD_PER_MT,1,v1.0,VALID,PROXY,hash_fr_000589,True
590,FREIGHT_BR_TUBARAO_QINGDAO_CAPE,2024-04-27 00:00:00,2024-04-27 18:00:00,27.72,USD_PER_MT,1,v1.0,VALID,PROXY,hash_fr_000590,True
591,FREIGHT_AU_HEDLAND_PARADIP_CAPE,2024-04-28 00:00:00,2024-04-28 18:00:00,15.56,USD_PER_MT,1,v1.0,VALID,PROXY,hash_fr_000591,True
592,FREIGHT_AU_NEWCASTLE_PARADIP_PANAMAX,2024-04-28 00:00:00,2024-04-28 18:00:00,19.38,USD_PER_MT,1,v1.0,VALID,PROXY,hash_fr_000592,True
593,FREIGHT_ID_SAMARINDA_PARADIP_SUPRA,2024-04-28 00:00:00,2024-04-28 18:00:00,12.34,USD_PER_MT,1,v1.0,VALID,PROXY,hash_fr_000593,True
594,FREIGHT_ZA_RICHARDSBAY_PARADIP_PANAMAX,2024-04-28 00:00:00,2024-04-28 18:00:00,17.16,USD_PER_MT,1,v1.0,VALID,PROXY,hash_fr_000594,True
595,FREIGHT_BR_TUBARAO_QINGDAO_CAPE,2024-04-28 00:00:00,2024-04-28 18:00:00,27.49,USD_PER_MT,1,v1.0,VALID,PROXY,hash_fr_000595,True
596,FREIGHT_AU_HEDLAND_PARADIP_CAPE,2024-04-29 00:00:00,2024-04-29 18:00:00,15.53,USD_PER_MT,1,v1.0,VALID,PROXY,hash_fr_000596,True
597,FREIGHT_AU_NEWCASTLE_PARADIP_PANAMAX,2024-04-29 00:00:00,2024-04-29 18:00:00,19.49,USD_PER_MT,1,v1.0,VALID,PROXY,hash_fr_000597,True
598,FREIGHT_ID_SAMARINDA_PARADIP_SUPRA,2024-04-29 00:00:00,2024-04-29 18:00:00,12.35,USD_PER_MT,1,v1.0,VALID,PROXY,hash_fr_000598,True
599,FREIGHT_ZA_RICHARDSBAY_PARADIP_PANAMAX,2024-04-29 00:00:00,2024-04-29 18:00:00,17.73,USD_PER_MT,1,v1.0,VALID,PROXY,hash_fr_000599,True
600,FREIGHT_BR_TUBARAO_QINGDAO_CAPE,2024-04-29 00:00:00,2024-04-29 18:00:00,28.7,USD_PER_MT,1,v1.0,VALID,PROXY,hash_fr_000600,True
601,FREIGHT_AU_HEDLAND_PARADIP_CAPE,2024-04-30 00:00:00,2024-04-30 18:00:00,16.18,USD_PER_MT,1,v1.0,VALID,PROXY,hash_fr_000601,True
602,FREIGHT_AU_NEWCASTLE_PARADIP_PANAMAX,2024-04-30 00:00:00,2024-04-30 18:00:00,20.1,USD_PER_MT,1,v1.0,VALID,PROXY,hash_fr_000602,True
603,FREIGHT_ID_SAMARINDA_PARADIP_SUPRA,2024-04-30 00:00:00,2024-04-30 18:00:00,12.59,USD_PER_MT,1,v1.0,VALID,PROXY,hash_fr_000603,True
604,FREIGHT_ZA_RICHARDSBAY_PARADIP_PANAMAX,2024-04-30 00:00:00,2024-04-30 18:00:00,18.27,USD_PER_MT,1,v1.0,VALID,PROXY,hash_fr_000604,True
605,FREIGHT_BR_TUBARAO_QINGDAO_CAPE,2024-04-30 00:00:00,2024-04-30 18:00:00,29.21,USD_PER_MT,1,v1.0,VALID,PROXY,hash_fr_000605,True
606,FREIGHT_AU_HEDLAND_PARADIP_CAPE,2024-05-01 00:00:00,2024-05-01 18:00:00,15.94,USD_PER_MT,1,v1.0,VALID,PROXY,hash_fr_000606,True
607,FREIGHT_AU_NEWCASTLE_PARADIP_PANAMAX,2024-05-01 00:00:00,2024-05-01 18:00:00,20.09,USD_PER_MT,1,v1.0,VALID,PROXY,hash_fr_000607,True
608,FREIGHT_ID_SAMARINDA_PARADIP_SUPRA,2024-05-01 00:00:00,2024-05-01 18:00:00,12.29,USD_PER_MT,1,v1.0,VALID,PROXY,hash_fr_000608,True
609,FREIGHT_ZA_RICHARDSBAY_PARADIP_PANAMAX,2024-05-01 00:00:00,2024-05-01 18:00:00,18.19,USD_PER_MT,1,v1.0,VALID,PROXY,hash_fr_000609,True
610,FREIGHT_BR_TUBARAO_QINGDAO_CAPE,2024-05-01 00:00:00,2024-05-01 18:00:00,28.99,USD_PER_MT,1,v1.0,VALID,PROXY,hash_fr_000610,True
611,FREIGHT_AU_HEDLAND_PARADIP_CAPE,2024-05-02 00:00:00,2024-05-02 18:00:00,15.66,USD_PER_MT,1,v1.0,VALID,PROXY,hash_fr_000611,True
612,FREIGHT_AU_NEWCASTLE_PARADIP_PANAMAX,2024-05-02 00:00:00,2024-05-02 18:00:00,20.25,USD_PER_MT,1,v1.0,VALID,PROXY,hash_fr_000612,True
613,FREIGHT_ID_SAMARINDA_PARADIP_SUPRA,2024-05-02 00:00:00,2024-05-02 18:00:00,12.82,USD_PER_MT,1,v1.0,VALID,PROXY,hash_fr_000613,True
614,FREIGHT_ZA_RICHARDSBAY_PARADIP_PANAMAX,2024-05-02 00:00:00,2024-05-02 18:00:00,18.58,USD_PER_MT,1,v1.0,VALID,PROXY,hash_fr_000614,True
615,FREIGHT_BR_TUBARAO_QINGDAO_CAPE,2024-05-02 00:00:00,2024-05-02 18:00:00,29.08,USD_PER_MT,1,v1.0,VALID,PROXY,hash_fr_000615,True
616,FREIGHT_AU_HEDLAND_PARADIP_CAPE,2024-05-03 00:00:00,2024-05-03 18:00:00,16.62,USD_PER_MT,1,v1.0,VALID,PROXY,hash_fr_000616,True
617,FREIGHT_AU_NEWCASTLE_PARADIP_PANAMAX,2024-05-03 00:00:00,2024-05-03 18:00:00,21.07,USD_PER_MT,1,v1.0,VALID,PROXY,hash_fr_000617,True
618,FREIGHT_ID_SAMARINDA_PARADIP_SUPRA,2024-05-03 00:00:00,2024-05-03 18:00:00,12.53,USD_PER_MT,1,v1.0,VALID,PROXY,hash_fr_000618,True
619,FREIGHT_ZA_RICHARDSBAY_PARADIP_PANAMAX,2024-05-03 00:00:00,2024-05-03 18:00:00,18.19,USD_PER_MT,1,v1.0,VALID,PROXY,hash_fr_000619,True
620,FREIGHT_BR_TUBARAO_QINGDAO_CAPE,2024-05-03 00:00:00,2024-05-03 18:00:00,28.16,USD_PER_MT,1,v1.0,VALID,PROXY,hash_fr_000620,True
621,FREIGHT_AU_HEDLAND_PARADIP_CAPE,2024-05-04 00:00:00,2024-05-04 18:00:00,16.57,USD_PER_MT,1,v1.0,VALID,PROXY,hash_fr_000621,True
622,FREIGHT_AU_NEWCASTLE_PARADIP_PANAMAX,2024-05-04 00:00:00,2024-05-04 18:00:00,20.95,USD_PER_MT,1,v1.0,VALID,PROXY,hash_fr_000622,True
623,FREIGHT_ID_SAMARINDA_PARADIP_SUPRA,2024-05-04 00:00:00,2024-05-04 18:00:00,13.62,USD_PER_MT,1,v1.0,VALID,PROXY,hash_fr_000623,True
624,FREIGHT_ZA_RICHARDSBAY_PARADIP_PANAMAX,2024-05-04 00:00:00,2024-05-04 18:00:00,18.86,USD_PER_MT,1,v1.0,VALID,PROXY,hash_fr_000624,True
625,FREIGHT_BR_TUBARAO_QINGDAO_CAPE,2024-05-04 00:00:00,2024-05-04 18:00:00,30.86,USD_PER_MT,1,v1.0,VALID,PROXY,hash_fr_000625,True
626,FREIGHT_AU_HEDLAND_PARADIP_CAPE,2024-05-05 00:00:00,2024-05-05 18:00:00,16.16,USD_PER_MT,1,v1.0,VALID,PROXY,hash_fr_000626,True
627,FREIGHT_AU_NEWCASTLE_PARADIP_PANAMAX,2024-05-05 00:00:00,2024-05-05 18:00:00,21.07,USD_PER_MT,1,v1.0,VALID,PROXY,hash_fr_000627,True
628,FREIGHT_ID_SAMARINDA_PARADIP_SUPRA,2024-05-05 00:00:00,2024-05-05 18:00:00,12.93,USD_PER_MT,1,v1.0,VALID,PROXY,hash_fr_000628,True
629,FREIGHT_ZA_RICHARDSBAY_PARADIP_PANAMAX,2024-05-05 00:00:00,2024-05-05 18:00:00,18.46,USD_PER_MT,1,v1.0,VALID,PROXY,hash_fr_000629,True
630,FREIGHT_BR_TUBARAO_QINGDAO_CAPE,2024-05-05 00:00:00,2024-05-05 18:00:00,29.39,USD_PER_MT,1,v1.0,VALID,PROXY,hash_fr_000630,True
631,FREIGHT_AU_HEDLAND_PARADIP_CAPE,2024-05-06 00:00:00,2024-05-06 18:00:00,17.28,USD_PER_MT,1,v1.0,VALID,PROXY,hash_fr_000631,True
632,FREIGHT_AU_NEWCASTLE_PARADIP_PANAMAX,2024-05-06 00:00:00,2024-05-06 18:00:00,21.46,USD_PER_MT,1,v1.0,VALID,PROXY,hash_fr_000632,True
633,FREIGHT_ID_SAMARINDA_PARADIP_SUPRA,2024-05-06 00:00:00,2024-05-06 18:00:00,13.19,USD_PER_MT,1,v1.0,VALID,PROXY,hash_fr_000633,True
634,FREIGHT_ZA_RICHARDSBAY_PARADIP_PANAMAX,2024-05-06 00:00:00,2024-05-06 18:00:00,18.43,USD_PER_MT,1,v1.0,VALID,PROXY,hash_fr_000634,True
635,FREIGHT_BR_TUBARAO_QINGDAO_CAPE,2024-05-06 00:00:00,2024-05-06 18:00:00,29.97,USD_PER_MT,1,v1.0,VALID,PROXY,hash_fr_000635,True
636,FREIGHT_AU_HEDLAND_PARADIP_CAPE,2024-05-07 00:00:00,2024-05-07 18:00:00,16.58,USD_PER_MT,1,v1.0,VALID,PROXY,hash_fr_000636,True
637,FREIGHT_AU_NEWCASTLE_PARADIP_PANAMAX,2024-05-07 00:00:00,2024-05-07 18:00:00,21.45,USD_PER_MT,1,v1.0,VALID,PROXY,hash_fr_000637,True
638,FREIGHT_ID_SAMARINDA_PARADIP_SUPRA,2024-05-07 00:00:00,2024-05-07 18:00:00,12.89,USD_PER_MT,1,v1.0,VALID,PROXY,hash_fr_000638,True
639,FREIGHT_ZA_RICHARDSBAY_PARADIP_PANAMAX,2024-05-07 00:00:00,2024-05-07 18:00:00,18.33,USD_PER_MT,1,v1.0,VALID,PROXY,hash_fr_000639,True
640,FREIGHT_BR_TUBARAO_QINGDAO_CAPE,2024-05-07 00:00:00,2024-05-07 18:00:00,30.46,USD_PER_MT,1,v1.0,VALID,PROXY,hash_fr_000640,True
641,FREIGHT_AU_HEDLAND_PARADIP_CAPE,2024-05-08 00:00:00,2024-05-08 18:00:00,16.07,USD_PER_MT,1,v1.0,VALID,PROXY,hash_fr_000641,True
642,FREIGHT_AU_NEWCASTLE_PARADIP_PANAMAX,2024-05-08 00:00:00,2024-05-08 18:00:00,21.52,USD_PER_MT,1,v1.0,VALID,PROXY,hash_fr_000642,True
643,FREIGHT_ID_SAMARINDA_PARADIP_SUPRA,2024-05-08 00:00:00,2024-05-08 18:00:00,13.41,USD_PER_MT,1,v1.0,VALID,PROXY,hash_fr_000643,True
644,FREIGHT_ZA_RICHARDSBAY_PARADIP_PANAMAX,2024-05-08 00:00:00,2024-05-08 18:00:00,19.58,USD_PER_MT,1,v1.0,VALID,PROXY,hash_fr_000644,True
645,FREIGHT_BR_TUBARAO_QINGDAO_CAPE,2024-05-08 00:00:00,2024-05-08 18:00:00,30.14,USD_PER_MT,1,v1.0,VALID,PROXY,hash_fr_000645,True
646,FREIGHT_AU_HEDLAND_PARADIP_CAPE,2024-05-09 00:00:00,2024-05-09 18:00:00,16.84,USD_PER_MT,1,v1.0,VALID,PROXY,hash_fr_000646,True
647,FREIGHT_AU_NEWCASTLE_PARADIP_PANAMAX,2024-05-09 00:00:00,2024-05-09 18:00:00,20.64,USD_PER_MT,1,v1.0,VALID,PROXY,hash_fr_000647,True
648,FREIGHT_ID_SAMARINDA_PARADIP_SUPRA,2024-05-09 00:00:00,2024-05-09 18:00:00,13.63,USD_PER_MT,1,v1.0,VALID,PROXY,hash_fr_000648,True
649,FREIGHT_ZA_RICHARDSBAY_PARADIP_PANAMAX,2024-05-09 00:00:00,2024-05-09 18:00:00,19.47,USD_PER_MT,1,v1.0,VALID,PROXY,hash_fr_000649,True
650,FREIGHT_BR_TUBARAO_QINGDAO_CAPE,2024-05-09 00:00:00,2024-05-09 18:00:00,30.6,USD_PER_MT,1,v1.0,VALID,PROXY,hash_fr_000650,True
651,FREIGHT_AU_HEDLAND_PARADIP_CAPE,2024-05-10 00:00:00,2024-05-10 18:00:00,16.55,USD_PER_MT,1,v1.0,VALID,PROXY,hash_fr_000651,True
652,FREIGHT_AU_NEWCASTLE_PARADIP_PANAMAX,2024-05-10 00:00:00,2024-05-10 18:00:00,22.0,USD_PER_MT,1,v1.0,VALID,PROXY,hash_fr_000652,True
653,FREIGHT_ID_SAMARINDA_PARADIP_SUPRA,2024-05-10 00:00:00,2024-05-10 18:00:00,13.7,USD_PER_MT,1,v1.0,VALID,PROXY,hash_fr_000653,True
654,FREIGHT_ZA_RICHARDSBAY_PARADIP_PANAMAX,2024-05-10 00:00:00,2024-05-10 18:00:00,19.74,USD_PER_MT,1,v1.0,VALID,PROXY,hash_fr_000654,True
655,FREIGHT_BR_TUBARAO_QINGDAO_CAPE,2024-05-10 00:00:00,2024-05-10 18:00:00,30.72,USD_PER_MT,1,v1.0,VALID,PROXY,hash_fr_000655,True
656,FREIGHT_AU_HEDLAND_PARADIP_CAPE,2024-05-11 00:00:00,2024-05-11 18:00:00,16.81,USD_PER_MT,1,v1.0,VALID,PROXY,hash_fr_000656,True
657,FREIGHT_AU_NEWCASTLE_PARADIP_PANAMAX,2024-05-11 00:00:00,2024-05-11 18:00:00,21.42,USD_PER_MT,1,v1.0,VALID,PROXY,hash_fr_000657,True
658,FREIGHT_ID_SAMARINDA_PARADIP_SUPRA,2024-05-11 00:00:00,2024-05-11 18:00:00,13.12,USD_PER_MT,1,v1.0,VALID,PROXY,hash_fr_000658,True
659,FREIGHT_ZA_RICHARDSBAY_PARADIP_PANAMAX,2024-05-11 00:00:00,2024-05-11 18:00:00,19.8,USD_PER_MT,1,v1.0,VALID,PROXY,hash_fr_000659,True
660,FREIGHT_BR_TUBARAO_QINGDAO_CAPE,2024-05-11 00:00:00,2024-05-11 18:00:00,30.7,USD_PER_MT,1,v1.0,VALID,PROXY,hash_fr_000660,True
661,FREIGHT_AU_HEDLAND_PARADIP_CAPE,2024-05-12 00:00:00,2024-05-12 18:00:00,16.84,USD_PER_MT,1,v1.0,VALID,PROXY,hash_fr_000661,True
662,FREIGHT_AU_NEWCASTLE_PARADIP_PANAMAX,2024-05-12 00:00:00,2024-05-12 18:00:00,21.69,USD_PER_MT,1,v1.0,VALID,PROXY,hash_fr_000662,True
663,FREIGHT_ID_SAMARINDA_PARADIP_SUPRA,2024-05-12 00:00:00,2024-05-12 18:00:00,14.13,USD_PER_MT,1,v1.0,VALID,PROXY,hash_fr_000663,True
664,FREIGHT_ZA_RICHARDSBAY_PARADIP_PANAMAX,2024-05-12 00:00:00,2024-05-12 18:00:00,19.44,USD_PER_MT,1,v1.0,VALID,PROXY,hash_fr_000664,True
665,FREIGHT_BR_TUBARAO_QINGDAO_CAPE,2024-05-12 00:00:00,2024-05-12 18:00:00,31.21,USD_PER_MT,1,v1.0,VALID,PROXY,hash_fr_000665,True
666,FREIGHT_AU_HEDLAND_PARADIP_CAPE,2024-05-13 00:00:00,2024-05-13 18:00:00,16.94,USD_PER_MT,1,v1.0,VALID,PROXY,hash_fr_000666,True
667,FREIGHT_AU_NEWCASTLE_PARADIP_PANAMAX,2024-05-13 00:00:00,2024-05-13 18:00:00,22.12,USD_PER_MT,1,v1.0,VALID,PROXY,hash_fr_000667,True
668,FREIGHT_ID_SAMARINDA_PARADIP_SUPRA,2024-05-13 00:00:00,2024-05-13 18:00:00,13.85,USD_PER_MT,1,v1.0,VALID,PROXY,hash_fr_000668,True
669,FREIGHT_ZA_RICHARDSBAY_PARADIP_PANAMAX,2024-05-13 00:00:00,2024-05-13 18:00:00,19.59,USD_PER_MT,1,v1.0,VALID,PROXY,hash_fr_000669,True
670,FREIGHT_BR_TUBARAO_QINGDAO_CAPE,2024-05-13 00:00:00,2024-05-13 18:00:00,30.59,USD_PER_MT,1,v1.0,VALID,PROXY,hash_fr_000670,True
671,FREIGHT_AU_HEDLAND_PARADIP_CAPE,2024-05-14 00:00:00,2024-05-14 18:00:00,17.35,USD_PER_MT,1,v1.0,VALID,PROXY,hash_fr_000671,True
672,FREIGHT_AU_NEWCASTLE_PARADIP_PANAMAX,2024-05-14 00:00:00,2024-05-14 18:00:00,22.22,USD_PER_MT,1,v1.0,VALID,PROXY,hash_fr_000672,True
673,FREIGHT_ID_SAMARINDA_PARADIP_SUPRA,2024-05-14 00:00:00,2024-05-14 18:00:00,13.35,USD_PER_MT,1,v1.0,VALID,PROXY,hash_fr_000673,True
674,FREIGHT_ZA_RICHARDSBAY_PARADIP_PANAMAX,2024-05-14 00:00:00,2024-05-14 18:00:00,19.81,USD_PER_MT,1,v1.0,VALID,PROXY,hash_fr_000674,True
675,FREIGHT_BR_TUBARAO_QINGDAO_CAPE,2024-05-14 00:00:00,2024-05-14 18:00:00,30.7,USD_PER_MT,1,v1.0,VALID,PROXY,hash_fr_000675,True
676,FREIGHT_AU_HEDLAND_PARADIP_CAPE,2024-05-15 00:00:00,2024-05-15 18:00:00,17.37,USD_PER_MT,1,v1.0,VALID,PROXY,hash_fr_000676,True
677,FREIGHT_AU_NEWCASTLE_PARADIP_PANAMAX,2024-05-15 00:00:00,2024-05-15 18:00:00,21.74,USD_PER_MT,1,v1.0,VALID,PROXY,hash_fr_000677,True
678,FREIGHT_ID_SAMARINDA_PARADIP_SUPRA,2024-05-15 00:00:00,2024-05-15 18:00:00,13.93,USD_PER_MT,1,v1.0,VALID,PROXY,hash_fr_000678,True
679,FREIGHT_ZA_RICHARDSBAY_PARADIP_PANAMAX,2024-05-15 00:00:00,2024-05-15 18:00:00,19.76,USD_PER_MT,1,v1.0,VALID,PROXY,hash_fr_000679,True
680,FREIGHT_BR_TUBARAO_QINGDAO_CAPE,2024-05-15 00:00:00,2024-05-15 18:00:00,30.58,USD_PER_MT,1,v1.0,VALID,PROXY,hash_fr_000680,True
681,FREIGHT_AU_HEDLAND_PARADIP_CAPE,2024-05-16 00:00:00,2024-05-16 18:00:00,16.75,USD_PER_MT,1,v1.0,VALID,PROXY,hash_fr_000681,True
682,FREIGHT_AU_NEWCASTLE_PARADIP_PANAMAX,2024-05-16 00:00:00,2024-05-16 18:00:00,22.08,USD_PER_MT,1,v1.0,VALID,PROXY,hash_fr_000682,True
683,FREIGHT_ID_SAMARINDA_PARADIP_SUPRA,2024-05-16 00:00:00,2024-05-16 18:00:00,13.7,USD_PER_MT,1,v1.0,VALID,PROXY,hash_fr_000683,True
684,FREIGHT_ZA_RICHARDSBAY_PARADIP_PANAMAX,2024-05-16 00:00:00,2024-05-16 18:00:00,19.48,USD_PER_MT,1,v1.0,VALID,PROXY,hash_fr_000684,True
685,FREIGHT_BR_TUBARAO_QINGDAO_CAPE,2024-05-16 00:00:00,2024-05-16 18:00:00,30.83,USD_PER_MT,1,v1.0,VALID,PROXY,hash_fr_000685,True
686,FREIGHT_AU_HEDLAND_PARADIP_CAPE,2024-05-17 00:00:00,2024-05-17 18:00:00,17.15,USD_PER_MT,1,v1.0,VALID,PROXY,hash_fr_000686,True
687,FREIGHT_AU_NEWCASTLE_PARADIP_PANAMAX,2024-05-17 00:00:00,2024-05-17 18:00:00,21.92,USD_PER_MT,1,v1.0,VALID,PROXY,hash_fr_000687,True
688,FREIGHT_ID_SAMARINDA_PARADIP_SUPRA,2024-05-17 00:00:00,2024-05-17 18:00:00,14.24,USD_PER_MT,1,v1.0,VALID,PROXY,hash_fr_000688,True
689,FREIGHT_ZA_RICHARDSBAY_PARADIP_PANAMAX,2024-05-17 00:00:00,2024-05-17 18:00:00,19.84,USD_PER_MT,1,v1.0,VALID,PROXY,hash_fr_000689,True
690,FREIGHT_BR_TUBARAO_QINGDAO_CAPE,2024-05-17 00:00:00,2024-05-17 18:00:00,31.99,USD_PER_MT,1,v1.0,VALID,PROXY,hash_fr_000690,True
691,FREIGHT_AU_HEDLAND_PARADIP_CAPE,2024-05-18 00:00:00,2024-05-18 18:00:00,17.35,USD_PER_MT,1,v1.0,VALID,PROXY,hash_fr_000691,True
692,FREIGHT_AU_NEWCASTLE_PARADIP_PANAMAX,2024-05-18 00:00:00,2024-05-18 18:00:00,21.8,USD_PER_MT,1,v1.0,VALID,PROXY,hash_fr_000692,True
693,FREIGHT_ID_SAMARINDA_PARADIP_SUPRA,2024-05-18 00:00:00,2024-05-18 18:00:00,13.33,USD_PER_MT,1,v1.0,VALID,PROXY,hash_fr_000693,True
694,FREIGHT_ZA_RICHARDSBAY_PARADIP_PANAMAX,2024-05-18 00:00:00,2024-05-18 18:00:00,19.43,USD_PER_MT,1,v1.0,VALID,PROXY,hash_fr_000694,True
695,FREIGHT_BR_TUBARAO_QINGDAO_CAPE,2024-05-18 00:00:00,2024-05-18 18:00:00,31.28,USD_PER_MT,1,v1.0,VALID,PROXY,hash_fr_000695,True
696,FREIGHT_AU_HEDLAND_PARADIP_CAPE,2024-05-19 00:00:00,2024-05-19 18:00:00,16.81,USD_PER_MT,1,v1.0,VALID,PROXY,hash_fr_000696,True
697,FREIGHT_AU_NEWCASTLE_PARADIP_PANAMAX,2024-05-19 00:00:00,2024-05-19 18:00:00,21.07,USD_PER_MT,1,v1.0,VALID,PROXY,hash_fr_000697,True
698,FREIGHT_ID_SAMARINDA_PARADIP_SUPRA,2024-05-19 00:00:00,2024-05-19 18:00:00,13.87,USD_PER_MT,1,v1.0,VALID,PROXY,hash_fr_000698,True
699,FREIGHT_ZA_RICHARDSBAY_PARADIP_PANAMAX,2024-05-19 00:00:00,2024-05-19 18:00:00,19.33,USD_PER_MT,1,v1.0,VALID,PROXY,hash_fr_000699,True
700,FREIGHT_BR_TUBARAO_QINGDAO_CAPE,2024-05-19 00:00:00,2024-05-19 18:00:00,31.62,USD_PER_MT,1,v1.0,VALID,PROXY,hash_fr_000700,True
701,FREIGHT_AU_HEDLAND_PARADIP_CAPE,2024-05-20 00:00:00,2024-05-20 18:00:00,16.84,USD_PER_MT,1,v1.0,VALID,PROXY,hash_fr_000701,True
702,FREIGHT_AU_NEWCASTLE_PARADIP_PANAMAX,2024-05-20 00:00:00,2024-05-20 18:00:00,21.18,USD_PER_MT,1,v1.0,VALID,PROXY,hash_fr_000702,True
703,FREIGHT_ID_SAMARINDA_PARADIP_SUPRA,2024-05-20 00:00:00,2024-05-20 18:00:00,13.44,USD_PER_MT,1,v1.0,VALID,PROXY,hash_fr_000703,True
704,FREIGHT_ZA_RICHARDSBAY_PARADIP_PANAMAX,2024-05-20 00:00:00,2024-05-20 18:00:00,20.08,USD_PER_MT,1,v1.0,VALID,PROXY,hash_fr_000704,True
705,FREIGHT_BR_TUBARAO_QINGDAO_CAPE,2024-05-20 00:00:00,2024-05-20 18:00:00,31.25,USD_PER_MT,1,v1.0,VALID,PROXY,hash_fr_000705,True
706,FREIGHT_AU_HEDLAND_PARADIP_CAPE,2024-05-21 00:00:00,2024-05-21 18:00:00,17.31,USD_PER_MT,1,v1.0,VALID,PROXY,hash_fr_000706,True
707,FREIGHT_AU_NEWCASTLE_PARADIP_PANAMAX,2024-05-21 00:00:00,2024-05-21 18:00:00,22.26,USD_PER_MT,1,v1.0,VALID,PROXY,hash_fr_000707,True
708,FREIGHT_ID_SAMARINDA_PARADIP_SUPRA,2024-05-21 00:00:00,2024-05-21 18:00:00,13.75,USD_PER_MT,1,v1.0,VALID,PROXY,hash_fr_000708,True
709,FREIGHT_ZA_RICHARDSBAY_PARADIP_PANAMAX,2024-05-21 00:00:00,2024-05-21 18:00:00,20.02,USD_PER_MT,1,v1.0,VALID,PROXY,hash_fr_000709,True
710,FREIGHT_BR_TUBARAO_QINGDAO_CAPE,2024-05-21 00:00:00,2024-05-21 18:00:00,31.72,USD_PER_MT,1,v1.0,VALID,PROXY,hash_fr_000710,True
711,FREIGHT_AU_HEDLAND_PARADIP_CAPE,2024-05-22 00:00:00,2024-05-22 18:00:00,17.76,USD_PER_MT,1,v1.0,VALID,PROXY,hash_fr_000711,True
712,FREIGHT_AU_NEWCASTLE_PARADIP_PANAMAX,2024-05-22 00:00:00,2024-05-22 18:00:00,22.02,USD_PER_MT,1,v1.0,VALID,PROXY,hash_fr_000712,True
713,FREIGHT_ID_SAMARINDA_PARADIP_SUPRA,2024-05-22 00:00:00,2024-05-22 18:00:00,13.58,USD_PER_MT,1,v1.0,VALID,PROXY,hash_fr_000713,True
714,FREIGHT_ZA_RICHARDSBAY_PARADIP_PANAMAX,2024-05-22 00:00:00,2024-05-22 18:00:00,19.91,USD_PER_MT,1,v1.0,VALID,PROXY,hash_fr_000714,True
715,FREIGHT_BR_TUBARAO_QINGDAO_CAPE,2024-05-22 00:00:00,2024-05-22 18:00:00,30.95,USD_PER_MT,1,v1.0,VALID,PROXY,hash_fr_000715,True
716,FREIGHT_AU_HEDLAND_PARADIP_CAPE,2024-05-23 00:00:00,2024-05-23 18:00:00,16.59,USD_PER_MT,1,v1.0,VALID,PROXY,hash_fr_000716,True
717,FREIGHT_AU_NEWCASTLE_PARADIP_PANAMAX,2024-05-23 00:00:00,2024-05-23 18:00:00,21.61,USD_PER_MT,1,v1.0,VALID,PROXY,hash_fr_000717,True
718,FREIGHT_ID_SAMARINDA_PARADIP_SUPRA,2024-05-23 00:00:00,2024-05-23 18:00:00,13.95,USD_PER_MT,1,v1.0,VALID,PROXY,hash_fr_000718,True
719,FREIGHT_ZA_RICHARDSBAY_PARADIP_PANAMAX,2024-05-23 00:00:00,2024-05-23 18:00:00,19.16,USD_PER_MT,1,v1.0,VALID,PROXY,hash_fr_000719,True
720,FREIGHT_BR_TUBARAO_QINGDAO_CAPE,2024-05-23 00:00:00,2024-05-23 18:00:00,30.63,USD_PER_MT,1,v1.0,VALID,PROXY,hash_fr_000720,True
721,FREIGHT_AU_HEDLAND_PARADIP_CAPE,2024-05-24 00:00:00,2024-05-24 18:00:00,16.62,USD_PER_MT,1,v1.0,VALID,PROXY,hash_fr_000721,True
722,FREIGHT_AU_NEWCASTLE_PARADIP_PANAMAX,2024-05-24 00:00:00,2024-05-24 18:00:00,22.11,USD_PER_MT,1,v1.0,VALID,PROXY,hash_fr_000722,True
723,FREIGHT_ID_SAMARINDA_PARADIP_SUPRA,2024-05-24 00:00:00,2024-05-24 18:00:00,13.84,USD_PER_MT,1,v1.0,VALID,PROXY,hash_fr_000723,True
724,FREIGHT_ZA_RICHARDSBAY_PARADIP_PANAMAX,2024-05-24 00:00:00,2024-05-24 18:00:00,19.92,USD_PER_MT,1,v1.0,VALID,PROXY,hash_fr_000724,True
725,FREIGHT_BR_TUBARAO_QINGDAO_CAPE,2024-05-24 00:00:00,2024-05-24 18:00:00,30.46,USD_PER_MT,1,v1.0,VALID,PROXY,hash_fr_000725,True
726,FREIGHT_AU_HEDLAND_PARADIP_CAPE,2024-05-25 00:00:00,2024-05-25 18:00:00,16.87,USD_PER_MT,1,v1.0,VALID,PROXY,hash_fr_000726,True
727,FREIGHT_AU_NEWCASTLE_PARADIP_PANAMAX,2024-05-25 00:00:00,2024-05-25 18:00:00,21.05,USD_PER_MT,1,v1.0,VALID,PROXY,hash_fr_000727,True
728,FREIGHT_ID_SAMARINDA_PARADIP_SUPRA,2024-05-25 00:00:00,2024-05-25 18:00:00,13.17,USD_PER_MT,1,v1.0,VALID,PROXY,hash_fr_000728,True
729,FREIGHT_ZA_RICHARDSBAY_PARADIP_PANAMAX,2024-05-25 00:00:00,2024-05-25 18:00:00,19.21,USD_PER_MT,1,v1.0,VALID,PROXY,hash_fr_000729,True
730,FREIGHT_BR_TUBARAO_QINGDAO_CAPE,2024-05-25 00:00:00,2024-05-25 18:00:00,31.46,USD_PER_MT,1,v1.0,VALID,PROXY,hash_fr_000730,True
731,FREIGHT_AU_HEDLAND_PARADIP_CAPE,2024-05-26 00:00:00,2024-05-26 18:00:00,16.44,USD_PER_MT,1,v1.0,VALID,PROXY,hash_fr_000731,True
732,FREIGHT_AU_NEWCASTLE_PARADIP_PANAMAX,2024-05-26 00:00:00,2024-05-26 18:00:00,21.53,USD_PER_MT,1,v1.0,VALID,PROXY,hash_fr_000732,True
733,FREIGHT_ID_SAMARINDA_PARADIP_SUPRA,2024-05-26 00:00:00,2024-05-26 18:00:00,13.28,USD_PER_MT,1,v1.0,VALID,PROXY,hash_fr_000733,True
734,FREIGHT_ZA_RICHARDSBAY_PARADIP_PANAMAX,2024-05-26 00:00:00,2024-05-26 18:00:00,18.77,USD_PER_MT,1,v1.0,VALID,PROXY,hash_fr_000734,True
735,FREIGHT_BR_TUBARAO_QINGDAO_CAPE,2024-05-26 00:00:00,2024-05-26 18:00:00,30.63,USD_PER_MT,1,v1.0,VALID,PROXY,hash_fr_000735,True
736,FREIGHT_AU_HEDLAND_PARADIP_CAPE,2024-05-27 00:00:00,2024-05-27 18:00:00,16.42,USD_PER_MT,1,v1.0,VALID,PROXY,hash_fr_000736,True
737,FREIGHT_AU_NEWCASTLE_PARADIP_PANAMAX,2024-05-27 00:00:00,2024-05-27 18:00:00,21.06,USD_PER_MT,1,v1.0,VALID,PROXY,hash_fr_000737,True
738,FREIGHT_ID_SAMARINDA_PARADIP_SUPRA,2024-05-27 00:00:00,2024-05-27 18:00:00,13.87,USD_PER_MT,1,v1.0,VALID,PROXY,hash_fr_000738,True
739,FREIGHT_ZA_RICHARDSBAY_PARADIP_PANAMAX,2024-05-27 00:00:00,2024-05-27 18:00:00,19.49,USD_PER_MT,1,v1.0,VALID,PROXY,hash_fr_000739,True
740,FREIGHT_BR_TUBARAO_QINGDAO_CAPE,2024-05-27 00:00:00,2024-05-27 18:00:00,29.68,USD_PER_MT,1,v1.0,VALID,PROXY,hash_fr_000740,True
741,FREIGHT_AU_HEDLAND_PARADIP_CAPE,2024-05-28 00:00:00,2024-05-28 18:00:00,16.25,USD_PER_MT,1,v1.0,VALID,PROXY,hash_fr_000741,True
742,FREIGHT_AU_NEWCASTLE_PARADIP_PANAMAX,2024-05-28 00:00:00,2024-05-28 18:00:00,20.82,USD_PER_MT,1,v1.0,VALID,PROXY,hash_fr_000742,True
743,FREIGHT_ID_SAMARINDA_PARADIP_SUPRA,2024-05-28 00:00:00,2024-05-28 18:00:00,12.88,USD_PER_MT,1,v1.0,VALID,PROXY,hash_fr_000743,True
744,FREIGHT_ZA_RICHARDSBAY_PARADIP_PANAMAX,2024-05-28 00:00:00,2024-05-28 18:00:00,19.02,USD_PER_MT,1,v1.0,VALID,PROXY,hash_fr_000744,True
745,FREIGHT_BR_TUBARAO_QINGDAO_CAPE,2024-05-28 00:00:00,2024-05-28 18:00:00,29.66,USD_PER_MT,1,v1.0,VALID,PROXY,hash_fr_000745,True
746,FREIGHT_AU_HEDLAND_PARADIP_CAPE,2024-05-29 00:00:00,2024-05-29 18:00:00,17.05,USD_PER_MT,1,v1.0,VALID,PROXY,hash_fr_000746,True
747,FREIGHT_AU_NEWCASTLE_PARADIP_PANAMAX,2024-05-29 00:00:00,2024-05-29 18:00:00,20.13,USD_PER_MT,1,v1.0,VALID,PROXY,hash_fr_000747,True
748,FREIGHT_ID_SAMARINDA_PARADIP_SUPRA,2024-05-29 00:00:00,2024-05-29 18:00:00,13.18,USD_PER_MT,1,v1.0,VALID,PROXY,hash_fr_000748,True
749,FREIGHT_ZA_RICHARDSBAY_PARADIP_PANAMAX,2024-05-29 00:00:00,2024-05-29 18:00:00,18.88,USD_PER_MT,1,v1.0,VALID,PROXY,hash_fr_000749,True
750,FREIGHT_BR_TUBARAO_QINGDAO_CAPE,2024-05-29 00:00:00,2024-05-29 18:00:00,28.67,USD_PER_MT,1,v1.0,VALID,PROXY,hash_fr_000750,True
751,FREIGHT_AU_HEDLAND_PARADIP_CAPE,2024-05-30 00:00:00,2024-05-30 18:00:00,16.31,USD_PER_MT,1,v1.0,VALID,PROXY,hash_fr_000751,True
752,FREIGHT_AU_NEWCASTLE_PARADIP_PANAMAX,2024-05-30 00:00:00,2024-05-30 18:00:00,21.43,USD_PER_MT,1,v1.0,VALID,PROXY,hash_fr_000752,True
753,FREIGHT_ID_SAMARINDA_PARADIP_SUPRA,2024-05-30 00:00:00,2024-05-30 18:00:00,12.83,USD_PER_MT,1,v1.0,VALID,PROXY,hash_fr_000753,True
754,FREIGHT_ZA_RICHARDSBAY_PARADIP_PANAMAX,2024-05-30 00:00:00,2024-05-30 18:00:00,19.01,USD_PER_MT,1,v1.0,VALID,PROXY,hash_fr_000754,True
755,FREIGHT_BR_TUBARAO_QINGDAO_CAPE,2024-05-30 00:00:00,2024-05-30 18:00:00,30.07,USD_PER_MT,1,v1.0,VALID,PROXY,hash_fr_000755,True
756,FREIGHT_AU_HEDLAND_PARADIP_CAPE,2024-05-31 00:00:00,2024-05-31 18:00:00,16.18,USD_PER_MT,1,v1.0,VALID,PROXY,hash_fr_000756,True
757,FREIGHT_AU_NEWCASTLE_PARADIP_PANAMAX,2024-05-31 00:00:00,2024-05-31 18:00:00,20.92,USD_PER_MT,1,v1.0,VALID,PROXY,hash_fr_000757,True
758,FREIGHT_ID_SAMARINDA_PARADIP_SUPRA,2024-05-31 00:00:00,2024-05-31 18:00:00,12.93,USD_PER_MT,1,v1.0,VALID,PROXY,hash_fr_000758,True
759,FREIGHT_ZA_RICHARDSBAY_PARADIP_PANAMAX,2024-05-31 00:00:00,2024-05-31 18:00:00,18.53,USD_PER_MT,1,v1.0,VALID,PROXY,hash_fr_000759,True
760,FREIGHT_BR_TUBARAO_QINGDAO_CAPE,2024-05-31 00:00:00,2024-05-31 18:00:00,28.75,USD_PER_MT,1,v1.0,VALID,PROXY,hash_fr_000760,True
761,FREIGHT_AU_HEDLAND_PARADIP_CAPE,2024-06-01 00:00:00,2024-06-01 18:00:00,16.28,USD_PER_MT,1,v1.0,VALID,PROXY,hash_fr_000761,True
762,FREIGHT_AU_NEWCASTLE_PARADIP_PANAMAX,2024-06-01 00:00:00,2024-06-01 18:00:00,20.8,USD_PER_MT,1,v1.0,VALID,PROXY,hash_fr_000762,True
763,FREIGHT_ID_SAMARINDA_PARADIP_SUPRA,2024-06-01 00:00:00,2024-06-01 18:00:00,12.69,USD_PER_MT,1,v1.0,VALID,PROXY,hash_fr_000763,True
764,FREIGHT_ZA_RICHARDSBAY_PARADIP_PANAMAX,2024-06-01 00:00:00,2024-06-01 18:00:00,18.33,USD_PER_MT,1,v1.0,VALID,PROXY,hash_fr_000764,True
765,FREIGHT_BR_TUBARAO_QINGDAO_CAPE,2024-06-01 00:00:00,2024-06-01 18:00:00,29.43,USD_PER_MT,1,v1.0,VALID,PROXY,hash_fr_000765,True
766,FREIGHT_AU_HEDLAND_PARADIP_CAPE,2024-06-02 00:00:00,2024-06-02 18:00:00,15.69,USD_PER_MT,1,v1.0,VALID,PROXY,hash_fr_000766,True
767,FREIGHT_AU_NEWCASTLE_PARADIP_PANAMAX,2024-06-02 00:00:00,2024-06-02 18:00:00,20.38,USD_PER_MT,1,v1.0,VALID,PROXY,hash_fr_000767,True
768,FREIGHT_ID_SAMARINDA_PARADIP_SUPRA,2024-06-02 00:00:00,2024-06-02 18:00:00,12.78,USD_PER_MT,1,v1.0,VALID,PROXY,hash_fr_000768,True
769,FREIGHT_ZA_RICHARDSBAY_PARADIP_PANAMAX,2024-06-02 00:00:00,2024-06-02 18:00:00,17.96,USD_PER_MT,1,v1.0,VALID,PROXY,hash_fr_000769,True
770,FREIGHT_BR_TUBARAO_QINGDAO_CAPE,2024-06-02 00:00:00,2024-06-02 18:00:00,29.05,USD_PER_MT,1,v1.0,VALID,PROXY,hash_fr_000770,True
771,FREIGHT_AU_HEDLAND_PARADIP_CAPE,2024-06-03 00:00:00,2024-06-03 18:00:00,16.2,USD_PER_MT,1,v1.0,VALID,PROXY,hash_fr_000771,True
772,FREIGHT_AU_NEWCASTLE_PARADIP_PANAMAX,2024-06-03 00:00:00,2024-06-03 18:00:00,20.68,USD_PER_MT,1,v1.0,VALID,PROXY,hash_fr_000772,True
773,FREIGHT_ID_SAMARINDA_PARADIP_SUPRA,2024-06-03 00:00:00,2024-06-03 18:00:00,12.63,USD_PER_MT,1,v1.0,VALID,PROXY,hash_fr_000773,True
774,FREIGHT_ZA_RICHARDSBAY_PARADIP_PANAMAX,2024-06-03 00:00:00,2024-06-03 18:00:00,18.48,USD_PER_MT,1,v1.0,VALID,PROXY,hash_fr_000774,True
775,FREIGHT_BR_TUBARAO_QINGDAO_CAPE,2024-06-03 00:00:00,2024-06-03 18:00:00,29.06,USD_PER_MT,1,v1.0,VALID,PROXY,hash_fr_000775,True
776,FREIGHT_AU_HEDLAND_PARADIP_CAPE,2024-06-04 00:00:00,2024-06-04 18:00:00,15.67,USD_PER_MT,1,v1.0,VALID,PROXY,hash_fr_000776,True
777,FREIGHT_AU_NEWCASTLE_PARADIP_PANAMAX,2024-06-04 00:00:00,2024-06-04 18:00:00,20.17,USD_PER_MT,1,v1.0,VALID,PROXY,hash_fr_000777,True
778,FREIGHT_ID_SAMARINDA_PARADIP_SUPRA,2024-06-04 00:00:00,2024-06-04 18:00:00,12.8,USD_PER_MT,1,v1.0,VALID,PROXY,hash_fr_000778,True
779,FREIGHT_ZA_RICHARDSBAY_PARADIP_PANAMAX,2024-06-04 00:00:00,2024-06-04 18:00:00,18.11,USD_PER_MT,1,v1.0,VALID,PROXY,hash_fr_000779,True
780,FREIGHT_BR_TUBARAO_QINGDAO_CAPE,2024-06-04 00:00:00,2024-06-04 18:00:00,28.66,USD_PER_MT,1,v1.0,VALID,PROXY,hash_fr_000780,True
781,FREIGHT_AU_HEDLAND_PARADIP_CAPE,2024-06-05 00:00:00,2024-06-05 18:00:00,15.6,USD_PER_MT,1,v1.0,VALID,PROXY,hash_fr_000781,True
782,FREIGHT_AU_NEWCASTLE_PARADIP_PANAMAX,2024-06-05 00:00:00,2024-06-05 18:00:00,19.97,USD_PER_MT,1,v1.0,VALID,PROXY,hash_fr_000782,True
783,FREIGHT_ID_SAMARINDA_PARADIP_SUPRA,2024-06-05 00:00:00,2024-06-05 18:00:00,12.92,USD_PER_MT,1,v1.0,VALID,PROXY,hash_fr_000783,True
784,FREIGHT_ZA_RICHARDSBAY_PARADIP_PANAMAX,2024-06-05 00:00:00,2024-06-05 18:00:00,18.37,USD_PER_MT,1,v1.0,VALID,PROXY,hash_fr_000784,True
785,FREIGHT_BR_TUBARAO_QINGDAO_CAPE,2024-06-05 00:00:00,2024-06-05 18:00:00,28.33,USD_PER_MT,1,v1.0,VALID,PROXY,hash_fr_000785,True
786,FREIGHT_AU_HEDLAND_PARADIP_CAPE,2024-06-06 00:00:00,2024-06-06 18:00:00,15.63,USD_PER_MT,1,v1.0,VALID,PROXY,hash_fr_000786,True
787,FREIGHT_AU_NEWCASTLE_PARADIP_PANAMAX,2024-06-06 00:00:00,2024-06-06 18:00:00,19.55,USD_PER_MT,1,v1.0,VALID,PROXY,hash_fr_000787,True
788,FREIGHT_ID_SAMARINDA_PARADIP_SUPRA,2024-06-06 00:00:00,2024-06-06 18:00:00,12.59,USD_PER_MT,1,v1.0,VALID,PROXY,hash_fr_000788,True
789,FREIGHT_ZA_RICHARDSBAY_PARADIP_PANAMAX,2024-06-06 00:00:00,2024-06-06 18:00:00,18.42,USD_PER_MT,1,v1.0,VALID,PROXY,hash_fr_000789,True
790,FREIGHT_BR_TUBARAO_QINGDAO_CAPE,2024-06-06 00:00:00,2024-06-06 18:00:00,29.06,USD_PER_MT,1,v1.0,VALID,PROXY,hash_fr_000790,True
791,FREIGHT_AU_HEDLAND_PARADIP_CAPE,2024-06-07 00:00:00,2024-06-07 18:00:00,15.09,USD_PER_MT,1,v1.0,VALID,PROXY,hash_fr_000791,True
792,FREIGHT_AU_NEWCASTLE_PARADIP_PANAMAX,2024-06-07 00:00:00,2024-06-07 18:00:00,20.33,USD_PER_MT,1,v1.0,VALID,PROXY,hash_fr_000792,True
793,FREIGHT_ID_SAMARINDA_PARADIP_SUPRA,2024-06-07 00:00:00,2024-06-07 18:00:00,12.7,USD_PER_MT,1,v1.0,VALID,PROXY,hash_fr_000793,True
794,FREIGHT_ZA_RICHARDSBAY_PARADIP_PANAMAX,2024-06-07 00:00:00,2024-06-07 18:00:00,18.03,USD_PER_MT,1,v1.0,VALID,PROXY,hash_fr_000794,True
795,FREIGHT_BR_TUBARAO_QINGDAO_CAPE,2024-06-07 00:00:00,2024-06-07 18:00:00,28.91,USD_PER_MT,1,v1.0,VALID,PROXY,hash_fr_000795,True
796,FREIGHT_AU_HEDLAND_PARADIP_CAPE,2024-06-08 00:00:00,2024-06-08 18:00:00,15.3,USD_PER_MT,1,v1.0,VALID,PROXY,hash_fr_000796,True
797,FREIGHT_AU_NEWCASTLE_PARADIP_PANAMAX,2024-06-08 00:00:00,2024-06-08 18:00:00,19.75,USD_PER_MT,1,v1.0,VALID,PROXY,hash_fr_000797,True
798,FREIGHT_ID_SAMARINDA_PARADIP_SUPRA,2024-06-08 00:00:00,2024-06-08 18:00:00,12.16,USD_PER_MT,1,v1.0,VALID,PROXY,hash_fr_000798,True
799,FREIGHT_ZA_RICHARDSBAY_PARADIP_PANAMAX,2024-06-08 00:00:00,2024-06-08 18:00:00,18.01,USD_PER_MT,1,v1.0,VALID,PROXY,hash_fr_000799,True
800,FREIGHT_BR_TUBARAO_QINGDAO_CAPE,2024-06-08 00:00:00,2024-06-08 18:00:00,28.38,USD_PER_MT,1,v1.0,VALID,PROXY,hash_fr_000800,True
801,FREIGHT_AU_HEDLAND_PARADIP_CAPE,2024-06-09 00:00:00,2024-06-09 18:00:00,15.58,USD_PER_MT,1,v1.0,VALID,PROXY,hash_fr_000801,True
802,FREIGHT_AU_NEWCASTLE_PARADIP_PANAMAX,2024-06-09 00:00:00,2024-06-09 18:00:00,20.02,USD_PER_MT,1,v1.0,VALID,PROXY,hash_fr_000802,True
803,FREIGHT_ID_SAMARINDA_PARADIP_SUPRA,2024-06-09 00:00:00,2024-06-09 18:00:00,12.26,USD_PER_MT,1,v1.0,VALID,PROXY,hash_fr_000803,True
804,FREIGHT_ZA_RICHARDSBAY_PARADIP_PANAMAX,2024-06-09 00:00:00,2024-06-09 18:00:00,17.73,USD_PER_MT,1,v1.0,VALID,PROXY,hash_fr_000804,True
805,FREIGHT_BR_TUBARAO_QINGDAO_CAPE,2024-06-09 00:00:00,2024-06-09 18:00:00,28.67,USD_PER_MT,1,v1.0,VALID,PROXY,hash_fr_000805,True
806,FREIGHT_AU_HEDLAND_PARADIP_CAPE,2024-06-10 00:00:00,2024-06-10 18:00:00,14.91,USD_PER_MT,1,v1.0,VALID,PROXY,hash_fr_000806,True
807,FREIGHT_AU_NEWCASTLE_PARADIP_PANAMAX,2024-06-10 00:00:00,2024-06-10 18:00:00,19.02,USD_PER_MT,1,v1.0,VALID,PROXY,hash_fr_000807,True
808,FREIGHT_ID_SAMARINDA_PARADIP_SUPRA,2024-06-10 00:00:00,2024-06-10 18:00:00,12.64,USD_PER_MT,1,v1.0,VALID,PROXY,hash_fr_000808,True
809,FREIGHT_ZA_RICHARDSBAY_PARADIP_PANAMAX,2024-06-10 00:00:00,2024-06-10 18:00:00,17.85,USD_PER_MT,1,v1.0,VALID,PROXY,hash_fr_000809,True
810,FREIGHT_BR_TUBARAO_QINGDAO_CAPE,2024-06-10 00:00:00,2024-06-10 18:00:00,28.42,USD_PER_MT,1,v1.0,VALID,PROXY,hash_fr_000810,True
811,FREIGHT_AU_HEDLAND_PARADIP_CAPE,2024-06-11 00:00:00,2024-06-11 18:00:00,15.58,USD_PER_MT,1,v1.0,VALID,PROXY,hash_fr_000811,True
812,FREIGHT_AU_NEWCASTLE_PARADIP_PANAMAX,2024-06-11 00:00:00,2024-06-11 18:00:00,20.24,USD_PER_MT,1,v1.0,VALID,PROXY,hash_fr_000812,True
813,FREIGHT_ID_SAMARINDA_PARADIP_SUPRA,2024-06-11 00:00:00,2024-06-11 18:00:00,12.43,USD_PER_MT,1,v1.0,VALID,PROXY,hash_fr_000813,True
814,FREIGHT_ZA_RICHARDSBAY_PARADIP_PANAMAX,2024-06-11 00:00:00,2024-06-11 18:00:00,16.98,USD_PER_MT,1,v1.0,VALID,PROXY,hash_fr_000814,True
815,FREIGHT_BR_TUBARAO_QINGDAO_CAPE,2024-06-11 00:00:00,2024-06-11 18:00:00,28.1,USD_PER_MT,1,v1.0,VALID,PROXY,hash_fr_000815,True
816,FREIGHT_AU_HEDLAND_PARADIP_CAPE,2024-06-12 00:00:00,2024-06-12 18:00:00,15.61,USD_PER_MT,1,v1.0,VALID,PROXY,hash_fr_000816,True
817,FREIGHT_AU_NEWCASTLE_PARADIP_PANAMAX,2024-06-12 00:00:00,2024-06-12 18:00:00,19.47,USD_PER_MT,1,v1.0,VALID,PROXY,hash_fr_000817,True
818,FREIGHT_ID_SAMARINDA_PARADIP_SUPRA,2024-06-12 00:00:00,2024-06-12 18:00:00,12.39,USD_PER_MT,1,v1.0,VALID,PROXY,hash_fr_000818,True
819,FREIGHT_ZA_RICHARDSBAY_PARADIP_PANAMAX,2024-06-12 00:00:00,2024-06-12 18:00:00,17.39,USD_PER_MT,1,v1.0,VALID,PROXY,hash_fr_000819,True
820,FREIGHT_BR_TUBARAO_QINGDAO_CAPE,2024-06-12 00:00:00,2024-06-12 18:00:00,28.07,USD_PER_MT,1,v1.0,VALID,PROXY,hash_fr_000820,True
821,FREIGHT_AU_HEDLAND_PARADIP_CAPE,2024-06-13 00:00:00,2024-06-13 18:00:00,15.2,USD_PER_MT,1,v1.0,VALID,PROXY,hash_fr_000821,True
822,FREIGHT_AU_NEWCASTLE_PARADIP_PANAMAX,2024-06-13 00:00:00,2024-06-13 18:00:00,19.86,USD_PER_MT,1,v1.0,VALID,PROXY,hash_fr_000822,True
823,FREIGHT_ID_SAMARINDA_PARADIP_SUPRA,2024-06-13 00:00:00,2024-06-13 18:00:00,12.14,USD_PER_MT,1,v1.0,VALID,PROXY,hash_fr_000823,True
824,FREIGHT_ZA_RICHARDSBAY_PARADIP_PANAMAX,2024-06-13 00:00:00,2024-06-13 18:00:00,17.24,USD_PER_MT,1,v1.0,VALID,PROXY,hash_fr_000824,True
825,FREIGHT_BR_TUBARAO_QINGDAO_CAPE,2024-06-13 00:00:00,2024-06-13 18:00:00,28.66,USD_PER_MT,1,v1.0,VALID,PROXY,hash_fr_000825,True
826,FREIGHT_AU_HEDLAND_PARADIP_CAPE,2024-06-14 00:00:00,2024-06-14 18:00:00,15.39,USD_PER_MT,1,v1.0,VALID,PROXY,hash_fr_000826,True
827,FREIGHT_AU_NEWCASTLE_PARADIP_PANAMAX,2024-06-14 00:00:00,2024-06-14 18:00:00,19.56,USD_PER_MT,1,v1.0,VALID,PROXY,hash_fr_000827,True
828,FREIGHT_ID_SAMARINDA_PARADIP_SUPRA,2024-06-14 00:00:00,2024-06-14 18:00:00,12.45,USD_PER_MT,1,v1.0,VALID,PROXY,hash_fr_000828,True
829,FREIGHT_ZA_RICHARDSBAY_PARADIP_PANAMAX,2024-06-14 00:00:00,2024-06-14 18:00:00,17.29,USD_PER_MT,1,v1.0,VALID,PROXY,hash_fr_000829,True
830,FREIGHT_BR_TUBARAO_QINGDAO_CAPE,2024-06-14 00:00:00,2024-06-14 18:00:00,27.84,USD_PER_MT,1,v1.0,VALID,PROXY,hash_fr_000830,True
831,FREIGHT_AU_HEDLAND_PARADIP_CAPE,2024-06-15 00:00:00,2024-06-15 18:00:00,14.82,USD_PER_MT,1,v1.0,VALID,PROXY,hash_fr_000831,True
832,FREIGHT_AU_NEWCASTLE_PARADIP_PANAMAX,2024-06-15 00:00:00,2024-06-15 18:00:00,19.82,USD_PER_MT,1,v1.0,VALID,PROXY,hash_fr_000832,True
833,FREIGHT_ID_SAMARINDA_PARADIP_SUPRA,2024-06-15 00:00:00,2024-06-15 18:00:00,11.71,USD_PER_MT,1,v1.0,VALID,PROXY,hash_fr_000833,True
834,FREIGHT_ZA_RICHARDSBAY_PARADIP_PANAMAX,2024-06-15 00:00:00,2024-06-15 18:00:00,17.38,USD_PER_MT,1,v1.0,VALID,PROXY,hash_fr_000834,True
835,FREIGHT_BR_TUBARAO_QINGDAO_CAPE,2024-06-15 00:00:00,2024-06-15 18:00:00,27.69,USD_PER_MT,1,v1.0,VALID,PROXY,hash_fr_000835,True
836,FREIGHT_AU_HEDLAND_PARADIP_CAPE,2024-06-16 00:00:00,2024-06-16 18:00:00,15.59,USD_PER_MT,1,v1.0,VALID,PROXY,hash_fr_000836,True
837,FREIGHT_AU_NEWCASTLE_PARADIP_PANAMAX,2024-06-16 00:00:00,2024-06-16 18:00:00,19.9,USD_PER_MT,1,v1.0,VALID,PROXY,hash_fr_000837,True
838,FREIGHT_ID_SAMARINDA_PARADIP_SUPRA,2024-06-16 00:00:00,2024-06-16 18:00:00,12.14,USD_PER_MT,1,v1.0,VALID,PROXY,hash_fr_000838,True
839,FREIGHT_ZA_RICHARDSBAY_PARADIP_PANAMAX,2024-06-16 00:00:00,2024-06-16 18:00:00,16.85,USD_PER_MT,1,v1.0,VALID,PROXY,hash_fr_000839,True
840,FREIGHT_BR_TUBARAO_QINGDAO_CAPE,2024-06-16 00:00:00,2024-06-16 18:00:00,28.37,USD_PER_MT,1,v1.0,VALID,PROXY,hash_fr_000840,True
841,FREIGHT_AU_HEDLAND_PARADIP_CAPE,2024-06-17 00:00:00,2024-06-17 18:00:00,15.4,USD_PER_MT,1,v1.0,VALID,PROXY,hash_fr_000841,True
842,FREIGHT_AU_NEWCASTLE_PARADIP_PANAMAX,2024-06-17 00:00:00,2024-06-17 18:00:00,19.2,USD_PER_MT,1,v1.0,VALID,PROXY,hash_fr_000842,True
843,FREIGHT_ID_SAMARINDA_PARADIP_SUPRA,2024-06-17 00:00:00,2024-06-17 18:00:00,12.15,USD_PER_MT,1,v1.0,VALID,PROXY,hash_fr_000843,True
844,FREIGHT_ZA_RICHARDSBAY_PARADIP_PANAMAX,2024-06-17 00:00:00,2024-06-17 18:00:00,17.4,USD_PER_MT,1,v1.0,VALID,PROXY,hash_fr_000844,True
845,FREIGHT_BR_TUBARAO_QINGDAO_CAPE,2024-06-17 00:00:00,2024-06-17 18:00:00,27.96,USD_PER_MT,1,v1.0,VALID,PROXY,hash_fr_000845,True
846,FREIGHT_AU_HEDLAND_PARADIP_CAPE,2024-06-18 00:00:00,2024-06-18 18:00:00,15.02,USD_PER_MT,1,v1.0,VALID,PROXY,hash_fr_000846,True
847,FREIGHT_AU_NEWCASTLE_PARADIP_PANAMAX,2024-06-18 00:00:00,2024-06-18 18:00:00,19.9,USD_PER_MT,1,v1.0,VALID,PROXY,hash_fr_000847,True
848,FREIGHT_ID_SAMARINDA_PARADIP_SUPRA,2024-06-18 00:00:00,2024-06-18 18:00:00,12.31,USD_PER_MT,1,v1.0,VALID,PROXY,hash_fr_000848,True
849,FREIGHT_ZA_RICHARDSBAY_PARADIP_PANAMAX,2024-06-18 00:00:00,2024-06-18 18:00:00,17.37,USD_PER_MT,1,v1.0,VALID,PROXY,hash_fr_000849,True
850,FREIGHT_BR_TUBARAO_QINGDAO_CAPE,2024-06-18 00:00:00,2024-06-18 18:00:00,27.62,USD_PER_MT,1,v1.0,VALID,PROXY,hash_fr_000850,True
851,FREIGHT_AU_HEDLAND_PARADIP_CAPE,2024-06-19 00:00:00,2024-06-19 18:00:00,15.62,USD_PER_MT,1,v1.0,VALID,PROXY,hash_fr_000851,True
852,FREIGHT_AU_NEWCASTLE_PARADIP_PANAMAX,2024-06-19 00:00:00,2024-06-19 18:00:00,19.37,USD_PER_MT,1,v1.0,VALID,PROXY,hash_fr_000852,True
853,FREIGHT_ID_SAMARINDA_PARADIP_SUPRA,2024-06-19 00:00:00,2024-06-19 18:00:00,12.99,USD_PER_MT,1,v1.0,VALID,PROXY,hash_fr_000853,True
854,FREIGHT_ZA_RICHARDSBAY_PARADIP_PANAMAX,2024-06-19 00:00:00,2024-06-19 18:00:00,17.23,USD_PER_MT,1,v1.0,VALID,PROXY,hash_fr_000854,True
855,FREIGHT_BR_TUBARAO_QINGDAO_CAPE,2024-06-19 00:00:00,2024-06-19 18:00:00,28.35,USD_PER_MT,1,v1.0,VALID,PROXY,hash_fr_000855,True
856,FREIGHT_AU_HEDLAND_PARADIP_CAPE,2024-06-20 00:00:00,2024-06-20 18:00:00,15.4,USD_PER_MT,1,v1.0,VALID,PROXY,hash_fr_000856,True
857,FREIGHT_AU_NEWCASTLE_PARADIP_PANAMAX,2024-06-20 00:00:00,2024-06-20 18:00:00,20.11,USD_PER_MT,1,v1.0,VALID,PROXY,hash_fr_000857,True
858,FREIGHT_ID_SAMARINDA_PARADIP_SUPRA,2024-06-20 00:00:00,2024-06-20 18:00:00,13.02,USD_PER_MT,1,v1.0,VALID,PROXY,hash_fr_000858,True
859,FREIGHT_ZA_RICHARDSBAY_PARADIP_PANAMAX,2024-06-20 00:00:00,2024-06-20 18:00:00,17.74,USD_PER_MT,1,v1.0,VALID,PROXY,hash_fr_000859,True
860,FREIGHT_BR_TUBARAO_QINGDAO_CAPE,2024-06-20 00:00:00,2024-06-20 18:00:00,28.26,USD_PER_MT,1,v1.0,VALID,PROXY,hash_fr_000860,True
861,FREIGHT_AU_HEDLAND_PARADIP_CAPE,2024-06-21 00:00:00,2024-06-21 18:00:00,15.25,USD_PER_MT,1,v1.0,VALID,PROXY,hash_fr_000861,True
862,FREIGHT_AU_NEWCASTLE_PARADIP_PANAMAX,2024-06-21 00:00:00,2024-06-21 18:00:00,19.94,USD_PER_MT,1,v1.0,VALID,PROXY,hash_fr_000862,True
863,FREIGHT_ID_SAMARINDA_PARADIP_SUPRA,2024-06-21 00:00:00,2024-06-21 18:00:00,12.45,USD_PER_MT,1,v1.0,VALID,PROXY,hash_fr_000863,True
864,FREIGHT_ZA_RICHARDSBAY_PARADIP_PANAMAX,2024-06-21 00:00:00,2024-06-21 18:00:00,18.06,USD_PER_MT,1,v1.0,VALID,PROXY,hash_fr_000864,True
865,FREIGHT_BR_TUBARAO_QINGDAO_CAPE,2024-06-21 00:00:00,2024-06-21 18:00:00,27.79,USD_PER_MT,1,v1.0,VALID,PROXY,hash_fr_000865,True
866,FREIGHT_AU_HEDLAND_PARADIP_CAPE,2024-06-22 00:00:00,2024-06-22 18:00:00,15.17,USD_PER_MT,1,v1.0,VALID,PROXY,hash_fr_000866,True
867,FREIGHT_AU_NEWCASTLE_PARADIP_PANAMAX,2024-06-22 00:00:00,2024-06-22 18:00:00,19.81,USD_PER_MT,1,v1.0,VALID,PROXY,hash_fr_000867,True
868,FREIGHT_ID_SAMARINDA_PARADIP_SUPRA,2024-06-22 00:00:00,2024-06-22 18:00:00,12.66,USD_PER_MT,1,v1.0,VALID,PROXY,hash_fr_000868,True
869,FREIGHT_ZA_RICHARDSBAY_PARADIP_PANAMAX,2024-06-22 00:00:00,2024-06-22 18:00:00,17.05,USD_PER_MT,1,v1.0,VALID,PROXY,hash_fr_000869,True
870,FREIGHT_BR_TUBARAO_QINGDAO_CAPE,2024-06-22 00:00:00,2024-06-22 18:00:00,28.54,USD_PER_MT,1,v1.0,VALID,PROXY,hash_fr_000870,True
871,FREIGHT_AU_HEDLAND_PARADIP_CAPE,2024-06-23 00:00:00,2024-06-23 18:00:00,15.5,USD_PER_MT,1,v1.0,VALID,PROXY,hash_fr_000871,True
872,FREIGHT_AU_NEWCASTLE_PARADIP_PANAMAX,2024-06-23 00:00:00,2024-06-23 18:00:00,20.5,USD_PER_MT,1,v1.0,VALID,PROXY,hash_fr_000872,True
873,FREIGHT_ID_SAMARINDA_PARADIP_SUPRA,2024-06-23 00:00:00,2024-06-23 18:00:00,12.44,USD_PER_MT,1,v1.0,VALID,PROXY,hash_fr_000873,True
874,FREIGHT_ZA_RICHARDSBAY_PARADIP_PANAMAX,2024-06-23 00:00:00,2024-06-23 18:00:00,17.75,USD_PER_MT,1,v1.0,VALID,PROXY,hash_fr_000874,True
875,FREIGHT_BR_TUBARAO_QINGDAO_CAPE,2024-06-23 00:00:00,2024-06-23 18:00:00,28.34,USD_PER_MT,1,v1.0,VALID,PROXY,hash_fr_000875,True
876,FREIGHT_AU_HEDLAND_PARADIP_CAPE,2024-06-24 00:00:00,2024-06-24 18:00:00,15.54,USD_PER_MT,1,v1.0,VALID,PROXY,hash_fr_000876,True
877,FREIGHT_AU_NEWCASTLE_PARADIP_PANAMAX,2024-06-24 00:00:00,2024-06-24 18:00:00,20.49,USD_PER_MT,1,v1.0,VALID,PROXY,hash_fr_000877,True
878,FREIGHT_ID_SAMARINDA_PARADIP_SUPRA,2024-06-24 00:00:00,2024-06-24 18:00:00,12.68,USD_PER_MT,1,v1.0,VALID,PROXY,hash_fr_000878,True
879,FREIGHT_ZA_RICHARDSBAY_PARADIP_PANAMAX,2024-06-24 00:00:00,2024-06-24 18:00:00,18.22,USD_PER_MT,1,v1.0,VALID,PROXY,hash_fr_000879,True
880,FREIGHT_BR_TUBARAO_QINGDAO_CAPE,2024-06-24 00:00:00,2024-06-24 18:00:00,27.74,USD_PER_MT,1,v1.0,VALID,PROXY,hash_fr_000880,True
881,FREIGHT_AU_HEDLAND_PARADIP_CAPE,2024-06-25 00:00:00,2024-06-25 18:00:00,16.05,USD_PER_MT,1,v1.0,VALID,PROXY,hash_fr_000881,True
882,FREIGHT_AU_NEWCASTLE_PARADIP_PANAMAX,2024-06-25 00:00:00,2024-06-25 18:00:00,20.36,USD_PER_MT,1,v1.0,VALID,PROXY,hash_fr_000882,True
883,FREIGHT_ID_SAMARINDA_PARADIP_SUPRA,2024-06-25 00:00:00,2024-06-25 18:00:00,12.59,USD_PER_MT,1,v1.0,VALID,PROXY,hash_fr_000883,True
884,FREIGHT_ZA_RICHARDSBAY_PARADIP_PANAMAX,2024-06-25 00:00:00,2024-06-25 18:00:00,17.87,USD_PER_MT,1,v1.0,VALID,PROXY,hash_fr_000884,True
885,FREIGHT_BR_TUBARAO_QINGDAO_CAPE,2024-06-25 00:00:00,2024-06-25 18:00:00,29.19,USD_PER_MT,1,v1.0,VALID,PROXY,hash_fr_000885,True
886,FREIGHT_AU_HEDLAND_PARADIP_CAPE,2024-06-26 00:00:00,2024-06-26 18:00:00,15.91,USD_PER_MT,1,v1.0,VALID,PROXY,hash_fr_000886,True
887,FREIGHT_AU_NEWCASTLE_PARADIP_PANAMAX,2024-06-26 00:00:00,2024-06-26 18:00:00,20.56,USD_PER_MT,1,v1.0,VALID,PROXY,hash_fr_000887,True
888,FREIGHT_ID_SAMARINDA_PARADIP_SUPRA,2024-06-26 00:00:00,2024-06-26 18:00:00,13.04,USD_PER_MT,1,v1.0,VALID,PROXY,hash_fr_000888,True
889,FREIGHT_ZA_RICHARDSBAY_PARADIP_PANAMAX,2024-06-26 00:00:00,2024-06-26 18:00:00,18.48,USD_PER_MT,1,v1.0,VALID,PROXY,hash_fr_000889,True
890,FREIGHT_BR_TUBARAO_QINGDAO_CAPE,2024-06-26 00:00:00,2024-06-26 18:00:00,29.43,USD_PER_MT,1,v1.0,VALID,PROXY,hash_fr_000890,True
891,FREIGHT_AU_HEDLAND_PARADIP_CAPE,2024-06-27 00:00:00,2024-06-27 18:00:00,16.3,USD_PER_MT,1,v1.0,VALID,PROXY,hash_fr_000891,True
892,FREIGHT_AU_NEWCASTLE_PARADIP_PANAMAX,2024-06-27 00:00:00,2024-06-27 18:00:00,21.03,USD_PER_MT,1,v1.0,VALID,PROXY,hash_fr_000892,True
893,FREIGHT_ID_SAMARINDA_PARADIP_SUPRA,2024-06-27 00:00:00,2024-06-27 18:00:00,13.2,USD_PER_MT,1,v1.0,VALID,PROXY,hash_fr_000893,True
894,FREIGHT_ZA_RICHARDSBAY_PARADIP_PANAMAX,2024-06-27 00:00:00,2024-06-27 18:00:00,18.84,USD_PER_MT,1,v1.0,VALID,PROXY,hash_fr_000894,True
895,FREIGHT_BR_TUBARAO_QINGDAO_CAPE,2024-06-27 00:00:00,2024-06-27 18:00:00,29.83,USD_PER_MT,1,v1.0,VALID,PROXY,hash_fr_000895,True
896,FREIGHT_AU_HEDLAND_PARADIP_CAPE,2024-06-28 00:00:00,2024-06-28 18:00:00,15.8,USD_PER_MT,1,v1.0,VALID,PROXY,hash_fr_000896,True
897,FREIGHT_AU_NEWCASTLE_PARADIP_PANAMAX,2024-06-28 00:00:00,2024-06-28 18:00:00,20.07,USD_PER_MT,1,v1.0,VALID,PROXY,hash_fr_000897,True
898,FREIGHT_ID_SAMARINDA_PARADIP_SUPRA,2024-06-28 00:00:00,2024-06-28 18:00:00,13.06,USD_PER_MT,1,v1.0,VALID,PROXY,hash_fr_000898,True
899,FREIGHT_ZA_RICHARDSBAY_PARADIP_PANAMAX,2024-06-28 00:00:00,2024-06-28 18:00:00,18.54,USD_PER_MT,1,v1.0,VALID,PROXY,hash_fr_000899,True
900,FREIGHT_BR_TUBARAO_QINGDAO_CAPE,2024-06-28 00:00:00,2024-06-28 18:00:00,29.44,USD_PER_MT,1,v1.0,VALID,PROXY,hash_fr_000900,True
901,FREIGHT_AU_HEDLAND_PARADIP_CAPE,2024-06-29 00:00:00,2024-06-29 18:00:00,16.38,USD_PER_MT,1,v1.0,VALID,PROXY,hash_fr_000901,True
902,FREIGHT_AU_NEWCASTLE_PARADIP_PANAMAX,2024-06-29 00:00:00,2024-06-29 18:00:00,20.78,USD_PER_MT,1,v1.0,VALID,PROXY,hash_fr_000902,True
903,FREIGHT_ID_SAMARINDA_PARADIP_SUPRA,2024-06-29 00:00:00,2024-06-29 18:00:00,12.95,USD_PER_MT,1,v1.0,VALID,PROXY,hash_fr_000903,True
904,FREIGHT_ZA_RICHARDSBAY_PARADIP_PANAMAX,2024-06-29 00:00:00,2024-06-29 18:00:00,18.46,USD_PER_MT,1,v1.0,VALID,PROXY,hash_fr_000904,True
905,FREIGHT_BR_TUBARAO_QINGDAO_CAPE,2024-06-29 00:00:00,2024-06-29 18:00:00,29.89,USD_PER_MT,1,v1.0,VALID,PROXY,hash_fr_000905,True
906,FREIGHT_AU_HEDLAND_PARADIP_CAPE,2024-06-30 00:00:00,2024-06-30 18:00:00,16.27,USD_PER_MT,1,v1.0,VALID,PROXY,hash_fr_000906,True
907,FREIGHT_AU_NEWCASTLE_PARADIP_PANAMAX,2024-06-30 00:00:00,2024-06-30 18:00:00,20.8,USD_PER_MT,1,v1.0,VALID,PROXY,hash_fr_000907,True
908,FREIGHT_ID_SAMARINDA_PARADIP_SUPRA,2024-06-30 00:00:00,2024-06-30 18:00:00,13.32,USD_PER_MT,1,v1.0,VALID,PROXY,hash_fr_000908,True
909,FREIGHT_ZA_RICHARDSBAY_PARADIP_PANAMAX,2024-06-30 00:00:00,2024-06-30 18:00:00,19.03,USD_PER_MT,1,v1.0,VALID,PROXY,hash_fr_000909,True
910,FREIGHT_BR_TUBARAO_QINGDAO_CAPE,2024-06-30 00:00:00,2024-06-30 18:00:00,30.39,USD_PER_MT,1,v1.0,VALID,PROXY,hash_fr_000910,True
911,FREIGHT_AU_HEDLAND_PARADIP_CAPE,2024-07-01 00:00:00,2024-07-01 18:00:00,17.03,USD_PER_MT,1,v1.0,VALID,PROXY,hash_fr_000911,True
912,FREIGHT_AU_NEWCASTLE_PARADIP_PANAMAX,2024-07-01 00:00:00,2024-07-01 18:00:00,21.01,USD_PER_MT,1,v1.0,VALID,PROXY,hash_fr_000912,True
913,FREIGHT_ID_SAMARINDA_PARADIP_SUPRA,2024-07-01 00:00:00,2024-07-01 18:00:00,13.42,USD_PER_MT,1,v1.0,VALID,PROXY,hash_fr_000913,True
914,FREIGHT_ZA_RICHARDSBAY_PARADIP_PANAMAX,2024-07-01 00:00:00,2024-07-01 18:00:00,18.42,USD_PER_MT,1,v1.0,VALID,PROXY,hash_fr_000914,True
915,FREIGHT_BR_TUBARAO_QINGDAO_CAPE,2024-07-01 00:00:00,2024-07-01 18:00:00,29.63,USD_PER_MT,1,v1.0,VALID,PROXY,hash_fr_000915,True
916,FREIGHT_AU_HEDLAND_PARADIP_CAPE,2024-07-02 00:00:00,2024-07-02 18:00:00,16.38,USD_PER_MT,1,v1.0,VALID,PROXY,hash_fr_000916,True
917,FREIGHT_AU_NEWCASTLE_PARADIP_PANAMAX,2024-07-02 00:00:00,2024-07-02 18:00:00,21.14,USD_PER_MT,1,v1.0,VALID,PROXY,hash_fr_000917,True
918,FREIGHT_ID_SAMARINDA_PARADIP_SUPRA,2024-07-02 00:00:00,2024-07-02 18:00:00,13.3,USD_PER_MT,1,v1.0,VALID,PROXY,hash_fr_000918,True
919,FREIGHT_ZA_RICHARDSBAY_PARADIP_PANAMAX,2024-07-02 00:00:00,2024-07-02 18:00:00,19.0,USD_PER_MT,1,v1.0,VALID,PROXY,hash_fr_000919,True
920,FREIGHT_BR_TUBARAO_QINGDAO_CAPE,2024-07-02 00:00:00,2024-07-02 18:00:00,31.03,USD_PER_MT,1,v1.0,VALID,PROXY,hash_fr_000920,True
921,FREIGHT_AU_HEDLAND_PARADIP_CAPE,2024-07-03 00:00:00,2024-07-03 18:00:00,16.99,USD_PER_MT,1,v1.0,VALID,PROXY,hash_fr_000921,True
922,FREIGHT_AU_NEWCASTLE_PARADIP_PANAMAX,2024-07-03 00:00:00,2024-07-03 18:00:00,21.13,USD_PER_MT,1,v1.0,VALID,PROXY,hash_fr_000922,True
923,FREIGHT_ID_SAMARINDA_PARADIP_SUPRA,2024-07-03 00:00:00,2024-07-03 18:00:00,13.61,USD_PER_MT,1,v1.0,VALID,PROXY,hash_fr_000923,True
924,FREIGHT_ZA_RICHARDSBAY_PARADIP_PANAMAX,2024-07-03 00:00:00,2024-07-03 18:00:00,18.43,USD_PER_MT,1,v1.0,VALID,PROXY,hash_fr_000924,True
925,FREIGHT_BR_TUBARAO_QINGDAO_CAPE,2024-07-03 00:00:00,2024-07-03 18:00:00,30.16,USD_PER_MT,1,v1.0,VALID,PROXY,hash_fr_000925,True
926,FREIGHT_AU_HEDLAND_PARADIP_CAPE,2024-07-04 00:00:00,2024-07-04 18:00:00,17.05,USD_PER_MT,1,v1.0,VALID,PROXY,hash_fr_000926,True
927,FREIGHT_AU_NEWCASTLE_PARADIP_PANAMAX,2024-07-04 00:00:00,2024-07-04 18:00:00,21.76,USD_PER_MT,1,v1.0,VALID,PROXY,hash_fr_000927,True
928,FREIGHT_ID_SAMARINDA_PARADIP_SUPRA,2024-07-04 00:00:00,2024-07-04 18:00:00,13.54,USD_PER_MT,1,v1.0,VALID,PROXY,hash_fr_000928,True
929,FREIGHT_ZA_RICHARDSBAY_PARADIP_PANAMAX,2024-07-04 00:00:00,2024-07-04 18:00:00,19.17,USD_PER_MT,1,v1.0,VALID,PROXY,hash_fr_000929,True
930,FREIGHT_BR_TUBARAO_QINGDAO_CAPE,2024-07-04 00:00:00,2024-07-04 18:00:00,31.06,USD_PER_MT,1,v1.0,VALID,PROXY,hash_fr_000930,True
931,FREIGHT_AU_HEDLAND_PARADIP_CAPE,2024-07-05 00:00:00,2024-07-05 18:00:00,17.25,USD_PER_MT,1,v1.0,VALID,PROXY,hash_fr_000931,True
932,FREIGHT_AU_NEWCASTLE_PARADIP_PANAMAX,2024-07-05 00:00:00,2024-07-05 18:00:00,21.65,USD_PER_MT,1,v1.0,VALID,PROXY,hash_fr_000932,True
933,FREIGHT_ID_SAMARINDA_PARADIP_SUPRA,2024-07-05 00:00:00,2024-07-05 18:00:00,12.98,USD_PER_MT,1,v1.0,VALID,PROXY,hash_fr_000933,True
934,FREIGHT_ZA_RICHARDSBAY_PARADIP_PANAMAX,2024-07-05 00:00:00,2024-07-05 18:00:00,19.13,USD_PER_MT,1,v1.0,VALID,PROXY,hash_fr_000934,True
935,FREIGHT_BR_TUBARAO_QINGDAO_CAPE,2024-07-05 00:00:00,2024-07-05 18:00:00,29.88,USD_PER_MT,1,v1.0,VALID,PROXY,hash_fr_000935,True
936,FREIGHT_AU_HEDLAND_PARADIP_CAPE,2024-07-06 00:00:00,2024-07-06 18:00:00,17.48,USD_PER_MT,1,v1.0,VALID,PROXY,hash_fr_000936,True
937,FREIGHT_AU_NEWCASTLE_PARADIP_PANAMAX,2024-07-06 00:00:00,2024-07-06 18:00:00,21.44,USD_PER_MT,1,v1.0,VALID,PROXY,hash_fr_000937,True
938,FREIGHT_ID_SAMARINDA_PARADIP_SUPRA,2024-07-06 00:00:00,2024-07-06 18:00:00,13.3,USD_PER_MT,1,v1.0,VALID,PROXY,hash_fr_000938,True
939,FREIGHT_ZA_RICHARDSBAY_PARADIP_PANAMAX,2024-07-06 00:00:00,2024-07-06 18:00:00,19.51,USD_PER_MT,1,v1.0,VALID,PROXY,hash_fr_000939,True
940,FREIGHT_BR_TUBARAO_QINGDAO_CAPE,2024-07-06 00:00:00,2024-07-06 18:00:00,30.63,USD_PER_MT,1,v1.0,VALID,PROXY,hash_fr_000940,True
941,FREIGHT_AU_HEDLAND_PARADIP_CAPE,2024-07-07 00:00:00,2024-07-07 18:00:00,17.36,USD_PER_MT,1,v1.0,VALID,PROXY,hash_fr_000941,True
942,FREIGHT_AU_NEWCASTLE_PARADIP_PANAMAX,2024-07-07 00:00:00,2024-07-07 18:00:00,21.49,USD_PER_MT,1,v1.0,VALID,PROXY,hash_fr_000942,True
943,FREIGHT_ID_SAMARINDA_PARADIP_SUPRA,2024-07-07 00:00:00,2024-07-07 18:00:00,13.48,USD_PER_MT,1,v1.0,VALID,PROXY,hash_fr_000943,True
944,FREIGHT_ZA_RICHARDSBAY_PARADIP_PANAMAX,2024-07-07 00:00:00,2024-07-07 18:00:00,19.88,USD_PER_MT,1,v1.0,VALID,PROXY,hash_fr_000944,True
945,FREIGHT_BR_TUBARAO_QINGDAO_CAPE,2024-07-07 00:00:00,2024-07-07 18:00:00,30.23,USD_PER_MT,1,v1.0,VALID,PROXY,hash_fr_000945,True
946,FREIGHT_AU_HEDLAND_PARADIP_CAPE,2024-07-08 00:00:00,2024-07-08 18:00:00,16.9,USD_PER_MT,1,v1.0,VALID,PROXY,hash_fr_000946,True
947,FREIGHT_AU_NEWCASTLE_PARADIP_PANAMAX,2024-07-08 00:00:00,2024-07-08 18:00:00,22.16,USD_PER_MT,1,v1.0,VALID,PROXY,hash_fr_000947,True
948,FREIGHT_ID_SAMARINDA_PARADIP_SUPRA,2024-07-08 00:00:00,2024-07-08 18:00:00,13.71,USD_PER_MT,1,v1.0,VALID,PROXY,hash_fr_000948,True
949,FREIGHT_ZA_RICHARDSBAY_PARADIP_PANAMAX,2024-07-08 00:00:00,2024-07-08 18:00:00,19.57,USD_PER_MT,1,v1.0,VALID,PROXY,hash_fr_000949,True
950,FREIGHT_BR_TUBARAO_QINGDAO_CAPE,2024-07-08 00:00:00,2024-07-08 18:00:00,30.45,USD_PER_MT,1,v1.0,VALID,PROXY,hash_fr_000950,True
951,FREIGHT_AU_HEDLAND_PARADIP_CAPE,2024-07-09 00:00:00,2024-07-09 18:00:00,17.17,USD_PER_MT,1,v1.0,VALID,PROXY,hash_fr_000951,True
952,FREIGHT_AU_NEWCASTLE_PARADIP_PANAMAX,2024-07-09 00:00:00,2024-07-09 18:00:00,21.2,USD_PER_MT,1,v1.0,VALID,PROXY,hash_fr_000952,True
953,FREIGHT_ID_SAMARINDA_PARADIP_SUPRA,2024-07-09 00:00:00,2024-07-09 18:00:00,14.03,USD_PER_MT,1,v1.0,VALID,PROXY,hash_fr_000953,True
954,FREIGHT_ZA_RICHARDSBAY_PARADIP_PANAMAX,2024-07-09 00:00:00,2024-07-09 18:00:00,19.6,USD_PER_MT,1,v1.0,VALID,PROXY,hash_fr_000954,True
955,FREIGHT_BR_TUBARAO_QINGDAO_CAPE,2024-07-09 00:00:00,2024-07-09 18:00:00,31.49,USD_PER_MT,1,v1.0,VALID,PROXY,hash_fr_000955,True
956,FREIGHT_AU_HEDLAND_PARADIP_CAPE,2024-07-10 00:00:00,2024-07-10 18:00:00,17.28,USD_PER_MT,1,v1.0,VALID,PROXY,hash_fr_000956,True
957,FREIGHT_AU_NEWCASTLE_PARADIP_PANAMAX,2024-07-10 00:00:00,2024-07-10 18:00:00,22.37,USD_PER_MT,1,v1.0,VALID,PROXY,hash_fr_000957,True
958,FREIGHT_ID_SAMARINDA_PARADIP_SUPRA,2024-07-10 00:00:00,2024-07-10 18:00:00,13.68,USD_PER_MT,1,v1.0,VALID,PROXY,hash_fr_000958,True
959,FREIGHT_ZA_RICHARDSBAY_PARADIP_PANAMAX,2024-07-10 00:00:00,2024-07-10 18:00:00,18.73,USD_PER_MT,1,v1.0,VALID,PROXY,hash_fr_000959,True
960,FREIGHT_BR_TUBARAO_QINGDAO_CAPE,2024-07-10 00:00:00,2024-07-10 18:00:00,31.49,USD_PER_MT,1,v1.0,VALID,PROXY,hash_fr_000960,True
961,FREIGHT_AU_HEDLAND_PARADIP_CAPE,2024-07-11 00:00:00,2024-07-11 18:00:00,17.91,USD_PER_MT,1,v1.0,VALID,PROXY,hash_fr_000961,True
962,FREIGHT_AU_NEWCASTLE_PARADIP_PANAMAX,2024-07-11 00:00:00,2024-07-11 18:00:00,22.54,USD_PER_MT,1,v1.0,VALID,PROXY,hash_fr_000962,True
963,FREIGHT_ID_SAMARINDA_PARADIP_SUPRA,2024-07-11 00:00:00,2024-07-11 18:00:00,13.56,USD_PER_MT,1,v1.0,VALID,PROXY,hash_fr_000963,True
964,FREIGHT_ZA_RICHARDSBAY_PARADIP_PANAMAX,2024-07-11 00:00:00,2024-07-11 18:00:00,19.34,USD_PER_MT,1,v1.0,VALID,PROXY,hash_fr_000964,True
965,FREIGHT_BR_TUBARAO_QINGDAO_CAPE,2024-07-11 00:00:00,2024-07-11 18:00:00,31.33,USD_PER_MT,1,v1.0,VALID,PROXY,hash_fr_000965,True
966,FREIGHT_AU_HEDLAND_PARADIP_CAPE,2024-07-12 00:00:00,2024-07-12 18:00:00,17.62,USD_PER_MT,1,v1.0,VALID,PROXY,hash_fr_000966,True
967,FREIGHT_AU_NEWCASTLE_PARADIP_PANAMAX,2024-07-12 00:00:00,2024-07-12 18:00:00,21.97,USD_PER_MT,1,v1.0,VALID,PROXY,hash_fr_000967,True
968,FREIGHT_ID_SAMARINDA_PARADIP_SUPRA,2024-07-12 00:00:00,2024-07-12 18:00:00,13.38,USD_PER_MT,1,v1.0,VALID,PROXY,hash_fr_000968,True
969,FREIGHT_ZA_RICHARDSBAY_PARADIP_PANAMAX,2024-07-12 00:00:00,2024-07-12 18:00:00,19.33,USD_PER_MT,1,v1.0,VALID,PROXY,hash_fr_000969,True
970,FREIGHT_BR_TUBARAO_QINGDAO_CAPE,2024-07-12 00:00:00,2024-07-12 18:00:00,30.52,USD_PER_MT,1,v1.0,VALID,PROXY,hash_fr_000970,True
971,FREIGHT_AU_HEDLAND_PARADIP_CAPE,2024-07-13 00:00:00,2024-07-13 18:00:00,16.79,USD_PER_MT,1,v1.0,VALID,PROXY,hash_fr_000971,True
972,FREIGHT_AU_NEWCASTLE_PARADIP_PANAMAX,2024-07-13 00:00:00,2024-07-13 18:00:00,21.84,USD_PER_MT,1,v1.0,VALID,PROXY,hash_fr_000972,True
973,FREIGHT_ID_SAMARINDA_PARADIP_SUPRA,2024-07-13 00:00:00,2024-07-13 18:00:00,13.33,USD_PER_MT,1,v1.0,VALID,PROXY,hash_fr_000973,True
974,FREIGHT_ZA_RICHARDSBAY_PARADIP_PANAMAX,2024-07-13 00:00:00,2024-07-13 18:00:00,19.66,USD_PER_MT,1,v1.0,VALID,PROXY,hash_fr_000974,True
975,FREIGHT_BR_TUBARAO_QINGDAO_CAPE,2024-07-13 00:00:00,2024-07-13 18:00:00,31.85,USD_PER_MT,1,v1.0,VALID,PROXY,hash_fr_000975,True
976,FREIGHT_AU_HEDLAND_PARADIP_CAPE,2024-07-14 00:00:00,2024-07-14 18:00:00,17.8,USD_PER_MT,1,v1.0,VALID,PROXY,hash_fr_000976,True
977,FREIGHT_AU_NEWCASTLE_PARADIP_PANAMAX,2024-07-14 00:00:00,2024-07-14 18:00:00,21.79,USD_PER_MT,1,v1.0,VALID,PROXY,hash_fr_000977,True
978,FREIGHT_ID_SAMARINDA_PARADIP_SUPRA,2024-07-14 00:00:00,2024-07-14 18:00:00,13.37,USD_PER_MT,1,v1.0,VALID,PROXY,hash_fr_000978,True
979,FREIGHT_ZA_RICHARDSBAY_PARADIP_PANAMAX,2024-07-14 00:00:00,2024-07-14 18:00:00,19.26,USD_PER_MT,1,v1.0,VALID,PROXY,hash_fr_000979,True
980,FREIGHT_BR_TUBARAO_QINGDAO_CAPE,2024-07-14 00:00:00,2024-07-14 18:00:00,31.19,USD_PER_MT,1,v1.0,VALID,PROXY,hash_fr_000980,True
981,FREIGHT_AU_HEDLAND_PARADIP_CAPE,2024-07-15 00:00:00,2024-07-15 18:00:00,17.61,USD_PER_MT,1,v1.0,VALID,PROXY,hash_fr_000981,True
982,FREIGHT_AU_NEWCASTLE_PARADIP_PANAMAX,2024-07-15 00:00:00,2024-07-15 18:00:00,22.24,USD_PER_MT,1,v1.0,VALID,PROXY,hash_fr_000982,True
983,FREIGHT_ID_SAMARINDA_PARADIP_SUPRA,2024-07-15 00:00:00,2024-07-15 18:00:00,13.89,USD_PER_MT,1,v1.0,VALID,PROXY,hash_fr_000983,True
984,FREIGHT_ZA_RICHARDSBAY_PARADIP_PANAMAX,2024-07-15 00:00:00,2024-07-15 18:00:00,19.18,USD_PER_MT,1,v1.0,VALID,PROXY,hash_fr_000984,True
985,FREIGHT_BR_TUBARAO_QINGDAO_CAPE,2024-07-15 00:00:00,2024-07-15 18:00:00,31.25,USD_PER_MT,1,v1.0,VALID,PROXY,hash_fr_000985,True
986,FREIGHT_AU_HEDLAND_PARADIP_CAPE,2024-07-16 00:00:00,2024-07-16 18:00:00,17.24,USD_PER_MT,1,v1.0,VALID,PROXY,hash_fr_000986,True
987,FREIGHT_AU_NEWCASTLE_PARADIP_PANAMAX,2024-07-16 00:00:00,2024-07-16 18:00:00,22.09,USD_PER_MT,1,v1.0,VALID,PROXY,hash_fr_000987,True
988,FREIGHT_ID_SAMARINDA_PARADIP_SUPRA,2024-07-16 00:00:00,2024-07-16 18:00:00,13.28,USD_PER_MT,1,v1.0,VALID,PROXY,hash_fr_000988,True
989,FREIGHT_ZA_RICHARDSBAY_PARADIP_PANAMAX,2024-07-16 00:00:00,2024-07-16 18:00:00,19.14,USD_PER_MT,1,v1.0,VALID,PROXY,hash_fr_000989,True
990,FREIGHT_BR_TUBARAO_QINGDAO_CAPE,2024-07-16 00:00:00,2024-07-16 18:00:00,30.73,USD_PER_MT,1,v1.0,VALID,PROXY,hash_fr_000990,True
991,FREIGHT_AU_HEDLAND_PARADIP_CAPE,2024-07-17 00:00:00,2024-07-17 18:00:00,17.04,USD_PER_MT,1,v1.0,VALID,PROXY,hash_fr_000991,True
992,FREIGHT_AU_NEWCASTLE_PARADIP_PANAMAX,2024-07-17 00:00:00,2024-07-17 18:00:00,21.99,USD_PER_MT,1,v1.0,VALID,PROXY,hash_fr_000992,True
993,FREIGHT_ID_SAMARINDA_PARADIP_SUPRA,2024-07-17 00:00:00,2024-07-17 18:00:00,13.14,USD_PER_MT,1,v1.0,VALID,PROXY,hash_fr_000993,True
994,FREIGHT_ZA_RICHARDSBAY_PARADIP_PANAMAX,2024-07-17 00:00:00,2024-07-17 18:00:00,19.51,USD_PER_MT,1,v1.0,VALID,PROXY,hash_fr_000994,True
995,FREIGHT_BR_TUBARAO_QINGDAO_CAPE,2024-07-17 00:00:00,2024-07-17 18:00:00,31.22,USD_PER_MT,1,v1.0,VALID,PROXY,hash_fr_000995,True
996,FREIGHT_AU_HEDLAND_PARADIP_CAPE,2024-07-18 00:00:00,2024-07-18 18:00:00,16.95,USD_PER_MT,1,v1.0,VALID,PROXY,hash_fr_000996,True
997,FREIGHT_AU_NEWCASTLE_PARADIP_PANAMAX,2024-07-18 00:00:00,2024-07-18 18:00:00,21.18,USD_PER_MT,1,v1.0,VALID,PROXY,hash_fr_000997,True
998,FREIGHT_ID_SAMARINDA_PARADIP_SUPRA,2024-07-18 00:00:00,2024-07-18 18:00:00,13.38,USD_PER_MT,1,v1.0,VALID,PROXY,hash_fr_000998,True
999,FREIGHT_ZA_RICHARDSBAY_PARADIP_PANAMAX,2024-07-18 00:00:00,2024-07-18 18:00:00,19.32,USD_PER_MT,1,v1.0,VALID,PROXY,hash_fr_000999,True
1000,FREIGHT_BR_TUBARAO_QINGDAO_CAPE,2024-07-18 00:00:00,2024-07-18 18:00:00,30.55,USD_PER_MT,1,v1.0,VALID,PROXY,hash_fr_001000,True
1001,FREIGHT_AU_HEDLAND_PARADIP_CAPE,2024-07-19 00:00:00,2024-07-19 18:00:00,17.04,USD_PER_MT,1,v1.0,VALID,PROXY,hash_fr_001001,True
1002,FREIGHT_AU_NEWCASTLE_PARADIP_PANAMAX,2024-07-19 00:00:00,2024-07-19 18:00:00,22.07,USD_PER_MT,1,v1.0,VALID,PROXY,hash_fr_001002,True
1003,FREIGHT_ID_SAMARINDA_PARADIP_SUPRA,2024-07-19 00:00:00,2024-07-19 18:00:00,12.9,USD_PER_MT,1,v1.0,VALID,PROXY,hash_fr_001003,True
1004,FREIGHT_ZA_RICHARDSBAY_PARADIP_PANAMAX,2024-07-19 00:00:00,2024-07-19 18:00:00,18.55,USD_PER_MT,1,v1.0,VALID,PROXY,hash_fr_001004,True
1005,FREIGHT_BR_TUBARAO_QINGDAO_CAPE,2024-07-19 00:00:00,2024-07-19 18:00:00,31.95,USD_PER_MT,1,v1.0,VALID,PROXY,hash_fr_001005,True
1006,FREIGHT_AU_HEDLAND_PARADIP_CAPE,2024-07-20 00:00:00,2024-07-20 18:00:00,16.83,USD_PER_MT,1,v1.0,VALID,PROXY,hash_fr_001006,True
1007,FREIGHT_AU_NEWCASTLE_PARADIP_PANAMAX,2024-07-20 00:00:00,2024-07-20 18:00:00,20.93,USD_PER_MT,1,v1.0,VALID,PROXY,hash_fr_001007,True
1008,FREIGHT_ID_SAMARINDA_PARADIP_SUPRA,2024-07-20 00:00:00,2024-07-20 18:00:00,13.29,USD_PER_MT,1,v1.0,VALID,PROXY,hash_fr_001008,True
1009,FREIGHT_ZA_RICHARDSBAY_PARADIP_PANAMAX,2024-07-20 00:00:00,2024-07-20 18:00:00,19.26,USD_PER_MT,1,v1.0,VALID,PROXY,hash_fr_001009,True
1010,FREIGHT_BR_TUBARAO_QINGDAO_CAPE,2024-07-20 00:00:00,2024-07-20 18:00:00,30.39,USD_PER_MT,1,v1.0,VALID,PROXY,hash_fr_001010,True
1011,FREIGHT_AU_HEDLAND_PARADIP_CAPE,2024-07-21 00:00:00,2024-07-21 18:00:00,16.6,USD_PER_MT,1,v1.0,VALID,PROXY,hash_fr_001011,True
1012,FREIGHT_AU_NEWCASTLE_PARADIP_PANAMAX,2024-07-21 00:00:00,2024-07-21 18:00:00,20.51,USD_PER_MT,1,v1.0,VALID,PROXY,hash_fr_001012,True
1013,FREIGHT_ID_SAMARINDA_PARADIP_SUPRA,2024-07-21 00:00:00,2024-07-21 18:00:00,13.14,USD_PER_MT,1,v1.0,VALID,PROXY,hash_fr_001013,True
1014,FREIGHT_ZA_RICHARDSBAY_PARADIP_PANAMAX,2024-07-21 00:00:00,2024-07-21 18:00:00,19.39,USD_PER_MT,1,v1.0,VALID,PROXY,hash_fr_001014,True
1015,FREIGHT_BR_TUBARAO_QINGDAO_CAPE,2024-07-21 00:00:00,2024-07-21 18:00:00,30.23,USD_PER_MT,1,v1.0,VALID,PROXY,hash_fr_001015,True
1016,FREIGHT_AU_HEDLAND_PARADIP_CAPE,2024-07-22 00:00:00,2024-07-22 18:00:00,16.66,USD_PER_MT,1,v1.0,VALID,PROXY,hash_fr_001016,True
1017,FREIGHT_AU_NEWCASTLE_PARADIP_PANAMAX,2024-07-22 00:00:00,2024-07-22 18:00:00,21.12,USD_PER_MT,1,v1.0,VALID,PROXY,hash_fr_001017,True
1018,FREIGHT_ID_SAMARINDA_PARADIP_SUPRA,2024-07-22 00:00:00,2024-07-22 18:00:00,13.21,USD_PER_MT,1,v1.0,VALID,PROXY,hash_fr_001018,True
1019,FREIGHT_ZA_RICHARDSBAY_PARADIP_PANAMAX,2024-07-22 00:00:00,2024-07-22 18:00:00,18.4,USD_PER_MT,1,v1.0,VALID,PROXY,hash_fr_001019,True
1020,FREIGHT_BR_TUBARAO_QINGDAO_CAPE,2024-07-22 00:00:00,2024-07-22 18:00:00,30.01,USD_PER_MT,1,v1.0,VALID,PROXY,hash_fr_001020,True
1021,FREIGHT_AU_HEDLAND_PARADIP_CAPE,2024-07-23 00:00:00,2024-07-23 18:00:00,16.41,USD_PER_MT,1,v1.0,VALID,PROXY,hash_fr_001021,True
1022,FREIGHT_AU_NEWCASTLE_PARADIP_PANAMAX,2024-07-23 00:00:00,2024-07-23 18:00:00,20.84,USD_PER_MT,1,v1.0,VALID,PROXY,hash_fr_001022,True
1023,FREIGHT_ID_SAMARINDA_PARADIP_SUPRA,2024-07-23 00:00:00,2024-07-23 18:00:00,12.64,USD_PER_MT,1,v1.0,VALID,PROXY,hash_fr_001023,True
1024,FREIGHT_ZA_RICHARDSBAY_PARADIP_PANAMAX,2024-07-23 00:00:00,2024-07-23 18:00:00,18.6,USD_PER_MT,1,v1.0,VALID,PROXY,hash_fr_001024,True
1025,FREIGHT_BR_TUBARAO_QINGDAO_CAPE,2024-07-23 00:00:00,2024-07-23 18:00:00,29.73,USD_PER_MT,1,v1.0,VALID,PROXY,hash_fr_001025,True
1026,FREIGHT_AU_HEDLAND_PARADIP_CAPE,2024-07-24 00:00:00,2024-07-24 18:00:00,16.37,USD_PER_MT,1,v1.0,VALID,PROXY,hash_fr_001026,True
1027,FREIGHT_AU_NEWCASTLE_PARADIP_PANAMAX,2024-07-24 00:00:00,2024-07-24 18:00:00,20.87,USD_PER_MT,1,v1.0,VALID,PROXY,hash_fr_001027,True
1028,FREIGHT_ID_SAMARINDA_PARADIP_SUPRA,2024-07-24 00:00:00,2024-07-24 18:00:00,13.47,USD_PER_MT,1,v1.0,VALID,PROXY,hash_fr_001028,True
1029,FREIGHT_ZA_RICHARDSBAY_PARADIP_PANAMAX,2024-07-24 00:00:00,2024-07-24 18:00:00,18.28,USD_PER_MT,1,v1.0,VALID,PROXY,hash_fr_001029,True
1030,FREIGHT_BR_TUBARAO_QINGDAO_CAPE,2024-07-24 00:00:00,2024-07-24 18:00:00,29.74,USD_PER_MT,1,v1.0,VALID,PROXY,hash_fr_001030,True
1031,FREIGHT_AU_HEDLAND_PARADIP_CAPE,2024-07-25 00:00:00,2024-07-25 18:00:00,16.37,USD_PER_MT,1,v1.0,VALID,PROXY,hash_fr_001031,True
1032,FREIGHT_AU_NEWCASTLE_PARADIP_PANAMAX,2024-07-25 00:00:00,2024-07-25 18:00:00,20.8,USD_PER_MT,1,v1.0,VALID,PROXY,hash_fr_001032,True
1033,FREIGHT_ID_SAMARINDA_PARADIP_SUPRA,2024-07-25 00:00:00,2024-07-25 18:00:00,12.62,USD_PER_MT,1,v1.0,VALID,PROXY,hash_fr_001033,True
1034,FREIGHT_ZA_RICHARDSBAY_PARADIP_PANAMAX,2024-07-25 00:00:00,2024-07-25 18:00:00,18.45,USD_PER_MT,1,v1.0,VALID,PROXY,hash_fr_001034,True
1035,FREIGHT_BR_TUBARAO_QINGDAO_CAPE,2024-07-25 00:00:00,2024-07-25 18:00:00,29.73,USD_PER_MT,1,v1.0,VALID,PROXY,hash_fr_001035,True
1036,FREIGHT_AU_HEDLAND_PARADIP_CAPE,2024-07-26 00:00:00,2024-07-26 18:00:00,15.58,USD_PER_MT,1,v1.0,VALID,PROXY,hash_fr_001036,True
1037,FREIGHT_AU_NEWCASTLE_PARADIP_PANAMAX,2024-07-26 00:00:00,2024-07-26 18:00:00,19.85,USD_PER_MT,1,v1.0,VALID,PROXY,hash_fr_001037,True
1038,FREIGHT_ID_SAMARINDA_PARADIP_SUPRA,2024-07-26 00:00:00,2024-07-26 18:00:00,12.84,USD_PER_MT,1,v1.0,VALID,PROXY,hash_fr_001038,True
1039,FREIGHT_ZA_RICHARDSBAY_PARADIP_PANAMAX,2024-07-26 00:00:00,2024-07-26 18:00:00,18.15,USD_PER_MT,1,v1.0,VALID,PROXY,hash_fr_001039,True
1040,FREIGHT_BR_TUBARAO_QINGDAO_CAPE,2024-07-26 00:00:00,2024-07-26 18:00:00,28.54,USD_PER_MT,1,v1.0,VALID,PROXY,hash_fr_001040,True
1041,FREIGHT_AU_HEDLAND_PARADIP_CAPE,2024-07-27 00:00:00,2024-07-27 18:00:00,15.18,USD_PER_MT,1,v1.0,VALID,PROXY,hash_fr_001041,True
1042,FREIGHT_AU_NEWCASTLE_PARADIP_PANAMAX,2024-07-27 00:00:00,2024-07-27 18:00:00,20.92,USD_PER_MT,1,v1.0,VALID,PROXY,hash_fr_001042,True
1043,FREIGHT_ID_SAMARINDA_PARADIP_SUPRA,2024-07-27 00:00:00,2024-07-27 18:00:00,12.58,USD_PER_MT,1,v1.0,VALID,PROXY,hash_fr_001043,True
1044,FREIGHT_ZA_RICHARDSBAY_PARADIP_PANAMAX,2024-07-27 00:00:00,2024-07-27 18:00:00,18.48,USD_PER_MT,1,v1.0,VALID,PROXY,hash_fr_001044,True
1045,FREIGHT_BR_TUBARAO_QINGDAO_CAPE,2024-07-27 00:00:00,2024-07-27 18:00:00,28.82,USD_PER_MT,1,v1.0,VALID,PROXY,hash_fr_001045,True
1046,FREIGHT_AU_HEDLAND_PARADIP_CAPE,2024-07-28 00:00:00,2024-07-28 18:00:00,15.63,USD_PER_MT,1,v1.0,VALID,PROXY,hash_fr_001046,True
1047,FREIGHT_AU_NEWCASTLE_PARADIP_PANAMAX,2024-07-28 00:00:00,2024-07-28 18:00:00,20.34,USD_PER_MT,1,v1.0,VALID,PROXY,hash_fr_001047,True
1048,FREIGHT_ID_SAMARINDA_PARADIP_SUPRA,2024-07-28 00:00:00,2024-07-28 18:00:00,12.55,USD_PER_MT,1,v1.0,VALID,PROXY,hash_fr_001048,True
1049,FREIGHT_ZA_RICHARDSBAY_PARADIP_PANAMAX,2024-07-28 00:00:00,2024-07-28 18:00:00,17.92,USD_PER_MT,1,v1.0,VALID,PROXY,hash_fr_001049,True
1050,FREIGHT_BR_TUBARAO_QINGDAO_CAPE,2024-07-28 00:00:00,2024-07-28 18:00:00,28.75,USD_PER_MT,1,v1.0,VALID,PROXY,hash_fr_001050,True
1051,FREIGHT_AU_HEDLAND_PARADIP_CAPE,2024-07-29 00:00:00,2024-07-29 18:00:00,15.18,USD_PER_MT,1,v1.0,VALID,PROXY,hash_fr_001051,True
1052,FREIGHT_AU_NEWCASTLE_PARADIP_PANAMAX,2024-07-29 00:00:00,2024-07-29 18:00:00,19.87,USD_PER_MT,1,v1.0,VALID,PROXY,hash_fr_001052,True
1053,FREIGHT_ID_SAMARINDA_PARADIP_SUPRA,2024-07-29 00:00:00,2024-07-29 18:00:00,12.74,USD_PER_MT,1,v1.0,VALID,PROXY,hash_fr_001053,True
1054,FREIGHT_ZA_RICHARDSBAY_PARADIP_PANAMAX,2024-07-29 00:00:00,2024-07-29 18:00:00,17.78,USD_PER_MT,1,v1.0,VALID,PROXY,hash_fr_001054,True
1055,FREIGHT_BR_TUBARAO_QINGDAO_CAPE,2024-07-29 00:00:00,2024-07-29 18:00:00,28.5,USD_PER_MT,1,v1.0,VALID,PROXY,hash_fr_001055,True
1056,FREIGHT_AU_HEDLAND_PARADIP_CAPE,2024-07-30 00:00:00,2024-07-30 18:00:00,15.36,USD_PER_MT,1,v1.0,VALID,PROXY,hash_fr_001056,True
1057,FREIGHT_AU_NEWCASTLE_PARADIP_PANAMAX,2024-07-30 00:00:00,2024-07-30 18:00:00,19.79,USD_PER_MT,1,v1.0,VALID,PROXY,hash_fr_001057,True
1058,FREIGHT_ID_SAMARINDA_PARADIP_SUPRA,2024-07-30 00:00:00,2024-07-30 18:00:00,12.16,USD_PER_MT,1,v1.0,VALID,PROXY,hash_fr_001058,True
1059,FREIGHT_ZA_RICHARDSBAY_PARADIP_PANAMAX,2024-07-30 00:00:00,2024-07-30 18:00:00,17.8,USD_PER_MT,1,v1.0,VALID,PROXY,hash_fr_001059,True
1060,FREIGHT_BR_TUBARAO_QINGDAO_CAPE,2024-07-30 00:00:00,2024-07-30 18:00:00,26.95,USD_PER_MT,1,v1.0,VALID,PROXY,hash_fr_001060,True
1061,FREIGHT_AU_HEDLAND_PARADIP_CAPE,2024-07-31 00:00:00,2024-07-31 18:00:00,15.36,USD_PER_MT,1,v1.0,VALID,PROXY,hash_fr_001061,True
1062,FREIGHT_AU_NEWCASTLE_PARADIP_PANAMAX,2024-07-31 00:00:00,2024-07-31 18:00:00,19.97,USD_PER_MT,1,v1.0,VALID,PROXY,hash_fr_001062,True
1063,FREIGHT_ID_SAMARINDA_PARADIP_SUPRA,2024-07-31 00:00:00,2024-07-31 18:00:00,12.82,USD_PER_MT,1,v1.0,VALID,PROXY,hash_fr_001063,True
1064,FREIGHT_ZA_RICHARDSBAY_PARADIP_PANAMAX,2024-07-31 00:00:00,2024-07-31 18:00:00,17.65,USD_PER_MT,1,v1.0,VALID,PROXY,hash_fr_001064,True
1065,FREIGHT_BR_TUBARAO_QINGDAO_CAPE,2024-07-31 00:00:00,2024-07-31 18:00:00,26.97,USD_PER_MT,1,v1.0,VALID,PROXY,hash_fr_001065,True
1066,FREIGHT_AU_HEDLAND_PARADIP_CAPE,2024-08-01 00:00:00,2024-08-01 18:00:00,15.04,USD_PER_MT,1,v1.0,VALID,PROXY,hash_fr_001066,True
1067,FREIGHT_AU_NEWCASTLE_PARADIP_PANAMAX,2024-08-01 00:00:00,2024-08-01 18:00:00,19.51,USD_PER_MT,1,v1.0,VALID,PROXY,hash_fr_001067,True
1068,FREIGHT_ID_SAMARINDA_PARADIP_SUPRA,2024-08-01 00:00:00,2024-08-01 18:00:00,12.15,USD_PER_MT,1,v1.0,VALID,PROXY,hash_fr_001068,True
1069,FREIGHT_ZA_RICHARDSBAY_PARADIP_PANAMAX,2024-08-01 00:00:00,2024-08-01 18:00:00,17.24,USD_PER_MT,1,v1.0,VALID,PROXY,hash_fr_001069,True
1070,FREIGHT_BR_TUBARAO_QINGDAO_CAPE,2024-08-01 00:00:00,2024-08-01 18:00:00,27.0,USD_PER_MT,1,v1.0,VALID,PROXY,hash_fr_001070,True
1071,FREIGHT_AU_HEDLAND_PARADIP_CAPE,2024-08-02 00:00:00,2024-08-02 18:00:00,15.32,USD_PER_MT,1,v1.0,VALID,PROXY,hash_fr_001071,True
1072,FREIGHT_AU_NEWCASTLE_PARADIP_PANAMAX,2024-08-02 00:00:00,2024-08-02 18:00:00,18.79,USD_PER_MT,1,v1.0,VALID,PROXY,hash_fr_001072,True
1073,FREIGHT_ID_SAMARINDA_PARADIP_SUPRA,2024-08-02 00:00:00,2024-08-02 18:00:00,11.96,USD_PER_MT,1,v1.0,VALID,PROXY,hash_fr_001073,True
1074,FREIGHT_ZA_RICHARDSBAY_PARADIP_PANAMAX,2024-08-02 00:00:00,2024-08-02 18:00:00,16.86,USD_PER_MT,1,v1.0,VALID,PROXY,hash_fr_001074,True
1075,FREIGHT_BR_TUBARAO_QINGDAO_CAPE,2024-08-02 00:00:00,2024-08-02 18:00:00,26.46,USD_PER_MT,1,v1.0,VALID,PROXY,hash_fr_001075,True
1076,FREIGHT_AU_HEDLAND_PARADIP_CAPE,2024-08-03 00:00:00,2024-08-03 18:00:00,14.51,USD_PER_MT,1,v1.0,VALID,PROXY,hash_fr_001076,True
1077,FREIGHT_AU_NEWCASTLE_PARADIP_PANAMAX,2024-08-03 00:00:00,2024-08-03 18:00:00,18.6,USD_PER_MT,1,v1.0,VALID,PROXY,hash_fr_001077,True
1078,FREIGHT_ID_SAMARINDA_PARADIP_SUPRA,2024-08-03 00:00:00,2024-08-03 18:00:00,11.51,USD_PER_MT,1,v1.0,VALID,PROXY,hash_fr_001078,True
1079,FREIGHT_ZA_RICHARDSBAY_PARADIP_PANAMAX,2024-08-03 00:00:00,2024-08-03 18:00:00,17.12,USD_PER_MT,1,v1.0,VALID,PROXY,hash_fr_001079,True
1080,FREIGHT_BR_TUBARAO_QINGDAO_CAPE,2024-08-03 00:00:00,2024-08-03 18:00:00,27.73,USD_PER_MT,1,v1.0,VALID,PROXY,hash_fr_001080,True
1081,FREIGHT_AU_HEDLAND_PARADIP_CAPE,2024-08-04 00:00:00,2024-08-04 18:00:00,14.95,USD_PER_MT,1,v1.0,VALID,PROXY,hash_fr_001081,True
1082,FREIGHT_AU_NEWCASTLE_PARADIP_PANAMAX,2024-08-04 00:00:00,2024-08-04 18:00:00,19.06,USD_PER_MT,1,v1.0,VALID,PROXY,hash_fr_001082,True
1083,FREIGHT_ID_SAMARINDA_PARADIP_SUPRA,2024-08-04 00:00:00,2024-08-04 18:00:00,11.78,USD_PER_MT,1,v1.0,VALID,PROXY,hash_fr_001083,True
1084,FREIGHT_ZA_RICHARDSBAY_PARADIP_PANAMAX,2024-08-04 00:00:00,2024-08-04 18:00:00,16.17,USD_PER_MT,1,v1.0,VALID,PROXY,hash_fr_001084,True
1085,FREIGHT_BR_TUBARAO_QINGDAO_CAPE,2024-08-04 00:00:00,2024-08-04 18:00:00,27.0,USD_PER_MT,1,v1.0,VALID,PROXY,hash_fr_001085,True
1086,FREIGHT_AU_HEDLAND_PARADIP_CAPE,2024-08-05 00:00:00,2024-08-05 18:00:00,14.5,USD_PER_MT,1,v1.0,VALID,PROXY,hash_fr_001086,True
1087,FREIGHT_AU_NEWCASTLE_PARADIP_PANAMAX,2024-08-05 00:00:00,2024-08-05 18:00:00,18.12,USD_PER_MT,1,v1.0,VALID,PROXY,hash_fr_001087,True
1088,FREIGHT_ID_SAMARINDA_PARADIP_SUPRA,2024-08-05 00:00:00,2024-08-05 18:00:00,11.88,USD_PER_MT,1,v1.0,VALID,PROXY,hash_fr_001088,True
1089,FREIGHT_ZA_RICHARDSBAY_PARADIP_PANAMAX,2024-08-05 00:00:00,2024-08-05 18:00:00,17.01,USD_PER_MT,1,v1.0,VALID,PROXY,hash_fr_001089,True
1090,FREIGHT_BR_TUBARAO_QINGDAO_CAPE,2024-08-05 00:00:00,2024-08-05 18:00:00,26.41,USD_PER_MT,1,v1.0,VALID,PROXY,hash_fr_001090,True
1091,FREIGHT_AU_HEDLAND_PARADIP_CAPE,2024-08-06 00:00:00,2024-08-06 18:00:00,14.66,USD_PER_MT,1,v1.0,VALID,PROXY,hash_fr_001091,True
1092,FREIGHT_AU_NEWCASTLE_PARADIP_PANAMAX,2024-08-06 00:00:00,2024-08-06 18:00:00,18.53,USD_PER_MT,1,v1.0,VALID,PROXY,hash_fr_001092,True
1093,FREIGHT_ID_SAMARINDA_PARADIP_SUPRA,2024-08-06 00:00:00,2024-08-06 18:00:00,11.66,USD_PER_MT,1,v1.0,VALID,PROXY,hash_fr_001093,True
1094,FREIGHT_ZA_RICHARDSBAY_PARADIP_PANAMAX,2024-08-06 00:00:00,2024-08-06 18:00:00,15.69,USD_PER_MT,1,v1.0,VALID,PROXY,hash_fr_001094,True
1095,FREIGHT_BR_TUBARAO_QINGDAO_CAPE,2024-08-06 00:00:00,2024-08-06 18:00:00,25.55,USD_PER_MT,1,v1.0,VALID,PROXY,hash_fr_001095,True
1096,FREIGHT_AU_HEDLAND_PARADIP_CAPE,2024-08-07 00:00:00,2024-08-07 18:00:00,14.75,USD_PER_MT,1,v1.0,VALID,PROXY,hash_fr_001096,True
1097,FREIGHT_AU_NEWCASTLE_PARADIP_PANAMAX,2024-08-07 00:00:00,2024-08-07 18:00:00,17.82,USD_PER_MT,1,v1.0,VALID,PROXY,hash_fr_001097,True
1098,FREIGHT_ID_SAMARINDA_PARADIP_SUPRA,2024-08-07 00:00:00,2024-08-07 18:00:00,11.56,USD_PER_MT,1,v1.0,VALID,PROXY,hash_fr_001098,True
1099,FREIGHT_ZA_RICHARDSBAY_PARADIP_PANAMAX,2024-08-07 00:00:00,2024-08-07 18:00:00,16.26,USD_PER_MT,1,v1.0,VALID,PROXY,hash_fr_001099,True
1100,FREIGHT_BR_TUBARAO_QINGDAO_CAPE,2024-08-07 00:00:00,2024-08-07 18:00:00,25.92,USD_PER_MT,1,v1.0,VALID,PROXY,hash_fr_001100,True
1101,FREIGHT_AU_HEDLAND_PARADIP_CAPE,2024-08-08 00:00:00,2024-08-08 18:00:00,14.58,USD_PER_MT,1,v1.0,VALID,PROXY,hash_fr_001101,True
1102,FREIGHT_AU_NEWCASTLE_PARADIP_PANAMAX,2024-08-08 00:00:00,2024-08-08 18:00:00,18.04,USD_PER_MT,1,v1.0,VALID,PROXY,hash_fr_001102,True
1103,FREIGHT_ID_SAMARINDA_PARADIP_SUPRA,2024-08-08 00:00:00,2024-08-08 18:00:00,11.0,USD_PER_MT,1,v1.0,VALID,PROXY,hash_fr_001103,True
1104,FREIGHT_ZA_RICHARDSBAY_PARADIP_PANAMAX,2024-08-08 00:00:00,2024-08-08 18:00:00,16.38,USD_PER_MT,1,v1.0,VALID,PROXY,hash_fr_001104,True
1105,FREIGHT_BR_TUBARAO_QINGDAO_CAPE,2024-08-08 00:00:00,2024-08-08 18:00:00,25.69,USD_PER_MT,1,v1.0,VALID,PROXY,hash_fr_001105,True
1106,FREIGHT_AU_HEDLAND_PARADIP_CAPE,2024-08-09 00:00:00,2024-08-09 18:00:00,14.19,USD_PER_MT,1,v1.0,VALID,PROXY,hash_fr_001106,True
1107,FREIGHT_AU_NEWCASTLE_PARADIP_PANAMAX,2024-08-09 00:00:00,2024-08-09 18:00:00,17.77,USD_PER_MT,1,v1.0,VALID,PROXY,hash_fr_001107,True
1108,FREIGHT_ID_SAMARINDA_PARADIP_SUPRA,2024-08-09 00:00:00,2024-08-09 18:00:00,11.08,USD_PER_MT,1,v1.0,VALID,PROXY,hash_fr_001108,True
1109,FREIGHT_ZA_RICHARDSBAY_PARADIP_PANAMAX,2024-08-09 00:00:00,2024-08-09 18:00:00,16.4,USD_PER_MT,1,v1.0,VALID,PROXY,hash_fr_001109,True
1110,FREIGHT_BR_TUBARAO_QINGDAO_CAPE,2024-08-09 00:00:00,2024-08-09 18:00:00,25.55,USD_PER_MT,1,v1.0,VALID,PROXY,hash_fr_001110,True
1111,FREIGHT_AU_HEDLAND_PARADIP_CAPE,2024-08-10 00:00:00,2024-08-10 18:00:00,13.93,USD_PER_MT,1,v1.0,VALID,PROXY,hash_fr_001111,True
1112,FREIGHT_AU_NEWCASTLE_PARADIP_PANAMAX,2024-08-10 00:00:00,2024-08-10 18:00:00,18.38,USD_PER_MT,1,v1.0,VALID,PROXY,hash_fr_001112,True
1113,FREIGHT_ID_SAMARINDA_PARADIP_SUPRA,2024-08-10 00:00:00,2024-08-10 18:00:00,10.79,USD_PER_MT,1,v1.0,VALID,PROXY,hash_fr_001113,True
1114,FREIGHT_ZA_RICHARDSBAY_PARADIP_PANAMAX,2024-08-10 00:00:00,2024-08-10 18:00:00,16.31,USD_PER_MT,1,v1.0,VALID,PROXY,hash_fr_001114,True
1115,FREIGHT_BR_TUBARAO_QINGDAO_CAPE,2024-08-10 00:00:00,2024-08-10 18:00:00,25.48,USD_PER_MT,1,v1.0,VALID,PROXY,hash_fr_001115,True
1116,FREIGHT_AU_HEDLAND_PARADIP_CAPE,2024-08-11 00:00:00,2024-08-11 18:00:00,14.32,USD_PER_MT,1,v1.0,VALID,PROXY,hash_fr_001116,True
1117,FREIGHT_AU_NEWCASTLE_PARADIP_PANAMAX,2024-08-11 00:00:00,2024-08-11 18:00:00,17.93,USD_PER_MT,1,v1.0,VALID,PROXY,hash_fr_001117,True
1118,FREIGHT_ID_SAMARINDA_PARADIP_SUPRA,2024-08-11 00:00:00,2024-08-11 18:00:00,11.49,USD_PER_MT,1,v1.0,VALID,PROXY,hash_fr_001118,True
1119,FREIGHT_ZA_RICHARDSBAY_PARADIP_PANAMAX,2024-08-11 00:00:00,2024-08-11 18:00:00,16.12,USD_PER_MT,1,v1.0,VALID,PROXY,hash_fr_001119,True
1120,FREIGHT_BR_TUBARAO_QINGDAO_CAPE,2024-08-11 00:00:00,2024-08-11 18:00:00,25.03,USD_PER_MT,1,v1.0,VALID,PROXY,hash_fr_001120,True
1121,FREIGHT_AU_HEDLAND_PARADIP_CAPE,2024-08-12 00:00:00,2024-08-12 18:00:00,13.74,USD_PER_MT,1,v1.0,VALID,PROXY,hash_fr_001121,True
1122,FREIGHT_AU_NEWCASTLE_PARADIP_PANAMAX,2024-08-12 00:00:00,2024-08-12 18:00:00,17.9,USD_PER_MT,1,v1.0,VALID,PROXY,hash_fr_001122,True
1123,FREIGHT_ID_SAMARINDA_PARADIP_SUPRA,2024-08-12 00:00:00,2024-08-12 18:00:00,11.03,USD_PER_MT,1,v1.0,VALID,PROXY,hash_fr_001123,True
1124,FREIGHT_ZA_RICHARDSBAY_PARADIP_PANAMAX,2024-08-12 00:00:00,2024-08-12 18:00:00,15.5,USD_PER_MT,1,v1.0,VALID,PROXY,hash_fr_001124,True
1125,FREIGHT_BR_TUBARAO_QINGDAO_CAPE,2024-08-12 00:00:00,2024-08-12 18:00:00,25.29,USD_PER_MT,1,v1.0,VALID,PROXY,hash_fr_001125,True
1126,FREIGHT_AU_HEDLAND_PARADIP_CAPE,2024-08-13 00:00:00,2024-08-13 18:00:00,13.54,USD_PER_MT,1,v1.0,VALID,PROXY,hash_fr_001126,True
1127,FREIGHT_AU_NEWCASTLE_PARADIP_PANAMAX,2024-08-13 00:00:00,2024-08-13 18:00:00,17.48,USD_PER_MT,1,v1.0,VALID,PROXY,hash_fr_001127,True
1128,FREIGHT_ID_SAMARINDA_PARADIP_SUPRA,2024-08-13 00:00:00,2024-08-13 18:00:00,11.2,USD_PER_MT,1,v1.0,VALID,PROXY,hash_fr_001128,True
1129,FREIGHT_ZA_RICHARDSBAY_PARADIP_PANAMAX,2024-08-13 00:00:00,2024-08-13 18:00:00,16.05,USD_PER_MT,1,v1.0,VALID,PROXY,hash_fr_001129,True
1130,FREIGHT_BR_TUBARAO_QINGDAO_CAPE,2024-08-13 00:00:00,2024-08-13 18:00:00,25.34,USD_PER_MT,1,v1.0,VALID,PROXY,hash_fr_001130,True
1131,FREIGHT_AU_HEDLAND_PARADIP_CAPE,2024-08-14 00:00:00,2024-08-14 18:00:00,14.16,USD_PER_MT,1,v1.0,VALID,PROXY,hash_fr_001131,True
1132,FREIGHT_AU_NEWCASTLE_PARADIP_PANAMAX,2024-08-14 00:00:00,2024-08-14 18:00:00,18.25,USD_PER_MT,1,v1.0,VALID,PROXY,hash_fr_001132,True
1133,FREIGHT_ID_SAMARINDA_PARADIP_SUPRA,2024-08-14 00:00:00,2024-08-14 18:00:00,11.54,USD_PER_MT,1,v1.0,VALID,PROXY,hash_fr_001133,True
1134,FREIGHT_ZA_RICHARDSBAY_PARADIP_PANAMAX,2024-08-14 00:00:00,2024-08-14 18:00:00,15.92,USD_PER_MT,1,v1.0,VALID,PROXY,hash_fr_001134,True
1135,FREIGHT_BR_TUBARAO_QINGDAO_CAPE,2024-08-14 00:00:00,2024-08-14 18:00:00,25.15,USD_PER_MT,1,v1.0,VALID,PROXY,hash_fr_001135,True
1136,FREIGHT_AU_HEDLAND_PARADIP_CAPE,2024-08-15 00:00:00,2024-08-15 18:00:00,13.49,USD_PER_MT,1,v1.0,VALID,PROXY,hash_fr_001136,True
1137,FREIGHT_AU_NEWCASTLE_PARADIP_PANAMAX,2024-08-15 00:00:00,2024-08-15 18:00:00,17.36,USD_PER_MT,1,v1.0,VALID,PROXY,hash_fr_001137,True
1138,FREIGHT_ID_SAMARINDA_PARADIP_SUPRA,2024-08-15 00:00:00,2024-08-15 18:00:00,10.94,USD_PER_MT,1,v1.0,VALID,PROXY,hash_fr_001138,True
1139,FREIGHT_ZA_RICHARDSBAY_PARADIP_PANAMAX,2024-08-15 00:00:00,2024-08-15 18:00:00,16.11,USD_PER_MT,1,v1.0,VALID,PROXY,hash_fr_001139,True
1140,FREIGHT_BR_TUBARAO_QINGDAO_CAPE,2024-08-15 00:00:00,2024-08-15 18:00:00,25.05,USD_PER_MT,1,v1.0,VALID,PROXY,hash_fr_001140,True
1141,FREIGHT_AU_HEDLAND_PARADIP_CAPE,2024-08-16 00:00:00,2024-08-16 18:00:00,13.92,USD_PER_MT,1,v1.0,VALID,PROXY,hash_fr_001141,True
1142,FREIGHT_AU_NEWCASTLE_PARADIP_PANAMAX,2024-08-16 00:00:00,2024-08-16 18:00:00,17.39,USD_PER_MT,1,v1.0,VALID,PROXY,hash_fr_001142,True
1143,FREIGHT_ID_SAMARINDA_PARADIP_SUPRA,2024-08-16 00:00:00,2024-08-16 18:00:00,11.02,USD_PER_MT,1,v1.0,VALID,PROXY,hash_fr_001143,True
1144,FREIGHT_ZA_RICHARDSBAY_PARADIP_PANAMAX,2024-08-16 00:00:00,2024-08-16 18:00:00,15.86,USD_PER_MT,1,v1.0,VALID,PROXY,hash_fr_001144,True
1145,FREIGHT_BR_TUBARAO_QINGDAO_CAPE,2024-08-16 00:00:00,2024-08-16 18:00:00,25.35,USD_PER_MT,1,v1.0,VALID,PROXY,hash_fr_001145,True
1146,FREIGHT_AU_HEDLAND_PARADIP_CAPE,2024-08-17 00:00:00,2024-08-17 18:00:00,13.82,USD_PER_MT,1,v1.0,VALID,PROXY,hash_fr_001146,True
1147,FREIGHT_AU_NEWCASTLE_PARADIP_PANAMAX,2024-08-17 00:00:00,2024-08-17 18:00:00,17.69,USD_PER_MT,1,v1.0,VALID,PROXY,hash_fr_001147,True
1148,FREIGHT_ID_SAMARINDA_PARADIP_SUPRA,2024-08-17 00:00:00,2024-08-17 18:00:00,11.06,USD_PER_MT,1,v1.0,VALID,PROXY,hash_fr_001148,True
1149,FREIGHT_ZA_RICHARDSBAY_PARADIP_PANAMAX,2024-08-17 00:00:00,2024-08-17 18:00:00,15.42,USD_PER_MT,1,v1.0,VALID,PROXY,hash_fr_001149,True
1150,FREIGHT_BR_TUBARAO_QINGDAO_CAPE,2024-08-17 00:00:00,2024-08-17 18:00:00,24.47,USD_PER_MT,1,v1.0,VALID,PROXY,hash_fr_001150,True
1151,FREIGHT_AU_HEDLAND_PARADIP_CAPE,2024-08-18 00:00:00,2024-08-18 18:00:00,13.17,USD_PER_MT,1,v1.0,VALID,PROXY,hash_fr_001151,True
1152,FREIGHT_AU_NEWCASTLE_PARADIP_PANAMAX,2024-08-18 00:00:00,2024-08-18 18:00:00,17.56,USD_PER_MT,1,v1.0,VALID,PROXY,hash_fr_001152,True
1153,FREIGHT_ID_SAMARINDA_PARADIP_SUPRA,2024-08-18 00:00:00,2024-08-18 18:00:00,11.06,USD_PER_MT,1,v1.0,VALID,PROXY,hash_fr_001153,True
1154,FREIGHT_ZA_RICHARDSBAY_PARADIP_PANAMAX,2024-08-18 00:00:00,2024-08-18 18:00:00,16.1,USD_PER_MT,1,v1.0,VALID,PROXY,hash_fr_001154,True
1155,FREIGHT_BR_TUBARAO_QINGDAO_CAPE,2024-08-18 00:00:00,2024-08-18 18:00:00,25.03,USD_PER_MT,1,v1.0,VALID,PROXY,hash_fr_001155,True
1156,FREIGHT_AU_HEDLAND_PARADIP_CAPE,2024-08-19 00:00:00,2024-08-19 18:00:00,13.55,USD_PER_MT,1,v1.0,VALID,PROXY,hash_fr_001156,True
1157,FREIGHT_AU_NEWCASTLE_PARADIP_PANAMAX,2024-08-19 00:00:00,2024-08-19 18:00:00,16.94,USD_PER_MT,1,v1.0,VALID,PROXY,hash_fr_001157,True
1158,FREIGHT_ID_SAMARINDA_PARADIP_SUPRA,2024-08-19 00:00:00,2024-08-19 18:00:00,11.59,USD_PER_MT,1,v1.0,VALID,PROXY,hash_fr_001158,True
1159,FREIGHT_ZA_RICHARDSBAY_PARADIP_PANAMAX,2024-08-19 00:00:00,2024-08-19 18:00:00,15.57,USD_PER_MT,1,v1.0,VALID,PROXY,hash_fr_001159,True
1160,FREIGHT_BR_TUBARAO_QINGDAO_CAPE,2024-08-19 00:00:00,2024-08-19 18:00:00,25.4,USD_PER_MT,1,v1.0,VALID,PROXY,hash_fr_001160,True
1161,FREIGHT_AU_HEDLAND_PARADIP_CAPE,2024-08-20 00:00:00,2024-08-20 18:00:00,14.02,USD_PER_MT,1,v1.0,VALID,PROXY,hash_fr_001161,True
1162,FREIGHT_AU_NEWCASTLE_PARADIP_PANAMAX,2024-08-20 00:00:00,2024-08-20 18:00:00,17.4,USD_PER_MT,1,v1.0,VALID,PROXY,hash_fr_001162,True
1163,FREIGHT_ID_SAMARINDA_PARADIP_SUPRA,2024-08-20 00:00:00,2024-08-20 18:00:00,10.88,USD_PER_MT,1,v1.0,VALID,PROXY,hash_fr_001163,True
1164,FREIGHT_ZA_RICHARDSBAY_PARADIP_PANAMAX,2024-08-20 00:00:00,2024-08-20 18:00:00,15.89,USD_PER_MT,1,v1.0,VALID,PROXY,hash_fr_001164,True
1165,FREIGHT_BR_TUBARAO_QINGDAO_CAPE,2024-08-20 00:00:00,2024-08-20 18:00:00,24.01,USD_PER_MT,1,v1.0,VALID,PROXY,hash_fr_001165,True
1166,FREIGHT_AU_HEDLAND_PARADIP_CAPE,2024-08-21 00:00:00,2024-08-21 18:00:00,13.72,USD_PER_MT,1,v1.0,VALID,PROXY,hash_fr_001166,True
1167,FREIGHT_AU_NEWCASTLE_PARADIP_PANAMAX,2024-08-21 00:00:00,2024-08-21 18:00:00,17.27,USD_PER_MT,1,v1.0,VALID,PROXY,hash_fr_001167,True
1168,FREIGHT_ID_SAMARINDA_PARADIP_SUPRA,2024-08-21 00:00:00,2024-08-21 18:00:00,10.97,USD_PER_MT,1,v1.0,VALID,PROXY,hash_fr_001168,True
1169,FREIGHT_ZA_RICHARDSBAY_PARADIP_PANAMAX,2024-08-21 00:00:00,2024-08-21 18:00:00,15.71,USD_PER_MT,1,v1.0,VALID,PROXY,hash_fr_001169,True
1170,FREIGHT_BR_TUBARAO_QINGDAO_CAPE,2024-08-21 00:00:00,2024-08-21 18:00:00,25.11,USD_PER_MT,1,v1.0,VALID,PROXY,hash_fr_001170,True
1171,FREIGHT_AU_HEDLAND_PARADIP_CAPE,2024-08-22 00:00:00,2024-08-22 18:00:00,14.52,USD_PER_MT,1,v1.0,VALID,PROXY,hash_fr_001171,True
1172,FREIGHT_AU_NEWCASTLE_PARADIP_PANAMAX,2024-08-22 00:00:00,2024-08-22 18:00:00,17.5,USD_PER_MT,1,v1.0,VALID,PROXY,hash_fr_001172,True
1173,FREIGHT_ID_SAMARINDA_PARADIP_SUPRA,2024-08-22 00:00:00,2024-08-22 18:00:00,11.56,USD_PER_MT,1,v1.0,VALID,PROXY,hash_fr_001173,True
1174,FREIGHT_ZA_RICHARDSBAY_PARADIP_PANAMAX,2024-08-22 00:00:00,2024-08-22 18:00:00,15.69,USD_PER_MT,1,v1.0,VALID,PROXY,hash_fr_001174,True
1175,FREIGHT_BR_TUBARAO_QINGDAO_CAPE,2024-08-22 00:00:00,2024-08-22 18:00:00,25.1,USD_PER_MT,1,v1.0,VALID,PROXY,hash_fr_001175,True
1176,FREIGHT_AU_HEDLAND_PARADIP_CAPE,2024-08-23 00:00:00,2024-08-23 18:00:00,13.75,USD_PER_MT,1,v1.0,VALID,PROXY,hash_fr_001176,True
1177,FREIGHT_AU_NEWCASTLE_PARADIP_PANAMAX,2024-08-23 00:00:00,2024-08-23 18:00:00,17.73,USD_PER_MT,1,v1.0,VALID,PROXY,hash_fr_001177,True
1178,FREIGHT_ID_SAMARINDA_PARADIP_SUPRA,2024-08-23 00:00:00,2024-08-23 18:00:00,11.45,USD_PER_MT,1,v1.0,VALID,PROXY,hash_fr_001178,True
1179,FREIGHT_ZA_RICHARDSBAY_PARADIP_PANAMAX,2024-08-23 00:00:00,2024-08-23 18:00:00,16.35,USD_PER_MT,1,v1.0,VALID,PROXY,hash_fr_001179,True
1180,FREIGHT_BR_TUBARAO_QINGDAO_CAPE,2024-08-23 00:00:00,2024-08-23 18:00:00,25.5,USD_PER_MT,1,v1.0,VALID,PROXY,hash_fr_001180,True
1181,FREIGHT_AU_HEDLAND_PARADIP_CAPE,2024-08-24 00:00:00,2024-08-24 18:00:00,14.13,USD_PER_MT,1,v1.0,VALID,PROXY,hash_fr_001181,True
1182,FREIGHT_AU_NEWCASTLE_PARADIP_PANAMAX,2024-08-24 00:00:00,2024-08-24 18:00:00,17.96,USD_PER_MT,1,v1.0,VALID,PROXY,hash_fr_001182,True
1183,FREIGHT_ID_SAMARINDA_PARADIP_SUPRA,2024-08-24 00:00:00,2024-08-24 18:00:00,10.88,USD_PER_MT,1,v1.0,VALID,PROXY,hash_fr_001183,True
1184,FREIGHT_ZA_RICHARDSBAY_PARADIP_PANAMAX,2024-08-24 00:00:00,2024-08-24 18:00:00,15.79,USD_PER_MT,1,v1.0,VALID,PROXY,hash_fr_001184,True
1185,FREIGHT_BR_TUBARAO_QINGDAO_CAPE,2024-08-24 00:00:00,2024-08-24 18:00:00,25.36,USD_PER_MT,1,v1.0,VALID,PROXY,hash_fr_001185,True
1186,FREIGHT_AU_HEDLAND_PARADIP_CAPE,2024-08-25 00:00:00,2024-08-25 18:00:00,13.98,USD_PER_MT,1,v1.0,VALID,PROXY,hash_fr_001186,True
1187,FREIGHT_AU_NEWCASTLE_PARADIP_PANAMAX,2024-08-25 00:00:00,2024-08-25 18:00:00,18.16,USD_PER_MT,1,v1.0,VALID,PROXY,hash_fr_001187,True
1188,FREIGHT_ID_SAMARINDA_PARADIP_SUPRA,2024-08-25 00:00:00,2024-08-25 18:00:00,11.43,USD_PER_MT,1,v1.0,VALID,PROXY,hash_fr_001188,True
1189,FREIGHT_ZA_RICHARDSBAY_PARADIP_PANAMAX,2024-08-25 00:00:00,2024-08-25 18:00:00,16.1,USD_PER_MT,1,v1.0,VALID,PROXY,hash_fr_001189,True
1190,FREIGHT_BR_TUBARAO_QINGDAO_CAPE,2024-08-25 00:00:00,2024-08-25 18:00:00,25.73,USD_PER_MT,1,v1.0,VALID,PROXY,hash_fr_001190,True
1191,FREIGHT_AU_HEDLAND_PARADIP_CAPE,2024-08-26 00:00:00,2024-08-26 18:00:00,14.15,USD_PER_MT,1,v1.0,VALID,PROXY,hash_fr_001191,True
1192,FREIGHT_AU_NEWCASTLE_PARADIP_PANAMAX,2024-08-26 00:00:00,2024-08-26 18:00:00,17.67,USD_PER_MT,1,v1.0,VALID,PROXY,hash_fr_001192,True
1193,FREIGHT_ID_SAMARINDA_PARADIP_SUPRA,2024-08-26 00:00:00,2024-08-26 18:00:00,12.07,USD_PER_MT,1,v1.0,VALID,PROXY,hash_fr_001193,True
1194,FREIGHT_ZA_RICHARDSBAY_PARADIP_PANAMAX,2024-08-26 00:00:00,2024-08-26 18:00:00,16.73,USD_PER_MT,1,v1.0,VALID,PROXY,hash_fr_001194,True
1195,FREIGHT_BR_TUBARAO_QINGDAO_CAPE,2024-08-26 00:00:00,2024-08-26 18:00:00,25.6,USD_PER_MT,1,v1.0,VALID,PROXY,hash_fr_001195,True
1196,FREIGHT_AU_HEDLAND_PARADIP_CAPE,2024-08-27 00:00:00,2024-08-27 18:00:00,15.0,USD_PER_MT,1,v1.0,VALID,PROXY,hash_fr_001196,True
1197,FREIGHT_AU_NEWCASTLE_PARADIP_PANAMAX,2024-08-27 00:00:00,2024-08-27 18:00:00,18.58,USD_PER_MT,1,v1.0,VALID,PROXY,hash_fr_001197,True
1198,FREIGHT_ID_SAMARINDA_PARADIP_SUPRA,2024-08-27 00:00:00,2024-08-27 18:00:00,10.91,USD_PER_MT,1,v1.0,VALID,PROXY,hash_fr_001198,True
1199,FREIGHT_ZA_RICHARDSBAY_PARADIP_PANAMAX,2024-08-27 00:00:00,2024-08-27 18:00:00,16.33,USD_PER_MT,1,v1.0,VALID,PROXY,hash_fr_001199,True
1200,FREIGHT_BR_TUBARAO_QINGDAO_CAPE,2024-08-27 00:00:00,2024-08-27 18:00:00,25.66,USD_PER_MT,1,v1.0,VALID,PROXY,hash_fr_001200,True
1201,FREIGHT_AU_HEDLAND_PARADIP_CAPE,2024-08-28 00:00:00,2024-08-28 18:00:00,14.45,USD_PER_MT,1,v1.0,VALID,PROXY,hash_fr_001201,True
1202,FREIGHT_AU_NEWCASTLE_PARADIP_PANAMAX,2024-08-28 00:00:00,2024-08-28 18:00:00,18.73,USD_PER_MT,1,v1.0,VALID,PROXY,hash_fr_001202,True
1203,FREIGHT_ID_SAMARINDA_PARADIP_SUPRA,2024-08-28 00:00:00,2024-08-28 18:00:00,11.73,USD_PER_MT,1,v1.0,VALID,PROXY,hash_fr_001203,True
1204,FREIGHT_ZA_RICHARDSBAY_PARADIP_PANAMAX,2024-08-28 00:00:00,2024-08-28 18:00:00,16.4,USD_PER_MT,1,v1.0,VALID,PROXY,hash_fr_001204,True
1205,FREIGHT_BR_TUBARAO_QINGDAO_CAPE,2024-08-28 00:00:00,2024-08-28 18:00:00,26.54,USD_PER_MT,1,v1.0,VALID,PROXY,hash_fr_001205,True
1206,FREIGHT_AU_HEDLAND_PARADIP_CAPE,2024-08-29 00:00:00,2024-08-29 18:00:00,14.39,USD_PER_MT,1,v1.0,VALID,PROXY,hash_fr_001206,True
1207,FREIGHT_AU_NEWCASTLE_PARADIP_PANAMAX,2024-08-29 00:00:00,2024-08-29 18:00:00,18.72,USD_PER_MT,1,v1.0,VALID,PROXY,hash_fr_001207,True
1208,FREIGHT_ID_SAMARINDA_PARADIP_SUPRA,2024-08-29 00:00:00,2024-08-29 18:00:00,11.59,USD_PER_MT,1,v1.0,VALID,PROXY,hash_fr_001208,True
1209,FREIGHT_ZA_RICHARDSBAY_PARADIP_PANAMAX,2024-08-29 00:00:00,2024-08-29 18:00:00,16.77,USD_PER_MT,1,v1.0,VALID,PROXY,hash_fr_001209,True
1210,FREIGHT_BR_TUBARAO_QINGDAO_CAPE,2024-08-29 00:00:00,2024-08-29 18:00:00,26.16,USD_PER_MT,1,v1.0,VALID,PROXY,hash_fr_001210,True
1211,FREIGHT_AU_HEDLAND_PARADIP_CAPE,2024-08-30 00:00:00,2024-08-30 18:00:00,14.41,USD_PER_MT,1,v1.0,VALID,PROXY,hash_fr_001211,True
1212,FREIGHT_AU_NEWCASTLE_PARADIP_PANAMAX,2024-08-30 00:00:00,2024-08-30 18:00:00,18.2,USD_PER_MT,1,v1.0,VALID,PROXY,hash_fr_001212,True
1213,FREIGHT_ID_SAMARINDA_PARADIP_SUPRA,2024-08-30 00:00:00,2024-08-30 18:00:00,11.82,USD_PER_MT,1,v1.0,VALID,PROXY,hash_fr_001213,True
1214,FREIGHT_ZA_RICHARDSBAY_PARADIP_PANAMAX,2024-08-30 00:00:00,2024-08-30 18:00:00,16.7,USD_PER_MT,1,v1.0,VALID,PROXY,hash_fr_001214,True
1215,FREIGHT_BR_TUBARAO_QINGDAO_CAPE,2024-08-30 00:00:00,2024-08-30 18:00:00,26.11,USD_PER_MT,1,v1.0,VALID,PROXY,hash_fr_001215,True
1216,FREIGHT_AU_HEDLAND_PARADIP_CAPE,2024-08-31 00:00:00,2024-08-31 18:00:00,14.71,USD_PER_MT,1,v1.0,VALID,PROXY,hash_fr_001216,True
1217,FREIGHT_AU_NEWCASTLE_PARADIP_PANAMAX,2024-08-31 00:00:00,2024-08-31 18:00:00,18.15,USD_PER_MT,1,v1.0,VALID,PROXY,hash_fr_001217,True
1218,FREIGHT_ID_SAMARINDA_PARADIP_SUPRA,2024-08-31 00:00:00,2024-08-31 18:00:00,11.78,USD_PER_MT,1,v1.0,VALID,PROXY,hash_fr_001218,True
1219,FREIGHT_ZA_RICHARDSBAY_PARADIP_PANAMAX,2024-08-31 00:00:00,2024-08-31 18:00:00,16.92,USD_PER_MT,1,v1.0,VALID,PROXY,hash_fr_001219,True
1220,FREIGHT_BR_TUBARAO_QINGDAO_CAPE,2024-08-31 00:00:00,2024-08-31 18:00:00,25.95,USD_PER_MT,1,v1.0,VALID,PROXY,hash_fr_001220,True
1221,FREIGHT_AU_HEDLAND_PARADIP_CAPE,2024-09-01 00:00:00,2024-09-01 18:00:00,14.72,USD_PER_MT,1,v1.0,VALID,PROXY,hash_fr_001221,True
1222,FREIGHT_AU_NEWCASTLE_PARADIP_PANAMAX,2024-09-01 00:00:00,2024-09-01 18:00:00,18.54,USD_PER_MT,1,v1.0,VALID,PROXY,hash_fr_001222,True
1223,FREIGHT_ID_SAMARINDA_PARADIP_SUPRA,2024-09-01 00:00:00,2024-09-01 18:00:00,11.79,USD_PER_MT,1,v1.0,VALID,PROXY,hash_fr_001223,True
1224,FREIGHT_ZA_RICHARDSBAY_PARADIP_PANAMAX,2024-09-01 00:00:00,2024-09-01 18:00:00,16.77,USD_PER_MT,1,v1.0,VALID,PROXY,hash_fr_001224,True
1225,FREIGHT_BR_TUBARAO_QINGDAO_CAPE,2024-09-01 00:00:00,2024-09-01 18:00:00,26.6,USD_PER_MT,1,v1.0,VALID,PROXY,hash_fr_001225,True
1226,FREIGHT_AU_HEDLAND_PARADIP_CAPE,2024-09-02 00:00:00,2024-09-02 18:00:00,14.63,USD_PER_MT,1,v1.0,VALID,PROXY,hash_fr_001226,True
1227,FREIGHT_AU_NEWCASTLE_PARADIP_PANAMAX,2024-09-02 00:00:00,2024-09-02 18:00:00,18.31,USD_PER_MT,1,v1.0,VALID,PROXY,hash_fr_001227,True
1228,FREIGHT_ID_SAMARINDA_PARADIP_SUPRA,2024-09-02 00:00:00,2024-09-02 18:00:00,11.75,USD_PER_MT,1,v1.0,VALID,PROXY,hash_fr_001228,True
1229,FREIGHT_ZA_RICHARDSBAY_PARADIP_PANAMAX,2024-09-02 00:00:00,2024-09-02 18:00:00,16.75,USD_PER_MT,1,v1.0,VALID,PROXY,hash_fr_001229,True
1230,FREIGHT_BR_TUBARAO_QINGDAO_CAPE,2024-09-02 00:00:00,2024-09-02 18:00:00,27.01,USD_PER_MT,1,v1.0,VALID,PROXY,hash_fr_001230,True
1231,FREIGHT_AU_HEDLAND_PARADIP_CAPE,2024-09-03 00:00:00,2024-09-03 18:00:00,14.76,USD_PER_MT,1,v1.0,VALID,PROXY,hash_fr_001231,True
1232,FREIGHT_AU_NEWCASTLE_PARADIP_PANAMAX,2024-09-03 00:00:00,2024-09-03 18:00:00,18.07,USD_PER_MT,1,v1.0,VALID,PROXY,hash_fr_001232,True
1233,FREIGHT_ID_SAMARINDA_PARADIP_SUPRA,2024-09-03 00:00:00,2024-09-03 18:00:00,12.04,USD_PER_MT,1,v1.0,VALID,PROXY,hash_fr_001233,True
1234,FREIGHT_ZA_RICHARDSBAY_PARADIP_PANAMAX,2024-09-03 00:00:00,2024-09-03 18:00:00,16.48,USD_PER_MT,1,v1.0,VALID,PROXY,hash_fr_001234,True
1235,FREIGHT_BR_TUBARAO_QINGDAO_CAPE,2024-09-03 00:00:00,2024-09-03 18:00:00,27.14,USD_PER_MT,1,v1.0,VALID,PROXY,hash_fr_001235,True
1236,FREIGHT_AU_HEDLAND_PARADIP_CAPE,2024-09-04 00:00:00,2024-09-04 18:00:00,14.73,USD_PER_MT,1,v1.0,VALID,PROXY,hash_fr_001236,True
1237,FREIGHT_AU_NEWCASTLE_PARADIP_PANAMAX,2024-09-04 00:00:00,2024-09-04 18:00:00,18.67,USD_PER_MT,1,v1.0,VALID,PROXY,hash_fr_001237,True
1238,FREIGHT_ID_SAMARINDA_PARADIP_SUPRA,2024-09-04 00:00:00,2024-09-04 18:00:00,11.99,USD_PER_MT,1,v1.0,VALID,PROXY,hash_fr_001238,True
1239,FREIGHT_ZA_RICHARDSBAY_PARADIP_PANAMAX,2024-09-04 00:00:00,2024-09-04 18:00:00,17.31,USD_PER_MT,1,v1.0,VALID,PROXY,hash_fr_001239,True
1240,FREIGHT_BR_TUBARAO_QINGDAO_CAPE,2024-09-04 00:00:00,2024-09-04 18:00:00,27.09,USD_PER_MT,1,v1.0,VALID,PROXY,hash_fr_001240,True
1241,FREIGHT_AU_HEDLAND_PARADIP_CAPE,2024-09-05 00:00:00,2024-09-05 18:00:00,14.63,USD_PER_MT,1,v1.0,VALID,PROXY,hash_fr_001241,True
1242,FREIGHT_AU_NEWCASTLE_PARADIP_PANAMAX,2024-09-05 00:00:00,2024-09-05 18:00:00,18.21,USD_PER_MT,1,v1.0,VALID,PROXY,hash_fr_001242,True
1243,FREIGHT_ID_SAMARINDA_PARADIP_SUPRA,2024-09-05 00:00:00,2024-09-05 18:00:00,11.83,USD_PER_MT,1,v1.0,VALID,PROXY,hash_fr_001243,True
1244,FREIGHT_ZA_RICHARDSBAY_PARADIP_PANAMAX,2024-09-05 00:00:00,2024-09-05 18:00:00,16.8,USD_PER_MT,1,v1.0,VALID,PROXY,hash_fr_001244,True
1245,FREIGHT_BR_TUBARAO_QINGDAO_CAPE,2024-09-05 00:00:00,2024-09-05 18:00:00,27.32,USD_PER_MT,1,v1.0,VALID,PROXY,hash_fr_001245,True
1246,FREIGHT_AU_HEDLAND_PARADIP_CAPE,2024-09-06 00:00:00,2024-09-06 18:00:00,14.84,USD_PER_MT,1,v1.0,VALID,PROXY,hash_fr_001246,True
1247,FREIGHT_AU_NEWCASTLE_PARADIP_PANAMAX,2024-09-06 00:00:00,2024-09-06 18:00:00,18.63,USD_PER_MT,1,v1.0,VALID,PROXY,hash_fr_001247,True
1248,FREIGHT_ID_SAMARINDA_PARADIP_SUPRA,2024-09-06 00:00:00,2024-09-06 18:00:00,11.56,USD_PER_MT,1,v1.0,VALID,PROXY,hash_fr_001248,True
1249,FREIGHT_ZA_RICHARDSBAY_PARADIP_PANAMAX,2024-09-06 00:00:00,2024-09-06 18:00:00,17.4,USD_PER_MT,1,v1.0,VALID,PROXY,hash_fr_001249,True
1250,FREIGHT_BR_TUBARAO_QINGDAO_CAPE,2024-09-06 00:00:00,2024-09-06 18:00:00,25.54,USD_PER_MT,1,v1.0,VALID,PROXY,hash_fr_001250,True
1251,FREIGHT_AU_HEDLAND_PARADIP_CAPE,2024-09-07 00:00:00,2024-09-07 18:00:00,14.86,USD_PER_MT,1,v1.0,VALID,PROXY,hash_fr_001251,True
1252,FREIGHT_AU_NEWCASTLE_PARADIP_PANAMAX,2024-09-07 00:00:00,2024-09-07 18:00:00,18.29,USD_PER_MT,1,v1.0,VALID,PROXY,hash_fr_001252,True
1253,FREIGHT_ID_SAMARINDA_PARADIP_SUPRA,2024-09-07 00:00:00,2024-09-07 18:00:00,11.81,USD_PER_MT,1,v1.0,VALID,PROXY,hash_fr_001253,True
1254,FREIGHT_ZA_RICHARDSBAY_PARADIP_PANAMAX,2024-09-07 00:00:00,2024-09-07 18:00:00,16.77,USD_PER_MT,1,v1.0,VALID,PROXY,hash_fr_001254,True
1255,FREIGHT_BR_TUBARAO_QINGDAO_CAPE,2024-09-07 00:00:00,2024-09-07 18:00:00,26.57,USD_PER_MT,1,v1.0,VALID,PROXY,hash_fr_001255,True
1256,FREIGHT_AU_HEDLAND_PARADIP_CAPE,2024-09-08 00:00:00,2024-09-08 18:00:00,14.69,USD_PER_MT,1,v1.0,VALID,PROXY,hash_fr_001256,True
1257,FREIGHT_AU_NEWCASTLE_PARADIP_PANAMAX,2024-09-08 00:00:00,2024-09-08 18:00:00,18.1,USD_PER_MT,1,v1.0,VALID,PROXY,hash_fr_001257,True
1258,FREIGHT_ID_SAMARINDA_PARADIP_SUPRA,2024-09-08 00:00:00,2024-09-08 18:00:00,11.59,USD_PER_MT,1,v1.0,VALID,PROXY,hash_fr_001258,True
1259,FREIGHT_ZA_RICHARDSBAY_PARADIP_PANAMAX,2024-09-08 00:00:00,2024-09-08 18:00:00,17.67,USD_PER_MT,1,v1.0,VALID,PROXY,hash_fr_001259,True
1260,FREIGHT_BR_TUBARAO_QINGDAO_CAPE,2024-09-08 00:00:00,2024-09-08 18:00:00,27.26,USD_PER_MT,1,v1.0,VALID,PROXY,hash_fr_001260,True
1261,FREIGHT_AU_HEDLAND_PARADIP_CAPE,2024-09-09 00:00:00,2024-09-09 18:00:00,14.97,USD_PER_MT,1,v1.0,VALID,PROXY,hash_fr_001261,True
1262,FREIGHT_AU_NEWCASTLE_PARADIP_PANAMAX,2024-09-09 00:00:00,2024-09-09 18:00:00,18.95,USD_PER_MT,1,v1.0,VALID,PROXY,hash_fr_001262,True
1263,FREIGHT_ID_SAMARINDA_PARADIP_SUPRA,2024-09-09 00:00:00,2024-09-09 18:00:00,11.87,USD_PER_MT,1,v1.0,VALID,PROXY,hash_fr_001263,True
1264,FREIGHT_ZA_RICHARDSBAY_PARADIP_PANAMAX,2024-09-09 00:00:00,2024-09-09 18:00:00,16.91,USD_PER_MT,1,v1.0,VALID,PROXY,hash_fr_001264,True
1265,FREIGHT_BR_TUBARAO_QINGDAO_CAPE,2024-09-09 00:00:00,2024-09-09 18:00:00,25.97,USD_PER_MT,1,v1.0,VALID,PROXY,hash_fr_001265,True
1266,FREIGHT_AU_HEDLAND_PARADIP_CAPE,2024-09-10 00:00:00,2024-09-10 18:00:00,15.06,USD_PER_MT,1,v1.0,VALID,PROXY,hash_fr_001266,True
1267,FREIGHT_AU_NEWCASTLE_PARADIP_PANAMAX,2024-09-10 00:00:00,2024-09-10 18:00:00,19.01,USD_PER_MT,1,v1.0,VALID,PROXY,hash_fr_001267,True
1268,FREIGHT_ID_SAMARINDA_PARADIP_SUPRA,2024-09-10 00:00:00,2024-09-10 18:00:00,12.01,USD_PER_MT,1,v1.0,VALID,PROXY,hash_fr_001268,True
1269,FREIGHT_ZA_RICHARDSBAY_PARADIP_PANAMAX,2024-09-10 00:00:00,2024-09-10 18:00:00,16.8,USD_PER_MT,1,v1.0,VALID,PROXY,hash_fr_001269,True
1270,FREIGHT_BR_TUBARAO_QINGDAO_CAPE,2024-09-10 00:00:00,2024-09-10 18:00:00,27.25,USD_PER_MT,1,v1.0,VALID,PROXY,hash_fr_001270,True
1271,FREIGHT_AU_HEDLAND_PARADIP_CAPE,2024-09-11 00:00:00,2024-09-11 18:00:00,14.64,USD_PER_MT,1,v1.0,VALID,PROXY,hash_fr_001271,True
1272,FREIGHT_AU_NEWCASTLE_PARADIP_PANAMAX,2024-09-11 00:00:00,2024-09-11 18:00:00,18.86,USD_PER_MT,1,v1.0,VALID,PROXY,hash_fr_001272,True
1273,FREIGHT_ID_SAMARINDA_PARADIP_SUPRA,2024-09-11 00:00:00,2024-09-11 18:00:00,11.7,USD_PER_MT,1,v1.0,VALID,PROXY,hash_fr_001273,True
1274,FREIGHT_ZA_RICHARDSBAY_PARADIP_PANAMAX,2024-09-11 00:00:00,2024-09-11 18:00:00,16.59,USD_PER_MT,1,v1.0,VALID,PROXY,hash_fr_001274,True
1275,FREIGHT_BR_TUBARAO_QINGDAO_CAPE,2024-09-11 00:00:00,2024-09-11 18:00:00,26.17,USD_PER_MT,1,v1.0,VALID,PROXY,hash_fr_001275,True
1276,FREIGHT_AU_HEDLAND_PARADIP_CAPE,2024-09-12 00:00:00,2024-09-12 18:00:00,14.46,USD_PER_MT,1,v1.0,VALID,PROXY,hash_fr_001276,True
1277,FREIGHT_AU_NEWCASTLE_PARADIP_PANAMAX,2024-09-12 00:00:00,2024-09-12 18:00:00,18.41,USD_PER_MT,1,v1.0,VALID,PROXY,hash_fr_001277,True
1278,FREIGHT_ID_SAMARINDA_PARADIP_SUPRA,2024-09-12 00:00:00,2024-09-12 18:00:00,12.15,USD_PER_MT,1,v1.0,VALID,PROXY,hash_fr_001278,True
1279,FREIGHT_ZA_RICHARDSBAY_PARADIP_PANAMAX,2024-09-12 00:00:00,2024-09-12 18:00:00,17.03,USD_PER_MT,1,v1.0,VALID,PROXY,hash_fr_001279,True
1280,FREIGHT_BR_TUBARAO_QINGDAO_CAPE,2024-09-12 00:00:00,2024-09-12 18:00:00,27.56,USD_PER_MT,1,v1.0,VALID,PROXY,hash_fr_001280,True
1281,FREIGHT_AU_HEDLAND_PARADIP_CAPE,2024-09-13 00:00:00,2024-09-13 18:00:00,14.4,USD_PER_MT,1,v1.0,VALID,PROXY,hash_fr_001281,True
1282,FREIGHT_AU_NEWCASTLE_PARADIP_PANAMAX,2024-09-13 00:00:00,2024-09-13 18:00:00,18.57,USD_PER_MT,1,v1.0,VALID,PROXY,hash_fr_001282,True
1283,FREIGHT_ID_SAMARINDA_PARADIP_SUPRA,2024-09-13 00:00:00,2024-09-13 18:00:00,11.65,USD_PER_MT,1,v1.0,VALID,PROXY,hash_fr_001283,True
1284,FREIGHT_ZA_RICHARDSBAY_PARADIP_PANAMAX,2024-09-13 00:00:00,2024-09-13 18:00:00,16.44,USD_PER_MT,1,v1.0,VALID,PROXY,hash_fr_001284,True
1285,FREIGHT_BR_TUBARAO_QINGDAO_CAPE,2024-09-13 00:00:00,2024-09-13 18:00:00,26.75,USD_PER_MT,1,v1.0,VALID,PROXY,hash_fr_001285,True
1286,FREIGHT_AU_HEDLAND_PARADIP_CAPE,2024-09-14 00:00:00,2024-09-14 18:00:00,14.75,USD_PER_MT,1,v1.0,VALID,PROXY,hash_fr_001286,True
1287,FREIGHT_AU_NEWCASTLE_PARADIP_PANAMAX,2024-09-14 00:00:00,2024-09-14 18:00:00,18.12,USD_PER_MT,1,v1.0,VALID,PROXY,hash_fr_001287,True
1288,FREIGHT_ID_SAMARINDA_PARADIP_SUPRA,2024-09-14 00:00:00,2024-09-14 18:00:00,11.92,USD_PER_MT,1,v1.0,VALID,PROXY,hash_fr_001288,True
1289,FREIGHT_ZA_RICHARDSBAY_PARADIP_PANAMAX,2024-09-14 00:00:00,2024-09-14 18:00:00,16.79,USD_PER_MT,1,v1.0,VALID,PROXY,hash_fr_001289,True
1290,FREIGHT_BR_TUBARAO_QINGDAO_CAPE,2024-09-14 00:00:00,2024-09-14 18:00:00,26.27,USD_PER_MT,1,v1.0,VALID,PROXY,hash_fr_001290,True
1291,FREIGHT_AU_HEDLAND_PARADIP_CAPE,2024-09-15 00:00:00,2024-09-15 18:00:00,14.78,USD_PER_MT,1,v1.0,VALID,PROXY,hash_fr_001291,True
1292,FREIGHT_AU_NEWCASTLE_PARADIP_PANAMAX,2024-09-15 00:00:00,2024-09-15 18:00:00,18.9,USD_PER_MT,1,v1.0,VALID,PROXY,hash_fr_001292,True
1293,FREIGHT_ID_SAMARINDA_PARADIP_SUPRA,2024-09-15 00:00:00,2024-09-15 18:00:00,11.55,USD_PER_MT,1,v1.0,VALID,PROXY,hash_fr_001293,True
1294,FREIGHT_ZA_RICHARDSBAY_PARADIP_PANAMAX,2024-09-15 00:00:00,2024-09-15 18:00:00,16.27,USD_PER_MT,1,v1.0,VALID,PROXY,hash_fr_001294,True
1295,FREIGHT_BR_TUBARAO_QINGDAO_CAPE,2024-09-15 00:00:00,2024-09-15 18:00:00,27.64,USD_PER_MT,1,v1.0,VALID,PROXY,hash_fr_001295,True
1296,FREIGHT_AU_HEDLAND_PARADIP_CAPE,2024-09-16 00:00:00,2024-09-16 18:00:00,14.65,USD_PER_MT,1,v1.0,VALID,PROXY,hash_fr_001296,True
1297,FREIGHT_AU_NEWCASTLE_PARADIP_PANAMAX,2024-09-16 00:00:00,2024-09-16 18:00:00,18.05,USD_PER_MT,1,v1.0,VALID,PROXY,hash_fr_001297,True
1298,FREIGHT_ID_SAMARINDA_PARADIP_SUPRA,2024-09-16 00:00:00,2024-09-16 18:00:00,11.33,USD_PER_MT,1,v1.0,VALID,PROXY,hash_fr_001298,True
1299,FREIGHT_ZA_RICHARDSBAY_PARADIP_PANAMAX,2024-09-16 00:00:00,2024-09-16 18:00:00,16.32,USD_PER_MT,1,v1.0,VALID,PROXY,hash_fr_001299,True
1300,FREIGHT_BR_TUBARAO_QINGDAO_CAPE,2024-09-16 00:00:00,2024-09-16 18:00:00,25.18,USD_PER_MT,1,v1.0,VALID,PROXY,hash_fr_001300,True
1301,FREIGHT_AU_HEDLAND_PARADIP_CAPE,2024-09-17 00:00:00,2024-09-17 18:00:00,14.15,USD_PER_MT,1,v1.0,VALID,PROXY,hash_fr_001301,True
1302,FREIGHT_AU_NEWCASTLE_PARADIP_PANAMAX,2024-09-17 00:00:00,2024-09-17 18:00:00,18.58,USD_PER_MT,1,v1.0,VALID,PROXY,hash_fr_001302,True
1303,FREIGHT_ID_SAMARINDA_PARADIP_SUPRA,2024-09-17 00:00:00,2024-09-17 18:00:00,11.29,USD_PER_MT,1,v1.0,VALID,PROXY,hash_fr_001303,True
1304,FREIGHT_ZA_RICHARDSBAY_PARADIP_PANAMAX,2024-09-17 00:00:00,2024-09-17 18:00:00,16.72,USD_PER_MT,1,v1.0,VALID,PROXY,hash_fr_001304,True
1305,FREIGHT_BR_TUBARAO_QINGDAO_CAPE,2024-09-17 00:00:00,2024-09-17 18:00:00,26.57,USD_PER_MT,1,v1.0,VALID,PROXY,hash_fr_001305,True
1306,FREIGHT_AU_HEDLAND_PARADIP_CAPE,2024-09-18 00:00:00,2024-09-18 18:00:00,14.38,USD_PER_MT,1,v1.0,VALID,PROXY,hash_fr_001306,True
1307,FREIGHT_AU_NEWCASTLE_PARADIP_PANAMAX,2024-09-18 00:00:00,2024-09-18 18:00:00,18.05,USD_PER_MT,1,v1.0,VALID,PROXY,hash_fr_001307,True
1308,FREIGHT_ID_SAMARINDA_PARADIP_SUPRA,2024-09-18 00:00:00,2024-09-18 18:00:00,11.78,USD_PER_MT,1,v1.0,VALID,PROXY,hash_fr_001308,True
1309,FREIGHT_ZA_RICHARDSBAY_PARADIP_PANAMAX,2024-09-18 00:00:00,2024-09-18 18:00:00,16.53,USD_PER_MT,1,v1.0,VALID,PROXY,hash_fr_001309,True
1310,FREIGHT_BR_TUBARAO_QINGDAO_CAPE,2024-09-18 00:00:00,2024-09-18 18:00:00,25.33,USD_PER_MT,1,v1.0,VALID,PROXY,hash_fr_001310,True
1311,FREIGHT_AU_HEDLAND_PARADIP_CAPE,2024-09-19 00:00:00,2024-09-19 18:00:00,14.22,USD_PER_MT,1,v1.0,VALID,PROXY,hash_fr_001311,True
1312,FREIGHT_AU_NEWCASTLE_PARADIP_PANAMAX,2024-09-19 00:00:00,2024-09-19 18:00:00,17.4,USD_PER_MT,1,v1.0,VALID,PROXY,hash_fr_001312,True
1313,FREIGHT_ID_SAMARINDA_PARADIP_SUPRA,2024-09-19 00:00:00,2024-09-19 18:00:00,11.19,USD_PER_MT,1,v1.0,VALID,PROXY,hash_fr_001313,True
1314,FREIGHT_ZA_RICHARDSBAY_PARADIP_PANAMAX,2024-09-19 00:00:00,2024-09-19 18:00:00,16.42,USD_PER_MT,1,v1.0,VALID,PROXY,hash_fr_001314,True
1315,FREIGHT_BR_TUBARAO_QINGDAO_CAPE,2024-09-19 00:00:00,2024-09-19 18:00:00,25.54,USD_PER_MT,1,v1.0,VALID,PROXY,hash_fr_001315,True
1316,FREIGHT_AU_HEDLAND_PARADIP_CAPE,2024-09-20 00:00:00,2024-09-20 18:00:00,14.39,USD_PER_MT,1,v1.0,VALID,PROXY,hash_fr_001316,True
1317,FREIGHT_AU_NEWCASTLE_PARADIP_PANAMAX,2024-09-20 00:00:00,2024-09-20 18:00:00,17.79,USD_PER_MT,1,v1.0,VALID,PROXY,hash_fr_001317,True
1318,FREIGHT_ID_SAMARINDA_PARADIP_SUPRA,2024-09-20 00:00:00,2024-09-20 18:00:00,11.33,USD_PER_MT,1,v1.0,VALID,PROXY,hash_fr_001318,True
1319,FREIGHT_ZA_RICHARDSBAY_PARADIP_PANAMAX,2024-09-20 00:00:00,2024-09-20 18:00:00,15.67,USD_PER_MT,1,v1.0,VALID,PROXY,hash_fr_001319,True
1320,FREIGHT_BR_TUBARAO_QINGDAO_CAPE,2024-09-20 00:00:00,2024-09-20 18:00:00,25.49,USD_PER_MT,1,v1.0,VALID,PROXY,hash_fr_001320,True
1321,FREIGHT_AU_HEDLAND_PARADIP_CAPE,2024-09-21 00:00:00,2024-09-21 18:00:00,13.83,USD_PER_MT,1,v1.0,VALID,PROXY,hash_fr_001321,True
1322,FREIGHT_AU_NEWCASTLE_PARADIP_PANAMAX,2024-09-21 00:00:00,2024-09-21 18:00:00,17.72,USD_PER_MT,1,v1.0,VALID,PROXY,hash_fr_001322,True
1323,FREIGHT_ID_SAMARINDA_PARADIP_SUPRA,2024-09-21 00:00:00,2024-09-21 18:00:00,10.84,USD_PER_MT,1,v1.0,VALID,PROXY,hash_fr_001323,True
1324,FREIGHT_ZA_RICHARDSBAY_PARADIP_PANAMAX,2024-09-21 00:00:00,2024-09-21 18:00:00,15.8,USD_PER_MT,1,v1.0,VALID,PROXY,hash_fr_001324,True
1325,FREIGHT_BR_TUBARAO_QINGDAO_CAPE,2024-09-21 00:00:00,2024-09-21 18:00:00,25.23,USD_PER_MT,1,v1.0,VALID,PROXY,hash_fr_001325,True
1326,FREIGHT_AU_HEDLAND_PARADIP_CAPE,2024-09-22 00:00:00,2024-09-22 18:00:00,13.4,USD_PER_MT,1,v1.0,VALID,PROXY,hash_fr_001326,True
1327,FREIGHT_AU_NEWCASTLE_PARADIP_PANAMAX,2024-09-22 00:00:00,2024-09-22 18:00:00,17.07,USD_PER_MT,1,v1.0,VALID,PROXY,hash_fr_001327,True
1328,FREIGHT_ID_SAMARINDA_PARADIP_SUPRA,2024-09-22 00:00:00,2024-09-22 18:00:00,11.07,USD_PER_MT,1,v1.0,VALID,PROXY,hash_fr_001328,True
1329,FREIGHT_ZA_RICHARDSBAY_PARADIP_PANAMAX,2024-09-22 00:00:00,2024-09-22 18:00:00,16.24,USD_PER_MT,1,v1.0,VALID,PROXY,hash_fr_001329,True
1330,FREIGHT_BR_TUBARAO_QINGDAO_CAPE,2024-09-22 00:00:00,2024-09-22 18:00:00,24.63,USD_PER_MT,1,v1.0,VALID,PROXY,hash_fr_001330,True
1331,FREIGHT_AU_HEDLAND_PARADIP_CAPE,2024-09-23 00:00:00,2024-09-23 18:00:00,14.01,USD_PER_MT,1,v1.0,VALID,PROXY,hash_fr_001331,True
1332,FREIGHT_AU_NEWCASTLE_PARADIP_PANAMAX,2024-09-23 00:00:00,2024-09-23 18:00:00,16.78,USD_PER_MT,1,v1.0,VALID,PROXY,hash_fr_001332,True
1333,FREIGHT_ID_SAMARINDA_PARADIP_SUPRA,2024-09-23 00:00:00,2024-09-23 18:00:00,10.7,USD_PER_MT,1,v1.0,VALID,PROXY,hash_fr_001333,True
1334,FREIGHT_ZA_RICHARDSBAY_PARADIP_PANAMAX,2024-09-23 00:00:00,2024-09-23 18:00:00,15.53,USD_PER_MT,1,v1.0,VALID,PROXY,hash_fr_001334,True
1335,FREIGHT_BR_TUBARAO_QINGDAO_CAPE,2024-09-23 00:00:00,2024-09-23 18:00:00,24.45,USD_PER_MT,1,v1.0,VALID,PROXY,hash_fr_001335,True
1336,FREIGHT_AU_HEDLAND_PARADIP_CAPE,2024-09-24 00:00:00,2024-09-24 18:00:00,13.1,USD_PER_MT,1,v1.0,VALID,PROXY,hash_fr_001336,True
1337,FREIGHT_AU_NEWCASTLE_PARADIP_PANAMAX,2024-09-24 00:00:00,2024-09-24 18:00:00,17.51,USD_PER_MT,1,v1.0,VALID,PROXY,hash_fr_001337,True
1338,FREIGHT_ID_SAMARINDA_PARADIP_SUPRA,2024-09-24 00:00:00,2024-09-24 18:00:00,10.59,USD_PER_MT,1,v1.0,VALID,PROXY,hash_fr_001338,True
1339,FREIGHT_ZA_RICHARDSBAY_PARADIP_PANAMAX,2024-09-24 00:00:00,2024-09-24 18:00:00,15.66,USD_PER_MT,1,v1.0,VALID,PROXY,hash_fr_001339,True
1340,FREIGHT_BR_TUBARAO_QINGDAO_CAPE,2024-09-24 00:00:00,2024-09-24 18:00:00,24.47,USD_PER_MT,1,v1.0,VALID,PROXY,hash_fr_001340,True
1341,FREIGHT_AU_HEDLAND_PARADIP_CAPE,2024-09-25 00:00:00,2024-09-25 18:00:00,13.41,USD_PER_MT,1,v1.0,VALID,PROXY,hash_fr_001341,True
1342,FREIGHT_AU_NEWCASTLE_PARADIP_PANAMAX,2024-09-25 00:00:00,2024-09-25 18:00:00,16.59,USD_PER_MT,1,v1.0,VALID,PROXY,hash_fr_001342,True
1343,FREIGHT_ID_SAMARINDA_PARADIP_SUPRA,2024-09-25 00:00:00,2024-09-25 18:00:00,10.68,USD_PER_MT,1,v1.0,VALID,PROXY,hash_fr_001343,True
1344,FREIGHT_ZA_RICHARDSBAY_PARADIP_PANAMAX,2024-09-25 00:00:00,2024-09-25 18:00:00,15.21,USD_PER_MT,1,v1.0,VALID,PROXY,hash_fr_001344,True
1345,FREIGHT_BR_TUBARAO_QINGDAO_CAPE,2024-09-25 00:00:00,2024-09-25 18:00:00,23.35,USD_PER_MT,1,v1.0,VALID,PROXY,hash_fr_001345,True
1346,FREIGHT_AU_HEDLAND_PARADIP_CAPE,2024-09-26 00:00:00,2024-09-26 18:00:00,12.66,USD_PER_MT,1,v1.0,VALID,PROXY,hash_fr_001346,True
1347,FREIGHT_AU_NEWCASTLE_PARADIP_PANAMAX,2024-09-26 00:00:00,2024-09-26 18:00:00,16.2,USD_PER_MT,1,v1.0,VALID,PROXY,hash_fr_001347,True
1348,FREIGHT_ID_SAMARINDA_PARADIP_SUPRA,2024-09-26 00:00:00,2024-09-26 18:00:00,10.07,USD_PER_MT,1,v1.0,VALID,PROXY,hash_fr_001348,True
1349,FREIGHT_ZA_RICHARDSBAY_PARADIP_PANAMAX,2024-09-26 00:00:00,2024-09-26 18:00:00,15.17,USD_PER_MT,1,v1.0,VALID,PROXY,hash_fr_001349,True
1350,FREIGHT_BR_TUBARAO_QINGDAO_CAPE,2024-09-26 00:00:00,2024-09-26 18:00:00,24.65,USD_PER_MT,1,v1.0,VALID,PROXY,hash_fr_001350,True
1351,FREIGHT_AU_HEDLAND_PARADIP_CAPE,2024-09-27 00:00:00,2024-09-27 18:00:00,13.05,USD_PER_MT,1,v1.0,VALID,PROXY,hash_fr_001351,True
1352,FREIGHT_AU_NEWCASTLE_PARADIP_PANAMAX,2024-09-27 00:00:00,2024-09-27 18:00:00,16.49,USD_PER_MT,1,v1.0,VALID,PROXY,hash_fr_001352,True
1353,FREIGHT_ID_SAMARINDA_PARADIP_SUPRA,2024-09-27 00:00:00,2024-09-27 18:00:00,10.66,USD_PER_MT,1,v1.0,VALID,PROXY,hash_fr_001353,True
1354,FREIGHT_ZA_RICHARDSBAY_PARADIP_PANAMAX,2024-09-27 00:00:00,2024-09-27 18:00:00,14.56,USD_PER_MT,1,v1.0,VALID,PROXY,hash_fr_001354,True
1355,FREIGHT_BR_TUBARAO_QINGDAO_CAPE,2024-09-27 00:00:00,2024-09-27 18:00:00,23.86,USD_PER_MT,1,v1.0,VALID,PROXY,hash_fr_001355,True
1356,FREIGHT_AU_HEDLAND_PARADIP_CAPE,2024-09-28 00:00:00,2024-09-28 18:00:00,12.58,USD_PER_MT,1,v1.0,VALID,PROXY,hash_fr_001356,True
1357,FREIGHT_AU_NEWCASTLE_PARADIP_PANAMAX,2024-09-28 00:00:00,2024-09-28 18:00:00,16.56,USD_PER_MT,1,v1.0,VALID,PROXY,hash_fr_001357,True
1358,FREIGHT_ID_SAMARINDA_PARADIP_SUPRA,2024-09-28 00:00:00,2024-09-28 18:00:00,10.37,USD_PER_MT,1,v1.0,VALID,PROXY,hash_fr_001358,True
1359,FREIGHT_ZA_RICHARDSBAY_PARADIP_PANAMAX,2024-09-28 00:00:00,2024-09-28 18:00:00,14.58,USD_PER_MT,1,v1.0,VALID,PROXY,hash_fr_001359,True
1360,FREIGHT_BR_TUBARAO_QINGDAO_CAPE,2024-09-28 00:00:00,2024-09-28 18:00:00,23.35,USD_PER_MT,1,v1.0,VALID,PROXY,hash_fr_001360,True
1361,FREIGHT_AU_HEDLAND_PARADIP_CAPE,2024-09-29 00:00:00,2024-09-29 18:00:00,12.79,USD_PER_MT,1,v1.0,VALID,PROXY,hash_fr_001361,True
1362,FREIGHT_AU_NEWCASTLE_PARADIP_PANAMAX,2024-09-29 00:00:00,2024-09-29 18:00:00,16.45,USD_PER_MT,1,v1.0,VALID,PROXY,hash_fr_001362,True
1363,FREIGHT_ID_SAMARINDA_PARADIP_SUPRA,2024-09-29 00:00:00,2024-09-29 18:00:00,10.46,USD_PER_MT,1,v1.0,VALID,PROXY,hash_fr_001363,True
1364,FREIGHT_ZA_RICHARDSBAY_PARADIP_PANAMAX,2024-09-29 00:00:00,2024-09-29 18:00:00,14.44,USD_PER_MT,1,v1.0,VALID,PROXY,hash_fr_001364,True
1365,FREIGHT_BR_TUBARAO_QINGDAO_CAPE,2024-09-29 00:00:00,2024-09-29 18:00:00,23.38,USD_PER_MT,1,v1.0,VALID,PROXY,hash_fr_001365,True
1366,FREIGHT_AU_HEDLAND_PARADIP_CAPE,2024-09-30 00:00:00,2024-09-30 18:00:00,12.22,USD_PER_MT,1,v1.0,VALID,PROXY,hash_fr_001366,True
1367,FREIGHT_AU_NEWCASTLE_PARADIP_PANAMAX,2024-09-30 00:00:00,2024-09-30 18:00:00,15.77,USD_PER_MT,1,v1.0,VALID,PROXY,hash_fr_001367,True
1368,FREIGHT_ID_SAMARINDA_PARADIP_SUPRA,2024-09-30 00:00:00,2024-09-30 18:00:00,9.95,USD_PER_MT,1,v1.0,VALID,PROXY,hash_fr_001368,True
1369,FREIGHT_ZA_RICHARDSBAY_PARADIP_PANAMAX,2024-09-30 00:00:00,2024-09-30 18:00:00,13.9,USD_PER_MT,1,v1.0,VALID,PROXY,hash_fr_001369,True
1370,FREIGHT_BR_TUBARAO_QINGDAO_CAPE,2024-09-30 00:00:00,2024-09-30 18:00:00,23.54,USD_PER_MT,1,v1.0,VALID,PROXY,hash_fr_001370,True
1371,FREIGHT_AU_HEDLAND_PARADIP_CAPE,2024-10-01 00:00:00,2024-10-01 18:00:00,12.13,USD_PER_MT,1,v1.0,VALID,PROXY,hash_fr_001371,True
1372,FREIGHT_AU_NEWCASTLE_PARADIP_PANAMAX,2024-10-01 00:00:00,2024-10-01 18:00:00,15.2,USD_PER_MT,1,v1.0,VALID,PROXY,hash_fr_001372,True
1373,FREIGHT_ID_SAMARINDA_PARADIP_SUPRA,2024-10-01 00:00:00,2024-10-01 18:00:00,9.87,USD_PER_MT,1,v1.0,VALID,PROXY,hash_fr_001373,True
1374,FREIGHT_ZA_RICHARDSBAY_PARADIP_PANAMAX,2024-10-01 00:00:00,2024-10-01 18:00:00,13.68,USD_PER_MT,1,v1.0,VALID,PROXY,hash_fr_001374,True
1375,FREIGHT_BR_TUBARAO_QINGDAO_CAPE,2024-10-01 00:00:00,2024-10-01 18:00:00,22.53,USD_PER_MT,1,v1.0,VALID,PROXY,hash_fr_001375,True
1376,FREIGHT_AU_HEDLAND_PARADIP_CAPE,2024-10-02 00:00:00,2024-10-02 18:00:00,12.38,USD_PER_MT,1,v1.0,VALID,PROXY,hash_fr_001376,True
1377,FREIGHT_AU_NEWCASTLE_PARADIP_PANAMAX,2024-10-02 00:00:00,2024-10-02 18:00:00,15.8,USD_PER_MT,1,v1.0,VALID,PROXY,hash_fr_001377,True
1378,FREIGHT_ID_SAMARINDA_PARADIP_SUPRA,2024-10-02 00:00:00,2024-10-02 18:00:00,10.07,USD_PER_MT,1,v1.0,VALID,PROXY,hash_fr_001378,True
1379,FREIGHT_ZA_RICHARDSBAY_PARADIP_PANAMAX,2024-10-02 00:00:00,2024-10-02 18:00:00,13.38,USD_PER_MT,1,v1.0,VALID,PROXY,hash_fr_001379,True
1380,FREIGHT_BR_TUBARAO_QINGDAO_CAPE,2024-10-02 00:00:00,2024-10-02 18:00:00,22.38,USD_PER_MT,1,v1.0,VALID,PROXY,hash_fr_001380,True
1381,FREIGHT_AU_HEDLAND_PARADIP_CAPE,2024-10-03 00:00:00,2024-10-03 18:00:00,12.07,USD_PER_MT,1,v1.0,VALID,PROXY,hash_fr_001381,True
1382,FREIGHT_AU_NEWCASTLE_PARADIP_PANAMAX,2024-10-03 00:00:00,2024-10-03 18:00:00,15.09,USD_PER_MT,1,v1.0,VALID,PROXY,hash_fr_001382,True
1383,FREIGHT_ID_SAMARINDA_PARADIP_SUPRA,2024-10-03 00:00:00,2024-10-03 18:00:00,9.69,USD_PER_MT,1,v1.0,VALID,PROXY,hash_fr_001383,True
1384,FREIGHT_ZA_RICHARDSBAY_PARADIP_PANAMAX,2024-10-03 00:00:00,2024-10-03 18:00:00,14.06,USD_PER_MT,1,v1.0,VALID,PROXY,hash_fr_001384,True
1385,FREIGHT_BR_TUBARAO_QINGDAO_CAPE,2024-10-03 00:00:00,2024-10-03 18:00:00,22.04,USD_PER_MT,1,v1.0,VALID,PROXY,hash_fr_001385,True
1386,FREIGHT_AU_HEDLAND_PARADIP_CAPE,2024-10-04 00:00:00,2024-10-04 18:00:00,11.41,USD_PER_MT,1,v1.0,VALID,PROXY,hash_fr_001386,True
1387,FREIGHT_AU_NEWCASTLE_PARADIP_PANAMAX,2024-10-04 00:00:00,2024-10-04 18:00:00,14.85,USD_PER_MT,1,v1.0,VALID,PROXY,hash_fr_001387,True
1388,FREIGHT_ID_SAMARINDA_PARADIP_SUPRA,2024-10-04 00:00:00,2024-10-04 18:00:00,9.67,USD_PER_MT,1,v1.0,VALID,PROXY,hash_fr_001388,True
1389,FREIGHT_ZA_RICHARDSBAY_PARADIP_PANAMAX,2024-10-04 00:00:00,2024-10-04 18:00:00,13.9,USD_PER_MT,1,v1.0,VALID,PROXY,hash_fr_001389,True
1390,FREIGHT_BR_TUBARAO_QINGDAO_CAPE,2024-10-04 00:00:00,2024-10-04 18:00:00,21.96,USD_PER_MT,1,v1.0,VALID,PROXY,hash_fr_001390,True
1391,FREIGHT_AU_HEDLAND_PARADIP_CAPE,2024-10-05 00:00:00,2024-10-05 18:00:00,11.85,USD_PER_MT,1,v1.0,VALID,PROXY,hash_fr_001391,True
1392,FREIGHT_AU_NEWCASTLE_PARADIP_PANAMAX,2024-10-05 00:00:00,2024-10-05 18:00:00,15.44,USD_PER_MT,1,v1.0,VALID,PROXY,hash_fr_001392,True
1393,FREIGHT_ID_SAMARINDA_PARADIP_SUPRA,2024-10-05 00:00:00,2024-10-05 18:00:00,9.4,USD_PER_MT,1,v1.0,VALID,PROXY,hash_fr_001393,True
1394,FREIGHT_ZA_RICHARDSBAY_PARADIP_PANAMAX,2024-10-05 00:00:00,2024-10-05 18:00:00,13.35,USD_PER_MT,1,v1.0,VALID,PROXY,hash_fr_001394,True
1395,FREIGHT_BR_TUBARAO_QINGDAO_CAPE,2024-10-05 00:00:00,2024-10-05 18:00:00,21.18,USD_PER_MT,1,v1.0,VALID,PROXY,hash_fr_001395,True
1396,FREIGHT_AU_HEDLAND_PARADIP_CAPE,2024-10-06 00:00:00,2024-10-06 18:00:00,11.94,USD_PER_MT,1,v1.0,VALID,PROXY,hash_fr_001396,True
1397,FREIGHT_AU_NEWCASTLE_PARADIP_PANAMAX,2024-10-06 00:00:00,2024-10-06 18:00:00,15.04,USD_PER_MT,1,v1.0,VALID,PROXY,hash_fr_001397,True
1398,FREIGHT_ID_SAMARINDA_PARADIP_SUPRA,2024-10-06 00:00:00,2024-10-06 18:00:00,9.28,USD_PER_MT,1,v1.0,VALID,PROXY,hash_fr_001398,True
1399,FREIGHT_ZA_RICHARDSBAY_PARADIP_PANAMAX,2024-10-06 00:00:00,2024-10-06 18:00:00,13.15,USD_PER_MT,1,v1.0,VALID,PROXY,hash_fr_001399,True
1400,FREIGHT_BR_TUBARAO_QINGDAO_CAPE,2024-10-06 00:00:00,2024-10-06 18:00:00,20.57,USD_PER_MT,1,v1.0,VALID,PROXY,hash_fr_001400,True
1401,FREIGHT_AU_HEDLAND_PARADIP_CAPE,2024-10-07 00:00:00,2024-10-07 18:00:00,11.04,USD_PER_MT,1,v1.0,VALID,PROXY,hash_fr_001401,True
1402,FREIGHT_AU_NEWCASTLE_PARADIP_PANAMAX,2024-10-07 00:00:00,2024-10-07 18:00:00,14.99,USD_PER_MT,1,v1.0,VALID,PROXY,hash_fr_001402,True
1403,FREIGHT_ID_SAMARINDA_PARADIP_SUPRA,2024-10-07 00:00:00,2024-10-07 18:00:00,9.03,USD_PER_MT,1,v1.0,VALID,PROXY,hash_fr_001403,True
1404,FREIGHT_ZA_RICHARDSBAY_PARADIP_PANAMAX,2024-10-07 00:00:00,2024-10-07 18:00:00,13.16,USD_PER_MT,1,v1.0,VALID,PROXY,hash_fr_001404,True
1405,FREIGHT_BR_TUBARAO_QINGDAO_CAPE,2024-10-07 00:00:00,2024-10-07 18:00:00,21.09,USD_PER_MT,1,v1.0,VALID,PROXY,hash_fr_001405,True
1406,FREIGHT_AU_HEDLAND_PARADIP_CAPE,2024-10-08 00:00:00,2024-10-08 18:00:00,11.47,USD_PER_MT,1,v1.0,VALID,PROXY,hash_fr_001406,True
1407,FREIGHT_AU_NEWCASTLE_PARADIP_PANAMAX,2024-10-08 00:00:00,2024-10-08 18:00:00,15.14,USD_PER_MT,1,v1.0,VALID,PROXY,hash_fr_001407,True
1408,FREIGHT_ID_SAMARINDA_PARADIP_SUPRA,2024-10-08 00:00:00,2024-10-08 18:00:00,8.55,USD_PER_MT,1,v1.0,VALID,PROXY,hash_fr_001408,True
1409,FREIGHT_ZA_RICHARDSBAY_PARADIP_PANAMAX,2024-10-08 00:00:00,2024-10-08 18:00:00,13.09,USD_PER_MT,1,v1.0,VALID,PROXY,hash_fr_001409,True
1410,FREIGHT_BR_TUBARAO_QINGDAO_CAPE,2024-10-08 00:00:00,2024-10-08 18:00:00,20.55,USD_PER_MT,1,v1.0,VALID,PROXY,hash_fr_001410,True
1411,FREIGHT_AU_HEDLAND_PARADIP_CAPE,2024-10-09 00:00:00,2024-10-09 18:00:00,11.5,USD_PER_MT,1,v1.0,VALID,PROXY,hash_fr_001411,True
1412,FREIGHT_AU_NEWCASTLE_PARADIP_PANAMAX,2024-10-09 00:00:00,2024-10-09 18:00:00,14.71,USD_PER_MT,1,v1.0,VALID,PROXY,hash_fr_001412,True
1413,FREIGHT_ID_SAMARINDA_PARADIP_SUPRA,2024-10-09 00:00:00,2024-10-09 18:00:00,8.69,USD_PER_MT,1,v1.0,VALID,PROXY,hash_fr_001413,True
1414,FREIGHT_ZA_RICHARDSBAY_PARADIP_PANAMAX,2024-10-09 00:00:00,2024-10-09 18:00:00,13.52,USD_PER_MT,1,v1.0,VALID,PROXY,hash_fr_001414,True
1415,FREIGHT_BR_TUBARAO_QINGDAO_CAPE,2024-10-09 00:00:00,2024-10-09 18:00:00,20.86,USD_PER_MT,1,v1.0,VALID,PROXY,hash_fr_001415,True
1416,FREIGHT_AU_HEDLAND_PARADIP_CAPE,2024-10-10 00:00:00,2024-10-10 18:00:00,10.72,USD_PER_MT,1,v1.0,VALID,PROXY,hash_fr_001416,True
1417,FREIGHT_AU_NEWCASTLE_PARADIP_PANAMAX,2024-10-10 00:00:00,2024-10-10 18:00:00,14.58,USD_PER_MT,1,v1.0,VALID,PROXY,hash_fr_001417,True
1418,FREIGHT_ID_SAMARINDA_PARADIP_SUPRA,2024-10-10 00:00:00,2024-10-10 18:00:00,9.57,USD_PER_MT,1,v1.0,VALID,PROXY,hash_fr_001418,True
1419,FREIGHT_ZA_RICHARDSBAY_PARADIP_PANAMAX,2024-10-10 00:00:00,2024-10-10 18:00:00,13.59,USD_PER_MT,1,v1.0,VALID,PROXY,hash_fr_001419,True
1420,FREIGHT_BR_TUBARAO_QINGDAO_CAPE,2024-10-10 00:00:00,2024-10-10 18:00:00,21.19,USD_PER_MT,1,v1.0,VALID,PROXY,hash_fr_001420,True
1421,FREIGHT_AU_HEDLAND_PARADIP_CAPE,2024-10-11 00:00:00,2024-10-11 18:00:00,11.46,USD_PER_MT,1,v1.0,VALID,PROXY,hash_fr_001421,True
1422,FREIGHT_AU_NEWCASTLE_PARADIP_PANAMAX,2024-10-11 00:00:00,2024-10-11 18:00:00,14.36,USD_PER_MT,1,v1.0,VALID,PROXY,hash_fr_001422,True
1423,FREIGHT_ID_SAMARINDA_PARADIP_SUPRA,2024-10-11 00:00:00,2024-10-11 18:00:00,9.72,USD_PER_MT,1,v1.0,VALID,PROXY,hash_fr_001423,True
1424,FREIGHT_ZA_RICHARDSBAY_PARADIP_PANAMAX,2024-10-11 00:00:00,2024-10-11 18:00:00,12.81,USD_PER_MT,1,v1.0,VALID,PROXY,hash_fr_001424,True
1425,FREIGHT_BR_TUBARAO_QINGDAO_CAPE,2024-10-11 00:00:00,2024-10-11 18:00:00,20.66,USD_PER_MT,1,v1.0,VALID,PROXY,hash_fr_001425,True
1426,FREIGHT_AU_HEDLAND_PARADIP_CAPE,2024-10-12 00:00:00,2024-10-12 18:00:00,11.77,USD_PER_MT,1,v1.0,VALID,PROXY,hash_fr_001426,True
1427,FREIGHT_AU_NEWCASTLE_PARADIP_PANAMAX,2024-10-12 00:00:00,2024-10-12 18:00:00,14.12,USD_PER_MT,1,v1.0,VALID,PROXY,hash_fr_001427,True
1428,FREIGHT_ID_SAMARINDA_PARADIP_SUPRA,2024-10-12 00:00:00,2024-10-12 18:00:00,9.36,USD_PER_MT,1,v1.0,VALID,PROXY,hash_fr_001428,True
1429,FREIGHT_ZA_RICHARDSBAY_PARADIP_PANAMAX,2024-10-12 00:00:00,2024-10-12 18:00:00,12.7,USD_PER_MT,1,v1.0,VALID,PROXY,hash_fr_001429,True
1430,FREIGHT_BR_TUBARAO_QINGDAO_CAPE,2024-10-12 00:00:00,2024-10-12 18:00:00,20.33,USD_PER_MT,1,v1.0,VALID,PROXY,hash_fr_001430,True
1431,FREIGHT_AU_HEDLAND_PARADIP_CAPE,2024-10-13 00:00:00,2024-10-13 18:00:00,11.49,USD_PER_MT,1,v1.0,VALID,PROXY,hash_fr_001431,True
1432,FREIGHT_AU_NEWCASTLE_PARADIP_PANAMAX,2024-10-13 00:00:00,2024-10-13 18:00:00,13.84,USD_PER_MT,1,v1.0,VALID,PROXY,hash_fr_001432,True
1433,FREIGHT_ID_SAMARINDA_PARADIP_SUPRA,2024-10-13 00:00:00,2024-10-13 18:00:00,8.81,USD_PER_MT,1,v1.0,VALID,PROXY,hash_fr_001433,True
1434,FREIGHT_ZA_RICHARDSBAY_PARADIP_PANAMAX,2024-10-13 00:00:00,2024-10-13 18:00:00,12.9,USD_PER_MT,1,v1.0,VALID,PROXY,hash_fr_001434,True
1435,FREIGHT_BR_TUBARAO_QINGDAO_CAPE,2024-10-13 00:00:00,2024-10-13 18:00:00,20.37,USD_PER_MT,1,v1.0,VALID,PROXY,hash_fr_001435,True
1436,FREIGHT_AU_HEDLAND_PARADIP_CAPE,2024-10-14 00:00:00,2024-10-14 18:00:00,11.24,USD_PER_MT,1,v1.0,VALID,PROXY,hash_fr_001436,True
1437,FREIGHT_AU_NEWCASTLE_PARADIP_PANAMAX,2024-10-14 00:00:00,2024-10-14 18:00:00,13.97,USD_PER_MT,1,v1.0,VALID,PROXY,hash_fr_001437,True
1438,FREIGHT_ID_SAMARINDA_PARADIP_SUPRA,2024-10-14 00:00:00,2024-10-14 18:00:00,9.01,USD_PER_MT,1,v1.0,VALID,PROXY,hash_fr_001438,True
1439,FREIGHT_ZA_RICHARDSBAY_PARADIP_PANAMAX,2024-10-14 00:00:00,2024-10-14 18:00:00,12.6,USD_PER_MT,1,v1.0,VALID,PROXY,hash_fr_001439,True
1440,FREIGHT_BR_TUBARAO_QINGDAO_CAPE,2024-10-14 00:00:00,2024-10-14 18:00:00,20.59,USD_PER_MT,1,v1.0,VALID,PROXY,hash_fr_001440,True
1441,FREIGHT_AU_HEDLAND_PARADIP_CAPE,2024-10-15 00:00:00,2024-10-15 18:00:00,10.47,USD_PER_MT,1,v1.0,VALID,PROXY,hash_fr_001441,True
1442,FREIGHT_AU_NEWCASTLE_PARADIP_PANAMAX,2024-10-15 00:00:00,2024-10-15 18:00:00,13.99,USD_PER_MT,1,v1.0,VALID,PROXY,hash_fr_001442,True
1443,FREIGHT_ID_SAMARINDA_PARADIP_SUPRA,2024-10-15 00:00:00,2024-10-15 18:00:00,9.29,USD_PER_MT,1,v1.0,VALID,PROXY,hash_fr_001443,True
1444,FREIGHT_ZA_RICHARDSBAY_PARADIP_PANAMAX,2024-10-15 00:00:00,2024-10-15 18:00:00,13.23,USD_PER_MT,1,v1.0,VALID,PROXY,hash_fr_001444,True
1445,FREIGHT_BR_TUBARAO_QINGDAO_CAPE,2024-10-15 00:00:00,2024-10-15 18:00:00,20.96,USD_PER_MT,1,v1.0,VALID,PROXY,hash_fr_001445,True
1446,FREIGHT_AU_HEDLAND_PARADIP_CAPE,2024-10-16 00:00:00,2024-10-16 18:00:00,10.9,USD_PER_MT,1,v1.0,VALID,PROXY,hash_fr_001446,True
1447,FREIGHT_AU_NEWCASTLE_PARADIP_PANAMAX,2024-10-16 00:00:00,2024-10-16 18:00:00,14.0,USD_PER_MT,1,v1.0,VALID,PROXY,hash_fr_001447,True
1448,FREIGHT_ID_SAMARINDA_PARADIP_SUPRA,2024-10-16 00:00:00,2024-10-16 18:00:00,8.87,USD_PER_MT,1,v1.0,VALID,PROXY,hash_fr_001448,True
1449,FREIGHT_ZA_RICHARDSBAY_PARADIP_PANAMAX,2024-10-16 00:00:00,2024-10-16 18:00:00,12.41,USD_PER_MT,1,v1.0,VALID,PROXY,hash_fr_001449,True
1450,FREIGHT_BR_TUBARAO_QINGDAO_CAPE,2024-10-16 00:00:00,2024-10-16 18:00:00,20.1,USD_PER_MT,1,v1.0,VALID,PROXY,hash_fr_001450,True
1451,FREIGHT_AU_HEDLAND_PARADIP_CAPE,2024-10-17 00:00:00,2024-10-17 18:00:00,11.17,USD_PER_MT,1,v1.0,VALID,PROXY,hash_fr_001451,True
1452,FREIGHT_AU_NEWCASTLE_PARADIP_PANAMAX,2024-10-17 00:00:00,2024-10-17 18:00:00,14.37,USD_PER_MT,1,v1.0,VALID,PROXY,hash_fr_001452,True
1453,FREIGHT_ID_SAMARINDA_PARADIP_SUPRA,2024-10-17 00:00:00,2024-10-17 18:00:00,8.54,USD_PER_MT,1,v1.0,VALID,PROXY,hash_fr_001453,True
1454,FREIGHT_ZA_RICHARDSBAY_PARADIP_PANAMAX,2024-10-17 00:00:00,2024-10-17 18:00:00,13.06,USD_PER_MT,1,v1.0,VALID,PROXY,hash_fr_001454,True
1455,FREIGHT_BR_TUBARAO_QINGDAO_CAPE,2024-10-17 00:00:00,2024-10-17 18:00:00,20.0,USD_PER_MT,1,v1.0,VALID,PROXY,hash_fr_001455,True
1456,FREIGHT_AU_HEDLAND_PARADIP_CAPE,2024-10-18 00:00:00,2024-10-18 18:00:00,11.07,USD_PER_MT,1,v1.0,VALID,PROXY,hash_fr_001456,True
1457,FREIGHT_AU_NEWCASTLE_PARADIP_PANAMAX,2024-10-18 00:00:00,2024-10-18 18:00:00,13.91,USD_PER_MT,1,v1.0,VALID,PROXY,hash_fr_001457,True
1458,FREIGHT_ID_SAMARINDA_PARADIP_SUPRA,2024-10-18 00:00:00,2024-10-18 18:00:00,8.64,USD_PER_MT,1,v1.0,VALID,PROXY,hash_fr_001458,True
1459,FREIGHT_ZA_RICHARDSBAY_PARADIP_PANAMAX,2024-10-18 00:00:00,2024-10-18 18:00:00,12.38,USD_PER_MT,1,v1.0,VALID,PROXY,hash_fr_001459,True
1460,FREIGHT_BR_TUBARAO_QINGDAO_CAPE,2024-10-18 00:00:00,2024-10-18 18:00:00,19.94,USD_PER_MT,1,v1.0,VALID,PROXY,hash_fr_001460,True
1461,FREIGHT_AU_HEDLAND_PARADIP_CAPE,2024-10-19 00:00:00,2024-10-19 18:00:00,11.19,USD_PER_MT,1,v1.0,VALID,PROXY,hash_fr_001461,True
1462,FREIGHT_AU_NEWCASTLE_PARADIP_PANAMAX,2024-10-19 00:00:00,2024-10-19 18:00:00,13.63,USD_PER_MT,1,v1.0,VALID,PROXY,hash_fr_001462,True
1463,FREIGHT_ID_SAMARINDA_PARADIP_SUPRA,2024-10-19 00:00:00,2024-10-19 18:00:00,8.72,USD_PER_MT,1,v1.0,VALID,PROXY,hash_fr_001463,True
1464,FREIGHT_ZA_RICHARDSBAY_PARADIP_PANAMAX,2024-10-19 00:00:00,2024-10-19 18:00:00,12.66,USD_PER_MT,1,v1.0,VALID,PROXY,hash_fr_001464,True
1465,FREIGHT_BR_TUBARAO_QINGDAO_CAPE,2024-10-19 00:00:00,2024-10-19 18:00:00,20.79,USD_PER_MT,1,v1.0,VALID,PROXY,hash_fr_001465,True
1466,FREIGHT_AU_HEDLAND_PARADIP_CAPE,2024-10-20 00:00:00,2024-10-20 18:00:00,11.08,USD_PER_MT,1,v1.0,VALID,PROXY,hash_fr_001466,True
1467,FREIGHT_AU_NEWCASTLE_PARADIP_PANAMAX,2024-10-20 00:00:00,2024-10-20 18:00:00,14.35,USD_PER_MT,1,v1.0,VALID,PROXY,hash_fr_001467,True
1468,FREIGHT_ID_SAMARINDA_PARADIP_SUPRA,2024-10-20 00:00:00,2024-10-20 18:00:00,8.82,USD_PER_MT,1,v1.0,VALID,PROXY,hash_fr_001468,True
1469,FREIGHT_ZA_RICHARDSBAY_PARADIP_PANAMAX,2024-10-20 00:00:00,2024-10-20 18:00:00,12.86,USD_PER_MT,1,v1.0,VALID,PROXY,hash_fr_001469,True
1470,FREIGHT_BR_TUBARAO_QINGDAO_CAPE,2024-10-20 00:00:00,2024-10-20 18:00:00,20.66,USD_PER_MT,1,v1.0,VALID,PROXY,hash_fr_001470,True
1471,FREIGHT_AU_HEDLAND_PARADIP_CAPE,2024-10-21 00:00:00,2024-10-21 18:00:00,11.83,USD_PER_MT,1,v1.0,VALID,PROXY,hash_fr_001471,True
1472,FREIGHT_AU_NEWCASTLE_PARADIP_PANAMAX,2024-10-21 00:00:00,2024-10-21 18:00:00,14.27,USD_PER_MT,1,v1.0,VALID,PROXY,hash_fr_001472,True
1473,FREIGHT_ID_SAMARINDA_PARADIP_SUPRA,2024-10-21 00:00:00,2024-10-21 18:00:00,8.95,USD_PER_MT,1,v1.0,VALID,PROXY,hash_fr_001473,True
1474,FREIGHT_ZA_RICHARDSBAY_PARADIP_PANAMAX,2024-10-21 00:00:00,2024-10-21 18:00:00,12.75,USD_PER_MT,1,v1.0,VALID,PROXY,hash_fr_001474,True
1475,FREIGHT_BR_TUBARAO_QINGDAO_CAPE,2024-10-21 00:00:00,2024-10-21 18:00:00,20.38,USD_PER_MT,1,v1.0,VALID,PROXY,hash_fr_001475,True
1476,FREIGHT_AU_HEDLAND_PARADIP_CAPE,2024-10-22 00:00:00,2024-10-22 18:00:00,11.3,USD_PER_MT,1,v1.0,VALID,PROXY,hash_fr_001476,True
1477,FREIGHT_AU_NEWCASTLE_PARADIP_PANAMAX,2024-10-22 00:00:00,2024-10-22 18:00:00,14.5,USD_PER_MT,1,v1.0,VALID,PROXY,hash_fr_001477,True
1478,FREIGHT_ID_SAMARINDA_PARADIP_SUPRA,2024-10-22 00:00:00,2024-10-22 18:00:00,9.33,USD_PER_MT,1,v1.0,VALID,PROXY,hash_fr_001478,True
1479,FREIGHT_ZA_RICHARDSBAY_PARADIP_PANAMAX,2024-10-22 00:00:00,2024-10-22 18:00:00,13.47,USD_PER_MT,1,v1.0,VALID,PROXY,hash_fr_001479,True
1480,FREIGHT_BR_TUBARAO_QINGDAO_CAPE,2024-10-22 00:00:00,2024-10-22 18:00:00,19.94,USD_PER_MT,1,v1.0,VALID,PROXY,hash_fr_001480,True
1481,FREIGHT_AU_HEDLAND_PARADIP_CAPE,2024-10-23 00:00:00,2024-10-23 18:00:00,11.58,USD_PER_MT,1,v1.0,VALID,PROXY,hash_fr_001481,True
1482,FREIGHT_AU_NEWCASTLE_PARADIP_PANAMAX,2024-10-23 00:00:00,2024-10-23 18:00:00,14.38,USD_PER_MT,1,v1.0,VALID,PROXY,hash_fr_001482,True
1483,FREIGHT_ID_SAMARINDA_PARADIP_SUPRA,2024-10-23 00:00:00,2024-10-23 18:00:00,9.28,USD_PER_MT,1,v1.0,VALID,PROXY,hash_fr_001483,True
1484,FREIGHT_ZA_RICHARDSBAY_PARADIP_PANAMAX,2024-10-23 00:00:00,2024-10-23 18:00:00,12.93,USD_PER_MT,1,v1.0,VALID,PROXY,hash_fr_001484,True
1485,FREIGHT_BR_TUBARAO_QINGDAO_CAPE,2024-10-23 00:00:00,2024-10-23 18:00:00,21.52,USD_PER_MT,1,v1.0,VALID,PROXY,hash_fr_001485,True
1486,FREIGHT_AU_HEDLAND_PARADIP_CAPE,2024-10-24 00:00:00,2024-10-24 18:00:00,11.27,USD_PER_MT,1,v1.0,VALID,PROXY,hash_fr_001486,True
1487,FREIGHT_AU_NEWCASTLE_PARADIP_PANAMAX,2024-10-24 00:00:00,2024-10-24 18:00:00,14.37,USD_PER_MT,1,v1.0,VALID,PROXY,hash_fr_001487,True
1488,FREIGHT_ID_SAMARINDA_PARADIP_SUPRA,2024-10-24 00:00:00,2024-10-24 18:00:00,9.15,USD_PER_MT,1,v1.0,VALID,PROXY,hash_fr_001488,True
1489,FREIGHT_ZA_RICHARDSBAY_PARADIP_PANAMAX,2024-10-24 00:00:00,2024-10-24 18:00:00,12.62,USD_PER_MT,1,v1.0,VALID,PROXY,hash_fr_001489,True
1490,FREIGHT_BR_TUBARAO_QINGDAO_CAPE,2024-10-24 00:00:00,2024-10-24 18:00:00,20.74,USD_PER_MT,1,v1.0,VALID,PROXY,hash_fr_001490,True
1491,FREIGHT_AU_HEDLAND_PARADIP_CAPE,2024-10-25 00:00:00,2024-10-25 18:00:00,11.66,USD_PER_MT,1,v1.0,VALID,PROXY,hash_fr_001491,True
1492,FREIGHT_AU_NEWCASTLE_PARADIP_PANAMAX,2024-10-25 00:00:00,2024-10-25 18:00:00,15.16,USD_PER_MT,1,v1.0,VALID,PROXY,hash_fr_001492,True
1493,FREIGHT_ID_SAMARINDA_PARADIP_SUPRA,2024-10-25 00:00:00,2024-10-25 18:00:00,9.31,USD_PER_MT,1,v1.0,VALID,PROXY,hash_fr_001493,True
1494,FREIGHT_ZA_RICHARDSBAY_PARADIP_PANAMAX,2024-10-25 00:00:00,2024-10-25 18:00:00,13.88,USD_PER_MT,1,v1.0,VALID,PROXY,hash_fr_001494,True
1495,FREIGHT_BR_TUBARAO_QINGDAO_CAPE,2024-10-25 00:00:00,2024-10-25 18:00:00,20.96,USD_PER_MT,1,v1.0,VALID,PROXY,hash_fr_001495,True
1496,FREIGHT_AU_HEDLAND_PARADIP_CAPE,2024-10-26 00:00:00,2024-10-26 18:00:00,11.5,USD_PER_MT,1,v1.0,VALID,PROXY,hash_fr_001496,True
1497,FREIGHT_AU_NEWCASTLE_PARADIP_PANAMAX,2024-10-26 00:00:00,2024-10-26 18:00:00,15.56,USD_PER_MT,1,v1.0,VALID,PROXY,hash_fr_001497,True
1498,FREIGHT_ID_SAMARINDA_PARADIP_SUPRA,2024-10-26 00:00:00,2024-10-26 18:00:00,8.77,USD_PER_MT,1,v1.0,VALID,PROXY,hash_fr_001498,True
1499,FREIGHT_ZA_RICHARDSBAY_PARADIP_PANAMAX,2024-10-26 00:00:00,2024-10-26 18:00:00,13.46,USD_PER_MT,1,v1.0,VALID,PROXY,hash_fr_001499,True
1500,FREIGHT_BR_TUBARAO_QINGDAO_CAPE,2024-10-26 00:00:00,2024-10-26 18:00:00,21.16,USD_PER_MT,1,v1.0,VALID,PROXY,hash_fr_001500,True
1501,FREIGHT_AU_HEDLAND_PARADIP_CAPE,2024-10-27 00:00:00,2024-10-27 18:00:00,12.03,USD_PER_MT,1,v1.0,VALID,PROXY,hash_fr_001501,True
1502,FREIGHT_AU_NEWCASTLE_PARADIP_PANAMAX,2024-10-27 00:00:00,2024-10-27 18:00:00,14.6,USD_PER_MT,1,v1.0,VALID,PROXY,hash_fr_001502,True
1503,FREIGHT_ID_SAMARINDA_PARADIP_SUPRA,2024-10-27 00:00:00,2024-10-27 18:00:00,9.47,USD_PER_MT,1,v1.0,VALID,PROXY,hash_fr_001503,True
1504,FREIGHT_ZA_RICHARDSBAY_PARADIP_PANAMAX,2024-10-27 00:00:00,2024-10-27 18:00:00,13.78,USD_PER_MT,1,v1.0,VALID,PROXY,hash_fr_001504,True
1505,FREIGHT_BR_TUBARAO_QINGDAO_CAPE,2024-10-27 00:00:00,2024-10-27 18:00:00,22.14,USD_PER_MT,1,v1.0,VALID,PROXY,hash_fr_001505,True
1506,FREIGHT_AU_HEDLAND_PARADIP_CAPE,2024-10-28 00:00:00,2024-10-28 18:00:00,12.18,USD_PER_MT,1,v1.0,VALID,PROXY,hash_fr_001506,True
1507,FREIGHT_AU_NEWCASTLE_PARADIP_PANAMAX,2024-10-28 00:00:00,2024-10-28 18:00:00,15.19,USD_PER_MT,1,v1.0,VALID,PROXY,hash_fr_001507,True
1508,FREIGHT_ID_SAMARINDA_PARADIP_SUPRA,2024-10-28 00:00:00,2024-10-28 18:00:00,9.56,USD_PER_MT,1,v1.0,VALID,PROXY,hash_fr_001508,True
1509,FREIGHT_ZA_RICHARDSBAY_PARADIP_PANAMAX,2024-10-28 00:00:00,2024-10-28 18:00:00,13.64,USD_PER_MT,1,v1.0,VALID,PROXY,hash_fr_001509,True
1510,FREIGHT_BR_TUBARAO_QINGDAO_CAPE,2024-10-28 00:00:00,2024-10-28 18:00:00,21.63,USD_PER_MT,1,v1.0,VALID,PROXY,hash_fr_001510,True
1511,FREIGHT_AU_HEDLAND_PARADIP_CAPE,2024-10-29 00:00:00,2024-10-29 18:00:00,12.35,USD_PER_MT,1,v1.0,VALID,PROXY,hash_fr_001511,True
1512,FREIGHT_AU_NEWCASTLE_PARADIP_PANAMAX,2024-10-29 00:00:00,2024-10-29 18:00:00,15.47,USD_PER_MT,1,v1.0,VALID,PROXY,hash_fr_001512,True
1513,FREIGHT_ID_SAMARINDA_PARADIP_SUPRA,2024-10-29 00:00:00,2024-10-29 18:00:00,9.47,USD_PER_MT,1,v1.0,VALID,PROXY,hash_fr_001513,True
1514,FREIGHT_ZA_RICHARDSBAY_PARADIP_PANAMAX,2024-10-29 00:00:00,2024-10-29 18:00:00,13.29,USD_PER_MT,1,v1.0,VALID,PROXY,hash_fr_001514,True
1515,FREIGHT_BR_TUBARAO_QINGDAO_CAPE,2024-10-29 00:00:00,2024-10-29 18:00:00,21.75,USD_PER_MT,1,v1.0,VALID,PROXY,hash_fr_001515,True
1516,FREIGHT_AU_HEDLAND_PARADIP_CAPE,2024-10-30 00:00:00,2024-10-30 18:00:00,11.92,USD_PER_MT,1,v1.0,VALID,PROXY,hash_fr_001516,True
1517,FREIGHT_AU_NEWCASTLE_PARADIP_PANAMAX,2024-10-30 00:00:00,2024-10-30 18:00:00,15.05,USD_PER_MT,1,v1.0,VALID,PROXY,hash_fr_001517,True
1518,FREIGHT_ID_SAMARINDA_PARADIP_SUPRA,2024-10-30 00:00:00,2024-10-30 18:00:00,9.68,USD_PER_MT,1,v1.0,VALID,PROXY,hash_fr_001518,True
1519,FREIGHT_ZA_RICHARDSBAY_PARADIP_PANAMAX,2024-10-30 00:00:00,2024-10-30 18:00:00,13.58,USD_PER_MT,1,v1.0,VALID,PROXY,hash_fr_001519,True
1520,FREIGHT_BR_TUBARAO_QINGDAO_CAPE,2024-10-30 00:00:00,2024-10-30 18:00:00,22.1,USD_PER_MT,1,v1.0,VALID,PROXY,hash_fr_001520,True
1521,FREIGHT_AU_HEDLAND_PARADIP_CAPE,2024-10-31 00:00:00,2024-10-31 18:00:00,12.17,USD_PER_MT,1,v1.0,VALID,PROXY,hash_fr_001521,True
1522,FREIGHT_AU_NEWCASTLE_PARADIP_PANAMAX,2024-10-31 00:00:00,2024-10-31 18:00:00,15.01,USD_PER_MT,1,v1.0,VALID,PROXY,hash_fr_001522,True
1523,FREIGHT_ID_SAMARINDA_PARADIP_SUPRA,2024-10-31 00:00:00,2024-10-31 18:00:00,9.83,USD_PER_MT,1,v1.0,VALID,PROXY,hash_fr_001523,True
1524,FREIGHT_ZA_RICHARDSBAY_PARADIP_PANAMAX,2024-10-31 00:00:00,2024-10-31 18:00:00,14.19,USD_PER_MT,1,v1.0,VALID,PROXY,hash_fr_001524,True
1525,FREIGHT_BR_TUBARAO_QINGDAO_CAPE,2024-10-31 00:00:00,2024-10-31 18:00:00,22.41,USD_PER_MT,1,v1.0,VALID,PROXY,hash_fr_001525,True
1526,FREIGHT_AU_HEDLAND_PARADIP_CAPE,2024-11-01 00:00:00,2024-11-01 18:00:00,12.06,USD_PER_MT,1,v1.0,VALID,PROXY,hash_fr_001526,True
1527,FREIGHT_AU_NEWCASTLE_PARADIP_PANAMAX,2024-11-01 00:00:00,2024-11-01 18:00:00,15.33,USD_PER_MT,1,v1.0,VALID,PROXY,hash_fr_001527,True
1528,FREIGHT_ID_SAMARINDA_PARADIP_SUPRA,2024-11-01 00:00:00,2024-11-01 18:00:00,9.92,USD_PER_MT,1,v1.0,VALID,PROXY,hash_fr_001528,True
1529,FREIGHT_ZA_RICHARDSBAY_PARADIP_PANAMAX,2024-11-01 00:00:00,2024-11-01 18:00:00,13.56,USD_PER_MT,1,v1.0,VALID,PROXY,hash_fr_001529,True
1530,FREIGHT_BR_TUBARAO_QINGDAO_CAPE,2024-11-01 00:00:00,2024-11-01 18:00:00,21.32,USD_PER_MT,1,v1.0,VALID,PROXY,hash_fr_001530,True
1531,FREIGHT_AU_HEDLAND_PARADIP_CAPE,2024-11-02 00:00:00,2024-11-02 18:00:00,12.53,USD_PER_MT,1,v1.0,VALID,PROXY,hash_fr_001531,True
1532,FREIGHT_AU_NEWCASTLE_PARADIP_PANAMAX,2024-11-02 00:00:00,2024-11-02 18:00:00,15.25,USD_PER_MT,1,v1.0,VALID,PROXY,hash_fr_001532,True
1533,FREIGHT_ID_SAMARINDA_PARADIP_SUPRA,2024-11-02 00:00:00,2024-11-02 18:00:00,9.91,USD_PER_MT,1,v1.0,VALID,PROXY,hash_fr_001533,True
1534,FREIGHT_ZA_RICHARDSBAY_PARADIP_PANAMAX,2024-11-02 00:00:00,2024-11-02 18:00:00,14.07,USD_PER_MT,1,v1.0,VALID,PROXY,hash_fr_001534,True
1535,FREIGHT_BR_TUBARAO_QINGDAO_CAPE,2024-11-02 00:00:00,2024-11-02 18:00:00,22.29,USD_PER_MT,1,v1.0,VALID,PROXY,hash_fr_001535,True
1536,FREIGHT_AU_HEDLAND_PARADIP_CAPE,2024-11-03 00:00:00,2024-11-03 18:00:00,12.52,USD_PER_MT,1,v1.0,VALID,PROXY,hash_fr_001536,True
1537,FREIGHT_AU_NEWCASTLE_PARADIP_PANAMAX,2024-11-03 00:00:00,2024-11-03 18:00:00,15.53,USD_PER_MT,1,v1.0,VALID,PROXY,hash_fr_001537,True
1538,FREIGHT_ID_SAMARINDA_PARADIP_SUPRA,2024-11-03 00:00:00,2024-11-03 18:00:00,9.96,USD_PER_MT,1,v1.0,VALID,PROXY,hash_fr_001538,True
1539,FREIGHT_ZA_RICHARDSBAY_PARADIP_PANAMAX,2024-11-03 00:00:00,2024-11-03 18:00:00,14.3,USD_PER_MT,1,v1.0,VALID,PROXY,hash_fr_001539,True
1540,FREIGHT_BR_TUBARAO_QINGDAO_CAPE,2024-11-03 00:00:00,2024-11-03 18:00:00,22.48,USD_PER_MT,1,v1.0,VALID,PROXY,hash_fr_001540,True
1541,FREIGHT_AU_HEDLAND_PARADIP_CAPE,2024-11-04 00:00:00,2024-11-04 18:00:00,12.5,USD_PER_MT,1,v1.0,VALID,PROXY,hash_fr_001541,True
1542,FREIGHT_AU_NEWCASTLE_PARADIP_PANAMAX,2024-11-04 00:00:00,2024-11-04 18:00:00,15.63,USD_PER_MT,1,v1.0,VALID,PROXY,hash_fr_001542,True
1543,FREIGHT_ID_SAMARINDA_PARADIP_SUPRA,2024-11-04 00:00:00,2024-11-04 18:00:00,10.06,USD_PER_MT,1,v1.0,VALID,PROXY,hash_fr_001543,True
1544,FREIGHT_ZA_RICHARDSBAY_PARADIP_PANAMAX,2024-11-04 00:00:00,2024-11-04 18:00:00,14.0,USD_PER_MT,1,v1.0,VALID,PROXY,hash_fr_001544,True
1545,FREIGHT_BR_TUBARAO_QINGDAO_CAPE,2024-11-04 00:00:00,2024-11-04 18:00:00,22.06,USD_PER_MT,1,v1.0,VALID,PROXY,hash_fr_001545,True
1546,FREIGHT_AU_HEDLAND_PARADIP_CAPE,2024-11-05 00:00:00,2024-11-05 18:00:00,12.65,USD_PER_MT,1,v1.0,VALID,PROXY,hash_fr_001546,True
1547,FREIGHT_AU_NEWCASTLE_PARADIP_PANAMAX,2024-11-05 00:00:00,2024-11-05 18:00:00,15.72,USD_PER_MT,1,v1.0,VALID,PROXY,hash_fr_001547,True
1548,FREIGHT_ID_SAMARINDA_PARADIP_SUPRA,2024-11-05 00:00:00,2024-11-05 18:00:00,10.41,USD_PER_MT,1,v1.0,VALID,PROXY,hash_fr_001548,True
1549,FREIGHT_ZA_RICHARDSBAY_PARADIP_PANAMAX,2024-11-05 00:00:00,2024-11-05 18:00:00,13.61,USD_PER_MT,1,v1.0,VALID,PROXY,hash_fr_001549,True
1550,FREIGHT_BR_TUBARAO_QINGDAO_CAPE,2024-11-05 00:00:00,2024-11-05 18:00:00,23.34,USD_PER_MT,1,v1.0,VALID,PROXY,hash_fr_001550,True
1551,FREIGHT_AU_HEDLAND_PARADIP_CAPE,2024-11-06 00:00:00,2024-11-06 18:00:00,12.08,USD_PER_MT,1,v1.0,VALID,PROXY,hash_fr_001551,True
1552,FREIGHT_AU_NEWCASTLE_PARADIP_PANAMAX,2024-11-06 00:00:00,2024-11-06 18:00:00,15.48,USD_PER_MT,1,v1.0,VALID,PROXY,hash_fr_001552,True
1553,FREIGHT_ID_SAMARINDA_PARADIP_SUPRA,2024-11-06 00:00:00,2024-11-06 18:00:00,9.69,USD_PER_MT,1,v1.0,VALID,PROXY,hash_fr_001553,True
1554,FREIGHT_ZA_RICHARDSBAY_PARADIP_PANAMAX,2024-11-06 00:00:00,2024-11-06 18:00:00,14.84,USD_PER_MT,1,v1.0,VALID,PROXY,hash_fr_001554,True
1555,FREIGHT_BR_TUBARAO_QINGDAO_CAPE,2024-11-06 00:00:00,2024-11-06 18:00:00,22.4,USD_PER_MT,1,v1.0,VALID,PROXY,hash_fr_001555,True
1556,FREIGHT_AU_HEDLAND_PARADIP_CAPE,2024-11-07 00:00:00,2024-11-07 18:00:00,12.53,USD_PER_MT,1,v1.0,VALID,PROXY,hash_fr_001556,True
1557,FREIGHT_AU_NEWCASTLE_PARADIP_PANAMAX,2024-11-07 00:00:00,2024-11-07 18:00:00,16.1,USD_PER_MT,1,v1.0,VALID,PROXY,hash_fr_001557,True
1558,FREIGHT_ID_SAMARINDA_PARADIP_SUPRA,2024-11-07 00:00:00,2024-11-07 18:00:00,10.04,USD_PER_MT,1,v1.0,VALID,PROXY,hash_fr_001558,True
1559,FREIGHT_ZA_RICHARDSBAY_PARADIP_PANAMAX,2024-11-07 00:00:00,2024-11-07 18:00:00,14.72,USD_PER_MT,1,v1.0,VALID,PROXY,hash_fr_001559,True
1560,FREIGHT_BR_TUBARAO_QINGDAO_CAPE,2024-11-07 00:00:00,2024-11-07 18:00:00,22.93,USD_PER_MT,1,v1.0,VALID,PROXY,hash_fr_001560,True
1561,FREIGHT_AU_HEDLAND_PARADIP_CAPE,2024-11-08 00:00:00,2024-11-08 18:00:00,12.28,USD_PER_MT,1,v1.0,VALID,PROXY,hash_fr_001561,True
1562,FREIGHT_AU_NEWCASTLE_PARADIP_PANAMAX,2024-11-08 00:00:00,2024-11-08 18:00:00,15.87,USD_PER_MT,1,v1.0,VALID,PROXY,hash_fr_001562,True
1563,FREIGHT_ID_SAMARINDA_PARADIP_SUPRA,2024-11-08 00:00:00,2024-11-08 18:00:00,9.99,USD_PER_MT,1,v1.0,VALID,PROXY,hash_fr_001563,True
1564,FREIGHT_ZA_RICHARDSBAY_PARADIP_PANAMAX,2024-11-08 00:00:00,2024-11-08 18:00:00,14.04,USD_PER_MT,1,v1.0,VALID,PROXY,hash_fr_001564,True
1565,FREIGHT_BR_TUBARAO_QINGDAO_CAPE,2024-11-08 00:00:00,2024-11-08 18:00:00,22.55,USD_PER_MT,1,v1.0,VALID,PROXY,hash_fr_001565,True
1566,FREIGHT_AU_HEDLAND_PARADIP_CAPE,2024-11-09 00:00:00,2024-11-09 18:00:00,12.67,USD_PER_MT,1,v1.0,VALID,PROXY,hash_fr_001566,True
1567,FREIGHT_AU_NEWCASTLE_PARADIP_PANAMAX,2024-11-09 00:00:00,2024-11-09 18:00:00,15.93,USD_PER_MT,1,v1.0,VALID,PROXY,hash_fr_001567,True
1568,FREIGHT_ID_SAMARINDA_PARADIP_SUPRA,2024-11-09 00:00:00,2024-11-09 18:00:00,10.15,USD_PER_MT,1,v1.0,VALID,PROXY,hash_fr_001568,True
1569,FREIGHT_ZA_RICHARDSBAY_PARADIP_PANAMAX,2024-11-09 00:00:00,2024-11-09 18:00:00,13.87,USD_PER_MT,1,v1.0,VALID,PROXY,hash_fr_001569,True
1570,FREIGHT_BR_TUBARAO_QINGDAO_CAPE,2024-11-09 00:00:00,2024-11-09 18:00:00,23.37,USD_PER_MT,1,v1.0,VALID,PROXY,hash_fr_001570,True
1571,FREIGHT_AU_HEDLAND_PARADIP_CAPE,2024-11-10 00:00:00,2024-11-10 18:00:00,12.51,USD_PER_MT,1,v1.0,VALID,PROXY,hash_fr_001571,True
1572,FREIGHT_AU_NEWCASTLE_PARADIP_PANAMAX,2024-11-10 00:00:00,2024-11-10 18:00:00,16.06,USD_PER_MT,1,v1.0,VALID,PROXY,hash_fr_001572,True
1573,FREIGHT_ID_SAMARINDA_PARADIP_SUPRA,2024-11-10 00:00:00,2024-11-10 18:00:00,10.11,USD_PER_MT,1,v1.0,VALID,PROXY,hash_fr_001573,True
1574,FREIGHT_ZA_RICHARDSBAY_PARADIP_PANAMAX,2024-11-10 00:00:00,2024-11-10 18:00:00,14.83,USD_PER_MT,1,v1.0,VALID,PROXY,hash_fr_001574,True
1575,FREIGHT_BR_TUBARAO_QINGDAO_CAPE,2024-11-10 00:00:00,2024-11-10 18:00:00,22.29,USD_PER_MT,1,v1.0,VALID,PROXY,hash_fr_001575,True
1576,FREIGHT_AU_HEDLAND_PARADIP_CAPE,2024-11-11 00:00:00,2024-11-11 18:00:00,12.67,USD_PER_MT,1,v1.0,VALID,PROXY,hash_fr_001576,True
1577,FREIGHT_AU_NEWCASTLE_PARADIP_PANAMAX,2024-11-11 00:00:00,2024-11-11 18:00:00,15.54,USD_PER_MT,1,v1.0,VALID,PROXY,hash_fr_001577,True
1578,FREIGHT_ID_SAMARINDA_PARADIP_SUPRA,2024-11-11 00:00:00,2024-11-11 18:00:00,9.83,USD_PER_MT,1,v1.0,VALID,PROXY,hash_fr_001578,True
1579,FREIGHT_ZA_RICHARDSBAY_PARADIP_PANAMAX,2024-11-11 00:00:00,2024-11-11 18:00:00,14.64,USD_PER_MT,1,v1.0,VALID,PROXY,hash_fr_001579,True
1580,FREIGHT_BR_TUBARAO_QINGDAO_CAPE,2024-11-11 00:00:00,2024-11-11 18:00:00,22.31,USD_PER_MT,1,v1.0,VALID,PROXY,hash_fr_001580,True
1581,FREIGHT_AU_HEDLAND_PARADIP_CAPE,2024-11-12 00:00:00,2024-11-12 18:00:00,12.67,USD_PER_MT,1,v1.0,VALID,PROXY,hash_fr_001581,True
1582,FREIGHT_AU_NEWCASTLE_PARADIP_PANAMAX,2024-11-12 00:00:00,2024-11-12 18:00:00,16.48,USD_PER_MT,1,v1.0,VALID,PROXY,hash_fr_001582,True
1583,FREIGHT_ID_SAMARINDA_PARADIP_SUPRA,2024-11-12 00:00:00,2024-11-12 18:00:00,10.22,USD_PER_MT,1,v1.0,VALID,PROXY,hash_fr_001583,True
1584,FREIGHT_ZA_RICHARDSBAY_PARADIP_PANAMAX,2024-11-12 00:00:00,2024-11-12 18:00:00,13.93,USD_PER_MT,1,v1.0,VALID,PROXY,hash_fr_001584,True
1585,FREIGHT_BR_TUBARAO_QINGDAO_CAPE,2024-11-12 00:00:00,2024-11-12 18:00:00,22.62,USD_PER_MT,1,v1.0,VALID,PROXY,hash_fr_001585,True
1586,FREIGHT_AU_HEDLAND_PARADIP_CAPE,2024-11-13 00:00:00,2024-11-13 18:00:00,12.09,USD_PER_MT,1,v1.0,VALID,PROXY,hash_fr_001586,True
1587,FREIGHT_AU_NEWCASTLE_PARADIP_PANAMAX,2024-11-13 00:00:00,2024-11-13 18:00:00,15.68,USD_PER_MT,1,v1.0,VALID,PROXY,hash_fr_001587,True
1588,FREIGHT_ID_SAMARINDA_PARADIP_SUPRA,2024-11-13 00:00:00,2024-11-13 18:00:00,9.61,USD_PER_MT,1,v1.0,VALID,PROXY,hash_fr_001588,True
1589,FREIGHT_ZA_RICHARDSBAY_PARADIP_PANAMAX,2024-11-13 00:00:00,2024-11-13 18:00:00,14.32,USD_PER_MT,1,v1.0,VALID,PROXY,hash_fr_001589,True
1590,FREIGHT_BR_TUBARAO_QINGDAO_CAPE,2024-11-13 00:00:00,2024-11-13 18:00:00,23.05,USD_PER_MT,1,v1.0,VALID,PROXY,hash_fr_001590,True
1591,FREIGHT_AU_HEDLAND_PARADIP_CAPE,2024-11-14 00:00:00,2024-11-14 18:00:00,12.43,USD_PER_MT,1,v1.0,VALID,PROXY,hash_fr_001591,True
1592,FREIGHT_AU_NEWCASTLE_PARADIP_PANAMAX,2024-11-14 00:00:00,2024-11-14 18:00:00,15.45,USD_PER_MT,1,v1.0,VALID,PROXY,hash_fr_001592,True
1593,FREIGHT_ID_SAMARINDA_PARADIP_SUPRA,2024-11-14 00:00:00,2024-11-14 18:00:00,10.16,USD_PER_MT,1,v1.0,VALID,PROXY,hash_fr_001593,True
1594,FREIGHT_ZA_RICHARDSBAY_PARADIP_PANAMAX,2024-11-14 00:00:00,2024-11-14 18:00:00,14.42,USD_PER_MT,1,v1.0,VALID,PROXY,hash_fr_001594,True
1595,FREIGHT_BR_TUBARAO_QINGDAO_CAPE,2024-11-14 00:00:00,2024-11-14 18:00:00,23.26,USD_PER_MT,1,v1.0,VALID,PROXY,hash_fr_001595,True
1596,FREIGHT_AU_HEDLAND_PARADIP_CAPE,2024-11-15 00:00:00,2024-11-15 18:00:00,12.28,USD_PER_MT,1,v1.0,VALID,PROXY,hash_fr_001596,True
1597,FREIGHT_AU_NEWCASTLE_PARADIP_PANAMAX,2024-11-15 00:00:00,2024-11-15 18:00:00,15.39,USD_PER_MT,1,v1.0,VALID,PROXY,hash_fr_001597,True
1598,FREIGHT_ID_SAMARINDA_PARADIP_SUPRA,2024-11-15 00:00:00,2024-11-15 18:00:00,10.17,USD_PER_MT,1,v1.0,VALID,PROXY,hash_fr_001598,True
1599,FREIGHT_ZA_RICHARDSBAY_PARADIP_PANAMAX,2024-11-15 00:00:00,2024-11-15 18:00:00,14.24,USD_PER_MT,1,v1.0,VALID,PROXY,hash_fr_001599,True
1600,FREIGHT_BR_TUBARAO_QINGDAO_CAPE,2024-11-15 00:00:00,2024-11-15 18:00:00,22.36,USD_PER_MT,1,v1.0,VALID,PROXY,hash_fr_001600,True
1601,FREIGHT_AU_HEDLAND_PARADIP_CAPE,2024-11-16 00:00:00,2024-11-16 18:00:00,12.42,USD_PER_MT,1,v1.0,VALID,PROXY,hash_fr_001601,True
1602,FREIGHT_AU_NEWCASTLE_PARADIP_PANAMAX,2024-11-16 00:00:00,2024-11-16 18:00:00,15.62,USD_PER_MT,1,v1.0,VALID,PROXY,hash_fr_001602,True
1603,FREIGHT_ID_SAMARINDA_PARADIP_SUPRA,2024-11-16 00:00:00,2024-11-16 18:00:00,10.4,USD_PER_MT,1,v1.0,VALID,PROXY,hash_fr_001603,True
1604,FREIGHT_ZA_RICHARDSBAY_PARADIP_PANAMAX,2024-11-16 00:00:00,2024-11-16 18:00:00,14.19,USD_PER_MT,1,v1.0,VALID,PROXY,hash_fr_001604,True
1605,FREIGHT_BR_TUBARAO_QINGDAO_CAPE,2024-11-16 00:00:00,2024-11-16 18:00:00,22.56,USD_PER_MT,1,v1.0,VALID,PROXY,hash_fr_001605,True
1606,FREIGHT_AU_HEDLAND_PARADIP_CAPE,2024-11-17 00:00:00,2024-11-17 18:00:00,11.97,USD_PER_MT,1,v1.0,VALID,PROXY,hash_fr_001606,True
1607,FREIGHT_AU_NEWCASTLE_PARADIP_PANAMAX,2024-11-17 00:00:00,2024-11-17 18:00:00,16.16,USD_PER_MT,1,v1.0,VALID,PROXY,hash_fr_001607,True
1608,FREIGHT_ID_SAMARINDA_PARADIP_SUPRA,2024-11-17 00:00:00,2024-11-17 18:00:00,10.09,USD_PER_MT,1,v1.0,VALID,PROXY,hash_fr_001608,True
1609,FREIGHT_ZA_RICHARDSBAY_PARADIP_PANAMAX,2024-11-17 00:00:00,2024-11-17 18:00:00,14.23,USD_PER_MT,1,v1.0,VALID,PROXY,hash_fr_001609,True
1610,FREIGHT_BR_TUBARAO_QINGDAO_CAPE,2024-11-17 00:00:00,2024-11-17 18:00:00,22.78,USD_PER_MT,1,v1.0,VALID,PROXY,hash_fr_001610,True
1611,FREIGHT_AU_HEDLAND_PARADIP_CAPE,2024-11-18 00:00:00,2024-11-18 18:00:00,12.37,USD_PER_MT,1,v1.0,VALID,PROXY,hash_fr_001611,True
1612,FREIGHT_AU_NEWCASTLE_PARADIP_PANAMAX,2024-11-18 00:00:00,2024-11-18 18:00:00,15.98,USD_PER_MT,1,v1.0,VALID,PROXY,hash_fr_001612,True
1613,FREIGHT_ID_SAMARINDA_PARADIP_SUPRA,2024-11-18 00:00:00,2024-11-18 18:00:00,10.21,USD_PER_MT,1,v1.0,VALID,PROXY,hash_fr_001613,True
1614,FREIGHT_ZA_RICHARDSBAY_PARADIP_PANAMAX,2024-11-18 00:00:00,2024-11-18 18:00:00,13.48,USD_PER_MT,1,v1.0,VALID,PROXY,hash_fr_001614,True
1615,FREIGHT_BR_TUBARAO_QINGDAO_CAPE,2024-11-18 00:00:00,2024-11-18 18:00:00,21.76,USD_PER_MT,1,v1.0,VALID,PROXY,hash_fr_001615,True
1616,FREIGHT_AU_HEDLAND_PARADIP_CAPE,2024-11-19 00:00:00,2024-11-19 18:00:00,12.94,USD_PER_MT,1,v1.0,VALID,PROXY,hash_fr_001616,True
1617,FREIGHT_AU_NEWCASTLE_PARADIP_PANAMAX,2024-11-19 00:00:00,2024-11-19 18:00:00,15.75,USD_PER_MT,1,v1.0,VALID,PROXY,hash_fr_001617,True
1618,FREIGHT_ID_SAMARINDA_PARADIP_SUPRA,2024-11-19 00:00:00,2024-11-19 18:00:00,10.16,USD_PER_MT,1,v1.0,VALID,PROXY,hash_fr_001618,True
1619,FREIGHT_ZA_RICHARDSBAY_PARADIP_PANAMAX,2024-11-19 00:00:00,2024-11-19 18:00:00,14.31,USD_PER_MT,1,v1.0,VALID,PROXY,hash_fr_001619,True
1620,FREIGHT_BR_TUBARAO_QINGDAO_CAPE,2024-11-19 00:00:00,2024-11-19 18:00:00,22.67,USD_PER_MT,1,v1.0,VALID,PROXY,hash_fr_001620,True
1621,FREIGHT_AU_HEDLAND_PARADIP_CAPE,2024-11-20 00:00:00,2024-11-20 18:00:00,12.68,USD_PER_MT,1,v1.0,VALID,PROXY,hash_fr_001621,True
1622,FREIGHT_AU_NEWCASTLE_PARADIP_PANAMAX,2024-11-20 00:00:00,2024-11-20 18:00:00,15.74,USD_PER_MT,1,v1.0,VALID,PROXY,hash_fr_001622,True
1623,FREIGHT_ID_SAMARINDA_PARADIP_SUPRA,2024-11-20 00:00:00,2024-11-20 18:00:00,10.18,USD_PER_MT,1,v1.0,VALID,PROXY,hash_fr_001623,True
1624,FREIGHT_ZA_RICHARDSBAY_PARADIP_PANAMAX,2024-11-20 00:00:00,2024-11-20 18:00:00,14.2,USD_PER_MT,1,v1.0,VALID,PROXY,hash_fr_001624,True
1625,FREIGHT_BR_TUBARAO_QINGDAO_CAPE,2024-11-20 00:00:00,2024-11-20 18:00:00,22.6,USD_PER_MT,1,v1.0,VALID,PROXY,hash_fr_001625,True
1626,FREIGHT_AU_HEDLAND_PARADIP_CAPE,2024-11-21 00:00:00,2024-11-21 18:00:00,12.75,USD_PER_MT,1,v1.0,VALID,PROXY,hash_fr_001626,True
1627,FREIGHT_AU_NEWCASTLE_PARADIP_PANAMAX,2024-11-21 00:00:00,2024-11-21 18:00:00,16.27,USD_PER_MT,1,v1.0,VALID,PROXY,hash_fr_001627,True
1628,FREIGHT_ID_SAMARINDA_PARADIP_SUPRA,2024-11-21 00:00:00,2024-11-21 18:00:00,10.71,USD_PER_MT,1,v1.0,VALID,PROXY,hash_fr_001628,True
1629,FREIGHT_ZA_RICHARDSBAY_PARADIP_PANAMAX,2024-11-21 00:00:00,2024-11-21 18:00:00,14.29,USD_PER_MT,1,v1.0,VALID,PROXY,hash_fr_001629,True
1630,FREIGHT_BR_TUBARAO_QINGDAO_CAPE,2024-11-21 00:00:00,2024-11-21 18:00:00,22.37,USD_PER_MT,1,v1.0,VALID,PROXY,hash_fr_001630,True
1631,FREIGHT_AU_HEDLAND_PARADIP_CAPE,2024-11-22 00:00:00,2024-11-22 18:00:00,12.54,USD_PER_MT,1,v1.0,VALID,PROXY,hash_fr_001631,True
1632,FREIGHT_AU_NEWCASTLE_PARADIP_PANAMAX,2024-11-22 00:00:00,2024-11-22 18:00:00,16.69,USD_PER_MT,1,v1.0,VALID,PROXY,hash_fr_001632,True
1633,FREIGHT_ID_SAMARINDA_PARADIP_SUPRA,2024-11-22 00:00:00,2024-11-22 18:00:00,10.67,USD_PER_MT,1,v1.0,VALID,PROXY,hash_fr_001633,True
1634,FREIGHT_ZA_RICHARDSBAY_PARADIP_PANAMAX,2024-11-22 00:00:00,2024-11-22 18:00:00,14.73,USD_PER_MT,1,v1.0,VALID,PROXY,hash_fr_001634,True
1635,FREIGHT_BR_TUBARAO_QINGDAO_CAPE,2024-11-22 00:00:00,2024-11-22 18:00:00,23.54,USD_PER_MT,1,v1.0,VALID,PROXY,hash_fr_001635,True
1636,FREIGHT_AU_HEDLAND_PARADIP_CAPE,2024-11-23 00:00:00,2024-11-23 18:00:00,13.1,USD_PER_MT,1,v1.0,VALID,PROXY,hash_fr_001636,True
1637,FREIGHT_AU_NEWCASTLE_PARADIP_PANAMAX,2024-11-23 00:00:00,2024-11-23 18:00:00,16.12,USD_PER_MT,1,v1.0,VALID,PROXY,hash_fr_001637,True
1638,FREIGHT_ID_SAMARINDA_PARADIP_SUPRA,2024-11-23 00:00:00,2024-11-23 18:00:00,10.44,USD_PER_MT,1,v1.0,VALID,PROXY,hash_fr_001638,True
1639,FREIGHT_ZA_RICHARDSBAY_PARADIP_PANAMAX,2024-11-23 00:00:00,2024-11-23 18:00:00,14.67,USD_PER_MT,1,v1.0,VALID,PROXY,hash_fr_001639,True
1640,FREIGHT_BR_TUBARAO_QINGDAO_CAPE,2024-11-23 00:00:00,2024-11-23 18:00:00,23.22,USD_PER_MT,1,v1.0,VALID,PROXY,hash_fr_001640,True
1641,FREIGHT_AU_HEDLAND_PARADIP_CAPE,2024-11-24 00:00:00,2024-11-24 18:00:00,12.53,USD_PER_MT,1,v1.0,VALID,PROXY,hash_fr_001641,True
1642,FREIGHT_AU_NEWCASTLE_PARADIP_PANAMAX,2024-11-24 00:00:00,2024-11-24 18:00:00,16.8,USD_PER_MT,1,v1.0,VALID,PROXY,hash_fr_001642,True
1643,FREIGHT_ID_SAMARINDA_PARADIP_SUPRA,2024-11-24 00:00:00,2024-11-24 18:00:00,10.45,USD_PER_MT,1,v1.0,VALID,PROXY,hash_fr_001643,True
1644,FREIGHT_ZA_RICHARDSBAY_PARADIP_PANAMAX,2024-11-24 00:00:00,2024-11-24 18:00:00,14.64,USD_PER_MT,1,v1.0,VALID,PROXY,hash_fr_001644,True
1645,FREIGHT_BR_TUBARAO_QINGDAO_CAPE,2024-11-24 00:00:00,2024-11-24 18:00:00,22.76,USD_PER_MT,1,v1.0,VALID,PROXY,hash_fr_001645,True
1646,FREIGHT_AU_HEDLAND_PARADIP_CAPE,2024-11-25 00:00:00,2024-11-25 18:00:00,13.04,USD_PER_MT,1,v1.0,VALID,PROXY,hash_fr_001646,True
1647,FREIGHT_AU_NEWCASTLE_PARADIP_PANAMAX,2024-11-25 00:00:00,2024-11-25 18:00:00,16.41,USD_PER_MT,1,v1.0,VALID,PROXY,hash_fr_001647,True
1648,FREIGHT_ID_SAMARINDA_PARADIP_SUPRA,2024-11-25 00:00:00,2024-11-25 18:00:00,10.5,USD_PER_MT,1,v1.0,VALID,PROXY,hash_fr_001648,True
1649,FREIGHT_ZA_RICHARDSBAY_PARADIP_PANAMAX,2024-11-25 00:00:00,2024-11-25 18:00:00,14.93,USD_PER_MT,1,v1.0,VALID,PROXY,hash_fr_001649,True
1650,FREIGHT_BR_TUBARAO_QINGDAO_CAPE,2024-11-25 00:00:00,2024-11-25 18:00:00,23.39,USD_PER_MT,1,v1.0,VALID,PROXY,hash_fr_001650,True
1651,FREIGHT_AU_HEDLAND_PARADIP_CAPE,2024-11-26 00:00:00,2024-11-26 18:00:00,13.14,USD_PER_MT,1,v1.0,VALID,PROXY,hash_fr_001651,True
1652,FREIGHT_AU_NEWCASTLE_PARADIP_PANAMAX,2024-11-26 00:00:00,2024-11-26 18:00:00,16.64,USD_PER_MT,1,v1.0,VALID,PROXY,hash_fr_001652,True
1653,FREIGHT_ID_SAMARINDA_PARADIP_SUPRA,2024-11-26 00:00:00,2024-11-26 18:00:00,10.6,USD_PER_MT,1,v1.0,VALID,PROXY,hash_fr_001653,True
1654,FREIGHT_ZA_RICHARDSBAY_PARADIP_PANAMAX,2024-11-26 00:00:00,2024-11-26 18:00:00,14.9,USD_PER_MT,1,v1.0,VALID,PROXY,hash_fr_001654,True
1655,FREIGHT_BR_TUBARAO_QINGDAO_CAPE,2024-11-26 00:00:00,2024-11-26 18:00:00,23.13,USD_PER_MT,1,v1.0,VALID,PROXY,hash_fr_001655,True
1656,FREIGHT_AU_HEDLAND_PARADIP_CAPE,2024-11-27 00:00:00,2024-11-27 18:00:00,13.24,USD_PER_MT,1,v1.0,VALID,PROXY,hash_fr_001656,True
1657,FREIGHT_AU_NEWCASTLE_PARADIP_PANAMAX,2024-11-27 00:00:00,2024-11-27 18:00:00,16.15,USD_PER_MT,1,v1.0,VALID,PROXY,hash_fr_001657,True
1658,FREIGHT_ID_SAMARINDA_PARADIP_SUPRA,2024-11-27 00:00:00,2024-11-27 18:00:00,10.31,USD_PER_MT,1,v1.0,VALID,PROXY,hash_fr_001658,True
1659,FREIGHT_ZA_RICHARDSBAY_PARADIP_PANAMAX,2024-11-27 00:00:00,2024-11-27 18:00:00,14.88,USD_PER_MT,1,v1.0,VALID,PROXY,hash_fr_001659,True
1660,FREIGHT_BR_TUBARAO_QINGDAO_CAPE,2024-11-27 00:00:00,2024-11-27 18:00:00,22.35,USD_PER_MT,1,v1.0,VALID,PROXY,hash_fr_001660,True
1661,FREIGHT_AU_HEDLAND_PARADIP_CAPE,2024-11-28 00:00:00,2024-11-28 18:00:00,13.16,USD_PER_MT,1,v1.0,VALID,PROXY,hash_fr_001661,True
1662,FREIGHT_AU_NEWCASTLE_PARADIP_PANAMAX,2024-11-28 00:00:00,2024-11-28 18:00:00,16.84,USD_PER_MT,1,v1.0,VALID,PROXY,hash_fr_001662,True
1663,FREIGHT_ID_SAMARINDA_PARADIP_SUPRA,2024-11-28 00:00:00,2024-11-28 18:00:00,10.33,USD_PER_MT,1,v1.0,VALID,PROXY,hash_fr_001663,True
1664,FREIGHT_ZA_RICHARDSBAY_PARADIP_PANAMAX,2024-11-28 00:00:00,2024-11-28 18:00:00,14.63,USD_PER_MT,1,v1.0,VALID,PROXY,hash_fr_001664,True
1665,FREIGHT_BR_TUBARAO_QINGDAO_CAPE,2024-11-28 00:00:00,2024-11-28 18:00:00,24.0,USD_PER_MT,1,v1.0,VALID,PROXY,hash_fr_001665,True
1666,FREIGHT_AU_HEDLAND_PARADIP_CAPE,2024-11-29 00:00:00,2024-11-29 18:00:00,12.58,USD_PER_MT,1,v1.0,VALID,PROXY,hash_fr_001666,True
1667,FREIGHT_AU_NEWCASTLE_PARADIP_PANAMAX,2024-11-29 00:00:00,2024-11-29 18:00:00,16.41,USD_PER_MT,1,v1.0,VALID,PROXY,hash_fr_001667,True
1668,FREIGHT_ID_SAMARINDA_PARADIP_SUPRA,2024-11-29 00:00:00,2024-11-29 18:00:00,10.66,USD_PER_MT,1,v1.0,VALID,PROXY,hash_fr_001668,True
1669,FREIGHT_ZA_RICHARDSBAY_PARADIP_PANAMAX,2024-11-29 00:00:00,2024-11-29 18:00:00,15.4,USD_PER_MT,1,v1.0,VALID,PROXY,hash_fr_001669,True
1670,FREIGHT_BR_TUBARAO_QINGDAO_CAPE,2024-11-29 00:00:00,2024-11-29 18:00:00,23.98,USD_PER_MT,1,v1.0,VALID,PROXY,hash_fr_001670,True
1671,FREIGHT_AU_HEDLAND_PARADIP_CAPE,2024-11-30 00:00:00,2024-11-30 18:00:00,12.98,USD_PER_MT,1,v1.0,VALID,PROXY,hash_fr_001671,True
1672,FREIGHT_AU_NEWCASTLE_PARADIP_PANAMAX,2024-11-30 00:00:00,2024-11-30 18:00:00,16.66,USD_PER_MT,1,v1.0,VALID,PROXY,hash_fr_001672,True
1673,FREIGHT_ID_SAMARINDA_PARADIP_SUPRA,2024-11-30 00:00:00,2024-11-30 18:00:00,10.23,USD_PER_MT,1,v1.0,VALID,PROXY,hash_fr_001673,True
1674,FREIGHT_ZA_RICHARDSBAY_PARADIP_PANAMAX,2024-11-30 00:00:00,2024-11-30 18:00:00,15.24,USD_PER_MT,1,v1.0,VALID,PROXY,hash_fr_001674,True
1675,FREIGHT_BR_TUBARAO_QINGDAO_CAPE,2024-11-30 00:00:00,2024-11-30 18:00:00,23.7,USD_PER_MT,1,v1.0,VALID,PROXY,hash_fr_001675,True
1676,FREIGHT_AU_HEDLAND_PARADIP_CAPE,2024-12-01 00:00:00,2024-12-01 18:00:00,12.98,USD_PER_MT,1,v1.0,VALID,PROXY,hash_fr_001676,True
1677,FREIGHT_AU_NEWCASTLE_PARADIP_PANAMAX,2024-12-01 00:00:00,2024-12-01 18:00:00,16.42,USD_PER_MT,1,v1.0,VALID,PROXY,hash_fr_001677,True
1678,FREIGHT_ID_SAMARINDA_PARADIP_SUPRA,2024-12-01 00:00:00,2024-12-01 18:00:00,10.28,USD_PER_MT,1,v1.0,VALID,PROXY,hash_fr_001678,True
1679,FREIGHT_ZA_RICHARDSBAY_PARADIP_PANAMAX,2024-12-01 00:00:00,2024-12-01 18:00:00,15.13,USD_PER_MT,1,v1.0,VALID,PROXY,hash_fr_001679,True
1680,FREIGHT_BR_TUBARAO_QINGDAO_CAPE,2024-12-01 00:00:00,2024-12-01 18:00:00,24.26,USD_PER_MT,1,v1.0,VALID,PROXY,hash_fr_001680,True
1681,FREIGHT_AU_HEDLAND_PARADIP_CAPE,2024-12-02 00:00:00,2024-12-02 18:00:00,13.12,USD_PER_MT,1,v1.0,VALID,PROXY,hash_fr_001681,True
1682,FREIGHT_AU_NEWCASTLE_PARADIP_PANAMAX,2024-12-02 00:00:00,2024-12-02 18:00:00,16.16,USD_PER_MT,1,v1.0,VALID,PROXY,hash_fr_001682,True
1683,FREIGHT_ID_SAMARINDA_PARADIP_SUPRA,2024-12-02 00:00:00,2024-12-02 18:00:00,10.36,USD_PER_MT,1,v1.0,VALID,PROXY,hash_fr_001683,True
1684,FREIGHT_ZA_RICHARDSBAY_PARADIP_PANAMAX,2024-12-02 00:00:00,2024-12-02 18:00:00,15.22,USD_PER_MT,1,v1.0,VALID,PROXY,hash_fr_001684,True
1685,FREIGHT_BR_TUBARAO_QINGDAO_CAPE,2024-12-02 00:00:00,2024-12-02 18:00:00,24.07,USD_PER_MT,1,v1.0,VALID,PROXY,hash_fr_001685,True
1686,FREIGHT_AU_HEDLAND_PARADIP_CAPE,2024-12-03 00:00:00,2024-12-03 18:00:00,12.92,USD_PER_MT,1,v1.0,VALID,PROXY,hash_fr_001686,True
1687,FREIGHT_AU_NEWCASTLE_PARADIP_PANAMAX,2024-12-03 00:00:00,2024-12-03 18:00:00,17.16,USD_PER_MT,1,v1.0,VALID,PROXY,hash_fr_001687,True
1688,FREIGHT_ID_SAMARINDA_PARADIP_SUPRA,2024-12-03 00:00:00,2024-12-03 18:00:00,10.4,USD_PER_MT,1,v1.0,VALID,PROXY,hash_fr_001688,True
1689,FREIGHT_ZA_RICHARDSBAY_PARADIP_PANAMAX,2024-12-03 00:00:00,2024-12-03 18:00:00,14.91,USD_PER_MT,1,v1.0,VALID,PROXY,hash_fr_001689,True
1690,FREIGHT_BR_TUBARAO_QINGDAO_CAPE,2024-12-03 00:00:00,2024-12-03 18:00:00,22.79,USD_PER_MT,1,v1.0,VALID,PROXY,hash_fr_001690,True
1691,FREIGHT_AU_HEDLAND_PARADIP_CAPE,2024-12-04 00:00:00,2024-12-04 18:00:00,12.6,USD_PER_MT,1,v1.0,VALID,PROXY,hash_fr_001691,True
1692,FREIGHT_AU_NEWCASTLE_PARADIP_PANAMAX,2024-12-04 00:00:00,2024-12-04 18:00:00,16.65,USD_PER_MT,1,v1.0,VALID,PROXY,hash_fr_001692,True
1693,FREIGHT_ID_SAMARINDA_PARADIP_SUPRA,2024-12-04 00:00:00,2024-12-04 18:00:00,9.95,USD_PER_MT,1,v1.0,VALID,PROXY,hash_fr_001693,True
1694,FREIGHT_ZA_RICHARDSBAY_PARADIP_PANAMAX,2024-12-04 00:00:00,2024-12-04 18:00:00,14.73,USD_PER_MT,1,v1.0,VALID,PROXY,hash_fr_001694,True
1695,FREIGHT_BR_TUBARAO_QINGDAO_CAPE,2024-12-04 00:00:00,2024-12-04 18:00:00,24.06,USD_PER_MT,1,v1.0,VALID,PROXY,hash_fr_001695,True
1696,FREIGHT_AU_HEDLAND_PARADIP_CAPE,2024-12-05 00:00:00,2024-12-05 18:00:00,13.24,USD_PER_MT,1,v1.0,VALID,PROXY,hash_fr_001696,True
1697,FREIGHT_AU_NEWCASTLE_PARADIP_PANAMAX,2024-12-05 00:00:00,2024-12-05 18:00:00,16.7,USD_PER_MT,1,v1.0,VALID,PROXY,hash_fr_001697,True
1698,FREIGHT_ID_SAMARINDA_PARADIP_SUPRA,2024-12-05 00:00:00,2024-12-05 18:00:00,10.8,USD_PER_MT,1,v1.0,VALID,PROXY,hash_fr_001698,True
1699,FREIGHT_ZA_RICHARDSBAY_PARADIP_PANAMAX,2024-12-05 00:00:00,2024-12-05 18:00:00,15.06,USD_PER_MT,1,v1.0,VALID,PROXY,hash_fr_001699,True
1700,FREIGHT_BR_TUBARAO_QINGDAO_CAPE,2024-12-05 00:00:00,2024-12-05 18:00:00,23.57,USD_PER_MT,1,v1.0,VALID,PROXY,hash_fr_001700,True
1701,FREIGHT_AU_HEDLAND_PARADIP_CAPE,2024-12-06 00:00:00,2024-12-06 18:00:00,13.84,USD_PER_MT,1,v1.0,VALID,PROXY,hash_fr_001701,True
1702,FREIGHT_AU_NEWCASTLE_PARADIP_PANAMAX,2024-12-06 00:00:00,2024-12-06 18:00:00,16.98,USD_PER_MT,1,v1.0,VALID,PROXY,hash_fr_001702,True
1703,FREIGHT_ID_SAMARINDA_PARADIP_SUPRA,2024-12-06 00:00:00,2024-12-06 18:00:00,10.4,USD_PER_MT,1,v1.0,VALID,PROXY,hash_fr_001703,True
1704,FREIGHT_ZA_RICHARDSBAY_PARADIP_PANAMAX,2024-12-06 00:00:00,2024-12-06 18:00:00,15.06,USD_PER_MT,1,v1.0,VALID,PROXY,hash_fr_001704,True
1705,FREIGHT_BR_TUBARAO_QINGDAO_CAPE,2024-12-06 00:00:00,2024-12-06 18:00:00,24.39,USD_PER_MT,1,v1.0,VALID,PROXY,hash_fr_001705,True
1706,FREIGHT_AU_HEDLAND_PARADIP_CAPE,2024-12-07 00:00:00,2024-12-07 18:00:00,12.95,USD_PER_MT,1,v1.0,VALID,PROXY,hash_fr_001706,True
1707,FREIGHT_AU_NEWCASTLE_PARADIP_PANAMAX,2024-12-07 00:00:00,2024-12-07 18:00:00,16.46,USD_PER_MT,1,v1.0,VALID,PROXY,hash_fr_001707,True
1708,FREIGHT_ID_SAMARINDA_PARADIP_SUPRA,2024-12-07 00:00:00,2024-12-07 18:00:00,10.17,USD_PER_MT,1,v1.0,VALID,PROXY,hash_fr_001708,True
1709,FREIGHT_ZA_RICHARDSBAY_PARADIP_PANAMAX,2024-12-07 00:00:00,2024-12-07 18:00:00,14.72,USD_PER_MT,1,v1.0,VALID,PROXY,hash_fr_001709,True
1710,FREIGHT_BR_TUBARAO_QINGDAO_CAPE,2024-12-07 00:00:00,2024-12-07 18:00:00,23.34,USD_PER_MT,1,v1.0,VALID,PROXY,hash_fr_001710,True
1711,FREIGHT_AU_HEDLAND_PARADIP_CAPE,2024-12-08 00:00:00,2024-12-08 18:00:00,13.09,USD_PER_MT,1,v1.0,VALID,PROXY,hash_fr_001711,True
1712,FREIGHT_AU_NEWCASTLE_PARADIP_PANAMAX,2024-12-08 00:00:00,2024-12-08 18:00:00,17.38,USD_PER_MT,1,v1.0,VALID,PROXY,hash_fr_001712,True
1713,FREIGHT_ID_SAMARINDA_PARADIP_SUPRA,2024-12-08 00:00:00,2024-12-08 18:00:00,10.95,USD_PER_MT,1,v1.0,VALID,PROXY,hash_fr_001713,True
1714,FREIGHT_ZA_RICHARDSBAY_PARADIP_PANAMAX,2024-12-08 00:00:00,2024-12-08 18:00:00,14.94,USD_PER_MT,1,v1.0,VALID,PROXY,hash_fr_001714,True
1715,FREIGHT_BR_TUBARAO_QINGDAO_CAPE,2024-12-08 00:00:00,2024-12-08 18:00:00,23.08,USD_PER_MT,1,v1.0,VALID,PROXY,hash_fr_001715,True
1716,FREIGHT_AU_HEDLAND_PARADIP_CAPE,2024-12-09 00:00:00,2024-12-09 18:00:00,13.18,USD_PER_MT,1,v1.0,VALID,PROXY,hash_fr_001716,True
1717,FREIGHT_AU_NEWCASTLE_PARADIP_PANAMAX,2024-12-09 00:00:00,2024-12-09 18:00:00,17.31,USD_PER_MT,1,v1.0,VALID,PROXY,hash_fr_001717,True
1718,FREIGHT_ID_SAMARINDA_PARADIP_SUPRA,2024-12-09 00:00:00,2024-12-09 18:00:00,10.58,USD_PER_MT,1,v1.0,VALID,PROXY,hash_fr_001718,True
1719,FREIGHT_ZA_RICHARDSBAY_PARADIP_PANAMAX,2024-12-09 00:00:00,2024-12-09 18:00:00,15.25,USD_PER_MT,1,v1.0,VALID,PROXY,hash_fr_001719,True
1720,FREIGHT_BR_TUBARAO_QINGDAO_CAPE,2024-12-09 00:00:00,2024-12-09 18:00:00,24.0,USD_PER_MT,1,v1.0,VALID,PROXY,hash_fr_001720,True
1721,FREIGHT_AU_HEDLAND_PARADIP_CAPE,2024-12-10 00:00:00,2024-12-10 18:00:00,13.28,USD_PER_MT,1,v1.0,VALID,PROXY,hash_fr_001721,True
1722,FREIGHT_AU_NEWCASTLE_PARADIP_PANAMAX,2024-12-10 00:00:00,2024-12-10 18:00:00,16.98,USD_PER_MT,1,v1.0,VALID,PROXY,hash_fr_001722,True
1723,FREIGHT_ID_SAMARINDA_PARADIP_SUPRA,2024-12-10 00:00:00,2024-12-10 18:00:00,10.76,USD_PER_MT,1,v1.0,VALID,PROXY,hash_fr_001723,True
1724,FREIGHT_ZA_RICHARDSBAY_PARADIP_PANAMAX,2024-12-10 00:00:00,2024-12-10 18:00:00,15.02,USD_PER_MT,1,v1.0,VALID,PROXY,hash_fr_001724,True
1725,FREIGHT_BR_TUBARAO_QINGDAO_CAPE,2024-12-10 00:00:00,2024-12-10 18:00:00,24.54,USD_PER_MT,1,v1.0,VALID,PROXY,hash_fr_001725,True
1726,FREIGHT_AU_HEDLAND_PARADIP_CAPE,2024-12-11 00:00:00,2024-12-11 18:00:00,13.27,USD_PER_MT,1,v1.0,VALID,PROXY,hash_fr_001726,True
1727,FREIGHT_AU_NEWCASTLE_PARADIP_PANAMAX,2024-12-11 00:00:00,2024-12-11 18:00:00,16.56,USD_PER_MT,1,v1.0,VALID,PROXY,hash_fr_001727,True
1728,FREIGHT_ID_SAMARINDA_PARADIP_SUPRA,2024-12-11 00:00:00,2024-12-11 18:00:00,10.16,USD_PER_MT,1,v1.0,VALID,PROXY,hash_fr_001728,True
1729,FREIGHT_ZA_RICHARDSBAY_PARADIP_PANAMAX,2024-12-11 00:00:00,2024-12-11 18:00:00,15.32,USD_PER_MT,1,v1.0,VALID,PROXY,hash_fr_001729,True
1730,FREIGHT_BR_TUBARAO_QINGDAO_CAPE,2024-12-11 00:00:00,2024-12-11 18:00:00,23.71,USD_PER_MT,1,v1.0,VALID,PROXY,hash_fr_001730,True
1731,FREIGHT_AU_HEDLAND_PARADIP_CAPE,2024-12-12 00:00:00,2024-12-12 18:00:00,13.31,USD_PER_MT,1,v1.0,VALID,PROXY,hash_fr_001731,True
1732,FREIGHT_AU_NEWCASTLE_PARADIP_PANAMAX,2024-12-12 00:00:00,2024-12-12 18:00:00,17.3,USD_PER_MT,1,v1.0,VALID,PROXY,hash_fr_001732,True
1733,FREIGHT_ID_SAMARINDA_PARADIP_SUPRA,2024-12-12 00:00:00,2024-12-12 18:00:00,10.55,USD_PER_MT,1,v1.0,VALID,PROXY,hash_fr_001733,True
1734,FREIGHT_ZA_RICHARDSBAY_PARADIP_PANAMAX,2024-12-12 00:00:00,2024-12-12 18:00:00,15.19,USD_PER_MT,1,v1.0,VALID,PROXY,hash_fr_001734,True
1735,FREIGHT_BR_TUBARAO_QINGDAO_CAPE,2024-12-12 00:00:00,2024-12-12 18:00:00,24.15,USD_PER_MT,1,v1.0,VALID,PROXY,hash_fr_001735,True
1736,FREIGHT_AU_HEDLAND_PARADIP_CAPE,2024-12-13 00:00:00,2024-12-13 18:00:00,13.8,USD_PER_MT,1,v1.0,VALID,PROXY,hash_fr_001736,True
1737,FREIGHT_AU_NEWCASTLE_PARADIP_PANAMAX,2024-12-13 00:00:00,2024-12-13 18:00:00,17.45,USD_PER_MT,1,v1.0,VALID,PROXY,hash_fr_001737,True
1738,FREIGHT_ID_SAMARINDA_PARADIP_SUPRA,2024-12-13 00:00:00,2024-12-13 18:00:00,10.99,USD_PER_MT,1,v1.0,VALID,PROXY,hash_fr_001738,True
1739,FREIGHT_ZA_RICHARDSBAY_PARADIP_PANAMAX,2024-12-13 00:00:00,2024-12-13 18:00:00,15.32,USD_PER_MT,1,v1.0,VALID,PROXY,hash_fr_001739,True
1740,FREIGHT_BR_TUBARAO_QINGDAO_CAPE,2024-12-13 00:00:00,2024-12-13 18:00:00,24.99,USD_PER_MT,1,v1.0,VALID,PROXY,hash_fr_001740,True
1741,FREIGHT_AU_HEDLAND_PARADIP_CAPE,2024-12-14 00:00:00,2024-12-14 18:00:00,13.9,USD_PER_MT,1,v1.0,VALID,PROXY,hash_fr_001741,True
1742,FREIGHT_AU_NEWCASTLE_PARADIP_PANAMAX,2024-12-14 00:00:00,2024-12-14 18:00:00,16.26,USD_PER_MT,1,v1.0,VALID,PROXY,hash_fr_001742,True
1743,FREIGHT_ID_SAMARINDA_PARADIP_SUPRA,2024-12-14 00:00:00,2024-12-14 18:00:00,10.73,USD_PER_MT,1,v1.0,VALID,PROXY,hash_fr_001743,True
1744,FREIGHT_ZA_RICHARDSBAY_PARADIP_PANAMAX,2024-12-14 00:00:00,2024-12-14 18:00:00,15.36,USD_PER_MT,1,v1.0,VALID,PROXY,hash_fr_001744,True
1745,FREIGHT_BR_TUBARAO_QINGDAO_CAPE,2024-12-14 00:00:00,2024-12-14 18:00:00,23.82,USD_PER_MT,1,v1.0,VALID,PROXY,hash_fr_001745,True
1746,FREIGHT_AU_HEDLAND_PARADIP_CAPE,2024-12-15 00:00:00,2024-12-15 18:00:00,14.11,USD_PER_MT,1,v1.0,VALID,PROXY,hash_fr_001746,True
1747,FREIGHT_AU_NEWCASTLE_PARADIP_PANAMAX,2024-12-15 00:00:00,2024-12-15 18:00:00,17.52,USD_PER_MT,1,v1.0,VALID,PROXY,hash_fr_001747,True
1748,FREIGHT_ID_SAMARINDA_PARADIP_SUPRA,2024-12-15 00:00:00,2024-12-15 18:00:00,11.12,USD_PER_MT,1,v1.0,VALID,PROXY,hash_fr_001748,True
1749,FREIGHT_ZA_RICHARDSBAY_PARADIP_PANAMAX,2024-12-15 00:00:00,2024-12-15 18:00:00,15.07,USD_PER_MT,1,v1.0,VALID,PROXY,hash_fr_001749,True
1750,FREIGHT_BR_TUBARAO_QINGDAO_CAPE,2024-12-15 00:00:00,2024-12-15 18:00:00,25.26,USD_PER_MT,1,v1.0,VALID,PROXY,hash_fr_001750,True
1751,FREIGHT_AU_HEDLAND_PARADIP_CAPE,2024-12-16 00:00:00,2024-12-16 18:00:00,13.56,USD_PER_MT,1,v1.0,VALID,PROXY,hash_fr_001751,True
1752,FREIGHT_AU_NEWCASTLE_PARADIP_PANAMAX,2024-12-16 00:00:00,2024-12-16 18:00:00,17.49,USD_PER_MT,1,v1.0,VALID,PROXY,hash_fr_001752,True
1753,FREIGHT_ID_SAMARINDA_PARADIP_SUPRA,2024-12-16 00:00:00,2024-12-16 18:00:00,10.92,USD_PER_MT,1,v1.0,VALID,PROXY,hash_fr_001753,True
1754,FREIGHT_ZA_RICHARDSBAY_PARADIP_PANAMAX,2024-12-16 00:00:00,2024-12-16 18:00:00,15.8,USD_PER_MT,1,v1.0,VALID,PROXY,hash_fr_001754,True
1755,FREIGHT_BR_TUBARAO_QINGDAO_CAPE,2024-12-16 00:00:00,2024-12-16 18:00:00,24.03,USD_PER_MT,1,v1.0,VALID,PROXY,hash_fr_001755,True
1756,FREIGHT_AU_HEDLAND_PARADIP_CAPE,2024-12-17 00:00:00,2024-12-17 18:00:00,13.32,USD_PER_MT,1,v1.0,VALID,PROXY,hash_fr_001756,True
1757,FREIGHT_AU_NEWCASTLE_PARADIP_PANAMAX,2024-12-17 00:00:00,2024-12-17 18:00:00,17.24,USD_PER_MT,1,v1.0,VALID,PROXY,hash_fr_001757,True
1758,FREIGHT_ID_SAMARINDA_PARADIP_SUPRA,2024-12-17 00:00:00,2024-12-17 18:00:00,10.61,USD_PER_MT,1,v1.0,VALID,PROXY,hash_fr_001758,True
1759,FREIGHT_ZA_RICHARDSBAY_PARADIP_PANAMAX,2024-12-17 00:00:00,2024-12-17 18:00:00,15.61,USD_PER_MT,1,v1.0,VALID,PROXY,hash_fr_001759,True
1760,FREIGHT_BR_TUBARAO_QINGDAO_CAPE,2024-12-17 00:00:00,2024-12-17 18:00:00,24.67,USD_PER_MT,1,v1.0,VALID,PROXY,hash_fr_001760,True
1761,FREIGHT_AU_HEDLAND_PARADIP_CAPE,2024-12-18 00:00:00,2024-12-18 18:00:00,13.73,USD_PER_MT,1,v1.0,VALID,PROXY,hash_fr_001761,True
1762,FREIGHT_AU_NEWCASTLE_PARADIP_PANAMAX,2024-12-18 00:00:00,2024-12-18 18:00:00,17.53,USD_PER_MT,1,v1.0,VALID,PROXY,hash_fr_001762,True
1763,FREIGHT_ID_SAMARINDA_PARADIP_SUPRA,2024-12-18 00:00:00,2024-12-18 18:00:00,10.89,USD_PER_MT,1,v1.0,VALID,PROXY,hash_fr_001763,True
1764,FREIGHT_ZA_RICHARDSBAY_PARADIP_PANAMAX,2024-12-18 00:00:00,2024-12-18 18:00:00,16.29,USD_PER_MT,1,v1.0,VALID,PROXY,hash_fr_001764,True
1765,FREIGHT_BR_TUBARAO_QINGDAO_CAPE,2024-12-18 00:00:00,2024-12-18 18:00:00,24.55,USD_PER_MT,1,v1.0,VALID,PROXY,hash_fr_001765,True
1766,FREIGHT_AU_HEDLAND_PARADIP_CAPE,2024-12-19 00:00:00,2024-12-19 18:00:00,13.51,USD_PER_MT,1,v1.0,VALID,PROXY,hash_fr_001766,True
1767,FREIGHT_AU_NEWCASTLE_PARADIP_PANAMAX,2024-12-19 00:00:00,2024-12-19 18:00:00,17.71,USD_PER_MT,1,v1.0,VALID,PROXY,hash_fr_001767,True
1768,FREIGHT_ID_SAMARINDA_PARADIP_SUPRA,2024-12-19 00:00:00,2024-12-19 18:00:00,11.22,USD_PER_MT,1,v1.0,VALID,PROXY,hash_fr_001768,True
1769,FREIGHT_ZA_RICHARDSBAY_PARADIP_PANAMAX,2024-12-19 00:00:00,2024-12-19 18:00:00,15.39,USD_PER_MT,1,v1.0,VALID,PROXY,hash_fr_001769,True
1770,FREIGHT_BR_TUBARAO_QINGDAO_CAPE,2024-12-19 00:00:00,2024-12-19 18:00:00,24.96,USD_PER_MT,1,v1.0,VALID,PROXY,hash_fr_001770,True
1771,FREIGHT_AU_HEDLAND_PARADIP_CAPE,2024-12-20 00:00:00,2024-12-20 18:00:00,13.22,USD_PER_MT,1,v1.0,VALID,PROXY,hash_fr_001771,True
1772,FREIGHT_AU_NEWCASTLE_PARADIP_PANAMAX,2024-12-20 00:00:00,2024-12-20 18:00:00,18.03,USD_PER_MT,1,v1.0,VALID,PROXY,hash_fr_001772,True
1773,FREIGHT_ID_SAMARINDA_PARADIP_SUPRA,2024-12-20 00:00:00,2024-12-20 18:00:00,11.45,USD_PER_MT,1,v1.0,VALID,PROXY,hash_fr_001773,True
1774,FREIGHT_ZA_RICHARDSBAY_PARADIP_PANAMAX,2024-12-20 00:00:00,2024-12-20 18:00:00,15.93,USD_PER_MT,1,v1.0,VALID,PROXY,hash_fr_001774,True
1775,FREIGHT_BR_TUBARAO_QINGDAO_CAPE,2024-12-20 00:00:00,2024-12-20 18:00:00,24.37,USD_PER_MT,1,v1.0,VALID,PROXY,hash_fr_001775,True
1776,FREIGHT_AU_HEDLAND_PARADIP_CAPE,2024-12-21 00:00:00,2024-12-21 18:00:00,13.42,USD_PER_MT,1,v1.0,VALID,PROXY,hash_fr_001776,True
1777,FREIGHT_AU_NEWCASTLE_PARADIP_PANAMAX,2024-12-21 00:00:00,2024-12-21 18:00:00,17.17,USD_PER_MT,1,v1.0,VALID,PROXY,hash_fr_001777,True
1778,FREIGHT_ID_SAMARINDA_PARADIP_SUPRA,2024-12-21 00:00:00,2024-12-21 18:00:00,11.2,USD_PER_MT,1,v1.0,VALID,PROXY,hash_fr_001778,True
1779,FREIGHT_ZA_RICHARDSBAY_PARADIP_PANAMAX,2024-12-21 00:00:00,2024-12-21 18:00:00,15.61,USD_PER_MT,1,v1.0,VALID,PROXY,hash_fr_001779,True
1780,FREIGHT_BR_TUBARAO_QINGDAO_CAPE,2024-12-21 00:00:00,2024-12-21 18:00:00,25.72,USD_PER_MT,1,v1.0,VALID,PROXY,hash_fr_001780,True
1781,FREIGHT_AU_HEDLAND_PARADIP_CAPE,2024-12-22 00:00:00,2024-12-22 18:00:00,13.75,USD_PER_MT,1,v1.0,VALID,PROXY,hash_fr_001781,True
1782,FREIGHT_AU_NEWCASTLE_PARADIP_PANAMAX,2024-12-22 00:00:00,2024-12-22 18:00:00,17.93,USD_PER_MT,1,v1.0,VALID,PROXY,hash_fr_001782,True
1783,FREIGHT_ID_SAMARINDA_PARADIP_SUPRA,2024-12-22 00:00:00,2024-12-22 18:00:00,11.32,USD_PER_MT,1,v1.0,VALID,PROXY,hash_fr_001783,True
1784,FREIGHT_ZA_RICHARDSBAY_PARADIP_PANAMAX,2024-12-22 00:00:00,2024-12-22 18:00:00,15.98,USD_PER_MT,1,v1.0,VALID,PROXY,hash_fr_001784,True
1785,FREIGHT_BR_TUBARAO_QINGDAO_CAPE,2024-12-22 00:00:00,2024-12-22 18:00:00,25.2,USD_PER_MT,1,v1.0,VALID,PROXY,hash_fr_001785,True
1786,FREIGHT_AU_HEDLAND_PARADIP_CAPE,2024-12-23 00:00:00,2024-12-23 18:00:00,13.83,USD_PER_MT,1,v1.0,VALID,PROXY,hash_fr_001786,True
1787,FREIGHT_AU_NEWCASTLE_PARADIP_PANAMAX,2024-12-23 00:00:00,2024-12-23 18:00:00,17.98,USD_PER_MT,1,v1.0,VALID,PROXY,hash_fr_001787,True
1788,FREIGHT_ID_SAMARINDA_PARADIP_SUPRA,2024-12-23 00:00:00,2024-12-23 18:00:00,11.58,USD_PER_MT,1,v1.0,VALID,PROXY,hash_fr_001788,True
1789,FREIGHT_ZA_RICHARDSBAY_PARADIP_PANAMAX,2024-12-23 00:00:00,2024-12-23 18:00:00,15.95,USD_PER_MT,1,v1.0,VALID,PROXY,hash_fr_001789,True
1790,FREIGHT_BR_TUBARAO_QINGDAO_CAPE,2024-12-23 00:00:00,2024-12-23 18:00:00,26.15,USD_PER_MT,1,v1.0,VALID,PROXY,hash_fr_001790,True
1791,FREIGHT_AU_HEDLAND_PARADIP_CAPE,2024-12-24 00:00:00,2024-12-24 18:00:00,14.22,USD_PER_MT,1,v1.0,VALID,PROXY,hash_fr_001791,True
1792,FREIGHT_AU_NEWCASTLE_PARADIP_PANAMAX,2024-12-24 00:00:00,2024-12-24 18:00:00,18.15,USD_PER_MT,1,v1.0,VALID,PROXY,hash_fr_001792,True
1793,FREIGHT_ID_SAMARINDA_PARADIP_SUPRA,2024-12-24 00:00:00,2024-12-24 18:00:00,11.3,USD_PER_MT,1,v1.0,VALID,PROXY,hash_fr_001793,True
1794,FREIGHT_ZA_RICHARDSBAY_PARADIP_PANAMAX,2024-12-24 00:00:00,2024-12-24 18:00:00,15.81,USD_PER_MT,1,v1.0,VALID,PROXY,hash_fr_001794,True
1795,FREIGHT_BR_TUBARAO_QINGDAO_CAPE,2024-12-24 00:00:00,2024-12-24 18:00:00,25.55,USD_PER_MT,1,v1.0,VALID,PROXY,hash_fr_001795,True
1796,FREIGHT_AU_HEDLAND_PARADIP_CAPE,2024-12-25 00:00:00,2024-12-25 18:00:00,14.39,USD_PER_MT,1,v1.0,VALID,PROXY,hash_fr_001796,True
1797,FREIGHT_AU_NEWCASTLE_PARADIP_PANAMAX,2024-12-25 00:00:00,2024-12-25 18:00:00,18.33,USD_PER_MT,1,v1.0,VALID,PROXY,hash_fr_001797,True
1798,FREIGHT_ID_SAMARINDA_PARADIP_SUPRA,2024-12-25 00:00:00,2024-12-25 18:00:00,11.55,USD_PER_MT,1,v1.0,VALID,PROXY,hash_fr_001798,True
1799,FREIGHT_ZA_RICHARDSBAY_PARADIP_PANAMAX,2024-12-25 00:00:00,2024-12-25 18:00:00,15.77,USD_PER_MT,1,v1.0,VALID,PROXY,hash_fr_001799,True
1800,FREIGHT_BR_TUBARAO_QINGDAO_CAPE,2024-12-25 00:00:00,2024-12-25 18:00:00,26.6,USD_PER_MT,1,v1.0,VALID,PROXY,hash_fr_001800,True
1801,FREIGHT_AU_HEDLAND_PARADIP_CAPE,2024-12-26 00:00:00,2024-12-26 18:00:00,14.58,USD_PER_MT,1,v1.0,VALID,PROXY,hash_fr_001801,True
1802,FREIGHT_AU_NEWCASTLE_PARADIP_PANAMAX,2024-12-26 00:00:00,2024-12-26 18:00:00,18.64,USD_PER_MT,1,v1.0,VALID,PROXY,hash_fr_001802,True
1803,FREIGHT_ID_SAMARINDA_PARADIP_SUPRA,2024-12-26 00:00:00,2024-12-26 18:00:00,10.91,USD_PER_MT,1,v1.0,VALID,PROXY,hash_fr_001803,True
1804,FREIGHT_ZA_RICHARDSBAY_PARADIP_PANAMAX,2024-12-26 00:00:00,2024-12-26 18:00:00,16.08,USD_PER_MT,1,v1.0,VALID,PROXY,hash_fr_001804,True
1805,FREIGHT_BR_TUBARAO_QINGDAO_CAPE,2024-12-26 00:00:00,2024-12-26 18:00:00,25.67,USD_PER_MT,1,v1.0,VALID,PROXY,hash_fr_001805,True
1806,FREIGHT_AU_HEDLAND_PARADIP_CAPE,2024-12-27 00:00:00,2024-12-27 18:00:00,13.92,USD_PER_MT,1,v1.0,VALID,PROXY,hash_fr_001806,True
1807,FREIGHT_AU_NEWCASTLE_PARADIP_PANAMAX,2024-12-27 00:00:00,2024-12-27 18:00:00,18.61,USD_PER_MT,1,v1.0,VALID,PROXY,hash_fr_001807,True
1808,FREIGHT_ID_SAMARINDA_PARADIP_SUPRA,2024-12-27 00:00:00,2024-12-27 18:00:00,11.52,USD_PER_MT,1,v1.0,VALID,PROXY,hash_fr_001808,True
1809,FREIGHT_ZA_RICHARDSBAY_PARADIP_PANAMAX,2024-12-27 00:00:00,2024-12-27 18:00:00,15.92,USD_PER_MT,1,v1.0,VALID,PROXY,hash_fr_001809,True
1810,FREIGHT_BR_TUBARAO_QINGDAO_CAPE,2024-12-27 00:00:00,2024-12-27 18:00:00,26.16,USD_PER_MT,1,v1.0,VALID,PROXY,hash_fr_001810,True
1811,FREIGHT_AU_HEDLAND_PARADIP_CAPE,2024-12-28 00:00:00,2024-12-28 18:00:00,14.6,USD_PER_MT,1,v1.0,VALID,PROXY,hash_fr_001811,True
1812,FREIGHT_AU_NEWCASTLE_PARADIP_PANAMAX,2024-12-28 00:00:00,2024-12-28 18:00:00,18.68,USD_PER_MT,1,v1.0,VALID,PROXY,hash_fr_001812,True
1813,FREIGHT_ID_SAMARINDA_PARADIP_SUPRA,2024-12-28 00:00:00,2024-12-28 18:00:00,11.34,USD_PER_MT,1,v1.0,VALID,PROXY,hash_fr_001813,True
1814,FREIGHT_ZA_RICHARDSBAY_PARADIP_PANAMAX,2024-12-28 00:00:00,2024-12-28 18:00:00,16.49,USD_PER_MT,1,v1.0,VALID,PROXY,hash_fr_001814,True
1815,FREIGHT_BR_TUBARAO_QINGDAO_CAPE,2024-12-28 00:00:00,2024-12-28 18:00:00,25.58,USD_PER_MT,1,v1.0,VALID,PROXY,hash_fr_001815,True
1816,FREIGHT_AU_HEDLAND_PARADIP_CAPE,2024-12-29 00:00:00,2024-12-29 18:00:00,13.87,USD_PER_MT,1,v1.0,VALID,PROXY,hash_fr_001816,True
1817,FREIGHT_AU_NEWCASTLE_PARADIP_PANAMAX,2024-12-29 00:00:00,2024-12-29 18:00:00,18.82,USD_PER_MT,1,v1.0,VALID,PROXY,hash_fr_001817,True
1818,FREIGHT_ID_SAMARINDA_PARADIP_SUPRA,2024-12-29 00:00:00,2024-12-29 18:00:00,11.52,USD_PER_MT,1,v1.0,VALID,PROXY,hash_fr_001818,True
1819,FREIGHT_ZA_RICHARDSBAY_PARADIP_PANAMAX,2024-12-29 00:00:00,2024-12-29 18:00:00,16.69,USD_PER_MT,1,v1.0,VALID,PROXY,hash_fr_001819,True
1820,FREIGHT_BR_TUBARAO_QINGDAO_CAPE,2024-12-29 00:00:00,2024-12-29 18:00:00,25.99,USD_PER_MT,1,v1.0,VALID,PROXY,hash_fr_001820,True
1821,FREIGHT_AU_HEDLAND_PARADIP_CAPE,2024-12-30 00:00:00,2024-12-30 18:00:00,13.85,USD_PER_MT,1,v1.0,VALID,PROXY,hash_fr_001821,True
1822,FREIGHT_AU_NEWCASTLE_PARADIP_PANAMAX,2024-12-30 00:00:00,2024-12-30 18:00:00,18.82,USD_PER_MT,1,v1.0,VALID,PROXY,hash_fr_001822,True
1823,FREIGHT_ID_SAMARINDA_PARADIP_SUPRA,2024-12-30 00:00:00,2024-12-30 18:00:00,11.79,USD_PER_MT,1,v1.0,VALID,PROXY,hash_fr_001823,True
1824,FREIGHT_ZA_RICHARDSBAY_PARADIP_PANAMAX,2024-12-30 00:00:00,2024-12-30 18:00:00,16.11,USD_PER_MT,1,v1.0,VALID,PROXY,hash_fr_001824,True
1825,FREIGHT_BR_TUBARAO_QINGDAO_CAPE,2024-12-30 00:00:00,2024-12-30 18:00:00,26.07,USD_PER_MT,1,v1.0,VALID,PROXY,hash_fr_001825,True
1826,FREIGHT_AU_HEDLAND_PARADIP_CAPE,2024-12-31 00:00:00,2024-12-31 18:00:00,14.22,USD_PER_MT,1,v1.0,VALID,PROXY,hash_fr_001826,True
1827,FREIGHT_AU_NEWCASTLE_PARADIP_PANAMAX,2024-12-31 00:00:00,2024-12-31 18:00:00,18.61,USD_PER_MT,1,v1.0,VALID,PROXY,hash_fr_001827,True
1828,FREIGHT_ID_SAMARINDA_PARADIP_SUPRA,2024-12-31 00:00:00,2024-12-31 18:00:00,11.29,USD_PER_MT,1,v1.0,VALID,PROXY,hash_fr_001828,True
1829,FREIGHT_ZA_RICHARDSBAY_PARADIP_PANAMAX,2024-12-31 00:00:00,2024-12-31 18:00:00,16.13,USD_PER_MT,1,v1.0,VALID,PROXY,hash_fr_001829,True
1830,FREIGHT_BR_TUBARAO_QINGDAO_CAPE,2024-12-31 00:00:00,2024-12-31 18:00:00,26.25,USD_PER_MT,1,v1.0,VALID,PROXY,hash_fr_001830,True
1831,FREIGHT_AU_HEDLAND_PARADIP_CAPE,2025-01-01 00:00:00,2025-01-01 18:00:00,13.9,USD_PER_MT,1,v1.0,VALID,PROXY,hash_fr_001831,True
1832,FREIGHT_AU_NEWCASTLE_PARADIP_PANAMAX,2025-01-01 00:00:00,2025-01-01 18:00:00,18.33,USD_PER_MT,1,v1.0,VALID,PROXY,hash_fr_001832,True
1833,FREIGHT_ID_SAMARINDA_PARADIP_SUPRA,2025-01-01 00:00:00,2025-01-01 18:00:00,11.37,USD_PER_MT,1,v1.0,VALID,PROXY,hash_fr_001833,True
1834,FREIGHT_ZA_RICHARDSBAY_PARADIP_PANAMAX,2025-01-01 00:00:00,2025-01-01 18:00:00,16.52,USD_PER_MT,1,v1.0,VALID,PROXY,hash_fr_001834,True
1835,FREIGHT_BR_TUBARAO_QINGDAO_CAPE,2025-01-01 00:00:00,2025-01-01 18:00:00,25.72,USD_PER_MT,1,v1.0,VALID,PROXY,hash_fr_001835,True
1836,FREIGHT_AU_HEDLAND_PARADIP_CAPE,2025-01-02 00:00:00,2025-01-02 18:00:00,14.34,USD_PER_MT,1,v1.0,VALID,PROXY,hash_fr_001836,True
1837,FREIGHT_AU_NEWCASTLE_PARADIP_PANAMAX,2025-01-02 00:00:00,2025-01-02 18:00:00,18.19,USD_PER_MT,1,v1.0,VALID,PROXY,hash_fr_001837,True
1838,FREIGHT_ID_SAMARINDA_PARADIP_SUPRA,2025-01-02 00:00:00,2025-01-02 18:00:00,10.87,USD_PER_MT,1,v1.0,VALID,PROXY,hash_fr_001838,True
1839,FREIGHT_ZA_RICHARDSBAY_PARADIP_PANAMAX,2025-01-02 00:00:00,2025-01-02 18:00:00,16.52,USD_PER_MT,1,v1.0,VALID,PROXY,hash_fr_001839,True
1840,FREIGHT_BR_TUBARAO_QINGDAO_CAPE,2025-01-02 00:00:00,2025-01-02 18:00:00,25.86,USD_PER_MT,1,v1.0,VALID,PROXY,hash_fr_001840,True
1841,FREIGHT_AU_HEDLAND_PARADIP_CAPE,2025-01-03 00:00:00,2025-01-03 18:00:00,14.43,USD_PER_MT,1,v1.0,VALID,PROXY,hash_fr_001841,True
1842,FREIGHT_AU_NEWCASTLE_PARADIP_PANAMAX,2025-01-03 00:00:00,2025-01-03 18:00:00,17.7,USD_PER_MT,1,v1.0,VALID,PROXY,hash_fr_001842,True
1843,FREIGHT_ID_SAMARINDA_PARADIP_SUPRA,2025-01-03 00:00:00,2025-01-03 18:00:00,11.53,USD_PER_MT,1,v1.0,VALID,PROXY,hash_fr_001843,True
1844,FREIGHT_ZA_RICHARDSBAY_PARADIP_PANAMAX,2025-01-03 00:00:00,2025-01-03 18:00:00,16.33,USD_PER_MT,1,v1.0,VALID,PROXY,hash_fr_001844,True
1845,FREIGHT_BR_TUBARAO_QINGDAO_CAPE,2025-01-03 00:00:00,2025-01-03 18:00:00,26.61,USD_PER_MT,1,v1.0,VALID,PROXY,hash_fr_001845,True
1846,FREIGHT_AU_HEDLAND_PARADIP_CAPE,2025-01-04 00:00:00,2025-01-04 18:00:00,14.34,USD_PER_MT,1,v1.0,VALID,PROXY,hash_fr_001846,True
1847,FREIGHT_AU_NEWCASTLE_PARADIP_PANAMAX,2025-01-04 00:00:00,2025-01-04 18:00:00,17.91,USD_PER_MT,1,v1.0,VALID,PROXY,hash_fr_001847,True
1848,FREIGHT_ID_SAMARINDA_PARADIP_SUPRA,2025-01-04 00:00:00,2025-01-04 18:00:00,11.14,USD_PER_MT,1,v1.0,VALID,PROXY,hash_fr_001848,True
1849,FREIGHT_ZA_RICHARDSBAY_PARADIP_PANAMAX,2025-01-04 00:00:00,2025-01-04 18:00:00,15.78,USD_PER_MT,1,v1.0,VALID,PROXY,hash_fr_001849,True
1850,FREIGHT_BR_TUBARAO_QINGDAO_CAPE,2025-01-04 00:00:00,2025-01-04 18:00:00,24.98,USD_PER_MT,1,v1.0,VALID,PROXY,hash_fr_001850,True
1851,FREIGHT_AU_HEDLAND_PARADIP_CAPE,2025-01-05 00:00:00,2025-01-05 18:00:00,13.88,USD_PER_MT,1,v1.0,VALID,PROXY,hash_fr_001851,True
1852,FREIGHT_AU_NEWCASTLE_PARADIP_PANAMAX,2025-01-05 00:00:00,2025-01-05 18:00:00,18.01,USD_PER_MT,1,v1.0,VALID,PROXY,hash_fr_001852,True
1853,FREIGHT_ID_SAMARINDA_PARADIP_SUPRA,2025-01-05 00:00:00,2025-01-05 18:00:00,11.06,USD_PER_MT,1,v1.0,VALID,PROXY,hash_fr_001853,True
1854,FREIGHT_ZA_RICHARDSBAY_PARADIP_PANAMAX,2025-01-05 00:00:00,2025-01-05 18:00:00,16.32,USD_PER_MT,1,v1.0,VALID,PROXY,hash_fr_001854,True
1855,FREIGHT_BR_TUBARAO_QINGDAO_CAPE,2025-01-05 00:00:00,2025-01-05 18:00:00,25.58,USD_PER_MT,1,v1.0,VALID,PROXY,hash_fr_001855,True
1856,FREIGHT_AU_HEDLAND_PARADIP_CAPE,2025-01-06 00:00:00,2025-01-06 18:00:00,13.38,USD_PER_MT,1,v1.0,VALID,PROXY,hash_fr_001856,True
1857,FREIGHT_AU_NEWCASTLE_PARADIP_PANAMAX,2025-01-06 00:00:00,2025-01-06 18:00:00,18.42,USD_PER_MT,1,v1.0,VALID,PROXY,hash_fr_001857,True
1858,FREIGHT_ID_SAMARINDA_PARADIP_SUPRA,2025-01-06 00:00:00,2025-01-06 18:00:00,11.5,USD_PER_MT,1,v1.0,VALID,PROXY,hash_fr_001858,True
1859,FREIGHT_ZA_RICHARDSBAY_PARADIP_PANAMAX,2025-01-06 00:00:00,2025-01-06 18:00:00,16.38,USD_PER_MT,1,v1.0,VALID,PROXY,hash_fr_001859,True
1860,FREIGHT_BR_TUBARAO_QINGDAO_CAPE,2025-01-06 00:00:00,2025-01-06 18:00:00,24.98,USD_PER_MT,1,v1.0,VALID,PROXY,hash_fr_001860,True
1861,FREIGHT_AU_HEDLAND_PARADIP_CAPE,2025-01-07 00:00:00,2025-01-07 18:00:00,13.13,USD_PER_MT,1,v1.0,VALID,PROXY,hash_fr_001861,True
1862,FREIGHT_AU_NEWCASTLE_PARADIP_PANAMAX,2025-01-07 00:00:00,2025-01-07 18:00:00,17.69,USD_PER_MT,1,v1.0,VALID,PROXY,hash_fr_001862,True
1863,FREIGHT_ID_SAMARINDA_PARADIP_SUPRA,2025-01-07 00:00:00,2025-01-07 18:00:00,11.49,USD_PER_MT,1,v1.0,VALID,PROXY,hash_fr_001863,True
1864,FREIGHT_ZA_RICHARDSBAY_PARADIP_PANAMAX,2025-01-07 00:00:00,2025-01-07 18:00:00,16.12,USD_PER_MT,1,v1.0,VALID,PROXY,hash_fr_001864,True
1865,FREIGHT_BR_TUBARAO_QINGDAO_CAPE,2025-01-07 00:00:00,2025-01-07 18:00:00,25.58,USD_PER_MT,1,v1.0,VALID,PROXY,hash_fr_001865,True
1866,FREIGHT_AU_HEDLAND_PARADIP_CAPE,2025-01-08 00:00:00,2025-01-08 18:00:00,13.91,USD_PER_MT,1,v1.0,VALID,PROXY,hash_fr_001866,True
1867,FREIGHT_AU_NEWCASTLE_PARADIP_PANAMAX,2025-01-08 00:00:00,2025-01-08 18:00:00,17.51,USD_PER_MT,1,v1.0,VALID,PROXY,hash_fr_001867,True
1868,FREIGHT_ID_SAMARINDA_PARADIP_SUPRA,2025-01-08 00:00:00,2025-01-08 18:00:00,11.27,USD_PER_MT,1,v1.0,VALID,PROXY,hash_fr_001868,True
1869,FREIGHT_ZA_RICHARDSBAY_PARADIP_PANAMAX,2025-01-08 00:00:00,2025-01-08 18:00:00,15.16,USD_PER_MT,1,v1.0,VALID,PROXY,hash_fr_001869,True
1870,FREIGHT_BR_TUBARAO_QINGDAO_CAPE,2025-01-08 00:00:00,2025-01-08 18:00:00,25.88,USD_PER_MT,1,v1.0,VALID,PROXY,hash_fr_001870,True
1871,FREIGHT_AU_HEDLAND_PARADIP_CAPE,2025-01-09 00:00:00,2025-01-09 18:00:00,13.44,USD_PER_MT,1,v1.0,VALID,PROXY,hash_fr_001871,True
1872,FREIGHT_AU_NEWCASTLE_PARADIP_PANAMAX,2025-01-09 00:00:00,2025-01-09 18:00:00,17.33,USD_PER_MT,1,v1.0,VALID,PROXY,hash_fr_001872,True
1873,FREIGHT_ID_SAMARINDA_PARADIP_SUPRA,2025-01-09 00:00:00,2025-01-09 18:00:00,10.64,USD_PER_MT,1,v1.0,VALID,PROXY,hash_fr_001873,True
1874,FREIGHT_ZA_RICHARDSBAY_PARADIP_PANAMAX,2025-01-09 00:00:00,2025-01-09 18:00:00,15.41,USD_PER_MT,1,v1.0,VALID,PROXY,hash_fr_001874,True
1875,FREIGHT_BR_TUBARAO_QINGDAO_CAPE,2025-01-09 00:00:00,2025-01-09 18:00:00,24.51,USD_PER_MT,1,v1.0,VALID,PROXY,hash_fr_001875,True
1876,FREIGHT_AU_HEDLAND_PARADIP_CAPE,2025-01-10 00:00:00,2025-01-10 18:00:00,13.93,USD_PER_MT,1,v1.0,VALID,PROXY,hash_fr_001876,True
1877,FREIGHT_AU_NEWCASTLE_PARADIP_PANAMAX,2025-01-10 00:00:00,2025-01-10 18:00:00,16.99,USD_PER_MT,1,v1.0,VALID,PROXY,hash_fr_001877,True
1878,FREIGHT_ID_SAMARINDA_PARADIP_SUPRA,2025-01-10 00:00:00,2025-01-10 18:00:00,10.56,USD_PER_MT,1,v1.0,VALID,PROXY,hash_fr_001878,True
1879,FREIGHT_ZA_RICHARDSBAY_PARADIP_PANAMAX,2025-01-10 00:00:00,2025-01-10 18:00:00,15.82,USD_PER_MT,1,v1.0,VALID,PROXY,hash_fr_001879,True
1880,FREIGHT_BR_TUBARAO_QINGDAO_CAPE,2025-01-10 00:00:00,2025-01-10 18:00:00,24.41,USD_PER_MT,1,v1.0,VALID,PROXY,hash_fr_001880,True
1881,FREIGHT_AU_HEDLAND_PARADIP_CAPE,2025-01-11 00:00:00,2025-01-11 18:00:00,13.7,USD_PER_MT,1,v1.0,VALID,PROXY,hash_fr_001881,True
1882,FREIGHT_AU_NEWCASTLE_PARADIP_PANAMAX,2025-01-11 00:00:00,2025-01-11 18:00:00,16.77,USD_PER_MT,1,v1.0,VALID,PROXY,hash_fr_001882,True
1883,FREIGHT_ID_SAMARINDA_PARADIP_SUPRA,2025-01-11 00:00:00,2025-01-11 18:00:00,10.78,USD_PER_MT,1,v1.0,VALID,PROXY,hash_fr_001883,True
1884,FREIGHT_ZA_RICHARDSBAY_PARADIP_PANAMAX,2025-01-11 00:00:00,2025-01-11 18:00:00,14.64,USD_PER_MT,1,v1.0,VALID,PROXY,hash_fr_001884,True
1885,FREIGHT_BR_TUBARAO_QINGDAO_CAPE,2025-01-11 00:00:00,2025-01-11 18:00:00,24.8,USD_PER_MT,1,v1.0,VALID,PROXY,hash_fr_001885,True
1886,FREIGHT_AU_HEDLAND_PARADIP_CAPE,2025-01-12 00:00:00,2025-01-12 18:00:00,13.78,USD_PER_MT,1,v1.0,VALID,PROXY,hash_fr_001886,True
1887,FREIGHT_AU_NEWCASTLE_PARADIP_PANAMAX,2025-01-12 00:00:00,2025-01-12 18:00:00,17.22,USD_PER_MT,1,v1.0,VALID,PROXY,hash_fr_001887,True
1888,FREIGHT_ID_SAMARINDA_PARADIP_SUPRA,2025-01-12 00:00:00,2025-01-12 18:00:00,10.68,USD_PER_MT,1,v1.0,VALID,PROXY,hash_fr_001888,True
1889,FREIGHT_ZA_RICHARDSBAY_PARADIP_PANAMAX,2025-01-12 00:00:00,2025-01-12 18:00:00,15.06,USD_PER_MT,1,v1.0,VALID,PROXY,hash_fr_001889,True
1890,FREIGHT_BR_TUBARAO_QINGDAO_CAPE,2025-01-12 00:00:00,2025-01-12 18:00:00,25.09,USD_PER_MT,1,v1.0,VALID,PROXY,hash_fr_001890,True
1891,FREIGHT_AU_HEDLAND_PARADIP_CAPE,2025-01-13 00:00:00,2025-01-13 18:00:00,12.6,USD_PER_MT,1,v1.0,VALID,PROXY,hash_fr_001891,True
1892,FREIGHT_AU_NEWCASTLE_PARADIP_PANAMAX,2025-01-13 00:00:00,2025-01-13 18:00:00,16.65,USD_PER_MT,1,v1.0,VALID,PROXY,hash_fr_001892,True
1893,FREIGHT_ID_SAMARINDA_PARADIP_SUPRA,2025-01-13 00:00:00,2025-01-13 18:00:00,10.49,USD_PER_MT,1,v1.0,VALID,PROXY,hash_fr_001893,True
1894,FREIGHT_ZA_RICHARDSBAY_PARADIP_PANAMAX,2025-01-13 00:00:00,2025-01-13 18:00:00,15.14,USD_PER_MT,1,v1.0,VALID,PROXY,hash_fr_001894,True
1895,FREIGHT_BR_TUBARAO_QINGDAO_CAPE,2025-01-13 00:00:00,2025-01-13 18:00:00,23.94,USD_PER_MT,1,v1.0,VALID,PROXY,hash_fr_001895,True
1896,FREIGHT_AU_HEDLAND_PARADIP_CAPE,2025-01-14 00:00:00,2025-01-14 18:00:00,13.19,USD_PER_MT,1,v1.0,VALID,PROXY,hash_fr_001896,True
1897,FREIGHT_AU_NEWCASTLE_PARADIP_PANAMAX,2025-01-14 00:00:00,2025-01-14 18:00:00,15.54,USD_PER_MT,1,v1.0,VALID,PROXY,hash_fr_001897,True
1898,FREIGHT_ID_SAMARINDA_PARADIP_SUPRA,2025-01-14 00:00:00,2025-01-14 18:00:00,10.38,USD_PER_MT,1,v1.0,VALID,PROXY,hash_fr_001898,True
1899,FREIGHT_ZA_RICHARDSBAY_PARADIP_PANAMAX,2025-01-14 00:00:00,2025-01-14 18:00:00,14.23,USD_PER_MT,1,v1.0,VALID,PROXY,hash_fr_001899,True
1900,FREIGHT_BR_TUBARAO_QINGDAO_CAPE,2025-01-14 00:00:00,2025-01-14 18:00:00,23.47,USD_PER_MT,1,v1.0,VALID,PROXY,hash_fr_001900,True
1901,FREIGHT_AU_HEDLAND_PARADIP_CAPE,2025-01-15 00:00:00,2025-01-15 18:00:00,12.83,USD_PER_MT,1,v1.0,VALID,PROXY,hash_fr_001901,True
1902,FREIGHT_AU_NEWCASTLE_PARADIP_PANAMAX,2025-01-15 00:00:00,2025-01-15 18:00:00,16.22,USD_PER_MT,1,v1.0,VALID,PROXY,hash_fr_001902,True
1903,FREIGHT_ID_SAMARINDA_PARADIP_SUPRA,2025-01-15 00:00:00,2025-01-15 18:00:00,9.74,USD_PER_MT,1,v1.0,VALID,PROXY,hash_fr_001903,True
1904,FREIGHT_ZA_RICHARDSBAY_PARADIP_PANAMAX,2025-01-15 00:00:00,2025-01-15 18:00:00,14.49,USD_PER_MT,1,v1.0,VALID,PROXY,hash_fr_001904,True
1905,FREIGHT_BR_TUBARAO_QINGDAO_CAPE,2025-01-15 00:00:00,2025-01-15 18:00:00,22.32,USD_PER_MT,1,v1.0,VALID,PROXY,hash_fr_001905,True
1906,FREIGHT_AU_HEDLAND_PARADIP_CAPE,2025-01-16 00:00:00,2025-01-16 18:00:00,12.48,USD_PER_MT,1,v1.0,VALID,PROXY,hash_fr_001906,True
1907,FREIGHT_AU_NEWCASTLE_PARADIP_PANAMAX,2025-01-16 00:00:00,2025-01-16 18:00:00,16.24,USD_PER_MT,1,v1.0,VALID,PROXY,hash_fr_001907,True
1908,FREIGHT_ID_SAMARINDA_PARADIP_SUPRA,2025-01-16 00:00:00,2025-01-16 18:00:00,10.25,USD_PER_MT,1,v1.0,VALID,PROXY,hash_fr_001908,True
1909,FREIGHT_ZA_RICHARDSBAY_PARADIP_PANAMAX,2025-01-16 00:00:00,2025-01-16 18:00:00,14.83,USD_PER_MT,1,v1.0,VALID,PROXY,hash_fr_001909,True
1910,FREIGHT_BR_TUBARAO_QINGDAO_CAPE,2025-01-16 00:00:00,2025-01-16 18:00:00,22.79,USD_PER_MT,1,v1.0,VALID,PROXY,hash_fr_001910,True
1911,FREIGHT_AU_HEDLAND_PARADIP_CAPE,2025-01-17 00:00:00,2025-01-17 18:00:00,12.2,USD_PER_MT,1,v1.0,VALID,PROXY,hash_fr_001911,True
1912,FREIGHT_AU_NEWCASTLE_PARADIP_PANAMAX,2025-01-17 00:00:00,2025-01-17 18:00:00,16.75,USD_PER_MT,1,v1.0,VALID,PROXY,hash_fr_001912,True
1913,FREIGHT_ID_SAMARINDA_PARADIP_SUPRA,2025-01-17 00:00:00,2025-01-17 18:00:00,9.98,USD_PER_MT,1,v1.0,VALID,PROXY,hash_fr_001913,True
1914,FREIGHT_ZA_RICHARDSBAY_PARADIP_PANAMAX,2025-01-17 00:00:00,2025-01-17 18:00:00,13.96,USD_PER_MT,1,v1.0,VALID,PROXY,hash_fr_001914,True
1915,FREIGHT_BR_TUBARAO_QINGDAO_CAPE,2025-01-17 00:00:00,2025-01-17 18:00:00,22.33,USD_PER_MT,1,v1.0,VALID,PROXY,hash_fr_001915,True
1916,FREIGHT_AU_HEDLAND_PARADIP_CAPE,2025-01-18 00:00:00,2025-01-18 18:00:00,12.36,USD_PER_MT,1,v1.0,VALID,PROXY,hash_fr_001916,True
1917,FREIGHT_AU_NEWCASTLE_PARADIP_PANAMAX,2025-01-18 00:00:00,2025-01-18 18:00:00,16.04,USD_PER_MT,1,v1.0,VALID,PROXY,hash_fr_001917,True
1918,FREIGHT_ID_SAMARINDA_PARADIP_SUPRA,2025-01-18 00:00:00,2025-01-18 18:00:00,9.97,USD_PER_MT,1,v1.0,VALID,PROXY,hash_fr_001918,True
1919,FREIGHT_ZA_RICHARDSBAY_PARADIP_PANAMAX,2025-01-18 00:00:00,2025-01-18 18:00:00,13.81,USD_PER_MT,1,v1.0,VALID,PROXY,hash_fr_001919,True
1920,FREIGHT_BR_TUBARAO_QINGDAO_CAPE,2025-01-18 00:00:00,2025-01-18 18:00:00,22.6,USD_PER_MT,1,v1.0,VALID,PROXY,hash_fr_001920,True
1921,FREIGHT_AU_HEDLAND_PARADIP_CAPE,2025-01-19 00:00:00,2025-01-19 18:00:00,12.42,USD_PER_MT,1,v1.0,VALID,PROXY,hash_fr_001921,True
1922,FREIGHT_AU_NEWCASTLE_PARADIP_PANAMAX,2025-01-19 00:00:00,2025-01-19 18:00:00,16.02,USD_PER_MT,1,v1.0,VALID,PROXY,hash_fr_001922,True
1923,FREIGHT_ID_SAMARINDA_PARADIP_SUPRA,2025-01-19 00:00:00,2025-01-19 18:00:00,9.9,USD_PER_MT,1,v1.0,VALID,PROXY,hash_fr_001923,True
1924,FREIGHT_ZA_RICHARDSBAY_PARADIP_PANAMAX,2025-01-19 00:00:00,2025-01-19 18:00:00,14.36,USD_PER_MT,1,v1.0,VALID,PROXY,hash_fr_001924,True
1925,FREIGHT_BR_TUBARAO_QINGDAO_CAPE,2025-01-19 00:00:00,2025-01-19 18:00:00,22.3,USD_PER_MT,1,v1.0,VALID,PROXY,hash_fr_001925,True
1926,FREIGHT_AU_HEDLAND_PARADIP_CAPE,2025-01-20 00:00:00,2025-01-20 18:00:00,12.14,USD_PER_MT,1,v1.0,VALID,PROXY,hash_fr_001926,True
1927,FREIGHT_AU_NEWCASTLE_PARADIP_PANAMAX,2025-01-20 00:00:00,2025-01-20 18:00:00,15.81,USD_PER_MT,1,v1.0,VALID,PROXY,hash_fr_001927,True
1928,FREIGHT_ID_SAMARINDA_PARADIP_SUPRA,2025-01-20 00:00:00,2025-01-20 18:00:00,9.88,USD_PER_MT,1,v1.0,VALID,PROXY,hash_fr_001928,True
1929,FREIGHT_ZA_RICHARDSBAY_PARADIP_PANAMAX,2025-01-20 00:00:00,2025-01-20 18:00:00,13.9,USD_PER_MT,1,v1.0,VALID,PROXY,hash_fr_001929,True
1930,FREIGHT_BR_TUBARAO_QINGDAO_CAPE,2025-01-20 00:00:00,2025-01-20 18:00:00,22.55,USD_PER_MT,1,v1.0,VALID,PROXY,hash_fr_001930,True
1931,FREIGHT_AU_HEDLAND_PARADIP_CAPE,2025-01-21 00:00:00,2025-01-21 18:00:00,12.26,USD_PER_MT,1,v1.0,VALID,PROXY,hash_fr_001931,True
1932,FREIGHT_AU_NEWCASTLE_PARADIP_PANAMAX,2025-01-21 00:00:00,2025-01-21 18:00:00,15.72,USD_PER_MT,1,v1.0,VALID,PROXY,hash_fr_001932,True
1933,FREIGHT_ID_SAMARINDA_PARADIP_SUPRA,2025-01-21 00:00:00,2025-01-21 18:00:00,9.71,USD_PER_MT,1,v1.0,VALID,PROXY,hash_fr_001933,True
1934,FREIGHT_ZA_RICHARDSBAY_PARADIP_PANAMAX,2025-01-21 00:00:00,2025-01-21 18:00:00,14.19,USD_PER_MT,1,v1.0,VALID,PROXY,hash_fr_001934,True
1935,FREIGHT_BR_TUBARAO_QINGDAO_CAPE,2025-01-21 00:00:00,2025-01-21 18:00:00,22.03,USD_PER_MT,1,v1.0,VALID,PROXY,hash_fr_001935,True
1936,FREIGHT_AU_HEDLAND_PARADIP_CAPE,2025-01-22 00:00:00,2025-01-22 18:00:00,12.33,USD_PER_MT,1,v1.0,VALID,PROXY,hash_fr_001936,True
1937,FREIGHT_AU_NEWCASTLE_PARADIP_PANAMAX,2025-01-22 00:00:00,2025-01-22 18:00:00,15.68,USD_PER_MT,1,v1.0,VALID,PROXY,hash_fr_001937,True
1938,FREIGHT_ID_SAMARINDA_PARADIP_SUPRA,2025-01-22 00:00:00,2025-01-22 18:00:00,9.58,USD_PER_MT,1,v1.0,VALID,PROXY,hash_fr_001938,True
1939,FREIGHT_ZA_RICHARDSBAY_PARADIP_PANAMAX,2025-01-22 00:00:00,2025-01-22 18:00:00,13.71,USD_PER_MT,1,v1.0,VALID,PROXY,hash_fr_001939,True
1940,FREIGHT_BR_TUBARAO_QINGDAO_CAPE,2025-01-22 00:00:00,2025-01-22 18:00:00,22.26,USD_PER_MT,1,v1.0,VALID,PROXY,hash_fr_001940,True
1941,FREIGHT_AU_HEDLAND_PARADIP_CAPE,2025-01-23 00:00:00,2025-01-23 18:00:00,12.56,USD_PER_MT,1,v1.0,VALID,PROXY,hash_fr_001941,True
1942,FREIGHT_AU_NEWCASTLE_PARADIP_PANAMAX,2025-01-23 00:00:00,2025-01-23 18:00:00,14.7,USD_PER_MT,1,v1.0,VALID,PROXY,hash_fr_001942,True
1943,FREIGHT_ID_SAMARINDA_PARADIP_SUPRA,2025-01-23 00:00:00,2025-01-23 18:00:00,9.66,USD_PER_MT,1,v1.0,VALID,PROXY,hash_fr_001943,True
1944,FREIGHT_ZA_RICHARDSBAY_PARADIP_PANAMAX,2025-01-23 00:00:00,2025-01-23 18:00:00,13.51,USD_PER_MT,1,v1.0,VALID,PROXY,hash_fr_001944,True
1945,FREIGHT_BR_TUBARAO_QINGDAO_CAPE,2025-01-23 00:00:00,2025-01-23 18:00:00,22.03,USD_PER_MT,1,v1.0,VALID,PROXY,hash_fr_001945,True
1946,FREIGHT_AU_HEDLAND_PARADIP_CAPE,2025-01-24 00:00:00,2025-01-24 18:00:00,12.12,USD_PER_MT,1,v1.0,VALID,PROXY,hash_fr_001946,True
1947,FREIGHT_AU_NEWCASTLE_PARADIP_PANAMAX,2025-01-24 00:00:00,2025-01-24 18:00:00,15.28,USD_PER_MT,1,v1.0,VALID,PROXY,hash_fr_001947,True
1948,FREIGHT_ID_SAMARINDA_PARADIP_SUPRA,2025-01-24 00:00:00,2025-01-24 18:00:00,9.58,USD_PER_MT,1,v1.0,VALID,PROXY,hash_fr_001948,True
1949,FREIGHT_ZA_RICHARDSBAY_PARADIP_PANAMAX,2025-01-24 00:00:00,2025-01-24 18:00:00,13.77,USD_PER_MT,1,v1.0,VALID,PROXY,hash_fr_001949,True
1950,FREIGHT_BR_TUBARAO_QINGDAO_CAPE,2025-01-24 00:00:00,2025-01-24 18:00:00,21.78,USD_PER_MT,1,v1.0,VALID,PROXY,hash_fr_001950,True
1951,FREIGHT_AU_HEDLAND_PARADIP_CAPE,2025-01-25 00:00:00,2025-01-25 18:00:00,12.01,USD_PER_MT,1,v1.0,VALID,PROXY,hash_fr_001951,True
1952,FREIGHT_AU_NEWCASTLE_PARADIP_PANAMAX,2025-01-25 00:00:00,2025-01-25 18:00:00,15.55,USD_PER_MT,1,v1.0,VALID,PROXY,hash_fr_001952,True
1953,FREIGHT_ID_SAMARINDA_PARADIP_SUPRA,2025-01-25 00:00:00,2025-01-25 18:00:00,9.32,USD_PER_MT,1,v1.0,VALID,PROXY,hash_fr_001953,True
1954,FREIGHT_ZA_RICHARDSBAY_PARADIP_PANAMAX,2025-01-25 00:00:00,2025-01-25 18:00:00,13.59,USD_PER_MT,1,v1.0,VALID,PROXY,hash_fr_001954,True
1955,FREIGHT_BR_TUBARAO_QINGDAO_CAPE,2025-01-25 00:00:00,2025-01-25 18:00:00,21.61,USD_PER_MT,1,v1.0,VALID,PROXY,hash_fr_001955,True
1956,FREIGHT_AU_HEDLAND_PARADIP_CAPE,2025-01-26 00:00:00,2025-01-26 18:00:00,12.42,USD_PER_MT,1,v1.0,VALID,PROXY,hash_fr_001956,True
1957,FREIGHT_AU_NEWCASTLE_PARADIP_PANAMAX,2025-01-26 00:00:00,2025-01-26 18:00:00,15.56,USD_PER_MT,1,v1.0,VALID,PROXY,hash_fr_001957,True
1958,FREIGHT_ID_SAMARINDA_PARADIP_SUPRA,2025-01-26 00:00:00,2025-01-26 18:00:00,9.5,USD_PER_MT,1,v1.0,VALID,PROXY,hash_fr_001958,True
1959,FREIGHT_ZA_RICHARDSBAY_PARADIP_PANAMAX,2025-01-26 00:00:00,2025-01-26 18:00:00,13.62,USD_PER_MT,1,v1.0,VALID,PROXY,hash_fr_001959,True
1960,FREIGHT_BR_TUBARAO_QINGDAO_CAPE,2025-01-26 00:00:00,2025-01-26 18:00:00,21.46,USD_PER_MT,1,v1.0,VALID,PROXY,hash_fr_001960,True
1961,FREIGHT_AU_HEDLAND_PARADIP_CAPE,2025-01-27 00:00:00,2025-01-27 18:00:00,11.81,USD_PER_MT,1,v1.0,VALID,PROXY,hash_fr_001961,True
1962,FREIGHT_AU_NEWCASTLE_PARADIP_PANAMAX,2025-01-27 00:00:00,2025-01-27 18:00:00,14.99,USD_PER_MT,1,v1.0,VALID,PROXY,hash_fr_001962,True
1963,FREIGHT_ID_SAMARINDA_PARADIP_SUPRA,2025-01-27 00:00:00,2025-01-27 18:00:00,9.62,USD_PER_MT,1,v1.0,VALID,PROXY,hash_fr_001963,True
1964,FREIGHT_ZA_RICHARDSBAY_PARADIP_PANAMAX,2025-01-27 00:00:00,2025-01-27 18:00:00,13.46,USD_PER_MT,1,v1.0,VALID,PROXY,hash_fr_001964,True
1965,FREIGHT_BR_TUBARAO_QINGDAO_CAPE,2025-01-27 00:00:00,2025-01-27 18:00:00,21.35,USD_PER_MT,1,v1.0,VALID,PROXY,hash_fr_001965,True
1966,FREIGHT_AU_HEDLAND_PARADIP_CAPE,2025-01-28 00:00:00,2025-01-28 18:00:00,11.54,USD_PER_MT,1,v1.0,VALID,PROXY,hash_fr_001966,True
1967,FREIGHT_AU_NEWCASTLE_PARADIP_PANAMAX,2025-01-28 00:00:00,2025-01-28 18:00:00,14.76,USD_PER_MT,1,v1.0,VALID,PROXY,hash_fr_001967,True
1968,FREIGHT_ID_SAMARINDA_PARADIP_SUPRA,2025-01-28 00:00:00,2025-01-28 18:00:00,9.33,USD_PER_MT,1,v1.0,VALID,PROXY,hash_fr_001968,True
1969,FREIGHT_ZA_RICHARDSBAY_PARADIP_PANAMAX,2025-01-28 00:00:00,2025-01-28 18:00:00,13.84,USD_PER_MT,1,v1.0,VALID,PROXY,hash_fr_001969,True
1970,FREIGHT_BR_TUBARAO_QINGDAO_CAPE,2025-01-28 00:00:00,2025-01-28 18:00:00,20.78,USD_PER_MT,1,v1.0,VALID,PROXY,hash_fr_001970,True
1971,FREIGHT_AU_HEDLAND_PARADIP_CAPE,2025-01-29 00:00:00,2025-01-29 18:00:00,12.13,USD_PER_MT,1,v1.0,VALID,PROXY,hash_fr_001971,True
1972,FREIGHT_AU_NEWCASTLE_PARADIP_PANAMAX,2025-01-29 00:00:00,2025-01-29 18:00:00,14.64,USD_PER_MT,1,v1.0,VALID,PROXY,hash_fr_001972,True
1973,FREIGHT_ID_SAMARINDA_PARADIP_SUPRA,2025-01-29 00:00:00,2025-01-29 18:00:00,9.33,USD_PER_MT,1,v1.0,VALID,PROXY,hash_fr_001973,True
1974,FREIGHT_ZA_RICHARDSBAY_PARADIP_PANAMAX,2025-01-29 00:00:00,2025-01-29 18:00:00,13.42,USD_PER_MT,1,v1.0,VALID,PROXY,hash_fr_001974,True
1975,FREIGHT_BR_TUBARAO_QINGDAO_CAPE,2025-01-29 00:00:00,2025-01-29 18:00:00,20.67,USD_PER_MT,1,v1.0,VALID,PROXY,hash_fr_001975,True
1976,FREIGHT_AU_HEDLAND_PARADIP_CAPE,2025-01-30 00:00:00,2025-01-30 18:00:00,11.62,USD_PER_MT,1,v1.0,VALID,PROXY,hash_fr_001976,True
1977,FREIGHT_AU_NEWCASTLE_PARADIP_PANAMAX,2025-01-30 00:00:00,2025-01-30 18:00:00,14.61,USD_PER_MT,1,v1.0,VALID,PROXY,hash_fr_001977,True
1978,FREIGHT_ID_SAMARINDA_PARADIP_SUPRA,2025-01-30 00:00:00,2025-01-30 18:00:00,9.43,USD_PER_MT,1,v1.0,VALID,PROXY,hash_fr_001978,True
1979,FREIGHT_ZA_RICHARDSBAY_PARADIP_PANAMAX,2025-01-30 00:00:00,2025-01-30 18:00:00,13.13,USD_PER_MT,1,v1.0,VALID,PROXY,hash_fr_001979,True
1980,FREIGHT_BR_TUBARAO_QINGDAO_CAPE,2025-01-30 00:00:00,2025-01-30 18:00:00,21.16,USD_PER_MT,1,v1.0,VALID,PROXY,hash_fr_001980,True
1981,FREIGHT_AU_HEDLAND_PARADIP_CAPE,2025-01-31 00:00:00,2025-01-31 18:00:00,11.37,USD_PER_MT,1,v1.0,VALID,PROXY,hash_fr_001981,True
1982,FREIGHT_AU_NEWCASTLE_PARADIP_PANAMAX,2025-01-31 00:00:00,2025-01-31 18:00:00,14.85,USD_PER_MT,1,v1.0,VALID,PROXY,hash_fr_001982,True
1983,FREIGHT_ID_SAMARINDA_PARADIP_SUPRA,2025-01-31 00:00:00,2025-01-31 18:00:00,9.13,USD_PER_MT,1,v1.0,VALID,PROXY,hash_fr_001983,True
1984,FREIGHT_ZA_RICHARDSBAY_PARADIP_PANAMAX,2025-01-31 00:00:00,2025-01-31 18:00:00,13.43,USD_PER_MT,1,v1.0,VALID,PROXY,hash_fr_001984,True
1985,FREIGHT_BR_TUBARAO_QINGDAO_CAPE,2025-01-31 00:00:00,2025-01-31 18:00:00,20.54,USD_PER_MT,1,v1.0,VALID,PROXY,hash_fr_001985,True
1986,FREIGHT_AU_HEDLAND_PARADIP_CAPE,2025-02-01 00:00:00,2025-02-01 18:00:00,10.76,USD_PER_MT,1,v1.0,VALID,PROXY,hash_fr_001986,True
1987,FREIGHT_AU_NEWCASTLE_PARADIP_PANAMAX,2025-02-01 00:00:00,2025-02-01 18:00:00,15.15,USD_PER_MT,1,v1.0,VALID,PROXY,hash_fr_001987,True
1988,FREIGHT_ID_SAMARINDA_PARADIP_SUPRA,2025-02-01 00:00:00,2025-02-01 18:00:00,8.88,USD_PER_MT,1,v1.0,VALID,PROXY,hash_fr_001988,True
1989,FREIGHT_ZA_RICHARDSBAY_PARADIP_PANAMAX,2025-02-01 00:00:00,2025-02-01 18:00:00,13.6,USD_PER_MT,1,v1.0,VALID,PROXY,hash_fr_001989,True
1990,FREIGHT_BR_TUBARAO_QINGDAO_CAPE,2025-02-01 00:00:00,2025-02-01 18:00:00,21.3,USD_PER_MT,1,v1.0,VALID,PROXY,hash_fr_001990,True
1991,FREIGHT_AU_HEDLAND_PARADIP_CAPE,2025-02-02 00:00:00,2025-02-02 18:00:00,11.41,USD_PER_MT,1,v1.0,VALID,PROXY,hash_fr_001991,True
1992,FREIGHT_AU_NEWCASTLE_PARADIP_PANAMAX,2025-02-02 00:00:00,2025-02-02 18:00:00,14.54,USD_PER_MT,1,v1.0,VALID,PROXY,hash_fr_001992,True
1993,FREIGHT_ID_SAMARINDA_PARADIP_SUPRA,2025-02-02 00:00:00,2025-02-02 18:00:00,8.94,USD_PER_MT,1,v1.0,VALID,PROXY,hash_fr_001993,True
1994,FREIGHT_ZA_RICHARDSBAY_PARADIP_PANAMAX,2025-02-02 00:00:00,2025-02-02 18:00:00,13.16,USD_PER_MT,1,v1.0,VALID,PROXY,hash_fr_001994,True
1995,FREIGHT_BR_TUBARAO_QINGDAO_CAPE,2025-02-02 00:00:00,2025-02-02 18:00:00,20.82,USD_PER_MT,1,v1.0,VALID,PROXY,hash_fr_001995,True
1996,FREIGHT_AU_HEDLAND_PARADIP_CAPE,2025-02-03 00:00:00,2025-02-03 18:00:00,10.74,USD_PER_MT,1,v1.0,VALID,PROXY,hash_fr_001996,True
1997,FREIGHT_AU_NEWCASTLE_PARADIP_PANAMAX,2025-02-03 00:00:00,2025-02-03 18:00:00,14.54,USD_PER_MT,1,v1.0,VALID,PROXY,hash_fr_001997,True
1998,FREIGHT_ID_SAMARINDA_PARADIP_SUPRA,2025-02-03 00:00:00,2025-02-03 18:00:00,8.66,USD_PER_MT,1,v1.0,VALID,PROXY,hash_fr_001998,True
1999,FREIGHT_ZA_RICHARDSBAY_PARADIP_PANAMAX,2025-02-03 00:00:00,2025-02-03 18:00:00,12.45,USD_PER_MT,1,v1.0,VALID,PROXY,hash_fr_001999,True
2000,FREIGHT_BR_TUBARAO_QINGDAO_CAPE,2025-02-03 00:00:00,2025-02-03 18:00:00,21.28,USD_PER_MT,1,v1.0,VALID,PROXY,hash_fr_002000,True
2001,FREIGHT_AU_HEDLAND_PARADIP_CAPE,2025-02-04 00:00:00,2025-02-04 18:00:00,11.33,USD_PER_MT,1,v1.0,VALID,PROXY,hash_fr_002001,True
2002,FREIGHT_AU_NEWCASTLE_PARADIP_PANAMAX,2025-02-04 00:00:00,2025-02-04 18:00:00,14.46,USD_PER_MT,1,v1.0,VALID,PROXY,hash_fr_002002,True
2003,FREIGHT_ID_SAMARINDA_PARADIP_SUPRA,2025-02-04 00:00:00,2025-02-04 18:00:00,8.85,USD_PER_MT,1,v1.0,VALID,PROXY,hash_fr_002003,True
2004,FREIGHT_ZA_RICHARDSBAY_PARADIP_PANAMAX,2025-02-04 00:00:00,2025-02-04 18:00:00,12.61,USD_PER_MT,1,v1.0,VALID,PROXY,hash_fr_002004,True
2005,FREIGHT_BR_TUBARAO_QINGDAO_CAPE,2025-02-04 00:00:00,2025-02-04 18:00:00,20.48,USD_PER_MT,1,v1.0,VALID,PROXY,hash_fr_002005,True
2006,FREIGHT_AU_HEDLAND_PARADIP_CAPE,2025-02-05 00:00:00,2025-02-05 18:00:00,11.09,USD_PER_MT,1,v1.0,VALID,PROXY,hash_fr_002006,True
2007,FREIGHT_AU_NEWCASTLE_PARADIP_PANAMAX,2025-02-05 00:00:00,2025-02-05 18:00:00,14.53,USD_PER_MT,1,v1.0,VALID,PROXY,hash_fr_002007,True
2008,FREIGHT_ID_SAMARINDA_PARADIP_SUPRA,2025-02-05 00:00:00,2025-02-05 18:00:00,8.97,USD_PER_MT,1,v1.0,VALID,PROXY,hash_fr_002008,True
2009,FREIGHT_ZA_RICHARDSBAY_PARADIP_PANAMAX,2025-02-05 00:00:00,2025-02-05 18:00:00,13.17,USD_PER_MT,1,v1.0,VALID,PROXY,hash_fr_002009,True
2010,FREIGHT_BR_TUBARAO_QINGDAO_CAPE,2025-02-05 00:00:00,2025-02-05 18:00:00,21.28,USD_PER_MT,1,v1.0,VALID,PROXY,hash_fr_002010,True
2011,FREIGHT_AU_HEDLAND_PARADIP_CAPE,2025-02-06 00:00:00,2025-02-06 18:00:00,11.61,USD_PER_MT,1,v1.0,VALID,PROXY,hash_fr_002011,True
2012,FREIGHT_AU_NEWCASTLE_PARADIP_PANAMAX,2025-02-06 00:00:00,2025-02-06 18:00:00,14.0,USD_PER_MT,1,v1.0,VALID,PROXY,hash_fr_002012,True
2013,FREIGHT_ID_SAMARINDA_PARADIP_SUPRA,2025-02-06 00:00:00,2025-02-06 18:00:00,9.16,USD_PER_MT,1,v1.0,VALID,PROXY,hash_fr_002013,True
2014,FREIGHT_ZA_RICHARDSBAY_PARADIP_PANAMAX,2025-02-06 00:00:00,2025-02-06 18:00:00,12.78,USD_PER_MT,1,v1.0,VALID,PROXY,hash_fr_002014,True
2015,FREIGHT_BR_TUBARAO_QINGDAO_CAPE,2025-02-06 00:00:00,2025-02-06 18:00:00,20.92,USD_PER_MT,1,v1.0,VALID,PROXY,hash_fr_002015,True
2016,FREIGHT_AU_HEDLAND_PARADIP_CAPE,2025-02-07 00:00:00,2025-02-07 18:00:00,11.29,USD_PER_MT,1,v1.0,VALID,PROXY,hash_fr_002016,True
2017,FREIGHT_AU_NEWCASTLE_PARADIP_PANAMAX,2025-02-07 00:00:00,2025-02-07 18:00:00,14.29,USD_PER_MT,1,v1.0,VALID,PROXY,hash_fr_002017,True
2018,FREIGHT_ID_SAMARINDA_PARADIP_SUPRA,2025-02-07 00:00:00,2025-02-07 18:00:00,8.87,USD_PER_MT,1,v1.0,VALID,PROXY,hash_fr_002018,True
2019,FREIGHT_ZA_RICHARDSBAY_PARADIP_PANAMAX,2025-02-07 00:00:00,2025-02-07 18:00:00,12.98,USD_PER_MT,1,v1.0,VALID,PROXY,hash_fr_002019,True
2020,FREIGHT_BR_TUBARAO_QINGDAO_CAPE,2025-02-07 00:00:00,2025-02-07 18:00:00,20.88,USD_PER_MT,1,v1.0,VALID,PROXY,hash_fr_002020,True
2021,FREIGHT_AU_HEDLAND_PARADIP_CAPE,2025-02-08 00:00:00,2025-02-08 18:00:00,11.46,USD_PER_MT,1,v1.0,VALID,PROXY,hash_fr_002021,True
2022,FREIGHT_AU_NEWCASTLE_PARADIP_PANAMAX,2025-02-08 00:00:00,2025-02-08 18:00:00,14.21,USD_PER_MT,1,v1.0,VALID,PROXY,hash_fr_002022,True
2023,FREIGHT_ID_SAMARINDA_PARADIP_SUPRA,2025-02-08 00:00:00,2025-02-08 18:00:00,8.94,USD_PER_MT,1,v1.0,VALID,PROXY,hash_fr_002023,True
2024,FREIGHT_ZA_RICHARDSBAY_PARADIP_PANAMAX,2025-02-08 00:00:00,2025-02-08 18:00:00,12.81,USD_PER_MT,1,v1.0,VALID,PROXY,hash_fr_002024,True
2025,FREIGHT_BR_TUBARAO_QINGDAO_CAPE,2025-02-08 00:00:00,2025-02-08 18:00:00,20.95,USD_PER_MT,1,v1.0,VALID,PROXY,hash_fr_002025,True
2026,FREIGHT_AU_HEDLAND_PARADIP_CAPE,2025-02-09 00:00:00,2025-02-09 18:00:00,11.09,USD_PER_MT,1,v1.0,VALID,PROXY,hash_fr_002026,True
2027,FREIGHT_AU_NEWCASTLE_PARADIP_PANAMAX,2025-02-09 00:00:00,2025-02-09 18:00:00,14.73,USD_PER_MT,1,v1.0,VALID,PROXY,hash_fr_002027,True
2028,FREIGHT_ID_SAMARINDA_PARADIP_SUPRA,2025-02-09 00:00:00,2025-02-09 18:00:00,8.89,USD_PER_MT,1,v1.0,VALID,PROXY,hash_fr_002028,True
2029,FREIGHT_ZA_RICHARDSBAY_PARADIP_PANAMAX,2025-02-09 00:00:00,2025-02-09 18:00:00,12.96,USD_PER_MT,1,v1.0,VALID,PROXY,hash_fr_002029,True
2030,FREIGHT_BR_TUBARAO_QINGDAO_CAPE,2025-02-09 00:00:00,2025-02-09 18:00:00,20.4,USD_PER_MT,1,v1.0,VALID,PROXY,hash_fr_002030,True
2031,FREIGHT_AU_HEDLAND_PARADIP_CAPE,2025-02-10 00:00:00,2025-02-10 18:00:00,11.48,USD_PER_MT,1,v1.0,VALID,PROXY,hash_fr_002031,True
2032,FREIGHT_AU_NEWCASTLE_PARADIP_PANAMAX,2025-02-10 00:00:00,2025-02-10 18:00:00,15.11,USD_PER_MT,1,v1.0,VALID,PROXY,hash_fr_002032,True
2033,FREIGHT_ID_SAMARINDA_PARADIP_SUPRA,2025-02-10 00:00:00,2025-02-10 18:00:00,9.08,USD_PER_MT,1,v1.0,VALID,PROXY,hash_fr_002033,True
2034,FREIGHT_ZA_RICHARDSBAY_PARADIP_PANAMAX,2025-02-10 00:00:00,2025-02-10 18:00:00,13.36,USD_PER_MT,1,v1.0,VALID,PROXY,hash_fr_002034,True
2035,FREIGHT_BR_TUBARAO_QINGDAO_CAPE,2025-02-10 00:00:00,2025-02-10 18:00:00,20.94,USD_PER_MT,1,v1.0,VALID,PROXY,hash_fr_002035,True
2036,FREIGHT_AU_HEDLAND_PARADIP_CAPE,2025-02-11 00:00:00,2025-02-11 18:00:00,11.76,USD_PER_MT,1,v1.0,VALID,PROXY,hash_fr_002036,True
2037,FREIGHT_AU_NEWCASTLE_PARADIP_PANAMAX,2025-02-11 00:00:00,2025-02-11 18:00:00,14.62,USD_PER_MT,1,v1.0,VALID,PROXY,hash_fr_002037,True
2038,FREIGHT_ID_SAMARINDA_PARADIP_SUPRA,2025-02-11 00:00:00,2025-02-11 18:00:00,9.88,USD_PER_MT,1,v1.0,VALID,PROXY,hash_fr_002038,True
2039,FREIGHT_ZA_RICHARDSBAY_PARADIP_PANAMAX,2025-02-11 00:00:00,2025-02-11 18:00:00,12.46,USD_PER_MT,1,v1.0,VALID,PROXY,hash_fr_002039,True
2040,FREIGHT_BR_TUBARAO_QINGDAO_CAPE,2025-02-11 00:00:00,2025-02-11 18:00:00,20.74,USD_PER_MT,1,v1.0,VALID,PROXY,hash_fr_002040,True
2041,FREIGHT_AU_HEDLAND_PARADIP_CAPE,2025-02-12 00:00:00,2025-02-12 18:00:00,12.17,USD_PER_MT,1,v1.0,VALID,PROXY,hash_fr_002041,True
2042,FREIGHT_AU_NEWCASTLE_PARADIP_PANAMAX,2025-02-12 00:00:00,2025-02-12 18:00:00,14.97,USD_PER_MT,1,v1.0,VALID,PROXY,hash_fr_002042,True
2043,FREIGHT_ID_SAMARINDA_PARADIP_SUPRA,2025-02-12 00:00:00,2025-02-12 18:00:00,9.53,USD_PER_MT,1,v1.0,VALID,PROXY,hash_fr_002043,True
2044,FREIGHT_ZA_RICHARDSBAY_PARADIP_PANAMAX,2025-02-12 00:00:00,2025-02-12 18:00:00,13.48,USD_PER_MT,1,v1.0,VALID,PROXY,hash_fr_002044,True
2045,FREIGHT_BR_TUBARAO_QINGDAO_CAPE,2025-02-12 00:00:00,2025-02-12 18:00:00,20.37,USD_PER_MT,1,v1.0,VALID,PROXY,hash_fr_002045,True
2046,FREIGHT_AU_HEDLAND_PARADIP_CAPE,2025-02-13 00:00:00,2025-02-13 18:00:00,11.7,USD_PER_MT,1,v1.0,VALID,PROXY,hash_fr_002046,True
2047,FREIGHT_AU_NEWCASTLE_PARADIP_PANAMAX,2025-02-13 00:00:00,2025-02-13 18:00:00,14.25,USD_PER_MT,1,v1.0,VALID,PROXY,hash_fr_002047,True
2048,FREIGHT_ID_SAMARINDA_PARADIP_SUPRA,2025-02-13 00:00:00,2025-02-13 18:00:00,9.26,USD_PER_MT,1,v1.0,VALID,PROXY,hash_fr_002048,True
2049,FREIGHT_ZA_RICHARDSBAY_PARADIP_PANAMAX,2025-02-13 00:00:00,2025-02-13 18:00:00,13.47,USD_PER_MT,1,v1.0,VALID,PROXY,hash_fr_002049,True
2050,FREIGHT_BR_TUBARAO_QINGDAO_CAPE,2025-02-13 00:00:00,2025-02-13 18:00:00,21.39,USD_PER_MT,1,v1.0,VALID,PROXY,hash_fr_002050,True
2051,FREIGHT_AU_HEDLAND_PARADIP_CAPE,2025-02-14 00:00:00,2025-02-14 18:00:00,11.71,USD_PER_MT,1,v1.0,VALID,PROXY,hash_fr_002051,True
2052,FREIGHT_AU_NEWCASTLE_PARADIP_PANAMAX,2025-02-14 00:00:00,2025-02-14 18:00:00,15.14,USD_PER_MT,1,v1.0,VALID,PROXY,hash_fr_002052,True
2053,FREIGHT_ID_SAMARINDA_PARADIP_SUPRA,2025-02-14 00:00:00,2025-02-14 18:00:00,9.43,USD_PER_MT,1,v1.0,VALID,PROXY,hash_fr_002053,True
2054,FREIGHT_ZA_RICHARDSBAY_PARADIP_PANAMAX,2025-02-14 00:00:00,2025-02-14 18:00:00,13.06,USD_PER_MT,1,v1.0,VALID,PROXY,hash_fr_002054,True
2055,FREIGHT_BR_TUBARAO_QINGDAO_CAPE,2025-02-14 00:00:00,2025-02-14 18:00:00,22.27,USD_PER_MT,1,v1.0,VALID,PROXY,hash_fr_002055,True
2056,FREIGHT_AU_HEDLAND_PARADIP_CAPE,2025-02-15 00:00:00,2025-02-15 18:00:00,11.53,USD_PER_MT,1,v1.0,VALID,PROXY,hash_fr_002056,True
2057,FREIGHT_AU_NEWCASTLE_PARADIP_PANAMAX,2025-02-15 00:00:00,2025-02-15 18:00:00,14.82,USD_PER_MT,1,v1.0,VALID,PROXY,hash_fr_002057,True
2058,FREIGHT_ID_SAMARINDA_PARADIP_SUPRA,2025-02-15 00:00:00,2025-02-15 18:00:00,9.87,USD_PER_MT,1,v1.0,VALID,PROXY,hash_fr_002058,True
2059,FREIGHT_ZA_RICHARDSBAY_PARADIP_PANAMAX,2025-02-15 00:00:00,2025-02-15 18:00:00,13.32,USD_PER_MT,1,v1.0,VALID,PROXY,hash_fr_002059,True
2060,FREIGHT_BR_TUBARAO_QINGDAO_CAPE,2025-02-15 00:00:00,2025-02-15 18:00:00,22.41,USD_PER_MT,1,v1.0,VALID,PROXY,hash_fr_002060,True
2061,FREIGHT_AU_HEDLAND_PARADIP_CAPE,2025-02-16 00:00:00,2025-02-16 18:00:00,12.54,USD_PER_MT,1,v1.0,VALID,PROXY,hash_fr_002061,True
2062,FREIGHT_AU_NEWCASTLE_PARADIP_PANAMAX,2025-02-16 00:00:00,2025-02-16 18:00:00,15.65,USD_PER_MT,1,v1.0,VALID,PROXY,hash_fr_002062,True
2063,FREIGHT_ID_SAMARINDA_PARADIP_SUPRA,2025-02-16 00:00:00,2025-02-16 18:00:00,9.57,USD_PER_MT,1,v1.0,VALID,PROXY,hash_fr_002063,True
2064,FREIGHT_ZA_RICHARDSBAY_PARADIP_PANAMAX,2025-02-16 00:00:00,2025-02-16 18:00:00,13.78,USD_PER_MT,1,v1.0,VALID,PROXY,hash_fr_002064,True
2065,FREIGHT_BR_TUBARAO_QINGDAO_CAPE,2025-02-16 00:00:00,2025-02-16 18:00:00,21.08,USD_PER_MT,1,v1.0,VALID,PROXY,hash_fr_002065,True
2066,FREIGHT_AU_HEDLAND_PARADIP_CAPE,2025-02-17 00:00:00,2025-02-17 18:00:00,12.29,USD_PER_MT,1,v1.0,VALID,PROXY,hash_fr_002066,True
2067,FREIGHT_AU_NEWCASTLE_PARADIP_PANAMAX,2025-02-17 00:00:00,2025-02-17 18:00:00,15.96,USD_PER_MT,1,v1.0,VALID,PROXY,hash_fr_002067,True
2068,FREIGHT_ID_SAMARINDA_PARADIP_SUPRA,2025-02-17 00:00:00,2025-02-17 18:00:00,9.57,USD_PER_MT,1,v1.0,VALID,PROXY,hash_fr_002068,True
2069,FREIGHT_ZA_RICHARDSBAY_PARADIP_PANAMAX,2025-02-17 00:00:00,2025-02-17 18:00:00,14.06,USD_PER_MT,1,v1.0,VALID,PROXY,hash_fr_002069,True
2070,FREIGHT_BR_TUBARAO_QINGDAO_CAPE,2025-02-17 00:00:00,2025-02-17 18:00:00,22.53,USD_PER_MT,1,v1.0,VALID,PROXY,hash_fr_002070,True
2071,FREIGHT_AU_HEDLAND_PARADIP_CAPE,2025-02-18 00:00:00,2025-02-18 18:00:00,12.68,USD_PER_MT,1,v1.0,VALID,PROXY,hash_fr_002071,True
2072,FREIGHT_AU_NEWCASTLE_PARADIP_PANAMAX,2025-02-18 00:00:00,2025-02-18 18:00:00,16.22,USD_PER_MT,1,v1.0,VALID,PROXY,hash_fr_002072,True
2073,FREIGHT_ID_SAMARINDA_PARADIP_SUPRA,2025-02-18 00:00:00,2025-02-18 18:00:00,9.69,USD_PER_MT,1,v1.0,VALID,PROXY,hash_fr_002073,True
2074,FREIGHT_ZA_RICHARDSBAY_PARADIP_PANAMAX,2025-02-18 00:00:00,2025-02-18 18:00:00,14.01,USD_PER_MT,1,v1.0,VALID,PROXY,hash_fr_002074,True
2075,FREIGHT_BR_TUBARAO_QINGDAO_CAPE,2025-02-18 00:00:00,2025-02-18 18:00:00,22.22,USD_PER_MT,1,v1.0,VALID,PROXY,hash_fr_002075,True
2076,FREIGHT_AU_HEDLAND_PARADIP_CAPE,2025-02-19 00:00:00,2025-02-19 18:00:00,12.36,USD_PER_MT,1,v1.0,VALID,PROXY,hash_fr_002076,True
2077,FREIGHT_AU_NEWCASTLE_PARADIP_PANAMAX,2025-02-19 00:00:00,2025-02-19 18:00:00,15.1,USD_PER_MT,1,v1.0,VALID,PROXY,hash_fr_002077,True
2078,FREIGHT_ID_SAMARINDA_PARADIP_SUPRA,2025-02-19 00:00:00,2025-02-19 18:00:00,10.22,USD_PER_MT,1,v1.0,VALID,PROXY,hash_fr_002078,True
2079,FREIGHT_ZA_RICHARDSBAY_PARADIP_PANAMAX,2025-02-19 00:00:00,2025-02-19 18:00:00,13.79,USD_PER_MT,1,v1.0,VALID,PROXY,hash_fr_002079,True
2080,FREIGHT_BR_TUBARAO_QINGDAO_CAPE,2025-02-19 00:00:00,2025-02-19 18:00:00,21.59,USD_PER_MT,1,v1.0,VALID,PROXY,hash_fr_002080,True
2081,FREIGHT_AU_HEDLAND_PARADIP_CAPE,2025-02-20 00:00:00,2025-02-20 18:00:00,12.69,USD_PER_MT,1,v1.0,VALID,PROXY,hash_fr_002081,True
2082,FREIGHT_AU_NEWCASTLE_PARADIP_PANAMAX,2025-02-20 00:00:00,2025-02-20 18:00:00,16.77,USD_PER_MT,1,v1.0,VALID,PROXY,hash_fr_002082,True
2083,FREIGHT_ID_SAMARINDA_PARADIP_SUPRA,2025-02-20 00:00:00,2025-02-20 18:00:00,9.89,USD_PER_MT,1,v1.0,VALID,PROXY,hash_fr_002083,True
2084,FREIGHT_ZA_RICHARDSBAY_PARADIP_PANAMAX,2025-02-20 00:00:00,2025-02-20 18:00:00,14.65,USD_PER_MT,1,v1.0,VALID,PROXY,hash_fr_002084,True
2085,FREIGHT_BR_TUBARAO_QINGDAO_CAPE,2025-02-20 00:00:00,2025-02-20 18:00:00,22.95,USD_PER_MT,1,v1.0,VALID,PROXY,hash_fr_002085,True
2086,FREIGHT_AU_HEDLAND_PARADIP_CAPE,2025-02-21 00:00:00,2025-02-21 18:00:00,12.57,USD_PER_MT,1,v1.0,VALID,PROXY,hash_fr_002086,True
2087,FREIGHT_AU_NEWCASTLE_PARADIP_PANAMAX,2025-02-21 00:00:00,2025-02-21 18:00:00,16.67,USD_PER_MT,1,v1.0,VALID,PROXY,hash_fr_002087,True
2088,FREIGHT_ID_SAMARINDA_PARADIP_SUPRA,2025-02-21 00:00:00,2025-02-21 18:00:00,10.09,USD_PER_MT,1,v1.0,VALID,PROXY,hash_fr_002088,True
2089,FREIGHT_ZA_RICHARDSBAY_PARADIP_PANAMAX,2025-02-21 00:00:00,2025-02-21 18:00:00,14.34,USD_PER_MT,1,v1.0,VALID,PROXY,hash_fr_002089,True
2090,FREIGHT_BR_TUBARAO_QINGDAO_CAPE,2025-02-21 00:00:00,2025-02-21 18:00:00,23.04,USD_PER_MT,1,v1.0,VALID,PROXY,hash_fr_002090,True
2091,FREIGHT_AU_HEDLAND_PARADIP_CAPE,2025-02-22 00:00:00,2025-02-22 18:00:00,12.85,USD_PER_MT,1,v1.0,VALID,PROXY,hash_fr_002091,True
2092,FREIGHT_AU_NEWCASTLE_PARADIP_PANAMAX,2025-02-22 00:00:00,2025-02-22 18:00:00,17.1,USD_PER_MT,1,v1.0,VALID,PROXY,hash_fr_002092,True
2093,FREIGHT_ID_SAMARINDA_PARADIP_SUPRA,2025-02-22 00:00:00,2025-02-22 18:00:00,9.93,USD_PER_MT,1,v1.0,VALID,PROXY,hash_fr_002093,True
2094,FREIGHT_ZA_RICHARDSBAY_PARADIP_PANAMAX,2025-02-22 00:00:00,2025-02-22 18:00:00,14.73,USD_PER_MT,1,v1.0,VALID,PROXY,hash_fr_002094,True
2095,FREIGHT_BR_TUBARAO_QINGDAO_CAPE,2025-02-22 00:00:00,2025-02-22 18:00:00,23.25,USD_PER_MT,1,v1.0,VALID,PROXY,hash_fr_002095,True
2096,FREIGHT_AU_HEDLAND_PARADIP_CAPE,2025-02-23 00:00:00,2025-02-23 18:00:00,13.39,USD_PER_MT,1,v1.0,VALID,PROXY,hash_fr_002096,True
2097,FREIGHT_AU_NEWCASTLE_PARADIP_PANAMAX,2025-02-23 00:00:00,2025-02-23 18:00:00,17.31,USD_PER_MT,1,v1.0,VALID,PROXY,hash_fr_002097,True
2098,FREIGHT_ID_SAMARINDA_PARADIP_SUPRA,2025-02-23 00:00:00,2025-02-23 18:00:00,10.42,USD_PER_MT,1,v1.0,VALID,PROXY,hash_fr_002098,True
2099,FREIGHT_ZA_RICHARDSBAY_PARADIP_PANAMAX,2025-02-23 00:00:00,2025-02-23 18:00:00,15.38,USD_PER_MT,1,v1.0,VALID,PROXY,hash_fr_002099,True
2100,FREIGHT_BR_TUBARAO_QINGDAO_CAPE,2025-02-23 00:00:00,2025-02-23 18:00:00,24.34,USD_PER_MT,1,v1.0,VALID,PROXY,hash_fr_002100,True
2101,FREIGHT_AU_HEDLAND_PARADIP_CAPE,2025-02-24 00:00:00,2025-02-24 18:00:00,13.22,USD_PER_MT,1,v1.0,VALID,PROXY,hash_fr_002101,True
2102,FREIGHT_AU_NEWCASTLE_PARADIP_PANAMAX,2025-02-24 00:00:00,2025-02-24 18:00:00,17.42,USD_PER_MT,1,v1.0,VALID,PROXY,hash_fr_002102,True
2103,FREIGHT_ID_SAMARINDA_PARADIP_SUPRA,2025-02-24 00:00:00,2025-02-24 18:00:00,10.68,USD_PER_MT,1,v1.0,VALID,PROXY,hash_fr_002103,True
2104,FREIGHT_ZA_RICHARDSBAY_PARADIP_PANAMAX,2025-02-24 00:00:00,2025-02-24 18:00:00,14.78,USD_PER_MT,1,v1.0,VALID,PROXY,hash_fr_002104,True
2105,FREIGHT_BR_TUBARAO_QINGDAO_CAPE,2025-02-24 00:00:00,2025-02-24 18:00:00,24.23,USD_PER_MT,1,v1.0,VALID,PROXY,hash_fr_002105,True
2106,FREIGHT_AU_HEDLAND_PARADIP_CAPE,2025-02-25 00:00:00,2025-02-25 18:00:00,13.86,USD_PER_MT,1,v1.0,VALID,PROXY,hash_fr_002106,True
2107,FREIGHT_AU_NEWCASTLE_PARADIP_PANAMAX,2025-02-25 00:00:00,2025-02-25 18:00:00,16.99,USD_PER_MT,1,v1.0,VALID,PROXY,hash_fr_002107,True
2108,FREIGHT_ID_SAMARINDA_PARADIP_SUPRA,2025-02-25 00:00:00,2025-02-25 18:00:00,10.82,USD_PER_MT,1,v1.0,VALID,PROXY,hash_fr_002108,True
2109,FREIGHT_ZA_RICHARDSBAY_PARADIP_PANAMAX,2025-02-25 00:00:00,2025-02-25 18:00:00,15.45,USD_PER_MT,1,v1.0,VALID,PROXY,hash_fr_002109,True
2110,FREIGHT_BR_TUBARAO_QINGDAO_CAPE,2025-02-25 00:00:00,2025-02-25 18:00:00,24.51,USD_PER_MT,1,v1.0,VALID,PROXY,hash_fr_002110,True
2111,FREIGHT_AU_HEDLAND_PARADIP_CAPE,2025-02-26 00:00:00,2025-02-26 18:00:00,13.72,USD_PER_MT,1,v1.0,VALID,PROXY,hash_fr_002111,True
2112,FREIGHT_AU_NEWCASTLE_PARADIP_PANAMAX,2025-02-26 00:00:00,2025-02-26 18:00:00,17.02,USD_PER_MT,1,v1.0,VALID,PROXY,hash_fr_002112,True
2113,FREIGHT_ID_SAMARINDA_PARADIP_SUPRA,2025-02-26 00:00:00,2025-02-26 18:00:00,11.15,USD_PER_MT,1,v1.0,VALID,PROXY,hash_fr_002113,True
2114,FREIGHT_ZA_RICHARDSBAY_PARADIP_PANAMAX,2025-02-26 00:00:00,2025-02-26 18:00:00,15.6,USD_PER_MT,1,v1.0,VALID,PROXY,hash_fr_002114,True
2115,FREIGHT_BR_TUBARAO_QINGDAO_CAPE,2025-02-26 00:00:00,2025-02-26 18:00:00,24.55,USD_PER_MT,1,v1.0,VALID,PROXY,hash_fr_002115,True
2116,FREIGHT_AU_HEDLAND_PARADIP_CAPE,2025-02-27 00:00:00,2025-02-27 18:00:00,13.78,USD_PER_MT,1,v1.0,VALID,PROXY,hash_fr_002116,True
2117,FREIGHT_AU_NEWCASTLE_PARADIP_PANAMAX,2025-02-27 00:00:00,2025-02-27 18:00:00,17.56,USD_PER_MT,1,v1.0,VALID,PROXY,hash_fr_002117,True
2118,FREIGHT_ID_SAMARINDA_PARADIP_SUPRA,2025-02-27 00:00:00,2025-02-27 18:00:00,11.34,USD_PER_MT,1,v1.0,VALID,PROXY,hash_fr_002118,True
2119,FREIGHT_ZA_RICHARDSBAY_PARADIP_PANAMAX,2025-02-27 00:00:00,2025-02-27 18:00:00,16.05,USD_PER_MT,1,v1.0,VALID,PROXY,hash_fr_002119,True
2120,FREIGHT_BR_TUBARAO_QINGDAO_CAPE,2025-02-27 00:00:00,2025-02-27 18:00:00,25.68,USD_PER_MT,1,v1.0,VALID,PROXY,hash_fr_002120,True
2121,FREIGHT_AU_HEDLAND_PARADIP_CAPE,2025-02-28 00:00:00,2025-02-28 18:00:00,13.82,USD_PER_MT,1,v1.0,VALID,PROXY,hash_fr_002121,True
2122,FREIGHT_AU_NEWCASTLE_PARADIP_PANAMAX,2025-02-28 00:00:00,2025-02-28 18:00:00,18.08,USD_PER_MT,1,v1.0,VALID,PROXY,hash_fr_002122,True
2123,FREIGHT_ID_SAMARINDA_PARADIP_SUPRA,2025-02-28 00:00:00,2025-02-28 18:00:00,11.31,USD_PER_MT,1,v1.0,VALID,PROXY,hash_fr_002123,True
2124,FREIGHT_ZA_RICHARDSBAY_PARADIP_PANAMAX,2025-02-28 00:00:00,2025-02-28 18:00:00,16.08,USD_PER_MT,1,v1.0,VALID,PROXY,hash_fr_002124,True
2125,FREIGHT_BR_TUBARAO_QINGDAO_CAPE,2025-02-28 00:00:00,2025-02-28 18:00:00,25.81,USD_PER_MT,1,v1.0,VALID,PROXY,hash_fr_002125,True
2126,FREIGHT_AU_HEDLAND_PARADIP_CAPE,2025-03-01 00:00:00,2025-03-01 18:00:00,13.99,USD_PER_MT,1,v1.0,VALID,PROXY,hash_fr_002126,True
2127,FREIGHT_AU_NEWCASTLE_PARADIP_PANAMAX,2025-03-01 00:00:00,2025-03-01 18:00:00,18.19,USD_PER_MT,1,v1.0,VALID,PROXY,hash_fr_002127,True
2128,FREIGHT_ID_SAMARINDA_PARADIP_SUPRA,2025-03-01 00:00:00,2025-03-01 18:00:00,11.3,USD_PER_MT,1,v1.0,VALID,PROXY,hash_fr_002128,True
2129,FREIGHT_ZA_RICHARDSBAY_PARADIP_PANAMAX,2025-03-01 00:00:00,2025-03-01 18:00:00,16.17,USD_PER_MT,1,v1.0,VALID,PROXY,hash_fr_002129,True
2130,FREIGHT_BR_TUBARAO_QINGDAO_CAPE,2025-03-01 00:00:00,2025-03-01 18:00:00,25.04,USD_PER_MT,1,v1.0,VALID,PROXY,hash_fr_002130,True
2131,FREIGHT_AU_HEDLAND_PARADIP_CAPE,2025-03-02 00:00:00,2025-03-02 18:00:00,14.31,USD_PER_MT,1,v1.0,VALID,PROXY,hash_fr_002131,True
2132,FREIGHT_AU_NEWCASTLE_PARADIP_PANAMAX,2025-03-02 00:00:00,2025-03-02 18:00:00,18.24,USD_PER_MT,1,v1.0,VALID,PROXY,hash_fr_002132,True
2133,FREIGHT_ID_SAMARINDA_PARADIP_SUPRA,2025-03-02 00:00:00,2025-03-02 18:00:00,11.63,USD_PER_MT,1,v1.0,VALID,PROXY,hash_fr_002133,True
2134,FREIGHT_ZA_RICHARDSBAY_PARADIP_PANAMAX,2025-03-02 00:00:00,2025-03-02 18:00:00,16.1,USD_PER_MT,1,v1.0,VALID,PROXY,hash_fr_002134,True
2135,FREIGHT_BR_TUBARAO_QINGDAO_CAPE,2025-03-02 00:00:00,2025-03-02 18:00:00,25.76,USD_PER_MT,1,v1.0,VALID,PROXY,hash_fr_002135,True
2136,FREIGHT_AU_HEDLAND_PARADIP_CAPE,2025-03-03 00:00:00,2025-03-03 18:00:00,14.25,USD_PER_MT,1,v1.0,VALID,PROXY,hash_fr_002136,True
2137,FREIGHT_AU_NEWCASTLE_PARADIP_PANAMAX,2025-03-03 00:00:00,2025-03-03 18:00:00,18.92,USD_PER_MT,1,v1.0,VALID,PROXY,hash_fr_002137,True
2138,FREIGHT_ID_SAMARINDA_PARADIP_SUPRA,2025-03-03 00:00:00,2025-03-03 18:00:00,11.47,USD_PER_MT,1,v1.0,VALID,PROXY,hash_fr_002138,True
2139,FREIGHT_ZA_RICHARDSBAY_PARADIP_PANAMAX,2025-03-03 00:00:00,2025-03-03 18:00:00,16.18,USD_PER_MT,1,v1.0,VALID,PROXY,hash_fr_002139,True
2140,FREIGHT_BR_TUBARAO_QINGDAO_CAPE,2025-03-03 00:00:00,2025-03-03 18:00:00,25.66,USD_PER_MT,1,v1.0,VALID,PROXY,hash_fr_002140,True
2141,FREIGHT_AU_HEDLAND_PARADIP_CAPE,2025-03-04 00:00:00,2025-03-04 18:00:00,15.02,USD_PER_MT,1,v1.0,VALID,PROXY,hash_fr_002141,True
2142,FREIGHT_AU_NEWCASTLE_PARADIP_PANAMAX,2025-03-04 00:00:00,2025-03-04 18:00:00,18.78,USD_PER_MT,1,v1.0,VALID,PROXY,hash_fr_002142,True
2143,FREIGHT_ID_SAMARINDA_PARADIP_SUPRA,2025-03-04 00:00:00,2025-03-04 18:00:00,11.67,USD_PER_MT,1,v1.0,VALID,PROXY,hash_fr_002143,True
2144,FREIGHT_ZA_RICHARDSBAY_PARADIP_PANAMAX,2025-03-04 00:00:00,2025-03-04 18:00:00,16.0,USD_PER_MT,1,v1.0,VALID,PROXY,hash_fr_002144,True
2145,FREIGHT_BR_TUBARAO_QINGDAO_CAPE,2025-03-04 00:00:00,2025-03-04 18:00:00,26.89,USD_PER_MT,1,v1.0,VALID,PROXY,hash_fr_002145,True
2146,FREIGHT_AU_HEDLAND_PARADIP_CAPE,2025-03-05 00:00:00,2025-03-05 18:00:00,14.78,USD_PER_MT,1,v1.0,VALID,PROXY,hash_fr_002146,True
2147,FREIGHT_AU_NEWCASTLE_PARADIP_PANAMAX,2025-03-05 00:00:00,2025-03-05 18:00:00,18.52,USD_PER_MT,1,v1.0,VALID,PROXY,hash_fr_002147,True
2148,FREIGHT_ID_SAMARINDA_PARADIP_SUPRA,2025-03-05 00:00:00,2025-03-05 18:00:00,11.44,USD_PER_MT,1,v1.0,VALID,PROXY,hash_fr_002148,True
2149,FREIGHT_ZA_RICHARDSBAY_PARADIP_PANAMAX,2025-03-05 00:00:00,2025-03-05 18:00:00,16.87,USD_PER_MT,1,v1.0,VALID,PROXY,hash_fr_002149,True
2150,FREIGHT_BR_TUBARAO_QINGDAO_CAPE,2025-03-05 00:00:00,2025-03-05 18:00:00,26.8,USD_PER_MT,1,v1.0,VALID,PROXY,hash_fr_002150,True
2151,FREIGHT_AU_HEDLAND_PARADIP_CAPE,2025-03-06 00:00:00,2025-03-06 18:00:00,14.79,USD_PER_MT,1,v1.0,VALID,PROXY,hash_fr_002151,True
2152,FREIGHT_AU_NEWCASTLE_PARADIP_PANAMAX,2025-03-06 00:00:00,2025-03-06 18:00:00,18.61,USD_PER_MT,1,v1.0,VALID,PROXY,hash_fr_002152,True
2153,FREIGHT_ID_SAMARINDA_PARADIP_SUPRA,2025-03-06 00:00:00,2025-03-06 18:00:00,12.13,USD_PER_MT,1,v1.0,VALID,PROXY,hash_fr_002153,True
2154,FREIGHT_ZA_RICHARDSBAY_PARADIP_PANAMAX,2025-03-06 00:00:00,2025-03-06 18:00:00,16.97,USD_PER_MT,1,v1.0,VALID,PROXY,hash_fr_002154,True
2155,FREIGHT_BR_TUBARAO_QINGDAO_CAPE,2025-03-06 00:00:00,2025-03-06 18:00:00,25.79,USD_PER_MT,1,v1.0,VALID,PROXY,hash_fr_002155,True
2156,FREIGHT_AU_HEDLAND_PARADIP_CAPE,2025-03-07 00:00:00,2025-03-07 18:00:00,14.88,USD_PER_MT,1,v1.0,VALID,PROXY,hash_fr_002156,True
2157,FREIGHT_AU_NEWCASTLE_PARADIP_PANAMAX,2025-03-07 00:00:00,2025-03-07 18:00:00,19.21,USD_PER_MT,1,v1.0,VALID,PROXY,hash_fr_002157,True
2158,FREIGHT_ID_SAMARINDA_PARADIP_SUPRA,2025-03-07 00:00:00,2025-03-07 18:00:00,11.96,USD_PER_MT,1,v1.0,VALID,PROXY,hash_fr_002158,True
2159,FREIGHT_ZA_RICHARDSBAY_PARADIP_PANAMAX,2025-03-07 00:00:00,2025-03-07 18:00:00,17.29,USD_PER_MT,1,v1.0,VALID,PROXY,hash_fr_002159,True
2160,FREIGHT_BR_TUBARAO_QINGDAO_CAPE,2025-03-07 00:00:00,2025-03-07 18:00:00,26.52,USD_PER_MT,1,v1.0,VALID,PROXY,hash_fr_002160,True
2161,FREIGHT_AU_HEDLAND_PARADIP_CAPE,2025-03-08 00:00:00,2025-03-08 18:00:00,14.77,USD_PER_MT,1,v1.0,VALID,PROXY,hash_fr_002161,True
2162,FREIGHT_AU_NEWCASTLE_PARADIP_PANAMAX,2025-03-08 00:00:00,2025-03-08 18:00:00,19.03,USD_PER_MT,1,v1.0,VALID,PROXY,hash_fr_002162,True
2163,FREIGHT_ID_SAMARINDA_PARADIP_SUPRA,2025-03-08 00:00:00,2025-03-08 18:00:00,11.61,USD_PER_MT,1,v1.0,VALID,PROXY,hash_fr_002163,True
2164,FREIGHT_ZA_RICHARDSBAY_PARADIP_PANAMAX,2025-03-08 00:00:00,2025-03-08 18:00:00,16.7,USD_PER_MT,1,v1.0,VALID,PROXY,hash_fr_002164,True
2165,FREIGHT_BR_TUBARAO_QINGDAO_CAPE,2025-03-08 00:00:00,2025-03-08 18:00:00,27.18,USD_PER_MT,1,v1.0,VALID,PROXY,hash_fr_002165,True
2166,FREIGHT_AU_HEDLAND_PARADIP_CAPE,2025-03-09 00:00:00,2025-03-09 18:00:00,15.0,USD_PER_MT,1,v1.0,VALID,PROXY,hash_fr_002166,True
2167,FREIGHT_AU_NEWCASTLE_PARADIP_PANAMAX,2025-03-09 00:00:00,2025-03-09 18:00:00,18.66,USD_PER_MT,1,v1.0,VALID,PROXY,hash_fr_002167,True
2168,FREIGHT_ID_SAMARINDA_PARADIP_SUPRA,2025-03-09 00:00:00,2025-03-09 18:00:00,11.86,USD_PER_MT,1,v1.0,VALID,PROXY,hash_fr_002168,True
2169,FREIGHT_ZA_RICHARDSBAY_PARADIP_PANAMAX,2025-03-09 00:00:00,2025-03-09 18:00:00,16.53,USD_PER_MT,1,v1.0,VALID,PROXY,hash_fr_002169,True
2170,FREIGHT_BR_TUBARAO_QINGDAO_CAPE,2025-03-09 00:00:00,2025-03-09 18:00:00,27.61,USD_PER_MT,1,v1.0,VALID,PROXY,hash_fr_002170,True
2171,FREIGHT_AU_HEDLAND_PARADIP_CAPE,2025-03-10 00:00:00,2025-03-10 18:00:00,15.67,USD_PER_MT,1,v1.0,VALID,PROXY,hash_fr_002171,True
2172,FREIGHT_AU_NEWCASTLE_PARADIP_PANAMAX,2025-03-10 00:00:00,2025-03-10 18:00:00,18.73,USD_PER_MT,1,v1.0,VALID,PROXY,hash_fr_002172,True
2173,FREIGHT_ID_SAMARINDA_PARADIP_SUPRA,2025-03-10 00:00:00,2025-03-10 18:00:00,12.35,USD_PER_MT,1,v1.0,VALID,PROXY,hash_fr_002173,True
2174,FREIGHT_ZA_RICHARDSBAY_PARADIP_PANAMAX,2025-03-10 00:00:00,2025-03-10 18:00:00,17.28,USD_PER_MT,1,v1.0,VALID,PROXY,hash_fr_002174,True
2175,FREIGHT_BR_TUBARAO_QINGDAO_CAPE,2025-03-10 00:00:00,2025-03-10 18:00:00,27.84,USD_PER_MT,1,v1.0,VALID,PROXY,hash_fr_002175,True
2176,FREIGHT_AU_HEDLAND_PARADIP_CAPE,2025-03-11 00:00:00,2025-03-11 18:00:00,14.66,USD_PER_MT,1,v1.0,VALID,PROXY,hash_fr_002176,True
2177,FREIGHT_AU_NEWCASTLE_PARADIP_PANAMAX,2025-03-11 00:00:00,2025-03-11 18:00:00,18.94,USD_PER_MT,1,v1.0,VALID,PROXY,hash_fr_002177,True
2178,FREIGHT_ID_SAMARINDA_PARADIP_SUPRA,2025-03-11 00:00:00,2025-03-11 18:00:00,12.22,USD_PER_MT,1,v1.0,VALID,PROXY,hash_fr_002178,True
2179,FREIGHT_ZA_RICHARDSBAY_PARADIP_PANAMAX,2025-03-11 00:00:00,2025-03-11 18:00:00,16.89,USD_PER_MT,1,v1.0,VALID,PROXY,hash_fr_002179,True
2180,FREIGHT_BR_TUBARAO_QINGDAO_CAPE,2025-03-11 00:00:00,2025-03-11 18:00:00,28.11,USD_PER_MT,1,v1.0,VALID,PROXY,hash_fr_002180,True
2181,FREIGHT_AU_HEDLAND_PARADIP_CAPE,2025-03-12 00:00:00,2025-03-12 18:00:00,15.08,USD_PER_MT,1,v1.0,VALID,PROXY,hash_fr_002181,True
2182,FREIGHT_AU_NEWCASTLE_PARADIP_PANAMAX,2025-03-12 00:00:00,2025-03-12 18:00:00,20.0,USD_PER_MT,1,v1.0,VALID,PROXY,hash_fr_002182,True
2183,FREIGHT_ID_SAMARINDA_PARADIP_SUPRA,2025-03-12 00:00:00,2025-03-12 18:00:00,11.87,USD_PER_MT,1,v1.0,VALID,PROXY,hash_fr_002183,True
2184,FREIGHT_ZA_RICHARDSBAY_PARADIP_PANAMAX,2025-03-12 00:00:00,2025-03-12 18:00:00,17.48,USD_PER_MT,1,v1.0,VALID,PROXY,hash_fr_002184,True
2185,FREIGHT_BR_TUBARAO_QINGDAO_CAPE,2025-03-12 00:00:00,2025-03-12 18:00:00,27.21,USD_PER_MT,1,v1.0,VALID,PROXY,hash_fr_002185,True
2186,FREIGHT_AU_HEDLAND_PARADIP_CAPE,2025-03-13 00:00:00,2025-03-13 18:00:00,15.42,USD_PER_MT,1,v1.0,VALID,PROXY,hash_fr_002186,True
2187,FREIGHT_AU_NEWCASTLE_PARADIP_PANAMAX,2025-03-13 00:00:00,2025-03-13 18:00:00,19.41,USD_PER_MT,1,v1.0,VALID,PROXY,hash_fr_002187,True
2188,FREIGHT_ID_SAMARINDA_PARADIP_SUPRA,2025-03-13 00:00:00,2025-03-13 18:00:00,12.3,USD_PER_MT,1,v1.0,VALID,PROXY,hash_fr_002188,True
2189,FREIGHT_ZA_RICHARDSBAY_PARADIP_PANAMAX,2025-03-13 00:00:00,2025-03-13 18:00:00,17.03,USD_PER_MT,1,v1.0,VALID,PROXY,hash_fr_002189,True
2190,FREIGHT_BR_TUBARAO_QINGDAO_CAPE,2025-03-13 00:00:00,2025-03-13 18:00:00,27.01,USD_PER_MT,1,v1.0,VALID,PROXY,hash_fr_002190,True
2191,FREIGHT_AU_HEDLAND_PARADIP_CAPE,2025-03-14 00:00:00,2025-03-14 18:00:00,15.11,USD_PER_MT,1,v1.0,VALID,PROXY,hash_fr_002191,True
2192,FREIGHT_AU_NEWCASTLE_PARADIP_PANAMAX,2025-03-14 00:00:00,2025-03-14 18:00:00,19.56,USD_PER_MT,1,v1.0,VALID,PROXY,hash_fr_002192,True
2193,FREIGHT_ID_SAMARINDA_PARADIP_SUPRA,2025-03-14 00:00:00,2025-03-14 18:00:00,11.85,USD_PER_MT,1,v1.0,VALID,PROXY,hash_fr_002193,True
2194,FREIGHT_ZA_RICHARDSBAY_PARADIP_PANAMAX,2025-03-14 00:00:00,2025-03-14 18:00:00,17.71,USD_PER_MT,1,v1.0,VALID,PROXY,hash_fr_002194,True
2195,FREIGHT_BR_TUBARAO_QINGDAO_CAPE,2025-03-14 00:00:00,2025-03-14 18:00:00,26.76,USD_PER_MT,1,v1.0,VALID,PROXY,hash_fr_002195,True
2196,FREIGHT_AU_HEDLAND_PARADIP_CAPE,2025-03-15 00:00:00,2025-03-15 18:00:00,14.91,USD_PER_MT,1,v1.0,VALID,PROXY,hash_fr_002196,True
2197,FREIGHT_AU_NEWCASTLE_PARADIP_PANAMAX,2025-03-15 00:00:00,2025-03-15 18:00:00,19.27,USD_PER_MT,1,v1.0,VALID,PROXY,hash_fr_002197,True
2198,FREIGHT_ID_SAMARINDA_PARADIP_SUPRA,2025-03-15 00:00:00,2025-03-15 18:00:00,12.1,USD_PER_MT,1,v1.0,VALID,PROXY,hash_fr_002198,True
2199,FREIGHT_ZA_RICHARDSBAY_PARADIP_PANAMAX,2025-03-15 00:00:00,2025-03-15 18:00:00,16.83,USD_PER_MT,1,v1.0,VALID,PROXY,hash_fr_002199,True
2200,FREIGHT_BR_TUBARAO_QINGDAO_CAPE,2025-03-15 00:00:00,2025-03-15 18:00:00,27.92,USD_PER_MT,1,v1.0,VALID,PROXY,hash_fr_002200,True
2201,FREIGHT_AU_HEDLAND_PARADIP_CAPE,2025-03-16 00:00:00,2025-03-16 18:00:00,15.48,USD_PER_MT,1,v1.0,VALID,PROXY,hash_fr_002201,True
2202,FREIGHT_AU_NEWCASTLE_PARADIP_PANAMAX,2025-03-16 00:00:00,2025-03-16 18:00:00,19.35,USD_PER_MT,1,v1.0,VALID,PROXY,hash_fr_002202,True
2203,FREIGHT_ID_SAMARINDA_PARADIP_SUPRA,2025-03-16 00:00:00,2025-03-16 18:00:00,12.14,USD_PER_MT,1,v1.0,VALID,PROXY,hash_fr_002203,True
2204,FREIGHT_ZA_RICHARDSBAY_PARADIP_PANAMAX,2025-03-16 00:00:00,2025-03-16 18:00:00,17.29,USD_PER_MT,1,v1.0,VALID,PROXY,hash_fr_002204,True
2205,FREIGHT_BR_TUBARAO_QINGDAO_CAPE,2025-03-16 00:00:00,2025-03-16 18:00:00,27.45,USD_PER_MT,1,v1.0,VALID,PROXY,hash_fr_002205,True
2206,FREIGHT_AU_HEDLAND_PARADIP_CAPE,2025-03-17 00:00:00,2025-03-17 18:00:00,15.25,USD_PER_MT,1,v1.0,VALID,PROXY,hash_fr_002206,True
2207,FREIGHT_AU_NEWCASTLE_PARADIP_PANAMAX,2025-03-17 00:00:00,2025-03-17 18:00:00,19.3,USD_PER_MT,1,v1.0,VALID,PROXY,hash_fr_002207,True
2208,FREIGHT_ID_SAMARINDA_PARADIP_SUPRA,2025-03-17 00:00:00,2025-03-17 18:00:00,11.79,USD_PER_MT,1,v1.0,VALID,PROXY,hash_fr_002208,True
2209,FREIGHT_ZA_RICHARDSBAY_PARADIP_PANAMAX,2025-03-17 00:00:00,2025-03-17 18:00:00,17.52,USD_PER_MT,1,v1.0,VALID,PROXY,hash_fr_002209,True
2210,FREIGHT_BR_TUBARAO_QINGDAO_CAPE,2025-03-17 00:00:00,2025-03-17 18:00:00,28.18,USD_PER_MT,1,v1.0,VALID,PROXY,hash_fr_002210,True
2211,FREIGHT_AU_HEDLAND_PARADIP_CAPE,2025-03-18 00:00:00,2025-03-18 18:00:00,15.32,USD_PER_MT,1,v1.0,VALID,PROXY,hash_fr_002211,True
2212,FREIGHT_AU_NEWCASTLE_PARADIP_PANAMAX,2025-03-18 00:00:00,2025-03-18 18:00:00,19.63,USD_PER_MT,1,v1.0,VALID,PROXY,hash_fr_002212,True
2213,FREIGHT_ID_SAMARINDA_PARADIP_SUPRA,2025-03-18 00:00:00,2025-03-18 18:00:00,12.06,USD_PER_MT,1,v1.0,VALID,PROXY,hash_fr_002213,True
2214,FREIGHT_ZA_RICHARDSBAY_PARADIP_PANAMAX,2025-03-18 00:00:00,2025-03-18 18:00:00,17.74,USD_PER_MT,1,v1.0,VALID,PROXY,hash_fr_002214,True
2215,FREIGHT_BR_TUBARAO_QINGDAO_CAPE,2025-03-18 00:00:00,2025-03-18 18:00:00,27.77,USD_PER_MT,1,v1.0,VALID,PROXY,hash_fr_002215,True
2216,FREIGHT_AU_HEDLAND_PARADIP_CAPE,2025-03-19 00:00:00,2025-03-19 18:00:00,15.39,USD_PER_MT,1,v1.0,VALID,PROXY,hash_fr_002216,True
2217,FREIGHT_AU_NEWCASTLE_PARADIP_PANAMAX,2025-03-19 00:00:00,2025-03-19 18:00:00,19.26,USD_PER_MT,1,v1.0,VALID,PROXY,hash_fr_002217,True
2218,FREIGHT_ID_SAMARINDA_PARADIP_SUPRA,2025-03-19 00:00:00,2025-03-19 18:00:00,12.07,USD_PER_MT,1,v1.0,VALID,PROXY,hash_fr_002218,True
2219,FREIGHT_ZA_RICHARDSBAY_PARADIP_PANAMAX,2025-03-19 00:00:00,2025-03-19 18:00:00,17.34,USD_PER_MT,1,v1.0,VALID,PROXY,hash_fr_002219,True
2220,FREIGHT_BR_TUBARAO_QINGDAO_CAPE,2025-03-19 00:00:00,2025-03-19 18:00:00,27.57,USD_PER_MT,1,v1.0,VALID,PROXY,hash_fr_002220,True
2221,FREIGHT_AU_HEDLAND_PARADIP_CAPE,2025-03-20 00:00:00,2025-03-20 18:00:00,15.35,USD_PER_MT,1,v1.0,VALID,PROXY,hash_fr_002221,True
2222,FREIGHT_AU_NEWCASTLE_PARADIP_PANAMAX,2025-03-20 00:00:00,2025-03-20 18:00:00,19.51,USD_PER_MT,1,v1.0,VALID,PROXY,hash_fr_002222,True
2223,FREIGHT_ID_SAMARINDA_PARADIP_SUPRA,2025-03-20 00:00:00,2025-03-20 18:00:00,11.92,USD_PER_MT,1,v1.0,VALID,PROXY,hash_fr_002223,True
2224,FREIGHT_ZA_RICHARDSBAY_PARADIP_PANAMAX,2025-03-20 00:00:00,2025-03-20 18:00:00,17.41,USD_PER_MT,1,v1.0,VALID,PROXY,hash_fr_002224,True
2225,FREIGHT_BR_TUBARAO_QINGDAO_CAPE,2025-03-20 00:00:00,2025-03-20 18:00:00,28.01,USD_PER_MT,1,v1.0,VALID,PROXY,hash_fr_002225,True
2226,FREIGHT_AU_HEDLAND_PARADIP_CAPE,2025-03-21 00:00:00,2025-03-21 18:00:00,15.02,USD_PER_MT,1,v1.0,VALID,PROXY,hash_fr_002226,True
2227,FREIGHT_AU_NEWCASTLE_PARADIP_PANAMAX,2025-03-21 00:00:00,2025-03-21 18:00:00,19.54,USD_PER_MT,1,v1.0,VALID,PROXY,hash_fr_002227,True
2228,FREIGHT_ID_SAMARINDA_PARADIP_SUPRA,2025-03-21 00:00:00,2025-03-21 18:00:00,11.9,USD_PER_MT,1,v1.0,VALID,PROXY,hash_fr_002228,True
2229,FREIGHT_ZA_RICHARDSBAY_PARADIP_PANAMAX,2025-03-21 00:00:00,2025-03-21 18:00:00,17.09,USD_PER_MT,1,v1.0,VALID,PROXY,hash_fr_002229,True
2230,FREIGHT_BR_TUBARAO_QINGDAO_CAPE,2025-03-21 00:00:00,2025-03-21 18:00:00,27.22,USD_PER_MT,1,v1.0,VALID,PROXY,hash_fr_002230,True
2231,FREIGHT_AU_HEDLAND_PARADIP_CAPE,2025-03-22 00:00:00,2025-03-22 18:00:00,15.16,USD_PER_MT,1,v1.0,VALID,PROXY,hash_fr_002231,True
2232,FREIGHT_AU_NEWCASTLE_PARADIP_PANAMAX,2025-03-22 00:00:00,2025-03-22 18:00:00,19.1,USD_PER_MT,1,v1.0,VALID,PROXY,hash_fr_002232,True
2233,FREIGHT_ID_SAMARINDA_PARADIP_SUPRA,2025-03-22 00:00:00,2025-03-22 18:00:00,12.09,USD_PER_MT,1,v1.0,VALID,PROXY,hash_fr_002233,True
2234,FREIGHT_ZA_RICHARDSBAY_PARADIP_PANAMAX,2025-03-22 00:00:00,2025-03-22 18:00:00,17.11,USD_PER_MT,1,v1.0,VALID,PROXY,hash_fr_002234,True
2235,FREIGHT_BR_TUBARAO_QINGDAO_CAPE,2025-03-22 00:00:00,2025-03-22 18:00:00,27.18,USD_PER_MT,1,v1.0,VALID,PROXY,hash_fr_002235,True
2236,FREIGHT_AU_HEDLAND_PARADIP_CAPE,2025-03-23 00:00:00,2025-03-23 18:00:00,14.8,USD_PER_MT,1,v1.0,VALID,PROXY,hash_fr_002236,True
2237,FREIGHT_AU_NEWCASTLE_PARADIP_PANAMAX,2025-03-23 00:00:00,2025-03-23 18:00:00,19.03,USD_PER_MT,1,v1.0,VALID,PROXY,hash_fr_002237,True
2238,FREIGHT_ID_SAMARINDA_PARADIP_SUPRA,2025-03-23 00:00:00,2025-03-23 18:00:00,11.97,USD_PER_MT,1,v1.0,VALID,PROXY,hash_fr_002238,True
2239,FREIGHT_ZA_RICHARDSBAY_PARADIP_PANAMAX,2025-03-23 00:00:00,2025-03-23 18:00:00,16.61,USD_PER_MT,1,v1.0,VALID,PROXY,hash_fr_002239,True
2240,FREIGHT_BR_TUBARAO_QINGDAO_CAPE,2025-03-23 00:00:00,2025-03-23 18:00:00,27.18,USD_PER_MT,1,v1.0,VALID,PROXY,hash_fr_002240,True
2241,FREIGHT_AU_HEDLAND_PARADIP_CAPE,2025-03-24 00:00:00,2025-03-24 18:00:00,15.38,USD_PER_MT,1,v1.0,VALID,PROXY,hash_fr_002241,True
2242,FREIGHT_AU_NEWCASTLE_PARADIP_PANAMAX,2025-03-24 00:00:00,2025-03-24 18:00:00,18.51,USD_PER_MT,1,v1.0,VALID,PROXY,hash_fr_002242,True
2243,FREIGHT_ID_SAMARINDA_PARADIP_SUPRA,2025-03-24 00:00:00,2025-03-24 18:00:00,11.78,USD_PER_MT,1,v1.0,VALID,PROXY,hash_fr_002243,True
2244,FREIGHT_ZA_RICHARDSBAY_PARADIP_PANAMAX,2025-03-24 00:00:00,2025-03-24 18:00:00,17.06,USD_PER_MT,1,v1.0,VALID,PROXY,hash_fr_002244,True
2245,FREIGHT_BR_TUBARAO_QINGDAO_CAPE,2025-03-24 00:00:00,2025-03-24 18:00:00,26.22,USD_PER_MT,1,v1.0,VALID,PROXY,hash_fr_002245,True
2246,FREIGHT_AU_HEDLAND_PARADIP_CAPE,2025-03-25 00:00:00,2025-03-25 18:00:00,14.31,USD_PER_MT,1,v1.0,VALID,PROXY,hash_fr_002246,True
2247,FREIGHT_AU_NEWCASTLE_PARADIP_PANAMAX,2025-03-25 00:00:00,2025-03-25 18:00:00,18.64,USD_PER_MT,1,v1.0,VALID,PROXY,hash_fr_002247,True
2248,FREIGHT_ID_SAMARINDA_PARADIP_SUPRA,2025-03-25 00:00:00,2025-03-25 18:00:00,11.83,USD_PER_MT,1,v1.0,VALID,PROXY,hash_fr_002248,True
2249,FREIGHT_ZA_RICHARDSBAY_PARADIP_PANAMAX,2025-03-25 00:00:00,2025-03-25 18:00:00,17.25,USD_PER_MT,1,v1.0,VALID,PROXY,hash_fr_002249,True
2250,FREIGHT_BR_TUBARAO_QINGDAO_CAPE,2025-03-25 00:00:00,2025-03-25 18:00:00,26.05,USD_PER_MT,1,v1.0,VALID,PROXY,hash_fr_002250,True
2251,FREIGHT_AU_HEDLAND_PARADIP_CAPE,2025-03-26 00:00:00,2025-03-26 18:00:00,14.75,USD_PER_MT,1,v1.0,VALID,PROXY,hash_fr_002251,True
2252,FREIGHT_AU_NEWCASTLE_PARADIP_PANAMAX,2025-03-26 00:00:00,2025-03-26 18:00:00,18.07,USD_PER_MT,1,v1.0,VALID,PROXY,hash_fr_002252,True
2253,FREIGHT_ID_SAMARINDA_PARADIP_SUPRA,2025-03-26 00:00:00,2025-03-26 18:00:00,11.74,USD_PER_MT,1,v1.0,VALID,PROXY,hash_fr_002253,True
2254,FREIGHT_ZA_RICHARDSBAY_PARADIP_PANAMAX,2025-03-26 00:00:00,2025-03-26 18:00:00,16.95,USD_PER_MT,1,v1.0,VALID,PROXY,hash_fr_002254,True
2255,FREIGHT_BR_TUBARAO_QINGDAO_CAPE,2025-03-26 00:00:00,2025-03-26 18:00:00,26.53,USD_PER_MT,1,v1.0,VALID,PROXY,hash_fr_002255,True
2256,FREIGHT_AU_HEDLAND_PARADIP_CAPE,2025-03-27 00:00:00,2025-03-27 18:00:00,14.59,USD_PER_MT,1,v1.0,VALID,PROXY,hash_fr_002256,True
2257,FREIGHT_AU_NEWCASTLE_PARADIP_PANAMAX,2025-03-27 00:00:00,2025-03-27 18:00:00,18.95,USD_PER_MT,1,v1.0,VALID,PROXY,hash_fr_002257,True
2258,FREIGHT_ID_SAMARINDA_PARADIP_SUPRA,2025-03-27 00:00:00,2025-03-27 18:00:00,12.0,USD_PER_MT,1,v1.0,VALID,PROXY,hash_fr_002258,True
2259,FREIGHT_ZA_RICHARDSBAY_PARADIP_PANAMAX,2025-03-27 00:00:00,2025-03-27 18:00:00,16.97,USD_PER_MT,1,v1.0,VALID,PROXY,hash_fr_002259,True
2260,FREIGHT_BR_TUBARAO_QINGDAO_CAPE,2025-03-27 00:00:00,2025-03-27 18:00:00,26.4,USD_PER_MT,1,v1.0,VALID,PROXY,hash_fr_002260,True
2261,FREIGHT_AU_HEDLAND_PARADIP_CAPE,2025-03-28 00:00:00,2025-03-28 18:00:00,14.71,USD_PER_MT,1,v1.0,VALID,PROXY,hash_fr_002261,True
2262,FREIGHT_AU_NEWCASTLE_PARADIP_PANAMAX,2025-03-28 00:00:00,2025-03-28 18:00:00,19.04,USD_PER_MT,1,v1.0,VALID,PROXY,hash_fr_002262,True
2263,FREIGHT_ID_SAMARINDA_PARADIP_SUPRA,2025-03-28 00:00:00,2025-03-28 18:00:00,11.67,USD_PER_MT,1,v1.0,VALID,PROXY,hash_fr_002263,True
2264,FREIGHT_ZA_RICHARDSBAY_PARADIP_PANAMAX,2025-03-28 00:00:00,2025-03-28 18:00:00,16.48,USD_PER_MT,1,v1.0,VALID,PROXY,hash_fr_002264,True
2265,FREIGHT_BR_TUBARAO_QINGDAO_CAPE,2025-03-28 00:00:00,2025-03-28 18:00:00,26.37,USD_PER_MT,1,v1.0,VALID,PROXY,hash_fr_002265,True
2266,FREIGHT_AU_HEDLAND_PARADIP_CAPE,2025-03-29 00:00:00,2025-03-29 18:00:00,14.08,USD_PER_MT,1,v1.0,VALID,PROXY,hash_fr_002266,True
2267,FREIGHT_AU_NEWCASTLE_PARADIP_PANAMAX,2025-03-29 00:00:00,2025-03-29 18:00:00,18.59,USD_PER_MT,1,v1.0,VALID,PROXY,hash_fr_002267,True
2268,FREIGHT_ID_SAMARINDA_PARADIP_SUPRA,2025-03-29 00:00:00,2025-03-29 18:00:00,12.03,USD_PER_MT,1,v1.0,VALID,PROXY,hash_fr_002268,True
2269,FREIGHT_ZA_RICHARDSBAY_PARADIP_PANAMAX,2025-03-29 00:00:00,2025-03-29 18:00:00,16.82,USD_PER_MT,1,v1.0,VALID,PROXY,hash_fr_002269,True
2270,FREIGHT_BR_TUBARAO_QINGDAO_CAPE,2025-03-29 00:00:00,2025-03-29 18:00:00,26.12,USD_PER_MT,1,v1.0,VALID,PROXY,hash_fr_002270,True
2271,FREIGHT_AU_HEDLAND_PARADIP_CAPE,2025-03-30 00:00:00,2025-03-30 18:00:00,14.24,USD_PER_MT,1,v1.0,VALID,PROXY,hash_fr_002271,True
2272,FREIGHT_AU_NEWCASTLE_PARADIP_PANAMAX,2025-03-30 00:00:00,2025-03-30 18:00:00,18.21,USD_PER_MT,1,v1.0,VALID,PROXY,hash_fr_002272,True
2273,FREIGHT_ID_SAMARINDA_PARADIP_SUPRA,2025-03-30 00:00:00,2025-03-30 18:00:00,11.65,USD_PER_MT,1,v1.0,VALID,PROXY,hash_fr_002273,True
2274,FREIGHT_ZA_RICHARDSBAY_PARADIP_PANAMAX,2025-03-30 00:00:00,2025-03-30 18:00:00,15.82,USD_PER_MT,1,v1.0,VALID,PROXY,hash_fr_002274,True
2275,FREIGHT_BR_TUBARAO_QINGDAO_CAPE,2025-03-30 00:00:00,2025-03-30 18:00:00,24.84,USD_PER_MT,1,v1.0,VALID,PROXY,hash_fr_002275,True
2276,FREIGHT_AU_HEDLAND_PARADIP_CAPE,2025-03-31 00:00:00,2025-03-31 18:00:00,14.26,USD_PER_MT,1,v1.0,VALID,PROXY,hash_fr_002276,True
2277,FREIGHT_AU_NEWCASTLE_PARADIP_PANAMAX,2025-03-31 00:00:00,2025-03-31 18:00:00,18.17,USD_PER_MT,1,v1.0,VALID,PROXY,hash_fr_002277,True
2278,FREIGHT_ID_SAMARINDA_PARADIP_SUPRA,2025-03-31 00:00:00,2025-03-31 18:00:00,11.52,USD_PER_MT,1,v1.0,VALID,PROXY,hash_fr_002278,True
2279,FREIGHT_ZA_RICHARDSBAY_PARADIP_PANAMAX,2025-03-31 00:00:00,2025-03-31 18:00:00,16.46,USD_PER_MT,1,v1.0,VALID,PROXY,hash_fr_002279,True
2280,FREIGHT_BR_TUBARAO_QINGDAO_CAPE,2025-03-31 00:00:00,2025-03-31 18:00:00,26.04,USD_PER_MT,1,v1.0,VALID,PROXY,hash_fr_002280,True
2281,FREIGHT_AU_HEDLAND_PARADIP_CAPE,2025-04-01 00:00:00,2025-04-01 18:00:00,14.11,USD_PER_MT,1,v1.0,VALID,PROXY,hash_fr_002281,True
2282,FREIGHT_AU_NEWCASTLE_PARADIP_PANAMAX,2025-04-01 00:00:00,2025-04-01 18:00:00,18.61,USD_PER_MT,1,v1.0,VALID,PROXY,hash_fr_002282,True
2283,FREIGHT_ID_SAMARINDA_PARADIP_SUPRA,2025-04-01 00:00:00,2025-04-01 18:00:00,11.49,USD_PER_MT,1,v1.0,VALID,PROXY,hash_fr_002283,True
2284,FREIGHT_ZA_RICHARDSBAY_PARADIP_PANAMAX,2025-04-01 00:00:00,2025-04-01 18:00:00,16.3,USD_PER_MT,1,v1.0,VALID,PROXY,hash_fr_002284,True
2285,FREIGHT_BR_TUBARAO_QINGDAO_CAPE,2025-04-01 00:00:00,2025-04-01 18:00:00,26.61,USD_PER_MT,1,v1.0,VALID,PROXY,hash_fr_002285,True
2286,FREIGHT_AU_HEDLAND_PARADIP_CAPE,2025-04-02 00:00:00,2025-04-02 18:00:00,14.29,USD_PER_MT,1,v1.0,VALID,PROXY,hash_fr_002286,True
2287,FREIGHT_AU_NEWCASTLE_PARADIP_PANAMAX,2025-04-02 00:00:00,2025-04-02 18:00:00,18.26,USD_PER_MT,1,v1.0,VALID,PROXY,hash_fr_002287,True
2288,FREIGHT_ID_SAMARINDA_PARADIP_SUPRA,2025-04-02 00:00:00,2025-04-02 18:00:00,11.66,USD_PER_MT,1,v1.0,VALID,PROXY,hash_fr_002288,True
2289,FREIGHT_ZA_RICHARDSBAY_PARADIP_PANAMAX,2025-04-02 00:00:00,2025-04-02 18:00:00,16.19,USD_PER_MT,1,v1.0,VALID,PROXY,hash_fr_002289,True
2290,FREIGHT_BR_TUBARAO_QINGDAO_CAPE,2025-04-02 00:00:00,2025-04-02 18:00:00,25.75,USD_PER_MT,1,v1.0,VALID,PROXY,hash_fr_002290,True
2291,FREIGHT_AU_HEDLAND_PARADIP_CAPE,2025-04-03 00:00:00,2025-04-03 18:00:00,13.63,USD_PER_MT,1,v1.0,VALID,PROXY,hash_fr_002291,True
2292,FREIGHT_AU_NEWCASTLE_PARADIP_PANAMAX,2025-04-03 00:00:00,2025-04-03 18:00:00,17.47,USD_PER_MT,1,v1.0,VALID,PROXY,hash_fr_002292,True
2293,FREIGHT_ID_SAMARINDA_PARADIP_SUPRA,2025-04-03 00:00:00,2025-04-03 18:00:00,11.25,USD_PER_MT,1,v1.0,VALID,PROXY,hash_fr_002293,True
2294,FREIGHT_ZA_RICHARDSBAY_PARADIP_PANAMAX,2025-04-03 00:00:00,2025-04-03 18:00:00,16.61,USD_PER_MT,1,v1.0,VALID,PROXY,hash_fr_002294,True
2295,FREIGHT_BR_TUBARAO_QINGDAO_CAPE,2025-04-03 00:00:00,2025-04-03 18:00:00,26.51,USD_PER_MT,1,v1.0,VALID,PROXY,hash_fr_002295,True
2296,FREIGHT_AU_HEDLAND_PARADIP_CAPE,2025-04-04 00:00:00,2025-04-04 18:00:00,13.82,USD_PER_MT,1,v1.0,VALID,PROXY,hash_fr_002296,True
2297,FREIGHT_AU_NEWCASTLE_PARADIP_PANAMAX,2025-04-04 00:00:00,2025-04-04 18:00:00,17.69,USD_PER_MT,1,v1.0,VALID,PROXY,hash_fr_002297,True
2298,FREIGHT_ID_SAMARINDA_PARADIP_SUPRA,2025-04-04 00:00:00,2025-04-04 18:00:00,11.26,USD_PER_MT,1,v1.0,VALID,PROXY,hash_fr_002298,True
2299,FREIGHT_ZA_RICHARDSBAY_PARADIP_PANAMAX,2025-04-04 00:00:00,2025-04-04 18:00:00,16.56,USD_PER_MT,1,v1.0,VALID,PROXY,hash_fr_002299,True
2300,FREIGHT_BR_TUBARAO_QINGDAO_CAPE,2025-04-04 00:00:00,2025-04-04 18:00:00,25.88,USD_PER_MT,1,v1.0,VALID,PROXY,hash_fr_002300,True
2301,FREIGHT_AU_HEDLAND_PARADIP_CAPE,2025-04-05 00:00:00,2025-04-05 18:00:00,14.42,USD_PER_MT,1,v1.0,VALID,PROXY,hash_fr_002301,True
2302,FREIGHT_AU_NEWCASTLE_PARADIP_PANAMAX,2025-04-05 00:00:00,2025-04-05 18:00:00,18.29,USD_PER_MT,1,v1.0,VALID,PROXY,hash_fr_002302,True
2303,FREIGHT_ID_SAMARINDA_PARADIP_SUPRA,2025-04-05 00:00:00,2025-04-05 18:00:00,11.03,USD_PER_MT,1,v1.0,VALID,PROXY,hash_fr_002303,True
2304,FREIGHT_ZA_RICHARDSBAY_PARADIP_PANAMAX,2025-04-05 00:00:00,2025-04-05 18:00:00,15.89,USD_PER_MT,1,v1.0,VALID,PROXY,hash_fr_002304,True
2305,FREIGHT_BR_TUBARAO_QINGDAO_CAPE,2025-04-05 00:00:00,2025-04-05 18:00:00,25.5,USD_PER_MT,1,v1.0,VALID,PROXY,hash_fr_002305,True
2306,FREIGHT_AU_HEDLAND_PARADIP_CAPE,2025-04-06 00:00:00,2025-04-06 18:00:00,14.4,USD_PER_MT,1,v1.0,VALID,PROXY,hash_fr_002306,True
2307,FREIGHT_AU_NEWCASTLE_PARADIP_PANAMAX,2025-04-06 00:00:00,2025-04-06 18:00:00,18.26,USD_PER_MT,1,v1.0,VALID,PROXY,hash_fr_002307,True
2308,FREIGHT_ID_SAMARINDA_PARADIP_SUPRA,2025-04-06 00:00:00,2025-04-06 18:00:00,11.36,USD_PER_MT,1,v1.0,VALID,PROXY,hash_fr_002308,True
2309,FREIGHT_ZA_RICHARDSBAY_PARADIP_PANAMAX,2025-04-06 00:00:00,2025-04-06 18:00:00,16.3,USD_PER_MT,1,v1.0,VALID,PROXY,hash_fr_002309,True
2310,FREIGHT_BR_TUBARAO_QINGDAO_CAPE,2025-04-06 00:00:00,2025-04-06 18:00:00,26.05,USD_PER_MT,1,v1.0,VALID,PROXY,hash_fr_002310,True
2311,FREIGHT_AU_HEDLAND_PARADIP_CAPE,2025-04-07 00:00:00,2025-04-07 18:00:00,14.0,USD_PER_MT,1,v1.0,VALID,PROXY,hash_fr_002311,True
2312,FREIGHT_AU_NEWCASTLE_PARADIP_PANAMAX,2025-04-07 00:00:00,2025-04-07 18:00:00,18.01,USD_PER_MT,1,v1.0,VALID,PROXY,hash_fr_002312,True
2313,FREIGHT_ID_SAMARINDA_PARADIP_SUPRA,2025-04-07 00:00:00,2025-04-07 18:00:00,11.24,USD_PER_MT,1,v1.0,VALID,PROXY,hash_fr_002313,True
2314,FREIGHT_ZA_RICHARDSBAY_PARADIP_PANAMAX,2025-04-07 00:00:00,2025-04-07 18:00:00,16.08,USD_PER_MT,1,v1.0,VALID,PROXY,hash_fr_002314,True
2315,FREIGHT_BR_TUBARAO_QINGDAO_CAPE,2025-04-07 00:00:00,2025-04-07 18:00:00,27.09,USD_PER_MT,1,v1.0,VALID,PROXY,hash_fr_002315,True
2316,FREIGHT_AU_HEDLAND_PARADIP_CAPE,2025-04-08 00:00:00,2025-04-08 18:00:00,14.26,USD_PER_MT,1,v1.0,VALID,PROXY,hash_fr_002316,True
2317,FREIGHT_AU_NEWCASTLE_PARADIP_PANAMAX,2025-04-08 00:00:00,2025-04-08 18:00:00,17.8,USD_PER_MT,1,v1.0,VALID,PROXY,hash_fr_002317,True
2318,FREIGHT_ID_SAMARINDA_PARADIP_SUPRA,2025-04-08 00:00:00,2025-04-08 18:00:00,11.38,USD_PER_MT,1,v1.0,VALID,PROXY,hash_fr_002318,True
2319,FREIGHT_ZA_RICHARDSBAY_PARADIP_PANAMAX,2025-04-08 00:00:00,2025-04-08 18:00:00,15.8,USD_PER_MT,1,v1.0,VALID,PROXY,hash_fr_002319,True
2320,FREIGHT_BR_TUBARAO_QINGDAO_CAPE,2025-04-08 00:00:00,2025-04-08 18:00:00,25.39,USD_PER_MT,1,v1.0,VALID,PROXY,hash_fr_002320,True
2321,FREIGHT_AU_HEDLAND_PARADIP_CAPE,2025-04-09 00:00:00,2025-04-09 18:00:00,14.39,USD_PER_MT,1,v1.0,VALID,PROXY,hash_fr_002321,True
2322,FREIGHT_AU_NEWCASTLE_PARADIP_PANAMAX,2025-04-09 00:00:00,2025-04-09 18:00:00,18.37,USD_PER_MT,1,v1.0,VALID,PROXY,hash_fr_002322,True
2323,FREIGHT_ID_SAMARINDA_PARADIP_SUPRA,2025-04-09 00:00:00,2025-04-09 18:00:00,11.05,USD_PER_MT,1,v1.0,VALID,PROXY,hash_fr_002323,True
2324,FREIGHT_ZA_RICHARDSBAY_PARADIP_PANAMAX,2025-04-09 00:00:00,2025-04-09 18:00:00,16.39,USD_PER_MT,1,v1.0,VALID,PROXY,hash_fr_002324,True
2325,FREIGHT_BR_TUBARAO_QINGDAO_CAPE,2025-04-09 00:00:00,2025-04-09 18:00:00,25.29,USD_PER_MT,1,v1.0,VALID,PROXY,hash_fr_002325,True
2326,FREIGHT_AU_HEDLAND_PARADIP_CAPE,2025-04-10 00:00:00,2025-04-10 18:00:00,14.24,USD_PER_MT,1,v1.0,VALID,PROXY,hash_fr_002326,True
2327,FREIGHT_AU_NEWCASTLE_PARADIP_PANAMAX,2025-04-10 00:00:00,2025-04-10 18:00:00,18.05,USD_PER_MT,1,v1.0,VALID,PROXY,hash_fr_002327,True
2328,FREIGHT_ID_SAMARINDA_PARADIP_SUPRA,2025-04-10 00:00:00,2025-04-10 18:00:00,11.4,USD_PER_MT,1,v1.0,VALID,PROXY,hash_fr_002328,True
2329,FREIGHT_ZA_RICHARDSBAY_PARADIP_PANAMAX,2025-04-10 00:00:00,2025-04-10 18:00:00,16.25,USD_PER_MT,1,v1.0,VALID,PROXY,hash_fr_002329,True
2330,FREIGHT_BR_TUBARAO_QINGDAO_CAPE,2025-04-10 00:00:00,2025-04-10 18:00:00,25.45,USD_PER_MT,1,v1.0,VALID,PROXY,hash_fr_002330,True
2331,FREIGHT_AU_HEDLAND_PARADIP_CAPE,2025-04-11 00:00:00,2025-04-11 18:00:00,14.16,USD_PER_MT,1,v1.0,VALID,PROXY,hash_fr_002331,True
2332,FREIGHT_AU_NEWCASTLE_PARADIP_PANAMAX,2025-04-11 00:00:00,2025-04-11 18:00:00,18.33,USD_PER_MT,1,v1.0,VALID,PROXY,hash_fr_002332,True
2333,FREIGHT_ID_SAMARINDA_PARADIP_SUPRA,2025-04-11 00:00:00,2025-04-11 18:00:00,11.35,USD_PER_MT,1,v1.0,VALID,PROXY,hash_fr_002333,True
2334,FREIGHT_ZA_RICHARDSBAY_PARADIP_PANAMAX,2025-04-11 00:00:00,2025-04-11 18:00:00,16.59,USD_PER_MT,1,v1.0,VALID,PROXY,hash_fr_002334,True
2335,FREIGHT_BR_TUBARAO_QINGDAO_CAPE,2025-04-11 00:00:00,2025-04-11 18:00:00,26.52,USD_PER_MT,1,v1.0,VALID,PROXY,hash_fr_002335,True
2336,FREIGHT_AU_HEDLAND_PARADIP_CAPE,2025-04-12 00:00:00,2025-04-12 18:00:00,14.39,USD_PER_MT,1,v1.0,VALID,PROXY,hash_fr_002336,True
2337,FREIGHT_AU_NEWCASTLE_PARADIP_PANAMAX,2025-04-12 00:00:00,2025-04-12 18:00:00,18.7,USD_PER_MT,1,v1.0,VALID,PROXY,hash_fr_002337,True
2338,FREIGHT_ID_SAMARINDA_PARADIP_SUPRA,2025-04-12 00:00:00,2025-04-12 18:00:00,11.26,USD_PER_MT,1,v1.0,VALID,PROXY,hash_fr_002338,True
2339,FREIGHT_ZA_RICHARDSBAY_PARADIP_PANAMAX,2025-04-12 00:00:00,2025-04-12 18:00:00,16.43,USD_PER_MT,1,v1.0,VALID,PROXY,hash_fr_002339,True
2340,FREIGHT_BR_TUBARAO_QINGDAO_CAPE,2025-04-12 00:00:00,2025-04-12 18:00:00,26.63,USD_PER_MT,1,v1.0,VALID,PROXY,hash_fr_002340,True
2341,FREIGHT_AU_HEDLAND_PARADIP_CAPE,2025-04-13 00:00:00,2025-04-13 18:00:00,14.8,USD_PER_MT,1,v1.0,VALID,PROXY,hash_fr_002341,True
2342,FREIGHT_AU_NEWCASTLE_PARADIP_PANAMAX,2025-04-13 00:00:00,2025-04-13 18:00:00,17.96,USD_PER_MT,1,v1.0,VALID,PROXY,hash_fr_002342,True
2343,FREIGHT_ID_SAMARINDA_PARADIP_SUPRA,2025-04-13 00:00:00,2025-04-13 18:00:00,11.69,USD_PER_MT,1,v1.0,VALID,PROXY,hash_fr_002343,True
2344,FREIGHT_ZA_RICHARDSBAY_PARADIP_PANAMAX,2025-04-13 00:00:00,2025-04-13 18:00:00,16.82,USD_PER_MT,1,v1.0,VALID,PROXY,hash_fr_002344,True
2345,FREIGHT_BR_TUBARAO_QINGDAO_CAPE,2025-04-13 00:00:00,2025-04-13 18:00:00,26.76,USD_PER_MT,1,v1.0,VALID,PROXY,hash_fr_002345,True
2346,FREIGHT_AU_HEDLAND_PARADIP_CAPE,2025-04-14 00:00:00,2025-04-14 18:00:00,14.63,USD_PER_MT,1,v1.0,VALID,PROXY,hash_fr_002346,True
2347,FREIGHT_AU_NEWCASTLE_PARADIP_PANAMAX,2025-04-14 00:00:00,2025-04-14 18:00:00,18.38,USD_PER_MT,1,v1.0,VALID,PROXY,hash_fr_002347,True
2348,FREIGHT_ID_SAMARINDA_PARADIP_SUPRA,2025-04-14 00:00:00,2025-04-14 18:00:00,11.77,USD_PER_MT,1,v1.0,VALID,PROXY,hash_fr_002348,True
2349,FREIGHT_ZA_RICHARDSBAY_PARADIP_PANAMAX,2025-04-14 00:00:00,2025-04-14 18:00:00,16.45,USD_PER_MT,1,v1.0,VALID,PROXY,hash_fr_002349,True
2350,FREIGHT_BR_TUBARAO_QINGDAO_CAPE,2025-04-14 00:00:00,2025-04-14 18:00:00,26.29,USD_PER_MT,1,v1.0,VALID,PROXY,hash_fr_002350,True
2351,FREIGHT_AU_HEDLAND_PARADIP_CAPE,2025-04-15 00:00:00,2025-04-15 18:00:00,14.88,USD_PER_MT,1,v1.0,VALID,PROXY,hash_fr_002351,True
2352,FREIGHT_AU_NEWCASTLE_PARADIP_PANAMAX,2025-04-15 00:00:00,2025-04-15 18:00:00,19.06,USD_PER_MT,1,v1.0,VALID,PROXY,hash_fr_002352,True
2353,FREIGHT_ID_SAMARINDA_PARADIP_SUPRA,2025-04-15 00:00:00,2025-04-15 18:00:00,11.8,USD_PER_MT,1,v1.0,VALID,PROXY,hash_fr_002353,True
2354,FREIGHT_ZA_RICHARDSBAY_PARADIP_PANAMAX,2025-04-15 00:00:00,2025-04-15 18:00:00,16.74,USD_PER_MT,1,v1.0,VALID,PROXY,hash_fr_002354,True
2355,FREIGHT_BR_TUBARAO_QINGDAO_CAPE,2025-04-15 00:00:00,2025-04-15 18:00:00,26.96,USD_PER_MT,1,v1.0,VALID,PROXY,hash_fr_002355,True
2356,FREIGHT_AU_HEDLAND_PARADIP_CAPE,2025-04-16 00:00:00,2025-04-16 18:00:00,14.42,USD_PER_MT,1,v1.0,VALID,PROXY,hash_fr_002356,True
2357,FREIGHT_AU_NEWCASTLE_PARADIP_PANAMAX,2025-04-16 00:00:00,2025-04-16 18:00:00,18.16,USD_PER_MT,1,v1.0,VALID,PROXY,hash_fr_002357,True
2358,FREIGHT_ID_SAMARINDA_PARADIP_SUPRA,2025-04-16 00:00:00,2025-04-16 18:00:00,11.87,USD_PER_MT,1,v1.0,VALID,PROXY,hash_fr_002358,True
2359,FREIGHT_ZA_RICHARDSBAY_PARADIP_PANAMAX,2025-04-16 00:00:00,2025-04-16 18:00:00,16.31,USD_PER_MT,1,v1.0,VALID,PROXY,hash_fr_002359,True
2360,FREIGHT_BR_TUBARAO_QINGDAO_CAPE,2025-04-16 00:00:00,2025-04-16 18:00:00,26.6,USD_PER_MT,1,v1.0,VALID,PROXY,hash_fr_002360,True
2361,FREIGHT_AU_HEDLAND_PARADIP_CAPE,2025-04-17 00:00:00,2025-04-17 18:00:00,14.67,USD_PER_MT,1,v1.0,VALID,PROXY,hash_fr_002361,True
2362,FREIGHT_AU_NEWCASTLE_PARADIP_PANAMAX,2025-04-17 00:00:00,2025-04-17 18:00:00,18.84,USD_PER_MT,1,v1.0,VALID,PROXY,hash_fr_002362,True
2363,FREIGHT_ID_SAMARINDA_PARADIP_SUPRA,2025-04-17 00:00:00,2025-04-17 18:00:00,11.92,USD_PER_MT,1,v1.0,VALID,PROXY,hash_fr_002363,True
2364,FREIGHT_ZA_RICHARDSBAY_PARADIP_PANAMAX,2025-04-17 00:00:00,2025-04-17 18:00:00,16.83,USD_PER_MT,1,v1.0,VALID,PROXY,hash_fr_002364,True
2365,FREIGHT_BR_TUBARAO_QINGDAO_CAPE,2025-04-17 00:00:00,2025-04-17 18:00:00,27.12,USD_PER_MT,1,v1.0,VALID,PROXY,hash_fr_002365,True
2366,FREIGHT_AU_HEDLAND_PARADIP_CAPE,2025-04-18 00:00:00,2025-04-18 18:00:00,15.16,USD_PER_MT,1,v1.0,VALID,PROXY,hash_fr_002366,True
2367,FREIGHT_AU_NEWCASTLE_PARADIP_PANAMAX,2025-04-18 00:00:00,2025-04-18 18:00:00,19.12,USD_PER_MT,1,v1.0,VALID,PROXY,hash_fr_002367,True
2368,FREIGHT_ID_SAMARINDA_PARADIP_SUPRA,2025-04-18 00:00:00,2025-04-18 18:00:00,12.3,USD_PER_MT,1,v1.0,VALID,PROXY,hash_fr_002368,True
2369,FREIGHT_ZA_RICHARDSBAY_PARADIP_PANAMAX,2025-04-18 00:00:00,2025-04-18 18:00:00,17.3,USD_PER_MT,1,v1.0,VALID,PROXY,hash_fr_002369,True
2370,FREIGHT_BR_TUBARAO_QINGDAO_CAPE,2025-04-18 00:00:00,2025-04-18 18:00:00,26.85,USD_PER_MT,1,v1.0,VALID,PROXY,hash_fr_002370,True
2371,FREIGHT_AU_HEDLAND_PARADIP_CAPE,2025-04-19 00:00:00,2025-04-19 18:00:00,15.17,USD_PER_MT,1,v1.0,VALID,PROXY,hash_fr_002371,True
2372,FREIGHT_AU_NEWCASTLE_PARADIP_PANAMAX,2025-04-19 00:00:00,2025-04-19 18:00:00,19.02,USD_PER_MT,1,v1.0,VALID,PROXY,hash_fr_002372,True
2373,FREIGHT_ID_SAMARINDA_PARADIP_SUPRA,2025-04-19 00:00:00,2025-04-19 18:00:00,12.27,USD_PER_MT,1,v1.0,VALID,PROXY,hash_fr_002373,True
2374,FREIGHT_ZA_RICHARDSBAY_PARADIP_PANAMAX,2025-04-19 00:00:00,2025-04-19 18:00:00,17.17,USD_PER_MT,1,v1.0,VALID,PROXY,hash_fr_002374,True
2375,FREIGHT_BR_TUBARAO_QINGDAO_CAPE,2025-04-19 00:00:00,2025-04-19 18:00:00,26.84,USD_PER_MT,1,v1.0,VALID,PROXY,hash_fr_002375,True
2376,FREIGHT_AU_HEDLAND_PARADIP_CAPE,2025-04-20 00:00:00,2025-04-20 18:00:00,15.88,USD_PER_MT,1,v1.0,VALID,PROXY,hash_fr_002376,True
2377,FREIGHT_AU_NEWCASTLE_PARADIP_PANAMAX,2025-04-20 00:00:00,2025-04-20 18:00:00,18.87,USD_PER_MT,1,v1.0,VALID,PROXY,hash_fr_002377,True
2378,FREIGHT_ID_SAMARINDA_PARADIP_SUPRA,2025-04-20 00:00:00,2025-04-20 18:00:00,11.96,USD_PER_MT,1,v1.0,VALID,PROXY,hash_fr_002378,True
2379,FREIGHT_ZA_RICHARDSBAY_PARADIP_PANAMAX,2025-04-20 00:00:00,2025-04-20 18:00:00,17.71,USD_PER_MT,1,v1.0,VALID,PROXY,hash_fr_002379,True
2380,FREIGHT_BR_TUBARAO_QINGDAO_CAPE,2025-04-20 00:00:00,2025-04-20 18:00:00,28.47,USD_PER_MT,1,v1.0,VALID,PROXY,hash_fr_002380,True
2381,FREIGHT_AU_HEDLAND_PARADIP_CAPE,2025-04-21 00:00:00,2025-04-21 18:00:00,15.67,USD_PER_MT,1,v1.0,VALID,PROXY,hash_fr_002381,True
2382,FREIGHT_AU_NEWCASTLE_PARADIP_PANAMAX,2025-04-21 00:00:00,2025-04-21 18:00:00,19.06,USD_PER_MT,1,v1.0,VALID,PROXY,hash_fr_002382,True
2383,FREIGHT_ID_SAMARINDA_PARADIP_SUPRA,2025-04-21 00:00:00,2025-04-21 18:00:00,12.04,USD_PER_MT,1,v1.0,VALID,PROXY,hash_fr_002383,True
2384,FREIGHT_ZA_RICHARDSBAY_PARADIP_PANAMAX,2025-04-21 00:00:00,2025-04-21 18:00:00,17.57,USD_PER_MT,1,v1.0,VALID,PROXY,hash_fr_002384,True
2385,FREIGHT_BR_TUBARAO_QINGDAO_CAPE,2025-04-21 00:00:00,2025-04-21 18:00:00,28.28,USD_PER_MT,1,v1.0,VALID,PROXY,hash_fr_002385,True
2386,FREIGHT_AU_HEDLAND_PARADIP_CAPE,2025-04-22 00:00:00,2025-04-22 18:00:00,15.84,USD_PER_MT,1,v1.0,VALID,PROXY,hash_fr_002386,True
2387,FREIGHT_AU_NEWCASTLE_PARADIP_PANAMAX,2025-04-22 00:00:00,2025-04-22 18:00:00,20.1,USD_PER_MT,1,v1.0,VALID,PROXY,hash_fr_002387,True
2388,FREIGHT_ID_SAMARINDA_PARADIP_SUPRA,2025-04-22 00:00:00,2025-04-22 18:00:00,12.41,USD_PER_MT,1,v1.0,VALID,PROXY,hash_fr_002388,True
2389,FREIGHT_ZA_RICHARDSBAY_PARADIP_PANAMAX,2025-04-22 00:00:00,2025-04-22 18:00:00,17.15,USD_PER_MT,1,v1.0,VALID,PROXY,hash_fr_002389,True
2390,FREIGHT_BR_TUBARAO_QINGDAO_CAPE,2025-04-22 00:00:00,2025-04-22 18:00:00,28.18,USD_PER_MT,1,v1.0,VALID,PROXY,hash_fr_002390,True
2391,FREIGHT_AU_HEDLAND_PARADIP_CAPE,2025-04-23 00:00:00,2025-04-23 18:00:00,15.15,USD_PER_MT,1,v1.0,VALID,PROXY,hash_fr_002391,True
2392,FREIGHT_AU_NEWCASTLE_PARADIP_PANAMAX,2025-04-23 00:00:00,2025-04-23 18:00:00,20.2,USD_PER_MT,1,v1.0,VALID,PROXY,hash_fr_002392,True
2393,FREIGHT_ID_SAMARINDA_PARADIP_SUPRA,2025-04-23 00:00:00,2025-04-23 18:00:00,12.12,USD_PER_MT,1,v1.0,VALID,PROXY,hash_fr_002393,True
2394,FREIGHT_ZA_RICHARDSBAY_PARADIP_PANAMAX,2025-04-23 00:00:00,2025-04-23 18:00:00,17.55,USD_PER_MT,1,v1.0,VALID,PROXY,hash_fr_002394,True
2395,FREIGHT_BR_TUBARAO_QINGDAO_CAPE,2025-04-23 00:00:00,2025-04-23 18:00:00,28.44,USD_PER_MT,1,v1.0,VALID,PROXY,hash_fr_002395,True
2396,FREIGHT_AU_HEDLAND_PARADIP_CAPE,2025-04-24 00:00:00,2025-04-24 18:00:00,15.72,USD_PER_MT,1,v1.0,VALID,PROXY,hash_fr_002396,True
2397,FREIGHT_AU_NEWCASTLE_PARADIP_PANAMAX,2025-04-24 00:00:00,2025-04-24 18:00:00,19.49,USD_PER_MT,1,v1.0,VALID,PROXY,hash_fr_002397,True
2398,FREIGHT_ID_SAMARINDA_PARADIP_SUPRA,2025-04-24 00:00:00,2025-04-24 18:00:00,12.52,USD_PER_MT,1,v1.0,VALID,PROXY,hash_fr_002398,True
2399,FREIGHT_ZA_RICHARDSBAY_PARADIP_PANAMAX,2025-04-24 00:00:00,2025-04-24 18:00:00,18.46,USD_PER_MT,1,v1.0,VALID,PROXY,hash_fr_002399,True
2400,FREIGHT_BR_TUBARAO_QINGDAO_CAPE,2025-04-24 00:00:00,2025-04-24 18:00:00,28.09,USD_PER_MT,1,v1.0,VALID,PROXY,hash_fr_002400,True
2401,FREIGHT_AU_HEDLAND_PARADIP_CAPE,2025-04-25 00:00:00,2025-04-25 18:00:00,16.01,USD_PER_MT,1,v1.0,VALID,PROXY,hash_fr_002401,True
2402,FREIGHT_AU_NEWCASTLE_PARADIP_PANAMAX,2025-04-25 00:00:00,2025-04-25 18:00:00,20.29,USD_PER_MT,1,v1.0,VALID,PROXY,hash_fr_002402,True
2403,FREIGHT_ID_SAMARINDA_PARADIP_SUPRA,2025-04-25 00:00:00,2025-04-25 18:00:00,12.86,USD_PER_MT,1,v1.0,VALID,PROXY,hash_fr_002403,True
2404,FREIGHT_ZA_RICHARDSBAY_PARADIP_PANAMAX,2025-04-25 00:00:00,2025-04-25 18:00:00,18.33,USD_PER_MT,1,v1.0,VALID,PROXY,hash_fr_002404,True
2405,FREIGHT_BR_TUBARAO_QINGDAO_CAPE,2025-04-25 00:00:00,2025-04-25 18:00:00,28.97,USD_PER_MT,1,v1.0,VALID,PROXY,hash_fr_002405,True
2406,FREIGHT_AU_HEDLAND_PARADIP_CAPE,2025-04-26 00:00:00,2025-04-26 18:00:00,16.35,USD_PER_MT,1,v1.0,VALID,PROXY,hash_fr_002406,True
2407,FREIGHT_AU_NEWCASTLE_PARADIP_PANAMAX,2025-04-26 00:00:00,2025-04-26 18:00:00,20.4,USD_PER_MT,1,v1.0,VALID,PROXY,hash_fr_002407,True
2408,FREIGHT_ID_SAMARINDA_PARADIP_SUPRA,2025-04-26 00:00:00,2025-04-26 18:00:00,13.16,USD_PER_MT,1,v1.0,VALID,PROXY,hash_fr_002408,True
2409,FREIGHT_ZA_RICHARDSBAY_PARADIP_PANAMAX,2025-04-26 00:00:00,2025-04-26 18:00:00,18.48,USD_PER_MT,1,v1.0,VALID,PROXY,hash_fr_002409,True
2410,FREIGHT_BR_TUBARAO_QINGDAO_CAPE,2025-04-26 00:00:00,2025-04-26 18:00:00,29.67,USD_PER_MT,1,v1.0,VALID,PROXY,hash_fr_002410,True
2411,FREIGHT_AU_HEDLAND_PARADIP_CAPE,2025-04-27 00:00:00,2025-04-27 18:00:00,16.35,USD_PER_MT,1,v1.0,VALID,PROXY,hash_fr_002411,True
2412,FREIGHT_AU_NEWCASTLE_PARADIP_PANAMAX,2025-04-27 00:00:00,2025-04-27 18:00:00,20.9,USD_PER_MT,1,v1.0,VALID,PROXY,hash_fr_002412,True
2413,FREIGHT_ID_SAMARINDA_PARADIP_SUPRA,2025-04-27 00:00:00,2025-04-27 18:00:00,13.23,USD_PER_MT,1,v1.0,VALID,PROXY,hash_fr_002413,True
2414,FREIGHT_ZA_RICHARDSBAY_PARADIP_PANAMAX,2025-04-27 00:00:00,2025-04-27 18:00:00,18.46,USD_PER_MT,1,v1.0,VALID,PROXY,hash_fr_002414,True
2415,FREIGHT_BR_TUBARAO_QINGDAO_CAPE,2025-04-27 00:00:00,2025-04-27 18:00:00,28.95,USD_PER_MT,1,v1.0,VALID,PROXY,hash_fr_002415,True
2416,FREIGHT_AU_HEDLAND_PARADIP_CAPE,2025-04-28 00:00:00,2025-04-28 18:00:00,16.72,USD_PER_MT,1,v1.0,VALID,PROXY,hash_fr_002416,True
2417,FREIGHT_AU_NEWCASTLE_PARADIP_PANAMAX,2025-04-28 00:00:00,2025-04-28 18:00:00,20.4,USD_PER_MT,1,v1.0,VALID,PROXY,hash_fr_002417,True
2418,FREIGHT_ID_SAMARINDA_PARADIP_SUPRA,2025-04-28 00:00:00,2025-04-28 18:00:00,13.14,USD_PER_MT,1,v1.0,VALID,PROXY,hash_fr_002418,True
2419,FREIGHT_ZA_RICHARDSBAY_PARADIP_PANAMAX,2025-04-28 00:00:00,2025-04-28 18:00:00,18.63,USD_PER_MT,1,v1.0,VALID,PROXY,hash_fr_002419,True
2420,FREIGHT_BR_TUBARAO_QINGDAO_CAPE,2025-04-28 00:00:00,2025-04-28 18:00:00,30.17,USD_PER_MT,1,v1.0,VALID,PROXY,hash_fr_002420,True
2421,FREIGHT_AU_HEDLAND_PARADIP_CAPE,2025-04-29 00:00:00,2025-04-29 18:00:00,16.54,USD_PER_MT,1,v1.0,VALID,PROXY,hash_fr_002421,True
2422,FREIGHT_AU_NEWCASTLE_PARADIP_PANAMAX,2025-04-29 00:00:00,2025-04-29 18:00:00,21.6,USD_PER_MT,1,v1.0,VALID,PROXY,hash_fr_002422,True
2423,FREIGHT_ID_SAMARINDA_PARADIP_SUPRA,2025-04-29 00:00:00,2025-04-29 18:00:00,13.5,USD_PER_MT,1,v1.0,VALID,PROXY,hash_fr_002423,True
2424,FREIGHT_ZA_RICHARDSBAY_PARADIP_PANAMAX,2025-04-29 00:00:00,2025-04-29 18:00:00,19.19,USD_PER_MT,1,v1.0,VALID,PROXY,hash_fr_002424,True
2425,FREIGHT_BR_TUBARAO_QINGDAO_CAPE,2025-04-29 00:00:00,2025-04-29 18:00:00,30.05,USD_PER_MT,1,v1.0,VALID,PROXY,hash_fr_002425,True
2426,FREIGHT_AU_HEDLAND_PARADIP_CAPE,2025-04-30 00:00:00,2025-04-30 18:00:00,16.67,USD_PER_MT,1,v1.0,VALID,PROXY,hash_fr_002426,True
2427,FREIGHT_AU_NEWCASTLE_PARADIP_PANAMAX,2025-04-30 00:00:00,2025-04-30 18:00:00,20.85,USD_PER_MT,1,v1.0,VALID,PROXY,hash_fr_002427,True
2428,FREIGHT_ID_SAMARINDA_PARADIP_SUPRA,2025-04-30 00:00:00,2025-04-30 18:00:00,13.53,USD_PER_MT,1,v1.0,VALID,PROXY,hash_fr_002428,True
2429,FREIGHT_ZA_RICHARDSBAY_PARADIP_PANAMAX,2025-04-30 00:00:00,2025-04-30 18:00:00,18.99,USD_PER_MT,1,v1.0,VALID,PROXY,hash_fr_002429,True
2430,FREIGHT_BR_TUBARAO_QINGDAO_CAPE,2025-04-30 00:00:00,2025-04-30 18:00:00,30.6,USD_PER_MT,1,v1.0,VALID,PROXY,hash_fr_002430,True
2431,FREIGHT_AU_HEDLAND_PARADIP_CAPE,2025-05-01 00:00:00,2025-05-01 18:00:00,17.4,USD_PER_MT,1,v1.0,VALID,PROXY,hash_fr_002431,True
2432,FREIGHT_AU_NEWCASTLE_PARADIP_PANAMAX,2025-05-01 00:00:00,2025-05-01 18:00:00,21.33,USD_PER_MT,1,v1.0,VALID,PROXY,hash_fr_002432,True
2433,FREIGHT_ID_SAMARINDA_PARADIP_SUPRA,2025-05-01 00:00:00,2025-05-01 18:00:00,13.46,USD_PER_MT,1,v1.0,VALID,PROXY,hash_fr_002433,True
2434,FREIGHT_ZA_RICHARDSBAY_PARADIP_PANAMAX,2025-05-01 00:00:00,2025-05-01 18:00:00,19.03,USD_PER_MT,1,v1.0,VALID,PROXY,hash_fr_002434,True
2435,FREIGHT_BR_TUBARAO_QINGDAO_CAPE,2025-05-01 00:00:00,2025-05-01 18:00:00,30.24,USD_PER_MT,1,v1.0,VALID,PROXY,hash_fr_002435,True
2436,FREIGHT_AU_HEDLAND_PARADIP_CAPE,2025-05-02 00:00:00,2025-05-02 18:00:00,16.94,USD_PER_MT,1,v1.0,VALID,PROXY,hash_fr_002436,True
2437,FREIGHT_AU_NEWCASTLE_PARADIP_PANAMAX,2025-05-02 00:00:00,2025-05-02 18:00:00,22.08,USD_PER_MT,1,v1.0,VALID,PROXY,hash_fr_002437,True
2438,FREIGHT_ID_SAMARINDA_PARADIP_SUPRA,2025-05-02 00:00:00,2025-05-02 18:00:00,13.32,USD_PER_MT,1,v1.0,VALID,PROXY,hash_fr_002438,True
2439,FREIGHT_ZA_RICHARDSBAY_PARADIP_PANAMAX,2025-05-02 00:00:00,2025-05-02 18:00:00,19.01,USD_PER_MT,1,v1.0,VALID,PROXY,hash_fr_002439,True
2440,FREIGHT_BR_TUBARAO_QINGDAO_CAPE,2025-05-02 00:00:00,2025-05-02 18:00:00,30.12,USD_PER_MT,1,v1.0,VALID,PROXY,hash_fr_002440,True
2441,FREIGHT_AU_HEDLAND_PARADIP_CAPE,2025-05-03 00:00:00,2025-05-03 18:00:00,17.26,USD_PER_MT,1,v1.0,VALID,PROXY,hash_fr_002441,True
2442,FREIGHT_AU_NEWCASTLE_PARADIP_PANAMAX,2025-05-03 00:00:00,2025-05-03 18:00:00,22.02,USD_PER_MT,1,v1.0,VALID,PROXY,hash_fr_002442,True
2443,FREIGHT_ID_SAMARINDA_PARADIP_SUPRA,2025-05-03 00:00:00,2025-05-03 18:00:00,13.66,USD_PER_MT,1,v1.0,VALID,PROXY,hash_fr_002443,True
2444,FREIGHT_ZA_RICHARDSBAY_PARADIP_PANAMAX,2025-05-03 00:00:00,2025-05-03 18:00:00,19.26,USD_PER_MT,1,v1.0,VALID,PROXY,hash_fr_002444,True
2445,FREIGHT_BR_TUBARAO_QINGDAO_CAPE,2025-05-03 00:00:00,2025-05-03 18:00:00,31.81,USD_PER_MT,1,v1.0,VALID,PROXY,hash_fr_002445,True
2446,FREIGHT_AU_HEDLAND_PARADIP_CAPE,2025-05-04 00:00:00,2025-05-04 18:00:00,17.01,USD_PER_MT,1,v1.0,VALID,PROXY,hash_fr_002446,True
2447,FREIGHT_AU_NEWCASTLE_PARADIP_PANAMAX,2025-05-04 00:00:00,2025-05-04 18:00:00,22.18,USD_PER_MT,1,v1.0,VALID,PROXY,hash_fr_002447,True
2448,FREIGHT_ID_SAMARINDA_PARADIP_SUPRA,2025-05-04 00:00:00,2025-05-04 18:00:00,13.8,USD_PER_MT,1,v1.0,VALID,PROXY,hash_fr_002448,True
2449,FREIGHT_ZA_RICHARDSBAY_PARADIP_PANAMAX,2025-05-04 00:00:00,2025-05-04 18:00:00,19.78,USD_PER_MT,1,v1.0,VALID,PROXY,hash_fr_002449,True
2450,FREIGHT_BR_TUBARAO_QINGDAO_CAPE,2025-05-04 00:00:00,2025-05-04 18:00:00,31.38,USD_PER_MT,1,v1.0,VALID,PROXY,hash_fr_002450,True
2451,FREIGHT_AU_HEDLAND_PARADIP_CAPE,2025-05-05 00:00:00,2025-05-05 18:00:00,17.18,USD_PER_MT,1,v1.0,VALID,PROXY,hash_fr_002451,True
2452,FREIGHT_AU_NEWCASTLE_PARADIP_PANAMAX,2025-05-05 00:00:00,2025-05-05 18:00:00,22.08,USD_PER_MT,1,v1.0,VALID,PROXY,hash_fr_002452,True
2453,FREIGHT_ID_SAMARINDA_PARADIP_SUPRA,2025-05-05 00:00:00,2025-05-05 18:00:00,13.6,USD_PER_MT,1,v1.0,VALID,PROXY,hash_fr_002453,True
2454,FREIGHT_ZA_RICHARDSBAY_PARADIP_PANAMAX,2025-05-05 00:00:00,2025-05-05 18:00:00,19.95,USD_PER_MT,1,v1.0,VALID,PROXY,hash_fr_002454,True
2455,FREIGHT_BR_TUBARAO_QINGDAO_CAPE,2025-05-05 00:00:00,2025-05-05 18:00:00,31.08,USD_PER_MT,1,v1.0,VALID,PROXY,hash_fr_002455,True
2456,FREIGHT_AU_HEDLAND_PARADIP_CAPE,2025-05-06 00:00:00,2025-05-06 18:00:00,17.64,USD_PER_MT,1,v1.0,VALID,PROXY,hash_fr_002456,True
2457,FREIGHT_AU_NEWCASTLE_PARADIP_PANAMAX,2025-05-06 00:00:00,2025-05-06 18:00:00,22.84,USD_PER_MT,1,v1.0,VALID,PROXY,hash_fr_002457,True
2458,FREIGHT_ID_SAMARINDA_PARADIP_SUPRA,2025-05-06 00:00:00,2025-05-06 18:00:00,14.28,USD_PER_MT,1,v1.0,VALID,PROXY,hash_fr_002458,True
2459,FREIGHT_ZA_RICHARDSBAY_PARADIP_PANAMAX,2025-05-06 00:00:00,2025-05-06 18:00:00,19.77,USD_PER_MT,1,v1.0,VALID,PROXY,hash_fr_002459,True
2460,FREIGHT_BR_TUBARAO_QINGDAO_CAPE,2025-05-06 00:00:00,2025-05-06 18:00:00,31.19,USD_PER_MT,1,v1.0,VALID,PROXY,hash_fr_002460,True
2461,FREIGHT_AU_HEDLAND_PARADIP_CAPE,2025-05-07 00:00:00,2025-05-07 18:00:00,16.89,USD_PER_MT,1,v1.0,VALID,PROXY,hash_fr_002461,True
2462,FREIGHT_AU_NEWCASTLE_PARADIP_PANAMAX,2025-05-07 00:00:00,2025-05-07 18:00:00,22.11,USD_PER_MT,1,v1.0,VALID,PROXY,hash_fr_002462,True
2463,FREIGHT_ID_SAMARINDA_PARADIP_SUPRA,2025-05-07 00:00:00,2025-05-07 18:00:00,13.7,USD_PER_MT,1,v1.0,VALID,PROXY,hash_fr_002463,True
2464,FREIGHT_ZA_RICHARDSBAY_PARADIP_PANAMAX,2025-05-07 00:00:00,2025-05-07 18:00:00,19.67,USD_PER_MT,1,v1.0,VALID,PROXY,hash_fr_002464,True
2465,FREIGHT_BR_TUBARAO_QINGDAO_CAPE,2025-05-07 00:00:00,2025-05-07 18:00:00,31.51,USD_PER_MT,1,v1.0,VALID,PROXY,hash_fr_002465,True
2466,FREIGHT_AU_HEDLAND_PARADIP_CAPE,2025-05-08 00:00:00,2025-05-08 18:00:00,17.65,USD_PER_MT,1,v1.0,VALID,PROXY,hash_fr_002466,True
2467,FREIGHT_AU_NEWCASTLE_PARADIP_PANAMAX,2025-05-08 00:00:00,2025-05-08 18:00:00,22.08,USD_PER_MT,1,v1.0,VALID,PROXY,hash_fr_002467,True
2468,FREIGHT_ID_SAMARINDA_PARADIP_SUPRA,2025-05-08 00:00:00,2025-05-08 18:00:00,14.23,USD_PER_MT,1,v1.0,VALID,PROXY,hash_fr_002468,True
2469,FREIGHT_ZA_RICHARDSBAY_PARADIP_PANAMAX,2025-05-08 00:00:00,2025-05-08 18:00:00,20.13,USD_PER_MT,1,v1.0,VALID,PROXY,hash_fr_002469,True
2470,FREIGHT_BR_TUBARAO_QINGDAO_CAPE,2025-05-08 00:00:00,2025-05-08 18:00:00,31.74,USD_PER_MT,1,v1.0,VALID,PROXY,hash_fr_002470,True
2471,FREIGHT_AU_HEDLAND_PARADIP_CAPE,2025-05-09 00:00:00,2025-05-09 18:00:00,17.56,USD_PER_MT,1,v1.0,VALID,PROXY,hash_fr_002471,True
2472,FREIGHT_AU_NEWCASTLE_PARADIP_PANAMAX,2025-05-09 00:00:00,2025-05-09 18:00:00,22.2,USD_PER_MT,1,v1.0,VALID,PROXY,hash_fr_002472,True
2473,FREIGHT_ID_SAMARINDA_PARADIP_SUPRA,2025-05-09 00:00:00,2025-05-09 18:00:00,14.02,USD_PER_MT,1,v1.0,VALID,PROXY,hash_fr_002473,True
2474,FREIGHT_ZA_RICHARDSBAY_PARADIP_PANAMAX,2025-05-09 00:00:00,2025-05-09 18:00:00,20.27,USD_PER_MT,1,v1.0,VALID,PROXY,hash_fr_002474,True
2475,FREIGHT_BR_TUBARAO_QINGDAO_CAPE,2025-05-09 00:00:00,2025-05-09 18:00:00,31.86,USD_PER_MT,1,v1.0,VALID,PROXY,hash_fr_002475,True
2476,FREIGHT_AU_HEDLAND_PARADIP_CAPE,2025-05-10 00:00:00,2025-05-10 18:00:00,17.45,USD_PER_MT,1,v1.0,VALID,PROXY,hash_fr_002476,True
2477,FREIGHT_AU_NEWCASTLE_PARADIP_PANAMAX,2025-05-10 00:00:00,2025-05-10 18:00:00,22.56,USD_PER_MT,1,v1.0,VALID,PROXY,hash_fr_002477,True
2478,FREIGHT_ID_SAMARINDA_PARADIP_SUPRA,2025-05-10 00:00:00,2025-05-10 18:00:00,14.25,USD_PER_MT,1,v1.0,VALID,PROXY,hash_fr_002478,True
2479,FREIGHT_ZA_RICHARDSBAY_PARADIP_PANAMAX,2025-05-10 00:00:00,2025-05-10 18:00:00,19.45,USD_PER_MT,1,v1.0,VALID,PROXY,hash_fr_002479,True
2480,FREIGHT_BR_TUBARAO_QINGDAO_CAPE,2025-05-10 00:00:00,2025-05-10 18:00:00,31.48,USD_PER_MT,1,v1.0,VALID,PROXY,hash_fr_002480,True
2481,FREIGHT_AU_HEDLAND_PARADIP_CAPE,2025-05-11 00:00:00,2025-05-11 18:00:00,17.71,USD_PER_MT,1,v1.0,VALID,PROXY,hash_fr_002481,True
2482,FREIGHT_AU_NEWCASTLE_PARADIP_PANAMAX,2025-05-11 00:00:00,2025-05-11 18:00:00,22.56,USD_PER_MT,1,v1.0,VALID,PROXY,hash_fr_002482,True
2483,FREIGHT_ID_SAMARINDA_PARADIP_SUPRA,2025-05-11 00:00:00,2025-05-11 18:00:00,13.97,USD_PER_MT,1,v1.0,VALID,PROXY,hash_fr_002483,True
2484,FREIGHT_ZA_RICHARDSBAY_PARADIP_PANAMAX,2025-05-11 00:00:00,2025-05-11 18:00:00,20.41,USD_PER_MT,1,v1.0,VALID,PROXY,hash_fr_002484,True
2485,FREIGHT_BR_TUBARAO_QINGDAO_CAPE,2025-05-11 00:00:00,2025-05-11 18:00:00,31.34,USD_PER_MT,1,v1.0,VALID,PROXY,hash_fr_002485,True
2486,FREIGHT_AU_HEDLAND_PARADIP_CAPE,2025-05-12 00:00:00,2025-05-12 18:00:00,17.39,USD_PER_MT,1,v1.0,VALID,PROXY,hash_fr_002486,True
2487,FREIGHT_AU_NEWCASTLE_PARADIP_PANAMAX,2025-05-12 00:00:00,2025-05-12 18:00:00,22.72,USD_PER_MT,1,v1.0,VALID,PROXY,hash_fr_002487,True
2488,FREIGHT_ID_SAMARINDA_PARADIP_SUPRA,2025-05-12 00:00:00,2025-05-12 18:00:00,14.25,USD_PER_MT,1,v1.0,VALID,PROXY,hash_fr_002488,True
2489,FREIGHT_ZA_RICHARDSBAY_PARADIP_PANAMAX,2025-05-12 00:00:00,2025-05-12 18:00:00,20.01,USD_PER_MT,1,v1.0,VALID,PROXY,hash_fr_002489,True
2490,FREIGHT_BR_TUBARAO_QINGDAO_CAPE,2025-05-12 00:00:00,2025-05-12 18:00:00,31.72,USD_PER_MT,1,v1.0,VALID,PROXY,hash_fr_002490,True
2491,FREIGHT_AU_HEDLAND_PARADIP_CAPE,2025-05-13 00:00:00,2025-05-13 18:00:00,17.65,USD_PER_MT,1,v1.0,VALID,PROXY,hash_fr_002491,True
2492,FREIGHT_AU_NEWCASTLE_PARADIP_PANAMAX,2025-05-13 00:00:00,2025-05-13 18:00:00,22.08,USD_PER_MT,1,v1.0,VALID,PROXY,hash_fr_002492,True
2493,FREIGHT_ID_SAMARINDA_PARADIP_SUPRA,2025-05-13 00:00:00,2025-05-13 18:00:00,14.14,USD_PER_MT,1,v1.0,VALID,PROXY,hash_fr_002493,True
2494,FREIGHT_ZA_RICHARDSBAY_PARADIP_PANAMAX,2025-05-13 00:00:00,2025-05-13 18:00:00,19.76,USD_PER_MT,1,v1.0,VALID,PROXY,hash_fr_002494,True
2495,FREIGHT_BR_TUBARAO_QINGDAO_CAPE,2025-05-13 00:00:00,2025-05-13 18:00:00,31.29,USD_PER_MT,1,v1.0,VALID,PROXY,hash_fr_002495,True
2496,FREIGHT_AU_HEDLAND_PARADIP_CAPE,2025-05-14 00:00:00,2025-05-14 18:00:00,17.93,USD_PER_MT,1,v1.0,VALID,PROXY,hash_fr_002496,True
2497,FREIGHT_AU_NEWCASTLE_PARADIP_PANAMAX,2025-05-14 00:00:00,2025-05-14 18:00:00,22.44,USD_PER_MT,1,v1.0,VALID,PROXY,hash_fr_002497,True
2498,FREIGHT_ID_SAMARINDA_PARADIP_SUPRA,2025-05-14 00:00:00,2025-05-14 18:00:00,14.32,USD_PER_MT,1,v1.0,VALID,PROXY,hash_fr_002498,True
2499,FREIGHT_ZA_RICHARDSBAY_PARADIP_PANAMAX,2025-05-14 00:00:00,2025-05-14 18:00:00,19.86,USD_PER_MT,1,v1.0,VALID,PROXY,hash_fr_002499,True
2500,FREIGHT_BR_TUBARAO_QINGDAO_CAPE,2025-05-14 00:00:00,2025-05-14 18:00:00,31.8,USD_PER_MT,1,v1.0,VALID,PROXY,hash_fr_002500,True
2501,FREIGHT_AU_HEDLAND_PARADIP_CAPE,2025-05-15 00:00:00,2025-05-15 18:00:00,17.48,USD_PER_MT,1,v1.0,VALID,PROXY,hash_fr_002501,True
2502,FREIGHT_AU_NEWCASTLE_PARADIP_PANAMAX,2025-05-15 00:00:00,2025-05-15 18:00:00,21.72,USD_PER_MT,1,v1.0,VALID,PROXY,hash_fr_002502,True
2503,FREIGHT_ID_SAMARINDA_PARADIP_SUPRA,2025-05-15 00:00:00,2025-05-15 18:00:00,14.19,USD_PER_MT,1,v1.0,VALID,PROXY,hash_fr_002503,True
2504,FREIGHT_ZA_RICHARDSBAY_PARADIP_PANAMAX,2025-05-15 00:00:00,2025-05-15 18:00:00,19.8,USD_PER_MT,1,v1.0,VALID,PROXY,hash_fr_002504,True
2505,FREIGHT_BR_TUBARAO_QINGDAO_CAPE,2025-05-15 00:00:00,2025-05-15 18:00:00,31.05,USD_PER_MT,1,v1.0,VALID,PROXY,hash_fr_002505,True
2506,FREIGHT_AU_HEDLAND_PARADIP_CAPE,2025-05-16 00:00:00,2025-05-16 18:00:00,17.35,USD_PER_MT,1,v1.0,VALID,PROXY,hash_fr_002506,True
2507,FREIGHT_AU_NEWCASTLE_PARADIP_PANAMAX,2025-05-16 00:00:00,2025-05-16 18:00:00,22.1,USD_PER_MT,1,v1.0,VALID,PROXY,hash_fr_002507,True
2508,FREIGHT_ID_SAMARINDA_PARADIP_SUPRA,2025-05-16 00:00:00,2025-05-16 18:00:00,14.19,USD_PER_MT,1,v1.0,VALID,PROXY,hash_fr_002508,True
2509,FREIGHT_ZA_RICHARDSBAY_PARADIP_PANAMAX,2025-05-16 00:00:00,2025-05-16 18:00:00,19.8,USD_PER_MT,1,v1.0,VALID,PROXY,hash_fr_002509,True
2510,FREIGHT_BR_TUBARAO_QINGDAO_CAPE,2025-05-16 00:00:00,2025-05-16 18:00:00,31.21,USD_PER_MT,1,v1.0,VALID,PROXY,hash_fr_002510,True
2511,FREIGHT_AU_HEDLAND_PARADIP_CAPE,2025-05-17 00:00:00,2025-05-17 18:00:00,17.43,USD_PER_MT,1,v1.0,VALID,PROXY,hash_fr_002511,True
2512,FREIGHT_AU_NEWCASTLE_PARADIP_PANAMAX,2025-05-17 00:00:00,2025-05-17 18:00:00,22.04,USD_PER_MT,1,v1.0,VALID,PROXY,hash_fr_002512,True
2513,FREIGHT_ID_SAMARINDA_PARADIP_SUPRA,2025-05-17 00:00:00,2025-05-17 18:00:00,14.03,USD_PER_MT,1,v1.0,VALID,PROXY,hash_fr_002513,True
2514,FREIGHT_ZA_RICHARDSBAY_PARADIP_PANAMAX,2025-05-17 00:00:00,2025-05-17 18:00:00,19.21,USD_PER_MT,1,v1.0,VALID,PROXY,hash_fr_002514,True
2515,FREIGHT_BR_TUBARAO_QINGDAO_CAPE,2025-05-17 00:00:00,2025-05-17 18:00:00,31.26,USD_PER_MT,1,v1.0,VALID,PROXY,hash_fr_002515,True
2516,FREIGHT_AU_HEDLAND_PARADIP_CAPE,2025-05-18 00:00:00,2025-05-18 18:00:00,17.47,USD_PER_MT,1,v1.0,VALID,PROXY,hash_fr_002516,True
2517,FREIGHT_AU_NEWCASTLE_PARADIP_PANAMAX,2025-05-18 00:00:00,2025-05-18 18:00:00,22.24,USD_PER_MT,1,v1.0,VALID,PROXY,hash_fr_002517,True
2518,FREIGHT_ID_SAMARINDA_PARADIP_SUPRA,2025-05-18 00:00:00,2025-05-18 18:00:00,14.1,USD_PER_MT,1,v1.0,VALID,PROXY,hash_fr_002518,True
2519,FREIGHT_ZA_RICHARDSBAY_PARADIP_PANAMAX,2025-05-18 00:00:00,2025-05-18 18:00:00,19.67,USD_PER_MT,1,v1.0,VALID,PROXY,hash_fr_002519,True
2520,FREIGHT_BR_TUBARAO_QINGDAO_CAPE,2025-05-18 00:00:00,2025-05-18 18:00:00,32.07,USD_PER_MT,1,v1.0,VALID,PROXY,hash_fr_002520,True
2521,FREIGHT_AU_HEDLAND_PARADIP_CAPE,2025-05-19 00:00:00,2025-05-19 18:00:00,17.5,USD_PER_MT,1,v1.0,VALID,PROXY,hash_fr_002521,True
2522,FREIGHT_AU_NEWCASTLE_PARADIP_PANAMAX,2025-05-19 00:00:00,2025-05-19 18:00:00,21.65,USD_PER_MT,1,v1.0,VALID,PROXY,hash_fr_002522,True
2523,FREIGHT_ID_SAMARINDA_PARADIP_SUPRA,2025-05-19 00:00:00,2025-05-19 18:00:00,13.75,USD_PER_MT,1,v1.0,VALID,PROXY,hash_fr_002523,True
2524,FREIGHT_ZA_RICHARDSBAY_PARADIP_PANAMAX,2025-05-19 00:00:00,2025-05-19 18:00:00,19.28,USD_PER_MT,1,v1.0,VALID,PROXY,hash_fr_002524,True
2525,FREIGHT_BR_TUBARAO_QINGDAO_CAPE,2025-05-19 00:00:00,2025-05-19 18:00:00,31.97,USD_PER_MT,1,v1.0,VALID,PROXY,hash_fr_002525,True
2526,FREIGHT_AU_HEDLAND_PARADIP_CAPE,2025-05-20 00:00:00,2025-05-20 18:00:00,17.28,USD_PER_MT,1,v1.0,VALID,PROXY,hash_fr_002526,True
2527,FREIGHT_AU_NEWCASTLE_PARADIP_PANAMAX,2025-05-20 00:00:00,2025-05-20 18:00:00,22.37,USD_PER_MT,1,v1.0,VALID,PROXY,hash_fr_002527,True
2528,FREIGHT_ID_SAMARINDA_PARADIP_SUPRA,2025-05-20 00:00:00,2025-05-20 18:00:00,14.04,USD_PER_MT,1,v1.0,VALID,PROXY,hash_fr_002528,True
2529,FREIGHT_ZA_RICHARDSBAY_PARADIP_PANAMAX,2025-05-20 00:00:00,2025-05-20 18:00:00,19.39,USD_PER_MT,1,v1.0,VALID,PROXY,hash_fr_002529,True
2530,FREIGHT_BR_TUBARAO_QINGDAO_CAPE,2025-05-20 00:00:00,2025-05-20 18:00:00,30.81,USD_PER_MT,1,v1.0,VALID,PROXY,hash_fr_002530,True
2531,FREIGHT_AU_HEDLAND_PARADIP_CAPE,2025-05-21 00:00:00,2025-05-21 18:00:00,17.42,USD_PER_MT,1,v1.0,VALID,PROXY,hash_fr_002531,True
2532,FREIGHT_AU_NEWCASTLE_PARADIP_PANAMAX,2025-05-21 00:00:00,2025-05-21 18:00:00,21.77,USD_PER_MT,1,v1.0,VALID,PROXY,hash_fr_002532,True
2533,FREIGHT_ID_SAMARINDA_PARADIP_SUPRA,2025-05-21 00:00:00,2025-05-21 18:00:00,13.78,USD_PER_MT,1,v1.0,VALID,PROXY,hash_fr_002533,True
2534,FREIGHT_ZA_RICHARDSBAY_PARADIP_PANAMAX,2025-05-21 00:00:00,2025-05-21 18:00:00,19.32,USD_PER_MT,1,v1.0,VALID,PROXY,hash_fr_002534,True
2535,FREIGHT_BR_TUBARAO_QINGDAO_CAPE,2025-05-21 00:00:00,2025-05-21 18:00:00,30.84,USD_PER_MT,1,v1.0,VALID,PROXY,hash_fr_002535,True
2536,FREIGHT_AU_HEDLAND_PARADIP_CAPE,2025-05-22 00:00:00,2025-05-22 18:00:00,17.14,USD_PER_MT,1,v1.0,VALID,PROXY,hash_fr_002536,True
2537,FREIGHT_AU_NEWCASTLE_PARADIP_PANAMAX,2025-05-22 00:00:00,2025-05-22 18:00:00,22.32,USD_PER_MT,1,v1.0,VALID,PROXY,hash_fr_002537,True
2538,FREIGHT_ID_SAMARINDA_PARADIP_SUPRA,2025-05-22 00:00:00,2025-05-22 18:00:00,13.35,USD_PER_MT,1,v1.0,VALID,PROXY,hash_fr_002538,True
2539,FREIGHT_ZA_RICHARDSBAY_PARADIP_PANAMAX,2025-05-22 00:00:00,2025-05-22 18:00:00,19.65,USD_PER_MT,1,v1.0,VALID,PROXY,hash_fr_002539,True
2540,FREIGHT_BR_TUBARAO_QINGDAO_CAPE,2025-05-22 00:00:00,2025-05-22 18:00:00,30.94,USD_PER_MT,1,v1.0,VALID,PROXY,hash_fr_002540,True
2541,FREIGHT_AU_HEDLAND_PARADIP_CAPE,2025-05-23 00:00:00,2025-05-23 18:00:00,16.92,USD_PER_MT,1,v1.0,VALID,PROXY,hash_fr_002541,True
2542,FREIGHT_AU_NEWCASTLE_PARADIP_PANAMAX,2025-05-23 00:00:00,2025-05-23 18:00:00,21.46,USD_PER_MT,1,v1.0,VALID,PROXY,hash_fr_002542,True
2543,FREIGHT_ID_SAMARINDA_PARADIP_SUPRA,2025-05-23 00:00:00,2025-05-23 18:00:00,13.53,USD_PER_MT,1,v1.0,VALID,PROXY,hash_fr_002543,True
2544,FREIGHT_ZA_RICHARDSBAY_PARADIP_PANAMAX,2025-05-23 00:00:00,2025-05-23 18:00:00,18.98,USD_PER_MT,1,v1.0,VALID,PROXY,hash_fr_002544,True
2545,FREIGHT_BR_TUBARAO_QINGDAO_CAPE,2025-05-23 00:00:00,2025-05-23 18:00:00,30.43,USD_PER_MT,1,v1.0,VALID,PROXY,hash_fr_002545,True
2546,FREIGHT_AU_HEDLAND_PARADIP_CAPE,2025-05-24 00:00:00,2025-05-24 18:00:00,16.9,USD_PER_MT,1,v1.0,VALID,PROXY,hash_fr_002546,True
2547,FREIGHT_AU_NEWCASTLE_PARADIP_PANAMAX,2025-05-24 00:00:00,2025-05-24 18:00:00,21.49,USD_PER_MT,1,v1.0,VALID,PROXY,hash_fr_002547,True
2548,FREIGHT_ID_SAMARINDA_PARADIP_SUPRA,2025-05-24 00:00:00,2025-05-24 18:00:00,13.14,USD_PER_MT,1,v1.0,VALID,PROXY,hash_fr_002548,True
2549,FREIGHT_ZA_RICHARDSBAY_PARADIP_PANAMAX,2025-05-24 00:00:00,2025-05-24 18:00:00,18.93,USD_PER_MT,1,v1.0,VALID,PROXY,hash_fr_002549,True
2550,FREIGHT_BR_TUBARAO_QINGDAO_CAPE,2025-05-24 00:00:00,2025-05-24 18:00:00,31.06,USD_PER_MT,1,v1.0,VALID,PROXY,hash_fr_002550,True
2551,FREIGHT_AU_HEDLAND_PARADIP_CAPE,2025-05-25 00:00:00,2025-05-25 18:00:00,16.63,USD_PER_MT,1,v1.0,VALID,PROXY,hash_fr_002551,True
2552,FREIGHT_AU_NEWCASTLE_PARADIP_PANAMAX,2025-05-25 00:00:00,2025-05-25 18:00:00,20.77,USD_PER_MT,1,v1.0,VALID,PROXY,hash_fr_002552,True
2553,FREIGHT_ID_SAMARINDA_PARADIP_SUPRA,2025-05-25 00:00:00,2025-05-25 18:00:00,13.23,USD_PER_MT,1,v1.0,VALID,PROXY,hash_fr_002553,True
2554,FREIGHT_ZA_RICHARDSBAY_PARADIP_PANAMAX,2025-05-25 00:00:00,2025-05-25 18:00:00,18.85,USD_PER_MT,1,v1.0,VALID,PROXY,hash_fr_002554,True
2555,FREIGHT_BR_TUBARAO_QINGDAO_CAPE,2025-05-25 00:00:00,2025-05-25 18:00:00,30.51,USD_PER_MT,1,v1.0,VALID,PROXY,hash_fr_002555,True
2556,FREIGHT_AU_HEDLAND_PARADIP_CAPE,2025-05-26 00:00:00,2025-05-26 18:00:00,16.6,USD_PER_MT,1,v1.0,VALID,PROXY,hash_fr_002556,True
2557,FREIGHT_AU_NEWCASTLE_PARADIP_PANAMAX,2025-05-26 00:00:00,2025-05-26 18:00:00,21.1,USD_PER_MT,1,v1.0,VALID,PROXY,hash_fr_002557,True
2558,FREIGHT_ID_SAMARINDA_PARADIP_SUPRA,2025-05-26 00:00:00,2025-05-26 18:00:00,12.77,USD_PER_MT,1,v1.0,VALID,PROXY,hash_fr_002558,True
2559,FREIGHT_ZA_RICHARDSBAY_PARADIP_PANAMAX,2025-05-26 00:00:00,2025-05-26 18:00:00,19.32,USD_PER_MT,1,v1.0,VALID,PROXY,hash_fr_002559,True
2560,FREIGHT_BR_TUBARAO_QINGDAO_CAPE,2025-05-26 00:00:00,2025-05-26 18:00:00,29.43,USD_PER_MT,1,v1.0,VALID,PROXY,hash_fr_002560,True
2561,FREIGHT_AU_HEDLAND_PARADIP_CAPE,2025-05-27 00:00:00,2025-05-27 18:00:00,16.68,USD_PER_MT,1,v1.0,VALID,PROXY,hash_fr_002561,True
2562,FREIGHT_AU_NEWCASTLE_PARADIP_PANAMAX,2025-05-27 00:00:00,2025-05-27 18:00:00,21.17,USD_PER_MT,1,v1.0,VALID,PROXY,hash_fr_002562,True
2563,FREIGHT_ID_SAMARINDA_PARADIP_SUPRA,2025-05-27 00:00:00,2025-05-27 18:00:00,13.29,USD_PER_MT,1,v1.0,VALID,PROXY,hash_fr_002563,True
2564,FREIGHT_ZA_RICHARDSBAY_PARADIP_PANAMAX,2025-05-27 00:00:00,2025-05-27 18:00:00,18.84,USD_PER_MT,1,v1.0,VALID,PROXY,hash_fr_002564,True
2565,FREIGHT_BR_TUBARAO_QINGDAO_CAPE,2025-05-27 00:00:00,2025-05-27 18:00:00,29.85,USD_PER_MT,1,v1.0,VALID,PROXY,hash_fr_002565,True
2566,FREIGHT_AU_HEDLAND_PARADIP_CAPE,2025-05-28 00:00:00,2025-05-28 18:00:00,16.06,USD_PER_MT,1,v1.0,VALID,PROXY,hash_fr_002566,True
2567,FREIGHT_AU_NEWCASTLE_PARADIP_PANAMAX,2025-05-28 00:00:00,2025-05-28 18:00:00,20.73,USD_PER_MT,1,v1.0,VALID,PROXY,hash_fr_002567,True
2568,FREIGHT_ID_SAMARINDA_PARADIP_SUPRA,2025-05-28 00:00:00,2025-05-28 18:00:00,13.05,USD_PER_MT,1,v1.0,VALID,PROXY,hash_fr_002568,True
2569,FREIGHT_ZA_RICHARDSBAY_PARADIP_PANAMAX,2025-05-28 00:00:00,2025-05-28 18:00:00,18.95,USD_PER_MT,1,v1.0,VALID,PROXY,hash_fr_002569,True
2570,FREIGHT_BR_TUBARAO_QINGDAO_CAPE,2025-05-28 00:00:00,2025-05-28 18:00:00,29.18,USD_PER_MT,1,v1.0,VALID,PROXY,hash_fr_002570,True
2571,FREIGHT_AU_HEDLAND_PARADIP_CAPE,2025-05-29 00:00:00,2025-05-29 18:00:00,16.55,USD_PER_MT,1,v1.0,VALID,PROXY,hash_fr_002571,True
2572,FREIGHT_AU_NEWCASTLE_PARADIP_PANAMAX,2025-05-29 00:00:00,2025-05-29 18:00:00,21.09,USD_PER_MT,1,v1.0,VALID,PROXY,hash_fr_002572,True
2573,FREIGHT_ID_SAMARINDA_PARADIP_SUPRA,2025-05-29 00:00:00,2025-05-29 18:00:00,12.97,USD_PER_MT,1,v1.0,VALID,PROXY,hash_fr_002573,True
2574,FREIGHT_ZA_RICHARDSBAY_PARADIP_PANAMAX,2025-05-29 00:00:00,2025-05-29 18:00:00,18.77,USD_PER_MT,1,v1.0,VALID,PROXY,hash_fr_002574,True
2575,FREIGHT_BR_TUBARAO_QINGDAO_CAPE,2025-05-29 00:00:00,2025-05-29 18:00:00,30.24,USD_PER_MT,1,v1.0,VALID,PROXY,hash_fr_002575,True
2576,FREIGHT_AU_HEDLAND_PARADIP_CAPE,2025-05-30 00:00:00,2025-05-30 18:00:00,16.56,USD_PER_MT,1,v1.0,VALID,PROXY,hash_fr_002576,True
2577,FREIGHT_AU_NEWCASTLE_PARADIP_PANAMAX,2025-05-30 00:00:00,2025-05-30 18:00:00,20.64,USD_PER_MT,1,v1.0,VALID,PROXY,hash_fr_002577,True
2578,FREIGHT_ID_SAMARINDA_PARADIP_SUPRA,2025-05-30 00:00:00,2025-05-30 18:00:00,12.86,USD_PER_MT,1,v1.0,VALID,PROXY,hash_fr_002578,True
2579,FREIGHT_ZA_RICHARDSBAY_PARADIP_PANAMAX,2025-05-30 00:00:00,2025-05-30 18:00:00,18.35,USD_PER_MT,1,v1.0,VALID,PROXY,hash_fr_002579,True
2580,FREIGHT_BR_TUBARAO_QINGDAO_CAPE,2025-05-30 00:00:00,2025-05-30 18:00:00,29.92,USD_PER_MT,1,v1.0,VALID,PROXY,hash_fr_002580,True
2581,FREIGHT_AU_HEDLAND_PARADIP_CAPE,2025-05-31 00:00:00,2025-05-31 18:00:00,15.99,USD_PER_MT,1,v1.0,VALID,PROXY,hash_fr_002581,True
2582,FREIGHT_AU_NEWCASTLE_PARADIP_PANAMAX,2025-05-31 00:00:00,2025-05-31 18:00:00,20.46,USD_PER_MT,1,v1.0,VALID,PROXY,hash_fr_002582,True
2583,FREIGHT_ID_SAMARINDA_PARADIP_SUPRA,2025-05-31 00:00:00,2025-05-31 18:00:00,12.94,USD_PER_MT,1,v1.0,VALID,PROXY,hash_fr_002583,True
2584,FREIGHT_ZA_RICHARDSBAY_PARADIP_PANAMAX,2025-05-31 00:00:00,2025-05-31 18:00:00,18.23,USD_PER_MT,1,v1.0,VALID,PROXY,hash_fr_002584,True
2585,FREIGHT_BR_TUBARAO_QINGDAO_CAPE,2025-05-31 00:00:00,2025-05-31 18:00:00,28.93,USD_PER_MT,1,v1.0,VALID,PROXY,hash_fr_002585,True
2586,FREIGHT_AU_HEDLAND_PARADIP_CAPE,2025-06-01 00:00:00,2025-06-01 18:00:00,16.0,USD_PER_MT,1,v1.0,VALID,PROXY,hash_fr_002586,True
2587,FREIGHT_AU_NEWCASTLE_PARADIP_PANAMAX,2025-06-01 00:00:00,2025-06-01 18:00:00,20.1,USD_PER_MT,1,v1.0,VALID,PROXY,hash_fr_002587,True
2588,FREIGHT_ID_SAMARINDA_PARADIP_SUPRA,2025-06-01 00:00:00,2025-06-01 18:00:00,13.17,USD_PER_MT,1,v1.0,VALID,PROXY,hash_fr_002588,True
2589,FREIGHT_ZA_RICHARDSBAY_PARADIP_PANAMAX,2025-06-01 00:00:00,2025-06-01 18:00:00,18.71,USD_PER_MT,1,v1.0,VALID,PROXY,hash_fr_002589,True
2590,FREIGHT_BR_TUBARAO_QINGDAO_CAPE,2025-06-01 00:00:00,2025-06-01 18:00:00,29.02,USD_PER_MT,1,v1.0,VALID,PROXY,hash_fr_002590,True
2591,FREIGHT_AU_HEDLAND_PARADIP_CAPE,2025-06-02 00:00:00,2025-06-02 18:00:00,16.18,USD_PER_MT,1,v1.0,VALID,PROXY,hash_fr_002591,True
2592,FREIGHT_AU_NEWCASTLE_PARADIP_PANAMAX,2025-06-02 00:00:00,2025-06-02 18:00:00,20.44,USD_PER_MT,1,v1.0,VALID,PROXY,hash_fr_002592,True
2593,FREIGHT_ID_SAMARINDA_PARADIP_SUPRA,2025-06-02 00:00:00,2025-06-02 18:00:00,12.83,USD_PER_MT,1,v1.0,VALID,PROXY,hash_fr_002593,True
2594,FREIGHT_ZA_RICHARDSBAY_PARADIP_PANAMAX,2025-06-02 00:00:00,2025-06-02 18:00:00,18.54,USD_PER_MT,1,v1.0,VALID,PROXY,hash_fr_002594,True
2595,FREIGHT_BR_TUBARAO_QINGDAO_CAPE,2025-06-02 00:00:00,2025-06-02 18:00:00,29.12,USD_PER_MT,1,v1.0,VALID,PROXY,hash_fr_002595,True
2596,FREIGHT_AU_HEDLAND_PARADIP_CAPE,2025-06-03 00:00:00,2025-06-03 18:00:00,16.62,USD_PER_MT,1,v1.0,VALID,PROXY,hash_fr_002596,True
2597,FREIGHT_AU_NEWCASTLE_PARADIP_PANAMAX,2025-06-03 00:00:00,2025-06-03 18:00:00,20.27,USD_PER_MT,1,v1.0,VALID,PROXY,hash_fr_002597,True
2598,FREIGHT_ID_SAMARINDA_PARADIP_SUPRA,2025-06-03 00:00:00,2025-06-03 18:00:00,12.3,USD_PER_MT,1,v1.0,VALID,PROXY,hash_fr_002598,True
2599,FREIGHT_ZA_RICHARDSBAY_PARADIP_PANAMAX,2025-06-03 00:00:00,2025-06-03 18:00:00,18.46,USD_PER_MT,1,v1.0,VALID,PROXY,hash_fr_002599,True
2600,FREIGHT_BR_TUBARAO_QINGDAO_CAPE,2025-06-03 00:00:00,2025-06-03 18:00:00,29.34,USD_PER_MT,1,v1.0,VALID,PROXY,hash_fr_002600,True
2601,FREIGHT_AU_HEDLAND_PARADIP_CAPE,2025-06-04 00:00:00,2025-06-04 18:00:00,16.04,USD_PER_MT,1,v1.0,VALID,PROXY,hash_fr_002601,True
2602,FREIGHT_AU_NEWCASTLE_PARADIP_PANAMAX,2025-06-04 00:00:00,2025-06-04 18:00:00,20.66,USD_PER_MT,1,v1.0,VALID,PROXY,hash_fr_002602,True
2603,FREIGHT_ID_SAMARINDA_PARADIP_SUPRA,2025-06-04 00:00:00,2025-06-04 18:00:00,12.53,USD_PER_MT,1,v1.0,VALID,PROXY,hash_fr_002603,True
2604,FREIGHT_ZA_RICHARDSBAY_PARADIP_PANAMAX,2025-06-04 00:00:00,2025-06-04 18:00:00,18.27,USD_PER_MT,1,v1.0,VALID,PROXY,hash_fr_002604,True
2605,FREIGHT_BR_TUBARAO_QINGDAO_CAPE,2025-06-04 00:00:00,2025-06-04 18:00:00,28.72,USD_PER_MT,1,v1.0,VALID,PROXY,hash_fr_002605,True
2606,FREIGHT_AU_HEDLAND_PARADIP_CAPE,2025-06-05 00:00:00,2025-06-05 18:00:00,16.32,USD_PER_MT,1,v1.0,VALID,PROXY,hash_fr_002606,True
2607,FREIGHT_AU_NEWCASTLE_PARADIP_PANAMAX,2025-06-05 00:00:00,2025-06-05 18:00:00,20.34,USD_PER_MT,1,v1.0,VALID,PROXY,hash_fr_002607,True
2608,FREIGHT_ID_SAMARINDA_PARADIP_SUPRA,2025-06-05 00:00:00,2025-06-05 18:00:00,12.31,USD_PER_MT,1,v1.0,VALID,PROXY,hash_fr_002608,True
2609,FREIGHT_ZA_RICHARDSBAY_PARADIP_PANAMAX,2025-06-05 00:00:00,2025-06-05 18:00:00,17.95,USD_PER_MT,1,v1.0,VALID,PROXY,hash_fr_002609,True
2610,FREIGHT_BR_TUBARAO_QINGDAO_CAPE,2025-06-05 00:00:00,2025-06-05 18:00:00,28.44,USD_PER_MT,1,v1.0,VALID,PROXY,hash_fr_002610,True
2611,FREIGHT_AU_HEDLAND_PARADIP_CAPE,2025-06-06 00:00:00,2025-06-06 18:00:00,16.11,USD_PER_MT,1,v1.0,VALID,PROXY,hash_fr_002611,True
2612,FREIGHT_AU_NEWCASTLE_PARADIP_PANAMAX,2025-06-06 00:00:00,2025-06-06 18:00:00,19.4,USD_PER_MT,1,v1.0,VALID,PROXY,hash_fr_002612,True
2613,FREIGHT_ID_SAMARINDA_PARADIP_SUPRA,2025-06-06 00:00:00,2025-06-06 18:00:00,12.98,USD_PER_MT,1,v1.0,VALID,PROXY,hash_fr_002613,True
2614,FREIGHT_ZA_RICHARDSBAY_PARADIP_PANAMAX,2025-06-06 00:00:00,2025-06-06 18:00:00,17.91,USD_PER_MT,1,v1.0,VALID,PROXY,hash_fr_002614,True
2615,FREIGHT_BR_TUBARAO_QINGDAO_CAPE,2025-06-06 00:00:00,2025-06-06 18:00:00,28.5,USD_PER_MT,1,v1.0,VALID,PROXY,hash_fr_002615,True
2616,FREIGHT_AU_HEDLAND_PARADIP_CAPE,2025-06-07 00:00:00,2025-06-07 18:00:00,15.59,USD_PER_MT,1,v1.0,VALID,PROXY,hash_fr_002616,True
2617,FREIGHT_AU_NEWCASTLE_PARADIP_PANAMAX,2025-06-07 00:00:00,2025-06-07 18:00:00,19.5,USD_PER_MT,1,v1.0,VALID,PROXY,hash_fr_002617,True
2618,FREIGHT_ID_SAMARINDA_PARADIP_SUPRA,2025-06-07 00:00:00,2025-06-07 18:00:00,12.22,USD_PER_MT,1,v1.0,VALID,PROXY,hash_fr_002618,True
2619,FREIGHT_ZA_RICHARDSBAY_PARADIP_PANAMAX,2025-06-07 00:00:00,2025-06-07 18:00:00,17.44,USD_PER_MT,1,v1.0,VALID,PROXY,hash_fr_002619,True
2620,FREIGHT_BR_TUBARAO_QINGDAO_CAPE,2025-06-07 00:00:00,2025-06-07 18:00:00,28.61,USD_PER_MT,1,v1.0,VALID,PROXY,hash_fr_002620,True
2621,FREIGHT_AU_HEDLAND_PARADIP_CAPE,2025-06-08 00:00:00,2025-06-08 18:00:00,15.21,USD_PER_MT,1,v1.0,VALID,PROXY,hash_fr_002621,True
2622,FREIGHT_AU_NEWCASTLE_PARADIP_PANAMAX,2025-06-08 00:00:00,2025-06-08 18:00:00,20.38,USD_PER_MT,1,v1.0,VALID,PROXY,hash_fr_002622,True
2623,FREIGHT_ID_SAMARINDA_PARADIP_SUPRA,2025-06-08 00:00:00,2025-06-08 18:00:00,13.16,USD_PER_MT,1,v1.0,VALID,PROXY,hash_fr_002623,True
2624,FREIGHT_ZA_RICHARDSBAY_PARADIP_PANAMAX,2025-06-08 00:00:00,2025-06-08 18:00:00,18.17,USD_PER_MT,1,v1.0,VALID,PROXY,hash_fr_002624,True
2625,FREIGHT_BR_TUBARAO_QINGDAO_CAPE,2025-06-08 00:00:00,2025-06-08 18:00:00,27.42,USD_PER_MT,1,v1.0,VALID,PROXY,hash_fr_002625,True
2626,FREIGHT_AU_HEDLAND_PARADIP_CAPE,2025-06-09 00:00:00,2025-06-09 18:00:00,15.75,USD_PER_MT,1,v1.0,VALID,PROXY,hash_fr_002626,True
2627,FREIGHT_AU_NEWCASTLE_PARADIP_PANAMAX,2025-06-09 00:00:00,2025-06-09 18:00:00,19.99,USD_PER_MT,1,v1.0,VALID,PROXY,hash_fr_002627,True
2628,FREIGHT_ID_SAMARINDA_PARADIP_SUPRA,2025-06-09 00:00:00,2025-06-09 18:00:00,12.91,USD_PER_MT,1,v1.0,VALID,PROXY,hash_fr_002628,True
2629,FREIGHT_ZA_RICHARDSBAY_PARADIP_PANAMAX,2025-06-09 00:00:00,2025-06-09 18:00:00,17.8,USD_PER_MT,1,v1.0,VALID,PROXY,hash_fr_002629,True
2630,FREIGHT_BR_TUBARAO_QINGDAO_CAPE,2025-06-09 00:00:00,2025-06-09 18:00:00,28.99,USD_PER_MT,1,v1.0,VALID,PROXY,hash_fr_002630,True
2631,FREIGHT_AU_HEDLAND_PARADIP_CAPE,2025-06-10 00:00:00,2025-06-10 18:00:00,15.63,USD_PER_MT,1,v1.0,VALID,PROXY,hash_fr_002631,True
2632,FREIGHT_AU_NEWCASTLE_PARADIP_PANAMAX,2025-06-10 00:00:00,2025-06-10 18:00:00,20.72,USD_PER_MT,1,v1.0,VALID,PROXY,hash_fr_002632,True
2633,FREIGHT_ID_SAMARINDA_PARADIP_SUPRA,2025-06-10 00:00:00,2025-06-10 18:00:00,13.24,USD_PER_MT,1,v1.0,VALID,PROXY,hash_fr_002633,True
2634,FREIGHT_ZA_RICHARDSBAY_PARADIP_PANAMAX,2025-06-10 00:00:00,2025-06-10 18:00:00,18.17,USD_PER_MT,1,v1.0,VALID,PROXY,hash_fr_002634,True
2635,FREIGHT_BR_TUBARAO_QINGDAO_CAPE,2025-06-10 00:00:00,2025-06-10 18:00:00,29.48,USD_PER_MT,1,v1.0,VALID,PROXY,hash_fr_002635,True
2636,FREIGHT_AU_HEDLAND_PARADIP_CAPE,2025-06-11 00:00:00,2025-06-11 18:00:00,15.78,USD_PER_MT,1,v1.0,VALID,PROXY,hash_fr_002636,True
2637,FREIGHT_AU_NEWCASTLE_PARADIP_PANAMAX,2025-06-11 00:00:00,2025-06-11 18:00:00,19.8,USD_PER_MT,1,v1.0,VALID,PROXY,hash_fr_002637,True
2638,FREIGHT_ID_SAMARINDA_PARADIP_SUPRA,2025-06-11 00:00:00,2025-06-11 18:00:00,12.54,USD_PER_MT,1,v1.0,VALID,PROXY,hash_fr_002638,True
2639,FREIGHT_ZA_RICHARDSBAY_PARADIP_PANAMAX,2025-06-11 00:00:00,2025-06-11 18:00:00,18.19,USD_PER_MT,1,v1.0,VALID,PROXY,hash_fr_002639,True
2640,FREIGHT_BR_TUBARAO_QINGDAO_CAPE,2025-06-11 00:00:00,2025-06-11 18:00:00,28.51,USD_PER_MT,1,v1.0,VALID,PROXY,hash_fr_002640,True
2641,FREIGHT_AU_HEDLAND_PARADIP_CAPE,2025-06-12 00:00:00,2025-06-12 18:00:00,16.33,USD_PER_MT,1,v1.0,VALID,PROXY,hash_fr_002641,True
2642,FREIGHT_AU_NEWCASTLE_PARADIP_PANAMAX,2025-06-12 00:00:00,2025-06-12 18:00:00,20.33,USD_PER_MT,1,v1.0,VALID,PROXY,hash_fr_002642,True
2643,FREIGHT_ID_SAMARINDA_PARADIP_SUPRA,2025-06-12 00:00:00,2025-06-12 18:00:00,12.44,USD_PER_MT,1,v1.0,VALID,PROXY,hash_fr_002643,True
2644,FREIGHT_ZA_RICHARDSBAY_PARADIP_PANAMAX,2025-06-12 00:00:00,2025-06-12 18:00:00,18.01,USD_PER_MT,1,v1.0,VALID,PROXY,hash_fr_002644,True
2645,FREIGHT_BR_TUBARAO_QINGDAO_CAPE,2025-06-12 00:00:00,2025-06-12 18:00:00,29.53,USD_PER_MT,1,v1.0,VALID,PROXY,hash_fr_002645,True
2646,FREIGHT_AU_HEDLAND_PARADIP_CAPE,2025-06-13 00:00:00,2025-06-13 18:00:00,16.11,USD_PER_MT,1,v1.0,VALID,PROXY,hash_fr_002646,True
2647,FREIGHT_AU_NEWCASTLE_PARADIP_PANAMAX,2025-06-13 00:00:00,2025-06-13 18:00:00,20.58,USD_PER_MT,1,v1.0,VALID,PROXY,hash_fr_002647,True
2648,FREIGHT_ID_SAMARINDA_PARADIP_SUPRA,2025-06-13 00:00:00,2025-06-13 18:00:00,12.87,USD_PER_MT,1,v1.0,VALID,PROXY,hash_fr_002648,True
2649,FREIGHT_ZA_RICHARDSBAY_PARADIP_PANAMAX,2025-06-13 00:00:00,2025-06-13 18:00:00,18.47,USD_PER_MT,1,v1.0,VALID,PROXY,hash_fr_002649,True
2650,FREIGHT_BR_TUBARAO_QINGDAO_CAPE,2025-06-13 00:00:00,2025-06-13 18:00:00,28.35,USD_PER_MT,1,v1.0,VALID,PROXY,hash_fr_002650,True
2651,FREIGHT_AU_HEDLAND_PARADIP_CAPE,2025-06-14 00:00:00,2025-06-14 18:00:00,15.77,USD_PER_MT,1,v1.0,VALID,PROXY,hash_fr_002651,True
2652,FREIGHT_AU_NEWCASTLE_PARADIP_PANAMAX,2025-06-14 00:00:00,2025-06-14 18:00:00,20.83,USD_PER_MT,1,v1.0,VALID,PROXY,hash_fr_002652,True
2653,FREIGHT_ID_SAMARINDA_PARADIP_SUPRA,2025-06-14 00:00:00,2025-06-14 18:00:00,12.74,USD_PER_MT,1,v1.0,VALID,PROXY,hash_fr_002653,True
2654,FREIGHT_ZA_RICHARDSBAY_PARADIP_PANAMAX,2025-06-14 00:00:00,2025-06-14 18:00:00,17.94,USD_PER_MT,1,v1.0,VALID,PROXY,hash_fr_002654,True
2655,FREIGHT_BR_TUBARAO_QINGDAO_CAPE,2025-06-14 00:00:00,2025-06-14 18:00:00,27.59,USD_PER_MT,1,v1.0,VALID,PROXY,hash_fr_002655,True
2656,FREIGHT_AU_HEDLAND_PARADIP_CAPE,2025-06-15 00:00:00,2025-06-15 18:00:00,15.7,USD_PER_MT,1,v1.0,VALID,PROXY,hash_fr_002656,True
2657,FREIGHT_AU_NEWCASTLE_PARADIP_PANAMAX,2025-06-15 00:00:00,2025-06-15 18:00:00,20.1,USD_PER_MT,1,v1.0,VALID,PROXY,hash_fr_002657,True
2658,FREIGHT_ID_SAMARINDA_PARADIP_SUPRA,2025-06-15 00:00:00,2025-06-15 18:00:00,12.76,USD_PER_MT,1,v1.0,VALID,PROXY,hash_fr_002658,True
2659,FREIGHT_ZA_RICHARDSBAY_PARADIP_PANAMAX,2025-06-15 00:00:00,2025-06-15 18:00:00,17.82,USD_PER_MT,1,v1.0,VALID,PROXY,hash_fr_002659,True
2660,FREIGHT_BR_TUBARAO_QINGDAO_CAPE,2025-06-15 00:00:00,2025-06-15 18:00:00,28.3,USD_PER_MT,1,v1.0,VALID,PROXY,hash_fr_002660,True
2661,FREIGHT_AU_HEDLAND_PARADIP_CAPE,2025-06-16 00:00:00,2025-06-16 18:00:00,15.73,USD_PER_MT,1,v1.0,VALID,PROXY,hash_fr_002661,True
2662,FREIGHT_AU_NEWCASTLE_PARADIP_PANAMAX,2025-06-16 00:00:00,2025-06-16 18:00:00,20.47,USD_PER_MT,1,v1.0,VALID,PROXY,hash_fr_002662,True
2663,FREIGHT_ID_SAMARINDA_PARADIP_SUPRA,2025-06-16 00:00:00,2025-06-16 18:00:00,12.88,USD_PER_MT,1,v1.0,VALID,PROXY,hash_fr_002663,True
2664,FREIGHT_ZA_RICHARDSBAY_PARADIP_PANAMAX,2025-06-16 00:00:00,2025-06-16 18:00:00,18.09,USD_PER_MT,1,v1.0,VALID,PROXY,hash_fr_002664,True
2665,FREIGHT_BR_TUBARAO_QINGDAO_CAPE,2025-06-16 00:00:00,2025-06-16 18:00:00,29.28,USD_PER_MT,1,v1.0,VALID,PROXY,hash_fr_002665,True
2666,FREIGHT_AU_HEDLAND_PARADIP_CAPE,2025-06-17 00:00:00,2025-06-17 18:00:00,15.8,USD_PER_MT,1,v1.0,VALID,PROXY,hash_fr_002666,True
2667,FREIGHT_AU_NEWCASTLE_PARADIP_PANAMAX,2025-06-17 00:00:00,2025-06-17 18:00:00,20.26,USD_PER_MT,1,v1.0,VALID,PROXY,hash_fr_002667,True
2668,FREIGHT_ID_SAMARINDA_PARADIP_SUPRA,2025-06-17 00:00:00,2025-06-17 18:00:00,12.83,USD_PER_MT,1,v1.0,VALID,PROXY,hash_fr_002668,True
2669,FREIGHT_ZA_RICHARDSBAY_PARADIP_PANAMAX,2025-06-17 00:00:00,2025-06-17 18:00:00,18.03,USD_PER_MT,1,v1.0,VALID,PROXY,hash_fr_002669,True
2670,FREIGHT_BR_TUBARAO_QINGDAO_CAPE,2025-06-17 00:00:00,2025-06-17 18:00:00,29.8,USD_PER_MT,1,v1.0,VALID,PROXY,hash_fr_002670,True
2671,FREIGHT_AU_HEDLAND_PARADIP_CAPE,2025-06-18 00:00:00,2025-06-18 18:00:00,16.38,USD_PER_MT,1,v1.0,VALID,PROXY,hash_fr_002671,True
2672,FREIGHT_AU_NEWCASTLE_PARADIP_PANAMAX,2025-06-18 00:00:00,2025-06-18 18:00:00,20.43,USD_PER_MT,1,v1.0,VALID,PROXY,hash_fr_002672,True
2673,FREIGHT_ID_SAMARINDA_PARADIP_SUPRA,2025-06-18 00:00:00,2025-06-18 18:00:00,12.79,USD_PER_MT,1,v1.0,VALID,PROXY,hash_fr_002673,True
2674,FREIGHT_ZA_RICHARDSBAY_PARADIP_PANAMAX,2025-06-18 00:00:00,2025-06-18 18:00:00,18.68,USD_PER_MT,1,v1.0,VALID,PROXY,hash_fr_002674,True
2675,FREIGHT_BR_TUBARAO_QINGDAO_CAPE,2025-06-18 00:00:00,2025-06-18 18:00:00,29.8,USD_PER_MT,1,v1.0,VALID,PROXY,hash_fr_002675,True
2676,FREIGHT_AU_HEDLAND_PARADIP_CAPE,2025-06-19 00:00:00,2025-06-19 18:00:00,15.78,USD_PER_MT,1,v1.0,VALID,PROXY,hash_fr_002676,True
2677,FREIGHT_AU_NEWCASTLE_PARADIP_PANAMAX,2025-06-19 00:00:00,2025-06-19 18:00:00,20.43,USD_PER_MT,1,v1.0,VALID,PROXY,hash_fr_002677,True
2678,FREIGHT_ID_SAMARINDA_PARADIP_SUPRA,2025-06-19 00:00:00,2025-06-19 18:00:00,12.86,USD_PER_MT,1,v1.0,VALID,PROXY,hash_fr_002678,True
2679,FREIGHT_ZA_RICHARDSBAY_PARADIP_PANAMAX,2025-06-19 00:00:00,2025-06-19 18:00:00,18.16,USD_PER_MT,1,v1.0,VALID,PROXY,hash_fr_002679,True
2680,FREIGHT_BR_TUBARAO_QINGDAO_CAPE,2025-06-19 00:00:00,2025-06-19 18:00:00,30.14,USD_PER_MT,1,v1.0,VALID,PROXY,hash_fr_002680,True
2681,FREIGHT_AU_HEDLAND_PARADIP_CAPE,2025-06-20 00:00:00,2025-06-20 18:00:00,16.96,USD_PER_MT,1,v1.0,VALID,PROXY,hash_fr_002681,True
2682,FREIGHT_AU_NEWCASTLE_PARADIP_PANAMAX,2025-06-20 00:00:00,2025-06-20 18:00:00,20.33,USD_PER_MT,1,v1.0,VALID,PROXY,hash_fr_002682,True
2683,FREIGHT_ID_SAMARINDA_PARADIP_SUPRA,2025-06-20 00:00:00,2025-06-20 18:00:00,13.12,USD_PER_MT,1,v1.0,VALID,PROXY,hash_fr_002683,True
2684,FREIGHT_ZA_RICHARDSBAY_PARADIP_PANAMAX,2025-06-20 00:00:00,2025-06-20 18:00:00,18.02,USD_PER_MT,1,v1.0,VALID,PROXY,hash_fr_002684,True
2685,FREIGHT_BR_TUBARAO_QINGDAO_CAPE,2025-06-20 00:00:00,2025-06-20 18:00:00,30.32,USD_PER_MT,1,v1.0,VALID,PROXY,hash_fr_002685,True
2686,FREIGHT_AU_HEDLAND_PARADIP_CAPE,2025-06-21 00:00:00,2025-06-21 18:00:00,16.61,USD_PER_MT,1,v1.0,VALID,PROXY,hash_fr_002686,True
2687,FREIGHT_AU_NEWCASTLE_PARADIP_PANAMAX,2025-06-21 00:00:00,2025-06-21 18:00:00,21.49,USD_PER_MT,1,v1.0,VALID,PROXY,hash_fr_002687,True
2688,FREIGHT_ID_SAMARINDA_PARADIP_SUPRA,2025-06-21 00:00:00,2025-06-21 18:00:00,13.21,USD_PER_MT,1,v1.0,VALID,PROXY,hash_fr_002688,True
2689,FREIGHT_ZA_RICHARDSBAY_PARADIP_PANAMAX,2025-06-21 00:00:00,2025-06-21 18:00:00,19.09,USD_PER_MT,1,v1.0,VALID,PROXY,hash_fr_002689,True
2690,FREIGHT_BR_TUBARAO_QINGDAO_CAPE,2025-06-21 00:00:00,2025-06-21 18:00:00,29.92,USD_PER_MT,1,v1.0,VALID,PROXY,hash_fr_002690,True
2691,FREIGHT_AU_HEDLAND_PARADIP_CAPE,2025-06-22 00:00:00,2025-06-22 18:00:00,16.45,USD_PER_MT,1,v1.0,VALID,PROXY,hash_fr_002691,True
2692,FREIGHT_AU_NEWCASTLE_PARADIP_PANAMAX,2025-06-22 00:00:00,2025-06-22 18:00:00,21.31,USD_PER_MT,1,v1.0,VALID,PROXY,hash_fr_002692,True
2693,FREIGHT_ID_SAMARINDA_PARADIP_SUPRA,2025-06-22 00:00:00,2025-06-22 18:00:00,13.39,USD_PER_MT,1,v1.0,VALID,PROXY,hash_fr_002693,True
2694,FREIGHT_ZA_RICHARDSBAY_PARADIP_PANAMAX,2025-06-22 00:00:00,2025-06-22 18:00:00,19.11,USD_PER_MT,1,v1.0,VALID,PROXY,hash_fr_002694,True
2695,FREIGHT_BR_TUBARAO_QINGDAO_CAPE,2025-06-22 00:00:00,2025-06-22 18:00:00,29.89,USD_PER_MT,1,v1.0,VALID,PROXY,hash_fr_002695,True
2696,FREIGHT_AU_HEDLAND_PARADIP_CAPE,2025-06-23 00:00:00,2025-06-23 18:00:00,16.4,USD_PER_MT,1,v1.0,VALID,PROXY,hash_fr_002696,True
2697,FREIGHT_AU_NEWCASTLE_PARADIP_PANAMAX,2025-06-23 00:00:00,2025-06-23 18:00:00,21.01,USD_PER_MT,1,v1.0,VALID,PROXY,hash_fr_002697,True
2698,FREIGHT_ID_SAMARINDA_PARADIP_SUPRA,2025-06-23 00:00:00,2025-06-23 18:00:00,13.37,USD_PER_MT,1,v1.0,VALID,PROXY,hash_fr_002698,True
2699,FREIGHT_ZA_RICHARDSBAY_PARADIP_PANAMAX,2025-06-23 00:00:00,2025-06-23 18:00:00,19.03,USD_PER_MT,1,v1.0,VALID,PROXY,hash_fr_002699,True
2700,FREIGHT_BR_TUBARAO_QINGDAO_CAPE,2025-06-23 00:00:00,2025-06-23 18:00:00,30.08,USD_PER_MT,1,v1.0,VALID,PROXY,hash_fr_002700,True
2701,FREIGHT_AU_HEDLAND_PARADIP_CAPE,2025-06-24 00:00:00,2025-06-24 18:00:00,16.43,USD_PER_MT,1,v1.0,VALID,PROXY,hash_fr_002701,True
2702,FREIGHT_AU_NEWCASTLE_PARADIP_PANAMAX,2025-06-24 00:00:00,2025-06-24 18:00:00,21.43,USD_PER_MT,1,v1.0,VALID,PROXY,hash_fr_002702,True
2703,FREIGHT_ID_SAMARINDA_PARADIP_SUPRA,2025-06-24 00:00:00,2025-06-24 18:00:00,13.29,USD_PER_MT,1,v1.0,VALID,PROXY,hash_fr_002703,True
2704,FREIGHT_ZA_RICHARDSBAY_PARADIP_PANAMAX,2025-06-24 00:00:00,2025-06-24 18:00:00,19.35,USD_PER_MT,1,v1.0,VALID,PROXY,hash_fr_002704,True
2705,FREIGHT_BR_TUBARAO_QINGDAO_CAPE,2025-06-24 00:00:00,2025-06-24 18:00:00,29.99,USD_PER_MT,1,v1.0,VALID,PROXY,hash_fr_002705,True
2706,FREIGHT_AU_HEDLAND_PARADIP_CAPE,2025-06-25 00:00:00,2025-06-25 18:00:00,16.84,USD_PER_MT,1,v1.0,VALID,PROXY,hash_fr_002706,True
2707,FREIGHT_AU_NEWCASTLE_PARADIP_PANAMAX,2025-06-25 00:00:00,2025-06-25 18:00:00,21.79,USD_PER_MT,1,v1.0,VALID,PROXY,hash_fr_002707,True
2708,FREIGHT_ID_SAMARINDA_PARADIP_SUPRA,2025-06-25 00:00:00,2025-06-25 18:00:00,13.52,USD_PER_MT,1,v1.0,VALID,PROXY,hash_fr_002708,True
2709,FREIGHT_ZA_RICHARDSBAY_PARADIP_PANAMAX,2025-06-25 00:00:00,2025-06-25 18:00:00,18.57,USD_PER_MT,1,v1.0,VALID,PROXY,hash_fr_002709,True
2710,FREIGHT_BR_TUBARAO_QINGDAO_CAPE,2025-06-25 00:00:00,2025-06-25 18:00:00,30.02,USD_PER_MT,1,v1.0,VALID,PROXY,hash_fr_002710,True
2711,FREIGHT_AU_HEDLAND_PARADIP_CAPE,2025-06-26 00:00:00,2025-06-26 18:00:00,17.45,USD_PER_MT,1,v1.0,VALID,PROXY,hash_fr_002711,True
2712,FREIGHT_AU_NEWCASTLE_PARADIP_PANAMAX,2025-06-26 00:00:00,2025-06-26 18:00:00,21.76,USD_PER_MT,1,v1.0,VALID,PROXY,hash_fr_002712,True
2713,FREIGHT_ID_SAMARINDA_PARADIP_SUPRA,2025-06-26 00:00:00,2025-06-26 18:00:00,13.69,USD_PER_MT,1,v1.0,VALID,PROXY,hash_fr_002713,True
2714,FREIGHT_ZA_RICHARDSBAY_PARADIP_PANAMAX,2025-06-26 00:00:00,2025-06-26 18:00:00,19.95,USD_PER_MT,1,v1.0,VALID,PROXY,hash_fr_002714,True
2715,FREIGHT_BR_TUBARAO_QINGDAO_CAPE,2025-06-26 00:00:00,2025-06-26 18:00:00,30.94,USD_PER_MT,1,v1.0,VALID,PROXY,hash_fr_002715,True
2716,FREIGHT_AU_HEDLAND_PARADIP_CAPE,2025-06-27 00:00:00,2025-06-27 18:00:00,16.71,USD_PER_MT,1,v1.0,VALID,PROXY,hash_fr_002716,True
2717,FREIGHT_AU_NEWCASTLE_PARADIP_PANAMAX,2025-06-27 00:00:00,2025-06-27 18:00:00,21.72,USD_PER_MT,1,v1.0,VALID,PROXY,hash_fr_002717,True
2718,FREIGHT_ID_SAMARINDA_PARADIP_SUPRA,2025-06-27 00:00:00,2025-06-27 18:00:00,13.82,USD_PER_MT,1,v1.0,VALID,PROXY,hash_fr_002718,True
2719,FREIGHT_ZA_RICHARDSBAY_PARADIP_PANAMAX,2025-06-27 00:00:00,2025-06-27 18:00:00,19.56,USD_PER_MT,1,v1.0,VALID,PROXY,hash_fr_002719,True
2720,FREIGHT_BR_TUBARAO_QINGDAO_CAPE,2025-06-27 00:00:00,2025-06-27 18:00:00,31.14,USD_PER_MT,1,v1.0,VALID,PROXY,hash_fr_002720,True
2721,FREIGHT_AU_HEDLAND_PARADIP_CAPE,2025-06-28 00:00:00,2025-06-28 18:00:00,17.11,USD_PER_MT,1,v1.0,VALID,PROXY,hash_fr_002721,True
2722,FREIGHT_AU_NEWCASTLE_PARADIP_PANAMAX,2025-06-28 00:00:00,2025-06-28 18:00:00,21.81,USD_PER_MT,1,v1.0,VALID,PROXY,hash_fr_002722,True
2723,FREIGHT_ID_SAMARINDA_PARADIP_SUPRA,2025-06-28 00:00:00,2025-06-28 18:00:00,14.02,USD_PER_MT,1,v1.0,VALID,PROXY,hash_fr_002723,True
2724,FREIGHT_ZA_RICHARDSBAY_PARADIP_PANAMAX,2025-06-28 00:00:00,2025-06-28 18:00:00,19.46,USD_PER_MT,1,v1.0,VALID,PROXY,hash_fr_002724,True
2725,FREIGHT_BR_TUBARAO_QINGDAO_CAPE,2025-06-28 00:00:00,2025-06-28 18:00:00,31.59,USD_PER_MT,1,v1.0,VALID,PROXY,hash_fr_002725,True
2726,FREIGHT_AU_HEDLAND_PARADIP_CAPE,2025-06-29 00:00:00,2025-06-29 18:00:00,17.59,USD_PER_MT,1,v1.0,VALID,PROXY,hash_fr_002726,True
2727,FREIGHT_AU_NEWCASTLE_PARADIP_PANAMAX,2025-06-29 00:00:00,2025-06-29 18:00:00,21.78,USD_PER_MT,1,v1.0,VALID,PROXY,hash_fr_002727,True
2728,FREIGHT_ID_SAMARINDA_PARADIP_SUPRA,2025-06-29 00:00:00,2025-06-29 18:00:00,13.61,USD_PER_MT,1,v1.0,VALID,PROXY,hash_fr_002728,True
2729,FREIGHT_ZA_RICHARDSBAY_PARADIP_PANAMAX,2025-06-29 00:00:00,2025-06-29 18:00:00,20.05,USD_PER_MT,1,v1.0,VALID,PROXY,hash_fr_002729,True
2730,FREIGHT_BR_TUBARAO_QINGDAO_CAPE,2025-06-29 00:00:00,2025-06-29 18:00:00,31.51,USD_PER_MT,1,v1.0,VALID,PROXY,hash_fr_002730,True
2731,FREIGHT_AU_HEDLAND_PARADIP_CAPE,2025-06-30 00:00:00,2025-06-30 18:00:00,17.74,USD_PER_MT,1,v1.0,VALID,PROXY,hash_fr_002731,True
2732,FREIGHT_AU_NEWCASTLE_PARADIP_PANAMAX,2025-06-30 00:00:00,2025-06-30 18:00:00,22.58,USD_PER_MT,1,v1.0,VALID,PROXY,hash_fr_002732,True
2733,FREIGHT_ID_SAMARINDA_PARADIP_SUPRA,2025-06-30 00:00:00,2025-06-30 18:00:00,13.71,USD_PER_MT,1,v1.0,VALID,PROXY,hash_fr_002733,True
2734,FREIGHT_ZA_RICHARDSBAY_PARADIP_PANAMAX,2025-06-30 00:00:00,2025-06-30 18:00:00,20.03,USD_PER_MT,1,v1.0,VALID,PROXY,hash_fr_002734,True
2735,FREIGHT_BR_TUBARAO_QINGDAO_CAPE,2025-06-30 00:00:00,2025-06-30 18:00:00,32.04,USD_PER_MT,1,v1.0,VALID,PROXY,hash_fr_002735,True
2736,FREIGHT_AU_HEDLAND_PARADIP_CAPE,2025-07-01 00:00:00,2025-07-01 18:00:00,16.88,USD_PER_MT,1,v1.0,VALID,PROXY,hash_fr_002736,True
2737,FREIGHT_AU_NEWCASTLE_PARADIP_PANAMAX,2025-07-01 00:00:00,2025-07-01 18:00:00,22.57,USD_PER_MT,1,v1.0,VALID,PROXY,hash_fr_002737,True
2738,FREIGHT_ID_SAMARINDA_PARADIP_SUPRA,2025-07-01 00:00:00,2025-07-01 18:00:00,13.73,USD_PER_MT,1,v1.0,VALID,PROXY,hash_fr_002738,True
2739,FREIGHT_ZA_RICHARDSBAY_PARADIP_PANAMAX,2025-07-01 00:00:00,2025-07-01 18:00:00,20.0,USD_PER_MT,1,v1.0,VALID,PROXY,hash_fr_002739,True
2740,FREIGHT_BR_TUBARAO_QINGDAO_CAPE,2025-07-01 00:00:00,2025-07-01 18:00:00,31.44,USD_PER_MT,1,v1.0,VALID,PROXY,hash_fr_002740,True
2741,FREIGHT_AU_HEDLAND_PARADIP_CAPE,2025-07-02 00:00:00,2025-07-02 18:00:00,17.83,USD_PER_MT,1,v1.0,VALID,PROXY,hash_fr_002741,True
2742,FREIGHT_AU_NEWCASTLE_PARADIP_PANAMAX,2025-07-02 00:00:00,2025-07-02 18:00:00,22.77,USD_PER_MT,1,v1.0,VALID,PROXY,hash_fr_002742,True
2743,FREIGHT_ID_SAMARINDA_PARADIP_SUPRA,2025-07-02 00:00:00,2025-07-02 18:00:00,13.8,USD_PER_MT,1,v1.0,VALID,PROXY,hash_fr_002743,True
2744,FREIGHT_ZA_RICHARDSBAY_PARADIP_PANAMAX,2025-07-02 00:00:00,2025-07-02 18:00:00,20.24,USD_PER_MT,1,v1.0,VALID,PROXY,hash_fr_002744,True
2745,FREIGHT_BR_TUBARAO_QINGDAO_CAPE,2025-07-02 00:00:00,2025-07-02 18:00:00,32.1,USD_PER_MT,1,v1.0,VALID,PROXY,hash_fr_002745,True
2746,FREIGHT_AU_HEDLAND_PARADIP_CAPE,2025-07-03 00:00:00,2025-07-03 18:00:00,17.73,USD_PER_MT,1,v1.0,VALID,PROXY,hash_fr_002746,True
2747,FREIGHT_AU_NEWCASTLE_PARADIP_PANAMAX,2025-07-03 00:00:00,2025-07-03 18:00:00,22.42,USD_PER_MT,1,v1.0,VALID,PROXY,hash_fr_002747,True
2748,FREIGHT_ID_SAMARINDA_PARADIP_SUPRA,2025-07-03 00:00:00,2025-07-03 18:00:00,14.04,USD_PER_MT,1,v1.0,VALID,PROXY,hash_fr_002748,True
2749,FREIGHT_ZA_RICHARDSBAY_PARADIP_PANAMAX,2025-07-03 00:00:00,2025-07-03 18:00:00,19.98,USD_PER_MT,1,v1.0,VALID,PROXY,hash_fr_002749,True
2750,FREIGHT_BR_TUBARAO_QINGDAO_CAPE,2025-07-03 00:00:00,2025-07-03 18:00:00,31.08,USD_PER_MT,1,v1.0,VALID,PROXY,hash_fr_002750,True
2751,FREIGHT_AU_HEDLAND_PARADIP_CAPE,2025-07-04 00:00:00,2025-07-04 18:00:00,17.42,USD_PER_MT,1,v1.0,VALID,PROXY,hash_fr_002751,True
2752,FREIGHT_AU_NEWCASTLE_PARADIP_PANAMAX,2025-07-04 00:00:00,2025-07-04 18:00:00,22.26,USD_PER_MT,1,v1.0,VALID,PROXY,hash_fr_002752,True
2753,FREIGHT_ID_SAMARINDA_PARADIP_SUPRA,2025-07-04 00:00:00,2025-07-04 18:00:00,14.54,USD_PER_MT,1,v1.0,VALID,PROXY,hash_fr_002753,True
2754,FREIGHT_ZA_RICHARDSBAY_PARADIP_PANAMAX,2025-07-04 00:00:00,2025-07-04 18:00:00,19.9,USD_PER_MT,1,v1.0,VALID,PROXY,hash_fr_002754,True
2755,FREIGHT_BR_TUBARAO_QINGDAO_CAPE,2025-07-04 00:00:00,2025-07-04 18:00:00,33.21,USD_PER_MT,1,v1.0,VALID,PROXY,hash_fr_002755,True
2756,FREIGHT_AU_HEDLAND_PARADIP_CAPE,2025-07-05 00:00:00,2025-07-05 18:00:00,17.59,USD_PER_MT,1,v1.0,VALID,PROXY,hash_fr_002756,True
2757,FREIGHT_AU_NEWCASTLE_PARADIP_PANAMAX,2025-07-05 00:00:00,2025-07-05 18:00:00,22.33,USD_PER_MT,1,v1.0,VALID,PROXY,hash_fr_002757,True
2758,FREIGHT_ID_SAMARINDA_PARADIP_SUPRA,2025-07-05 00:00:00,2025-07-05 18:00:00,13.93,USD_PER_MT,1,v1.0,VALID,PROXY,hash_fr_002758,True
2759,FREIGHT_ZA_RICHARDSBAY_PARADIP_PANAMAX,2025-07-05 00:00:00,2025-07-05 18:00:00,20.09,USD_PER_MT,1,v1.0,VALID,PROXY,hash_fr_002759,True
2760,FREIGHT_BR_TUBARAO_QINGDAO_CAPE,2025-07-05 00:00:00,2025-07-05 18:00:00,31.86,USD_PER_MT,1,v1.0,VALID,PROXY,hash_fr_002760,True
2761,FREIGHT_AU_HEDLAND_PARADIP_CAPE,2025-07-06 00:00:00,2025-07-06 18:00:00,17.88,USD_PER_MT,1,v1.0,VALID,PROXY,hash_fr_002761,True
2762,FREIGHT_AU_NEWCASTLE_PARADIP_PANAMAX,2025-07-06 00:00:00,2025-07-06 18:00:00,22.71,USD_PER_MT,1,v1.0,VALID,PROXY,hash_fr_002762,True
2763,FREIGHT_ID_SAMARINDA_PARADIP_SUPRA,2025-07-06 00:00:00,2025-07-06 18:00:00,14.03,USD_PER_MT,1,v1.0,VALID,PROXY,hash_fr_002763,True
2764,FREIGHT_ZA_RICHARDSBAY_PARADIP_PANAMAX,2025-07-06 00:00:00,2025-07-06 18:00:00,20.07,USD_PER_MT,1,v1.0,VALID,PROXY,hash_fr_002764,True
2765,FREIGHT_BR_TUBARAO_QINGDAO_CAPE,2025-07-06 00:00:00,2025-07-06 18:00:00,33.09,USD_PER_MT,1,v1.0,VALID,PROXY,hash_fr_002765,True
2766,FREIGHT_AU_HEDLAND_PARADIP_CAPE,2025-07-07 00:00:00,2025-07-07 18:00:00,17.55,USD_PER_MT,1,v1.0,VALID,PROXY,hash_fr_002766,True
2767,FREIGHT_AU_NEWCASTLE_PARADIP_PANAMAX,2025-07-07 00:00:00,2025-07-07 18:00:00,23.1,USD_PER_MT,1,v1.0,VALID,PROXY,hash_fr_002767,True
2768,FREIGHT_ID_SAMARINDA_PARADIP_SUPRA,2025-07-07 00:00:00,2025-07-07 18:00:00,14.19,USD_PER_MT,1,v1.0,VALID,PROXY,hash_fr_002768,True
2769,FREIGHT_ZA_RICHARDSBAY_PARADIP_PANAMAX,2025-07-07 00:00:00,2025-07-07 18:00:00,20.34,USD_PER_MT,1,v1.0,VALID,PROXY,hash_fr_002769,True
2770,FREIGHT_BR_TUBARAO_QINGDAO_CAPE,2025-07-07 00:00:00,2025-07-07 18:00:00,31.88,USD_PER_MT,1,v1.0,VALID,PROXY,hash_fr_002770,True
2771,FREIGHT_AU_HEDLAND_PARADIP_CAPE,2025-07-08 00:00:00,2025-07-08 18:00:00,18.29,USD_PER_MT,1,v1.0,VALID,PROXY,hash_fr_002771,True
2772,FREIGHT_AU_NEWCASTLE_PARADIP_PANAMAX,2025-07-08 00:00:00,2025-07-08 18:00:00,22.92,USD_PER_MT,1,v1.0,VALID,PROXY,hash_fr_002772,True
2773,FREIGHT_ID_SAMARINDA_PARADIP_SUPRA,2025-07-08 00:00:00,2025-07-08 18:00:00,14.54,USD_PER_MT,1,v1.0,VALID,PROXY,hash_fr_002773,True
2774,FREIGHT_ZA_RICHARDSBAY_PARADIP_PANAMAX,2025-07-08 00:00:00,2025-07-08 18:00:00,19.66,USD_PER_MT,1,v1.0,VALID,PROXY,hash_fr_002774,True
2775,FREIGHT_BR_TUBARAO_QINGDAO_CAPE,2025-07-08 00:00:00,2025-07-08 18:00:00,31.81,USD_PER_MT,1,v1.0,VALID,PROXY,hash_fr_002775,True
2776,FREIGHT_AU_HEDLAND_PARADIP_CAPE,2025-07-09 00:00:00,2025-07-09 18:00:00,17.72,USD_PER_MT,1,v1.0,VALID,PROXY,hash_fr_002776,True
2777,FREIGHT_AU_NEWCASTLE_PARADIP_PANAMAX,2025-07-09 00:00:00,2025-07-09 18:00:00,22.63,USD_PER_MT,1,v1.0,VALID,PROXY,hash_fr_002777,True
2778,FREIGHT_ID_SAMARINDA_PARADIP_SUPRA,2025-07-09 00:00:00,2025-07-09 18:00:00,14.27,USD_PER_MT,1,v1.0,VALID,PROXY,hash_fr_002778,True
2779,FREIGHT_ZA_RICHARDSBAY_PARADIP_PANAMAX,2025-07-09 00:00:00,2025-07-09 18:00:00,20.23,USD_PER_MT,1,v1.0,VALID,PROXY,hash_fr_002779,True
2780,FREIGHT_BR_TUBARAO_QINGDAO_CAPE,2025-07-09 00:00:00,2025-07-09 18:00:00,31.96,USD_PER_MT,1,v1.0,VALID,PROXY,hash_fr_002780,True
2781,FREIGHT_AU_HEDLAND_PARADIP_CAPE,2025-07-10 00:00:00,2025-07-10 18:00:00,18.02,USD_PER_MT,1,v1.0,VALID,PROXY,hash_fr_002781,True
2782,FREIGHT_AU_NEWCASTLE_PARADIP_PANAMAX,2025-07-10 00:00:00,2025-07-10 18:00:00,22.48,USD_PER_MT,1,v1.0,VALID,PROXY,hash_fr_002782,True
2783,FREIGHT_ID_SAMARINDA_PARADIP_SUPRA,2025-07-10 00:00:00,2025-07-10 18:00:00,14.4,USD_PER_MT,1,v1.0,VALID,PROXY,hash_fr_002783,True
2784,FREIGHT_ZA_RICHARDSBAY_PARADIP_PANAMAX,2025-07-10 00:00:00,2025-07-10 18:00:00,20.34,USD_PER_MT,1,v1.0,VALID,PROXY,hash_fr_002784,True
2785,FREIGHT_BR_TUBARAO_QINGDAO_CAPE,2025-07-10 00:00:00,2025-07-10 18:00:00,32.5,USD_PER_MT,1,v1.0,VALID,PROXY,hash_fr_002785,True
2786,FREIGHT_AU_HEDLAND_PARADIP_CAPE,2025-07-11 00:00:00,2025-07-11 18:00:00,17.39,USD_PER_MT,1,v1.0,VALID,PROXY,hash_fr_002786,True
2787,FREIGHT_AU_NEWCASTLE_PARADIP_PANAMAX,2025-07-11 00:00:00,2025-07-11 18:00:00,22.24,USD_PER_MT,1,v1.0,VALID,PROXY,hash_fr_002787,True
2788,FREIGHT_ID_SAMARINDA_PARADIP_SUPRA,2025-07-11 00:00:00,2025-07-11 18:00:00,13.98,USD_PER_MT,1,v1.0,VALID,PROXY,hash_fr_002788,True
2789,FREIGHT_ZA_RICHARDSBAY_PARADIP_PANAMAX,2025-07-11 00:00:00,2025-07-11 18:00:00,19.94,USD_PER_MT,1,v1.0,VALID,PROXY,hash_fr_002789,True
2790,FREIGHT_BR_TUBARAO_QINGDAO_CAPE,2025-07-11 00:00:00,2025-07-11 18:00:00,32.03,USD_PER_MT,1,v1.0,VALID,PROXY,hash_fr_002790,True
2791,FREIGHT_AU_HEDLAND_PARADIP_CAPE,2025-07-12 00:00:00,2025-07-12 18:00:00,17.09,USD_PER_MT,1,v1.0,VALID,PROXY,hash_fr_002791,True
2792,FREIGHT_AU_NEWCASTLE_PARADIP_PANAMAX,2025-07-12 00:00:00,2025-07-12 18:00:00,23.31,USD_PER_MT,1,v1.0,VALID,PROXY,hash_fr_002792,True
2793,FREIGHT_ID_SAMARINDA_PARADIP_SUPRA,2025-07-12 00:00:00,2025-07-12 18:00:00,14.01,USD_PER_MT,1,v1.0,VALID,PROXY,hash_fr_002793,True
2794,FREIGHT_ZA_RICHARDSBAY_PARADIP_PANAMAX,2025-07-12 00:00:00,2025-07-12 18:00:00,19.75,USD_PER_MT,1,v1.0,VALID,PROXY,hash_fr_002794,True
2795,FREIGHT_BR_TUBARAO_QINGDAO_CAPE,2025-07-12 00:00:00,2025-07-12 18:00:00,33.01,USD_PER_MT,1,v1.0,VALID,PROXY,hash_fr_002795,True
2796,FREIGHT_AU_HEDLAND_PARADIP_CAPE,2025-07-13 00:00:00,2025-07-13 18:00:00,17.97,USD_PER_MT,1,v1.0,VALID,PROXY,hash_fr_002796,True
2797,FREIGHT_AU_NEWCASTLE_PARADIP_PANAMAX,2025-07-13 00:00:00,2025-07-13 18:00:00,22.21,USD_PER_MT,1,v1.0,VALID,PROXY,hash_fr_002797,True
2798,FREIGHT_ID_SAMARINDA_PARADIP_SUPRA,2025-07-13 00:00:00,2025-07-13 18:00:00,14.02,USD_PER_MT,1,v1.0,VALID,PROXY,hash_fr_002798,True
2799,FREIGHT_ZA_RICHARDSBAY_PARADIP_PANAMAX,2025-07-13 00:00:00,2025-07-13 18:00:00,19.78,USD_PER_MT,1,v1.0,VALID,PROXY,hash_fr_002799,True
2800,FREIGHT_BR_TUBARAO_QINGDAO_CAPE,2025-07-13 00:00:00,2025-07-13 18:00:00,31.41,USD_PER_MT,1,v1.0,VALID,PROXY,hash_fr_002800,True
2801,FREIGHT_AU_HEDLAND_PARADIP_CAPE,2025-07-14 00:00:00,2025-07-14 18:00:00,17.26,USD_PER_MT,1,v1.0,VALID,PROXY,hash_fr_002801,True
2802,FREIGHT_AU_NEWCASTLE_PARADIP_PANAMAX,2025-07-14 00:00:00,2025-07-14 18:00:00,21.87,USD_PER_MT,1,v1.0,VALID,PROXY,hash_fr_002802,True
2803,FREIGHT_ID_SAMARINDA_PARADIP_SUPRA,2025-07-14 00:00:00,2025-07-14 18:00:00,13.51,USD_PER_MT,1,v1.0,VALID,PROXY,hash_fr_002803,True
2804,FREIGHT_ZA_RICHARDSBAY_PARADIP_PANAMAX,2025-07-14 00:00:00,2025-07-14 18:00:00,19.51,USD_PER_MT,1,v1.0,VALID,PROXY,hash_fr_002804,True
2805,FREIGHT_BR_TUBARAO_QINGDAO_CAPE,2025-07-14 00:00:00,2025-07-14 18:00:00,31.9,USD_PER_MT,1,v1.0,VALID,PROXY,hash_fr_002805,True
2806,FREIGHT_AU_HEDLAND_PARADIP_CAPE,2025-07-15 00:00:00,2025-07-15 18:00:00,17.74,USD_PER_MT,1,v1.0,VALID,PROXY,hash_fr_002806,True
2807,FREIGHT_AU_NEWCASTLE_PARADIP_PANAMAX,2025-07-15 00:00:00,2025-07-15 18:00:00,22.3,USD_PER_MT,1,v1.0,VALID,PROXY,hash_fr_002807,True
2808,FREIGHT_ID_SAMARINDA_PARADIP_SUPRA,2025-07-15 00:00:00,2025-07-15 18:00:00,14.22,USD_PER_MT,1,v1.0,VALID,PROXY,hash_fr_002808,True
2809,FREIGHT_ZA_RICHARDSBAY_PARADIP_PANAMAX,2025-07-15 00:00:00,2025-07-15 18:00:00,19.43,USD_PER_MT,1,v1.0,VALID,PROXY,hash_fr_002809,True
2810,FREIGHT_BR_TUBARAO_QINGDAO_CAPE,2025-07-15 00:00:00,2025-07-15 18:00:00,32.83,USD_PER_MT,1,v1.0,VALID,PROXY,hash_fr_002810,True
2811,FREIGHT_AU_HEDLAND_PARADIP_CAPE,2025-07-16 00:00:00,2025-07-16 18:00:00,17.62,USD_PER_MT,1,v1.0,VALID,PROXY,hash_fr_002811,True
2812,FREIGHT_AU_NEWCASTLE_PARADIP_PANAMAX,2025-07-16 00:00:00,2025-07-16 18:00:00,22.16,USD_PER_MT,1,v1.0,VALID,PROXY,hash_fr_002812,True
2813,FREIGHT_ID_SAMARINDA_PARADIP_SUPRA,2025-07-16 00:00:00,2025-07-16 18:00:00,13.96,USD_PER_MT,1,v1.0,VALID,PROXY,hash_fr_002813,True
2814,FREIGHT_ZA_RICHARDSBAY_PARADIP_PANAMAX,2025-07-16 00:00:00,2025-07-16 18:00:00,19.86,USD_PER_MT,1,v1.0,VALID,PROXY,hash_fr_002814,True
2815,FREIGHT_BR_TUBARAO_QINGDAO_CAPE,2025-07-16 00:00:00,2025-07-16 18:00:00,31.68,USD_PER_MT,1,v1.0,VALID,PROXY,hash_fr_002815,True
2816,FREIGHT_AU_HEDLAND_PARADIP_CAPE,2025-07-17 00:00:00,2025-07-17 18:00:00,16.98,USD_PER_MT,1,v1.0,VALID,PROXY,hash_fr_002816,True
2817,FREIGHT_AU_NEWCASTLE_PARADIP_PANAMAX,2025-07-17 00:00:00,2025-07-17 18:00:00,22.36,USD_PER_MT,1,v1.0,VALID,PROXY,hash_fr_002817,True
2818,FREIGHT_ID_SAMARINDA_PARADIP_SUPRA,2025-07-17 00:00:00,2025-07-17 18:00:00,13.7,USD_PER_MT,1,v1.0,VALID,PROXY,hash_fr_002818,True
2819,FREIGHT_ZA_RICHARDSBAY_PARADIP_PANAMAX,2025-07-17 00:00:00,2025-07-17 18:00:00,19.52,USD_PER_MT,1,v1.0,VALID,PROXY,hash_fr_002819,True
2820,FREIGHT_BR_TUBARAO_QINGDAO_CAPE,2025-07-17 00:00:00,2025-07-17 18:00:00,31.71,USD_PER_MT,1,v1.0,VALID,PROXY,hash_fr_002820,True
2821,FREIGHT_AU_HEDLAND_PARADIP_CAPE,2025-07-18 00:00:00,2025-07-18 18:00:00,16.81,USD_PER_MT,1,v1.0,VALID,PROXY,hash_fr_002821,True
2822,FREIGHT_AU_NEWCASTLE_PARADIP_PANAMAX,2025-07-18 00:00:00,2025-07-18 18:00:00,21.77,USD_PER_MT,1,v1.0,VALID,PROXY,hash_fr_002822,True
2823,FREIGHT_ID_SAMARINDA_PARADIP_SUPRA,2025-07-18 00:00:00,2025-07-18 18:00:00,13.62,USD_PER_MT,1,v1.0,VALID,PROXY,hash_fr_002823,True
2824,FREIGHT_ZA_RICHARDSBAY_PARADIP_PANAMAX,2025-07-18 00:00:00,2025-07-18 18:00:00,19.71,USD_PER_MT,1,v1.0,VALID,PROXY,hash_fr_002824,True
2825,FREIGHT_BR_TUBARAO_QINGDAO_CAPE,2025-07-18 00:00:00,2025-07-18 18:00:00,30.83,USD_PER_MT,1,v1.0,VALID,PROXY,hash_fr_002825,True
2826,FREIGHT_AU_HEDLAND_PARADIP_CAPE,2025-07-19 00:00:00,2025-07-19 18:00:00,16.79,USD_PER_MT,1,v1.0,VALID,PROXY,hash_fr_002826,True
2827,FREIGHT_AU_NEWCASTLE_PARADIP_PANAMAX,2025-07-19 00:00:00,2025-07-19 18:00:00,21.7,USD_PER_MT,1,v1.0,VALID,PROXY,hash_fr_002827,True
2828,FREIGHT_ID_SAMARINDA_PARADIP_SUPRA,2025-07-19 00:00:00,2025-07-19 18:00:00,13.16,USD_PER_MT,1,v1.0,VALID,PROXY,hash_fr_002828,True
2829,FREIGHT_ZA_RICHARDSBAY_PARADIP_PANAMAX,2025-07-19 00:00:00,2025-07-19 18:00:00,19.81,USD_PER_MT,1,v1.0,VALID,PROXY,hash_fr_002829,True
2830,FREIGHT_BR_TUBARAO_QINGDAO_CAPE,2025-07-19 00:00:00,2025-07-19 18:00:00,30.52,USD_PER_MT,1,v1.0,VALID,PROXY,hash_fr_002830,True
2831,FREIGHT_AU_HEDLAND_PARADIP_CAPE,2025-07-20 00:00:00,2025-07-20 18:00:00,16.7,USD_PER_MT,1,v1.0,VALID,PROXY,hash_fr_002831,True
2832,FREIGHT_AU_NEWCASTLE_PARADIP_PANAMAX,2025-07-20 00:00:00,2025-07-20 18:00:00,21.48,USD_PER_MT,1,v1.0,VALID,PROXY,hash_fr_002832,True
2833,FREIGHT_ID_SAMARINDA_PARADIP_SUPRA,2025-07-20 00:00:00,2025-07-20 18:00:00,13.33,USD_PER_MT,1,v1.0,VALID,PROXY,hash_fr_002833,True
2834,FREIGHT_ZA_RICHARDSBAY_PARADIP_PANAMAX,2025-07-20 00:00:00,2025-07-20 18:00:00,18.77,USD_PER_MT,1,v1.0,VALID,PROXY,hash_fr_002834,True
2835,FREIGHT_BR_TUBARAO_QINGDAO_CAPE,2025-07-20 00:00:00,2025-07-20 18:00:00,30.05,USD_PER_MT,1,v1.0,VALID,PROXY,hash_fr_002835,True
2836,FREIGHT_AU_HEDLAND_PARADIP_CAPE,2025-07-21 00:00:00,2025-07-21 18:00:00,16.27,USD_PER_MT,1,v1.0,VALID,PROXY,hash_fr_002836,True
2837,FREIGHT_AU_NEWCASTLE_PARADIP_PANAMAX,2025-07-21 00:00:00,2025-07-21 18:00:00,21.61,USD_PER_MT,1,v1.0,VALID,PROXY,hash_fr_002837,True
2838,FREIGHT_ID_SAMARINDA_PARADIP_SUPRA,2025-07-21 00:00:00,2025-07-21 18:00:00,13.43,USD_PER_MT,1,v1.0,VALID,PROXY,hash_fr_002838,True
2839,FREIGHT_ZA_RICHARDSBAY_PARADIP_PANAMAX,2025-07-21 00:00:00,2025-07-21 18:00:00,18.73,USD_PER_MT,1,v1.0,VALID,PROXY,hash_fr_002839,True
2840,FREIGHT_BR_TUBARAO_QINGDAO_CAPE,2025-07-21 00:00:00,2025-07-21 18:00:00,30.3,USD_PER_MT,1,v1.0,VALID,PROXY,hash_fr_002840,True
2841,FREIGHT_AU_HEDLAND_PARADIP_CAPE,2025-07-22 00:00:00,2025-07-22 18:00:00,16.78,USD_PER_MT,1,v1.0,VALID,PROXY,hash_fr_002841,True
2842,FREIGHT_AU_NEWCASTLE_PARADIP_PANAMAX,2025-07-22 00:00:00,2025-07-22 18:00:00,21.03,USD_PER_MT,1,v1.0,VALID,PROXY,hash_fr_002842,True
2843,FREIGHT_ID_SAMARINDA_PARADIP_SUPRA,2025-07-22 00:00:00,2025-07-22 18:00:00,12.95,USD_PER_MT,1,v1.0,VALID,PROXY,hash_fr_002843,True
2844,FREIGHT_ZA_RICHARDSBAY_PARADIP_PANAMAX,2025-07-22 00:00:00,2025-07-22 18:00:00,18.3,USD_PER_MT,1,v1.0,VALID,PROXY,hash_fr_002844,True
2845,FREIGHT_BR_TUBARAO_QINGDAO_CAPE,2025-07-22 00:00:00,2025-07-22 18:00:00,30.03,USD_PER_MT,1,v1.0,VALID,PROXY,hash_fr_002845,True
2846,FREIGHT_AU_HEDLAND_PARADIP_CAPE,2025-07-23 00:00:00,2025-07-23 18:00:00,16.57,USD_PER_MT,1,v1.0,VALID,PROXY,hash_fr_002846,True
2847,FREIGHT_AU_NEWCASTLE_PARADIP_PANAMAX,2025-07-23 00:00:00,2025-07-23 18:00:00,20.86,USD_PER_MT,1,v1.0,VALID,PROXY,hash_fr_002847,True
2848,FREIGHT_ID_SAMARINDA_PARADIP_SUPRA,2025-07-23 00:00:00,2025-07-23 18:00:00,13.02,USD_PER_MT,1,v1.0,VALID,PROXY,hash_fr_002848,True
2849,FREIGHT_ZA_RICHARDSBAY_PARADIP_PANAMAX,2025-07-23 00:00:00,2025-07-23 18:00:00,18.53,USD_PER_MT,1,v1.0,VALID,PROXY,hash_fr_002849,True
2850,FREIGHT_BR_TUBARAO_QINGDAO_CAPE,2025-07-23 00:00:00,2025-07-23 18:00:00,29.01,USD_PER_MT,1,v1.0,VALID,PROXY,hash_fr_002850,True
2851,FREIGHT_AU_HEDLAND_PARADIP_CAPE,2025-07-24 00:00:00,2025-07-24 18:00:00,16.1,USD_PER_MT,1,v1.0,VALID,PROXY,hash_fr_002851,True
2852,FREIGHT_AU_NEWCASTLE_PARADIP_PANAMAX,2025-07-24 00:00:00,2025-07-24 18:00:00,20.74,USD_PER_MT,1,v1.0,VALID,PROXY,hash_fr_002852,True
2853,FREIGHT_ID_SAMARINDA_PARADIP_SUPRA,2025-07-24 00:00:00,2025-07-24 18:00:00,12.94,USD_PER_MT,1,v1.0,VALID,PROXY,hash_fr_002853,True
2854,FREIGHT_ZA_RICHARDSBAY_PARADIP_PANAMAX,2025-07-24 00:00:00,2025-07-24 18:00:00,18.7,USD_PER_MT,1,v1.0,VALID,PROXY,hash_fr_002854,True
2855,FREIGHT_BR_TUBARAO_QINGDAO_CAPE,2025-07-24 00:00:00,2025-07-24 18:00:00,28.93,USD_PER_MT,1,v1.0,VALID,PROXY,hash_fr_002855,True
2856,FREIGHT_AU_HEDLAND_PARADIP_CAPE,2025-07-25 00:00:00,2025-07-25 18:00:00,15.97,USD_PER_MT,1,v1.0,VALID,PROXY,hash_fr_002856,True
2857,FREIGHT_AU_NEWCASTLE_PARADIP_PANAMAX,2025-07-25 00:00:00,2025-07-25 18:00:00,21.17,USD_PER_MT,1,v1.0,VALID,PROXY,hash_fr_002857,True
2858,FREIGHT_ID_SAMARINDA_PARADIP_SUPRA,2025-07-25 00:00:00,2025-07-25 18:00:00,12.94,USD_PER_MT,1,v1.0,VALID,PROXY,hash_fr_002858,True
2859,FREIGHT_ZA_RICHARDSBAY_PARADIP_PANAMAX,2025-07-25 00:00:00,2025-07-25 18:00:00,18.08,USD_PER_MT,1,v1.0,VALID,PROXY,hash_fr_002859,True
2860,FREIGHT_BR_TUBARAO_QINGDAO_CAPE,2025-07-25 00:00:00,2025-07-25 18:00:00,29.1,USD_PER_MT,1,v1.0,VALID,PROXY,hash_fr_002860,True
2861,FREIGHT_AU_HEDLAND_PARADIP_CAPE,2025-07-26 00:00:00,2025-07-26 18:00:00,15.41,USD_PER_MT,1,v1.0,VALID,PROXY,hash_fr_002861,True
2862,FREIGHT_AU_NEWCASTLE_PARADIP_PANAMAX,2025-07-26 00:00:00,2025-07-26 18:00:00,19.6,USD_PER_MT,1,v1.0,VALID,PROXY,hash_fr_002862,True
2863,FREIGHT_ID_SAMARINDA_PARADIP_SUPRA,2025-07-26 00:00:00,2025-07-26 18:00:00,12.82,USD_PER_MT,1,v1.0,VALID,PROXY,hash_fr_002863,True
2864,FREIGHT_ZA_RICHARDSBAY_PARADIP_PANAMAX,2025-07-26 00:00:00,2025-07-26 18:00:00,17.72,USD_PER_MT,1,v1.0,VALID,PROXY,hash_fr_002864,True
2865,FREIGHT_BR_TUBARAO_QINGDAO_CAPE,2025-07-26 00:00:00,2025-07-26 18:00:00,29.02,USD_PER_MT,1,v1.0,VALID,PROXY,hash_fr_002865,True
2866,FREIGHT_AU_HEDLAND_PARADIP_CAPE,2025-07-27 00:00:00,2025-07-27 18:00:00,15.85,USD_PER_MT,1,v1.0,VALID,PROXY,hash_fr_002866,True
2867,FREIGHT_AU_NEWCASTLE_PARADIP_PANAMAX,2025-07-27 00:00:00,2025-07-27 18:00:00,19.88,USD_PER_MT,1,v1.0,VALID,PROXY,hash_fr_002867,True
2868,FREIGHT_ID_SAMARINDA_PARADIP_SUPRA,2025-07-27 00:00:00,2025-07-27 18:00:00,12.88,USD_PER_MT,1,v1.0,VALID,PROXY,hash_fr_002868,True
2869,FREIGHT_ZA_RICHARDSBAY_PARADIP_PANAMAX,2025-07-27 00:00:00,2025-07-27 18:00:00,18.16,USD_PER_MT,1,v1.0,VALID,PROXY,hash_fr_002869,True
2870,FREIGHT_BR_TUBARAO_QINGDAO_CAPE,2025-07-27 00:00:00,2025-07-27 18:00:00,28.03,USD_PER_MT,1,v1.0,VALID,PROXY,hash_fr_002870,True
2871,FREIGHT_AU_HEDLAND_PARADIP_CAPE,2025-07-28 00:00:00,2025-07-28 18:00:00,15.09,USD_PER_MT,1,v1.0,VALID,PROXY,hash_fr_002871,True
2872,FREIGHT_AU_NEWCASTLE_PARADIP_PANAMAX,2025-07-28 00:00:00,2025-07-28 18:00:00,20.16,USD_PER_MT,1,v1.0,VALID,PROXY,hash_fr_002872,True
2873,FREIGHT_ID_SAMARINDA_PARADIP_SUPRA,2025-07-28 00:00:00,2025-07-28 18:00:00,12.37,USD_PER_MT,1,v1.0,VALID,PROXY,hash_fr_002873,True
2874,FREIGHT_ZA_RICHARDSBAY_PARADIP_PANAMAX,2025-07-28 00:00:00,2025-07-28 18:00:00,17.81,USD_PER_MT,1,v1.0,VALID,PROXY,hash_fr_002874,True
2875,FREIGHT_BR_TUBARAO_QINGDAO_CAPE,2025-07-28 00:00:00,2025-07-28 18:00:00,29.39,USD_PER_MT,1,v1.0,VALID,PROXY,hash_fr_002875,True
2876,FREIGHT_AU_HEDLAND_PARADIP_CAPE,2025-07-29 00:00:00,2025-07-29 18:00:00,15.96,USD_PER_MT,1,v1.0,VALID,PROXY,hash_fr_002876,True
2877,FREIGHT_AU_NEWCASTLE_PARADIP_PANAMAX,2025-07-29 00:00:00,2025-07-29 18:00:00,19.87,USD_PER_MT,1,v1.0,VALID,PROXY,hash_fr_002877,True
2878,FREIGHT_ID_SAMARINDA_PARADIP_SUPRA,2025-07-29 00:00:00,2025-07-29 18:00:00,12.18,USD_PER_MT,1,v1.0,VALID,PROXY,hash_fr_002878,True
2879,FREIGHT_ZA_RICHARDSBAY_PARADIP_PANAMAX,2025-07-29 00:00:00,2025-07-29 18:00:00,17.4,USD_PER_MT,1,v1.0,VALID,PROXY,hash_fr_002879,True
2880,FREIGHT_BR_TUBARAO_QINGDAO_CAPE,2025-07-29 00:00:00,2025-07-29 18:00:00,27.81,USD_PER_MT,1,v1.0,VALID,PROXY,hash_fr_002880,True
2881,FREIGHT_AU_HEDLAND_PARADIP_CAPE,2025-07-30 00:00:00,2025-07-30 18:00:00,15.08,USD_PER_MT,1,v1.0,VALID,PROXY,hash_fr_002881,True
2882,FREIGHT_AU_NEWCASTLE_PARADIP_PANAMAX,2025-07-30 00:00:00,2025-07-30 18:00:00,19.9,USD_PER_MT,1,v1.0,VALID,PROXY,hash_fr_002882,True
2883,FREIGHT_ID_SAMARINDA_PARADIP_SUPRA,2025-07-30 00:00:00,2025-07-30 18:00:00,11.95,USD_PER_MT,1,v1.0,VALID,PROXY,hash_fr_002883,True
2884,FREIGHT_ZA_RICHARDSBAY_PARADIP_PANAMAX,2025-07-30 00:00:00,2025-07-30 18:00:00,17.86,USD_PER_MT,1,v1.0,VALID,PROXY,hash_fr_002884,True
2885,FREIGHT_BR_TUBARAO_QINGDAO_CAPE,2025-07-30 00:00:00,2025-07-30 18:00:00,28.31,USD_PER_MT,1,v1.0,VALID,PROXY,hash_fr_002885,True
2886,FREIGHT_AU_HEDLAND_PARADIP_CAPE,2025-07-31 00:00:00,2025-07-31 18:00:00,15.14,USD_PER_MT,1,v1.0,VALID,PROXY,hash_fr_002886,True
2887,FREIGHT_AU_NEWCASTLE_PARADIP_PANAMAX,2025-07-31 00:00:00,2025-07-31 18:00:00,19.78,USD_PER_MT,1,v1.0,VALID,PROXY,hash_fr_002887,True
2888,FREIGHT_ID_SAMARINDA_PARADIP_SUPRA,2025-07-31 00:00:00,2025-07-31 18:00:00,12.27,USD_PER_MT,1,v1.0,VALID,PROXY,hash_fr_002888,True
2889,FREIGHT_ZA_RICHARDSBAY_PARADIP_PANAMAX,2025-07-31 00:00:00,2025-07-31 18:00:00,17.28,USD_PER_MT,1,v1.0,VALID,PROXY,hash_fr_002889,True
2890,FREIGHT_BR_TUBARAO_QINGDAO_CAPE,2025-07-31 00:00:00,2025-07-31 18:00:00,27.93,USD_PER_MT,1,v1.0,VALID,PROXY,hash_fr_002890,True
2891,FREIGHT_AU_HEDLAND_PARADIP_CAPE,2025-08-01 00:00:00,2025-08-01 18:00:00,15.15,USD_PER_MT,1,v1.0,VALID,PROXY,hash_fr_002891,True
2892,FREIGHT_AU_NEWCASTLE_PARADIP_PANAMAX,2025-08-01 00:00:00,2025-08-01 18:00:00,19.49,USD_PER_MT,1,v1.0,VALID,PROXY,hash_fr_002892,True
2893,FREIGHT_ID_SAMARINDA_PARADIP_SUPRA,2025-08-01 00:00:00,2025-08-01 18:00:00,11.79,USD_PER_MT,1,v1.0,VALID,PROXY,hash_fr_002893,True
2894,FREIGHT_ZA_RICHARDSBAY_PARADIP_PANAMAX,2025-08-01 00:00:00,2025-08-01 18:00:00,17.5,USD_PER_MT,1,v1.0,VALID,PROXY,hash_fr_002894,True
2895,FREIGHT_BR_TUBARAO_QINGDAO_CAPE,2025-08-01 00:00:00,2025-08-01 18:00:00,27.43,USD_PER_MT,1,v1.0,VALID,PROXY,hash_fr_002895,True
2896,FREIGHT_AU_HEDLAND_PARADIP_CAPE,2025-08-02 00:00:00,2025-08-02 18:00:00,14.69,USD_PER_MT,1,v1.0,VALID,PROXY,hash_fr_002896,True
2897,FREIGHT_AU_NEWCASTLE_PARADIP_PANAMAX,2025-08-02 00:00:00,2025-08-02 18:00:00,18.59,USD_PER_MT,1,v1.0,VALID,PROXY,hash_fr_002897,True
2898,FREIGHT_ID_SAMARINDA_PARADIP_SUPRA,2025-08-02 00:00:00,2025-08-02 18:00:00,11.49,USD_PER_MT,1,v1.0,VALID,PROXY,hash_fr_002898,True
2899,FREIGHT_ZA_RICHARDSBAY_PARADIP_PANAMAX,2025-08-02 00:00:00,2025-08-02 18:00:00,16.78,USD_PER_MT,1,v1.0,VALID,PROXY,hash_fr_002899,True
2900,FREIGHT_BR_TUBARAO_QINGDAO_CAPE,2025-08-02 00:00:00,2025-08-02 18:00:00,26.77,USD_PER_MT,1,v1.0,VALID,PROXY,hash_fr_002900,True
2901,FREIGHT_AU_HEDLAND_PARADIP_CAPE,2025-08-03 00:00:00,2025-08-03 18:00:00,14.71,USD_PER_MT,1,v1.0,VALID,PROXY,hash_fr_002901,True
2902,FREIGHT_AU_NEWCASTLE_PARADIP_PANAMAX,2025-08-03 00:00:00,2025-08-03 18:00:00,18.32,USD_PER_MT,1,v1.0,VALID,PROXY,hash_fr_002902,True
2903,FREIGHT_ID_SAMARINDA_PARADIP_SUPRA,2025-08-03 00:00:00,2025-08-03 18:00:00,12.19,USD_PER_MT,1,v1.0,VALID,PROXY,hash_fr_002903,True
2904,FREIGHT_ZA_RICHARDSBAY_PARADIP_PANAMAX,2025-08-03 00:00:00,2025-08-03 18:00:00,17.02,USD_PER_MT,1,v1.0,VALID,PROXY,hash_fr_002904,True
2905,FREIGHT_BR_TUBARAO_QINGDAO_CAPE,2025-08-03 00:00:00,2025-08-03 18:00:00,27.07,USD_PER_MT,1,v1.0,VALID,PROXY,hash_fr_002905,True
2906,FREIGHT_AU_HEDLAND_PARADIP_CAPE,2025-08-04 00:00:00,2025-08-04 18:00:00,14.63,USD_PER_MT,1,v1.0,VALID,PROXY,hash_fr_002906,True
2907,FREIGHT_AU_NEWCASTLE_PARADIP_PANAMAX,2025-08-04 00:00:00,2025-08-04 18:00:00,18.59,USD_PER_MT,1,v1.0,VALID,PROXY,hash_fr_002907,True
2908,FREIGHT_ID_SAMARINDA_PARADIP_SUPRA,2025-08-04 00:00:00,2025-08-04 18:00:00,11.52,USD_PER_MT,1,v1.0,VALID,PROXY,hash_fr_002908,True
2909,FREIGHT_ZA_RICHARDSBAY_PARADIP_PANAMAX,2025-08-04 00:00:00,2025-08-04 18:00:00,16.76,USD_PER_MT,1,v1.0,VALID,PROXY,hash_fr_002909,True
2910,FREIGHT_BR_TUBARAO_QINGDAO_CAPE,2025-08-04 00:00:00,2025-08-04 18:00:00,26.86,USD_PER_MT,1,v1.0,VALID,PROXY,hash_fr_002910,True
2911,FREIGHT_AU_HEDLAND_PARADIP_CAPE,2025-08-05 00:00:00,2025-08-05 18:00:00,14.78,USD_PER_MT,1,v1.0,VALID,PROXY,hash_fr_002911,True
2912,FREIGHT_AU_NEWCASTLE_PARADIP_PANAMAX,2025-08-05 00:00:00,2025-08-05 18:00:00,18.59,USD_PER_MT,1,v1.0,VALID,PROXY,hash_fr_002912,True
2913,FREIGHT_ID_SAMARINDA_PARADIP_SUPRA,2025-08-05 00:00:00,2025-08-05 18:00:00,11.35,USD_PER_MT,1,v1.0,VALID,PROXY,hash_fr_002913,True
2914,FREIGHT_ZA_RICHARDSBAY_PARADIP_PANAMAX,2025-08-05 00:00:00,2025-08-05 18:00:00,16.88,USD_PER_MT,1,v1.0,VALID,PROXY,hash_fr_002914,True
2915,FREIGHT_BR_TUBARAO_QINGDAO_CAPE,2025-08-05 00:00:00,2025-08-05 18:00:00,26.68,USD_PER_MT,1,v1.0,VALID,PROXY,hash_fr_002915,True
2916,FREIGHT_AU_HEDLAND_PARADIP_CAPE,2025-08-06 00:00:00,2025-08-06 18:00:00,14.32,USD_PER_MT,1,v1.0,VALID,PROXY,hash_fr_002916,True
2917,FREIGHT_AU_NEWCASTLE_PARADIP_PANAMAX,2025-08-06 00:00:00,2025-08-06 18:00:00,18.93,USD_PER_MT,1,v1.0,VALID,PROXY,hash_fr_002917,True
2918,FREIGHT_ID_SAMARINDA_PARADIP_SUPRA,2025-08-06 00:00:00,2025-08-06 18:00:00,11.19,USD_PER_MT,1,v1.0,VALID,PROXY,hash_fr_002918,True
2919,FREIGHT_ZA_RICHARDSBAY_PARADIP_PANAMAX,2025-08-06 00:00:00,2025-08-06 18:00:00,16.65,USD_PER_MT,1,v1.0,VALID,PROXY,hash_fr_002919,True
2920,FREIGHT_BR_TUBARAO_QINGDAO_CAPE,2025-08-06 00:00:00,2025-08-06 18:00:00,27.6,USD_PER_MT,1,v1.0,VALID,PROXY,hash_fr_002920,True
2921,FREIGHT_AU_HEDLAND_PARADIP_CAPE,2025-08-07 00:00:00,2025-08-07 18:00:00,14.11,USD_PER_MT,1,v1.0,VALID,PROXY,hash_fr_002921,True
2922,FREIGHT_AU_NEWCASTLE_PARADIP_PANAMAX,2025-08-07 00:00:00,2025-08-07 18:00:00,18.13,USD_PER_MT,1,v1.0,VALID,PROXY,hash_fr_002922,True
2923,FREIGHT_ID_SAMARINDA_PARADIP_SUPRA,2025-08-07 00:00:00,2025-08-07 18:00:00,12.01,USD_PER_MT,1,v1.0,VALID,PROXY,hash_fr_002923,True
2924,FREIGHT_ZA_RICHARDSBAY_PARADIP_PANAMAX,2025-08-07 00:00:00,2025-08-07 18:00:00,16.59,USD_PER_MT,1,v1.0,VALID,PROXY,hash_fr_002924,True
2925,FREIGHT_BR_TUBARAO_QINGDAO_CAPE,2025-08-07 00:00:00,2025-08-07 18:00:00,26.53,USD_PER_MT,1,v1.0,VALID,PROXY,hash_fr_002925,True
2926,FREIGHT_AU_HEDLAND_PARADIP_CAPE,2025-08-08 00:00:00,2025-08-08 18:00:00,14.75,USD_PER_MT,1,v1.0,VALID,PROXY,hash_fr_002926,True
2927,FREIGHT_AU_NEWCASTLE_PARADIP_PANAMAX,2025-08-08 00:00:00,2025-08-08 18:00:00,18.77,USD_PER_MT,1,v1.0,VALID,PROXY,hash_fr_002927,True
2928,FREIGHT_ID_SAMARINDA_PARADIP_SUPRA,2025-08-08 00:00:00,2025-08-08 18:00:00,11.56,USD_PER_MT,1,v1.0,VALID,PROXY,hash_fr_002928,True
2929,FREIGHT_ZA_RICHARDSBAY_PARADIP_PANAMAX,2025-08-08 00:00:00,2025-08-08 18:00:00,16.35,USD_PER_MT,1,v1.0,VALID,PROXY,hash_fr_002929,True
2930,FREIGHT_BR_TUBARAO_QINGDAO_CAPE,2025-08-08 00:00:00,2025-08-08 18:00:00,25.95,USD_PER_MT,1,v1.0,VALID,PROXY,hash_fr_002930,True
2931,FREIGHT_AU_HEDLAND_PARADIP_CAPE,2025-08-09 00:00:00,2025-08-09 18:00:00,14.11,USD_PER_MT,1,v1.0,VALID,PROXY,hash_fr_002931,True
2932,FREIGHT_AU_NEWCASTLE_PARADIP_PANAMAX,2025-08-09 00:00:00,2025-08-09 18:00:00,18.31,USD_PER_MT,1,v1.0,VALID,PROXY,hash_fr_002932,True
2933,FREIGHT_ID_SAMARINDA_PARADIP_SUPRA,2025-08-09 00:00:00,2025-08-09 18:00:00,11.6,USD_PER_MT,1,v1.0,VALID,PROXY,hash_fr_002933,True
2934,FREIGHT_ZA_RICHARDSBAY_PARADIP_PANAMAX,2025-08-09 00:00:00,2025-08-09 18:00:00,16.29,USD_PER_MT,1,v1.0,VALID,PROXY,hash_fr_002934,True
2935,FREIGHT_BR_TUBARAO_QINGDAO_CAPE,2025-08-09 00:00:00,2025-08-09 18:00:00,26.47,USD_PER_MT,1,v1.0,VALID,PROXY,hash_fr_002935,True
2936,FREIGHT_AU_HEDLAND_PARADIP_CAPE,2025-08-10 00:00:00,2025-08-10 18:00:00,14.93,USD_PER_MT,1,v1.0,VALID,PROXY,hash_fr_002936,True
2937,FREIGHT_AU_NEWCASTLE_PARADIP_PANAMAX,2025-08-10 00:00:00,2025-08-10 18:00:00,18.27,USD_PER_MT,1,v1.0,VALID,PROXY,hash_fr_002937,True
2938,FREIGHT_ID_SAMARINDA_PARADIP_SUPRA,2025-08-10 00:00:00,2025-08-10 18:00:00,11.59,USD_PER_MT,1,v1.0,VALID,PROXY,hash_fr_002938,True
2939,FREIGHT_ZA_RICHARDSBAY_PARADIP_PANAMAX,2025-08-10 00:00:00,2025-08-10 18:00:00,16.42,USD_PER_MT,1,v1.0,VALID,PROXY,hash_fr_002939,True
2940,FREIGHT_BR_TUBARAO_QINGDAO_CAPE,2025-08-10 00:00:00,2025-08-10 18:00:00,26.3,USD_PER_MT,1,v1.0,VALID,PROXY,hash_fr_002940,True
2941,FREIGHT_AU_HEDLAND_PARADIP_CAPE,2025-08-11 00:00:00,2025-08-11 18:00:00,14.27,USD_PER_MT,1,v1.0,VALID,PROXY,hash_fr_002941,True
2942,FREIGHT_AU_NEWCASTLE_PARADIP_PANAMAX,2025-08-11 00:00:00,2025-08-11 18:00:00,18.17,USD_PER_MT,1,v1.0,VALID,PROXY,hash_fr_002942,True
2943,FREIGHT_ID_SAMARINDA_PARADIP_SUPRA,2025-08-11 00:00:00,2025-08-11 18:00:00,11.87,USD_PER_MT,1,v1.0,VALID,PROXY,hash_fr_002943,True
2944,FREIGHT_ZA_RICHARDSBAY_PARADIP_PANAMAX,2025-08-11 00:00:00,2025-08-11 18:00:00,16.55,USD_PER_MT,1,v1.0,VALID,PROXY,hash_fr_002944,True
2945,FREIGHT_BR_TUBARAO_QINGDAO_CAPE,2025-08-11 00:00:00,2025-08-11 18:00:00,25.78,USD_PER_MT,1,v1.0,VALID,PROXY,hash_fr_002945,True
2946,FREIGHT_AU_HEDLAND_PARADIP_CAPE,2025-08-12 00:00:00,2025-08-12 18:00:00,14.51,USD_PER_MT,1,v1.0,VALID,PROXY,hash_fr_002946,True
2947,FREIGHT_AU_NEWCASTLE_PARADIP_PANAMAX,2025-08-12 00:00:00,2025-08-12 18:00:00,18.27,USD_PER_MT,1,v1.0,VALID,PROXY,hash_fr_002947,True
2948,FREIGHT_ID_SAMARINDA_PARADIP_SUPRA,2025-08-12 00:00:00,2025-08-12 18:00:00,11.82,USD_PER_MT,1,v1.0,VALID,PROXY,hash_fr_002948,True
2949,FREIGHT_ZA_RICHARDSBAY_PARADIP_PANAMAX,2025-08-12 00:00:00,2025-08-12 18:00:00,16.7,USD_PER_MT,1,v1.0,VALID,PROXY,hash_fr_002949,True
2950,FREIGHT_BR_TUBARAO_QINGDAO_CAPE,2025-08-12 00:00:00,2025-08-12 18:00:00,27.07,USD_PER_MT,1,v1.0,VALID,PROXY,hash_fr_002950,True
2951,FREIGHT_AU_HEDLAND_PARADIP_CAPE,2025-08-13 00:00:00,2025-08-13 18:00:00,14.28,USD_PER_MT,1,v1.0,VALID,PROXY,hash_fr_002951,True
2952,FREIGHT_AU_NEWCASTLE_PARADIP_PANAMAX,2025-08-13 00:00:00,2025-08-13 18:00:00,18.0,USD_PER_MT,1,v1.0,VALID,PROXY,hash_fr_002952,True
2953,FREIGHT_ID_SAMARINDA_PARADIP_SUPRA,2025-08-13 00:00:00,2025-08-13 18:00:00,11.77,USD_PER_MT,1,v1.0,VALID,PROXY,hash_fr_002953,True
2954,FREIGHT_ZA_RICHARDSBAY_PARADIP_PANAMAX,2025-08-13 00:00:00,2025-08-13 18:00:00,16.31,USD_PER_MT,1,v1.0,VALID,PROXY,hash_fr_002954,True
2955,FREIGHT_BR_TUBARAO_QINGDAO_CAPE,2025-08-13 00:00:00,2025-08-13 18:00:00,25.22,USD_PER_MT,1,v1.0,VALID,PROXY,hash_fr_002955,True
2956,FREIGHT_AU_HEDLAND_PARADIP_CAPE,2025-08-14 00:00:00,2025-08-14 18:00:00,14.29,USD_PER_MT,1,v1.0,VALID,PROXY,hash_fr_002956,True
2957,FREIGHT_AU_NEWCASTLE_PARADIP_PANAMAX,2025-08-14 00:00:00,2025-08-14 18:00:00,18.09,USD_PER_MT,1,v1.0,VALID,PROXY,hash_fr_002957,True
2958,FREIGHT_ID_SAMARINDA_PARADIP_SUPRA,2025-08-14 00:00:00,2025-08-14 18:00:00,11.51,USD_PER_MT,1,v1.0,VALID,PROXY,hash_fr_002958,True
2959,FREIGHT_ZA_RICHARDSBAY_PARADIP_PANAMAX,2025-08-14 00:00:00,2025-08-14 18:00:00,16.8,USD_PER_MT,1,v1.0,VALID,PROXY,hash_fr_002959,True
2960,FREIGHT_BR_TUBARAO_QINGDAO_CAPE,2025-08-14 00:00:00,2025-08-14 18:00:00,25.83,USD_PER_MT,1,v1.0,VALID,PROXY,hash_fr_002960,True
2961,FREIGHT_AU_HEDLAND_PARADIP_CAPE,2025-08-15 00:00:00,2025-08-15 18:00:00,14.77,USD_PER_MT,1,v1.0,VALID,PROXY,hash_fr_002961,True
2962,FREIGHT_AU_NEWCASTLE_PARADIP_PANAMAX,2025-08-15 00:00:00,2025-08-15 18:00:00,17.88,USD_PER_MT,1,v1.0,VALID,PROXY,hash_fr_002962,True
2963,FREIGHT_ID_SAMARINDA_PARADIP_SUPRA,2025-08-15 00:00:00,2025-08-15 18:00:00,11.22,USD_PER_MT,1,v1.0,VALID,PROXY,hash_fr_002963,True
2964,FREIGHT_ZA_RICHARDSBAY_PARADIP_PANAMAX,2025-08-15 00:00:00,2025-08-15 18:00:00,16.94,USD_PER_MT,1,v1.0,VALID,PROXY,hash_fr_002964,True
2965,FREIGHT_BR_TUBARAO_QINGDAO_CAPE,2025-08-15 00:00:00,2025-08-15 18:00:00,26.32,USD_PER_MT,1,v1.0,VALID,PROXY,hash_fr_002965,True
2966,FREIGHT_AU_HEDLAND_PARADIP_CAPE,2025-08-16 00:00:00,2025-08-16 18:00:00,14.6,USD_PER_MT,1,v1.0,VALID,PROXY,hash_fr_002966,True
2967,FREIGHT_AU_NEWCASTLE_PARADIP_PANAMAX,2025-08-16 00:00:00,2025-08-16 18:00:00,18.14,USD_PER_MT,1,v1.0,VALID,PROXY,hash_fr_002967,True
2968,FREIGHT_ID_SAMARINDA_PARADIP_SUPRA,2025-08-16 00:00:00,2025-08-16 18:00:00,11.55,USD_PER_MT,1,v1.0,VALID,PROXY,hash_fr_002968,True
2969,FREIGHT_ZA_RICHARDSBAY_PARADIP_PANAMAX,2025-08-16 00:00:00,2025-08-16 18:00:00,16.68,USD_PER_MT,1,v1.0,VALID,PROXY,hash_fr_002969,True
2970,FREIGHT_BR_TUBARAO_QINGDAO_CAPE,2025-08-16 00:00:00,2025-08-16 18:00:00,26.76,USD_PER_MT,1,v1.0,VALID,PROXY,hash_fr_002970,True
2971,FREIGHT_AU_HEDLAND_PARADIP_CAPE,2025-08-17 00:00:00,2025-08-17 18:00:00,14.64,USD_PER_MT,1,v1.0,VALID,PROXY,hash_fr_002971,True
2972,FREIGHT_AU_NEWCASTLE_PARADIP_PANAMAX,2025-08-17 00:00:00,2025-08-17 18:00:00,18.95,USD_PER_MT,1,v1.0,VALID,PROXY,hash_fr_002972,True
2973,FREIGHT_ID_SAMARINDA_PARADIP_SUPRA,2025-08-17 00:00:00,2025-08-17 18:00:00,11.57,USD_PER_MT,1,v1.0,VALID,PROXY,hash_fr_002973,True
2974,FREIGHT_ZA_RICHARDSBAY_PARADIP_PANAMAX,2025-08-17 00:00:00,2025-08-17 18:00:00,16.69,USD_PER_MT,1,v1.0,VALID,PROXY,hash_fr_002974,True
2975,FREIGHT_BR_TUBARAO_QINGDAO_CAPE,2025-08-17 00:00:00,2025-08-17 18:00:00,26.87,USD_PER_MT,1,v1.0,VALID,PROXY,hash_fr_002975,True
2976,FREIGHT_AU_HEDLAND_PARADIP_CAPE,2025-08-18 00:00:00,2025-08-18 18:00:00,14.86,USD_PER_MT,1,v1.0,VALID,PROXY,hash_fr_002976,True
2977,FREIGHT_AU_NEWCASTLE_PARADIP_PANAMAX,2025-08-18 00:00:00,2025-08-18 18:00:00,18.45,USD_PER_MT,1,v1.0,VALID,PROXY,hash_fr_002977,True
2978,FREIGHT_ID_SAMARINDA_PARADIP_SUPRA,2025-08-18 00:00:00,2025-08-18 18:00:00,11.73,USD_PER_MT,1,v1.0,VALID,PROXY,hash_fr_002978,True
2979,FREIGHT_ZA_RICHARDSBAY_PARADIP_PANAMAX,2025-08-18 00:00:00,2025-08-18 18:00:00,16.69,USD_PER_MT,1,v1.0,VALID,PROXY,hash_fr_002979,True
2980,FREIGHT_BR_TUBARAO_QINGDAO_CAPE,2025-08-18 00:00:00,2025-08-18 18:00:00,26.76,USD_PER_MT,1,v1.0,VALID,PROXY,hash_fr_002980,True
2981,FREIGHT_AU_HEDLAND_PARADIP_CAPE,2025-08-19 00:00:00,2025-08-19 18:00:00,14.57,USD_PER_MT,1,v1.0,VALID,PROXY,hash_fr_002981,True
2982,FREIGHT_AU_NEWCASTLE_PARADIP_PANAMAX,2025-08-19 00:00:00,2025-08-19 18:00:00,17.94,USD_PER_MT,1,v1.0,VALID,PROXY,hash_fr_002982,True
2983,FREIGHT_ID_SAMARINDA_PARADIP_SUPRA,2025-08-19 00:00:00,2025-08-19 18:00:00,11.71,USD_PER_MT,1,v1.0,VALID,PROXY,hash_fr_002983,True
2984,FREIGHT_ZA_RICHARDSBAY_PARADIP_PANAMAX,2025-08-19 00:00:00,2025-08-19 18:00:00,16.79,USD_PER_MT,1,v1.0,VALID,PROXY,hash_fr_002984,True
2985,FREIGHT_BR_TUBARAO_QINGDAO_CAPE,2025-08-19 00:00:00,2025-08-19 18:00:00,26.52,USD_PER_MT,1,v1.0,VALID,PROXY,hash_fr_002985,True
2986,FREIGHT_AU_HEDLAND_PARADIP_CAPE,2025-08-20 00:00:00,2025-08-20 18:00:00,15.6,USD_PER_MT,1,v1.0,VALID,PROXY,hash_fr_002986,True
2987,FREIGHT_AU_NEWCASTLE_PARADIP_PANAMAX,2025-08-20 00:00:00,2025-08-20 18:00:00,18.68,USD_PER_MT,1,v1.0,VALID,PROXY,hash_fr_002987,True
2988,FREIGHT_ID_SAMARINDA_PARADIP_SUPRA,2025-08-20 00:00:00,2025-08-20 18:00:00,11.46,USD_PER_MT,1,v1.0,VALID,PROXY,hash_fr_002988,True
2989,FREIGHT_ZA_RICHARDSBAY_PARADIP_PANAMAX,2025-08-20 00:00:00,2025-08-20 18:00:00,16.77,USD_PER_MT,1,v1.0,VALID,PROXY,hash_fr_002989,True
2990,FREIGHT_BR_TUBARAO_QINGDAO_CAPE,2025-08-20 00:00:00,2025-08-20 18:00:00,26.68,USD_PER_MT,1,v1.0,VALID,PROXY,hash_fr_002990,True
2991,FREIGHT_AU_HEDLAND_PARADIP_CAPE,2025-08-21 00:00:00,2025-08-21 18:00:00,14.38,USD_PER_MT,1,v1.0,VALID,PROXY,hash_fr_002991,True
2992,FREIGHT_AU_NEWCASTLE_PARADIP_PANAMAX,2025-08-21 00:00:00,2025-08-21 18:00:00,19.28,USD_PER_MT,1,v1.0,VALID,PROXY,hash_fr_002992,True
2993,FREIGHT_ID_SAMARINDA_PARADIP_SUPRA,2025-08-21 00:00:00,2025-08-21 18:00:00,11.63,USD_PER_MT,1,v1.0,VALID,PROXY,hash_fr_002993,True
2994,FREIGHT_ZA_RICHARDSBAY_PARADIP_PANAMAX,2025-08-21 00:00:00,2025-08-21 18:00:00,16.61,USD_PER_MT,1,v1.0,VALID,PROXY,hash_fr_002994,True
2995,FREIGHT_BR_TUBARAO_QINGDAO_CAPE,2025-08-21 00:00:00,2025-08-21 18:00:00,27.09,USD_PER_MT,1,v1.0,VALID,PROXY,hash_fr_002995,True
2996,FREIGHT_AU_HEDLAND_PARADIP_CAPE,2025-08-22 00:00:00,2025-08-22 18:00:00,14.6,USD_PER_MT,1,v1.0,VALID,PROXY,hash_fr_002996,True
2997,FREIGHT_AU_NEWCASTLE_PARADIP_PANAMAX,2025-08-22 00:00:00,2025-08-22 18:00:00,18.53,USD_PER_MT,1,v1.0,VALID,PROXY,hash_fr_002997,True
2998,FREIGHT_ID_SAMARINDA_PARADIP_SUPRA,2025-08-22 00:00:00,2025-08-22 18:00:00,11.99,USD_PER_MT,1,v1.0,VALID,PROXY,hash_fr_002998,True
2999,FREIGHT_ZA_RICHARDSBAY_PARADIP_PANAMAX,2025-08-22 00:00:00,2025-08-22 18:00:00,16.95,USD_PER_MT,1,v1.0,VALID,PROXY,hash_fr_002999,True
3000,FREIGHT_BR_TUBARAO_QINGDAO_CAPE,2025-08-22 00:00:00,2025-08-22 18:00:00,27.88,USD_PER_MT,1,v1.0,VALID,PROXY,hash_fr_003000,True
3001,FREIGHT_AU_HEDLAND_PARADIP_CAPE,2025-08-23 00:00:00,2025-08-23 18:00:00,15.0,USD_PER_MT,1,v1.0,VALID,PROXY,hash_fr_003001,True
3002,FREIGHT_AU_NEWCASTLE_PARADIP_PANAMAX,2025-08-23 00:00:00,2025-08-23 18:00:00,19.79,USD_PER_MT,1,v1.0,VALID,PROXY,hash_fr_003002,True
3003,FREIGHT_ID_SAMARINDA_PARADIP_SUPRA,2025-08-23 00:00:00,2025-08-23 18:00:00,12.29,USD_PER_MT,1,v1.0,VALID,PROXY,hash_fr_003003,True
3004,FREIGHT_ZA_RICHARDSBAY_PARADIP_PANAMAX,2025-08-23 00:00:00,2025-08-23 18:00:00,17.23,USD_PER_MT,1,v1.0,VALID,PROXY,hash_fr_003004,True
3005,FREIGHT_BR_TUBARAO_QINGDAO_CAPE,2025-08-23 00:00:00,2025-08-23 18:00:00,28.24,USD_PER_MT,1,v1.0,VALID,PROXY,hash_fr_003005,True
3006,FREIGHT_AU_HEDLAND_PARADIP_CAPE,2025-08-24 00:00:00,2025-08-24 18:00:00,15.17,USD_PER_MT,1,v1.0,VALID,PROXY,hash_fr_003006,True
3007,FREIGHT_AU_NEWCASTLE_PARADIP_PANAMAX,2025-08-24 00:00:00,2025-08-24 18:00:00,19.08,USD_PER_MT,1,v1.0,VALID,PROXY,hash_fr_003007,True
3008,FREIGHT_ID_SAMARINDA_PARADIP_SUPRA,2025-08-24 00:00:00,2025-08-24 18:00:00,11.81,USD_PER_MT,1,v1.0,VALID,PROXY,hash_fr_003008,True
3009,FREIGHT_ZA_RICHARDSBAY_PARADIP_PANAMAX,2025-08-24 00:00:00,2025-08-24 18:00:00,17.11,USD_PER_MT,1,v1.0,VALID,PROXY,hash_fr_003009,True
3010,FREIGHT_BR_TUBARAO_QINGDAO_CAPE,2025-08-24 00:00:00,2025-08-24 18:00:00,27.58,USD_PER_MT,1,v1.0,VALID,PROXY,hash_fr_003010,True
3011,FREIGHT_AU_HEDLAND_PARADIP_CAPE,2025-08-25 00:00:00,2025-08-25 18:00:00,15.13,USD_PER_MT,1,v1.0,VALID,PROXY,hash_fr_003011,True
3012,FREIGHT_AU_NEWCASTLE_PARADIP_PANAMAX,2025-08-25 00:00:00,2025-08-25 18:00:00,19.18,USD_PER_MT,1,v1.0,VALID,PROXY,hash_fr_003012,True
3013,FREIGHT_ID_SAMARINDA_PARADIP_SUPRA,2025-08-25 00:00:00,2025-08-25 18:00:00,12.47,USD_PER_MT,1,v1.0,VALID,PROXY,hash_fr_003013,True
3014,FREIGHT_ZA_RICHARDSBAY_PARADIP_PANAMAX,2025-08-25 00:00:00,2025-08-25 18:00:00,17.24,USD_PER_MT,1,v1.0,VALID,PROXY,hash_fr_003014,True
3015,FREIGHT_BR_TUBARAO_QINGDAO_CAPE,2025-08-25 00:00:00,2025-08-25 18:00:00,27.16,USD_PER_MT,1,v1.0,VALID,PROXY,hash_fr_003015,True
3016,FREIGHT_AU_HEDLAND_PARADIP_CAPE,2025-08-26 00:00:00,2025-08-26 18:00:00,14.84,USD_PER_MT,1,v1.0,VALID,PROXY,hash_fr_003016,True
3017,FREIGHT_AU_NEWCASTLE_PARADIP_PANAMAX,2025-08-26 00:00:00,2025-08-26 18:00:00,19.53,USD_PER_MT,1,v1.0,VALID,PROXY,hash_fr_003017,True
3018,FREIGHT_ID_SAMARINDA_PARADIP_SUPRA,2025-08-26 00:00:00,2025-08-26 18:00:00,12.41,USD_PER_MT,1,v1.0,VALID,PROXY,hash_fr_003018,True
3019,FREIGHT_ZA_RICHARDSBAY_PARADIP_PANAMAX,2025-08-26 00:00:00,2025-08-26 18:00:00,17.6,USD_PER_MT,1,v1.0,VALID,PROXY,hash_fr_003019,True
3020,FREIGHT_BR_TUBARAO_QINGDAO_CAPE,2025-08-26 00:00:00,2025-08-26 18:00:00,27.4,USD_PER_MT,1,v1.0,VALID,PROXY,hash_fr_003020,True
3021,FREIGHT_AU_HEDLAND_PARADIP_CAPE,2025-08-27 00:00:00,2025-08-27 18:00:00,15.18,USD_PER_MT,1,v1.0,VALID,PROXY,hash_fr_003021,True
3022,FREIGHT_AU_NEWCASTLE_PARADIP_PANAMAX,2025-08-27 00:00:00,2025-08-27 18:00:00,19.66,USD_PER_MT,1,v1.0,VALID,PROXY,hash_fr_003022,True
3023,FREIGHT_ID_SAMARINDA_PARADIP_SUPRA,2025-08-27 00:00:00,2025-08-27 18:00:00,11.7,USD_PER_MT,1,v1.0,VALID,PROXY,hash_fr_003023,True
3024,FREIGHT_ZA_RICHARDSBAY_PARADIP_PANAMAX,2025-08-27 00:00:00,2025-08-27 18:00:00,16.98,USD_PER_MT,1,v1.0,VALID,PROXY,hash_fr_003024,True
3025,FREIGHT_BR_TUBARAO_QINGDAO_CAPE,2025-08-27 00:00:00,2025-08-27 18:00:00,27.52,USD_PER_MT,1,v1.0,VALID,PROXY,hash_fr_003025,True
3026,FREIGHT_AU_HEDLAND_PARADIP_CAPE,2025-08-28 00:00:00,2025-08-28 18:00:00,15.5,USD_PER_MT,1,v1.0,VALID,PROXY,hash_fr_003026,True
3027,FREIGHT_AU_NEWCASTLE_PARADIP_PANAMAX,2025-08-28 00:00:00,2025-08-28 18:00:00,19.79,USD_PER_MT,1,v1.0,VALID,PROXY,hash_fr_003027,True
3028,FREIGHT_ID_SAMARINDA_PARADIP_SUPRA,2025-08-28 00:00:00,2025-08-28 18:00:00,12.37,USD_PER_MT,1,v1.0,VALID,PROXY,hash_fr_003028,True
3029,FREIGHT_ZA_RICHARDSBAY_PARADIP_PANAMAX,2025-08-28 00:00:00,2025-08-28 18:00:00,17.49,USD_PER_MT,1,v1.0,VALID,PROXY,hash_fr_003029,True
3030,FREIGHT_BR_TUBARAO_QINGDAO_CAPE,2025-08-28 00:00:00,2025-08-28 18:00:00,27.29,USD_PER_MT,1,v1.0,VALID,PROXY,hash_fr_003030,True
3031,FREIGHT_AU_HEDLAND_PARADIP_CAPE,2025-08-29 00:00:00,2025-08-29 18:00:00,15.23,USD_PER_MT,1,v1.0,VALID,PROXY,hash_fr_003031,True
3032,FREIGHT_AU_NEWCASTLE_PARADIP_PANAMAX,2025-08-29 00:00:00,2025-08-29 18:00:00,19.55,USD_PER_MT,1,v1.0,VALID,PROXY,hash_fr_003032,True
3033,FREIGHT_ID_SAMARINDA_PARADIP_SUPRA,2025-08-29 00:00:00,2025-08-29 18:00:00,12.1,USD_PER_MT,1,v1.0,VALID,PROXY,hash_fr_003033,True
3034,FREIGHT_ZA_RICHARDSBAY_PARADIP_PANAMAX,2025-08-29 00:00:00,2025-08-29 18:00:00,18.12,USD_PER_MT,1,v1.0,VALID,PROXY,hash_fr_003034,True
3035,FREIGHT_BR_TUBARAO_QINGDAO_CAPE,2025-08-29 00:00:00,2025-08-29 18:00:00,27.33,USD_PER_MT,1,v1.0,VALID,PROXY,hash_fr_003035,True
3036,FREIGHT_AU_HEDLAND_PARADIP_CAPE,2025-08-30 00:00:00,2025-08-30 18:00:00,15.27,USD_PER_MT,1,v1.0,VALID,PROXY,hash_fr_003036,True
3037,FREIGHT_AU_NEWCASTLE_PARADIP_PANAMAX,2025-08-30 00:00:00,2025-08-30 18:00:00,20.04,USD_PER_MT,1,v1.0,VALID,PROXY,hash_fr_003037,True
3038,FREIGHT_ID_SAMARINDA_PARADIP_SUPRA,2025-08-30 00:00:00,2025-08-30 18:00:00,12.05,USD_PER_MT,1,v1.0,VALID,PROXY,hash_fr_003038,True
3039,FREIGHT_ZA_RICHARDSBAY_PARADIP_PANAMAX,2025-08-30 00:00:00,2025-08-30 18:00:00,17.33,USD_PER_MT,1,v1.0,VALID,PROXY,hash_fr_003039,True
3040,FREIGHT_BR_TUBARAO_QINGDAO_CAPE,2025-08-30 00:00:00,2025-08-30 18:00:00,27.08,USD_PER_MT,1,v1.0,VALID,PROXY,hash_fr_003040,True
3041,FREIGHT_AU_HEDLAND_PARADIP_CAPE,2025-08-31 00:00:00,2025-08-31 18:00:00,15.58,USD_PER_MT,1,v1.0,VALID,PROXY,hash_fr_003041,True
3042,FREIGHT_AU_NEWCASTLE_PARADIP_PANAMAX,2025-08-31 00:00:00,2025-08-31 18:00:00,20.04,USD_PER_MT,1,v1.0,VALID,PROXY,hash_fr_003042,True
3043,FREIGHT_ID_SAMARINDA_PARADIP_SUPRA,2025-08-31 00:00:00,2025-08-31 18:00:00,12.12,USD_PER_MT,1,v1.0,VALID,PROXY,hash_fr_003043,True
3044,FREIGHT_ZA_RICHARDSBAY_PARADIP_PANAMAX,2025-08-31 00:00:00,2025-08-31 18:00:00,17.47,USD_PER_MT,1,v1.0,VALID,PROXY,hash_fr_003044,True
3045,FREIGHT_BR_TUBARAO_QINGDAO_CAPE,2025-08-31 00:00:00,2025-08-31 18:00:00,27.64,USD_PER_MT,1,v1.0,VALID,PROXY,hash_fr_003045,True
3046,FREIGHT_AU_HEDLAND_PARADIP_CAPE,2025-09-01 00:00:00,2025-09-01 18:00:00,16.22,USD_PER_MT,1,v1.0,VALID,PROXY,hash_fr_003046,True
3047,FREIGHT_AU_NEWCASTLE_PARADIP_PANAMAX,2025-09-01 00:00:00,2025-09-01 18:00:00,19.72,USD_PER_MT,1,v1.0,VALID,PROXY,hash_fr_003047,True
3048,FREIGHT_ID_SAMARINDA_PARADIP_SUPRA,2025-09-01 00:00:00,2025-09-01 18:00:00,12.43,USD_PER_MT,1,v1.0,VALID,PROXY,hash_fr_003048,True
3049,FREIGHT_ZA_RICHARDSBAY_PARADIP_PANAMAX,2025-09-01 00:00:00,2025-09-01 18:00:00,17.67,USD_PER_MT,1,v1.0,VALID,PROXY,hash_fr_003049,True
3050,FREIGHT_BR_TUBARAO_QINGDAO_CAPE,2025-09-01 00:00:00,2025-09-01 18:00:00,28.76,USD_PER_MT,1,v1.0,VALID,PROXY,hash_fr_003050,True
3051,FREIGHT_AU_HEDLAND_PARADIP_CAPE,2025-09-02 00:00:00,2025-09-02 18:00:00,15.58,USD_PER_MT,1,v1.0,VALID,PROXY,hash_fr_003051,True
3052,FREIGHT_AU_NEWCASTLE_PARADIP_PANAMAX,2025-09-02 00:00:00,2025-09-02 18:00:00,19.61,USD_PER_MT,1,v1.0,VALID,PROXY,hash_fr_003052,True
3053,FREIGHT_ID_SAMARINDA_PARADIP_SUPRA,2025-09-02 00:00:00,2025-09-02 18:00:00,12.61,USD_PER_MT,1,v1.0,VALID,PROXY,hash_fr_003053,True
3054,FREIGHT_ZA_RICHARDSBAY_PARADIP_PANAMAX,2025-09-02 00:00:00,2025-09-02 18:00:00,17.87,USD_PER_MT,1,v1.0,VALID,PROXY,hash_fr_003054,True
3055,FREIGHT_BR_TUBARAO_QINGDAO_CAPE,2025-09-02 00:00:00,2025-09-02 18:00:00,28.07,USD_PER_MT,1,v1.0,VALID,PROXY,hash_fr_003055,True
3056,FREIGHT_AU_HEDLAND_PARADIP_CAPE,2025-09-03 00:00:00,2025-09-03 18:00:00,15.47,USD_PER_MT,1,v1.0,VALID,PROXY,hash_fr_003056,True
3057,FREIGHT_AU_NEWCASTLE_PARADIP_PANAMAX,2025-09-03 00:00:00,2025-09-03 18:00:00,19.83,USD_PER_MT,1,v1.0,VALID,PROXY,hash_fr_003057,True
3058,FREIGHT_ID_SAMARINDA_PARADIP_SUPRA,2025-09-03 00:00:00,2025-09-03 18:00:00,12.38,USD_PER_MT,1,v1.0,VALID,PROXY,hash_fr_003058,True
3059,FREIGHT_ZA_RICHARDSBAY_PARADIP_PANAMAX,2025-09-03 00:00:00,2025-09-03 18:00:00,17.6,USD_PER_MT,1,v1.0,VALID,PROXY,hash_fr_003059,True
3060,FREIGHT_BR_TUBARAO_QINGDAO_CAPE,2025-09-03 00:00:00,2025-09-03 18:00:00,28.91,USD_PER_MT,1,v1.0,VALID,PROXY,hash_fr_003060,True
3061,FREIGHT_AU_HEDLAND_PARADIP_CAPE,2025-09-04 00:00:00,2025-09-04 18:00:00,15.74,USD_PER_MT,1,v1.0,VALID,PROXY,hash_fr_003061,True
3062,FREIGHT_AU_NEWCASTLE_PARADIP_PANAMAX,2025-09-04 00:00:00,2025-09-04 18:00:00,20.03,USD_PER_MT,1,v1.0,VALID,PROXY,hash_fr_003062,True
3063,FREIGHT_ID_SAMARINDA_PARADIP_SUPRA,2025-09-04 00:00:00,2025-09-04 18:00:00,12.46,USD_PER_MT,1,v1.0,VALID,PROXY,hash_fr_003063,True
3064,FREIGHT_ZA_RICHARDSBAY_PARADIP_PANAMAX,2025-09-04 00:00:00,2025-09-04 18:00:00,17.01,USD_PER_MT,1,v1.0,VALID,PROXY,hash_fr_003064,True
3065,FREIGHT_BR_TUBARAO_QINGDAO_CAPE,2025-09-04 00:00:00,2025-09-04 18:00:00,27.44,USD_PER_MT,1,v1.0,VALID,PROXY,hash_fr_003065,True
3066,FREIGHT_AU_HEDLAND_PARADIP_CAPE,2025-09-05 00:00:00,2025-09-05 18:00:00,15.06,USD_PER_MT,1,v1.0,VALID,PROXY,hash_fr_003066,True
3067,FREIGHT_AU_NEWCASTLE_PARADIP_PANAMAX,2025-09-05 00:00:00,2025-09-05 18:00:00,19.5,USD_PER_MT,1,v1.0,VALID,PROXY,hash_fr_003067,True
3068,FREIGHT_ID_SAMARINDA_PARADIP_SUPRA,2025-09-05 00:00:00,2025-09-05 18:00:00,12.4,USD_PER_MT,1,v1.0,VALID,PROXY,hash_fr_003068,True
3069,FREIGHT_ZA_RICHARDSBAY_PARADIP_PANAMAX,2025-09-05 00:00:00,2025-09-05 18:00:00,18.03,USD_PER_MT,1,v1.0,VALID,PROXY,hash_fr_003069,True
3070,FREIGHT_BR_TUBARAO_QINGDAO_CAPE,2025-09-05 00:00:00,2025-09-05 18:00:00,28.07,USD_PER_MT,1,v1.0,VALID,PROXY,hash_fr_003070,True
3071,FREIGHT_AU_HEDLAND_PARADIP_CAPE,2025-09-06 00:00:00,2025-09-06 18:00:00,15.21,USD_PER_MT,1,v1.0,VALID,PROXY,hash_fr_003071,True
3072,FREIGHT_AU_NEWCASTLE_PARADIP_PANAMAX,2025-09-06 00:00:00,2025-09-06 18:00:00,19.67,USD_PER_MT,1,v1.0,VALID,PROXY,hash_fr_003072,True
3073,FREIGHT_ID_SAMARINDA_PARADIP_SUPRA,2025-09-06 00:00:00,2025-09-06 18:00:00,12.26,USD_PER_MT,1,v1.0,VALID,PROXY,hash_fr_003073,True
3074,FREIGHT_ZA_RICHARDSBAY_PARADIP_PANAMAX,2025-09-06 00:00:00,2025-09-06 18:00:00,17.7,USD_PER_MT,1,v1.0,VALID,PROXY,hash_fr_003074,True
3075,FREIGHT_BR_TUBARAO_QINGDAO_CAPE,2025-09-06 00:00:00,2025-09-06 18:00:00,27.91,USD_PER_MT,1,v1.0,VALID,PROXY,hash_fr_003075,True
3076,FREIGHT_AU_HEDLAND_PARADIP_CAPE,2025-09-07 00:00:00,2025-09-07 18:00:00,15.8,USD_PER_MT,1,v1.0,VALID,PROXY,hash_fr_003076,True
3077,FREIGHT_AU_NEWCASTLE_PARADIP_PANAMAX,2025-09-07 00:00:00,2025-09-07 18:00:00,19.2,USD_PER_MT,1,v1.0,VALID,PROXY,hash_fr_003077,True
3078,FREIGHT_ID_SAMARINDA_PARADIP_SUPRA,2025-09-07 00:00:00,2025-09-07 18:00:00,12.22,USD_PER_MT,1,v1.0,VALID,PROXY,hash_fr_003078,True
3079,FREIGHT_ZA_RICHARDSBAY_PARADIP_PANAMAX,2025-09-07 00:00:00,2025-09-07 18:00:00,17.55,USD_PER_MT,1,v1.0,VALID,PROXY,hash_fr_003079,True
3080,FREIGHT_BR_TUBARAO_QINGDAO_CAPE,2025-09-07 00:00:00,2025-09-07 18:00:00,28.78,USD_PER_MT,1,v1.0,VALID,PROXY,hash_fr_003080,True
3081,FREIGHT_AU_HEDLAND_PARADIP_CAPE,2025-09-08 00:00:00,2025-09-08 18:00:00,15.35,USD_PER_MT,1,v1.0,VALID,PROXY,hash_fr_003081,True
3082,FREIGHT_AU_NEWCASTLE_PARADIP_PANAMAX,2025-09-08 00:00:00,2025-09-08 18:00:00,19.72,USD_PER_MT,1,v1.0,VALID,PROXY,hash_fr_003082,True
3083,FREIGHT_ID_SAMARINDA_PARADIP_SUPRA,2025-09-08 00:00:00,2025-09-08 18:00:00,12.46,USD_PER_MT,1,v1.0,VALID,PROXY,hash_fr_003083,True
3084,FREIGHT_ZA_RICHARDSBAY_PARADIP_PANAMAX,2025-09-08 00:00:00,2025-09-08 18:00:00,17.33,USD_PER_MT,1,v1.0,VALID,PROXY,hash_fr_003084,True
3085,FREIGHT_BR_TUBARAO_QINGDAO_CAPE,2025-09-08 00:00:00,2025-09-08 18:00:00,28.08,USD_PER_MT,1,v1.0,VALID,PROXY,hash_fr_003085,True
3086,FREIGHT_AU_HEDLAND_PARADIP_CAPE,2025-09-09 00:00:00,2025-09-09 18:00:00,14.86,USD_PER_MT,1,v1.0,VALID,PROXY,hash_fr_003086,True
3087,FREIGHT_AU_NEWCASTLE_PARADIP_PANAMAX,2025-09-09 00:00:00,2025-09-09 18:00:00,19.25,USD_PER_MT,1,v1.0,VALID,PROXY,hash_fr_003087,True
3088,FREIGHT_ID_SAMARINDA_PARADIP_SUPRA,2025-09-09 00:00:00,2025-09-09 18:00:00,12.12,USD_PER_MT,1,v1.0,VALID,PROXY,hash_fr_003088,True
3089,FREIGHT_ZA_RICHARDSBAY_PARADIP_PANAMAX,2025-09-09 00:00:00,2025-09-09 18:00:00,17.29,USD_PER_MT,1,v1.0,VALID,PROXY,hash_fr_003089,True
3090,FREIGHT_BR_TUBARAO_QINGDAO_CAPE,2025-09-09 00:00:00,2025-09-09 18:00:00,27.19,USD_PER_MT,1,v1.0,VALID,PROXY,hash_fr_003090,True
3091,FREIGHT_AU_HEDLAND_PARADIP_CAPE,2025-09-10 00:00:00,2025-09-10 18:00:00,14.89,USD_PER_MT,1,v1.0,VALID,PROXY,hash_fr_003091,True
3092,FREIGHT_AU_NEWCASTLE_PARADIP_PANAMAX,2025-09-10 00:00:00,2025-09-10 18:00:00,19.55,USD_PER_MT,1,v1.0,VALID,PROXY,hash_fr_003092,True
3093,FREIGHT_ID_SAMARINDA_PARADIP_SUPRA,2025-09-10 00:00:00,2025-09-10 18:00:00,11.84,USD_PER_MT,1,v1.0,VALID,PROXY,hash_fr_003093,True
3094,FREIGHT_ZA_RICHARDSBAY_PARADIP_PANAMAX,2025-09-10 00:00:00,2025-09-10 18:00:00,17.44,USD_PER_MT,1,v1.0,VALID,PROXY,hash_fr_003094,True
3095,FREIGHT_BR_TUBARAO_QINGDAO_CAPE,2025-09-10 00:00:00,2025-09-10 18:00:00,26.54,USD_PER_MT,1,v1.0,VALID,PROXY,hash_fr_003095,True
3096,FREIGHT_AU_HEDLAND_PARADIP_CAPE,2025-09-11 00:00:00,2025-09-11 18:00:00,15.29,USD_PER_MT,1,v1.0,VALID,PROXY,hash_fr_003096,True
3097,FREIGHT_AU_NEWCASTLE_PARADIP_PANAMAX,2025-09-11 00:00:00,2025-09-11 18:00:00,19.22,USD_PER_MT,1,v1.0,VALID,PROXY,hash_fr_003097,True
3098,FREIGHT_ID_SAMARINDA_PARADIP_SUPRA,2025-09-11 00:00:00,2025-09-11 18:00:00,11.96,USD_PER_MT,1,v1.0,VALID,PROXY,hash_fr_003098,True
3099,FREIGHT_ZA_RICHARDSBAY_PARADIP_PANAMAX,2025-09-11 00:00:00,2025-09-11 18:00:00,17.2,USD_PER_MT,1,v1.0,VALID,PROXY,hash_fr_003099,True
3100,FREIGHT_BR_TUBARAO_QINGDAO_CAPE,2025-09-11 00:00:00,2025-09-11 18:00:00,27.74,USD_PER_MT,1,v1.0,VALID,PROXY,hash_fr_003100,True
3101,FREIGHT_AU_HEDLAND_PARADIP_CAPE,2025-09-12 00:00:00,2025-09-12 18:00:00,14.47,USD_PER_MT,1,v1.0,VALID,PROXY,hash_fr_003101,True
3102,FREIGHT_AU_NEWCASTLE_PARADIP_PANAMAX,2025-09-12 00:00:00,2025-09-12 18:00:00,20.12,USD_PER_MT,1,v1.0,VALID,PROXY,hash_fr_003102,True
3103,FREIGHT_ID_SAMARINDA_PARADIP_SUPRA,2025-09-12 00:00:00,2025-09-12 18:00:00,12.43,USD_PER_MT,1,v1.0,VALID,PROXY,hash_fr_003103,True
3104,FREIGHT_ZA_RICHARDSBAY_PARADIP_PANAMAX,2025-09-12 00:00:00,2025-09-12 18:00:00,16.95,USD_PER_MT,1,v1.0,VALID,PROXY,hash_fr_003104,True
3105,FREIGHT_BR_TUBARAO_QINGDAO_CAPE,2025-09-12 00:00:00,2025-09-12 18:00:00,27.31,USD_PER_MT,1,v1.0,VALID,PROXY,hash_fr_003105,True
3106,FREIGHT_AU_HEDLAND_PARADIP_CAPE,2025-09-13 00:00:00,2025-09-13 18:00:00,14.79,USD_PER_MT,1,v1.0,VALID,PROXY,hash_fr_003106,True
3107,FREIGHT_AU_NEWCASTLE_PARADIP_PANAMAX,2025-09-13 00:00:00,2025-09-13 18:00:00,18.21,USD_PER_MT,1,v1.0,VALID,PROXY,hash_fr_003107,True
3108,FREIGHT_ID_SAMARINDA_PARADIP_SUPRA,2025-09-13 00:00:00,2025-09-13 18:00:00,12.06,USD_PER_MT,1,v1.0,VALID,PROXY,hash_fr_003108,True
3109,FREIGHT_ZA_RICHARDSBAY_PARADIP_PANAMAX,2025-09-13 00:00:00,2025-09-13 18:00:00,17.04,USD_PER_MT,1,v1.0,VALID,PROXY,hash_fr_003109,True
3110,FREIGHT_BR_TUBARAO_QINGDAO_CAPE,2025-09-13 00:00:00,2025-09-13 18:00:00,26.95,USD_PER_MT,1,v1.0,VALID,PROXY,hash_fr_003110,True
3111,FREIGHT_AU_HEDLAND_PARADIP_CAPE,2025-09-14 00:00:00,2025-09-14 18:00:00,14.96,USD_PER_MT,1,v1.0,VALID,PROXY,hash_fr_003111,True
3112,FREIGHT_AU_NEWCASTLE_PARADIP_PANAMAX,2025-09-14 00:00:00,2025-09-14 18:00:00,19.03,USD_PER_MT,1,v1.0,VALID,PROXY,hash_fr_003112,True
3113,FREIGHT_ID_SAMARINDA_PARADIP_SUPRA,2025-09-14 00:00:00,2025-09-14 18:00:00,12.18,USD_PER_MT,1,v1.0,VALID,PROXY,hash_fr_003113,True
3114,FREIGHT_ZA_RICHARDSBAY_PARADIP_PANAMAX,2025-09-14 00:00:00,2025-09-14 18:00:00,17.0,USD_PER_MT,1,v1.0,VALID,PROXY,hash_fr_003114,True
3115,FREIGHT_BR_TUBARAO_QINGDAO_CAPE,2025-09-14 00:00:00,2025-09-14 18:00:00,26.1,USD_PER_MT,1,v1.0,VALID,PROXY,hash_fr_003115,True
3116,FREIGHT_AU_HEDLAND_PARADIP_CAPE,2025-09-15 00:00:00,2025-09-15 18:00:00,14.86,USD_PER_MT,1,v1.0,VALID,PROXY,hash_fr_003116,True
3117,FREIGHT_AU_NEWCASTLE_PARADIP_PANAMAX,2025-09-15 00:00:00,2025-09-15 18:00:00,18.32,USD_PER_MT,1,v1.0,VALID,PROXY,hash_fr_003117,True
3118,FREIGHT_ID_SAMARINDA_PARADIP_SUPRA,2025-09-15 00:00:00,2025-09-15 18:00:00,11.38,USD_PER_MT,1,v1.0,VALID,PROXY,hash_fr_003118,True
3119,FREIGHT_ZA_RICHARDSBAY_PARADIP_PANAMAX,2025-09-15 00:00:00,2025-09-15 18:00:00,16.81,USD_PER_MT,1,v1.0,VALID,PROXY,hash_fr_003119,True
3120,FREIGHT_BR_TUBARAO_QINGDAO_CAPE,2025-09-15 00:00:00,2025-09-15 18:00:00,26.31,USD_PER_MT,1,v1.0,VALID,PROXY,hash_fr_003120,True
3121,FREIGHT_AU_HEDLAND_PARADIP_CAPE,2025-09-16 00:00:00,2025-09-16 18:00:00,14.45,USD_PER_MT,1,v1.0,VALID,PROXY,hash_fr_003121,True
3122,FREIGHT_AU_NEWCASTLE_PARADIP_PANAMAX,2025-09-16 00:00:00,2025-09-16 18:00:00,18.38,USD_PER_MT,1,v1.0,VALID,PROXY,hash_fr_003122,True
3123,FREIGHT_ID_SAMARINDA_PARADIP_SUPRA,2025-09-16 00:00:00,2025-09-16 18:00:00,11.2,USD_PER_MT,1,v1.0,VALID,PROXY,hash_fr_003123,True
3124,FREIGHT_ZA_RICHARDSBAY_PARADIP_PANAMAX,2025-09-16 00:00:00,2025-09-16 18:00:00,16.28,USD_PER_MT,1,v1.0,VALID,PROXY,hash_fr_003124,True
3125,FREIGHT_BR_TUBARAO_QINGDAO_CAPE,2025-09-16 00:00:00,2025-09-16 18:00:00,26.48,USD_PER_MT,1,v1.0,VALID,PROXY,hash_fr_003125,True
3126,FREIGHT_AU_HEDLAND_PARADIP_CAPE,2025-09-17 00:00:00,2025-09-17 18:00:00,14.18,USD_PER_MT,1,v1.0,VALID,PROXY,hash_fr_003126,True
3127,FREIGHT_AU_NEWCASTLE_PARADIP_PANAMAX,2025-09-17 00:00:00,2025-09-17 18:00:00,17.95,USD_PER_MT,1,v1.0,VALID,PROXY,hash_fr_003127,True
3128,FREIGHT_ID_SAMARINDA_PARADIP_SUPRA,2025-09-17 00:00:00,2025-09-17 18:00:00,11.4,USD_PER_MT,1,v1.0,VALID,PROXY,hash_fr_003128,True
3129,FREIGHT_ZA_RICHARDSBAY_PARADIP_PANAMAX,2025-09-17 00:00:00,2025-09-17 18:00:00,16.46,USD_PER_MT,1,v1.0,VALID,PROXY,hash_fr_003129,True
3130,FREIGHT_BR_TUBARAO_QINGDAO_CAPE,2025-09-17 00:00:00,2025-09-17 18:00:00,26.54,USD_PER_MT,1,v1.0,VALID,PROXY,hash_fr_003130,True
3131,FREIGHT_AU_HEDLAND_PARADIP_CAPE,2025-09-18 00:00:00,2025-09-18 18:00:00,14.29,USD_PER_MT,1,v1.0,VALID,PROXY,hash_fr_003131,True
3132,FREIGHT_AU_NEWCASTLE_PARADIP_PANAMAX,2025-09-18 00:00:00,2025-09-18 18:00:00,17.81,USD_PER_MT,1,v1.0,VALID,PROXY,hash_fr_003132,True
3133,FREIGHT_ID_SAMARINDA_PARADIP_SUPRA,2025-09-18 00:00:00,2025-09-18 18:00:00,11.51,USD_PER_MT,1,v1.0,VALID,PROXY,hash_fr_003133,True
3134,FREIGHT_ZA_RICHARDSBAY_PARADIP_PANAMAX,2025-09-18 00:00:00,2025-09-18 18:00:00,16.23,USD_PER_MT,1,v1.0,VALID,PROXY,hash_fr_003134,True
3135,FREIGHT_BR_TUBARAO_QINGDAO_CAPE,2025-09-18 00:00:00,2025-09-18 18:00:00,25.86,USD_PER_MT,1,v1.0,VALID,PROXY,hash_fr_003135,True
3136,FREIGHT_AU_HEDLAND_PARADIP_CAPE,2025-09-19 00:00:00,2025-09-19 18:00:00,13.54,USD_PER_MT,1,v1.0,VALID,PROXY,hash_fr_003136,True
3137,FREIGHT_AU_NEWCASTLE_PARADIP_PANAMAX,2025-09-19 00:00:00,2025-09-19 18:00:00,17.94,USD_PER_MT,1,v1.0,VALID,PROXY,hash_fr_003137,True
3138,FREIGHT_ID_SAMARINDA_PARADIP_SUPRA,2025-09-19 00:00:00,2025-09-19 18:00:00,11.07,USD_PER_MT,1,v1.0,VALID,PROXY,hash_fr_003138,True
3139,FREIGHT_ZA_RICHARDSBAY_PARADIP_PANAMAX,2025-09-19 00:00:00,2025-09-19 18:00:00,16.21,USD_PER_MT,1,v1.0,VALID,PROXY,hash_fr_003139,True
3140,FREIGHT_BR_TUBARAO_QINGDAO_CAPE,2025-09-19 00:00:00,2025-09-19 18:00:00,25.74,USD_PER_MT,1,v1.0,VALID,PROXY,hash_fr_003140,True
3141,FREIGHT_AU_HEDLAND_PARADIP_CAPE,2025-09-20 00:00:00,2025-09-20 18:00:00,13.95,USD_PER_MT,1,v1.0,VALID,PROXY,hash_fr_003141,True
3142,FREIGHT_AU_NEWCASTLE_PARADIP_PANAMAX,2025-09-20 00:00:00,2025-09-20 18:00:00,17.89,USD_PER_MT,1,v1.0,VALID,PROXY,hash_fr_003142,True
3143,FREIGHT_ID_SAMARINDA_PARADIP_SUPRA,2025-09-20 00:00:00,2025-09-20 18:00:00,11.19,USD_PER_MT,1,v1.0,VALID,PROXY,hash_fr_003143,True
3144,FREIGHT_ZA_RICHARDSBAY_PARADIP_PANAMAX,2025-09-20 00:00:00,2025-09-20 18:00:00,15.49,USD_PER_MT,1,v1.0,VALID,PROXY,hash_fr_003144,True
3145,FREIGHT_BR_TUBARAO_QINGDAO_CAPE,2025-09-20 00:00:00,2025-09-20 18:00:00,25.72,USD_PER_MT,1,v1.0,VALID,PROXY,hash_fr_003145,True
3146,FREIGHT_AU_HEDLAND_PARADIP_CAPE,2025-09-21 00:00:00,2025-09-21 18:00:00,14.04,USD_PER_MT,1,v1.0,VALID,PROXY,hash_fr_003146,True
3147,FREIGHT_AU_NEWCASTLE_PARADIP_PANAMAX,2025-09-21 00:00:00,2025-09-21 18:00:00,17.17,USD_PER_MT,1,v1.0,VALID,PROXY,hash_fr_003147,True
3148,FREIGHT_ID_SAMARINDA_PARADIP_SUPRA,2025-09-21 00:00:00,2025-09-21 18:00:00,10.99,USD_PER_MT,1,v1.0,VALID,PROXY,hash_fr_003148,True
3149,FREIGHT_ZA_RICHARDSBAY_PARADIP_PANAMAX,2025-09-21 00:00:00,2025-09-21 18:00:00,15.81,USD_PER_MT,1,v1.0,VALID,PROXY,hash_fr_003149,True
3150,FREIGHT_BR_TUBARAO_QINGDAO_CAPE,2025-09-21 00:00:00,2025-09-21 18:00:00,25.95,USD_PER_MT,1,v1.0,VALID,PROXY,hash_fr_003150,True
3151,FREIGHT_AU_HEDLAND_PARADIP_CAPE,2025-09-22 00:00:00,2025-09-22 18:00:00,13.45,USD_PER_MT,1,v1.0,VALID,PROXY,hash_fr_003151,True
3152,FREIGHT_AU_NEWCASTLE_PARADIP_PANAMAX,2025-09-22 00:00:00,2025-09-22 18:00:00,17.06,USD_PER_MT,1,v1.0,VALID,PROXY,hash_fr_003152,True
3153,FREIGHT_ID_SAMARINDA_PARADIP_SUPRA,2025-09-22 00:00:00,2025-09-22 18:00:00,10.81,USD_PER_MT,1,v1.0,VALID,PROXY,hash_fr_003153,True
3154,FREIGHT_ZA_RICHARDSBAY_PARADIP_PANAMAX,2025-09-22 00:00:00,2025-09-22 18:00:00,15.5,USD_PER_MT,1,v1.0,VALID,PROXY,hash_fr_003154,True
3155,FREIGHT_BR_TUBARAO_QINGDAO_CAPE,2025-09-22 00:00:00,2025-09-22 18:00:00,23.84,USD_PER_MT,1,v1.0,VALID,PROXY,hash_fr_003155,True
3156,FREIGHT_AU_HEDLAND_PARADIP_CAPE,2025-09-23 00:00:00,2025-09-23 18:00:00,13.38,USD_PER_MT,1,v1.0,VALID,PROXY,hash_fr_003156,True
3157,FREIGHT_AU_NEWCASTLE_PARADIP_PANAMAX,2025-09-23 00:00:00,2025-09-23 18:00:00,16.88,USD_PER_MT,1,v1.0,VALID,PROXY,hash_fr_003157,True
3158,FREIGHT_ID_SAMARINDA_PARADIP_SUPRA,2025-09-23 00:00:00,2025-09-23 18:00:00,10.39,USD_PER_MT,1,v1.0,VALID,PROXY,hash_fr_003158,True
3159,FREIGHT_ZA_RICHARDSBAY_PARADIP_PANAMAX,2025-09-23 00:00:00,2025-09-23 18:00:00,15.38,USD_PER_MT,1,v1.0,VALID,PROXY,hash_fr_003159,True
3160,FREIGHT_BR_TUBARAO_QINGDAO_CAPE,2025-09-23 00:00:00,2025-09-23 18:00:00,24.88,USD_PER_MT,1,v1.0,VALID,PROXY,hash_fr_003160,True
3161,FREIGHT_AU_HEDLAND_PARADIP_CAPE,2025-09-24 00:00:00,2025-09-24 18:00:00,13.28,USD_PER_MT,1,v1.0,VALID,PROXY,hash_fr_003161,True
3162,FREIGHT_AU_NEWCASTLE_PARADIP_PANAMAX,2025-09-24 00:00:00,2025-09-24 18:00:00,16.78,USD_PER_MT,1,v1.0,VALID,PROXY,hash_fr_003162,True
3163,FREIGHT_ID_SAMARINDA_PARADIP_SUPRA,2025-09-24 00:00:00,2025-09-24 18:00:00,10.74,USD_PER_MT,1,v1.0,VALID,PROXY,hash_fr_003163,True
3164,FREIGHT_ZA_RICHARDSBAY_PARADIP_PANAMAX,2025-09-24 00:00:00,2025-09-24 18:00:00,15.24,USD_PER_MT,1,v1.0,VALID,PROXY,hash_fr_003164,True
3165,FREIGHT_BR_TUBARAO_QINGDAO_CAPE,2025-09-24 00:00:00,2025-09-24 18:00:00,23.2,USD_PER_MT,1,v1.0,VALID,PROXY,hash_fr_003165,True
3166,FREIGHT_AU_HEDLAND_PARADIP_CAPE,2025-09-25 00:00:00,2025-09-25 18:00:00,13.79,USD_PER_MT,1,v1.0,VALID,PROXY,hash_fr_003166,True
3167,FREIGHT_AU_NEWCASTLE_PARADIP_PANAMAX,2025-09-25 00:00:00,2025-09-25 18:00:00,16.22,USD_PER_MT,1,v1.0,VALID,PROXY,hash_fr_003167,True
3168,FREIGHT_ID_SAMARINDA_PARADIP_SUPRA,2025-09-25 00:00:00,2025-09-25 18:00:00,10.17,USD_PER_MT,1,v1.0,VALID,PROXY,hash_fr_003168,True
3169,FREIGHT_ZA_RICHARDSBAY_PARADIP_PANAMAX,2025-09-25 00:00:00,2025-09-25 18:00:00,15.71,USD_PER_MT,1,v1.0,VALID,PROXY,hash_fr_003169,True
3170,FREIGHT_BR_TUBARAO_QINGDAO_CAPE,2025-09-25 00:00:00,2025-09-25 18:00:00,24.24,USD_PER_MT,1,v1.0,VALID,PROXY,hash_fr_003170,True
3171,FREIGHT_AU_HEDLAND_PARADIP_CAPE,2025-09-26 00:00:00,2025-09-26 18:00:00,13.24,USD_PER_MT,1,v1.0,VALID,PROXY,hash_fr_003171,True
3172,FREIGHT_AU_NEWCASTLE_PARADIP_PANAMAX,2025-09-26 00:00:00,2025-09-26 18:00:00,16.04,USD_PER_MT,1,v1.0,VALID,PROXY,hash_fr_003172,True
3173,FREIGHT_ID_SAMARINDA_PARADIP_SUPRA,2025-09-26 00:00:00,2025-09-26 18:00:00,10.36,USD_PER_MT,1,v1.0,VALID,PROXY,hash_fr_003173,True
3174,FREIGHT_ZA_RICHARDSBAY_PARADIP_PANAMAX,2025-09-26 00:00:00,2025-09-26 18:00:00,14.58,USD_PER_MT,1,v1.0,VALID,PROXY,hash_fr_003174,True
3175,FREIGHT_BR_TUBARAO_QINGDAO_CAPE,2025-09-26 00:00:00,2025-09-26 18:00:00,23.51,USD_PER_MT,1,v1.0,VALID,PROXY,hash_fr_003175,True
3176,FREIGHT_AU_HEDLAND_PARADIP_CAPE,2025-09-27 00:00:00,2025-09-27 18:00:00,12.88,USD_PER_MT,1,v1.0,VALID,PROXY,hash_fr_003176,True
3177,FREIGHT_AU_NEWCASTLE_PARADIP_PANAMAX,2025-09-27 00:00:00,2025-09-27 18:00:00,16.22,USD_PER_MT,1,v1.0,VALID,PROXY,hash_fr_003177,True
3178,FREIGHT_ID_SAMARINDA_PARADIP_SUPRA,2025-09-27 00:00:00,2025-09-27 18:00:00,10.5,USD_PER_MT,1,v1.0,VALID,PROXY,hash_fr_003178,True
3179,FREIGHT_ZA_RICHARDSBAY_PARADIP_PANAMAX,2025-09-27 00:00:00,2025-09-27 18:00:00,14.59,USD_PER_MT,1,v1.0,VALID,PROXY,hash_fr_003179,True
3180,FREIGHT_BR_TUBARAO_QINGDAO_CAPE,2025-09-27 00:00:00,2025-09-27 18:00:00,22.97,USD_PER_MT,1,v1.0,VALID,PROXY,hash_fr_003180,True
3181,FREIGHT_AU_HEDLAND_PARADIP_CAPE,2025-09-28 00:00:00,2025-09-28 18:00:00,12.83,USD_PER_MT,1,v1.0,VALID,PROXY,hash_fr_003181,True
3182,FREIGHT_AU_NEWCASTLE_PARADIP_PANAMAX,2025-09-28 00:00:00,2025-09-28 18:00:00,15.95,USD_PER_MT,1,v1.0,VALID,PROXY,hash_fr_003182,True
3183,FREIGHT_ID_SAMARINDA_PARADIP_SUPRA,2025-09-28 00:00:00,2025-09-28 18:00:00,10.03,USD_PER_MT,1,v1.0,VALID,PROXY,hash_fr_003183,True
3184,FREIGHT_ZA_RICHARDSBAY_PARADIP_PANAMAX,2025-09-28 00:00:00,2025-09-28 18:00:00,14.94,USD_PER_MT,1,v1.0,VALID,PROXY,hash_fr_003184,True
3185,FREIGHT_BR_TUBARAO_QINGDAO_CAPE,2025-09-28 00:00:00,2025-09-28 18:00:00,23.05,USD_PER_MT,1,v1.0,VALID,PROXY,hash_fr_003185,True
3186,FREIGHT_AU_HEDLAND_PARADIP_CAPE,2025-09-29 00:00:00,2025-09-29 18:00:00,13.0,USD_PER_MT,1,v1.0,VALID,PROXY,hash_fr_003186,True
3187,FREIGHT_AU_NEWCASTLE_PARADIP_PANAMAX,2025-09-29 00:00:00,2025-09-29 18:00:00,15.9,USD_PER_MT,1,v1.0,VALID,PROXY,hash_fr_003187,True
3188,FREIGHT_ID_SAMARINDA_PARADIP_SUPRA,2025-09-29 00:00:00,2025-09-29 18:00:00,10.63,USD_PER_MT,1,v1.0,VALID,PROXY,hash_fr_003188,True
3189,FREIGHT_ZA_RICHARDSBAY_PARADIP_PANAMAX,2025-09-29 00:00:00,2025-09-29 18:00:00,14.05,USD_PER_MT,1,v1.0,VALID,PROXY,hash_fr_003189,True
3190,FREIGHT_BR_TUBARAO_QINGDAO_CAPE,2025-09-29 00:00:00,2025-09-29 18:00:00,23.44,USD_PER_MT,1,v1.0,VALID,PROXY,hash_fr_003190,True
3191,FREIGHT_AU_HEDLAND_PARADIP_CAPE,2025-09-30 00:00:00,2025-09-30 18:00:00,12.32,USD_PER_MT,1,v1.0,VALID,PROXY,hash_fr_003191,True
3192,FREIGHT_AU_NEWCASTLE_PARADIP_PANAMAX,2025-09-30 00:00:00,2025-09-30 18:00:00,15.45,USD_PER_MT,1,v1.0,VALID,PROXY,hash_fr_003192,True
3193,FREIGHT_ID_SAMARINDA_PARADIP_SUPRA,2025-09-30 00:00:00,2025-09-30 18:00:00,10.11,USD_PER_MT,1,v1.0,VALID,PROXY,hash_fr_003193,True
3194,FREIGHT_ZA_RICHARDSBAY_PARADIP_PANAMAX,2025-09-30 00:00:00,2025-09-30 18:00:00,14.11,USD_PER_MT,1,v1.0,VALID,PROXY,hash_fr_003194,True
3195,FREIGHT_BR_TUBARAO_QINGDAO_CAPE,2025-09-30 00:00:00,2025-09-30 18:00:00,21.85,USD_PER_MT,1,v1.0,VALID,PROXY,hash_fr_003195,True
3196,FREIGHT_AU_HEDLAND_PARADIP_CAPE,2025-10-01 00:00:00,2025-10-01 18:00:00,12.37,USD_PER_MT,1,v1.0,VALID,PROXY,hash_fr_003196,True
3197,FREIGHT_AU_NEWCASTLE_PARADIP_PANAMAX,2025-10-01 00:00:00,2025-10-01 18:00:00,16.16,USD_PER_MT,1,v1.0,VALID,PROXY,hash_fr_003197,True
3198,FREIGHT_ID_SAMARINDA_PARADIP_SUPRA,2025-10-01 00:00:00,2025-10-01 18:00:00,10.24,USD_PER_MT,1,v1.0,VALID,PROXY,hash_fr_003198,True
3199,FREIGHT_ZA_RICHARDSBAY_PARADIP_PANAMAX,2025-10-01 00:00:00,2025-10-01 18:00:00,13.78,USD_PER_MT,1,v1.0,VALID,PROXY,hash_fr_003199,True
3200,FREIGHT_BR_TUBARAO_QINGDAO_CAPE,2025-10-01 00:00:00,2025-10-01 18:00:00,22.9,USD_PER_MT,1,v1.0,VALID,PROXY,hash_fr_003200,True
3201,FREIGHT_AU_HEDLAND_PARADIP_CAPE,2025-10-02 00:00:00,2025-10-02 18:00:00,12.14,USD_PER_MT,1,v1.0,VALID,PROXY,hash_fr_003201,True
3202,FREIGHT_AU_NEWCASTLE_PARADIP_PANAMAX,2025-10-02 00:00:00,2025-10-02 18:00:00,15.72,USD_PER_MT,1,v1.0,VALID,PROXY,hash_fr_003202,True
3203,FREIGHT_ID_SAMARINDA_PARADIP_SUPRA,2025-10-02 00:00:00,2025-10-02 18:00:00,9.43,USD_PER_MT,1,v1.0,VALID,PROXY,hash_fr_003203,True
3204,FREIGHT_ZA_RICHARDSBAY_PARADIP_PANAMAX,2025-10-02 00:00:00,2025-10-02 18:00:00,13.77,USD_PER_MT,1,v1.0,VALID,PROXY,hash_fr_003204,True
3205,FREIGHT_BR_TUBARAO_QINGDAO_CAPE,2025-10-02 00:00:00,2025-10-02 18:00:00,22.29,USD_PER_MT,1,v1.0,VALID,PROXY,hash_fr_003205,True
3206,FREIGHT_AU_HEDLAND_PARADIP_CAPE,2025-10-03 00:00:00,2025-10-03 18:00:00,12.43,USD_PER_MT,1,v1.0,VALID,PROXY,hash_fr_003206,True
3207,FREIGHT_AU_NEWCASTLE_PARADIP_PANAMAX,2025-10-03 00:00:00,2025-10-03 18:00:00,15.21,USD_PER_MT,1,v1.0,VALID,PROXY,hash_fr_003207,True
3208,FREIGHT_ID_SAMARINDA_PARADIP_SUPRA,2025-10-03 00:00:00,2025-10-03 18:00:00,9.83,USD_PER_MT,1,v1.0,VALID,PROXY,hash_fr_003208,True
3209,FREIGHT_ZA_RICHARDSBAY_PARADIP_PANAMAX,2025-10-03 00:00:00,2025-10-03 18:00:00,13.96,USD_PER_MT,1,v1.0,VALID,PROXY,hash_fr_003209,True
3210,FREIGHT_BR_TUBARAO_QINGDAO_CAPE,2025-10-03 00:00:00,2025-10-03 18:00:00,21.88,USD_PER_MT,1,v1.0,VALID,PROXY,hash_fr_003210,True
3211,FREIGHT_AU_HEDLAND_PARADIP_CAPE,2025-10-04 00:00:00,2025-10-04 18:00:00,12.1,USD_PER_MT,1,v1.0,VALID,PROXY,hash_fr_003211,True
3212,FREIGHT_AU_NEWCASTLE_PARADIP_PANAMAX,2025-10-04 00:00:00,2025-10-04 18:00:00,15.51,USD_PER_MT,1,v1.0,VALID,PROXY,hash_fr_003212,True
3213,FREIGHT_ID_SAMARINDA_PARADIP_SUPRA,2025-10-04 00:00:00,2025-10-04 18:00:00,9.52,USD_PER_MT,1,v1.0,VALID,PROXY,hash_fr_003213,True
3214,FREIGHT_ZA_RICHARDSBAY_PARADIP_PANAMAX,2025-10-04 00:00:00,2025-10-04 18:00:00,13.79,USD_PER_MT,1,v1.0,VALID,PROXY,hash_fr_003214,True
3215,FREIGHT_BR_TUBARAO_QINGDAO_CAPE,2025-10-04 00:00:00,2025-10-04 18:00:00,21.47,USD_PER_MT,1,v1.0,VALID,PROXY,hash_fr_003215,True
3216,FREIGHT_AU_HEDLAND_PARADIP_CAPE,2025-10-05 00:00:00,2025-10-05 18:00:00,12.35,USD_PER_MT,1,v1.0,VALID,PROXY,hash_fr_003216,True
3217,FREIGHT_AU_NEWCASTLE_PARADIP_PANAMAX,2025-10-05 00:00:00,2025-10-05 18:00:00,15.1,USD_PER_MT,1,v1.0,VALID,PROXY,hash_fr_003217,True
3218,FREIGHT_ID_SAMARINDA_PARADIP_SUPRA,2025-10-05 00:00:00,2025-10-05 18:00:00,9.43,USD_PER_MT,1,v1.0,VALID,PROXY,hash_fr_003218,True
3219,FREIGHT_ZA_RICHARDSBAY_PARADIP_PANAMAX,2025-10-05 00:00:00,2025-10-05 18:00:00,13.41,USD_PER_MT,1,v1.0,VALID,PROXY,hash_fr_003219,True
3220,FREIGHT_BR_TUBARAO_QINGDAO_CAPE,2025-10-05 00:00:00,2025-10-05 18:00:00,21.08,USD_PER_MT,1,v1.0,VALID,PROXY,hash_fr_003220,True
3221,FREIGHT_AU_HEDLAND_PARADIP_CAPE,2025-10-06 00:00:00,2025-10-06 18:00:00,12.13,USD_PER_MT,1,v1.0,VALID,PROXY,hash_fr_003221,True
3222,FREIGHT_AU_NEWCASTLE_PARADIP_PANAMAX,2025-10-06 00:00:00,2025-10-06 18:00:00,15.41,USD_PER_MT,1,v1.0,VALID,PROXY,hash_fr_003222,True
3223,FREIGHT_ID_SAMARINDA_PARADIP_SUPRA,2025-10-06 00:00:00,2025-10-06 18:00:00,9.66,USD_PER_MT,1,v1.0,VALID,PROXY,hash_fr_003223,True
3224,FREIGHT_ZA_RICHARDSBAY_PARADIP_PANAMAX,2025-10-06 00:00:00,2025-10-06 18:00:00,13.15,USD_PER_MT,1,v1.0,VALID,PROXY,hash_fr_003224,True
3225,FREIGHT_BR_TUBARAO_QINGDAO_CAPE,2025-10-06 00:00:00,2025-10-06 18:00:00,21.55,USD_PER_MT,1,v1.0,VALID,PROXY,hash_fr_003225,True
3226,FREIGHT_AU_HEDLAND_PARADIP_CAPE,2025-10-07 00:00:00,2025-10-07 18:00:00,11.27,USD_PER_MT,1,v1.0,VALID,PROXY,hash_fr_003226,True
3227,FREIGHT_AU_NEWCASTLE_PARADIP_PANAMAX,2025-10-07 00:00:00,2025-10-07 18:00:00,14.7,USD_PER_MT,1,v1.0,VALID,PROXY,hash_fr_003227,True
3228,FREIGHT_ID_SAMARINDA_PARADIP_SUPRA,2025-10-07 00:00:00,2025-10-07 18:00:00,9.5,USD_PER_MT,1,v1.0,VALID,PROXY,hash_fr_003228,True
3229,FREIGHT_ZA_RICHARDSBAY_PARADIP_PANAMAX,2025-10-07 00:00:00,2025-10-07 18:00:00,13.61,USD_PER_MT,1,v1.0,VALID,PROXY,hash_fr_003229,True
3230,FREIGHT_BR_TUBARAO_QINGDAO_CAPE,2025-10-07 00:00:00,2025-10-07 18:00:00,20.88,USD_PER_MT,1,v1.0,VALID,PROXY,hash_fr_003230,True
3231,FREIGHT_AU_HEDLAND_PARADIP_CAPE,2025-10-08 00:00:00,2025-10-08 18:00:00,11.95,USD_PER_MT,1,v1.0,VALID,PROXY,hash_fr_003231,True
3232,FREIGHT_AU_NEWCASTLE_PARADIP_PANAMAX,2025-10-08 00:00:00,2025-10-08 18:00:00,14.42,USD_PER_MT,1,v1.0,VALID,PROXY,hash_fr_003232,True
3233,FREIGHT_ID_SAMARINDA_PARADIP_SUPRA,2025-10-08 00:00:00,2025-10-08 18:00:00,9.57,USD_PER_MT,1,v1.0,VALID,PROXY,hash_fr_003233,True
3234,FREIGHT_ZA_RICHARDSBAY_PARADIP_PANAMAX,2025-10-08 00:00:00,2025-10-08 18:00:00,13.92,USD_PER_MT,1,v1.0,VALID,PROXY,hash_fr_003234,True
3235,FREIGHT_BR_TUBARAO_QINGDAO_CAPE,2025-10-08 00:00:00,2025-10-08 18:00:00,21.36,USD_PER_MT,1,v1.0,VALID,PROXY,hash_fr_003235,True
3236,FREIGHT_AU_HEDLAND_PARADIP_CAPE,2025-10-09 00:00:00,2025-10-09 18:00:00,11.67,USD_PER_MT,1,v1.0,VALID,PROXY,hash_fr_003236,True
3237,FREIGHT_AU_NEWCASTLE_PARADIP_PANAMAX,2025-10-09 00:00:00,2025-10-09 18:00:00,15.33,USD_PER_MT,1,v1.0,VALID,PROXY,hash_fr_003237,True
3238,FREIGHT_ID_SAMARINDA_PARADIP_SUPRA,2025-10-09 00:00:00,2025-10-09 18:00:00,9.22,USD_PER_MT,1,v1.0,VALID,PROXY,hash_fr_003238,True
3239,FREIGHT_ZA_RICHARDSBAY_PARADIP_PANAMAX,2025-10-09 00:00:00,2025-10-09 18:00:00,13.17,USD_PER_MT,1,v1.0,VALID,PROXY,hash_fr_003239,True
3240,FREIGHT_BR_TUBARAO_QINGDAO_CAPE,2025-10-09 00:00:00,2025-10-09 18:00:00,21.44,USD_PER_MT,1,v1.0,VALID,PROXY,hash_fr_003240,True
3241,FREIGHT_AU_HEDLAND_PARADIP_CAPE,2025-10-10 00:00:00,2025-10-10 18:00:00,11.77,USD_PER_MT,1,v1.0,VALID,PROXY,hash_fr_003241,True
3242,FREIGHT_AU_NEWCASTLE_PARADIP_PANAMAX,2025-10-10 00:00:00,2025-10-10 18:00:00,15.25,USD_PER_MT,1,v1.0,VALID,PROXY,hash_fr_003242,True
3243,FREIGHT_ID_SAMARINDA_PARADIP_SUPRA,2025-10-10 00:00:00,2025-10-10 18:00:00,9.3,USD_PER_MT,1,v1.0,VALID,PROXY,hash_fr_003243,True
3244,FREIGHT_ZA_RICHARDSBAY_PARADIP_PANAMAX,2025-10-10 00:00:00,2025-10-10 18:00:00,13.41,USD_PER_MT,1,v1.0,VALID,PROXY,hash_fr_003244,True
3245,FREIGHT_BR_TUBARAO_QINGDAO_CAPE,2025-10-10 00:00:00,2025-10-10 18:00:00,20.72,USD_PER_MT,1,v1.0,VALID,PROXY,hash_fr_003245,True
3246,FREIGHT_AU_HEDLAND_PARADIP_CAPE,2025-10-11 00:00:00,2025-10-11 18:00:00,11.8,USD_PER_MT,1,v1.0,VALID,PROXY,hash_fr_003246,True
3247,FREIGHT_AU_NEWCASTLE_PARADIP_PANAMAX,2025-10-11 00:00:00,2025-10-11 18:00:00,15.13,USD_PER_MT,1,v1.0,VALID,PROXY,hash_fr_003247,True
3248,FREIGHT_ID_SAMARINDA_PARADIP_SUPRA,2025-10-11 00:00:00,2025-10-11 18:00:00,8.78,USD_PER_MT,1,v1.0,VALID,PROXY,hash_fr_003248,True
3249,FREIGHT_ZA_RICHARDSBAY_PARADIP_PANAMAX,2025-10-11 00:00:00,2025-10-11 18:00:00,13.76,USD_PER_MT,1,v1.0,VALID,PROXY,hash_fr_003249,True
3250,FREIGHT_BR_TUBARAO_QINGDAO_CAPE,2025-10-11 00:00:00,2025-10-11 18:00:00,22.1,USD_PER_MT,1,v1.0,VALID,PROXY,hash_fr_003250,True
3251,FREIGHT_AU_HEDLAND_PARADIP_CAPE,2025-10-12 00:00:00,2025-10-12 18:00:00,11.72,USD_PER_MT,1,v1.0,VALID,PROXY,hash_fr_003251,True
3252,FREIGHT_AU_NEWCASTLE_PARADIP_PANAMAX,2025-10-12 00:00:00,2025-10-12 18:00:00,15.12,USD_PER_MT,1,v1.0,VALID,PROXY,hash_fr_003252,True
3253,FREIGHT_ID_SAMARINDA_PARADIP_SUPRA,2025-10-12 00:00:00,2025-10-12 18:00:00,9.72,USD_PER_MT,1,v1.0,VALID,PROXY,hash_fr_003253,True
3254,FREIGHT_ZA_RICHARDSBAY_PARADIP_PANAMAX,2025-10-12 00:00:00,2025-10-12 18:00:00,13.45,USD_PER_MT,1,v1.0,VALID,PROXY,hash_fr_003254,True
3255,FREIGHT_BR_TUBARAO_QINGDAO_CAPE,2025-10-12 00:00:00,2025-10-12 18:00:00,21.23,USD_PER_MT,1,v1.0,VALID,PROXY,hash_fr_003255,True
3256,FREIGHT_AU_HEDLAND_PARADIP_CAPE,2025-10-13 00:00:00,2025-10-13 18:00:00,11.04,USD_PER_MT,1,v1.0,VALID,PROXY,hash_fr_003256,True
3257,FREIGHT_AU_NEWCASTLE_PARADIP_PANAMAX,2025-10-13 00:00:00,2025-10-13 18:00:00,15.07,USD_PER_MT,1,v1.0,VALID,PROXY,hash_fr_003257,True
3258,FREIGHT_ID_SAMARINDA_PARADIP_SUPRA,2025-10-13 00:00:00,2025-10-13 18:00:00,9.38,USD_PER_MT,1,v1.0,VALID,PROXY,hash_fr_003258,True
3259,FREIGHT_ZA_RICHARDSBAY_PARADIP_PANAMAX,2025-10-13 00:00:00,2025-10-13 18:00:00,13.51,USD_PER_MT,1,v1.0,VALID,PROXY,hash_fr_003259,True
3260,FREIGHT_BR_TUBARAO_QINGDAO_CAPE,2025-10-13 00:00:00,2025-10-13 18:00:00,21.23,USD_PER_MT,1,v1.0,VALID,PROXY,hash_fr_003260,True
3261,FREIGHT_AU_HEDLAND_PARADIP_CAPE,2025-10-14 00:00:00,2025-10-14 18:00:00,11.89,USD_PER_MT,1,v1.0,VALID,PROXY,hash_fr_003261,True
3262,FREIGHT_AU_NEWCASTLE_PARADIP_PANAMAX,2025-10-14 00:00:00,2025-10-14 18:00:00,14.8,USD_PER_MT,1,v1.0,VALID,PROXY,hash_fr_003262,True
3263,FREIGHT_ID_SAMARINDA_PARADIP_SUPRA,2025-10-14 00:00:00,2025-10-14 18:00:00,9.21,USD_PER_MT,1,v1.0,VALID,PROXY,hash_fr_003263,True
3264,FREIGHT_ZA_RICHARDSBAY_PARADIP_PANAMAX,2025-10-14 00:00:00,2025-10-14 18:00:00,13.63,USD_PER_MT,1,v1.0,VALID,PROXY,hash_fr_003264,True
3265,FREIGHT_BR_TUBARAO_QINGDAO_CAPE,2025-10-14 00:00:00,2025-10-14 18:00:00,21.96,USD_PER_MT,1,v1.0,VALID,PROXY,hash_fr_003265,True
3266,FREIGHT_AU_HEDLAND_PARADIP_CAPE,2025-10-15 00:00:00,2025-10-15 18:00:00,11.74,USD_PER_MT,1,v1.0,VALID,PROXY,hash_fr_003266,True
3267,FREIGHT_AU_NEWCASTLE_PARADIP_PANAMAX,2025-10-15 00:00:00,2025-10-15 18:00:00,15.38,USD_PER_MT,1,v1.0,VALID,PROXY,hash_fr_003267,True
3268,FREIGHT_ID_SAMARINDA_PARADIP_SUPRA,2025-10-15 00:00:00,2025-10-15 18:00:00,9.47,USD_PER_MT,1,v1.0,VALID,PROXY,hash_fr_003268,True
3269,FREIGHT_ZA_RICHARDSBAY_PARADIP_PANAMAX,2025-10-15 00:00:00,2025-10-15 18:00:00,13.73,USD_PER_MT,1,v1.0,VALID,PROXY,hash_fr_003269,True
3270,FREIGHT_BR_TUBARAO_QINGDAO_CAPE,2025-10-15 00:00:00,2025-10-15 18:00:00,21.25,USD_PER_MT,1,v1.0,VALID,PROXY,hash_fr_003270,True
3271,FREIGHT_AU_HEDLAND_PARADIP_CAPE,2025-10-16 00:00:00,2025-10-16 18:00:00,11.75,USD_PER_MT,1,v1.0,VALID,PROXY,hash_fr_003271,True
3272,FREIGHT_AU_NEWCASTLE_PARADIP_PANAMAX,2025-10-16 00:00:00,2025-10-16 18:00:00,15.05,USD_PER_MT,1,v1.0,VALID,PROXY,hash_fr_003272,True
3273,FREIGHT_ID_SAMARINDA_PARADIP_SUPRA,2025-10-16 00:00:00,2025-10-16 18:00:00,9.15,USD_PER_MT,1,v1.0,VALID,PROXY,hash_fr_003273,True
3274,FREIGHT_ZA_RICHARDSBAY_PARADIP_PANAMAX,2025-10-16 00:00:00,2025-10-16 18:00:00,13.68,USD_PER_MT,1,v1.0,VALID,PROXY,hash_fr_003274,True
3275,FREIGHT_BR_TUBARAO_QINGDAO_CAPE,2025-10-16 00:00:00,2025-10-16 18:00:00,20.64,USD_PER_MT,1,v1.0,VALID,PROXY,hash_fr_003275,True
3276,FREIGHT_AU_HEDLAND_PARADIP_CAPE,2025-10-17 00:00:00,2025-10-17 18:00:00,11.53,USD_PER_MT,1,v1.0,VALID,PROXY,hash_fr_003276,True
3277,FREIGHT_AU_NEWCASTLE_PARADIP_PANAMAX,2025-10-17 00:00:00,2025-10-17 18:00:00,15.01,USD_PER_MT,1,v1.0,VALID,PROXY,hash_fr_003277,True
3278,FREIGHT_ID_SAMARINDA_PARADIP_SUPRA,2025-10-17 00:00:00,2025-10-17 18:00:00,9.12,USD_PER_MT,1,v1.0,VALID,PROXY,hash_fr_003278,True
3279,FREIGHT_ZA_RICHARDSBAY_PARADIP_PANAMAX,2025-10-17 00:00:00,2025-10-17 18:00:00,14.01,USD_PER_MT,1,v1.0,VALID,PROXY,hash_fr_003279,True
3280,FREIGHT_BR_TUBARAO_QINGDAO_CAPE,2025-10-17 00:00:00,2025-10-17 18:00:00,21.36,USD_PER_MT,1,v1.0,VALID,PROXY,hash_fr_003280,True
3281,FREIGHT_AU_HEDLAND_PARADIP_CAPE,2025-10-18 00:00:00,2025-10-18 18:00:00,12.21,USD_PER_MT,1,v1.0,VALID,PROXY,hash_fr_003281,True
3282,FREIGHT_AU_NEWCASTLE_PARADIP_PANAMAX,2025-10-18 00:00:00,2025-10-18 18:00:00,15.12,USD_PER_MT,1,v1.0,VALID,PROXY,hash_fr_003282,True
3283,FREIGHT_ID_SAMARINDA_PARADIP_SUPRA,2025-10-18 00:00:00,2025-10-18 18:00:00,9.59,USD_PER_MT,1,v1.0,VALID,PROXY,hash_fr_003283,True
3284,FREIGHT_ZA_RICHARDSBAY_PARADIP_PANAMAX,2025-10-18 00:00:00,2025-10-18 18:00:00,13.93,USD_PER_MT,1,v1.0,VALID,PROXY,hash_fr_003284,True
3285,FREIGHT_BR_TUBARAO_QINGDAO_CAPE,2025-10-18 00:00:00,2025-10-18 18:00:00,21.7,USD_PER_MT,1,v1.0,VALID,PROXY,hash_fr_003285,True
3286,FREIGHT_AU_HEDLAND_PARADIP_CAPE,2025-10-19 00:00:00,2025-10-19 18:00:00,12.43,USD_PER_MT,1,v1.0,VALID,PROXY,hash_fr_003286,True
3287,FREIGHT_AU_NEWCASTLE_PARADIP_PANAMAX,2025-10-19 00:00:00,2025-10-19 18:00:00,15.29,USD_PER_MT,1,v1.0,VALID,PROXY,hash_fr_003287,True
3288,FREIGHT_ID_SAMARINDA_PARADIP_SUPRA,2025-10-19 00:00:00,2025-10-19 18:00:00,9.24,USD_PER_MT,1,v1.0,VALID,PROXY,hash_fr_003288,True
3289,FREIGHT_ZA_RICHARDSBAY_PARADIP_PANAMAX,2025-10-19 00:00:00,2025-10-19 18:00:00,13.71,USD_PER_MT,1,v1.0,VALID,PROXY,hash_fr_003289,True
3290,FREIGHT_BR_TUBARAO_QINGDAO_CAPE,2025-10-19 00:00:00,2025-10-19 18:00:00,21.51,USD_PER_MT,1,v1.0,VALID,PROXY,hash_fr_003290,True
3291,FREIGHT_AU_HEDLAND_PARADIP_CAPE,2025-10-20 00:00:00,2025-10-20 18:00:00,12.14,USD_PER_MT,1,v1.0,VALID,PROXY,hash_fr_003291,True
3292,FREIGHT_AU_NEWCASTLE_PARADIP_PANAMAX,2025-10-20 00:00:00,2025-10-20 18:00:00,15.32,USD_PER_MT,1,v1.0,VALID,PROXY,hash_fr_003292,True
3293,FREIGHT_ID_SAMARINDA_PARADIP_SUPRA,2025-10-20 00:00:00,2025-10-20 18:00:00,9.61,USD_PER_MT,1,v1.0,VALID,PROXY,hash_fr_003293,True
3294,FREIGHT_ZA_RICHARDSBAY_PARADIP_PANAMAX,2025-10-20 00:00:00,2025-10-20 18:00:00,14.22,USD_PER_MT,1,v1.0,VALID,PROXY,hash_fr_003294,True
3295,FREIGHT_BR_TUBARAO_QINGDAO_CAPE,2025-10-20 00:00:00,2025-10-20 18:00:00,21.51,USD_PER_MT,1,v1.0,VALID,PROXY,hash_fr_003295,True
3296,FREIGHT_AU_HEDLAND_PARADIP_CAPE,2025-10-21 00:00:00,2025-10-21 18:00:00,12.31,USD_PER_MT,1,v1.0,VALID,PROXY,hash_fr_003296,True
3297,FREIGHT_AU_NEWCASTLE_PARADIP_PANAMAX,2025-10-21 00:00:00,2025-10-21 18:00:00,15.71,USD_PER_MT,1,v1.0,VALID,PROXY,hash_fr_003297,True
3298,FREIGHT_ID_SAMARINDA_PARADIP_SUPRA,2025-10-21 00:00:00,2025-10-21 18:00:00,9.38,USD_PER_MT,1,v1.0,VALID,PROXY,hash_fr_003298,True
3299,FREIGHT_ZA_RICHARDSBAY_PARADIP_PANAMAX,2025-10-21 00:00:00,2025-10-21 18:00:00,13.55,USD_PER_MT,1,v1.0,VALID,PROXY,hash_fr_003299,True
3300,FREIGHT_BR_TUBARAO_QINGDAO_CAPE,2025-10-21 00:00:00,2025-10-21 18:00:00,21.19,USD_PER_MT,1,v1.0,VALID,PROXY,hash_fr_003300,True
3301,FREIGHT_AU_HEDLAND_PARADIP_CAPE,2025-10-22 00:00:00,2025-10-22 18:00:00,12.63,USD_PER_MT,1,v1.0,VALID,PROXY,hash_fr_003301,True
3302,FREIGHT_AU_NEWCASTLE_PARADIP_PANAMAX,2025-10-22 00:00:00,2025-10-22 18:00:00,15.12,USD_PER_MT,1,v1.0,VALID,PROXY,hash_fr_003302,True
3303,FREIGHT_ID_SAMARINDA_PARADIP_SUPRA,2025-10-22 00:00:00,2025-10-22 18:00:00,9.85,USD_PER_MT,1,v1.0,VALID,PROXY,hash_fr_003303,True
3304,FREIGHT_ZA_RICHARDSBAY_PARADIP_PANAMAX,2025-10-22 00:00:00,2025-10-22 18:00:00,13.76,USD_PER_MT,1,v1.0,VALID,PROXY,hash_fr_003304,True
3305,FREIGHT_BR_TUBARAO_QINGDAO_CAPE,2025-10-22 00:00:00,2025-10-22 18:00:00,22.71,USD_PER_MT,1,v1.0,VALID,PROXY,hash_fr_003305,True
3306,FREIGHT_AU_HEDLAND_PARADIP_CAPE,2025-10-23 00:00:00,2025-10-23 18:00:00,12.6,USD_PER_MT,1,v1.0,VALID,PROXY,hash_fr_003306,True
3307,FREIGHT_AU_NEWCASTLE_PARADIP_PANAMAX,2025-10-23 00:00:00,2025-10-23 18:00:00,16.07,USD_PER_MT,1,v1.0,VALID,PROXY,hash_fr_003307,True
3308,FREIGHT_ID_SAMARINDA_PARADIP_SUPRA,2025-10-23 00:00:00,2025-10-23 18:00:00,9.7,USD_PER_MT,1,v1.0,VALID,PROXY,hash_fr_003308,True
3309,FREIGHT_ZA_RICHARDSBAY_PARADIP_PANAMAX,2025-10-23 00:00:00,2025-10-23 18:00:00,13.93,USD_PER_MT,1,v1.0,VALID,PROXY,hash_fr_003309,True
3310,FREIGHT_BR_TUBARAO_QINGDAO_CAPE,2025-10-23 00:00:00,2025-10-23 18:00:00,22.2,USD_PER_MT,1,v1.0,VALID,PROXY,hash_fr_003310,True
3311,FREIGHT_AU_HEDLAND_PARADIP_CAPE,2025-10-24 00:00:00,2025-10-24 18:00:00,11.9,USD_PER_MT,1,v1.0,VALID,PROXY,hash_fr_003311,True
3312,FREIGHT_AU_NEWCASTLE_PARADIP_PANAMAX,2025-10-24 00:00:00,2025-10-24 18:00:00,15.38,USD_PER_MT,1,v1.0,VALID,PROXY,hash_fr_003312,True
3313,FREIGHT_ID_SAMARINDA_PARADIP_SUPRA,2025-10-24 00:00:00,2025-10-24 18:00:00,9.77,USD_PER_MT,1,v1.0,VALID,PROXY,hash_fr_003313,True
3314,FREIGHT_ZA_RICHARDSBAY_PARADIP_PANAMAX,2025-10-24 00:00:00,2025-10-24 18:00:00,13.79,USD_PER_MT,1,v1.0,VALID,PROXY,hash_fr_003314,True
3315,FREIGHT_BR_TUBARAO_QINGDAO_CAPE,2025-10-24 00:00:00,2025-10-24 18:00:00,22.26,USD_PER_MT,1,v1.0,VALID,PROXY,hash_fr_003315,True
3316,FREIGHT_AU_HEDLAND_PARADIP_CAPE,2025-10-25 00:00:00,2025-10-25 18:00:00,12.47,USD_PER_MT,1,v1.0,VALID,PROXY,hash_fr_003316,True
3317,FREIGHT_AU_NEWCASTLE_PARADIP_PANAMAX,2025-10-25 00:00:00,2025-10-25 18:00:00,16.1,USD_PER_MT,1,v1.0,VALID,PROXY,hash_fr_003317,True
3318,FREIGHT_ID_SAMARINDA_PARADIP_SUPRA,2025-10-25 00:00:00,2025-10-25 18:00:00,9.9,USD_PER_MT,1,v1.0,VALID,PROXY,hash_fr_003318,True
3319,FREIGHT_ZA_RICHARDSBAY_PARADIP_PANAMAX,2025-10-25 00:00:00,2025-10-25 18:00:00,14.19,USD_PER_MT,1,v1.0,VALID,PROXY,hash_fr_003319,True
3320,FREIGHT_BR_TUBARAO_QINGDAO_CAPE,2025-10-25 00:00:00,2025-10-25 18:00:00,22.99,USD_PER_MT,1,v1.0,VALID,PROXY,hash_fr_003320,True
3321,FREIGHT_AU_HEDLAND_PARADIP_CAPE,2025-10-26 00:00:00,2025-10-26 18:00:00,12.93,USD_PER_MT,1,v1.0,VALID,PROXY,hash_fr_003321,True
3322,FREIGHT_AU_NEWCASTLE_PARADIP_PANAMAX,2025-10-26 00:00:00,2025-10-26 18:00:00,16.91,USD_PER_MT,1,v1.0,VALID,PROXY,hash_fr_003322,True
3323,FREIGHT_ID_SAMARINDA_PARADIP_SUPRA,2025-10-26 00:00:00,2025-10-26 18:00:00,10.22,USD_PER_MT,1,v1.0,VALID,PROXY,hash_fr_003323,True
3324,FREIGHT_ZA_RICHARDSBAY_PARADIP_PANAMAX,2025-10-26 00:00:00,2025-10-26 18:00:00,14.55,USD_PER_MT,1,v1.0,VALID,PROXY,hash_fr_003324,True
3325,FREIGHT_BR_TUBARAO_QINGDAO_CAPE,2025-10-26 00:00:00,2025-10-26 18:00:00,23.6,USD_PER_MT,1,v1.0,VALID,PROXY,hash_fr_003325,True
3326,FREIGHT_AU_HEDLAND_PARADIP_CAPE,2025-10-27 00:00:00,2025-10-27 18:00:00,12.3,USD_PER_MT,1,v1.0,VALID,PROXY,hash_fr_003326,True
3327,FREIGHT_AU_NEWCASTLE_PARADIP_PANAMAX,2025-10-27 00:00:00,2025-10-27 18:00:00,16.74,USD_PER_MT,1,v1.0,VALID,PROXY,hash_fr_003327,True
3328,FREIGHT_ID_SAMARINDA_PARADIP_SUPRA,2025-10-27 00:00:00,2025-10-27 18:00:00,10.12,USD_PER_MT,1,v1.0,VALID,PROXY,hash_fr_003328,True
3329,FREIGHT_ZA_RICHARDSBAY_PARADIP_PANAMAX,2025-10-27 00:00:00,2025-10-27 18:00:00,14.62,USD_PER_MT,1,v1.0,VALID,PROXY,hash_fr_003329,True
3330,FREIGHT_BR_TUBARAO_QINGDAO_CAPE,2025-10-27 00:00:00,2025-10-27 18:00:00,23.53,USD_PER_MT,1,v1.0,VALID,PROXY,hash_fr_003330,True
3331,FREIGHT_AU_HEDLAND_PARADIP_CAPE,2025-10-28 00:00:00,2025-10-28 18:00:00,12.29,USD_PER_MT,1,v1.0,VALID,PROXY,hash_fr_003331,True
3332,FREIGHT_AU_NEWCASTLE_PARADIP_PANAMAX,2025-10-28 00:00:00,2025-10-28 18:00:00,15.72,USD_PER_MT,1,v1.0,VALID,PROXY,hash_fr_003332,True
3333,FREIGHT_ID_SAMARINDA_PARADIP_SUPRA,2025-10-28 00:00:00,2025-10-28 18:00:00,10.33,USD_PER_MT,1,v1.0,VALID,PROXY,hash_fr_003333,True
3334,FREIGHT_ZA_RICHARDSBAY_PARADIP_PANAMAX,2025-10-28 00:00:00,2025-10-28 18:00:00,14.66,USD_PER_MT,1,v1.0,VALID,PROXY,hash_fr_003334,True
3335,FREIGHT_BR_TUBARAO_QINGDAO_CAPE,2025-10-28 00:00:00,2025-10-28 18:00:00,24.11,USD_PER_MT,1,v1.0,VALID,PROXY,hash_fr_003335,True
3336,FREIGHT_AU_HEDLAND_PARADIP_CAPE,2025-10-29 00:00:00,2025-10-29 18:00:00,12.98,USD_PER_MT,1,v1.0,VALID,PROXY,hash_fr_003336,True
3337,FREIGHT_AU_NEWCASTLE_PARADIP_PANAMAX,2025-10-29 00:00:00,2025-10-29 18:00:00,16.46,USD_PER_MT,1,v1.0,VALID,PROXY,hash_fr_003337,True
3338,FREIGHT_ID_SAMARINDA_PARADIP_SUPRA,2025-10-29 00:00:00,2025-10-29 18:00:00,9.94,USD_PER_MT,1,v1.0,VALID,PROXY,hash_fr_003338,True
3339,FREIGHT_ZA_RICHARDSBAY_PARADIP_PANAMAX,2025-10-29 00:00:00,2025-10-29 18:00:00,14.48,USD_PER_MT,1,v1.0,VALID,PROXY,hash_fr_003339,True
3340,FREIGHT_BR_TUBARAO_QINGDAO_CAPE,2025-10-29 00:00:00,2025-10-29 18:00:00,23.87,USD_PER_MT,1,v1.0,VALID,PROXY,hash_fr_003340,True
3341,FREIGHT_AU_HEDLAND_PARADIP_CAPE,2025-10-30 00:00:00,2025-10-30 18:00:00,12.81,USD_PER_MT,1,v1.0,VALID,PROXY,hash_fr_003341,True
3342,FREIGHT_AU_NEWCASTLE_PARADIP_PANAMAX,2025-10-30 00:00:00,2025-10-30 18:00:00,17.03,USD_PER_MT,1,v1.0,VALID,PROXY,hash_fr_003342,True
3343,FREIGHT_ID_SAMARINDA_PARADIP_SUPRA,2025-10-30 00:00:00,2025-10-30 18:00:00,10.25,USD_PER_MT,1,v1.0,VALID,PROXY,hash_fr_003343,True
3344,FREIGHT_ZA_RICHARDSBAY_PARADIP_PANAMAX,2025-10-30 00:00:00,2025-10-30 18:00:00,14.29,USD_PER_MT,1,v1.0,VALID,PROXY,hash_fr_003344,True
3345,FREIGHT_BR_TUBARAO_QINGDAO_CAPE,2025-10-30 00:00:00,2025-10-30 18:00:00,22.97,USD_PER_MT,1,v1.0,VALID,PROXY,hash_fr_003345,True
3346,FREIGHT_AU_HEDLAND_PARADIP_CAPE,2025-10-31 00:00:00,2025-10-31 18:00:00,13.29,USD_PER_MT,1,v1.0,VALID,PROXY,hash_fr_003346,True
3347,FREIGHT_AU_NEWCASTLE_PARADIP_PANAMAX,2025-10-31 00:00:00,2025-10-31 18:00:00,16.79,USD_PER_MT,1,v1.0,VALID,PROXY,hash_fr_003347,True
3348,FREIGHT_ID_SAMARINDA_PARADIP_SUPRA,2025-10-31 00:00:00,2025-10-31 18:00:00,10.59,USD_PER_MT,1,v1.0,VALID,PROXY,hash_fr_003348,True
3349,FREIGHT_ZA_RICHARDSBAY_PARADIP_PANAMAX,2025-10-31 00:00:00,2025-10-31 18:00:00,14.34,USD_PER_MT,1,v1.0,VALID,PROXY,hash_fr_003349,True
3350,FREIGHT_BR_TUBARAO_QINGDAO_CAPE,2025-10-31 00:00:00,2025-10-31 18:00:00,23.41,USD_PER_MT,1,v1.0,VALID,PROXY,hash_fr_003350,True
3351,FREIGHT_AU_HEDLAND_PARADIP_CAPE,2025-11-01 00:00:00,2025-11-01 18:00:00,13.03,USD_PER_MT,1,v1.0,VALID,PROXY,hash_fr_003351,True
3352,FREIGHT_AU_NEWCASTLE_PARADIP_PANAMAX,2025-11-01 00:00:00,2025-11-01 18:00:00,16.07,USD_PER_MT,1,v1.0,VALID,PROXY,hash_fr_003352,True
3353,FREIGHT_ID_SAMARINDA_PARADIP_SUPRA,2025-11-01 00:00:00,2025-11-01 18:00:00,10.26,USD_PER_MT,1,v1.0,VALID,PROXY,hash_fr_003353,True
3354,FREIGHT_ZA_RICHARDSBAY_PARADIP_PANAMAX,2025-11-01 00:00:00,2025-11-01 18:00:00,15.32,USD_PER_MT,1,v1.0,VALID,PROXY,hash_fr_003354,True
3355,FREIGHT_BR_TUBARAO_QINGDAO_CAPE,2025-11-01 00:00:00,2025-11-01 18:00:00,22.53,USD_PER_MT,1,v1.0,VALID,PROXY,hash_fr_003355,True
3356,FREIGHT_AU_HEDLAND_PARADIP_CAPE,2025-11-02 00:00:00,2025-11-02 18:00:00,13.04,USD_PER_MT,1,v1.0,VALID,PROXY,hash_fr_003356,True
3357,FREIGHT_AU_NEWCASTLE_PARADIP_PANAMAX,2025-11-02 00:00:00,2025-11-02 18:00:00,17.25,USD_PER_MT,1,v1.0,VALID,PROXY,hash_fr_003357,True
3358,FREIGHT_ID_SAMARINDA_PARADIP_SUPRA,2025-11-02 00:00:00,2025-11-02 18:00:00,10.39,USD_PER_MT,1,v1.0,VALID,PROXY,hash_fr_003358,True
3359,FREIGHT_ZA_RICHARDSBAY_PARADIP_PANAMAX,2025-11-02 00:00:00,2025-11-02 18:00:00,14.57,USD_PER_MT,1,v1.0,VALID,PROXY,hash_fr_003359,True
3360,FREIGHT_BR_TUBARAO_QINGDAO_CAPE,2025-11-02 00:00:00,2025-11-02 18:00:00,23.14,USD_PER_MT,1,v1.0,VALID,PROXY,hash_fr_003360,True
3361,FREIGHT_AU_HEDLAND_PARADIP_CAPE,2025-11-03 00:00:00,2025-11-03 18:00:00,13.18,USD_PER_MT,1,v1.0,VALID,PROXY,hash_fr_003361,True
3362,FREIGHT_AU_NEWCASTLE_PARADIP_PANAMAX,2025-11-03 00:00:00,2025-11-03 18:00:00,16.77,USD_PER_MT,1,v1.0,VALID,PROXY,hash_fr_003362,True
3363,FREIGHT_ID_SAMARINDA_PARADIP_SUPRA,2025-11-03 00:00:00,2025-11-03 18:00:00,10.46,USD_PER_MT,1,v1.0,VALID,PROXY,hash_fr_003363,True
3364,FREIGHT_ZA_RICHARDSBAY_PARADIP_PANAMAX,2025-11-03 00:00:00,2025-11-03 18:00:00,14.38,USD_PER_MT,1,v1.0,VALID,PROXY,hash_fr_003364,True
3365,FREIGHT_BR_TUBARAO_QINGDAO_CAPE,2025-11-03 00:00:00,2025-11-03 18:00:00,23.26,USD_PER_MT,1,v1.0,VALID,PROXY,hash_fr_003365,True
3366,FREIGHT_AU_HEDLAND_PARADIP_CAPE,2025-11-04 00:00:00,2025-11-04 18:00:00,13.17,USD_PER_MT,1,v1.0,VALID,PROXY,hash_fr_003366,True
3367,FREIGHT_AU_NEWCASTLE_PARADIP_PANAMAX,2025-11-04 00:00:00,2025-11-04 18:00:00,16.58,USD_PER_MT,1,v1.0,VALID,PROXY,hash_fr_003367,True
3368,FREIGHT_ID_SAMARINDA_PARADIP_SUPRA,2025-11-04 00:00:00,2025-11-04 18:00:00,10.67,USD_PER_MT,1,v1.0,VALID,PROXY,hash_fr_003368,True
3369,FREIGHT_ZA_RICHARDSBAY_PARADIP_PANAMAX,2025-11-04 00:00:00,2025-11-04 18:00:00,14.89,USD_PER_MT,1,v1.0,VALID,PROXY,hash_fr_003369,True
3370,FREIGHT_BR_TUBARAO_QINGDAO_CAPE,2025-11-04 00:00:00,2025-11-04 18:00:00,24.24,USD_PER_MT,1,v1.0,VALID,PROXY,hash_fr_003370,True
3371,FREIGHT_AU_HEDLAND_PARADIP_CAPE,2025-11-05 00:00:00,2025-11-05 18:00:00,12.8,USD_PER_MT,1,v1.0,VALID,PROXY,hash_fr_003371,True
3372,FREIGHT_AU_NEWCASTLE_PARADIP_PANAMAX,2025-11-05 00:00:00,2025-11-05 18:00:00,16.53,USD_PER_MT,1,v1.0,VALID,PROXY,hash_fr_003372,True
3373,FREIGHT_ID_SAMARINDA_PARADIP_SUPRA,2025-11-05 00:00:00,2025-11-05 18:00:00,10.63,USD_PER_MT,1,v1.0,VALID,PROXY,hash_fr_003373,True
3374,FREIGHT_ZA_RICHARDSBAY_PARADIP_PANAMAX,2025-11-05 00:00:00,2025-11-05 18:00:00,14.91,USD_PER_MT,1,v1.0,VALID,PROXY,hash_fr_003374,True
3375,FREIGHT_BR_TUBARAO_QINGDAO_CAPE,2025-11-05 00:00:00,2025-11-05 18:00:00,24.24,USD_PER_MT,1,v1.0,VALID,PROXY,hash_fr_003375,True
3376,FREIGHT_AU_HEDLAND_PARADIP_CAPE,2025-11-06 00:00:00,2025-11-06 18:00:00,13.33,USD_PER_MT,1,v1.0,VALID,PROXY,hash_fr_003376,True
3377,FREIGHT_AU_NEWCASTLE_PARADIP_PANAMAX,2025-11-06 00:00:00,2025-11-06 18:00:00,16.85,USD_PER_MT,1,v1.0,VALID,PROXY,hash_fr_003377,True
3378,FREIGHT_ID_SAMARINDA_PARADIP_SUPRA,2025-11-06 00:00:00,2025-11-06 18:00:00,10.31,USD_PER_MT,1,v1.0,VALID,PROXY,hash_fr_003378,True
3379,FREIGHT_ZA_RICHARDSBAY_PARADIP_PANAMAX,2025-11-06 00:00:00,2025-11-06 18:00:00,14.95,USD_PER_MT,1,v1.0,VALID,PROXY,hash_fr_003379,True
3380,FREIGHT_BR_TUBARAO_QINGDAO_CAPE,2025-11-06 00:00:00,2025-11-06 18:00:00,24.04,USD_PER_MT,1,v1.0,VALID,PROXY,hash_fr_003380,True
3381,FREIGHT_AU_HEDLAND_PARADIP_CAPE,2025-11-07 00:00:00,2025-11-07 18:00:00,13.34,USD_PER_MT,1,v1.0,VALID,PROXY,hash_fr_003381,True
3382,FREIGHT_AU_NEWCASTLE_PARADIP_PANAMAX,2025-11-07 00:00:00,2025-11-07 18:00:00,16.83,USD_PER_MT,1,v1.0,VALID,PROXY,hash_fr_003382,True
3383,FREIGHT_ID_SAMARINDA_PARADIP_SUPRA,2025-11-07 00:00:00,2025-11-07 18:00:00,10.35,USD_PER_MT,1,v1.0,VALID,PROXY,hash_fr_003383,True
3384,FREIGHT_ZA_RICHARDSBAY_PARADIP_PANAMAX,2025-11-07 00:00:00,2025-11-07 18:00:00,14.92,USD_PER_MT,1,v1.0,VALID,PROXY,hash_fr_003384,True
3385,FREIGHT_BR_TUBARAO_QINGDAO_CAPE,2025-11-07 00:00:00,2025-11-07 18:00:00,22.93,USD_PER_MT,1,v1.0,VALID,PROXY,hash_fr_003385,True
3386,FREIGHT_AU_HEDLAND_PARADIP_CAPE,2025-11-08 00:00:00,2025-11-08 18:00:00,12.9,USD_PER_MT,1,v1.0,VALID,PROXY,hash_fr_003386,True
3387,FREIGHT_AU_NEWCASTLE_PARADIP_PANAMAX,2025-11-08 00:00:00,2025-11-08 18:00:00,16.55,USD_PER_MT,1,v1.0,VALID,PROXY,hash_fr_003387,True
3388,FREIGHT_ID_SAMARINDA_PARADIP_SUPRA,2025-11-08 00:00:00,2025-11-08 18:00:00,10.69,USD_PER_MT,1,v1.0,VALID,PROXY,hash_fr_003388,True
3389,FREIGHT_ZA_RICHARDSBAY_PARADIP_PANAMAX,2025-11-08 00:00:00,2025-11-08 18:00:00,14.6,USD_PER_MT,1,v1.0,VALID,PROXY,hash_fr_003389,True
3390,FREIGHT_BR_TUBARAO_QINGDAO_CAPE,2025-11-08 00:00:00,2025-11-08 18:00:00,24.02,USD_PER_MT,1,v1.0,VALID,PROXY,hash_fr_003390,True
3391,FREIGHT_AU_HEDLAND_PARADIP_CAPE,2025-11-09 00:00:00,2025-11-09 18:00:00,12.69,USD_PER_MT,1,v1.0,VALID,PROXY,hash_fr_003391,True
3392,FREIGHT_AU_NEWCASTLE_PARADIP_PANAMAX,2025-11-09 00:00:00,2025-11-09 18:00:00,16.34,USD_PER_MT,1,v1.0,VALID,PROXY,hash_fr_003392,True
3393,FREIGHT_ID_SAMARINDA_PARADIP_SUPRA,2025-11-09 00:00:00,2025-11-09 18:00:00,10.38,USD_PER_MT,1,v1.0,VALID,PROXY,hash_fr_003393,True
3394,FREIGHT_ZA_RICHARDSBAY_PARADIP_PANAMAX,2025-11-09 00:00:00,2025-11-09 18:00:00,14.44,USD_PER_MT,1,v1.0,VALID,PROXY,hash_fr_003394,True
3395,FREIGHT_BR_TUBARAO_QINGDAO_CAPE,2025-11-09 00:00:00,2025-11-09 18:00:00,23.44,USD_PER_MT,1,v1.0,VALID,PROXY,hash_fr_003395,True
3396,FREIGHT_AU_HEDLAND_PARADIP_CAPE,2025-11-10 00:00:00,2025-11-10 18:00:00,12.74,USD_PER_MT,1,v1.0,VALID,PROXY,hash_fr_003396,True
3397,FREIGHT_AU_NEWCASTLE_PARADIP_PANAMAX,2025-11-10 00:00:00,2025-11-10 18:00:00,15.96,USD_PER_MT,1,v1.0,VALID,PROXY,hash_fr_003397,True
3398,FREIGHT_ID_SAMARINDA_PARADIP_SUPRA,2025-11-10 00:00:00,2025-11-10 18:00:00,10.08,USD_PER_MT,1,v1.0,VALID,PROXY,hash_fr_003398,True
3399,FREIGHT_ZA_RICHARDSBAY_PARADIP_PANAMAX,2025-11-10 00:00:00,2025-11-10 18:00:00,14.3,USD_PER_MT,1,v1.0,VALID,PROXY,hash_fr_003399,True
3400,FREIGHT_BR_TUBARAO_QINGDAO_CAPE,2025-11-10 00:00:00,2025-11-10 18:00:00,22.65,USD_PER_MT,1,v1.0,VALID,PROXY,hash_fr_003400,True
3401,FREIGHT_AU_HEDLAND_PARADIP_CAPE,2025-11-11 00:00:00,2025-11-11 18:00:00,12.24,USD_PER_MT,1,v1.0,VALID,PROXY,hash_fr_003401,True
3402,FREIGHT_AU_NEWCASTLE_PARADIP_PANAMAX,2025-11-11 00:00:00,2025-11-11 18:00:00,16.41,USD_PER_MT,1,v1.0,VALID,PROXY,hash_fr_003402,True
3403,FREIGHT_ID_SAMARINDA_PARADIP_SUPRA,2025-11-11 00:00:00,2025-11-11 18:00:00,10.42,USD_PER_MT,1,v1.0,VALID,PROXY,hash_fr_003403,True
3404,FREIGHT_ZA_RICHARDSBAY_PARADIP_PANAMAX,2025-11-11 00:00:00,2025-11-11 18:00:00,14.81,USD_PER_MT,1,v1.0,VALID,PROXY,hash_fr_003404,True
3405,FREIGHT_BR_TUBARAO_QINGDAO_CAPE,2025-11-11 00:00:00,2025-11-11 18:00:00,22.95,USD_PER_MT,1,v1.0,VALID,PROXY,hash_fr_003405,True
3406,FREIGHT_AU_HEDLAND_PARADIP_CAPE,2025-11-12 00:00:00,2025-11-12 18:00:00,12.59,USD_PER_MT,1,v1.0,VALID,PROXY,hash_fr_003406,True
3407,FREIGHT_AU_NEWCASTLE_PARADIP_PANAMAX,2025-11-12 00:00:00,2025-11-12 18:00:00,16.31,USD_PER_MT,1,v1.0,VALID,PROXY,hash_fr_003407,True
3408,FREIGHT_ID_SAMARINDA_PARADIP_SUPRA,2025-11-12 00:00:00,2025-11-12 18:00:00,9.93,USD_PER_MT,1,v1.0,VALID,PROXY,hash_fr_003408,True
3409,FREIGHT_ZA_RICHARDSBAY_PARADIP_PANAMAX,2025-11-12 00:00:00,2025-11-12 18:00:00,14.15,USD_PER_MT,1,v1.0,VALID,PROXY,hash_fr_003409,True
3410,FREIGHT_BR_TUBARAO_QINGDAO_CAPE,2025-11-12 00:00:00,2025-11-12 18:00:00,22.67,USD_PER_MT,1,v1.0,VALID,PROXY,hash_fr_003410,True
3411,FREIGHT_AU_HEDLAND_PARADIP_CAPE,2025-11-13 00:00:00,2025-11-13 18:00:00,12.46,USD_PER_MT,1,v1.0,VALID,PROXY,hash_fr_003411,True
3412,FREIGHT_AU_NEWCASTLE_PARADIP_PANAMAX,2025-11-13 00:00:00,2025-11-13 18:00:00,16.35,USD_PER_MT,1,v1.0,VALID,PROXY,hash_fr_003412,True
3413,FREIGHT_ID_SAMARINDA_PARADIP_SUPRA,2025-11-13 00:00:00,2025-11-13 18:00:00,9.81,USD_PER_MT,1,v1.0,VALID,PROXY,hash_fr_003413,True
3414,FREIGHT_ZA_RICHARDSBAY_PARADIP_PANAMAX,2025-11-13 00:00:00,2025-11-13 18:00:00,14.2,USD_PER_MT,1,v1.0,VALID,PROXY,hash_fr_003414,True
3415,FREIGHT_BR_TUBARAO_QINGDAO_CAPE,2025-11-13 00:00:00,2025-11-13 18:00:00,22.4,USD_PER_MT,1,v1.0,VALID,PROXY,hash_fr_003415,True
3416,FREIGHT_AU_HEDLAND_PARADIP_CAPE,2025-11-14 00:00:00,2025-11-14 18:00:00,12.62,USD_PER_MT,1,v1.0,VALID,PROXY,hash_fr_003416,True
3417,FREIGHT_AU_NEWCASTLE_PARADIP_PANAMAX,2025-11-14 00:00:00,2025-11-14 18:00:00,15.88,USD_PER_MT,1,v1.0,VALID,PROXY,hash_fr_003417,True
3418,FREIGHT_ID_SAMARINDA_PARADIP_SUPRA,2025-11-14 00:00:00,2025-11-14 18:00:00,10.21,USD_PER_MT,1,v1.0,VALID,PROXY,hash_fr_003418,True
3419,FREIGHT_ZA_RICHARDSBAY_PARADIP_PANAMAX,2025-11-14 00:00:00,2025-11-14 18:00:00,13.54,USD_PER_MT,1,v1.0,VALID,PROXY,hash_fr_003419,True
3420,FREIGHT_BR_TUBARAO_QINGDAO_CAPE,2025-11-14 00:00:00,2025-11-14 18:00:00,22.91,USD_PER_MT,1,v1.0,VALID,PROXY,hash_fr_003420,True
3421,FREIGHT_AU_HEDLAND_PARADIP_CAPE,2025-11-15 00:00:00,2025-11-15 18:00:00,12.62,USD_PER_MT,1,v1.0,VALID,PROXY,hash_fr_003421,True
3422,FREIGHT_AU_NEWCASTLE_PARADIP_PANAMAX,2025-11-15 00:00:00,2025-11-15 18:00:00,15.96,USD_PER_MT,1,v1.0,VALID,PROXY,hash_fr_003422,True
3423,FREIGHT_ID_SAMARINDA_PARADIP_SUPRA,2025-11-15 00:00:00,2025-11-15 18:00:00,9.77,USD_PER_MT,1,v1.0,VALID,PROXY,hash_fr_003423,True
3424,FREIGHT_ZA_RICHARDSBAY_PARADIP_PANAMAX,2025-11-15 00:00:00,2025-11-15 18:00:00,13.53,USD_PER_MT,1,v1.0,VALID,PROXY,hash_fr_003424,True
3425,FREIGHT_BR_TUBARAO_QINGDAO_CAPE,2025-11-15 00:00:00,2025-11-15 18:00:00,22.85,USD_PER_MT,1,v1.0,VALID,PROXY,hash_fr_003425,True
3426,FREIGHT_AU_HEDLAND_PARADIP_CAPE,2025-11-16 00:00:00,2025-11-16 18:00:00,12.26,USD_PER_MT,1,v1.0,VALID,PROXY,hash_fr_003426,True
3427,FREIGHT_AU_NEWCASTLE_PARADIP_PANAMAX,2025-11-16 00:00:00,2025-11-16 18:00:00,15.67,USD_PER_MT,1,v1.0,VALID,PROXY,hash_fr_003427,True
3428,FREIGHT_ID_SAMARINDA_PARADIP_SUPRA,2025-11-16 00:00:00,2025-11-16 18:00:00,10.07,USD_PER_MT,1,v1.0,VALID,PROXY,hash_fr_003428,True
3429,FREIGHT_ZA_RICHARDSBAY_PARADIP_PANAMAX,2025-11-16 00:00:00,2025-11-16 18:00:00,14.17,USD_PER_MT,1,v1.0,VALID,PROXY,hash_fr_003429,True
3430,FREIGHT_BR_TUBARAO_QINGDAO_CAPE,2025-11-16 00:00:00,2025-11-16 18:00:00,23.09,USD_PER_MT,1,v1.0,VALID,PROXY,hash_fr_003430,True
3431,FREIGHT_AU_HEDLAND_PARADIP_CAPE,2025-11-17 00:00:00,2025-11-17 18:00:00,12.12,USD_PER_MT,1,v1.0,VALID,PROXY,hash_fr_003431,True
3432,FREIGHT_AU_NEWCASTLE_PARADIP_PANAMAX,2025-11-17 00:00:00,2025-11-17 18:00:00,14.48,USD_PER_MT,1,v1.0,VALID,PROXY,hash_fr_003432,True
3433,FREIGHT_ID_SAMARINDA_PARADIP_SUPRA,2025-11-17 00:00:00,2025-11-17 18:00:00,9.75,USD_PER_MT,1,v1.0,VALID,PROXY,hash_fr_003433,True
3434,FREIGHT_ZA_RICHARDSBAY_PARADIP_PANAMAX,2025-11-17 00:00:00,2025-11-17 18:00:00,12.82,USD_PER_MT,1,v1.0,VALID,PROXY,hash_fr_003434,True
3435,FREIGHT_BR_TUBARAO_QINGDAO_CAPE,2025-11-17 00:00:00,2025-11-17 18:00:00,22.14,USD_PER_MT,1,v1.0,VALID,PROXY,hash_fr_003435,True
3436,FREIGHT_AU_HEDLAND_PARADIP_CAPE,2025-11-18 00:00:00,2025-11-18 18:00:00,12.07,USD_PER_MT,1,v1.0,VALID,PROXY,hash_fr_003436,True
3437,FREIGHT_AU_NEWCASTLE_PARADIP_PANAMAX,2025-11-18 00:00:00,2025-11-18 18:00:00,15.17,USD_PER_MT,1,v1.0,VALID,PROXY,hash_fr_003437,True
3438,FREIGHT_ID_SAMARINDA_PARADIP_SUPRA,2025-11-18 00:00:00,2025-11-18 18:00:00,9.76,USD_PER_MT,1,v1.0,VALID,PROXY,hash_fr_003438,True
3439,FREIGHT_ZA_RICHARDSBAY_PARADIP_PANAMAX,2025-11-18 00:00:00,2025-11-18 18:00:00,13.78,USD_PER_MT,1,v1.0,VALID,PROXY,hash_fr_003439,True
3440,FREIGHT_BR_TUBARAO_QINGDAO_CAPE,2025-11-18 00:00:00,2025-11-18 18:00:00,22.53,USD_PER_MT,1,v1.0,VALID,PROXY,hash_fr_003440,True
3441,FREIGHT_AU_HEDLAND_PARADIP_CAPE,2025-11-19 00:00:00,2025-11-19 18:00:00,11.08,USD_PER_MT,1,v1.0,VALID,PROXY,hash_fr_003441,True
3442,FREIGHT_AU_NEWCASTLE_PARADIP_PANAMAX,2025-11-19 00:00:00,2025-11-19 18:00:00,15.1,USD_PER_MT,1,v1.0,VALID,PROXY,hash_fr_003442,True
3443,FREIGHT_ID_SAMARINDA_PARADIP_SUPRA,2025-11-19 00:00:00,2025-11-19 18:00:00,9.47,USD_PER_MT,1,v1.0,VALID,PROXY,hash_fr_003443,True
3444,FREIGHT_ZA_RICHARDSBAY_PARADIP_PANAMAX,2025-11-19 00:00:00,2025-11-19 18:00:00,13.29,USD_PER_MT,1,v1.0,VALID,PROXY,hash_fr_003444,True
3445,FREIGHT_BR_TUBARAO_QINGDAO_CAPE,2025-11-19 00:00:00,2025-11-19 18:00:00,22.39,USD_PER_MT,1,v1.0,VALID,PROXY,hash_fr_003445,True
3446,FREIGHT_AU_HEDLAND_PARADIP_CAPE,2025-11-20 00:00:00,2025-11-20 18:00:00,11.42,USD_PER_MT,1,v1.0,VALID,PROXY,hash_fr_003446,True
3447,FREIGHT_AU_NEWCASTLE_PARADIP_PANAMAX,2025-11-20 00:00:00,2025-11-20 18:00:00,15.44,USD_PER_MT,1,v1.0,VALID,PROXY,hash_fr_003447,True
3448,FREIGHT_ID_SAMARINDA_PARADIP_SUPRA,2025-11-20 00:00:00,2025-11-20 18:00:00,9.18,USD_PER_MT,1,v1.0,VALID,PROXY,hash_fr_003448,True
3449,FREIGHT_ZA_RICHARDSBAY_PARADIP_PANAMAX,2025-11-20 00:00:00,2025-11-20 18:00:00,12.87,USD_PER_MT,1,v1.0,VALID,PROXY,hash_fr_003449,True
3450,FREIGHT_BR_TUBARAO_QINGDAO_CAPE,2025-11-20 00:00:00,2025-11-20 18:00:00,20.91,USD_PER_MT,1,v1.0,VALID,PROXY,hash_fr_003450,True
3451,FREIGHT_AU_HEDLAND_PARADIP_CAPE,2025-11-21 00:00:00,2025-11-21 18:00:00,12.05,USD_PER_MT,1,v1.0,VALID,PROXY,hash_fr_003451,True
3452,FREIGHT_AU_NEWCASTLE_PARADIP_PANAMAX,2025-11-21 00:00:00,2025-11-21 18:00:00,14.79,USD_PER_MT,1,v1.0,VALID,PROXY,hash_fr_003452,True
3453,FREIGHT_ID_SAMARINDA_PARADIP_SUPRA,2025-11-21 00:00:00,2025-11-21 18:00:00,9.0,USD_PER_MT,1,v1.0,VALID,PROXY,hash_fr_003453,True
3454,FREIGHT_ZA_RICHARDSBAY_PARADIP_PANAMAX,2025-11-21 00:00:00,2025-11-21 18:00:00,13.57,USD_PER_MT,1,v1.0,VALID,PROXY,hash_fr_003454,True
3455,FREIGHT_BR_TUBARAO_QINGDAO_CAPE,2025-11-21 00:00:00,2025-11-21 18:00:00,20.84,USD_PER_MT,1,v1.0,VALID,PROXY,hash_fr_003455,True
3456,FREIGHT_AU_HEDLAND_PARADIP_CAPE,2025-11-22 00:00:00,2025-11-22 18:00:00,11.6,USD_PER_MT,1,v1.0,VALID,PROXY,hash_fr_003456,True
3457,FREIGHT_AU_NEWCASTLE_PARADIP_PANAMAX,2025-11-22 00:00:00,2025-11-22 18:00:00,14.45,USD_PER_MT,1,v1.0,VALID,PROXY,hash_fr_003457,True
3458,FREIGHT_ID_SAMARINDA_PARADIP_SUPRA,2025-11-22 00:00:00,2025-11-22 18:00:00,9.04,USD_PER_MT,1,v1.0,VALID,PROXY,hash_fr_003458,True
3459,FREIGHT_ZA_RICHARDSBAY_PARADIP_PANAMAX,2025-11-22 00:00:00,2025-11-22 18:00:00,13.48,USD_PER_MT,1,v1.0,VALID,PROXY,hash_fr_003459,True
3460,FREIGHT_BR_TUBARAO_QINGDAO_CAPE,2025-11-22 00:00:00,2025-11-22 18:00:00,21.34,USD_PER_MT,1,v1.0,VALID,PROXY,hash_fr_003460,True
3461,FREIGHT_AU_HEDLAND_PARADIP_CAPE,2025-11-23 00:00:00,2025-11-23 18:00:00,11.19,USD_PER_MT,1,v1.0,VALID,PROXY,hash_fr_003461,True
3462,FREIGHT_AU_NEWCASTLE_PARADIP_PANAMAX,2025-11-23 00:00:00,2025-11-23 18:00:00,14.8,USD_PER_MT,1,v1.0,VALID,PROXY,hash_fr_003462,True
3463,FREIGHT_ID_SAMARINDA_PARADIP_SUPRA,2025-11-23 00:00:00,2025-11-23 18:00:00,9.17,USD_PER_MT,1,v1.0,VALID,PROXY,hash_fr_003463,True
3464,FREIGHT_ZA_RICHARDSBAY_PARADIP_PANAMAX,2025-11-23 00:00:00,2025-11-23 18:00:00,12.91,USD_PER_MT,1,v1.0,VALID,PROXY,hash_fr_003464,True
3465,FREIGHT_BR_TUBARAO_QINGDAO_CAPE,2025-11-23 00:00:00,2025-11-23 18:00:00,20.3,USD_PER_MT,1,v1.0,VALID,PROXY,hash_fr_003465,True
3466,FREIGHT_AU_HEDLAND_PARADIP_CAPE,2025-11-24 00:00:00,2025-11-24 18:00:00,11.34,USD_PER_MT,1,v1.0,VALID,PROXY,hash_fr_003466,True
3467,FREIGHT_AU_NEWCASTLE_PARADIP_PANAMAX,2025-11-24 00:00:00,2025-11-24 18:00:00,14.36,USD_PER_MT,1,v1.0,VALID,PROXY,hash_fr_003467,True
3468,FREIGHT_ID_SAMARINDA_PARADIP_SUPRA,2025-11-24 00:00:00,2025-11-24 18:00:00,8.66,USD_PER_MT,1,v1.0,VALID,PROXY,hash_fr_003468,True
3469,FREIGHT_ZA_RICHARDSBAY_PARADIP_PANAMAX,2025-11-24 00:00:00,2025-11-24 18:00:00,12.53,USD_PER_MT,1,v1.0,VALID,PROXY,hash_fr_003469,True
3470,FREIGHT_BR_TUBARAO_QINGDAO_CAPE,2025-11-24 00:00:00,2025-11-24 18:00:00,20.54,USD_PER_MT,1,v1.0,VALID,PROXY,hash_fr_003470,True
3471,FREIGHT_AU_HEDLAND_PARADIP_CAPE,2025-11-25 00:00:00,2025-11-25 18:00:00,11.61,USD_PER_MT,1,v1.0,VALID,PROXY,hash_fr_003471,True
3472,FREIGHT_AU_NEWCASTLE_PARADIP_PANAMAX,2025-11-25 00:00:00,2025-11-25 18:00:00,13.94,USD_PER_MT,1,v1.0,VALID,PROXY,hash_fr_003472,True
3473,FREIGHT_ID_SAMARINDA_PARADIP_SUPRA,2025-11-25 00:00:00,2025-11-25 18:00:00,8.69,USD_PER_MT,1,v1.0,VALID,PROXY,hash_fr_003473,True
3474,FREIGHT_ZA_RICHARDSBAY_PARADIP_PANAMAX,2025-11-25 00:00:00,2025-11-25 18:00:00,13.17,USD_PER_MT,1,v1.0,VALID,PROXY,hash_fr_003474,True
3475,FREIGHT_BR_TUBARAO_QINGDAO_CAPE,2025-11-25 00:00:00,2025-11-25 18:00:00,19.38,USD_PER_MT,1,v1.0,VALID,PROXY,hash_fr_003475,True
3476,FREIGHT_AU_HEDLAND_PARADIP_CAPE,2025-11-26 00:00:00,2025-11-26 18:00:00,10.81,USD_PER_MT,1,v1.0,VALID,PROXY,hash_fr_003476,True
3477,FREIGHT_AU_NEWCASTLE_PARADIP_PANAMAX,2025-11-26 00:00:00,2025-11-26 18:00:00,13.49,USD_PER_MT,1,v1.0,VALID,PROXY,hash_fr_003477,True
3478,FREIGHT_ID_SAMARINDA_PARADIP_SUPRA,2025-11-26 00:00:00,2025-11-26 18:00:00,9.09,USD_PER_MT,1,v1.0,VALID,PROXY,hash_fr_003478,True
3479,FREIGHT_ZA_RICHARDSBAY_PARADIP_PANAMAX,2025-11-26 00:00:00,2025-11-26 18:00:00,12.5,USD_PER_MT,1,v1.0,VALID,PROXY,hash_fr_003479,True
3480,FREIGHT_BR_TUBARAO_QINGDAO_CAPE,2025-11-26 00:00:00,2025-11-26 18:00:00,19.32,USD_PER_MT,1,v1.0,VALID,PROXY,hash_fr_003480,True
3481,FREIGHT_AU_HEDLAND_PARADIP_CAPE,2025-11-27 00:00:00,2025-11-27 18:00:00,10.3,USD_PER_MT,1,v1.0,VALID,PROXY,hash_fr_003481,True
3482,FREIGHT_AU_NEWCASTLE_PARADIP_PANAMAX,2025-11-27 00:00:00,2025-11-27 18:00:00,13.38,USD_PER_MT,1,v1.0,VALID,PROXY,hash_fr_003482,True
3483,FREIGHT_ID_SAMARINDA_PARADIP_SUPRA,2025-11-27 00:00:00,2025-11-27 18:00:00,8.34,USD_PER_MT,1,v1.0,VALID,PROXY,hash_fr_003483,True
3484,FREIGHT_ZA_RICHARDSBAY_PARADIP_PANAMAX,2025-11-27 00:00:00,2025-11-27 18:00:00,12.43,USD_PER_MT,1,v1.0,VALID,PROXY,hash_fr_003484,True
3485,FREIGHT_BR_TUBARAO_QINGDAO_CAPE,2025-11-27 00:00:00,2025-11-27 18:00:00,18.89,USD_PER_MT,1,v1.0,VALID,PROXY,hash_fr_003485,True
3486,FREIGHT_AU_HEDLAND_PARADIP_CAPE,2025-11-28 00:00:00,2025-11-28 18:00:00,10.61,USD_PER_MT,1,v1.0,VALID,PROXY,hash_fr_003486,True
3487,FREIGHT_AU_NEWCASTLE_PARADIP_PANAMAX,2025-11-28 00:00:00,2025-11-28 18:00:00,13.45,USD_PER_MT,1,v1.0,VALID,PROXY,hash_fr_003487,True
3488,FREIGHT_ID_SAMARINDA_PARADIP_SUPRA,2025-11-28 00:00:00,2025-11-28 18:00:00,8.35,USD_PER_MT,1,v1.0,VALID,PROXY,hash_fr_003488,True
3489,FREIGHT_ZA_RICHARDSBAY_PARADIP_PANAMAX,2025-11-28 00:00:00,2025-11-28 18:00:00,12.0,USD_PER_MT,1,v1.0,VALID,PROXY,hash_fr_003489,True
3490,FREIGHT_BR_TUBARAO_QINGDAO_CAPE,2025-11-28 00:00:00,2025-11-28 18:00:00,19.22,USD_PER_MT,1,v1.0,VALID,PROXY,hash_fr_003490,True
3491,FREIGHT_AU_HEDLAND_PARADIP_CAPE,2025-11-29 00:00:00,2025-11-29 18:00:00,10.49,USD_PER_MT,1,v1.0,VALID,PROXY,hash_fr_003491,True
3492,FREIGHT_AU_NEWCASTLE_PARADIP_PANAMAX,2025-11-29 00:00:00,2025-11-29 18:00:00,13.17,USD_PER_MT,1,v1.0,VALID,PROXY,hash_fr_003492,True
3493,FREIGHT_ID_SAMARINDA_PARADIP_SUPRA,2025-11-29 00:00:00,2025-11-29 18:00:00,8.45,USD_PER_MT,1,v1.0,VALID,PROXY,hash_fr_003493,True
3494,FREIGHT_ZA_RICHARDSBAY_PARADIP_PANAMAX,2025-11-29 00:00:00,2025-11-29 18:00:00,12.61,USD_PER_MT,1,v1.0,VALID,PROXY,hash_fr_003494,True
3495,FREIGHT_BR_TUBARAO_QINGDAO_CAPE,2025-11-29 00:00:00,2025-11-29 18:00:00,18.69,USD_PER_MT,1,v1.0,VALID,PROXY,hash_fr_003495,True
3496,FREIGHT_AU_HEDLAND_PARADIP_CAPE,2025-11-30 00:00:00,2025-11-30 18:00:00,10.89,USD_PER_MT,1,v1.0,VALID,PROXY,hash_fr_003496,True
3497,FREIGHT_AU_NEWCASTLE_PARADIP_PANAMAX,2025-11-30 00:00:00,2025-11-30 18:00:00,12.74,USD_PER_MT,1,v1.0,VALID,PROXY,hash_fr_003497,True
3498,FREIGHT_ID_SAMARINDA_PARADIP_SUPRA,2025-11-30 00:00:00,2025-11-30 18:00:00,8.59,USD_PER_MT,1,v1.0,VALID,PROXY,hash_fr_003498,True
3499,FREIGHT_ZA_RICHARDSBAY_PARADIP_PANAMAX,2025-11-30 00:00:00,2025-11-30 18:00:00,12.42,USD_PER_MT,1,v1.0,VALID,PROXY,hash_fr_003499,True
3500,FREIGHT_BR_TUBARAO_QINGDAO_CAPE,2025-11-30 00:00:00,2025-11-30 18:00:00,18.81,USD_PER_MT,1,v1.0,VALID,PROXY,hash_fr_003500,True
3501,FREIGHT_AU_HEDLAND_PARADIP_CAPE,2025-12-01 00:00:00,2025-12-01 18:00:00,10.04,USD_PER_MT,1,v1.0,VALID,PROXY,hash_fr_003501,True
3502,FREIGHT_AU_NEWCASTLE_PARADIP_PANAMAX,2025-12-01 00:00:00,2025-12-01 18:00:00,13.85,USD_PER_MT,1,v1.0,VALID,PROXY,hash_fr_003502,True
3503,FREIGHT_ID_SAMARINDA_PARADIP_SUPRA,2025-12-01 00:00:00,2025-12-01 18:00:00,8.45,USD_PER_MT,1,v1.0,VALID,PROXY,hash_fr_003503,True
3504,FREIGHT_ZA_RICHARDSBAY_PARADIP_PANAMAX,2025-12-01 00:00:00,2025-12-01 18:00:00,12.11,USD_PER_MT,1,v1.0,VALID,PROXY,hash_fr_003504,True
3505,FREIGHT_BR_TUBARAO_QINGDAO_CAPE,2025-12-01 00:00:00,2025-12-01 18:00:00,19.4,USD_PER_MT,1,v1.0,VALID,PROXY,hash_fr_003505,True
3506,FREIGHT_AU_HEDLAND_PARADIP_CAPE,2025-12-02 00:00:00,2025-12-02 18:00:00,11.02,USD_PER_MT,1,v1.0,VALID,PROXY,hash_fr_003506,True
3507,FREIGHT_AU_NEWCASTLE_PARADIP_PANAMAX,2025-12-02 00:00:00,2025-12-02 18:00:00,13.87,USD_PER_MT,1,v1.0,VALID,PROXY,hash_fr_003507,True
3508,FREIGHT_ID_SAMARINDA_PARADIP_SUPRA,2025-12-02 00:00:00,2025-12-02 18:00:00,8.36,USD_PER_MT,1,v1.0,VALID,PROXY,hash_fr_003508,True
3509,FREIGHT_ZA_RICHARDSBAY_PARADIP_PANAMAX,2025-12-02 00:00:00,2025-12-02 18:00:00,11.41,USD_PER_MT,1,v1.0,VALID,PROXY,hash_fr_003509,True
3510,FREIGHT_BR_TUBARAO_QINGDAO_CAPE,2025-12-02 00:00:00,2025-12-02 18:00:00,19.57,USD_PER_MT,1,v1.0,VALID,PROXY,hash_fr_003510,True
3511,FREIGHT_AU_HEDLAND_PARADIP_CAPE,2025-12-03 00:00:00,2025-12-03 18:00:00,9.93,USD_PER_MT,1,v1.0,VALID,PROXY,hash_fr_003511,True
3512,FREIGHT_AU_NEWCASTLE_PARADIP_PANAMAX,2025-12-03 00:00:00,2025-12-03 18:00:00,13.04,USD_PER_MT,1,v1.0,VALID,PROXY,hash_fr_003512,True
3513,FREIGHT_ID_SAMARINDA_PARADIP_SUPRA,2025-12-03 00:00:00,2025-12-03 18:00:00,7.9,USD_PER_MT,1,v1.0,VALID,PROXY,hash_fr_003513,True
3514,FREIGHT_ZA_RICHARDSBAY_PARADIP_PANAMAX,2025-12-03 00:00:00,2025-12-03 18:00:00,11.7,USD_PER_MT,1,v1.0,VALID,PROXY,hash_fr_003514,True
3515,FREIGHT_BR_TUBARAO_QINGDAO_CAPE,2025-12-03 00:00:00,2025-12-03 18:00:00,18.79,USD_PER_MT,1,v1.0,VALID,PROXY,hash_fr_003515,True
3516,FREIGHT_AU_HEDLAND_PARADIP_CAPE,2025-12-04 00:00:00,2025-12-04 18:00:00,10.48,USD_PER_MT,1,v1.0,VALID,PROXY,hash_fr_003516,True
3517,FREIGHT_AU_NEWCASTLE_PARADIP_PANAMAX,2025-12-04 00:00:00,2025-12-04 18:00:00,13.04,USD_PER_MT,1,v1.0,VALID,PROXY,hash_fr_003517,True
3518,FREIGHT_ID_SAMARINDA_PARADIP_SUPRA,2025-12-04 00:00:00,2025-12-04 18:00:00,8.19,USD_PER_MT,1,v1.0,VALID,PROXY,hash_fr_003518,True
3519,FREIGHT_ZA_RICHARDSBAY_PARADIP_PANAMAX,2025-12-04 00:00:00,2025-12-04 18:00:00,11.9,USD_PER_MT,1,v1.0,VALID,PROXY,hash_fr_003519,True
3520,FREIGHT_BR_TUBARAO_QINGDAO_CAPE,2025-12-04 00:00:00,2025-12-04 18:00:00,18.93,USD_PER_MT,1,v1.0,VALID,PROXY,hash_fr_003520,True
3521,FREIGHT_AU_HEDLAND_PARADIP_CAPE,2025-12-05 00:00:00,2025-12-05 18:00:00,10.17,USD_PER_MT,1,v1.0,VALID,PROXY,hash_fr_003521,True
3522,FREIGHT_AU_NEWCASTLE_PARADIP_PANAMAX,2025-12-05 00:00:00,2025-12-05 18:00:00,13.67,USD_PER_MT,1,v1.0,VALID,PROXY,hash_fr_003522,True
3523,FREIGHT_ID_SAMARINDA_PARADIP_SUPRA,2025-12-05 00:00:00,2025-12-05 18:00:00,8.29,USD_PER_MT,1,v1.0,VALID,PROXY,hash_fr_003523,True
3524,FREIGHT_ZA_RICHARDSBAY_PARADIP_PANAMAX,2025-12-05 00:00:00,2025-12-05 18:00:00,11.16,USD_PER_MT,1,v1.0,VALID,PROXY,hash_fr_003524,True
3525,FREIGHT_BR_TUBARAO_QINGDAO_CAPE,2025-12-05 00:00:00,2025-12-05 18:00:00,18.8,USD_PER_MT,1,v1.0,VALID,PROXY,hash_fr_003525,True
3526,FREIGHT_AU_HEDLAND_PARADIP_CAPE,2025-12-06 00:00:00,2025-12-06 18:00:00,10.61,USD_PER_MT,1,v1.0,VALID,PROXY,hash_fr_003526,True
3527,FREIGHT_AU_NEWCASTLE_PARADIP_PANAMAX,2025-12-06 00:00:00,2025-12-06 18:00:00,13.25,USD_PER_MT,1,v1.0,VALID,PROXY,hash_fr_003527,True
3528,FREIGHT_ID_SAMARINDA_PARADIP_SUPRA,2025-12-06 00:00:00,2025-12-06 18:00:00,8.54,USD_PER_MT,1,v1.0,VALID,PROXY,hash_fr_003528,True
3529,FREIGHT_ZA_RICHARDSBAY_PARADIP_PANAMAX,2025-12-06 00:00:00,2025-12-06 18:00:00,11.21,USD_PER_MT,1,v1.0,VALID,PROXY,hash_fr_003529,True
3530,FREIGHT_BR_TUBARAO_QINGDAO_CAPE,2025-12-06 00:00:00,2025-12-06 18:00:00,18.04,USD_PER_MT,1,v1.0,VALID,PROXY,hash_fr_003530,True
3531,FREIGHT_AU_HEDLAND_PARADIP_CAPE,2025-12-07 00:00:00,2025-12-07 18:00:00,10.15,USD_PER_MT,1,v1.0,VALID,PROXY,hash_fr_003531,True
3532,FREIGHT_AU_NEWCASTLE_PARADIP_PANAMAX,2025-12-07 00:00:00,2025-12-07 18:00:00,13.18,USD_PER_MT,1,v1.0,VALID,PROXY,hash_fr_003532,True
3533,FREIGHT_ID_SAMARINDA_PARADIP_SUPRA,2025-12-07 00:00:00,2025-12-07 18:00:00,8.62,USD_PER_MT,1,v1.0,VALID,PROXY,hash_fr_003533,True
3534,FREIGHT_ZA_RICHARDSBAY_PARADIP_PANAMAX,2025-12-07 00:00:00,2025-12-07 18:00:00,11.25,USD_PER_MT,1,v1.0,VALID,PROXY,hash_fr_003534,True
3535,FREIGHT_BR_TUBARAO_QINGDAO_CAPE,2025-12-07 00:00:00,2025-12-07 18:00:00,18.35,USD_PER_MT,1,v1.0,VALID,PROXY,hash_fr_003535,True
3536,FREIGHT_AU_HEDLAND_PARADIP_CAPE,2025-12-08 00:00:00,2025-12-08 18:00:00,9.84,USD_PER_MT,1,v1.0,VALID,PROXY,hash_fr_003536,True
3537,FREIGHT_AU_NEWCASTLE_PARADIP_PANAMAX,2025-12-08 00:00:00,2025-12-08 18:00:00,13.96,USD_PER_MT,1,v1.0,VALID,PROXY,hash_fr_003537,True
3538,FREIGHT_ID_SAMARINDA_PARADIP_SUPRA,2025-12-08 00:00:00,2025-12-08 18:00:00,8.21,USD_PER_MT,1,v1.0,VALID,PROXY,hash_fr_003538,True
3539,FREIGHT_ZA_RICHARDSBAY_PARADIP_PANAMAX,2025-12-08 00:00:00,2025-12-08 18:00:00,12.11,USD_PER_MT,1,v1.0,VALID,PROXY,hash_fr_003539,True
3540,FREIGHT_BR_TUBARAO_QINGDAO_CAPE,2025-12-08 00:00:00,2025-12-08 18:00:00,19.64,USD_PER_MT,1,v1.0,VALID,PROXY,hash_fr_003540,True
3541,FREIGHT_AU_HEDLAND_PARADIP_CAPE,2025-12-09 00:00:00,2025-12-09 18:00:00,10.34,USD_PER_MT,1,v1.0,VALID,PROXY,hash_fr_003541,True
3542,FREIGHT_AU_NEWCASTLE_PARADIP_PANAMAX,2025-12-09 00:00:00,2025-12-09 18:00:00,13.56,USD_PER_MT,1,v1.0,VALID,PROXY,hash_fr_003542,True
3543,FREIGHT_ID_SAMARINDA_PARADIP_SUPRA,2025-12-09 00:00:00,2025-12-09 18:00:00,7.97,USD_PER_MT,1,v1.0,VALID,PROXY,hash_fr_003543,True
3544,FREIGHT_ZA_RICHARDSBAY_PARADIP_PANAMAX,2025-12-09 00:00:00,2025-12-09 18:00:00,11.71,USD_PER_MT,1,v1.0,VALID,PROXY,hash_fr_003544,True
3545,FREIGHT_BR_TUBARAO_QINGDAO_CAPE,2025-12-09 00:00:00,2025-12-09 18:00:00,19.16,USD_PER_MT,1,v1.0,VALID,PROXY,hash_fr_003545,True
3546,FREIGHT_AU_HEDLAND_PARADIP_CAPE,2025-12-10 00:00:00,2025-12-10 18:00:00,10.15,USD_PER_MT,1,v1.0,VALID,PROXY,hash_fr_003546,True
3547,FREIGHT_AU_NEWCASTLE_PARADIP_PANAMAX,2025-12-10 00:00:00,2025-12-10 18:00:00,13.01,USD_PER_MT,1,v1.0,VALID,PROXY,hash_fr_003547,True
3548,FREIGHT_ID_SAMARINDA_PARADIP_SUPRA,2025-12-10 00:00:00,2025-12-10 18:00:00,8.44,USD_PER_MT,1,v1.0,VALID,PROXY,hash_fr_003548,True
3549,FREIGHT_ZA_RICHARDSBAY_PARADIP_PANAMAX,2025-12-10 00:00:00,2025-12-10 18:00:00,11.57,USD_PER_MT,1,v1.0,VALID,PROXY,hash_fr_003549,True
3550,FREIGHT_BR_TUBARAO_QINGDAO_CAPE,2025-12-10 00:00:00,2025-12-10 18:00:00,17.98,USD_PER_MT,1,v1.0,VALID,PROXY,hash_fr_003550,True
3551,FREIGHT_AU_HEDLAND_PARADIP_CAPE,2025-12-11 00:00:00,2025-12-11 18:00:00,10.54,USD_PER_MT,1,v1.0,VALID,PROXY,hash_fr_003551,True
3552,FREIGHT_AU_NEWCASTLE_PARADIP_PANAMAX,2025-12-11 00:00:00,2025-12-11 18:00:00,13.64,USD_PER_MT,1,v1.0,VALID,PROXY,hash_fr_003552,True
3553,FREIGHT_ID_SAMARINDA_PARADIP_SUPRA,2025-12-11 00:00:00,2025-12-11 18:00:00,8.23,USD_PER_MT,1,v1.0,VALID,PROXY,hash_fr_003553,True
3554,FREIGHT_ZA_RICHARDSBAY_PARADIP_PANAMAX,2025-12-11 00:00:00,2025-12-11 18:00:00,11.51,USD_PER_MT,1,v1.0,VALID,PROXY,hash_fr_003554,True
3555,FREIGHT_BR_TUBARAO_QINGDAO_CAPE,2025-12-11 00:00:00,2025-12-11 18:00:00,19.8,USD_PER_MT,1,v1.0,VALID,PROXY,hash_fr_003555,True
3556,FREIGHT_AU_HEDLAND_PARADIP_CAPE,2025-12-12 00:00:00,2025-12-12 18:00:00,10.18,USD_PER_MT,1,v1.0,VALID,PROXY,hash_fr_003556,True
3557,FREIGHT_AU_NEWCASTLE_PARADIP_PANAMAX,2025-12-12 00:00:00,2025-12-12 18:00:00,13.05,USD_PER_MT,1,v1.0,VALID,PROXY,hash_fr_003557,True
3558,FREIGHT_ID_SAMARINDA_PARADIP_SUPRA,2025-12-12 00:00:00,2025-12-12 18:00:00,8.45,USD_PER_MT,1,v1.0,VALID,PROXY,hash_fr_003558,True
3559,FREIGHT_ZA_RICHARDSBAY_PARADIP_PANAMAX,2025-12-12 00:00:00,2025-12-12 18:00:00,12.58,USD_PER_MT,1,v1.0,VALID,PROXY,hash_fr_003559,True
3560,FREIGHT_BR_TUBARAO_QINGDAO_CAPE,2025-12-12 00:00:00,2025-12-12 18:00:00,19.67,USD_PER_MT,1,v1.0,VALID,PROXY,hash_fr_003560,True
3561,FREIGHT_AU_HEDLAND_PARADIP_CAPE,2025-12-13 00:00:00,2025-12-13 18:00:00,10.71,USD_PER_MT,1,v1.0,VALID,PROXY,hash_fr_003561,True
3562,FREIGHT_AU_NEWCASTLE_PARADIP_PANAMAX,2025-12-13 00:00:00,2025-12-13 18:00:00,13.1,USD_PER_MT,1,v1.0,VALID,PROXY,hash_fr_003562,True
3563,FREIGHT_ID_SAMARINDA_PARADIP_SUPRA,2025-12-13 00:00:00,2025-12-13 18:00:00,8.59,USD_PER_MT,1,v1.0,VALID,PROXY,hash_fr_003563,True
3564,FREIGHT_ZA_RICHARDSBAY_PARADIP_PANAMAX,2025-12-13 00:00:00,2025-12-13 18:00:00,12.04,USD_PER_MT,1,v1.0,VALID,PROXY,hash_fr_003564,True
3565,FREIGHT_BR_TUBARAO_QINGDAO_CAPE,2025-12-13 00:00:00,2025-12-13 18:00:00,19.19,USD_PER_MT,1,v1.0,VALID,PROXY,hash_fr_003565,True
3566,FREIGHT_AU_HEDLAND_PARADIP_CAPE,2025-12-14 00:00:00,2025-12-14 18:00:00,10.82,USD_PER_MT,1,v1.0,VALID,PROXY,hash_fr_003566,True
3567,FREIGHT_AU_NEWCASTLE_PARADIP_PANAMAX,2025-12-14 00:00:00,2025-12-14 18:00:00,14.05,USD_PER_MT,1,v1.0,VALID,PROXY,hash_fr_003567,True
3568,FREIGHT_ID_SAMARINDA_PARADIP_SUPRA,2025-12-14 00:00:00,2025-12-14 18:00:00,8.47,USD_PER_MT,1,v1.0,VALID,PROXY,hash_fr_003568,True
3569,FREIGHT_ZA_RICHARDSBAY_PARADIP_PANAMAX,2025-12-14 00:00:00,2025-12-14 18:00:00,12.77,USD_PER_MT,1,v1.0,VALID,PROXY,hash_fr_003569,True
3570,FREIGHT_BR_TUBARAO_QINGDAO_CAPE,2025-12-14 00:00:00,2025-12-14 18:00:00,19.31,USD_PER_MT,1,v1.0,VALID,PROXY,hash_fr_003570,True
3571,FREIGHT_AU_HEDLAND_PARADIP_CAPE,2025-12-15 00:00:00,2025-12-15 18:00:00,10.75,USD_PER_MT,1,v1.0,VALID,PROXY,hash_fr_003571,True
3572,FREIGHT_AU_NEWCASTLE_PARADIP_PANAMAX,2025-12-15 00:00:00,2025-12-15 18:00:00,13.91,USD_PER_MT,1,v1.0,VALID,PROXY,hash_fr_003572,True
3573,FREIGHT_ID_SAMARINDA_PARADIP_SUPRA,2025-12-15 00:00:00,2025-12-15 18:00:00,8.76,USD_PER_MT,1,v1.0,VALID,PROXY,hash_fr_003573,True
3574,FREIGHT_ZA_RICHARDSBAY_PARADIP_PANAMAX,2025-12-15 00:00:00,2025-12-15 18:00:00,12.09,USD_PER_MT,1,v1.0,VALID,PROXY,hash_fr_003574,True
3575,FREIGHT_BR_TUBARAO_QINGDAO_CAPE,2025-12-15 00:00:00,2025-12-15 18:00:00,18.84,USD_PER_MT,1,v1.0,VALID,PROXY,hash_fr_003575,True
3576,FREIGHT_AU_HEDLAND_PARADIP_CAPE,2025-12-16 00:00:00,2025-12-16 18:00:00,11.02,USD_PER_MT,1,v1.0,VALID,PROXY,hash_fr_003576,True
3577,FREIGHT_AU_NEWCASTLE_PARADIP_PANAMAX,2025-12-16 00:00:00,2025-12-16 18:00:00,13.67,USD_PER_MT,1,v1.0,VALID,PROXY,hash_fr_003577,True
3578,FREIGHT_ID_SAMARINDA_PARADIP_SUPRA,2025-12-16 00:00:00,2025-12-16 18:00:00,9.19,USD_PER_MT,1,v1.0,VALID,PROXY,hash_fr_003578,True
3579,FREIGHT_ZA_RICHARDSBAY_PARADIP_PANAMAX,2025-12-16 00:00:00,2025-12-16 18:00:00,12.5,USD_PER_MT,1,v1.0,VALID,PROXY,hash_fr_003579,True
3580,FREIGHT_BR_TUBARAO_QINGDAO_CAPE,2025-12-16 00:00:00,2025-12-16 18:00:00,19.99,USD_PER_MT,1,v1.0,VALID,PROXY,hash_fr_003580,True
3581,FREIGHT_AU_HEDLAND_PARADIP_CAPE,2025-12-17 00:00:00,2025-12-17 18:00:00,10.94,USD_PER_MT,1,v1.0,VALID,PROXY,hash_fr_003581,True
3582,FREIGHT_AU_NEWCASTLE_PARADIP_PANAMAX,2025-12-17 00:00:00,2025-12-17 18:00:00,13.68,USD_PER_MT,1,v1.0,VALID,PROXY,hash_fr_003582,True
3583,FREIGHT_ID_SAMARINDA_PARADIP_SUPRA,2025-12-17 00:00:00,2025-12-17 18:00:00,8.78,USD_PER_MT,1,v1.0,VALID,PROXY,hash_fr_003583,True
3584,FREIGHT_ZA_RICHARDSBAY_PARADIP_PANAMAX,2025-12-17 00:00:00,2025-12-17 18:00:00,12.55,USD_PER_MT,1,v1.0,VALID,PROXY,hash_fr_003584,True
3585,FREIGHT_BR_TUBARAO_QINGDAO_CAPE,2025-12-17 00:00:00,2025-12-17 18:00:00,20.19,USD_PER_MT,1,v1.0,VALID,PROXY,hash_fr_003585,True
3586,FREIGHT_AU_HEDLAND_PARADIP_CAPE,2025-12-18 00:00:00,2025-12-18 18:00:00,10.63,USD_PER_MT,1,v1.0,VALID,PROXY,hash_fr_003586,True
3587,FREIGHT_AU_NEWCASTLE_PARADIP_PANAMAX,2025-12-18 00:00:00,2025-12-18 18:00:00,13.69,USD_PER_MT,1,v1.0,VALID,PROXY,hash_fr_003587,True
3588,FREIGHT_ID_SAMARINDA_PARADIP_SUPRA,2025-12-18 00:00:00,2025-12-18 18:00:00,8.63,USD_PER_MT,1,v1.0,VALID,PROXY,hash_fr_003588,True
3589,FREIGHT_ZA_RICHARDSBAY_PARADIP_PANAMAX,2025-12-18 00:00:00,2025-12-18 18:00:00,12.38,USD_PER_MT,1,v1.0,VALID,PROXY,hash_fr_003589,True
3590,FREIGHT_BR_TUBARAO_QINGDAO_CAPE,2025-12-18 00:00:00,2025-12-18 18:00:00,19.65,USD_PER_MT,1,v1.0,VALID,PROXY,hash_fr_003590,True
3591,FREIGHT_AU_HEDLAND_PARADIP_CAPE,2025-12-19 00:00:00,2025-12-19 18:00:00,11.31,USD_PER_MT,1,v1.0,VALID,PROXY,hash_fr_003591,True
3592,FREIGHT_AU_NEWCASTLE_PARADIP_PANAMAX,2025-12-19 00:00:00,2025-12-19 18:00:00,13.94,USD_PER_MT,1,v1.0,VALID,PROXY,hash_fr_003592,True
3593,FREIGHT_ID_SAMARINDA_PARADIP_SUPRA,2025-12-19 00:00:00,2025-12-19 18:00:00,8.97,USD_PER_MT,1,v1.0,VALID,PROXY,hash_fr_003593,True
3594,FREIGHT_ZA_RICHARDSBAY_PARADIP_PANAMAX,2025-12-19 00:00:00,2025-12-19 18:00:00,12.65,USD_PER_MT,1,v1.0,VALID,PROXY,hash_fr_003594,True
3595,FREIGHT_BR_TUBARAO_QINGDAO_CAPE,2025-12-19 00:00:00,2025-12-19 18:00:00,20.39,USD_PER_MT,1,v1.0,VALID,PROXY,hash_fr_003595,True
3596,FREIGHT_AU_HEDLAND_PARADIP_CAPE,2025-12-20 00:00:00,2025-12-20 18:00:00,11.49,USD_PER_MT,1,v1.0,VALID,PROXY,hash_fr_003596,True
3597,FREIGHT_AU_NEWCASTLE_PARADIP_PANAMAX,2025-12-20 00:00:00,2025-12-20 18:00:00,14.43,USD_PER_MT,1,v1.0,VALID,PROXY,hash_fr_003597,True
3598,FREIGHT_ID_SAMARINDA_PARADIP_SUPRA,2025-12-20 00:00:00,2025-12-20 18:00:00,9.22,USD_PER_MT,1,v1.0,VALID,PROXY,hash_fr_003598,True
3599,FREIGHT_ZA_RICHARDSBAY_PARADIP_PANAMAX,2025-12-20 00:00:00,2025-12-20 18:00:00,13.31,USD_PER_MT,1,v1.0,VALID,PROXY,hash_fr_003599,True
3600,FREIGHT_BR_TUBARAO_QINGDAO_CAPE,2025-12-20 00:00:00,2025-12-20 18:00:00,20.35,USD_PER_MT,1,v1.0,VALID,PROXY,hash_fr_003600,True
3601,FREIGHT_AU_HEDLAND_PARADIP_CAPE,2025-12-21 00:00:00,2025-12-21 18:00:00,11.25,USD_PER_MT,1,v1.0,VALID,PROXY,hash_fr_003601,True
3602,FREIGHT_AU_NEWCASTLE_PARADIP_PANAMAX,2025-12-21 00:00:00,2025-12-21 18:00:00,14.57,USD_PER_MT,1,v1.0,VALID,PROXY,hash_fr_003602,True
3603,FREIGHT_ID_SAMARINDA_PARADIP_SUPRA,2025-12-21 00:00:00,2025-12-21 18:00:00,9.35,USD_PER_MT,1,v1.0,VALID,PROXY,hash_fr_003603,True
3604,FREIGHT_ZA_RICHARDSBAY_PARADIP_PANAMAX,2025-12-21 00:00:00,2025-12-21 18:00:00,13.41,USD_PER_MT,1,v1.0,VALID,PROXY,hash_fr_003604,True
3605,FREIGHT_BR_TUBARAO_QINGDAO_CAPE,2025-12-21 00:00:00,2025-12-21 18:00:00,20.14,USD_PER_MT,1,v1.0,VALID,PROXY,hash_fr_003605,True
3606,FREIGHT_AU_HEDLAND_PARADIP_CAPE,2025-12-22 00:00:00,2025-12-22 18:00:00,11.51,USD_PER_MT,1,v1.0,VALID,PROXY,hash_fr_003606,True
3607,FREIGHT_AU_NEWCASTLE_PARADIP_PANAMAX,2025-12-22 00:00:00,2025-12-22 18:00:00,15.32,USD_PER_MT,1,v1.0,VALID,PROXY,hash_fr_003607,True
3608,FREIGHT_ID_SAMARINDA_PARADIP_SUPRA,2025-12-22 00:00:00,2025-12-22 18:00:00,9.1,USD_PER_MT,1,v1.0,VALID,PROXY,hash_fr_003608,True
3609,FREIGHT_ZA_RICHARDSBAY_PARADIP_PANAMAX,2025-12-22 00:00:00,2025-12-22 18:00:00,13.37,USD_PER_MT,1,v1.0,VALID,PROXY,hash_fr_003609,True
3610,FREIGHT_BR_TUBARAO_QINGDAO_CAPE,2025-12-22 00:00:00,2025-12-22 18:00:00,22.81,USD_PER_MT,1,v1.0,VALID,PROXY,hash_fr_003610,True
3611,FREIGHT_AU_HEDLAND_PARADIP_CAPE,2025-12-23 00:00:00,2025-12-23 18:00:00,11.7,USD_PER_MT,1,v1.0,VALID,PROXY,hash_fr_003611,True
3612,FREIGHT_AU_NEWCASTLE_PARADIP_PANAMAX,2025-12-23 00:00:00,2025-12-23 18:00:00,15.35,USD_PER_MT,1,v1.0,VALID,PROXY,hash_fr_003612,True
3613,FREIGHT_ID_SAMARINDA_PARADIP_SUPRA,2025-12-23 00:00:00,2025-12-23 18:00:00,9.23,USD_PER_MT,1,v1.0,VALID,PROXY,hash_fr_003613,True
3614,FREIGHT_ZA_RICHARDSBAY_PARADIP_PANAMAX,2025-12-23 00:00:00,2025-12-23 18:00:00,13.18,USD_PER_MT,1,v1.0,VALID,PROXY,hash_fr_003614,True
3615,FREIGHT_BR_TUBARAO_QINGDAO_CAPE,2025-12-23 00:00:00,2025-12-23 18:00:00,20.67,USD_PER_MT,1,v1.0,VALID,PROXY,hash_fr_003615,True
3616,FREIGHT_AU_HEDLAND_PARADIP_CAPE,2025-12-24 00:00:00,2025-12-24 18:00:00,11.87,USD_PER_MT,1,v1.0,VALID,PROXY,hash_fr_003616,True
3617,FREIGHT_AU_NEWCASTLE_PARADIP_PANAMAX,2025-12-24 00:00:00,2025-12-24 18:00:00,14.61,USD_PER_MT,1,v1.0,VALID,PROXY,hash_fr_003617,True
3618,FREIGHT_ID_SAMARINDA_PARADIP_SUPRA,2025-12-24 00:00:00,2025-12-24 18:00:00,9.68,USD_PER_MT,1,v1.0,VALID,PROXY,hash_fr_003618,True
3619,FREIGHT_ZA_RICHARDSBAY_PARADIP_PANAMAX,2025-12-24 00:00:00,2025-12-24 18:00:00,13.63,USD_PER_MT,1,v1.0,VALID,PROXY,hash_fr_003619,True
3620,FREIGHT_BR_TUBARAO_QINGDAO_CAPE,2025-12-24 00:00:00,2025-12-24 18:00:00,21.38,USD_PER_MT,1,v1.0,VALID,PROXY,hash_fr_003620,True
3621,FREIGHT_AU_HEDLAND_PARADIP_CAPE,2025-12-25 00:00:00,2025-12-25 18:00:00,11.16,USD_PER_MT,1,v1.0,VALID,PROXY,hash_fr_003621,True
3622,FREIGHT_AU_NEWCASTLE_PARADIP_PANAMAX,2025-12-25 00:00:00,2025-12-25 18:00:00,15.43,USD_PER_MT,1,v1.0,VALID,PROXY,hash_fr_003622,True
3623,FREIGHT_ID_SAMARINDA_PARADIP_SUPRA,2025-12-25 00:00:00,2025-12-25 18:00:00,9.66,USD_PER_MT,1,v1.0,VALID,PROXY,hash_fr_003623,True
3624,FREIGHT_ZA_RICHARDSBAY_PARADIP_PANAMAX,2025-12-25 00:00:00,2025-12-25 18:00:00,13.68,USD_PER_MT,1,v1.0,VALID,PROXY,hash_fr_003624,True
3625,FREIGHT_BR_TUBARAO_QINGDAO_CAPE,2025-12-25 00:00:00,2025-12-25 18:00:00,22.21,USD_PER_MT,1,v1.0,VALID,PROXY,hash_fr_003625,True
3626,FREIGHT_AU_HEDLAND_PARADIP_CAPE,2025-12-26 00:00:00,2025-12-26 18:00:00,12.31,USD_PER_MT,1,v1.0,VALID,PROXY,hash_fr_003626,True
3627,FREIGHT_AU_NEWCASTLE_PARADIP_PANAMAX,2025-12-26 00:00:00,2025-12-26 18:00:00,15.55,USD_PER_MT,1,v1.0,VALID,PROXY,hash_fr_003627,True
3628,FREIGHT_ID_SAMARINDA_PARADIP_SUPRA,2025-12-26 00:00:00,2025-12-26 18:00:00,9.75,USD_PER_MT,1,v1.0,VALID,PROXY,hash_fr_003628,True
3629,FREIGHT_ZA_RICHARDSBAY_PARADIP_PANAMAX,2025-12-26 00:00:00,2025-12-26 18:00:00,13.69,USD_PER_MT,1,v1.0,VALID,PROXY,hash_fr_003629,True
3630,FREIGHT_BR_TUBARAO_QINGDAO_CAPE,2025-12-26 00:00:00,2025-12-26 18:00:00,22.17,USD_PER_MT,1,v1.0,VALID,PROXY,hash_fr_003630,True
3631,FREIGHT_AU_HEDLAND_PARADIP_CAPE,2025-12-27 00:00:00,2025-12-27 18:00:00,12.01,USD_PER_MT,1,v1.0,VALID,PROXY,hash_fr_003631,True
3632,FREIGHT_AU_NEWCASTLE_PARADIP_PANAMAX,2025-12-27 00:00:00,2025-12-27 18:00:00,15.11,USD_PER_MT,1,v1.0,VALID,PROXY,hash_fr_003632,True
3633,FREIGHT_ID_SAMARINDA_PARADIP_SUPRA,2025-12-27 00:00:00,2025-12-27 18:00:00,9.9,USD_PER_MT,1,v1.0,VALID,PROXY,hash_fr_003633,True
3634,FREIGHT_ZA_RICHARDSBAY_PARADIP_PANAMAX,2025-12-27 00:00:00,2025-12-27 18:00:00,13.72,USD_PER_MT,1,v1.0,VALID,PROXY,hash_fr_003634,True
3635,FREIGHT_BR_TUBARAO_QINGDAO_CAPE,2025-12-27 00:00:00,2025-12-27 18:00:00,22.51,USD_PER_MT,1,v1.0,VALID,PROXY,hash_fr_003635,True
3636,FREIGHT_AU_HEDLAND_PARADIP_CAPE,2025-12-28 00:00:00,2025-12-28 18:00:00,12.06,USD_PER_MT,1,v1.0,VALID,PROXY,hash_fr_003636,True
3637,FREIGHT_AU_NEWCASTLE_PARADIP_PANAMAX,2025-12-28 00:00:00,2025-12-28 18:00:00,15.63,USD_PER_MT,1,v1.0,VALID,PROXY,hash_fr_003637,True
3638,FREIGHT_ID_SAMARINDA_PARADIP_SUPRA,2025-12-28 00:00:00,2025-12-28 18:00:00,9.73,USD_PER_MT,1,v1.0,VALID,PROXY,hash_fr_003638,True
3639,FREIGHT_ZA_RICHARDSBAY_PARADIP_PANAMAX,2025-12-28 00:00:00,2025-12-28 18:00:00,14.03,USD_PER_MT,1,v1.0,VALID,PROXY,hash_fr_003639,True
3640,FREIGHT_BR_TUBARAO_QINGDAO_CAPE,2025-12-28 00:00:00,2025-12-28 18:00:00,22.86,USD_PER_MT,1,v1.0,VALID,PROXY,hash_fr_003640,True
3641,FREIGHT_AU_HEDLAND_PARADIP_CAPE,2025-12-29 00:00:00,2025-12-29 18:00:00,12.24,USD_PER_MT,1,v1.0,VALID,PROXY,hash_fr_003641,True
3642,FREIGHT_AU_NEWCASTLE_PARADIP_PANAMAX,2025-12-29 00:00:00,2025-12-29 18:00:00,15.77,USD_PER_MT,1,v1.0,VALID,PROXY,hash_fr_003642,True
3643,FREIGHT_ID_SAMARINDA_PARADIP_SUPRA,2025-12-29 00:00:00,2025-12-29 18:00:00,10.14,USD_PER_MT,1,v1.0,VALID,PROXY,hash_fr_003643,True
3644,FREIGHT_ZA_RICHARDSBAY_PARADIP_PANAMAX,2025-12-29 00:00:00,2025-12-29 18:00:00,14.33,USD_PER_MT,1,v1.0,VALID,PROXY,hash_fr_003644,True
3645,FREIGHT_BR_TUBARAO_QINGDAO_CAPE,2025-12-29 00:00:00,2025-12-29 18:00:00,23.25,USD_PER_MT,1,v1.0,VALID,PROXY,hash_fr_003645,True
3646,FREIGHT_AU_HEDLAND_PARADIP_CAPE,2025-12-30 00:00:00,2025-12-30 18:00:00,12.79,USD_PER_MT,1,v1.0,VALID,PROXY,hash_fr_003646,True
3647,FREIGHT_AU_NEWCASTLE_PARADIP_PANAMAX,2025-12-30 00:00:00,2025-12-30 18:00:00,16.44,USD_PER_MT,1,v1.0,VALID,PROXY,hash_fr_003647,True
3648,FREIGHT_ID_SAMARINDA_PARADIP_SUPRA,2025-12-30 00:00:00,2025-12-30 18:00:00,9.81,USD_PER_MT,1,v1.0,VALID,PROXY,hash_fr_003648,True
3649,FREIGHT_ZA_RICHARDSBAY_PARADIP_PANAMAX,2025-12-30 00:00:00,2025-12-30 18:00:00,14.4,USD_PER_MT,1,v1.0,VALID,PROXY,hash_fr_003649,True
3650,FREIGHT_BR_TUBARAO_QINGDAO_CAPE,2025-12-30 00:00:00,2025-12-30 18:00:00,23.34,USD_PER_MT,1,v1.0,VALID,PROXY,hash_fr_003650,True
3651,FREIGHT_AU_HEDLAND_PARADIP_CAPE,2025-12-31 00:00:00,2025-12-31 18:00:00,12.89,USD_PER_MT,1,v1.0,VALID,PROXY,hash_fr_003651,True
3652,FREIGHT_AU_NEWCASTLE_PARADIP_PANAMAX,2025-12-31 00:00:00,2025-12-31 18:00:00,16.23,USD_PER_MT,1,v1.0,VALID,PROXY,hash_fr_003652,True
3653,FREIGHT_ID_SAMARINDA_PARADIP_SUPRA,2025-12-31 00:00:00,2025-12-31 18:00:00,9.92,USD_PER_MT,1,v1.0,VALID,PROXY,hash_fr_003653,True
3654,FREIGHT_ZA_RICHARDSBAY_PARADIP_PANAMAX,2025-12-31 00:00:00,2025-12-31 18:00:00,14.33,USD_PER_MT,1,v1.0,VALID,PROXY,hash_fr_003654,True
3655,FREIGHT_BR_TUBARAO_QINGDAO_CAPE,2025-12-31 00:00:00,2025-12-31 18:00:00,22.75,USD_PER_MT,1,v1.0,VALID,PROXY,hash_fr_003655,True
3656,FREIGHT_AU_HEDLAND_PARADIP_CAPE,2026-01-01 00:00:00,2026-01-01 18:00:00,12.72,USD_PER_MT,1,v1.0,VALID,PROXY,hash_fr_003656,True
3657,FREIGHT_AU_NEWCASTLE_PARADIP_PANAMAX,2026-01-01 00:00:00,2026-01-01 18:00:00,16.74,USD_PER_MT,1,v1.0,VALID,PROXY,hash_fr_003657,True
3658,FREIGHT_ID_SAMARINDA_PARADIP_SUPRA,2026-01-01 00:00:00,2026-01-01 18:00:00,9.98,USD_PER_MT,1,v1.0,VALID,PROXY,hash_fr_003658,True
3659,FREIGHT_ZA_RICHARDSBAY_PARADIP_PANAMAX,2026-01-01 00:00:00,2026-01-01 18:00:00,14.74,USD_PER_MT,1,v1.0,VALID,PROXY,hash_fr_003659,True
3660,FREIGHT_BR_TUBARAO_QINGDAO_CAPE,2026-01-01 00:00:00,2026-01-01 18:00:00,23.55,USD_PER_MT,1,v1.0,VALID,PROXY,hash_fr_003660,True
3661,FREIGHT_AU_HEDLAND_PARADIP_CAPE,2026-01-02 00:00:00,2026-01-02 18:00:00,12.26,USD_PER_MT,1,v1.0,VALID,PROXY,hash_fr_003661,True
3662,FREIGHT_AU_NEWCASTLE_PARADIP_PANAMAX,2026-01-02 00:00:00,2026-01-02 18:00:00,16.87,USD_PER_MT,1,v1.0,VALID,PROXY,hash_fr_003662,True
3663,FREIGHT_ID_SAMARINDA_PARADIP_SUPRA,2026-01-02 00:00:00,2026-01-02 18:00:00,10.25,USD_PER_MT,1,v1.0,VALID,PROXY,hash_fr_003663,True
3664,FREIGHT_ZA_RICHARDSBAY_PARADIP_PANAMAX,2026-01-02 00:00:00,2026-01-02 18:00:00,14.79,USD_PER_MT,1,v1.0,VALID,PROXY,hash_fr_003664,True
3665,FREIGHT_BR_TUBARAO_QINGDAO_CAPE,2026-01-02 00:00:00,2026-01-02 18:00:00,23.13,USD_PER_MT,1,v1.0,VALID,PROXY,hash_fr_003665,True
3666,FREIGHT_AU_HEDLAND_PARADIP_CAPE,2026-01-03 00:00:00,2026-01-03 18:00:00,12.81,USD_PER_MT,1,v1.0,VALID,PROXY,hash_fr_003666,True
3667,FREIGHT_AU_NEWCASTLE_PARADIP_PANAMAX,2026-01-03 00:00:00,2026-01-03 18:00:00,15.98,USD_PER_MT,1,v1.0,VALID,PROXY,hash_fr_003667,True
3668,FREIGHT_ID_SAMARINDA_PARADIP_SUPRA,2026-01-03 00:00:00,2026-01-03 18:00:00,10.02,USD_PER_MT,1,v1.0,VALID,PROXY,hash_fr_003668,True
3669,FREIGHT_ZA_RICHARDSBAY_PARADIP_PANAMAX,2026-01-03 00:00:00,2026-01-03 18:00:00,14.07,USD_PER_MT,1,v1.0,VALID,PROXY,hash_fr_003669,True
3670,FREIGHT_BR_TUBARAO_QINGDAO_CAPE,2026-01-03 00:00:00,2026-01-03 18:00:00,24.02,USD_PER_MT,1,v1.0,VALID,PROXY,hash_fr_003670,True
3671,FREIGHT_AU_HEDLAND_PARADIP_CAPE,2026-01-04 00:00:00,2026-01-04 18:00:00,12.99,USD_PER_MT,1,v1.0,VALID,PROXY,hash_fr_003671,True
3672,FREIGHT_AU_NEWCASTLE_PARADIP_PANAMAX,2026-01-04 00:00:00,2026-01-04 18:00:00,16.2,USD_PER_MT,1,v1.0,VALID,PROXY,hash_fr_003672,True
3673,FREIGHT_ID_SAMARINDA_PARADIP_SUPRA,2026-01-04 00:00:00,2026-01-04 18:00:00,9.89,USD_PER_MT,1,v1.0,VALID,PROXY,hash_fr_003673,True
3674,FREIGHT_ZA_RICHARDSBAY_PARADIP_PANAMAX,2026-01-04 00:00:00,2026-01-04 18:00:00,15.08,USD_PER_MT,1,v1.0,VALID,PROXY,hash_fr_003674,True
3675,FREIGHT_BR_TUBARAO_QINGDAO_CAPE,2026-01-04 00:00:00,2026-01-04 18:00:00,23.1,USD_PER_MT,1,v1.0,VALID,PROXY,hash_fr_003675,True
3676,FREIGHT_AU_HEDLAND_PARADIP_CAPE,2026-01-05 00:00:00,2026-01-05 18:00:00,13.22,USD_PER_MT,1,v1.0,VALID,PROXY,hash_fr_003676,True
3677,FREIGHT_AU_NEWCASTLE_PARADIP_PANAMAX,2026-01-05 00:00:00,2026-01-05 18:00:00,16.44,USD_PER_MT,1,v1.0,VALID,PROXY,hash_fr_003677,True
3678,FREIGHT_ID_SAMARINDA_PARADIP_SUPRA,2026-01-05 00:00:00,2026-01-05 18:00:00,10.38,USD_PER_MT,1,v1.0,VALID,PROXY,hash_fr_003678,True
3679,FREIGHT_ZA_RICHARDSBAY_PARADIP_PANAMAX,2026-01-05 00:00:00,2026-01-05 18:00:00,14.72,USD_PER_MT,1,v1.0,VALID,PROXY,hash_fr_003679,True
3680,FREIGHT_BR_TUBARAO_QINGDAO_CAPE,2026-01-05 00:00:00,2026-01-05 18:00:00,23.85,USD_PER_MT,1,v1.0,VALID,PROXY,hash_fr_003680,True
3681,FREIGHT_AU_HEDLAND_PARADIP_CAPE,2026-01-06 00:00:00,2026-01-06 18:00:00,13.33,USD_PER_MT,1,v1.0,VALID,PROXY,hash_fr_003681,True
3682,FREIGHT_AU_NEWCASTLE_PARADIP_PANAMAX,2026-01-06 00:00:00,2026-01-06 18:00:00,16.1,USD_PER_MT,1,v1.0,VALID,PROXY,hash_fr_003682,True
3683,FREIGHT_ID_SAMARINDA_PARADIP_SUPRA,2026-01-06 00:00:00,2026-01-06 18:00:00,10.39,USD_PER_MT,1,v1.0,VALID,PROXY,hash_fr_003683,True
3684,FREIGHT_ZA_RICHARDSBAY_PARADIP_PANAMAX,2026-01-06 00:00:00,2026-01-06 18:00:00,14.86,USD_PER_MT,1,v1.0,VALID,PROXY,hash_fr_003684,True
3685,FREIGHT_BR_TUBARAO_QINGDAO_CAPE,2026-01-06 00:00:00,2026-01-06 18:00:00,24.27,USD_PER_MT,1,v1.0,VALID,PROXY,hash_fr_003685,True
3686,FREIGHT_AU_HEDLAND_PARADIP_CAPE,2026-01-07 00:00:00,2026-01-07 18:00:00,13.54,USD_PER_MT,1,v1.0,VALID,PROXY,hash_fr_003686,True
3687,FREIGHT_AU_NEWCASTLE_PARADIP_PANAMAX,2026-01-07 00:00:00,2026-01-07 18:00:00,15.96,USD_PER_MT,1,v1.0,VALID,PROXY,hash_fr_003687,True
3688,FREIGHT_ID_SAMARINDA_PARADIP_SUPRA,2026-01-07 00:00:00,2026-01-07 18:00:00,10.8,USD_PER_MT,1,v1.0,VALID,PROXY,hash_fr_003688,True
3689,FREIGHT_ZA_RICHARDSBAY_PARADIP_PANAMAX,2026-01-07 00:00:00,2026-01-07 18:00:00,15.07,USD_PER_MT,1,v1.0,VALID,PROXY,hash_fr_003689,True
3690,FREIGHT_BR_TUBARAO_QINGDAO_CAPE,2026-01-07 00:00:00,2026-01-07 18:00:00,22.99,USD_PER_MT,1,v1.0,VALID,PROXY,hash_fr_003690,True
3691,FREIGHT_AU_HEDLAND_PARADIP_CAPE,2026-01-08 00:00:00,2026-01-08 18:00:00,13.2,USD_PER_MT,1,v1.0,VALID,PROXY,hash_fr_003691,True
3692,FREIGHT_AU_NEWCASTLE_PARADIP_PANAMAX,2026-01-08 00:00:00,2026-01-08 18:00:00,16.0,USD_PER_MT,1,v1.0,VALID,PROXY,hash_fr_003692,True
3693,FREIGHT_ID_SAMARINDA_PARADIP_SUPRA,2026-01-08 00:00:00,2026-01-08 18:00:00,10.42,USD_PER_MT,1,v1.0,VALID,PROXY,hash_fr_003693,True
3694,FREIGHT_ZA_RICHARDSBAY_PARADIP_PANAMAX,2026-01-08 00:00:00,2026-01-08 18:00:00,14.97,USD_PER_MT,1,v1.0,VALID,PROXY,hash_fr_003694,True
3695,FREIGHT_BR_TUBARAO_QINGDAO_CAPE,2026-01-08 00:00:00,2026-01-08 18:00:00,23.34,USD_PER_MT,1,v1.0,VALID,PROXY,hash_fr_003695,True
3696,FREIGHT_AU_HEDLAND_PARADIP_CAPE,2026-01-09 00:00:00,2026-01-09 18:00:00,12.9,USD_PER_MT,1,v1.0,VALID,PROXY,hash_fr_003696,True
3697,FREIGHT_AU_NEWCASTLE_PARADIP_PANAMAX,2026-01-09 00:00:00,2026-01-09 18:00:00,16.41,USD_PER_MT,1,v1.0,VALID,PROXY,hash_fr_003697,True
3698,FREIGHT_ID_SAMARINDA_PARADIP_SUPRA,2026-01-09 00:00:00,2026-01-09 18:00:00,10.37,USD_PER_MT,1,v1.0,VALID,PROXY,hash_fr_003698,True
3699,FREIGHT_ZA_RICHARDSBAY_PARADIP_PANAMAX,2026-01-09 00:00:00,2026-01-09 18:00:00,14.6,USD_PER_MT,1,v1.0,VALID,PROXY,hash_fr_003699,True
3700,FREIGHT_BR_TUBARAO_QINGDAO_CAPE,2026-01-09 00:00:00,2026-01-09 18:00:00,22.39,USD_PER_MT,1,v1.0,VALID,PROXY,hash_fr_003700,True
3701,FREIGHT_AU_HEDLAND_PARADIP_CAPE,2026-01-10 00:00:00,2026-01-10 18:00:00,12.69,USD_PER_MT,1,v1.0,VALID,PROXY,hash_fr_003701,True
3702,FREIGHT_AU_NEWCASTLE_PARADIP_PANAMAX,2026-01-10 00:00:00,2026-01-10 18:00:00,16.42,USD_PER_MT,1,v1.0,VALID,PROXY,hash_fr_003702,True
3703,FREIGHT_ID_SAMARINDA_PARADIP_SUPRA,2026-01-10 00:00:00,2026-01-10 18:00:00,10.32,USD_PER_MT,1,v1.0,VALID,PROXY,hash_fr_003703,True
3704,FREIGHT_ZA_RICHARDSBAY_PARADIP_PANAMAX,2026-01-10 00:00:00,2026-01-10 18:00:00,14.78,USD_PER_MT,1,v1.0,VALID,PROXY,hash_fr_003704,True
3705,FREIGHT_BR_TUBARAO_QINGDAO_CAPE,2026-01-10 00:00:00,2026-01-10 18:00:00,23.19,USD_PER_MT,1,v1.0,VALID,PROXY,hash_fr_003705,True
3706,FREIGHT_AU_HEDLAND_PARADIP_CAPE,2026-01-11 00:00:00,2026-01-11 18:00:00,12.71,USD_PER_MT,1,v1.0,VALID,PROXY,hash_fr_003706,True
3707,FREIGHT_AU_NEWCASTLE_PARADIP_PANAMAX,2026-01-11 00:00:00,2026-01-11 18:00:00,15.75,USD_PER_MT,1,v1.0,VALID,PROXY,hash_fr_003707,True
3708,FREIGHT_ID_SAMARINDA_PARADIP_SUPRA,2026-01-11 00:00:00,2026-01-11 18:00:00,10.51,USD_PER_MT,1,v1.0,VALID,PROXY,hash_fr_003708,True
3709,FREIGHT_ZA_RICHARDSBAY_PARADIP_PANAMAX,2026-01-11 00:00:00,2026-01-11 18:00:00,14.85,USD_PER_MT,1,v1.0,VALID,PROXY,hash_fr_003709,True
3710,FREIGHT_BR_TUBARAO_QINGDAO_CAPE,2026-01-11 00:00:00,2026-01-11 18:00:00,23.58,USD_PER_MT,1,v1.0,VALID,PROXY,hash_fr_003710,True
3711,FREIGHT_AU_HEDLAND_PARADIP_CAPE,2026-01-12 00:00:00,2026-01-12 18:00:00,12.77,USD_PER_MT,1,v1.0,VALID,PROXY,hash_fr_003711,True
3712,FREIGHT_AU_NEWCASTLE_PARADIP_PANAMAX,2026-01-12 00:00:00,2026-01-12 18:00:00,16.4,USD_PER_MT,1,v1.0,VALID,PROXY,hash_fr_003712,True
3713,FREIGHT_ID_SAMARINDA_PARADIP_SUPRA,2026-01-12 00:00:00,2026-01-12 18:00:00,9.99,USD_PER_MT,1,v1.0,VALID,PROXY,hash_fr_003713,True
3714,FREIGHT_ZA_RICHARDSBAY_PARADIP_PANAMAX,2026-01-12 00:00:00,2026-01-12 18:00:00,14.67,USD_PER_MT,1,v1.0,VALID,PROXY,hash_fr_003714,True
3715,FREIGHT_BR_TUBARAO_QINGDAO_CAPE,2026-01-12 00:00:00,2026-01-12 18:00:00,22.99,USD_PER_MT,1,v1.0,VALID,PROXY,hash_fr_003715,True
3716,FREIGHT_AU_HEDLAND_PARADIP_CAPE,2026-01-13 00:00:00,2026-01-13 18:00:00,13.03,USD_PER_MT,1,v1.0,VALID,PROXY,hash_fr_003716,True
3717,FREIGHT_AU_NEWCASTLE_PARADIP_PANAMAX,2026-01-13 00:00:00,2026-01-13 18:00:00,16.06,USD_PER_MT,1,v1.0,VALID,PROXY,hash_fr_003717,True
3718,FREIGHT_ID_SAMARINDA_PARADIP_SUPRA,2026-01-13 00:00:00,2026-01-13 18:00:00,10.3,USD_PER_MT,1,v1.0,VALID,PROXY,hash_fr_003718,True
3719,FREIGHT_ZA_RICHARDSBAY_PARADIP_PANAMAX,2026-01-13 00:00:00,2026-01-13 18:00:00,15.1,USD_PER_MT,1,v1.0,VALID,PROXY,hash_fr_003719,True
3720,FREIGHT_BR_TUBARAO_QINGDAO_CAPE,2026-01-13 00:00:00,2026-01-13 18:00:00,23.37,USD_PER_MT,1,v1.0,VALID,PROXY,hash_fr_003720,True
3721,FREIGHT_AU_HEDLAND_PARADIP_CAPE,2026-01-14 00:00:00,2026-01-14 18:00:00,12.96,USD_PER_MT,1,v1.0,VALID,PROXY,hash_fr_003721,True
3722,FREIGHT_AU_NEWCASTLE_PARADIP_PANAMAX,2026-01-14 00:00:00,2026-01-14 18:00:00,15.97,USD_PER_MT,1,v1.0,VALID,PROXY,hash_fr_003722,True
3723,FREIGHT_ID_SAMARINDA_PARADIP_SUPRA,2026-01-14 00:00:00,2026-01-14 18:00:00,9.97,USD_PER_MT,1,v1.0,VALID,PROXY,hash_fr_003723,True
3724,FREIGHT_ZA_RICHARDSBAY_PARADIP_PANAMAX,2026-01-14 00:00:00,2026-01-14 18:00:00,14.73,USD_PER_MT,1,v1.0,VALID,PROXY,hash_fr_003724,True
3725,FREIGHT_BR_TUBARAO_QINGDAO_CAPE,2026-01-14 00:00:00,2026-01-14 18:00:00,22.75,USD_PER_MT,1,v1.0,VALID,PROXY,hash_fr_003725,True
3726,FREIGHT_AU_HEDLAND_PARADIP_CAPE,2026-01-15 00:00:00,2026-01-15 18:00:00,12.07,USD_PER_MT,1,v1.0,VALID,PROXY,hash_fr_003726,True
3727,FREIGHT_AU_NEWCASTLE_PARADIP_PANAMAX,2026-01-15 00:00:00,2026-01-15 18:00:00,15.75,USD_PER_MT,1,v1.0,VALID,PROXY,hash_fr_003727,True
3728,FREIGHT_ID_SAMARINDA_PARADIP_SUPRA,2026-01-15 00:00:00,2026-01-15 18:00:00,9.87,USD_PER_MT,1,v1.0,VALID,PROXY,hash_fr_003728,True
3729,FREIGHT_ZA_RICHARDSBAY_PARADIP_PANAMAX,2026-01-15 00:00:00,2026-01-15 18:00:00,14.25,USD_PER_MT,1,v1.0,VALID,PROXY,hash_fr_003729,True
3730,FREIGHT_BR_TUBARAO_QINGDAO_CAPE,2026-01-15 00:00:00,2026-01-15 18:00:00,22.22,USD_PER_MT,1,v1.0,VALID,PROXY,hash_fr_003730,True
3731,FREIGHT_AU_HEDLAND_PARADIP_CAPE,2026-01-16 00:00:00,2026-01-16 18:00:00,11.82,USD_PER_MT,1,v1.0,VALID,PROXY,hash_fr_003731,True
3732,FREIGHT_AU_NEWCASTLE_PARADIP_PANAMAX,2026-01-16 00:00:00,2026-01-16 18:00:00,16.11,USD_PER_MT,1,v1.0,VALID,PROXY,hash_fr_003732,True
3733,FREIGHT_ID_SAMARINDA_PARADIP_SUPRA,2026-01-16 00:00:00,2026-01-16 18:00:00,9.68,USD_PER_MT,1,v1.0,VALID,PROXY,hash_fr_003733,True
3734,FREIGHT_ZA_RICHARDSBAY_PARADIP_PANAMAX,2026-01-16 00:00:00,2026-01-16 18:00:00,14.57,USD_PER_MT,1,v1.0,VALID,PROXY,hash_fr_003734,True
3735,FREIGHT_BR_TUBARAO_QINGDAO_CAPE,2026-01-16 00:00:00,2026-01-16 18:00:00,22.48,USD_PER_MT,1,v1.0,VALID,PROXY,hash_fr_003735,True
3736,FREIGHT_AU_HEDLAND_PARADIP_CAPE,2026-01-17 00:00:00,2026-01-17 18:00:00,12.84,USD_PER_MT,1,v1.0,VALID,PROXY,hash_fr_003736,True
3737,FREIGHT_AU_NEWCASTLE_PARADIP_PANAMAX,2026-01-17 00:00:00,2026-01-17 18:00:00,16.43,USD_PER_MT,1,v1.0,VALID,PROXY,hash_fr_003737,True
3738,FREIGHT_ID_SAMARINDA_PARADIP_SUPRA,2026-01-17 00:00:00,2026-01-17 18:00:00,9.59,USD_PER_MT,1,v1.0,VALID,PROXY,hash_fr_003738,True
3739,FREIGHT_ZA_RICHARDSBAY_PARADIP_PANAMAX,2026-01-17 00:00:00,2026-01-17 18:00:00,14.21,USD_PER_MT,1,v1.0,VALID,PROXY,hash_fr_003739,True
3740,FREIGHT_BR_TUBARAO_QINGDAO_CAPE,2026-01-17 00:00:00,2026-01-17 18:00:00,22.57,USD_PER_MT,1,v1.0,VALID,PROXY,hash_fr_003740,True
3741,FREIGHT_AU_HEDLAND_PARADIP_CAPE,2026-01-18 00:00:00,2026-01-18 18:00:00,12.06,USD_PER_MT,1,v1.0,VALID,PROXY,hash_fr_003741,True
3742,FREIGHT_AU_NEWCASTLE_PARADIP_PANAMAX,2026-01-18 00:00:00,2026-01-18 18:00:00,16.03,USD_PER_MT,1,v1.0,VALID,PROXY,hash_fr_003742,True
3743,FREIGHT_ID_SAMARINDA_PARADIP_SUPRA,2026-01-18 00:00:00,2026-01-18 18:00:00,10.25,USD_PER_MT,1,v1.0,VALID,PROXY,hash_fr_003743,True
3744,FREIGHT_ZA_RICHARDSBAY_PARADIP_PANAMAX,2026-01-18 00:00:00,2026-01-18 18:00:00,13.71,USD_PER_MT,1,v1.0,VALID,PROXY,hash_fr_003744,True
3745,FREIGHT_BR_TUBARAO_QINGDAO_CAPE,2026-01-18 00:00:00,2026-01-18 18:00:00,22.93,USD_PER_MT,1,v1.0,VALID,PROXY,hash_fr_003745,True
3746,FREIGHT_AU_HEDLAND_PARADIP_CAPE,2026-01-19 00:00:00,2026-01-19 18:00:00,12.51,USD_PER_MT,1,v1.0,VALID,PROXY,hash_fr_003746,True
3747,FREIGHT_AU_NEWCASTLE_PARADIP_PANAMAX,2026-01-19 00:00:00,2026-01-19 18:00:00,15.69,USD_PER_MT,1,v1.0,VALID,PROXY,hash_fr_003747,True
3748,FREIGHT_ID_SAMARINDA_PARADIP_SUPRA,2026-01-19 00:00:00,2026-01-19 18:00:00,9.18,USD_PER_MT,1,v1.0,VALID,PROXY,hash_fr_003748,True
3749,FREIGHT_ZA_RICHARDSBAY_PARADIP_PANAMAX,2026-01-19 00:00:00,2026-01-19 18:00:00,13.52,USD_PER_MT,1,v1.0,VALID,PROXY,hash_fr_003749,True
3750,FREIGHT_BR_TUBARAO_QINGDAO_CAPE,2026-01-19 00:00:00,2026-01-19 18:00:00,23.12,USD_PER_MT,1,v1.0,VALID,PROXY,hash_fr_003750,True
3751,FREIGHT_AU_HEDLAND_PARADIP_CAPE,2026-01-20 00:00:00,2026-01-20 18:00:00,12.59,USD_PER_MT,1,v1.0,VALID,PROXY,hash_fr_003751,True
3752,FREIGHT_AU_NEWCASTLE_PARADIP_PANAMAX,2026-01-20 00:00:00,2026-01-20 18:00:00,15.52,USD_PER_MT,1,v1.0,VALID,PROXY,hash_fr_003752,True
3753,FREIGHT_ID_SAMARINDA_PARADIP_SUPRA,2026-01-20 00:00:00,2026-01-20 18:00:00,9.44,USD_PER_MT,1,v1.0,VALID,PROXY,hash_fr_003753,True
3754,FREIGHT_ZA_RICHARDSBAY_PARADIP_PANAMAX,2026-01-20 00:00:00,2026-01-20 18:00:00,14.15,USD_PER_MT,1,v1.0,VALID,PROXY,hash_fr_003754,True
3755,FREIGHT_BR_TUBARAO_QINGDAO_CAPE,2026-01-20 00:00:00,2026-01-20 18:00:00,22.26,USD_PER_MT,1,v1.0,VALID,PROXY,hash_fr_003755,True
3756,FREIGHT_AU_HEDLAND_PARADIP_CAPE,2026-01-21 00:00:00,2026-01-21 18:00:00,11.97,USD_PER_MT,1,v1.0,VALID,PROXY,hash_fr_003756,True
3757,FREIGHT_AU_NEWCASTLE_PARADIP_PANAMAX,2026-01-21 00:00:00,2026-01-21 18:00:00,15.45,USD_PER_MT,1,v1.0,VALID,PROXY,hash_fr_003757,True
3758,FREIGHT_ID_SAMARINDA_PARADIP_SUPRA,2026-01-21 00:00:00,2026-01-21 18:00:00,9.45,USD_PER_MT,1,v1.0,VALID,PROXY,hash_fr_003758,True
3759,FREIGHT_ZA_RICHARDSBAY_PARADIP_PANAMAX,2026-01-21 00:00:00,2026-01-21 18:00:00,13.94,USD_PER_MT,1,v1.0,VALID,PROXY,hash_fr_003759,True
3760,FREIGHT_BR_TUBARAO_QINGDAO_CAPE,2026-01-21 00:00:00,2026-01-21 18:00:00,21.69,USD_PER_MT,1,v1.0,VALID,PROXY,hash_fr_003760,True
3761,FREIGHT_AU_HEDLAND_PARADIP_CAPE,2026-01-22 00:00:00,2026-01-22 18:00:00,12.33,USD_PER_MT,1,v1.0,VALID,PROXY,hash_fr_003761,True
3762,FREIGHT_AU_NEWCASTLE_PARADIP_PANAMAX,2026-01-22 00:00:00,2026-01-22 18:00:00,15.09,USD_PER_MT,1,v1.0,VALID,PROXY,hash_fr_003762,True
3763,FREIGHT_ID_SAMARINDA_PARADIP_SUPRA,2026-01-22 00:00:00,2026-01-22 18:00:00,9.62,USD_PER_MT,1,v1.0,VALID,PROXY,hash_fr_003763,True
3764,FREIGHT_ZA_RICHARDSBAY_PARADIP_PANAMAX,2026-01-22 00:00:00,2026-01-22 18:00:00,13.16,USD_PER_MT,1,v1.0,VALID,PROXY,hash_fr_003764,True
3765,FREIGHT_BR_TUBARAO_QINGDAO_CAPE,2026-01-22 00:00:00,2026-01-22 18:00:00,21.91,USD_PER_MT,1,v1.0,VALID,PROXY,hash_fr_003765,True
3766,FREIGHT_AU_HEDLAND_PARADIP_CAPE,2026-01-23 00:00:00,2026-01-23 18:00:00,11.7,USD_PER_MT,1,v1.0,VALID,PROXY,hash_fr_003766,True
3767,FREIGHT_AU_NEWCASTLE_PARADIP_PANAMAX,2026-01-23 00:00:00,2026-01-23 18:00:00,15.38,USD_PER_MT,1,v1.0,VALID,PROXY,hash_fr_003767,True
3768,FREIGHT_ID_SAMARINDA_PARADIP_SUPRA,2026-01-23 00:00:00,2026-01-23 18:00:00,9.17,USD_PER_MT,1,v1.0,VALID,PROXY,hash_fr_003768,True
3769,FREIGHT_ZA_RICHARDSBAY_PARADIP_PANAMAX,2026-01-23 00:00:00,2026-01-23 18:00:00,14.15,USD_PER_MT,1,v1.0,VALID,PROXY,hash_fr_003769,True
3770,FREIGHT_BR_TUBARAO_QINGDAO_CAPE,2026-01-23 00:00:00,2026-01-23 18:00:00,21.09,USD_PER_MT,1,v1.0,VALID,PROXY,hash_fr_003770,True
3771,FREIGHT_AU_HEDLAND_PARADIP_CAPE,2026-01-24 00:00:00,2026-01-24 18:00:00,12.08,USD_PER_MT,1,v1.0,VALID,PROXY,hash_fr_003771,True
3772,FREIGHT_AU_NEWCASTLE_PARADIP_PANAMAX,2026-01-24 00:00:00,2026-01-24 18:00:00,14.76,USD_PER_MT,1,v1.0,VALID,PROXY,hash_fr_003772,True
3773,FREIGHT_ID_SAMARINDA_PARADIP_SUPRA,2026-01-24 00:00:00,2026-01-24 18:00:00,8.83,USD_PER_MT,1,v1.0,VALID,PROXY,hash_fr_003773,True
3774,FREIGHT_ZA_RICHARDSBAY_PARADIP_PANAMAX,2026-01-24 00:00:00,2026-01-24 18:00:00,12.92,USD_PER_MT,1,v1.0,VALID,PROXY,hash_fr_003774,True
3775,FREIGHT_BR_TUBARAO_QINGDAO_CAPE,2026-01-24 00:00:00,2026-01-24 18:00:00,21.8,USD_PER_MT,1,v1.0,VALID,PROXY,hash_fr_003775,True
3776,FREIGHT_AU_HEDLAND_PARADIP_CAPE,2026-01-25 00:00:00,2026-01-25 18:00:00,12.44,USD_PER_MT,1,v1.0,VALID,PROXY,hash_fr_003776,True
3777,FREIGHT_AU_NEWCASTLE_PARADIP_PANAMAX,2026-01-25 00:00:00,2026-01-25 18:00:00,15.0,USD_PER_MT,1,v1.0,VALID,PROXY,hash_fr_003777,True
3778,FREIGHT_ID_SAMARINDA_PARADIP_SUPRA,2026-01-25 00:00:00,2026-01-25 18:00:00,9.3,USD_PER_MT,1,v1.0,VALID,PROXY,hash_fr_003778,True
3779,FREIGHT_ZA_RICHARDSBAY_PARADIP_PANAMAX,2026-01-25 00:00:00,2026-01-25 18:00:00,13.32,USD_PER_MT,1,v1.0,VALID,PROXY,hash_fr_003779,True
3780,FREIGHT_BR_TUBARAO_QINGDAO_CAPE,2026-01-25 00:00:00,2026-01-25 18:00:00,22.59,USD_PER_MT,1,v1.0,VALID,PROXY,hash_fr_003780,True
3781,FREIGHT_AU_HEDLAND_PARADIP_CAPE,2026-01-26 00:00:00,2026-01-26 18:00:00,12.09,USD_PER_MT,1,v1.0,VALID,PROXY,hash_fr_003781,True
3782,FREIGHT_AU_NEWCASTLE_PARADIP_PANAMAX,2026-01-26 00:00:00,2026-01-26 18:00:00,15.45,USD_PER_MT,1,v1.0,VALID,PROXY,hash_fr_003782,True
3783,FREIGHT_ID_SAMARINDA_PARADIP_SUPRA,2026-01-26 00:00:00,2026-01-26 18:00:00,9.12,USD_PER_MT,1,v1.0,VALID,PROXY,hash_fr_003783,True
3784,FREIGHT_ZA_RICHARDSBAY_PARADIP_PANAMAX,2026-01-26 00:00:00,2026-01-26 18:00:00,13.26,USD_PER_MT,1,v1.0,VALID,PROXY,hash_fr_003784,True
3785,FREIGHT_BR_TUBARAO_QINGDAO_CAPE,2026-01-26 00:00:00,2026-01-26 18:00:00,20.94,USD_PER_MT,1,v1.0,VALID,PROXY,hash_fr_003785,True
3786,FREIGHT_AU_HEDLAND_PARADIP_CAPE,2026-01-27 00:00:00,2026-01-27 18:00:00,11.74,USD_PER_MT,1,v1.0,VALID,PROXY,hash_fr_003786,True
3787,FREIGHT_AU_NEWCASTLE_PARADIP_PANAMAX,2026-01-27 00:00:00,2026-01-27 18:00:00,14.99,USD_PER_MT,1,v1.0,VALID,PROXY,hash_fr_003787,True
3788,FREIGHT_ID_SAMARINDA_PARADIP_SUPRA,2026-01-27 00:00:00,2026-01-27 18:00:00,8.96,USD_PER_MT,1,v1.0,VALID,PROXY,hash_fr_003788,True
3789,FREIGHT_ZA_RICHARDSBAY_PARADIP_PANAMAX,2026-01-27 00:00:00,2026-01-27 18:00:00,13.62,USD_PER_MT,1,v1.0,VALID,PROXY,hash_fr_003789,True
3790,FREIGHT_BR_TUBARAO_QINGDAO_CAPE,2026-01-27 00:00:00,2026-01-27 18:00:00,20.35,USD_PER_MT,1,v1.0,VALID,PROXY,hash_fr_003790,True
3791,FREIGHT_AU_HEDLAND_PARADIP_CAPE,2026-01-28 00:00:00,2026-01-28 18:00:00,11.82,USD_PER_MT,1,v1.0,VALID,PROXY,hash_fr_003791,True
3792,FREIGHT_AU_NEWCASTLE_PARADIP_PANAMAX,2026-01-28 00:00:00,2026-01-28 18:00:00,14.79,USD_PER_MT,1,v1.0,VALID,PROXY,hash_fr_003792,True
3793,FREIGHT_ID_SAMARINDA_PARADIP_SUPRA,2026-01-28 00:00:00,2026-01-28 18:00:00,9.43,USD_PER_MT,1,v1.0,VALID,PROXY,hash_fr_003793,True
3794,FREIGHT_ZA_RICHARDSBAY_PARADIP_PANAMAX,2026-01-28 00:00:00,2026-01-28 18:00:00,12.95,USD_PER_MT,1,v1.0,VALID,PROXY,hash_fr_003794,True
3795,FREIGHT_BR_TUBARAO_QINGDAO_CAPE,2026-01-28 00:00:00,2026-01-28 18:00:00,20.78,USD_PER_MT,1,v1.0,VALID,PROXY,hash_fr_003795,True
3796,FREIGHT_AU_HEDLAND_PARADIP_CAPE,2026-01-29 00:00:00,2026-01-29 18:00:00,11.64,USD_PER_MT,1,v1.0,VALID,PROXY,hash_fr_003796,True
3797,FREIGHT_AU_NEWCASTLE_PARADIP_PANAMAX,2026-01-29 00:00:00,2026-01-29 18:00:00,14.85,USD_PER_MT,1,v1.0,VALID,PROXY,hash_fr_003797,True
3798,FREIGHT_ID_SAMARINDA_PARADIP_SUPRA,2026-01-29 00:00:00,2026-01-29 18:00:00,9.48,USD_PER_MT,1,v1.0,VALID,PROXY,hash_fr_003798,True
3799,FREIGHT_ZA_RICHARDSBAY_PARADIP_PANAMAX,2026-01-29 00:00:00,2026-01-29 18:00:00,12.91,USD_PER_MT,1,v1.0,VALID,PROXY,hash_fr_003799,True
3800,FREIGHT_BR_TUBARAO_QINGDAO_CAPE,2026-01-29 00:00:00,2026-01-29 18:00:00,20.67,USD_PER_MT,1,v1.0,VALID,PROXY,hash_fr_003800,True
3801,FREIGHT_AU_HEDLAND_PARADIP_CAPE,2026-01-30 00:00:00,2026-01-30 18:00:00,12.17,USD_PER_MT,1,v1.0,VALID,PROXY,hash_fr_003801,True
3802,FREIGHT_AU_NEWCASTLE_PARADIP_PANAMAX,2026-01-30 00:00:00,2026-01-30 18:00:00,15.22,USD_PER_MT,1,v1.0,VALID,PROXY,hash_fr_003802,True
3803,FREIGHT_ID_SAMARINDA_PARADIP_SUPRA,2026-01-30 00:00:00,2026-01-30 18:00:00,9.41,USD_PER_MT,1,v1.0,VALID,PROXY,hash_fr_003803,True
3804,FREIGHT_ZA_RICHARDSBAY_PARADIP_PANAMAX,2026-01-30 00:00:00,2026-01-30 18:00:00,13.04,USD_PER_MT,1,v1.0,VALID,PROXY,hash_fr_003804,True
3805,FREIGHT_BR_TUBARAO_QINGDAO_CAPE,2026-01-30 00:00:00,2026-01-30 18:00:00,21.13,USD_PER_MT,1,v1.0,VALID,PROXY,hash_fr_003805,True
3806,FREIGHT_AU_HEDLAND_PARADIP_CAPE,2026-01-31 00:00:00,2026-01-31 18:00:00,11.97,USD_PER_MT,1,v1.0,VALID,PROXY,hash_fr_003806,True
3807,FREIGHT_AU_NEWCASTLE_PARADIP_PANAMAX,2026-01-31 00:00:00,2026-01-31 18:00:00,14.55,USD_PER_MT,1,v1.0,VALID,PROXY,hash_fr_003807,True
3808,FREIGHT_ID_SAMARINDA_PARADIP_SUPRA,2026-01-31 00:00:00,2026-01-31 18:00:00,9.21,USD_PER_MT,1,v1.0,VALID,PROXY,hash_fr_003808,True
3809,FREIGHT_ZA_RICHARDSBAY_PARADIP_PANAMAX,2026-01-31 00:00:00,2026-01-31 18:00:00,12.78,USD_PER_MT,1,v1.0,VALID,PROXY,hash_fr_003809,True
3810,FREIGHT_BR_TUBARAO_QINGDAO_CAPE,2026-01-31 00:00:00,2026-01-31 18:00:00,20.8,USD_PER_MT,1,v1.0,VALID,PROXY,hash_fr_003810,True
3811,FREIGHT_AU_HEDLAND_PARADIP_CAPE,2026-02-01 00:00:00,2026-02-01 18:00:00,12.18,USD_PER_MT,1,v1.0,VALID,PROXY,hash_fr_003811,True
3812,FREIGHT_AU_NEWCASTLE_PARADIP_PANAMAX,2026-02-01 00:00:00,2026-02-01 18:00:00,14.65,USD_PER_MT,1,v1.0,VALID,PROXY,hash_fr_003812,True
3813,FREIGHT_ID_SAMARINDA_PARADIP_SUPRA,2026-02-01 00:00:00,2026-02-01 18:00:00,9.4,USD_PER_MT,1,v1.0,VALID,PROXY,hash_fr_003813,True
3814,FREIGHT_ZA_RICHARDSBAY_PARADIP_PANAMAX,2026-02-01 00:00:00,2026-02-01 18:00:00,13.43,USD_PER_MT,1,v1.0,VALID,PROXY,hash_fr_003814,True
3815,FREIGHT_BR_TUBARAO_QINGDAO_CAPE,2026-02-01 00:00:00,2026-02-01 18:00:00,20.33,USD_PER_MT,1,v1.0,VALID,PROXY,hash_fr_003815,True
3816,FREIGHT_AU_HEDLAND_PARADIP_CAPE,2026-02-02 00:00:00,2026-02-02 18:00:00,11.5,USD_PER_MT,1,v1.0,VALID,PROXY,hash_fr_003816,True
3817,FREIGHT_AU_NEWCASTLE_PARADIP_PANAMAX,2026-02-02 00:00:00,2026-02-02 18:00:00,14.5,USD_PER_MT,1,v1.0,VALID,PROXY,hash_fr_003817,True
3818,FREIGHT_ID_SAMARINDA_PARADIP_SUPRA,2026-02-02 00:00:00,2026-02-02 18:00:00,9.31,USD_PER_MT,1,v1.0,VALID,PROXY,hash_fr_003818,True
3819,FREIGHT_ZA_RICHARDSBAY_PARADIP_PANAMAX,2026-02-02 00:00:00,2026-02-02 18:00:00,13.32,USD_PER_MT,1,v1.0,VALID,PROXY,hash_fr_003819,True
3820,FREIGHT_BR_TUBARAO_QINGDAO_CAPE,2026-02-02 00:00:00,2026-02-02 18:00:00,20.89,USD_PER_MT,1,v1.0,VALID,PROXY,hash_fr_003820,True
3821,FREIGHT_AU_HEDLAND_PARADIP_CAPE,2026-02-03 00:00:00,2026-02-03 18:00:00,11.07,USD_PER_MT,1,v1.0,VALID,PROXY,hash_fr_003821,True
3822,FREIGHT_AU_NEWCASTLE_PARADIP_PANAMAX,2026-02-03 00:00:00,2026-02-03 18:00:00,15.59,USD_PER_MT,1,v1.0,VALID,PROXY,hash_fr_003822,True
3823,FREIGHT_ID_SAMARINDA_PARADIP_SUPRA,2026-02-03 00:00:00,2026-02-03 18:00:00,9.07,USD_PER_MT,1,v1.0,VALID,PROXY,hash_fr_003823,True
3824,FREIGHT_ZA_RICHARDSBAY_PARADIP_PANAMAX,2026-02-03 00:00:00,2026-02-03 18:00:00,12.88,USD_PER_MT,1,v1.0,VALID,PROXY,hash_fr_003824,True
3825,FREIGHT_BR_TUBARAO_QINGDAO_CAPE,2026-02-03 00:00:00,2026-02-03 18:00:00,21.25,USD_PER_MT,1,v1.0,VALID,PROXY,hash_fr_003825,True
3826,FREIGHT_AU_HEDLAND_PARADIP_CAPE,2026-02-04 00:00:00,2026-02-04 18:00:00,11.86,USD_PER_MT,1,v1.0,VALID,PROXY,hash_fr_003826,True
3827,FREIGHT_AU_NEWCASTLE_PARADIP_PANAMAX,2026-02-04 00:00:00,2026-02-04 18:00:00,14.13,USD_PER_MT,1,v1.0,VALID,PROXY,hash_fr_003827,True
3828,FREIGHT_ID_SAMARINDA_PARADIP_SUPRA,2026-02-04 00:00:00,2026-02-04 18:00:00,9.44,USD_PER_MT,1,v1.0,VALID,PROXY,hash_fr_003828,True
3829,FREIGHT_ZA_RICHARDSBAY_PARADIP_PANAMAX,2026-02-04 00:00:00,2026-02-04 18:00:00,13.09,USD_PER_MT,1,v1.0,VALID,PROXY,hash_fr_003829,True
3830,FREIGHT_BR_TUBARAO_QINGDAO_CAPE,2026-02-04 00:00:00,2026-02-04 18:00:00,20.15,USD_PER_MT,1,v1.0,VALID,PROXY,hash_fr_003830,True
3831,FREIGHT_AU_HEDLAND_PARADIP_CAPE,2026-02-05 00:00:00,2026-02-05 18:00:00,11.83,USD_PER_MT,1,v1.0,VALID,PROXY,hash_fr_003831,True
3832,FREIGHT_AU_NEWCASTLE_PARADIP_PANAMAX,2026-02-05 00:00:00,2026-02-05 18:00:00,14.48,USD_PER_MT,1,v1.0,VALID,PROXY,hash_fr_003832,True
3833,FREIGHT_ID_SAMARINDA_PARADIP_SUPRA,2026-02-05 00:00:00,2026-02-05 18:00:00,9.34,USD_PER_MT,1,v1.0,VALID,PROXY,hash_fr_003833,True
3834,FREIGHT_ZA_RICHARDSBAY_PARADIP_PANAMAX,2026-02-05 00:00:00,2026-02-05 18:00:00,13.59,USD_PER_MT,1,v1.0,VALID,PROXY,hash_fr_003834,True
3835,FREIGHT_BR_TUBARAO_QINGDAO_CAPE,2026-02-05 00:00:00,2026-02-05 18:00:00,21.58,USD_PER_MT,1,v1.0,VALID,PROXY,hash_fr_003835,True
3836,FREIGHT_AU_HEDLAND_PARADIP_CAPE,2026-02-06 00:00:00,2026-02-06 18:00:00,11.29,USD_PER_MT,1,v1.0,VALID,PROXY,hash_fr_003836,True
3837,FREIGHT_AU_NEWCASTLE_PARADIP_PANAMAX,2026-02-06 00:00:00,2026-02-06 18:00:00,15.51,USD_PER_MT,1,v1.0,VALID,PROXY,hash_fr_003837,True
3838,FREIGHT_ID_SAMARINDA_PARADIP_SUPRA,2026-02-06 00:00:00,2026-02-06 18:00:00,9.36,USD_PER_MT,1,v1.0,VALID,PROXY,hash_fr_003838,True
3839,FREIGHT_ZA_RICHARDSBAY_PARADIP_PANAMAX,2026-02-06 00:00:00,2026-02-06 18:00:00,13.15,USD_PER_MT,1,v1.0,VALID,PROXY,hash_fr_003839,True
3840,FREIGHT_BR_TUBARAO_QINGDAO_CAPE,2026-02-06 00:00:00,2026-02-06 18:00:00,21.79,USD_PER_MT,1,v1.0,VALID,PROXY,hash_fr_003840,True
3841,FREIGHT_AU_HEDLAND_PARADIP_CAPE,2026-02-07 00:00:00,2026-02-07 18:00:00,12.0,USD_PER_MT,1,v1.0,VALID,PROXY,hash_fr_003841,True
3842,FREIGHT_AU_NEWCASTLE_PARADIP_PANAMAX,2026-02-07 00:00:00,2026-02-07 18:00:00,14.96,USD_PER_MT,1,v1.0,VALID,PROXY,hash_fr_003842,True
3843,FREIGHT_ID_SAMARINDA_PARADIP_SUPRA,2026-02-07 00:00:00,2026-02-07 18:00:00,9.26,USD_PER_MT,1,v1.0,VALID,PROXY,hash_fr_003843,True
3844,FREIGHT_ZA_RICHARDSBAY_PARADIP_PANAMAX,2026-02-07 00:00:00,2026-02-07 18:00:00,13.71,USD_PER_MT,1,v1.0,VALID,PROXY,hash_fr_003844,True
3845,FREIGHT_BR_TUBARAO_QINGDAO_CAPE,2026-02-07 00:00:00,2026-02-07 18:00:00,21.56,USD_PER_MT,1,v1.0,VALID,PROXY,hash_fr_003845,True
3846,FREIGHT_AU_HEDLAND_PARADIP_CAPE,2026-02-08 00:00:00,2026-02-08 18:00:00,11.71,USD_PER_MT,1,v1.0,VALID,PROXY,hash_fr_003846,True
3847,FREIGHT_AU_NEWCASTLE_PARADIP_PANAMAX,2026-02-08 00:00:00,2026-02-08 18:00:00,14.65,USD_PER_MT,1,v1.0,VALID,PROXY,hash_fr_003847,True
3848,FREIGHT_ID_SAMARINDA_PARADIP_SUPRA,2026-02-08 00:00:00,2026-02-08 18:00:00,8.94,USD_PER_MT,1,v1.0,VALID,PROXY,hash_fr_003848,True
3849,FREIGHT_ZA_RICHARDSBAY_PARADIP_PANAMAX,2026-02-08 00:00:00,2026-02-08 18:00:00,13.55,USD_PER_MT,1,v1.0,VALID,PROXY,hash_fr_003849,True
3850,FREIGHT_BR_TUBARAO_QINGDAO_CAPE,2026-02-08 00:00:00,2026-02-08 18:00:00,20.78,USD_PER_MT,1,v1.0,VALID,PROXY,hash_fr_003850,True
3851,FREIGHT_AU_HEDLAND_PARADIP_CAPE,2026-02-09 00:00:00,2026-02-09 18:00:00,12.17,USD_PER_MT,1,v1.0,VALID,PROXY,hash_fr_003851,True
3852,FREIGHT_AU_NEWCASTLE_PARADIP_PANAMAX,2026-02-09 00:00:00,2026-02-09 18:00:00,14.96,USD_PER_MT,1,v1.0,VALID,PROXY,hash_fr_003852,True
3853,FREIGHT_ID_SAMARINDA_PARADIP_SUPRA,2026-02-09 00:00:00,2026-02-09 18:00:00,9.17,USD_PER_MT,1,v1.0,VALID,PROXY,hash_fr_003853,True
3854,FREIGHT_ZA_RICHARDSBAY_PARADIP_PANAMAX,2026-02-09 00:00:00,2026-02-09 18:00:00,13.69,USD_PER_MT,1,v1.0,VALID,PROXY,hash_fr_003854,True
3855,FREIGHT_BR_TUBARAO_QINGDAO_CAPE,2026-02-09 00:00:00,2026-02-09 18:00:00,22.85,USD_PER_MT,1,v1.0,VALID,PROXY,hash_fr_003855,True
3856,FREIGHT_AU_HEDLAND_PARADIP_CAPE,2026-02-10 00:00:00,2026-02-10 18:00:00,12.58,USD_PER_MT,1,v1.0,VALID,PROXY,hash_fr_003856,True
3857,FREIGHT_AU_NEWCASTLE_PARADIP_PANAMAX,2026-02-10 00:00:00,2026-02-10 18:00:00,15.58,USD_PER_MT,1,v1.0,VALID,PROXY,hash_fr_003857,True
3858,FREIGHT_ID_SAMARINDA_PARADIP_SUPRA,2026-02-10 00:00:00,2026-02-10 18:00:00,9.77,USD_PER_MT,1,v1.0,VALID,PROXY,hash_fr_003858,True
3859,FREIGHT_ZA_RICHARDSBAY_PARADIP_PANAMAX,2026-02-10 00:00:00,2026-02-10 18:00:00,13.45,USD_PER_MT,1,v1.0,VALID,PROXY,hash_fr_003859,True
3860,FREIGHT_BR_TUBARAO_QINGDAO_CAPE,2026-02-10 00:00:00,2026-02-10 18:00:00,21.24,USD_PER_MT,1,v1.0,VALID,PROXY,hash_fr_003860,True
3861,FREIGHT_AU_HEDLAND_PARADIP_CAPE,2026-02-11 00:00:00,2026-02-11 18:00:00,12.57,USD_PER_MT,1,v1.0,VALID,PROXY,hash_fr_003861,True
3862,FREIGHT_AU_NEWCASTLE_PARADIP_PANAMAX,2026-02-11 00:00:00,2026-02-11 18:00:00,16.03,USD_PER_MT,1,v1.0,VALID,PROXY,hash_fr_003862,True
3863,FREIGHT_ID_SAMARINDA_PARADIP_SUPRA,2026-02-11 00:00:00,2026-02-11 18:00:00,9.63,USD_PER_MT,1,v1.0,VALID,PROXY,hash_fr_003863,True
3864,FREIGHT_ZA_RICHARDSBAY_PARADIP_PANAMAX,2026-02-11 00:00:00,2026-02-11 18:00:00,13.96,USD_PER_MT,1,v1.0,VALID,PROXY,hash_fr_003864,True
3865,FREIGHT_BR_TUBARAO_QINGDAO_CAPE,2026-02-11 00:00:00,2026-02-11 18:00:00,21.33,USD_PER_MT,1,v1.0,VALID,PROXY,hash_fr_003865,True
3866,FREIGHT_AU_HEDLAND_PARADIP_CAPE,2026-02-12 00:00:00,2026-02-12 18:00:00,12.59,USD_PER_MT,1,v1.0,VALID,PROXY,hash_fr_003866,True
3867,FREIGHT_AU_NEWCASTLE_PARADIP_PANAMAX,2026-02-12 00:00:00,2026-02-12 18:00:00,16.27,USD_PER_MT,1,v1.0,VALID,PROXY,hash_fr_003867,True
3868,FREIGHT_ID_SAMARINDA_PARADIP_SUPRA,2026-02-12 00:00:00,2026-02-12 18:00:00,9.67,USD_PER_MT,1,v1.0,VALID,PROXY,hash_fr_003868,True
3869,FREIGHT_ZA_RICHARDSBAY_PARADIP_PANAMAX,2026-02-12 00:00:00,2026-02-12 18:00:00,13.82,USD_PER_MT,1,v1.0,VALID,PROXY,hash_fr_003869,True
3870,FREIGHT_BR_TUBARAO_QINGDAO_CAPE,2026-02-12 00:00:00,2026-02-12 18:00:00,22.26,USD_PER_MT,1,v1.0,VALID,PROXY,hash_fr_003870,True
3871,FREIGHT_AU_HEDLAND_PARADIP_CAPE,2026-02-13 00:00:00,2026-02-13 18:00:00,12.83,USD_PER_MT,1,v1.0,VALID,PROXY,hash_fr_003871,True
3872,FREIGHT_AU_NEWCASTLE_PARADIP_PANAMAX,2026-02-13 00:00:00,2026-02-13 18:00:00,15.76,USD_PER_MT,1,v1.0,VALID,PROXY,hash_fr_003872,True
3873,FREIGHT_ID_SAMARINDA_PARADIP_SUPRA,2026-02-13 00:00:00,2026-02-13 18:00:00,10.33,USD_PER_MT,1,v1.0,VALID,PROXY,hash_fr_003873,True
3874,FREIGHT_ZA_RICHARDSBAY_PARADIP_PANAMAX,2026-02-13 00:00:00,2026-02-13 18:00:00,13.05,USD_PER_MT,1,v1.0,VALID,PROXY,hash_fr_003874,True
3875,FREIGHT_BR_TUBARAO_QINGDAO_CAPE,2026-02-13 00:00:00,2026-02-13 18:00:00,22.99,USD_PER_MT,1,v1.0,VALID,PROXY,hash_fr_003875,True
3876,FREIGHT_AU_HEDLAND_PARADIP_CAPE,2026-02-14 00:00:00,2026-02-14 18:00:00,12.4,USD_PER_MT,1,v1.0,VALID,PROXY,hash_fr_003876,True
3877,FREIGHT_AU_NEWCASTLE_PARADIP_PANAMAX,2026-02-14 00:00:00,2026-02-14 18:00:00,16.42,USD_PER_MT,1,v1.0,VALID,PROXY,hash_fr_003877,True
3878,FREIGHT_ID_SAMARINDA_PARADIP_SUPRA,2026-02-14 00:00:00,2026-02-14 18:00:00,10.11,USD_PER_MT,1,v1.0,VALID,PROXY,hash_fr_003878,True
3879,FREIGHT_ZA_RICHARDSBAY_PARADIP_PANAMAX,2026-02-14 00:00:00,2026-02-14 18:00:00,14.61,USD_PER_MT,1,v1.0,VALID,PROXY,hash_fr_003879,True
3880,FREIGHT_BR_TUBARAO_QINGDAO_CAPE,2026-02-14 00:00:00,2026-02-14 18:00:00,22.79,USD_PER_MT,1,v1.0,VALID,PROXY,hash_fr_003880,True
3881,FREIGHT_AU_HEDLAND_PARADIP_CAPE,2026-02-15 00:00:00,2026-02-15 18:00:00,13.24,USD_PER_MT,1,v1.0,VALID,PROXY,hash_fr_003881,True
3882,FREIGHT_AU_NEWCASTLE_PARADIP_PANAMAX,2026-02-15 00:00:00,2026-02-15 18:00:00,16.63,USD_PER_MT,1,v1.0,VALID,PROXY,hash_fr_003882,True
3883,FREIGHT_ID_SAMARINDA_PARADIP_SUPRA,2026-02-15 00:00:00,2026-02-15 18:00:00,10.57,USD_PER_MT,1,v1.0,VALID,PROXY,hash_fr_003883,True
3884,FREIGHT_ZA_RICHARDSBAY_PARADIP_PANAMAX,2026-02-15 00:00:00,2026-02-15 18:00:00,14.38,USD_PER_MT,1,v1.0,VALID,PROXY,hash_fr_003884,True
3885,FREIGHT_BR_TUBARAO_QINGDAO_CAPE,2026-02-15 00:00:00,2026-02-15 18:00:00,23.65,USD_PER_MT,1,v1.0,VALID,PROXY,hash_fr_003885,True
3886,FREIGHT_AU_HEDLAND_PARADIP_CAPE,2026-02-16 00:00:00,2026-02-16 18:00:00,12.91,USD_PER_MT,1,v1.0,VALID,PROXY,hash_fr_003886,True
3887,FREIGHT_AU_NEWCASTLE_PARADIP_PANAMAX,2026-02-16 00:00:00,2026-02-16 18:00:00,16.46,USD_PER_MT,1,v1.0,VALID,PROXY,hash_fr_003887,True
3888,FREIGHT_ID_SAMARINDA_PARADIP_SUPRA,2026-02-16 00:00:00,2026-02-16 18:00:00,10.52,USD_PER_MT,1,v1.0,VALID,PROXY,hash_fr_003888,True
3889,FREIGHT_ZA_RICHARDSBAY_PARADIP_PANAMAX,2026-02-16 00:00:00,2026-02-16 18:00:00,14.94,USD_PER_MT,1,v1.0,VALID,PROXY,hash_fr_003889,True
3890,FREIGHT_BR_TUBARAO_QINGDAO_CAPE,2026-02-16 00:00:00,2026-02-16 18:00:00,24.32,USD_PER_MT,1,v1.0,VALID,PROXY,hash_fr_003890,True
3891,FREIGHT_AU_HEDLAND_PARADIP_CAPE,2026-02-17 00:00:00,2026-02-17 18:00:00,12.88,USD_PER_MT,1,v1.0,VALID,PROXY,hash_fr_003891,True
3892,FREIGHT_AU_NEWCASTLE_PARADIP_PANAMAX,2026-02-17 00:00:00,2026-02-17 18:00:00,16.72,USD_PER_MT,1,v1.0,VALID,PROXY,hash_fr_003892,True
3893,FREIGHT_ID_SAMARINDA_PARADIP_SUPRA,2026-02-17 00:00:00,2026-02-17 18:00:00,10.61,USD_PER_MT,1,v1.0,VALID,PROXY,hash_fr_003893,True
3894,FREIGHT_ZA_RICHARDSBAY_PARADIP_PANAMAX,2026-02-17 00:00:00,2026-02-17 18:00:00,14.98,USD_PER_MT,1,v1.0,VALID,PROXY,hash_fr_003894,True
3895,FREIGHT_BR_TUBARAO_QINGDAO_CAPE,2026-02-17 00:00:00,2026-02-17 18:00:00,23.14,USD_PER_MT,1,v1.0,VALID,PROXY,hash_fr_003895,True
3896,FREIGHT_AU_HEDLAND_PARADIP_CAPE,2026-02-18 00:00:00,2026-02-18 18:00:00,13.3,USD_PER_MT,1,v1.0,VALID,PROXY,hash_fr_003896,True
3897,FREIGHT_AU_NEWCASTLE_PARADIP_PANAMAX,2026-02-18 00:00:00,2026-02-18 18:00:00,17.06,USD_PER_MT,1,v1.0,VALID,PROXY,hash_fr_003897,True
3898,FREIGHT_ID_SAMARINDA_PARADIP_SUPRA,2026-02-18 00:00:00,2026-02-18 18:00:00,10.71,USD_PER_MT,1,v1.0,VALID,PROXY,hash_fr_003898,True
3899,FREIGHT_ZA_RICHARDSBAY_PARADIP_PANAMAX,2026-02-18 00:00:00,2026-02-18 18:00:00,14.84,USD_PER_MT,1,v1.0,VALID,PROXY,hash_fr_003899,True
3900,FREIGHT_BR_TUBARAO_QINGDAO_CAPE,2026-02-18 00:00:00,2026-02-18 18:00:00,23.99,USD_PER_MT,1,v1.0,VALID,PROXY,hash_fr_003900,True
3901,FREIGHT_AU_HEDLAND_PARADIP_CAPE,2026-02-19 00:00:00,2026-02-19 18:00:00,13.16,USD_PER_MT,1,v1.0,VALID,PROXY,hash_fr_003901,True
3902,FREIGHT_AU_NEWCASTLE_PARADIP_PANAMAX,2026-02-19 00:00:00,2026-02-19 18:00:00,17.55,USD_PER_MT,1,v1.0,VALID,PROXY,hash_fr_003902,True
3903,FREIGHT_ID_SAMARINDA_PARADIP_SUPRA,2026-02-19 00:00:00,2026-02-19 18:00:00,10.6,USD_PER_MT,1,v1.0,VALID,PROXY,hash_fr_003903,True
3904,FREIGHT_ZA_RICHARDSBAY_PARADIP_PANAMAX,2026-02-19 00:00:00,2026-02-19 18:00:00,15.56,USD_PER_MT,1,v1.0,VALID,PROXY,hash_fr_003904,True
3905,FREIGHT_BR_TUBARAO_QINGDAO_CAPE,2026-02-19 00:00:00,2026-02-19 18:00:00,23.42,USD_PER_MT,1,v1.0,VALID,PROXY,hash_fr_003905,True
3906,FREIGHT_AU_HEDLAND_PARADIP_CAPE,2026-02-20 00:00:00,2026-02-20 18:00:00,13.47,USD_PER_MT,1,v1.0,VALID,PROXY,hash_fr_003906,True
3907,FREIGHT_AU_NEWCASTLE_PARADIP_PANAMAX,2026-02-20 00:00:00,2026-02-20 18:00:00,17.51,USD_PER_MT,1,v1.0,VALID,PROXY,hash_fr_003907,True
3908,FREIGHT_ID_SAMARINDA_PARADIP_SUPRA,2026-02-20 00:00:00,2026-02-20 18:00:00,11.24,USD_PER_MT,1,v1.0,VALID,PROXY,hash_fr_003908,True
3909,FREIGHT_ZA_RICHARDSBAY_PARADIP_PANAMAX,2026-02-20 00:00:00,2026-02-20 18:00:00,15.27,USD_PER_MT,1,v1.0,VALID,PROXY,hash_fr_003909,True
3910,FREIGHT_BR_TUBARAO_QINGDAO_CAPE,2026-02-20 00:00:00,2026-02-20 18:00:00,24.96,USD_PER_MT,1,v1.0,VALID,PROXY,hash_fr_003910,True
3911,FREIGHT_AU_HEDLAND_PARADIP_CAPE,2026-02-21 00:00:00,2026-02-21 18:00:00,14.14,USD_PER_MT,1,v1.0,VALID,PROXY,hash_fr_003911,True
3912,FREIGHT_AU_NEWCASTLE_PARADIP_PANAMAX,2026-02-21 00:00:00,2026-02-21 18:00:00,17.94,USD_PER_MT,1,v1.0,VALID,PROXY,hash_fr_003912,True
3913,FREIGHT_ID_SAMARINDA_PARADIP_SUPRA,2026-02-21 00:00:00,2026-02-21 18:00:00,10.99,USD_PER_MT,1,v1.0,VALID,PROXY,hash_fr_003913,True
3914,FREIGHT_ZA_RICHARDSBAY_PARADIP_PANAMAX,2026-02-21 00:00:00,2026-02-21 18:00:00,16.25,USD_PER_MT,1,v1.0,VALID,PROXY,hash_fr_003914,True
3915,FREIGHT_BR_TUBARAO_QINGDAO_CAPE,2026-02-21 00:00:00,2026-02-21 18:00:00,26.3,USD_PER_MT,1,v1.0,VALID,PROXY,hash_fr_003915,True
3916,FREIGHT_AU_HEDLAND_PARADIP_CAPE,2026-02-22 00:00:00,2026-02-22 18:00:00,13.55,USD_PER_MT,1,v1.0,VALID,PROXY,hash_fr_003916,True
3917,FREIGHT_AU_NEWCASTLE_PARADIP_PANAMAX,2026-02-22 00:00:00,2026-02-22 18:00:00,16.93,USD_PER_MT,1,v1.0,VALID,PROXY,hash_fr_003917,True
3918,FREIGHT_ID_SAMARINDA_PARADIP_SUPRA,2026-02-22 00:00:00,2026-02-22 18:00:00,11.3,USD_PER_MT,1,v1.0,VALID,PROXY,hash_fr_003918,True
3919,FREIGHT_ZA_RICHARDSBAY_PARADIP_PANAMAX,2026-02-22 00:00:00,2026-02-22 18:00:00,15.86,USD_PER_MT,1,v1.0,VALID,PROXY,hash_fr_003919,True
3920,FREIGHT_BR_TUBARAO_QINGDAO_CAPE,2026-02-22 00:00:00,2026-02-22 18:00:00,25.5,USD_PER_MT,1,v1.0,VALID,PROXY,hash_fr_003920,True
3921,FREIGHT_AU_HEDLAND_PARADIP_CAPE,2026-02-23 00:00:00,2026-02-23 18:00:00,14.26,USD_PER_MT,1,v1.0,VALID,PROXY,hash_fr_003921,True
3922,FREIGHT_AU_NEWCASTLE_PARADIP_PANAMAX,2026-02-23 00:00:00,2026-02-23 18:00:00,18.33,USD_PER_MT,1,v1.0,VALID,PROXY,hash_fr_003922,True
3923,FREIGHT_ID_SAMARINDA_PARADIP_SUPRA,2026-02-23 00:00:00,2026-02-23 18:00:00,11.6,USD_PER_MT,1,v1.0,VALID,PROXY,hash_fr_003923,True
3924,FREIGHT_ZA_RICHARDSBAY_PARADIP_PANAMAX,2026-02-23 00:00:00,2026-02-23 18:00:00,15.83,USD_PER_MT,1,v1.0,VALID,PROXY,hash_fr_003924,True
3925,FREIGHT_BR_TUBARAO_QINGDAO_CAPE,2026-02-23 00:00:00,2026-02-23 18:00:00,25.46,USD_PER_MT,1,v1.0,VALID,PROXY,hash_fr_003925,True
3926,FREIGHT_AU_HEDLAND_PARADIP_CAPE,2026-02-24 00:00:00,2026-02-24 18:00:00,13.7,USD_PER_MT,1,v1.0,VALID,PROXY,hash_fr_003926,True
3927,FREIGHT_AU_NEWCASTLE_PARADIP_PANAMAX,2026-02-24 00:00:00,2026-02-24 18:00:00,18.01,USD_PER_MT,1,v1.0,VALID,PROXY,hash_fr_003927,True
3928,FREIGHT_ID_SAMARINDA_PARADIP_SUPRA,2026-02-24 00:00:00,2026-02-24 18:00:00,11.07,USD_PER_MT,1,v1.0,VALID,PROXY,hash_fr_003928,True
3929,FREIGHT_ZA_RICHARDSBAY_PARADIP_PANAMAX,2026-02-24 00:00:00,2026-02-24 18:00:00,16.49,USD_PER_MT,1,v1.0,VALID,PROXY,hash_fr_003929,True
3930,FREIGHT_BR_TUBARAO_QINGDAO_CAPE,2026-02-24 00:00:00,2026-02-24 18:00:00,25.54,USD_PER_MT,1,v1.0,VALID,PROXY,hash_fr_003930,True
3931,FREIGHT_AU_HEDLAND_PARADIP_CAPE,2026-02-25 00:00:00,2026-02-25 18:00:00,14.99,USD_PER_MT,1,v1.0,VALID,PROXY,hash_fr_003931,True
3932,FREIGHT_AU_NEWCASTLE_PARADIP_PANAMAX,2026-02-25 00:00:00,2026-02-25 18:00:00,17.51,USD_PER_MT,1,v1.0,VALID,PROXY,hash_fr_003932,True
3933,FREIGHT_ID_SAMARINDA_PARADIP_SUPRA,2026-02-25 00:00:00,2026-02-25 18:00:00,11.71,USD_PER_MT,1,v1.0,VALID,PROXY,hash_fr_003933,True
3934,FREIGHT_ZA_RICHARDSBAY_PARADIP_PANAMAX,2026-02-25 00:00:00,2026-02-25 18:00:00,16.06,USD_PER_MT,1,v1.0,VALID,PROXY,hash_fr_003934,True
3935,FREIGHT_BR_TUBARAO_QINGDAO_CAPE,2026-02-25 00:00:00,2026-02-25 18:00:00,26.46,USD_PER_MT,1,v1.0,VALID,PROXY,hash_fr_003935,True
3936,FREIGHT_AU_HEDLAND_PARADIP_CAPE,2026-02-26 00:00:00,2026-02-26 18:00:00,14.51,USD_PER_MT,1,v1.0,VALID,PROXY,hash_fr_003936,True
3937,FREIGHT_AU_NEWCASTLE_PARADIP_PANAMAX,2026-02-26 00:00:00,2026-02-26 18:00:00,19.25,USD_PER_MT,1,v1.0,VALID,PROXY,hash_fr_003937,True
3938,FREIGHT_ID_SAMARINDA_PARADIP_SUPRA,2026-02-26 00:00:00,2026-02-26 18:00:00,11.46,USD_PER_MT,1,v1.0,VALID,PROXY,hash_fr_003938,True
3939,FREIGHT_ZA_RICHARDSBAY_PARADIP_PANAMAX,2026-02-26 00:00:00,2026-02-26 18:00:00,16.46,USD_PER_MT,1,v1.0,VALID,PROXY,hash_fr_003939,True
3940,FREIGHT_BR_TUBARAO_QINGDAO_CAPE,2026-02-26 00:00:00,2026-02-26 18:00:00,25.68,USD_PER_MT,1,v1.0,VALID,PROXY,hash_fr_003940,True
3941,FREIGHT_AU_HEDLAND_PARADIP_CAPE,2026-02-27 00:00:00,2026-02-27 18:00:00,14.76,USD_PER_MT,1,v1.0,VALID,PROXY,hash_fr_003941,True
3942,FREIGHT_AU_NEWCASTLE_PARADIP_PANAMAX,2026-02-27 00:00:00,2026-02-27 18:00:00,18.55,USD_PER_MT,1,v1.0,VALID,PROXY,hash_fr_003942,True
3943,FREIGHT_ID_SAMARINDA_PARADIP_SUPRA,2026-02-27 00:00:00,2026-02-27 18:00:00,11.45,USD_PER_MT,1,v1.0,VALID,PROXY,hash_fr_003943,True
3944,FREIGHT_ZA_RICHARDSBAY_PARADIP_PANAMAX,2026-02-27 00:00:00,2026-02-27 18:00:00,16.36,USD_PER_MT,1,v1.0,VALID,PROXY,hash_fr_003944,True
3945,FREIGHT_BR_TUBARAO_QINGDAO_CAPE,2026-02-27 00:00:00,2026-02-27 18:00:00,27.28,USD_PER_MT,1,v1.0,VALID,PROXY,hash_fr_003945,True
3946,FREIGHT_AU_HEDLAND_PARADIP_CAPE,2026-02-28 00:00:00,2026-02-28 18:00:00,14.43,USD_PER_MT,1,v1.0,VALID,PROXY,hash_fr_003946,True
3947,FREIGHT_AU_NEWCASTLE_PARADIP_PANAMAX,2026-02-28 00:00:00,2026-02-28 18:00:00,19.13,USD_PER_MT,1,v1.0,VALID,PROXY,hash_fr_003947,True
3948,FREIGHT_ID_SAMARINDA_PARADIP_SUPRA,2026-02-28 00:00:00,2026-02-28 18:00:00,11.67,USD_PER_MT,1,v1.0,VALID,PROXY,hash_fr_003948,True
3949,FREIGHT_ZA_RICHARDSBAY_PARADIP_PANAMAX,2026-02-28 00:00:00,2026-02-28 18:00:00,17.11,USD_PER_MT,1,v1.0,VALID,PROXY,hash_fr_003949,True
3950,FREIGHT_BR_TUBARAO_QINGDAO_CAPE,2026-02-28 00:00:00,2026-02-28 18:00:00,27.01,USD_PER_MT,1,v1.0,VALID,PROXY,hash_fr_003950,True
3951,FREIGHT_AU_HEDLAND_PARADIP_CAPE,2026-03-01 00:00:00,2026-03-01 18:00:00,14.96,USD_PER_MT,1,v1.0,VALID,PROXY,hash_fr_003951,True
3952,FREIGHT_AU_NEWCASTLE_PARADIP_PANAMAX,2026-03-01 00:00:00,2026-03-01 18:00:00,19.37,USD_PER_MT,1,v1.0,VALID,PROXY,hash_fr_003952,True
3953,FREIGHT_ID_SAMARINDA_PARADIP_SUPRA,2026-03-01 00:00:00,2026-03-01 18:00:00,12.14,USD_PER_MT,1,v1.0,VALID,PROXY,hash_fr_003953,True
3954,FREIGHT_ZA_RICHARDSBAY_PARADIP_PANAMAX,2026-03-01 00:00:00,2026-03-01 18:00:00,17.19,USD_PER_MT,1,v1.0,VALID,PROXY,hash_fr_003954,True
3955,FREIGHT_BR_TUBARAO_QINGDAO_CAPE,2026-03-01 00:00:00,2026-03-01 18:00:00,27.35,USD_PER_MT,1,v1.0,VALID,PROXY,hash_fr_003955,True
3956,FREIGHT_AU_HEDLAND_PARADIP_CAPE,2026-03-02 00:00:00,2026-03-02 18:00:00,15.17,USD_PER_MT,1,v1.0,VALID,PROXY,hash_fr_003956,True
3957,FREIGHT_AU_NEWCASTLE_PARADIP_PANAMAX,2026-03-02 00:00:00,2026-03-02 18:00:00,18.36,USD_PER_MT,1,v1.0,VALID,PROXY,hash_fr_003957,True
3958,FREIGHT_ID_SAMARINDA_PARADIP_SUPRA,2026-03-02 00:00:00,2026-03-02 18:00:00,12.05,USD_PER_MT,1,v1.0,VALID,PROXY,hash_fr_003958,True
3959,FREIGHT_ZA_RICHARDSBAY_PARADIP_PANAMAX,2026-03-02 00:00:00,2026-03-02 18:00:00,17.76,USD_PER_MT,1,v1.0,VALID,PROXY,hash_fr_003959,True
3960,FREIGHT_BR_TUBARAO_QINGDAO_CAPE,2026-03-02 00:00:00,2026-03-02 18:00:00,26.48,USD_PER_MT,1,v1.0,VALID,PROXY,hash_fr_003960,True
3961,FREIGHT_AU_HEDLAND_PARADIP_CAPE,2026-03-03 00:00:00,2026-03-03 18:00:00,14.68,USD_PER_MT,1,v1.0,VALID,PROXY,hash_fr_003961,True
3962,FREIGHT_AU_NEWCASTLE_PARADIP_PANAMAX,2026-03-03 00:00:00,2026-03-03 18:00:00,19.22,USD_PER_MT,1,v1.0,VALID,PROXY,hash_fr_003962,True
3963,FREIGHT_ID_SAMARINDA_PARADIP_SUPRA,2026-03-03 00:00:00,2026-03-03 18:00:00,12.14,USD_PER_MT,1,v1.0,VALID,PROXY,hash_fr_003963,True
3964,FREIGHT_ZA_RICHARDSBAY_PARADIP_PANAMAX,2026-03-03 00:00:00,2026-03-03 18:00:00,17.58,USD_PER_MT,1,v1.0,VALID,PROXY,hash_fr_003964,True
3965,FREIGHT_BR_TUBARAO_QINGDAO_CAPE,2026-03-03 00:00:00,2026-03-03 18:00:00,27.43,USD_PER_MT,1,v1.0,VALID,PROXY,hash_fr_003965,True
3966,FREIGHT_AU_HEDLAND_PARADIP_CAPE,2026-03-04 00:00:00,2026-03-04 18:00:00,15.16,USD_PER_MT,1,v1.0,VALID,PROXY,hash_fr_003966,True
3967,FREIGHT_AU_NEWCASTLE_PARADIP_PANAMAX,2026-03-04 00:00:00,2026-03-04 18:00:00,18.7,USD_PER_MT,1,v1.0,VALID,PROXY,hash_fr_003967,True
3968,FREIGHT_ID_SAMARINDA_PARADIP_SUPRA,2026-03-04 00:00:00,2026-03-04 18:00:00,12.06,USD_PER_MT,1,v1.0,VALID,PROXY,hash_fr_003968,True
3969,FREIGHT_ZA_RICHARDSBAY_PARADIP_PANAMAX,2026-03-04 00:00:00,2026-03-04 18:00:00,17.15,USD_PER_MT,1,v1.0,VALID,PROXY,hash_fr_003969,True
3970,FREIGHT_BR_TUBARAO_QINGDAO_CAPE,2026-03-04 00:00:00,2026-03-04 18:00:00,27.46,USD_PER_MT,1,v1.0,VALID,PROXY,hash_fr_003970,True
3971,FREIGHT_AU_HEDLAND_PARADIP_CAPE,2026-03-05 00:00:00,2026-03-05 18:00:00,15.1,USD_PER_MT,1,v1.0,VALID,PROXY,hash_fr_003971,True
3972,FREIGHT_AU_NEWCASTLE_PARADIP_PANAMAX,2026-03-05 00:00:00,2026-03-05 18:00:00,19.36,USD_PER_MT,1,v1.0,VALID,PROXY,hash_fr_003972,True
3973,FREIGHT_ID_SAMARINDA_PARADIP_SUPRA,2026-03-05 00:00:00,2026-03-05 18:00:00,12.13,USD_PER_MT,1,v1.0,VALID,PROXY,hash_fr_003973,True
3974,FREIGHT_ZA_RICHARDSBAY_PARADIP_PANAMAX,2026-03-05 00:00:00,2026-03-05 18:00:00,17.57,USD_PER_MT,1,v1.0,VALID,PROXY,hash_fr_003974,True
3975,FREIGHT_BR_TUBARAO_QINGDAO_CAPE,2026-03-05 00:00:00,2026-03-05 18:00:00,28.28,USD_PER_MT,1,v1.0,VALID,PROXY,hash_fr_003975,True
3976,FREIGHT_AU_HEDLAND_PARADIP_CAPE,2026-03-06 00:00:00,2026-03-06 18:00:00,15.48,USD_PER_MT,1,v1.0,VALID,PROXY,hash_fr_003976,True
3977,FREIGHT_AU_NEWCASTLE_PARADIP_PANAMAX,2026-03-06 00:00:00,2026-03-06 18:00:00,19.45,USD_PER_MT,1,v1.0,VALID,PROXY,hash_fr_003977,True
3978,FREIGHT_ID_SAMARINDA_PARADIP_SUPRA,2026-03-06 00:00:00,2026-03-06 18:00:00,12.74,USD_PER_MT,1,v1.0,VALID,PROXY,hash_fr_003978,True
3979,FREIGHT_ZA_RICHARDSBAY_PARADIP_PANAMAX,2026-03-06 00:00:00,2026-03-06 18:00:00,18.31,USD_PER_MT,1,v1.0,VALID,PROXY,hash_fr_003979,True
3980,FREIGHT_BR_TUBARAO_QINGDAO_CAPE,2026-03-06 00:00:00,2026-03-06 18:00:00,27.81,USD_PER_MT,1,v1.0,VALID,PROXY,hash_fr_003980,True
3981,FREIGHT_AU_HEDLAND_PARADIP_CAPE,2026-03-07 00:00:00,2026-03-07 18:00:00,15.76,USD_PER_MT,1,v1.0,VALID,PROXY,hash_fr_003981,True
3982,FREIGHT_AU_NEWCASTLE_PARADIP_PANAMAX,2026-03-07 00:00:00,2026-03-07 18:00:00,19.65,USD_PER_MT,1,v1.0,VALID,PROXY,hash_fr_003982,True
3983,FREIGHT_ID_SAMARINDA_PARADIP_SUPRA,2026-03-07 00:00:00,2026-03-07 18:00:00,12.44,USD_PER_MT,1,v1.0,VALID,PROXY,hash_fr_003983,True
3984,FREIGHT_ZA_RICHARDSBAY_PARADIP_PANAMAX,2026-03-07 00:00:00,2026-03-07 18:00:00,17.42,USD_PER_MT,1,v1.0,VALID,PROXY,hash_fr_003984,True
3985,FREIGHT_BR_TUBARAO_QINGDAO_CAPE,2026-03-07 00:00:00,2026-03-07 18:00:00,26.97,USD_PER_MT,1,v1.0,VALID,PROXY,hash_fr_003985,True
3986,FREIGHT_AU_HEDLAND_PARADIP_CAPE,2026-03-08 00:00:00,2026-03-08 18:00:00,15.39,USD_PER_MT,1,v1.0,VALID,PROXY,hash_fr_003986,True
3987,FREIGHT_AU_NEWCASTLE_PARADIP_PANAMAX,2026-03-08 00:00:00,2026-03-08 18:00:00,20.02,USD_PER_MT,1,v1.0,VALID,PROXY,hash_fr_003987,True
3988,FREIGHT_ID_SAMARINDA_PARADIP_SUPRA,2026-03-08 00:00:00,2026-03-08 18:00:00,11.49,USD_PER_MT,1,v1.0,VALID,PROXY,hash_fr_003988,True
3989,FREIGHT_ZA_RICHARDSBAY_PARADIP_PANAMAX,2026-03-08 00:00:00,2026-03-08 18:00:00,17.57,USD_PER_MT,1,v1.0,VALID,PROXY,hash_fr_003989,True
3990,FREIGHT_BR_TUBARAO_QINGDAO_CAPE,2026-03-08 00:00:00,2026-03-08 18:00:00,26.63,USD_PER_MT,1,v1.0,VALID,PROXY,hash_fr_003990,True
3991,FREIGHT_AU_HEDLAND_PARADIP_CAPE,2026-03-09 00:00:00,2026-03-09 18:00:00,15.8,USD_PER_MT,1,v1.0,VALID,PROXY,hash_fr_003991,True
3992,FREIGHT_AU_NEWCASTLE_PARADIP_PANAMAX,2026-03-09 00:00:00,2026-03-09 18:00:00,19.6,USD_PER_MT,1,v1.0,VALID,PROXY,hash_fr_003992,True
3993,FREIGHT_ID_SAMARINDA_PARADIP_SUPRA,2026-03-09 00:00:00,2026-03-09 18:00:00,12.28,USD_PER_MT,1,v1.0,VALID,PROXY,hash_fr_003993,True
3994,FREIGHT_ZA_RICHARDSBAY_PARADIP_PANAMAX,2026-03-09 00:00:00,2026-03-09 18:00:00,16.85,USD_PER_MT,1,v1.0,VALID,PROXY,hash_fr_003994,True
3995,FREIGHT_BR_TUBARAO_QINGDAO_CAPE,2026-03-09 00:00:00,2026-03-09 18:00:00,28.03,USD_PER_MT,1,v1.0,VALID,PROXY,hash_fr_003995,True
3996,FREIGHT_AU_HEDLAND_PARADIP_CAPE,2026-03-10 00:00:00,2026-03-10 18:00:00,14.91,USD_PER_MT,1,v1.0,VALID,PROXY,hash_fr_003996,True
3997,FREIGHT_AU_NEWCASTLE_PARADIP_PANAMAX,2026-03-10 00:00:00,2026-03-10 18:00:00,19.75,USD_PER_MT,1,v1.0,VALID,PROXY,hash_fr_003997,True
3998,FREIGHT_ID_SAMARINDA_PARADIP_SUPRA,2026-03-10 00:00:00,2026-03-10 18:00:00,12.38,USD_PER_MT,1,v1.0,VALID,PROXY,hash_fr_003998,True
3999,FREIGHT_ZA_RICHARDSBAY_PARADIP_PANAMAX,2026-03-10 00:00:00,2026-03-10 18:00:00,17.28,USD_PER_MT,1,v1.0,VALID,PROXY,hash_fr_003999,True
4000,FREIGHT_BR_TUBARAO_QINGDAO_CAPE,2026-03-10 00:00:00,2026-03-10 18:00:00,28.89,USD_PER_MT,1,v1.0,VALID,PROXY,hash_fr_004000,True
4001,FREIGHT_AU_HEDLAND_PARADIP_CAPE,2026-03-11 00:00:00,2026-03-11 18:00:00,15.82,USD_PER_MT,1,v1.0,VALID,PROXY,hash_fr_004001,True
4002,FREIGHT_AU_NEWCASTLE_PARADIP_PANAMAX,2026-03-11 00:00:00,2026-03-11 18:00:00,19.63,USD_PER_MT,1,v1.0,VALID,PROXY,hash_fr_004002,True
4003,FREIGHT_ID_SAMARINDA_PARADIP_SUPRA,2026-03-11 00:00:00,2026-03-11 18:00:00,12.15,USD_PER_MT,1,v1.0,VALID,PROXY,hash_fr_004003,True
4004,FREIGHT_ZA_RICHARDSBAY_PARADIP_PANAMAX,2026-03-11 00:00:00,2026-03-11 18:00:00,17.29,USD_PER_MT,1,v1.0,VALID,PROXY,hash_fr_004004,True
4005,FREIGHT_BR_TUBARAO_QINGDAO_CAPE,2026-03-11 00:00:00,2026-03-11 18:00:00,27.5,USD_PER_MT,1,v1.0,VALID,PROXY,hash_fr_004005,True
4006,FREIGHT_AU_HEDLAND_PARADIP_CAPE,2026-03-12 00:00:00,2026-03-12 18:00:00,15.64,USD_PER_MT,1,v1.0,VALID,PROXY,hash_fr_004006,True
4007,FREIGHT_AU_NEWCASTLE_PARADIP_PANAMAX,2026-03-12 00:00:00,2026-03-12 18:00:00,19.53,USD_PER_MT,1,v1.0,VALID,PROXY,hash_fr_004007,True
4008,FREIGHT_ID_SAMARINDA_PARADIP_SUPRA,2026-03-12 00:00:00,2026-03-12 18:00:00,12.32,USD_PER_MT,1,v1.0,VALID,PROXY,hash_fr_004008,True
4009,FREIGHT_ZA_RICHARDSBAY_PARADIP_PANAMAX,2026-03-12 00:00:00,2026-03-12 18:00:00,17.53,USD_PER_MT,1,v1.0,VALID,PROXY,hash_fr_004009,True
4010,FREIGHT_BR_TUBARAO_QINGDAO_CAPE,2026-03-12 00:00:00,2026-03-12 18:00:00,28.23,USD_PER_MT,1,v1.0,VALID,PROXY,hash_fr_004010,True
4011,FREIGHT_AU_HEDLAND_PARADIP_CAPE,2026-03-13 00:00:00,2026-03-13 18:00:00,15.22,USD_PER_MT,1,v1.0,VALID,PROXY,hash_fr_004011,True
4012,FREIGHT_AU_NEWCASTLE_PARADIP_PANAMAX,2026-03-13 00:00:00,2026-03-13 18:00:00,19.66,USD_PER_MT,1,v1.0,VALID,PROXY,hash_fr_004012,True
4013,FREIGHT_ID_SAMARINDA_PARADIP_SUPRA,2026-03-13 00:00:00,2026-03-13 18:00:00,12.16,USD_PER_MT,1,v1.0,VALID,PROXY,hash_fr_004013,True
4014,FREIGHT_ZA_RICHARDSBAY_PARADIP_PANAMAX,2026-03-13 00:00:00,2026-03-13 18:00:00,17.6,USD_PER_MT,1,v1.0,VALID,PROXY,hash_fr_004014,True
4015,FREIGHT_BR_TUBARAO_QINGDAO_CAPE,2026-03-13 00:00:00,2026-03-13 18:00:00,28.15,USD_PER_MT,1,v1.0,VALID,PROXY,hash_fr_004015,True
4016,FREIGHT_AU_HEDLAND_PARADIP_CAPE,2026-03-14 00:00:00,2026-03-14 18:00:00,15.47,USD_PER_MT,1,v1.0,VALID,PROXY,hash_fr_004016,True
4017,FREIGHT_AU_NEWCASTLE_PARADIP_PANAMAX,2026-03-14 00:00:00,2026-03-14 18:00:00,19.48,USD_PER_MT,1,v1.0,VALID,PROXY,hash_fr_004017,True
4018,FREIGHT_ID_SAMARINDA_PARADIP_SUPRA,2026-03-14 00:00:00,2026-03-14 18:00:00,12.12,USD_PER_MT,1,v1.0,VALID,PROXY,hash_fr_004018,True
4019,FREIGHT_ZA_RICHARDSBAY_PARADIP_PANAMAX,2026-03-14 00:00:00,2026-03-14 18:00:00,17.09,USD_PER_MT,1,v1.0,VALID,PROXY,hash_fr_004019,True
4020,FREIGHT_BR_TUBARAO_QINGDAO_CAPE,2026-03-14 00:00:00,2026-03-14 18:00:00,28.31,USD_PER_MT,1,v1.0,VALID,PROXY,hash_fr_004020,True
4021,FREIGHT_AU_HEDLAND_PARADIP_CAPE,2026-03-15 00:00:00,2026-03-15 18:00:00,15.62,USD_PER_MT,1,v1.0,VALID,PROXY,hash_fr_004021,True
4022,FREIGHT_AU_NEWCASTLE_PARADIP_PANAMAX,2026-03-15 00:00:00,2026-03-15 18:00:00,19.35,USD_PER_MT,1,v1.0,VALID,PROXY,hash_fr_004022,True
4023,FREIGHT_ID_SAMARINDA_PARADIP_SUPRA,2026-03-15 00:00:00,2026-03-15 18:00:00,12.19,USD_PER_MT,1,v1.0,VALID,PROXY,hash_fr_004023,True
4024,FREIGHT_ZA_RICHARDSBAY_PARADIP_PANAMAX,2026-03-15 00:00:00,2026-03-15 18:00:00,17.32,USD_PER_MT,1,v1.0,VALID,PROXY,hash_fr_004024,True
4025,FREIGHT_BR_TUBARAO_QINGDAO_CAPE,2026-03-15 00:00:00,2026-03-15 18:00:00,27.3,USD_PER_MT,1,v1.0,VALID,PROXY,hash_fr_004025,True
4026,FREIGHT_AU_HEDLAND_PARADIP_CAPE,2026-03-16 00:00:00,2026-03-16 18:00:00,15.17,USD_PER_MT,1,v1.0,VALID,PROXY,hash_fr_004026,True
4027,FREIGHT_AU_NEWCASTLE_PARADIP_PANAMAX,2026-03-16 00:00:00,2026-03-16 18:00:00,19.54,USD_PER_MT,1,v1.0,VALID,PROXY,hash_fr_004027,True
4028,FREIGHT_ID_SAMARINDA_PARADIP_SUPRA,2026-03-16 00:00:00,2026-03-16 18:00:00,12.6,USD_PER_MT,1,v1.0,VALID,PROXY,hash_fr_004028,True
4029,FREIGHT_ZA_RICHARDSBAY_PARADIP_PANAMAX,2026-03-16 00:00:00,2026-03-16 18:00:00,17.31,USD_PER_MT,1,v1.0,VALID,PROXY,hash_fr_004029,True
4030,FREIGHT_BR_TUBARAO_QINGDAO_CAPE,2026-03-16 00:00:00,2026-03-16 18:00:00,27.95,USD_PER_MT,1,v1.0,VALID,PROXY,hash_fr_004030,True
4031,FREIGHT_AU_HEDLAND_PARADIP_CAPE,2026-03-17 00:00:00,2026-03-17 18:00:00,15.78,USD_PER_MT,1,v1.0,VALID,PROXY,hash_fr_004031,True
4032,FREIGHT_AU_NEWCASTLE_PARADIP_PANAMAX,2026-03-17 00:00:00,2026-03-17 18:00:00,19.52,USD_PER_MT,1,v1.0,VALID,PROXY,hash_fr_004032,True
4033,FREIGHT_ID_SAMARINDA_PARADIP_SUPRA,2026-03-17 00:00:00,2026-03-17 18:00:00,11.99,USD_PER_MT,1,v1.0,VALID,PROXY,hash_fr_004033,True
4034,FREIGHT_ZA_RICHARDSBAY_PARADIP_PANAMAX,2026-03-17 00:00:00,2026-03-17 18:00:00,17.54,USD_PER_MT,1,v1.0,VALID,PROXY,hash_fr_004034,True
4035,FREIGHT_BR_TUBARAO_QINGDAO_CAPE,2026-03-17 00:00:00,2026-03-17 18:00:00,27.75,USD_PER_MT,1,v1.0,VALID,PROXY,hash_fr_004035,True
4036,FREIGHT_AU_HEDLAND_PARADIP_CAPE,2026-03-18 00:00:00,2026-03-18 18:00:00,15.49,USD_PER_MT,1,v1.0,VALID,PROXY,hash_fr_004036,True
4037,FREIGHT_AU_NEWCASTLE_PARADIP_PANAMAX,2026-03-18 00:00:00,2026-03-18 18:00:00,18.84,USD_PER_MT,1,v1.0,VALID,PROXY,hash_fr_004037,True
4038,FREIGHT_ID_SAMARINDA_PARADIP_SUPRA,2026-03-18 00:00:00,2026-03-18 18:00:00,11.82,USD_PER_MT,1,v1.0,VALID,PROXY,hash_fr_004038,True
4039,FREIGHT_ZA_RICHARDSBAY_PARADIP_PANAMAX,2026-03-18 00:00:00,2026-03-18 18:00:00,17.57,USD_PER_MT,1,v1.0,VALID,PROXY,hash_fr_004039,True
4040,FREIGHT_BR_TUBARAO_QINGDAO_CAPE,2026-03-18 00:00:00,2026-03-18 18:00:00,26.79,USD_PER_MT,1,v1.0,VALID,PROXY,hash_fr_004040,True
4041,FREIGHT_AU_HEDLAND_PARADIP_CAPE,2026-03-19 00:00:00,2026-03-19 18:00:00,14.5,USD_PER_MT,1,v1.0,VALID,PROXY,hash_fr_004041,True
4042,FREIGHT_AU_NEWCASTLE_PARADIP_PANAMAX,2026-03-19 00:00:00,2026-03-19 18:00:00,19.54,USD_PER_MT,1,v1.0,VALID,PROXY,hash_fr_004042,True
4043,FREIGHT_ID_SAMARINDA_PARADIP_SUPRA,2026-03-19 00:00:00,2026-03-19 18:00:00,11.74,USD_PER_MT,1,v1.0,VALID,PROXY,hash_fr_004043,True
4044,FREIGHT_ZA_RICHARDSBAY_PARADIP_PANAMAX,2026-03-19 00:00:00,2026-03-19 18:00:00,16.56,USD_PER_MT,1,v1.0,VALID,PROXY,hash_fr_004044,True
4045,FREIGHT_BR_TUBARAO_QINGDAO_CAPE,2026-03-19 00:00:00,2026-03-19 18:00:00,27.69,USD_PER_MT,1,v1.0,VALID,PROXY,hash_fr_004045,True
4046,FREIGHT_AU_HEDLAND_PARADIP_CAPE,2026-03-20 00:00:00,2026-03-20 18:00:00,14.49,USD_PER_MT,1,v1.0,VALID,PROXY,hash_fr_004046,True
4047,FREIGHT_AU_NEWCASTLE_PARADIP_PANAMAX,2026-03-20 00:00:00,2026-03-20 18:00:00,19.05,USD_PER_MT,1,v1.0,VALID,PROXY,hash_fr_004047,True
4048,FREIGHT_ID_SAMARINDA_PARADIP_SUPRA,2026-03-20 00:00:00,2026-03-20 18:00:00,12.04,USD_PER_MT,1,v1.0,VALID,PROXY,hash_fr_004048,True
4049,FREIGHT_ZA_RICHARDSBAY_PARADIP_PANAMAX,2026-03-20 00:00:00,2026-03-20 18:00:00,16.74,USD_PER_MT,1,v1.0,VALID,PROXY,hash_fr_004049,True
4050,FREIGHT_BR_TUBARAO_QINGDAO_CAPE,2026-03-20 00:00:00,2026-03-20 18:00:00,27.63,USD_PER_MT,1,v1.0,VALID,PROXY,hash_fr_004050,True
4051,FREIGHT_AU_HEDLAND_PARADIP_CAPE,2026-03-21 00:00:00,2026-03-21 18:00:00,15.44,USD_PER_MT,1,v1.0,VALID,PROXY,hash_fr_004051,True
4052,FREIGHT_AU_NEWCASTLE_PARADIP_PANAMAX,2026-03-21 00:00:00,2026-03-21 18:00:00,18.67,USD_PER_MT,1,v1.0,VALID,PROXY,hash_fr_004052,True
4053,FREIGHT_ID_SAMARINDA_PARADIP_SUPRA,2026-03-21 00:00:00,2026-03-21 18:00:00,11.73,USD_PER_MT,1,v1.0,VALID,PROXY,hash_fr_004053,True
4054,FREIGHT_ZA_RICHARDSBAY_PARADIP_PANAMAX,2026-03-21 00:00:00,2026-03-21 18:00:00,17.13,USD_PER_MT,1,v1.0,VALID,PROXY,hash_fr_004054,True
4055,FREIGHT_BR_TUBARAO_QINGDAO_CAPE,2026-03-21 00:00:00,2026-03-21 18:00:00,26.84,USD_PER_MT,1,v1.0,VALID,PROXY,hash_fr_004055,True
4056,FREIGHT_AU_HEDLAND_PARADIP_CAPE,2026-03-22 00:00:00,2026-03-22 18:00:00,14.94,USD_PER_MT,1,v1.0,VALID,PROXY,hash_fr_004056,True
4057,FREIGHT_AU_NEWCASTLE_PARADIP_PANAMAX,2026-03-22 00:00:00,2026-03-22 18:00:00,19.47,USD_PER_MT,1,v1.0,VALID,PROXY,hash_fr_004057,True
4058,FREIGHT_ID_SAMARINDA_PARADIP_SUPRA,2026-03-22 00:00:00,2026-03-22 18:00:00,11.79,USD_PER_MT,1,v1.0,VALID,PROXY,hash_fr_004058,True
4059,FREIGHT_ZA_RICHARDSBAY_PARADIP_PANAMAX,2026-03-22 00:00:00,2026-03-22 18:00:00,16.82,USD_PER_MT,1,v1.0,VALID,PROXY,hash_fr_004059,True
4060,FREIGHT_BR_TUBARAO_QINGDAO_CAPE,2026-03-22 00:00:00,2026-03-22 18:00:00,27.4,USD_PER_MT,1,v1.0,VALID,PROXY,hash_fr_004060,True
4061,FREIGHT_AU_HEDLAND_PARADIP_CAPE,2026-03-23 00:00:00,2026-03-23 18:00:00,14.68,USD_PER_MT,1,v1.0,VALID,PROXY,hash_fr_004061,True
4062,FREIGHT_AU_NEWCASTLE_PARADIP_PANAMAX,2026-03-23 00:00:00,2026-03-23 18:00:00,18.71,USD_PER_MT,1,v1.0,VALID,PROXY,hash_fr_004062,True
4063,FREIGHT_ID_SAMARINDA_PARADIP_SUPRA,2026-03-23 00:00:00,2026-03-23 18:00:00,11.78,USD_PER_MT,1,v1.0,VALID,PROXY,hash_fr_004063,True
4064,FREIGHT_ZA_RICHARDSBAY_PARADIP_PANAMAX,2026-03-23 00:00:00,2026-03-23 18:00:00,16.79,USD_PER_MT,1,v1.0,VALID,PROXY,hash_fr_004064,True
4065,FREIGHT_BR_TUBARAO_QINGDAO_CAPE,2026-03-23 00:00:00,2026-03-23 18:00:00,27.68,USD_PER_MT,1,v1.0,VALID,PROXY,hash_fr_004065,True
4066,FREIGHT_AU_HEDLAND_PARADIP_CAPE,2026-03-24 00:00:00,2026-03-24 18:00:00,14.3,USD_PER_MT,1,v1.0,VALID,PROXY,hash_fr_004066,True
4067,FREIGHT_AU_NEWCASTLE_PARADIP_PANAMAX,2026-03-24 00:00:00,2026-03-24 18:00:00,18.38,USD_PER_MT,1,v1.0,VALID,PROXY,hash_fr_004067,True
4068,FREIGHT_ID_SAMARINDA_PARADIP_SUPRA,2026-03-24 00:00:00,2026-03-24 18:00:00,11.83,USD_PER_MT,1,v1.0,VALID,PROXY,hash_fr_004068,True
4069,FREIGHT_ZA_RICHARDSBAY_PARADIP_PANAMAX,2026-03-24 00:00:00,2026-03-24 18:00:00,16.65,USD_PER_MT,1,v1.0,VALID,PROXY,hash_fr_004069,True
4070,FREIGHT_BR_TUBARAO_QINGDAO_CAPE,2026-03-24 00:00:00,2026-03-24 18:00:00,26.78,USD_PER_MT,1,v1.0,VALID,PROXY,hash_fr_004070,True
4071,FREIGHT_AU_HEDLAND_PARADIP_CAPE,2026-03-25 00:00:00,2026-03-25 18:00:00,14.3,USD_PER_MT,1,v1.0,VALID,PROXY,hash_fr_004071,True
4072,FREIGHT_AU_NEWCASTLE_PARADIP_PANAMAX,2026-03-25 00:00:00,2026-03-25 18:00:00,18.31,USD_PER_MT,1,v1.0,VALID,PROXY,hash_fr_004072,True
4073,FREIGHT_ID_SAMARINDA_PARADIP_SUPRA,2026-03-25 00:00:00,2026-03-25 18:00:00,11.87,USD_PER_MT,1,v1.0,VALID,PROXY,hash_fr_004073,True
4074,FREIGHT_ZA_RICHARDSBAY_PARADIP_PANAMAX,2026-03-25 00:00:00,2026-03-25 18:00:00,16.25,USD_PER_MT,1,v1.0,VALID,PROXY,hash_fr_004074,True
4075,FREIGHT_BR_TUBARAO_QINGDAO_CAPE,2026-03-25 00:00:00,2026-03-25 18:00:00,26.23,USD_PER_MT,1,v1.0,VALID,PROXY,hash_fr_004075,True
4076,FREIGHT_AU_HEDLAND_PARADIP_CAPE,2026-03-26 00:00:00,2026-03-26 18:00:00,14.1,USD_PER_MT,1,v1.0,VALID,PROXY,hash_fr_004076,True
4077,FREIGHT_AU_NEWCASTLE_PARADIP_PANAMAX,2026-03-26 00:00:00,2026-03-26 18:00:00,18.92,USD_PER_MT,1,v1.0,VALID,PROXY,hash_fr_004077,True
4078,FREIGHT_ID_SAMARINDA_PARADIP_SUPRA,2026-03-26 00:00:00,2026-03-26 18:00:00,11.89,USD_PER_MT,1,v1.0,VALID,PROXY,hash_fr_004078,True
4079,FREIGHT_ZA_RICHARDSBAY_PARADIP_PANAMAX,2026-03-26 00:00:00,2026-03-26 18:00:00,16.51,USD_PER_MT,1,v1.0,VALID,PROXY,hash_fr_004079,True
4080,FREIGHT_BR_TUBARAO_QINGDAO_CAPE,2026-03-26 00:00:00,2026-03-26 18:00:00,27.11,USD_PER_MT,1,v1.0,VALID,PROXY,hash_fr_004080,True
4081,FREIGHT_AU_HEDLAND_PARADIP_CAPE,2026-03-27 00:00:00,2026-03-27 18:00:00,15.07,USD_PER_MT,1,v1.0,VALID,PROXY,hash_fr_004081,True
4082,FREIGHT_AU_NEWCASTLE_PARADIP_PANAMAX,2026-03-27 00:00:00,2026-03-27 18:00:00,18.65,USD_PER_MT,1,v1.0,VALID,PROXY,hash_fr_004082,True
4083,FREIGHT_ID_SAMARINDA_PARADIP_SUPRA,2026-03-27 00:00:00,2026-03-27 18:00:00,11.58,USD_PER_MT,1,v1.0,VALID,PROXY,hash_fr_004083,True
4084,FREIGHT_ZA_RICHARDSBAY_PARADIP_PANAMAX,2026-03-27 00:00:00,2026-03-27 18:00:00,16.23,USD_PER_MT,1,v1.0,VALID,PROXY,hash_fr_004084,True
4085,FREIGHT_BR_TUBARAO_QINGDAO_CAPE,2026-03-27 00:00:00,2026-03-27 18:00:00,26.16,USD_PER_MT,1,v1.0,VALID,PROXY,hash_fr_004085,True
4086,FREIGHT_AU_HEDLAND_PARADIP_CAPE,2026-03-28 00:00:00,2026-03-28 18:00:00,14.22,USD_PER_MT,1,v1.0,VALID,PROXY,hash_fr_004086,True
4087,FREIGHT_AU_NEWCASTLE_PARADIP_PANAMAX,2026-03-28 00:00:00,2026-03-28 18:00:00,18.35,USD_PER_MT,1,v1.0,VALID,PROXY,hash_fr_004087,True
4088,FREIGHT_ID_SAMARINDA_PARADIP_SUPRA,2026-03-28 00:00:00,2026-03-28 18:00:00,11.66,USD_PER_MT,1,v1.0,VALID,PROXY,hash_fr_004088,True
4089,FREIGHT_ZA_RICHARDSBAY_PARADIP_PANAMAX,2026-03-28 00:00:00,2026-03-28 18:00:00,16.25,USD_PER_MT,1,v1.0,VALID,PROXY,hash_fr_004089,True
4090,FREIGHT_BR_TUBARAO_QINGDAO_CAPE,2026-03-28 00:00:00,2026-03-28 18:00:00,26.07,USD_PER_MT,1,v1.0,VALID,PROXY,hash_fr_004090,True
4091,FREIGHT_AU_HEDLAND_PARADIP_CAPE,2026-03-29 00:00:00,2026-03-29 18:00:00,14.27,USD_PER_MT,1,v1.0,VALID,PROXY,hash_fr_004091,True
4092,FREIGHT_AU_NEWCASTLE_PARADIP_PANAMAX,2026-03-29 00:00:00,2026-03-29 18:00:00,18.56,USD_PER_MT,1,v1.0,VALID,PROXY,hash_fr_004092,True
4093,FREIGHT_ID_SAMARINDA_PARADIP_SUPRA,2026-03-29 00:00:00,2026-03-29 18:00:00,11.33,USD_PER_MT,1,v1.0,VALID,PROXY,hash_fr_004093,True
4094,FREIGHT_ZA_RICHARDSBAY_PARADIP_PANAMAX,2026-03-29 00:00:00,2026-03-29 18:00:00,16.41,USD_PER_MT,1,v1.0,VALID,PROXY,hash_fr_004094,True
4095,FREIGHT_BR_TUBARAO_QINGDAO_CAPE,2026-03-29 00:00:00,2026-03-29 18:00:00,26.0,USD_PER_MT,1,v1.0,VALID,PROXY,hash_fr_004095,True
4096,FREIGHT_AU_HEDLAND_PARADIP_CAPE,2026-03-30 00:00:00,2026-03-30 18:00:00,14.38,USD_PER_MT,1,v1.0,VALID,PROXY,hash_fr_004096,True
4097,FREIGHT_AU_NEWCASTLE_PARADIP_PANAMAX,2026-03-30 00:00:00,2026-03-30 18:00:00,18.27,USD_PER_MT,1,v1.0,VALID,PROXY,hash_fr_004097,True
4098,FREIGHT_ID_SAMARINDA_PARADIP_SUPRA,2026-03-30 00:00:00,2026-03-30 18:00:00,11.54,USD_PER_MT,1,v1.0,VALID,PROXY,hash_fr_004098,True
4099,FREIGHT_ZA_RICHARDSBAY_PARADIP_PANAMAX,2026-03-30 00:00:00,2026-03-30 18:00:00,16.56,USD_PER_MT,1,v1.0,VALID,PROXY,hash_fr_004099,True
4100,FREIGHT_BR_TUBARAO_QINGDAO_CAPE,2026-03-30 00:00:00,2026-03-30 18:00:00,26.37,USD_PER_MT,1,v1.0,VALID,PROXY,hash_fr_004100,True
4101,FREIGHT_AU_HEDLAND_PARADIP_CAPE,2026-03-31 00:00:00,2026-03-31 18:00:00,14.57,USD_PER_MT,1,v1.0,VALID,PROXY,hash_fr_004101,True
4102,FREIGHT_AU_NEWCASTLE_PARADIP_PANAMAX,2026-03-31 00:00:00,2026-03-31 18:00:00,17.92,USD_PER_MT,1,v1.0,VALID,PROXY,hash_fr_004102,True
4103,FREIGHT_ID_SAMARINDA_PARADIP_SUPRA,2026-03-31 00:00:00,2026-03-31 18:00:00,11.47,USD_PER_MT,1,v1.0,VALID,PROXY,hash_fr_004103,True
4104,FREIGHT_ZA_RICHARDSBAY_PARADIP_PANAMAX,2026-03-31 00:00:00,2026-03-31 18:00:00,16.74,USD_PER_MT,1,v1.0,VALID,PROXY,hash_fr_004104,True
4105,FREIGHT_BR_TUBARAO_QINGDAO_CAPE,2026-03-31 00:00:00,2026-03-31 18:00:00,26.2,USD_PER_MT,1,v1.0,VALID,PROXY,hash_fr_004105,True
4106,FREIGHT_AU_HEDLAND_PARADIP_CAPE,2026-04-01 00:00:00,2026-04-01 18:00:00,14.76,USD_PER_MT,1,v1.0,VALID,PROXY,hash_fr_004106,True
4107,FREIGHT_AU_NEWCASTLE_PARADIP_PANAMAX,2026-04-01 00:00:00,2026-04-01 18:00:00,17.57,USD_PER_MT,1,v1.0,VALID,PROXY,hash_fr_004107,True
4108,FREIGHT_ID_SAMARINDA_PARADIP_SUPRA,2026-04-01 00:00:00,2026-04-01 18:00:00,11.46,USD_PER_MT,1,v1.0,VALID,PROXY,hash_fr_004108,True
4109,FREIGHT_ZA_RICHARDSBAY_PARADIP_PANAMAX,2026-04-01 00:00:00,2026-04-01 18:00:00,16.54,USD_PER_MT,1,v1.0,VALID,PROXY,hash_fr_004109,True
4110,FREIGHT_BR_TUBARAO_QINGDAO_CAPE,2026-04-01 00:00:00,2026-04-01 18:00:00,25.85,USD_PER_MT,1,v1.0,VALID,PROXY,hash_fr_004110,True
4111,FREIGHT_AU_HEDLAND_PARADIP_CAPE,2026-04-02 00:00:00,2026-04-02 18:00:00,14.03,USD_PER_MT,1,v1.0,VALID,PROXY,hash_fr_004111,True
4112,FREIGHT_AU_NEWCASTLE_PARADIP_PANAMAX,2026-04-02 00:00:00,2026-04-02 18:00:00,18.6,USD_PER_MT,1,v1.0,VALID,PROXY,hash_fr_004112,True
4113,FREIGHT_ID_SAMARINDA_PARADIP_SUPRA,2026-04-02 00:00:00,2026-04-02 18:00:00,11.51,USD_PER_MT,1,v1.0,VALID,PROXY,hash_fr_004113,True
4114,FREIGHT_ZA_RICHARDSBAY_PARADIP_PANAMAX,2026-04-02 00:00:00,2026-04-02 18:00:00,15.98,USD_PER_MT,1,v1.0,VALID,PROXY,hash_fr_004114,True
4115,FREIGHT_BR_TUBARAO_QINGDAO_CAPE,2026-04-02 00:00:00,2026-04-02 18:00:00,25.76,USD_PER_MT,1,v1.0,VALID,PROXY,hash_fr_004115,True
4116,FREIGHT_AU_HEDLAND_PARADIP_CAPE,2026-04-03 00:00:00,2026-04-03 18:00:00,14.17,USD_PER_MT,1,v1.0,VALID,PROXY,hash_fr_004116,True
4117,FREIGHT_AU_NEWCASTLE_PARADIP_PANAMAX,2026-04-03 00:00:00,2026-04-03 18:00:00,18.82,USD_PER_MT,1,v1.0,VALID,PROXY,hash_fr_004117,True
4118,FREIGHT_ID_SAMARINDA_PARADIP_SUPRA,2026-04-03 00:00:00,2026-04-03 18:00:00,11.35,USD_PER_MT,1,v1.0,VALID,PROXY,hash_fr_004118,True
4119,FREIGHT_ZA_RICHARDSBAY_PARADIP_PANAMAX,2026-04-03 00:00:00,2026-04-03 18:00:00,15.9,USD_PER_MT,1,v1.0,VALID,PROXY,hash_fr_004119,True
4120,FREIGHT_BR_TUBARAO_QINGDAO_CAPE,2026-04-03 00:00:00,2026-04-03 18:00:00,26.36,USD_PER_MT,1,v1.0,VALID,PROXY,hash_fr_004120,True
4121,FREIGHT_AU_HEDLAND_PARADIP_CAPE,2026-04-04 00:00:00,2026-04-04 18:00:00,14.4,USD_PER_MT,1,v1.0,VALID,PROXY,hash_fr_004121,True
4122,FREIGHT_AU_NEWCASTLE_PARADIP_PANAMAX,2026-04-04 00:00:00,2026-04-04 18:00:00,18.16,USD_PER_MT,1,v1.0,VALID,PROXY,hash_fr_004122,True
4123,FREIGHT_ID_SAMARINDA_PARADIP_SUPRA,2026-04-04 00:00:00,2026-04-04 18:00:00,12.07,USD_PER_MT,1,v1.0,VALID,PROXY,hash_fr_004123,True
4124,FREIGHT_ZA_RICHARDSBAY_PARADIP_PANAMAX,2026-04-04 00:00:00,2026-04-04 18:00:00,16.87,USD_PER_MT,1,v1.0,VALID,PROXY,hash_fr_004124,True
4125,FREIGHT_BR_TUBARAO_QINGDAO_CAPE,2026-04-04 00:00:00,2026-04-04 18:00:00,26.28,USD_PER_MT,1,v1.0,VALID,PROXY,hash_fr_004125,True
4126,FREIGHT_AU_HEDLAND_PARADIP_CAPE,2026-04-05 00:00:00,2026-04-05 18:00:00,14.95,USD_PER_MT,1,v1.0,VALID,PROXY,hash_fr_004126,True
4127,FREIGHT_AU_NEWCASTLE_PARADIP_PANAMAX,2026-04-05 00:00:00,2026-04-05 18:00:00,18.09,USD_PER_MT,1,v1.0,VALID,PROXY,hash_fr_004127,True
4128,FREIGHT_ID_SAMARINDA_PARADIP_SUPRA,2026-04-05 00:00:00,2026-04-05 18:00:00,11.03,USD_PER_MT,1,v1.0,VALID,PROXY,hash_fr_004128,True
4129,FREIGHT_ZA_RICHARDSBAY_PARADIP_PANAMAX,2026-04-05 00:00:00,2026-04-05 18:00:00,16.43,USD_PER_MT,1,v1.0,VALID,PROXY,hash_fr_004129,True
4130,FREIGHT_BR_TUBARAO_QINGDAO_CAPE,2026-04-05 00:00:00,2026-04-05 18:00:00,26.43,USD_PER_MT,1,v1.0,VALID,PROXY,hash_fr_004130,True
4131,FREIGHT_AU_HEDLAND_PARADIP_CAPE,2026-04-06 00:00:00,2026-04-06 18:00:00,13.95,USD_PER_MT,1,v1.0,VALID,PROXY,hash_fr_004131,True
4132,FREIGHT_AU_NEWCASTLE_PARADIP_PANAMAX,2026-04-06 00:00:00,2026-04-06 18:00:00,18.6,USD_PER_MT,1,v1.0,VALID,PROXY,hash_fr_004132,True
4133,FREIGHT_ID_SAMARINDA_PARADIP_SUPRA,2026-04-06 00:00:00,2026-04-06 18:00:00,11.63,USD_PER_MT,1,v1.0,VALID,PROXY,hash_fr_004133,True
4134,FREIGHT_ZA_RICHARDSBAY_PARADIP_PANAMAX,2026-04-06 00:00:00,2026-04-06 18:00:00,16.84,USD_PER_MT,1,v1.0,VALID,PROXY,hash_fr_004134,True
4135,FREIGHT_BR_TUBARAO_QINGDAO_CAPE,2026-04-06 00:00:00,2026-04-06 18:00:00,25.79,USD_PER_MT,1,v1.0,VALID,PROXY,hash_fr_004135,True
4136,FREIGHT_AU_HEDLAND_PARADIP_CAPE,2026-04-07 00:00:00,2026-04-07 18:00:00,14.85,USD_PER_MT,1,v1.0,VALID,PROXY,hash_fr_004136,True
4137,FREIGHT_AU_NEWCASTLE_PARADIP_PANAMAX,2026-04-07 00:00:00,2026-04-07 18:00:00,18.5,USD_PER_MT,1,v1.0,VALID,PROXY,hash_fr_004137,True
4138,FREIGHT_ID_SAMARINDA_PARADIP_SUPRA,2026-04-07 00:00:00,2026-04-07 18:00:00,11.21,USD_PER_MT,1,v1.0,VALID,PROXY,hash_fr_004138,True
4139,FREIGHT_ZA_RICHARDSBAY_PARADIP_PANAMAX,2026-04-07 00:00:00,2026-04-07 18:00:00,16.92,USD_PER_MT,1,v1.0,VALID,PROXY,hash_fr_004139,True
4140,FREIGHT_BR_TUBARAO_QINGDAO_CAPE,2026-04-07 00:00:00,2026-04-07 18:00:00,27.03,USD_PER_MT,1,v1.0,VALID,PROXY,hash_fr_004140,True
4141,FREIGHT_AU_HEDLAND_PARADIP_CAPE,2026-04-08 00:00:00,2026-04-08 18:00:00,15.3,USD_PER_MT,1,v1.0,VALID,PROXY,hash_fr_004141,True
4142,FREIGHT_AU_NEWCASTLE_PARADIP_PANAMAX,2026-04-08 00:00:00,2026-04-08 18:00:00,18.05,USD_PER_MT,1,v1.0,VALID,PROXY,hash_fr_004142,True
4143,FREIGHT_ID_SAMARINDA_PARADIP_SUPRA,2026-04-08 00:00:00,2026-04-08 18:00:00,11.75,USD_PER_MT,1,v1.0,VALID,PROXY,hash_fr_004143,True
4144,FREIGHT_ZA_RICHARDSBAY_PARADIP_PANAMAX,2026-04-08 00:00:00,2026-04-08 18:00:00,16.49,USD_PER_MT,1,v1.0,VALID,PROXY,hash_fr_004144,True
4145,FREIGHT_BR_TUBARAO_QINGDAO_CAPE,2026-04-08 00:00:00,2026-04-08 18:00:00,26.01,USD_PER_MT,1,v1.0,VALID,PROXY,hash_fr_004145,True
4146,FREIGHT_AU_HEDLAND_PARADIP_CAPE,2026-04-09 00:00:00,2026-04-09 18:00:00,14.04,USD_PER_MT,1,v1.0,VALID,PROXY,hash_fr_004146,True
4147,FREIGHT_AU_NEWCASTLE_PARADIP_PANAMAX,2026-04-09 00:00:00,2026-04-09 18:00:00,19.42,USD_PER_MT,1,v1.0,VALID,PROXY,hash_fr_004147,True
4148,FREIGHT_ID_SAMARINDA_PARADIP_SUPRA,2026-04-09 00:00:00,2026-04-09 18:00:00,11.8,USD_PER_MT,1,v1.0,VALID,PROXY,hash_fr_004148,True
4149,FREIGHT_ZA_RICHARDSBAY_PARADIP_PANAMAX,2026-04-09 00:00:00,2026-04-09 18:00:00,16.59,USD_PER_MT,1,v1.0,VALID,PROXY,hash_fr_004149,True
4150,FREIGHT_BR_TUBARAO_QINGDAO_CAPE,2026-04-09 00:00:00,2026-04-09 18:00:00,26.01,USD_PER_MT,1,v1.0,VALID,PROXY,hash_fr_004150,True
4151,FREIGHT_AU_HEDLAND_PARADIP_CAPE,2026-04-10 00:00:00,2026-04-10 18:00:00,14.76,USD_PER_MT,1,v1.0,VALID,PROXY,hash_fr_004151,True
4152,FREIGHT_AU_NEWCASTLE_PARADIP_PANAMAX,2026-04-10 00:00:00,2026-04-10 18:00:00,18.71,USD_PER_MT,1,v1.0,VALID,PROXY,hash_fr_004152,True
4153,FREIGHT_ID_SAMARINDA_PARADIP_SUPRA,2026-04-10 00:00:00,2026-04-10 18:00:00,11.95,USD_PER_MT,1,v1.0,VALID,PROXY,hash_fr_004153,True
4154,FREIGHT_ZA_RICHARDSBAY_PARADIP_PANAMAX,2026-04-10 00:00:00,2026-04-10 18:00:00,16.95,USD_PER_MT,1,v1.0,VALID,PROXY,hash_fr_004154,True
4155,FREIGHT_BR_TUBARAO_QINGDAO_CAPE,2026-04-10 00:00:00,2026-04-10 18:00:00,26.62,USD_PER_MT,1,v1.0,VALID,PROXY,hash_fr_004155,True
4156,FREIGHT_AU_HEDLAND_PARADIP_CAPE,2026-04-11 00:00:00,2026-04-11 18:00:00,15.5,USD_PER_MT,1,v1.0,VALID,PROXY,hash_fr_004156,True
4157,FREIGHT_AU_NEWCASTLE_PARADIP_PANAMAX,2026-04-11 00:00:00,2026-04-11 18:00:00,19.62,USD_PER_MT,1,v1.0,VALID,PROXY,hash_fr_004157,True
4158,FREIGHT_ID_SAMARINDA_PARADIP_SUPRA,2026-04-11 00:00:00,2026-04-11 18:00:00,11.87,USD_PER_MT,1,v1.0,VALID,PROXY,hash_fr_004158,True
4159,FREIGHT_ZA_RICHARDSBAY_PARADIP_PANAMAX,2026-04-11 00:00:00,2026-04-11 18:00:00,17.16,USD_PER_MT,1,v1.0,VALID,PROXY,hash_fr_004159,True
4160,FREIGHT_BR_TUBARAO_QINGDAO_CAPE,2026-04-11 00:00:00,2026-04-11 18:00:00,27.04,USD_PER_MT,1,v1.0,VALID,PROXY,hash_fr_004160,True
4161,FREIGHT_AU_HEDLAND_PARADIP_CAPE,2026-04-12 00:00:00,2026-04-12 18:00:00,15.06,USD_PER_MT,1,v1.0,VALID,PROXY,hash_fr_004161,True
4162,FREIGHT_AU_NEWCASTLE_PARADIP_PANAMAX,2026-04-12 00:00:00,2026-04-12 18:00:00,19.58,USD_PER_MT,1,v1.0,VALID,PROXY,hash_fr_004162,True
4163,FREIGHT_ID_SAMARINDA_PARADIP_SUPRA,2026-04-12 00:00:00,2026-04-12 18:00:00,11.57,USD_PER_MT,1,v1.0,VALID,PROXY,hash_fr_004163,True
4164,FREIGHT_ZA_RICHARDSBAY_PARADIP_PANAMAX,2026-04-12 00:00:00,2026-04-12 18:00:00,16.93,USD_PER_MT,1,v1.0,VALID,PROXY,hash_fr_004164,True
4165,FREIGHT_BR_TUBARAO_QINGDAO_CAPE,2026-04-12 00:00:00,2026-04-12 18:00:00,27.45,USD_PER_MT,1,v1.0,VALID,PROXY,hash_fr_004165,True
4166,FREIGHT_AU_HEDLAND_PARADIP_CAPE,2026-04-13 00:00:00,2026-04-13 18:00:00,14.91,USD_PER_MT,1,v1.0,VALID,PROXY,hash_fr_004166,True
4167,FREIGHT_AU_NEWCASTLE_PARADIP_PANAMAX,2026-04-13 00:00:00,2026-04-13 18:00:00,19.13,USD_PER_MT,1,v1.0,VALID,PROXY,hash_fr_004167,True
4168,FREIGHT_ID_SAMARINDA_PARADIP_SUPRA,2026-04-13 00:00:00,2026-04-13 18:00:00,12.54,USD_PER_MT,1,v1.0,VALID,PROXY,hash_fr_004168,True
4169,FREIGHT_ZA_RICHARDSBAY_PARADIP_PANAMAX,2026-04-13 00:00:00,2026-04-13 18:00:00,17.5,USD_PER_MT,1,v1.0,VALID,PROXY,hash_fr_004169,True
4170,FREIGHT_BR_TUBARAO_QINGDAO_CAPE,2026-04-13 00:00:00,2026-04-13 18:00:00,27.96,USD_PER_MT,1,v1.0,VALID,PROXY,hash_fr_004170,True
4171,FREIGHT_AU_HEDLAND_PARADIP_CAPE,2026-04-14 00:00:00,2026-04-14 18:00:00,15.31,USD_PER_MT,1,v1.0,VALID,PROXY,hash_fr_004171,True
4172,FREIGHT_AU_NEWCASTLE_PARADIP_PANAMAX,2026-04-14 00:00:00,2026-04-14 18:00:00,19.33,USD_PER_MT,1,v1.0,VALID,PROXY,hash_fr_004172,True
4173,FREIGHT_ID_SAMARINDA_PARADIP_SUPRA,2026-04-14 00:00:00,2026-04-14 18:00:00,12.52,USD_PER_MT,1,v1.0,VALID,PROXY,hash_fr_004173,True
4174,FREIGHT_ZA_RICHARDSBAY_PARADIP_PANAMAX,2026-04-14 00:00:00,2026-04-14 18:00:00,16.95,USD_PER_MT,1,v1.0,VALID,PROXY,hash_fr_004174,True
4175,FREIGHT_BR_TUBARAO_QINGDAO_CAPE,2026-04-14 00:00:00,2026-04-14 18:00:00,28.08,USD_PER_MT,1,v1.0,VALID,PROXY,hash_fr_004175,True
4176,FREIGHT_AU_HEDLAND_PARADIP_CAPE,2026-04-15 00:00:00,2026-04-15 18:00:00,15.2,USD_PER_MT,1,v1.0,VALID,PROXY,hash_fr_004176,True
4177,FREIGHT_AU_NEWCASTLE_PARADIP_PANAMAX,2026-04-15 00:00:00,2026-04-15 18:00:00,19.89,USD_PER_MT,1,v1.0,VALID,PROXY,hash_fr_004177,True
4178,FREIGHT_ID_SAMARINDA_PARADIP_SUPRA,2026-04-15 00:00:00,2026-04-15 18:00:00,12.75,USD_PER_MT,1,v1.0,VALID,PROXY,hash_fr_004178,True
4179,FREIGHT_ZA_RICHARDSBAY_PARADIP_PANAMAX,2026-04-15 00:00:00,2026-04-15 18:00:00,18.37,USD_PER_MT,1,v1.0,VALID,PROXY,hash_fr_004179,True
4180,FREIGHT_BR_TUBARAO_QINGDAO_CAPE,2026-04-15 00:00:00,2026-04-15 18:00:00,28.63,USD_PER_MT,1,v1.0,VALID,PROXY,hash_fr_004180,True
4181,FREIGHT_AU_HEDLAND_PARADIP_CAPE,2026-04-16 00:00:00,2026-04-16 18:00:00,15.57,USD_PER_MT,1,v1.0,VALID,PROXY,hash_fr_004181,True
4182,FREIGHT_AU_NEWCASTLE_PARADIP_PANAMAX,2026-04-16 00:00:00,2026-04-16 18:00:00,20.19,USD_PER_MT,1,v1.0,VALID,PROXY,hash_fr_004182,True
4183,FREIGHT_ID_SAMARINDA_PARADIP_SUPRA,2026-04-16 00:00:00,2026-04-16 18:00:00,12.79,USD_PER_MT,1,v1.0,VALID,PROXY,hash_fr_004183,True
4184,FREIGHT_ZA_RICHARDSBAY_PARADIP_PANAMAX,2026-04-16 00:00:00,2026-04-16 18:00:00,18.04,USD_PER_MT,1,v1.0,VALID,PROXY,hash_fr_004184,True
4185,FREIGHT_BR_TUBARAO_QINGDAO_CAPE,2026-04-16 00:00:00,2026-04-16 18:00:00,27.68,USD_PER_MT,1,v1.0,VALID,PROXY,hash_fr_004185,True
4186,FREIGHT_AU_HEDLAND_PARADIP_CAPE,2026-04-17 00:00:00,2026-04-17 18:00:00,15.73,USD_PER_MT,1,v1.0,VALID,PROXY,hash_fr_004186,True
4187,FREIGHT_AU_NEWCASTLE_PARADIP_PANAMAX,2026-04-17 00:00:00,2026-04-17 18:00:00,20.44,USD_PER_MT,1,v1.0,VALID,PROXY,hash_fr_004187,True
4188,FREIGHT_ID_SAMARINDA_PARADIP_SUPRA,2026-04-17 00:00:00,2026-04-17 18:00:00,12.83,USD_PER_MT,1,v1.0,VALID,PROXY,hash_fr_004188,True
4189,FREIGHT_ZA_RICHARDSBAY_PARADIP_PANAMAX,2026-04-17 00:00:00,2026-04-17 18:00:00,18.4,USD_PER_MT,1,v1.0,VALID,PROXY,hash_fr_004189,True
4190,FREIGHT_BR_TUBARAO_QINGDAO_CAPE,2026-04-17 00:00:00,2026-04-17 18:00:00,29.19,USD_PER_MT,1,v1.0,VALID,PROXY,hash_fr_004190,True
4191,FREIGHT_AU_HEDLAND_PARADIP_CAPE,2026-04-18 00:00:00,2026-04-18 18:00:00,16.09,USD_PER_MT,1,v1.0,VALID,PROXY,hash_fr_004191,True
4192,FREIGHT_AU_NEWCASTLE_PARADIP_PANAMAX,2026-04-18 00:00:00,2026-04-18 18:00:00,20.61,USD_PER_MT,1,v1.0,VALID,PROXY,hash_fr_004192,True
4193,FREIGHT_ID_SAMARINDA_PARADIP_SUPRA,2026-04-18 00:00:00,2026-04-18 18:00:00,12.84,USD_PER_MT,1,v1.0,VALID,PROXY,hash_fr_004193,True
4194,FREIGHT_ZA_RICHARDSBAY_PARADIP_PANAMAX,2026-04-18 00:00:00,2026-04-18 18:00:00,18.23,USD_PER_MT,1,v1.0,VALID,PROXY,hash_fr_004194,True
4195,FREIGHT_BR_TUBARAO_QINGDAO_CAPE,2026-04-18 00:00:00,2026-04-18 18:00:00,29.21,USD_PER_MT,1,v1.0,VALID,PROXY,hash_fr_004195,True
4196,FREIGHT_AU_HEDLAND_PARADIP_CAPE,2026-04-19 00:00:00,2026-04-19 18:00:00,16.18,USD_PER_MT,1,v1.0,VALID,PROXY,hash_fr_004196,True
4197,FREIGHT_AU_NEWCASTLE_PARADIP_PANAMAX,2026-04-19 00:00:00,2026-04-19 18:00:00,20.66,USD_PER_MT,1,v1.0,VALID,PROXY,hash_fr_004197,True
4198,FREIGHT_ID_SAMARINDA_PARADIP_SUPRA,2026-04-19 00:00:00,2026-04-19 18:00:00,12.96,USD_PER_MT,1,v1.0,VALID,PROXY,hash_fr_004198,True
4199,FREIGHT_ZA_RICHARDSBAY_PARADIP_PANAMAX,2026-04-19 00:00:00,2026-04-19 18:00:00,18.13,USD_PER_MT,1,v1.0,VALID,PROXY,hash_fr_004199,True
4200,FREIGHT_BR_TUBARAO_QINGDAO_CAPE,2026-04-19 00:00:00,2026-04-19 18:00:00,29.96,USD_PER_MT,1,v1.0,VALID,PROXY,hash_fr_004200,True
4201,FREIGHT_AU_HEDLAND_PARADIP_CAPE,2026-04-20 00:00:00,2026-04-20 18:00:00,15.94,USD_PER_MT,1,v1.0,VALID,PROXY,hash_fr_004201,True
4202,FREIGHT_AU_NEWCASTLE_PARADIP_PANAMAX,2026-04-20 00:00:00,2026-04-20 18:00:00,20.97,USD_PER_MT,1,v1.0,VALID,PROXY,hash_fr_004202,True
4203,FREIGHT_ID_SAMARINDA_PARADIP_SUPRA,2026-04-20 00:00:00,2026-04-20 18:00:00,12.89,USD_PER_MT,1,v1.0,VALID,PROXY,hash_fr_004203,True
4204,FREIGHT_ZA_RICHARDSBAY_PARADIP_PANAMAX,2026-04-20 00:00:00,2026-04-20 18:00:00,18.38,USD_PER_MT,1,v1.0,VALID,PROXY,hash_fr_004204,True
4205,FREIGHT_BR_TUBARAO_QINGDAO_CAPE,2026-04-20 00:00:00,2026-04-20 18:00:00,29.87,USD_PER_MT,1,v1.0,VALID,PROXY,hash_fr_004205,True
4206,FREIGHT_AU_HEDLAND_PARADIP_CAPE,2026-04-21 00:00:00,2026-04-21 18:00:00,16.45,USD_PER_MT,1,v1.0,VALID,PROXY,hash_fr_004206,True
4207,FREIGHT_AU_NEWCASTLE_PARADIP_PANAMAX,2026-04-21 00:00:00,2026-04-21 18:00:00,21.09,USD_PER_MT,1,v1.0,VALID,PROXY,hash_fr_004207,True
4208,FREIGHT_ID_SAMARINDA_PARADIP_SUPRA,2026-04-21 00:00:00,2026-04-21 18:00:00,13.21,USD_PER_MT,1,v1.0,VALID,PROXY,hash_fr_004208,True
4209,FREIGHT_ZA_RICHARDSBAY_PARADIP_PANAMAX,2026-04-21 00:00:00,2026-04-21 18:00:00,18.84,USD_PER_MT,1,v1.0,VALID,PROXY,hash_fr_004209,True
4210,FREIGHT_BR_TUBARAO_QINGDAO_CAPE,2026-04-21 00:00:00,2026-04-21 18:00:00,29.67,USD_PER_MT,1,v1.0,VALID,PROXY,hash_fr_004210,True
4211,FREIGHT_AU_HEDLAND_PARADIP_CAPE,2026-04-22 00:00:00,2026-04-22 18:00:00,16.72,USD_PER_MT,1,v1.0,VALID,PROXY,hash_fr_004211,True
4212,FREIGHT_AU_NEWCASTLE_PARADIP_PANAMAX,2026-04-22 00:00:00,2026-04-22 18:00:00,21.53,USD_PER_MT,1,v1.0,VALID,PROXY,hash_fr_004212,True
4213,FREIGHT_ID_SAMARINDA_PARADIP_SUPRA,2026-04-22 00:00:00,2026-04-22 18:00:00,13.28,USD_PER_MT,1,v1.0,VALID,PROXY,hash_fr_004213,True
4214,FREIGHT_ZA_RICHARDSBAY_PARADIP_PANAMAX,2026-04-22 00:00:00,2026-04-22 18:00:00,19.03,USD_PER_MT,1,v1.0,VALID,PROXY,hash_fr_004214,True
4215,FREIGHT_BR_TUBARAO_QINGDAO_CAPE,2026-04-22 00:00:00,2026-04-22 18:00:00,29.6,USD_PER_MT,1,v1.0,VALID,PROXY,hash_fr_004215,True
4216,FREIGHT_AU_HEDLAND_PARADIP_CAPE,2026-04-23 00:00:00,2026-04-23 18:00:00,17.15,USD_PER_MT,1,v1.0,VALID,PROXY,hash_fr_004216,True
4217,FREIGHT_AU_NEWCASTLE_PARADIP_PANAMAX,2026-04-23 00:00:00,2026-04-23 18:00:00,21.45,USD_PER_MT,1,v1.0,VALID,PROXY,hash_fr_004217,True
4218,FREIGHT_ID_SAMARINDA_PARADIP_SUPRA,2026-04-23 00:00:00,2026-04-23 18:00:00,13.05,USD_PER_MT,1,v1.0,VALID,PROXY,hash_fr_004218,True
4219,FREIGHT_ZA_RICHARDSBAY_PARADIP_PANAMAX,2026-04-23 00:00:00,2026-04-23 18:00:00,19.47,USD_PER_MT,1,v1.0,VALID,PROXY,hash_fr_004219,True
4220,FREIGHT_BR_TUBARAO_QINGDAO_CAPE,2026-04-23 00:00:00,2026-04-23 18:00:00,30.14,USD_PER_MT,1,v1.0,VALID,PROXY,hash_fr_004220,True
4221,FREIGHT_AU_HEDLAND_PARADIP_CAPE,2026-04-24 00:00:00,2026-04-24 18:00:00,16.77,USD_PER_MT,1,v1.0,VALID,PROXY,hash_fr_004221,True
4222,FREIGHT_AU_NEWCASTLE_PARADIP_PANAMAX,2026-04-24 00:00:00,2026-04-24 18:00:00,21.13,USD_PER_MT,1,v1.0,VALID,PROXY,hash_fr_004222,True
4223,FREIGHT_ID_SAMARINDA_PARADIP_SUPRA,2026-04-24 00:00:00,2026-04-24 18:00:00,13.67,USD_PER_MT,1,v1.0,VALID,PROXY,hash_fr_004223,True
4224,FREIGHT_ZA_RICHARDSBAY_PARADIP_PANAMAX,2026-04-24 00:00:00,2026-04-24 18:00:00,18.97,USD_PER_MT,1,v1.0,VALID,PROXY,hash_fr_004224,True
4225,FREIGHT_BR_TUBARAO_QINGDAO_CAPE,2026-04-24 00:00:00,2026-04-24 18:00:00,30.58,USD_PER_MT,1,v1.0,VALID,PROXY,hash_fr_004225,True
4226,FREIGHT_AU_HEDLAND_PARADIP_CAPE,2026-04-25 00:00:00,2026-04-25 18:00:00,16.58,USD_PER_MT,1,v1.0,VALID,PROXY,hash_fr_004226,True
4227,FREIGHT_AU_NEWCASTLE_PARADIP_PANAMAX,2026-04-25 00:00:00,2026-04-25 18:00:00,22.11,USD_PER_MT,1,v1.0,VALID,PROXY,hash_fr_004227,True
4228,FREIGHT_ID_SAMARINDA_PARADIP_SUPRA,2026-04-25 00:00:00,2026-04-25 18:00:00,13.59,USD_PER_MT,1,v1.0,VALID,PROXY,hash_fr_004228,True
4229,FREIGHT_ZA_RICHARDSBAY_PARADIP_PANAMAX,2026-04-25 00:00:00,2026-04-25 18:00:00,19.18,USD_PER_MT,1,v1.0,VALID,PROXY,hash_fr_004229,True
4230,FREIGHT_BR_TUBARAO_QINGDAO_CAPE,2026-04-25 00:00:00,2026-04-25 18:00:00,30.94,USD_PER_MT,1,v1.0,VALID,PROXY,hash_fr_004230,True
4231,FREIGHT_AU_HEDLAND_PARADIP_CAPE,2026-04-26 00:00:00,2026-04-26 18:00:00,16.94,USD_PER_MT,1,v1.0,VALID,PROXY,hash_fr_004231,True
4232,FREIGHT_AU_NEWCASTLE_PARADIP_PANAMAX,2026-04-26 00:00:00,2026-04-26 18:00:00,21.93,USD_PER_MT,1,v1.0,VALID,PROXY,hash_fr_004232,True
4233,FREIGHT_ID_SAMARINDA_PARADIP_SUPRA,2026-04-26 00:00:00,2026-04-26 18:00:00,13.65,USD_PER_MT,1,v1.0,VALID,PROXY,hash_fr_004233,True
4234,FREIGHT_ZA_RICHARDSBAY_PARADIP_PANAMAX,2026-04-26 00:00:00,2026-04-26 18:00:00,19.67,USD_PER_MT,1,v1.0,VALID,PROXY,hash_fr_004234,True
4235,FREIGHT_BR_TUBARAO_QINGDAO_CAPE,2026-04-26 00:00:00,2026-04-26 18:00:00,31.69,USD_PER_MT,1,v1.0,VALID,PROXY,hash_fr_004235,True
4236,FREIGHT_AU_HEDLAND_PARADIP_CAPE,2026-04-27 00:00:00,2026-04-27 18:00:00,17.67,USD_PER_MT,1,v1.0,VALID,PROXY,hash_fr_004236,True
4237,FREIGHT_AU_NEWCASTLE_PARADIP_PANAMAX,2026-04-27 00:00:00,2026-04-27 18:00:00,21.59,USD_PER_MT,1,v1.0,VALID,PROXY,hash_fr_004237,True
4238,FREIGHT_ID_SAMARINDA_PARADIP_SUPRA,2026-04-27 00:00:00,2026-04-27 18:00:00,13.76,USD_PER_MT,1,v1.0,VALID,PROXY,hash_fr_004238,True
4239,FREIGHT_ZA_RICHARDSBAY_PARADIP_PANAMAX,2026-04-27 00:00:00,2026-04-27 18:00:00,19.33,USD_PER_MT,1,v1.0,VALID,PROXY,hash_fr_004239,True
4240,FREIGHT_BR_TUBARAO_QINGDAO_CAPE,2026-04-27 00:00:00,2026-04-27 18:00:00,32.64,USD_PER_MT,1,v1.0,VALID,PROXY,hash_fr_004240,True
4241,FREIGHT_AU_HEDLAND_PARADIP_CAPE,2026-04-28 00:00:00,2026-04-28 18:00:00,17.03,USD_PER_MT,1,v1.0,VALID,PROXY,hash_fr_004241,True
4242,FREIGHT_AU_NEWCASTLE_PARADIP_PANAMAX,2026-04-28 00:00:00,2026-04-28 18:00:00,22.29,USD_PER_MT,1,v1.0,VALID,PROXY,hash_fr_004242,True
4243,FREIGHT_ID_SAMARINDA_PARADIP_SUPRA,2026-04-28 00:00:00,2026-04-28 18:00:00,13.91,USD_PER_MT,1,v1.0,VALID,PROXY,hash_fr_004243,True
4244,FREIGHT_ZA_RICHARDSBAY_PARADIP_PANAMAX,2026-04-28 00:00:00,2026-04-28 18:00:00,19.68,USD_PER_MT,1,v1.0,VALID,PROXY,hash_fr_004244,True
4245,FREIGHT_BR_TUBARAO_QINGDAO_CAPE,2026-04-28 00:00:00,2026-04-28 18:00:00,31.84,USD_PER_MT,1,v1.0,VALID,PROXY,hash_fr_004245,True
4246,FREIGHT_AU_HEDLAND_PARADIP_CAPE,2026-04-29 00:00:00,2026-04-29 18:00:00,17.22,USD_PER_MT,1,v1.0,VALID,PROXY,hash_fr_004246,True
4247,FREIGHT_AU_NEWCASTLE_PARADIP_PANAMAX,2026-04-29 00:00:00,2026-04-29 18:00:00,21.78,USD_PER_MT,1,v1.0,VALID,PROXY,hash_fr_004247,True
4248,FREIGHT_ID_SAMARINDA_PARADIP_SUPRA,2026-04-29 00:00:00,2026-04-29 18:00:00,14.05,USD_PER_MT,1,v1.0,VALID,PROXY,hash_fr_004248,True
4249,FREIGHT_ZA_RICHARDSBAY_PARADIP_PANAMAX,2026-04-29 00:00:00,2026-04-29 18:00:00,20.27,USD_PER_MT,1,v1.0,VALID,PROXY,hash_fr_004249,True
4250,FREIGHT_BR_TUBARAO_QINGDAO_CAPE,2026-04-29 00:00:00,2026-04-29 18:00:00,32.3,USD_PER_MT,1,v1.0,VALID,PROXY,hash_fr_004250,True
4251,FREIGHT_AU_HEDLAND_PARADIP_CAPE,2026-04-30 00:00:00,2026-04-30 18:00:00,17.59,USD_PER_MT,1,v1.0,VALID,PROXY,hash_fr_004251,True
4252,FREIGHT_AU_NEWCASTLE_PARADIP_PANAMAX,2026-04-30 00:00:00,2026-04-30 18:00:00,22.9,USD_PER_MT,1,v1.0,VALID,PROXY,hash_fr_004252,True
4253,FREIGHT_ID_SAMARINDA_PARADIP_SUPRA,2026-04-30 00:00:00,2026-04-30 18:00:00,13.88,USD_PER_MT,1,v1.0,VALID,PROXY,hash_fr_004253,True
4254,FREIGHT_ZA_RICHARDSBAY_PARADIP_PANAMAX,2026-04-30 00:00:00,2026-04-30 18:00:00,20.31,USD_PER_MT,1,v1.0,VALID,PROXY,hash_fr_004254,True
4255,FREIGHT_BR_TUBARAO_QINGDAO_CAPE,2026-04-30 00:00:00,2026-04-30 18:00:00,31.95,USD_PER_MT,1,v1.0,VALID,PROXY,hash_fr_004255,True
4256,FREIGHT_AU_HEDLAND_PARADIP_CAPE,2026-05-01 00:00:00,2026-05-01 18:00:00,17.83,USD_PER_MT,1,v1.0,VALID,PROXY,hash_fr_004256,True
4257,FREIGHT_AU_NEWCASTLE_PARADIP_PANAMAX,2026-05-01 00:00:00,2026-05-01 18:00:00,22.82,USD_PER_MT,1,v1.0,VALID,PROXY,hash_fr_004257,True
4258,FREIGHT_ID_SAMARINDA_PARADIP_SUPRA,2026-05-01 00:00:00,2026-05-01 18:00:00,13.96,USD_PER_MT,1,v1.0,VALID,PROXY,hash_fr_004258,True
4259,FREIGHT_ZA_RICHARDSBAY_PARADIP_PANAMAX,2026-05-01 00:00:00,2026-05-01 18:00:00,20.6,USD_PER_MT,1,v1.0,VALID,PROXY,hash_fr_004259,True
4260,FREIGHT_BR_TUBARAO_QINGDAO_CAPE,2026-05-01 00:00:00,2026-05-01 18:00:00,32.11,USD_PER_MT,1,v1.0,VALID,PROXY,hash_fr_004260,True
4261,FREIGHT_AU_HEDLAND_PARADIP_CAPE,2026-05-02 00:00:00,2026-05-02 18:00:00,17.92,USD_PER_MT,1,v1.0,VALID,PROXY,hash_fr_004261,True
4262,FREIGHT_AU_NEWCASTLE_PARADIP_PANAMAX,2026-05-02 00:00:00,2026-05-02 18:00:00,22.1,USD_PER_MT,1,v1.0,VALID,PROXY,hash_fr_004262,True
4263,FREIGHT_ID_SAMARINDA_PARADIP_SUPRA,2026-05-02 00:00:00,2026-05-02 18:00:00,14.57,USD_PER_MT,1,v1.0,VALID,PROXY,hash_fr_004263,True
4264,FREIGHT_ZA_RICHARDSBAY_PARADIP_PANAMAX,2026-05-02 00:00:00,2026-05-02 18:00:00,19.85,USD_PER_MT,1,v1.0,VALID,PROXY,hash_fr_004264,True
4265,FREIGHT_BR_TUBARAO_QINGDAO_CAPE,2026-05-02 00:00:00,2026-05-02 18:00:00,31.88,USD_PER_MT,1,v1.0,VALID,PROXY,hash_fr_004265,True
4266,FREIGHT_AU_HEDLAND_PARADIP_CAPE,2026-05-03 00:00:00,2026-05-03 18:00:00,17.85,USD_PER_MT,1,v1.0,VALID,PROXY,hash_fr_004266,True
4267,FREIGHT_AU_NEWCASTLE_PARADIP_PANAMAX,2026-05-03 00:00:00,2026-05-03 18:00:00,23.24,USD_PER_MT,1,v1.0,VALID,PROXY,hash_fr_004267,True
4268,FREIGHT_ID_SAMARINDA_PARADIP_SUPRA,2026-05-03 00:00:00,2026-05-03 18:00:00,14.2,USD_PER_MT,1,v1.0,VALID,PROXY,hash_fr_004268,True
4269,FREIGHT_ZA_RICHARDSBAY_PARADIP_PANAMAX,2026-05-03 00:00:00,2026-05-03 18:00:00,20.37,USD_PER_MT,1,v1.0,VALID,PROXY,hash_fr_004269,True
4270,FREIGHT_BR_TUBARAO_QINGDAO_CAPE,2026-05-03 00:00:00,2026-05-03 18:00:00,32.6,USD_PER_MT,1,v1.0,VALID,PROXY,hash_fr_004270,True
4271,FREIGHT_AU_HEDLAND_PARADIP_CAPE,2026-05-04 00:00:00,2026-05-04 18:00:00,18.23,USD_PER_MT,1,v1.0,VALID,PROXY,hash_fr_004271,True
4272,FREIGHT_AU_NEWCASTLE_PARADIP_PANAMAX,2026-05-04 00:00:00,2026-05-04 18:00:00,22.66,USD_PER_MT,1,v1.0,VALID,PROXY,hash_fr_004272,True
4273,FREIGHT_ID_SAMARINDA_PARADIP_SUPRA,2026-05-04 00:00:00,2026-05-04 18:00:00,14.69,USD_PER_MT,1,v1.0,VALID,PROXY,hash_fr_004273,True
4274,FREIGHT_ZA_RICHARDSBAY_PARADIP_PANAMAX,2026-05-04 00:00:00,2026-05-04 18:00:00,20.5,USD_PER_MT,1,v1.0,VALID,PROXY,hash_fr_004274,True
4275,FREIGHT_BR_TUBARAO_QINGDAO_CAPE,2026-05-04 00:00:00,2026-05-04 18:00:00,32.89,USD_PER_MT,1,v1.0,VALID,PROXY,hash_fr_004275,True
4276,FREIGHT_AU_HEDLAND_PARADIP_CAPE,2026-05-05 00:00:00,2026-05-05 18:00:00,18.1,USD_PER_MT,1,v1.0,VALID,PROXY,hash_fr_004276,True
4277,FREIGHT_AU_NEWCASTLE_PARADIP_PANAMAX,2026-05-05 00:00:00,2026-05-05 18:00:00,23.18,USD_PER_MT,1,v1.0,VALID,PROXY,hash_fr_004277,True
4278,FREIGHT_ID_SAMARINDA_PARADIP_SUPRA,2026-05-05 00:00:00,2026-05-05 18:00:00,14.22,USD_PER_MT,1,v1.0,VALID,PROXY,hash_fr_004278,True
4279,FREIGHT_ZA_RICHARDSBAY_PARADIP_PANAMAX,2026-05-05 00:00:00,2026-05-05 18:00:00,20.16,USD_PER_MT,1,v1.0,VALID,PROXY,hash_fr_004279,True
4280,FREIGHT_BR_TUBARAO_QINGDAO_CAPE,2026-05-05 00:00:00,2026-05-05 18:00:00,32.33,USD_PER_MT,1,v1.0,VALID,PROXY,hash_fr_004280,True
4281,FREIGHT_AU_HEDLAND_PARADIP_CAPE,2026-05-06 00:00:00,2026-05-06 18:00:00,18.36,USD_PER_MT,1,v1.0,VALID,PROXY,hash_fr_004281,True
4282,FREIGHT_AU_NEWCASTLE_PARADIP_PANAMAX,2026-05-06 00:00:00,2026-05-06 18:00:00,22.51,USD_PER_MT,1,v1.0,VALID,PROXY,hash_fr_004282,True
4283,FREIGHT_ID_SAMARINDA_PARADIP_SUPRA,2026-05-06 00:00:00,2026-05-06 18:00:00,14.64,USD_PER_MT,1,v1.0,VALID,PROXY,hash_fr_004283,True
4284,FREIGHT_ZA_RICHARDSBAY_PARADIP_PANAMAX,2026-05-06 00:00:00,2026-05-06 18:00:00,20.29,USD_PER_MT,1,v1.0,VALID,PROXY,hash_fr_004284,True
4285,FREIGHT_BR_TUBARAO_QINGDAO_CAPE,2026-05-06 00:00:00,2026-05-06 18:00:00,32.37,USD_PER_MT,1,v1.0,VALID,PROXY,hash_fr_004285,True
4286,FREIGHT_AU_HEDLAND_PARADIP_CAPE,2026-05-07 00:00:00,2026-05-07 18:00:00,18.45,USD_PER_MT,1,v1.0,VALID,PROXY,hash_fr_004286,True
4287,FREIGHT_AU_NEWCASTLE_PARADIP_PANAMAX,2026-05-07 00:00:00,2026-05-07 18:00:00,23.18,USD_PER_MT,1,v1.0,VALID,PROXY,hash_fr_004287,True
4288,FREIGHT_ID_SAMARINDA_PARADIP_SUPRA,2026-05-07 00:00:00,2026-05-07 18:00:00,14.11,USD_PER_MT,1,v1.0,VALID,PROXY,hash_fr_004288,True
4289,FREIGHT_ZA_RICHARDSBAY_PARADIP_PANAMAX,2026-05-07 00:00:00,2026-05-07 18:00:00,20.66,USD_PER_MT,1,v1.0,VALID,PROXY,hash_fr_004289,True
4290,FREIGHT_BR_TUBARAO_QINGDAO_CAPE,2026-05-07 00:00:00,2026-05-07 18:00:00,32.57,USD_PER_MT,1,v1.0,VALID,PROXY,hash_fr_004290,True
4291,FREIGHT_AU_HEDLAND_PARADIP_CAPE,2026-05-08 00:00:00,2026-05-08 18:00:00,17.25,USD_PER_MT,1,v1.0,VALID,PROXY,hash_fr_004291,True
4292,FREIGHT_AU_NEWCASTLE_PARADIP_PANAMAX,2026-05-08 00:00:00,2026-05-08 18:00:00,22.9,USD_PER_MT,1,v1.0,VALID,PROXY,hash_fr_004292,True
4293,FREIGHT_ID_SAMARINDA_PARADIP_SUPRA,2026-05-08 00:00:00,2026-05-08 18:00:00,14.55,USD_PER_MT,1,v1.0,VALID,PROXY,hash_fr_004293,True
4294,FREIGHT_ZA_RICHARDSBAY_PARADIP_PANAMAX,2026-05-08 00:00:00,2026-05-08 18:00:00,20.61,USD_PER_MT,1,v1.0,VALID,PROXY,hash_fr_004294,True
4295,FREIGHT_BR_TUBARAO_QINGDAO_CAPE,2026-05-08 00:00:00,2026-05-08 18:00:00,33.01,USD_PER_MT,1,v1.0,VALID,PROXY,hash_fr_004295,True
4296,FREIGHT_AU_HEDLAND_PARADIP_CAPE,2026-05-09 00:00:00,2026-05-09 18:00:00,17.48,USD_PER_MT,1,v1.0,VALID,PROXY,hash_fr_004296,True
4297,FREIGHT_AU_NEWCASTLE_PARADIP_PANAMAX,2026-05-09 00:00:00,2026-05-09 18:00:00,22.6,USD_PER_MT,1,v1.0,VALID,PROXY,hash_fr_004297,True
4298,FREIGHT_ID_SAMARINDA_PARADIP_SUPRA,2026-05-09 00:00:00,2026-05-09 18:00:00,14.54,USD_PER_MT,1,v1.0,VALID,PROXY,hash_fr_004298,True
4299,FREIGHT_ZA_RICHARDSBAY_PARADIP_PANAMAX,2026-05-09 00:00:00,2026-05-09 18:00:00,20.66,USD_PER_MT,1,v1.0,VALID,PROXY,hash_fr_004299,True
4300,FREIGHT_BR_TUBARAO_QINGDAO_CAPE,2026-05-09 00:00:00,2026-05-09 18:00:00,32.59,USD_PER_MT,1,v1.0,VALID,PROXY,hash_fr_004300,True
4301,FREIGHT_AU_HEDLAND_PARADIP_CAPE,2026-05-10 00:00:00,2026-05-10 18:00:00,17.08,USD_PER_MT,1,v1.0,VALID,PROXY,hash_fr_004301,True
4302,FREIGHT_AU_NEWCASTLE_PARADIP_PANAMAX,2026-05-10 00:00:00,2026-05-10 18:00:00,22.8,USD_PER_MT,1,v1.0,VALID,PROXY,hash_fr_004302,True
4303,FREIGHT_ID_SAMARINDA_PARADIP_SUPRA,2026-05-10 00:00:00,2026-05-10 18:00:00,14.11,USD_PER_MT,1,v1.0,VALID,PROXY,hash_fr_004303,True
4304,FREIGHT_ZA_RICHARDSBAY_PARADIP_PANAMAX,2026-05-10 00:00:00,2026-05-10 18:00:00,20.09,USD_PER_MT,1,v1.0,VALID,PROXY,hash_fr_004304,True
4305,FREIGHT_BR_TUBARAO_QINGDAO_CAPE,2026-05-10 00:00:00,2026-05-10 18:00:00,32.13,USD_PER_MT,1,v1.0,VALID,PROXY,hash_fr_004305,True
4306,FREIGHT_AU_HEDLAND_PARADIP_CAPE,2026-05-11 00:00:00,2026-05-11 18:00:00,17.75,USD_PER_MT,1,v1.0,VALID,PROXY,hash_fr_004306,True
4307,FREIGHT_AU_NEWCASTLE_PARADIP_PANAMAX,2026-05-11 00:00:00,2026-05-11 18:00:00,22.84,USD_PER_MT,1,v1.0,VALID,PROXY,hash_fr_004307,True
4308,FREIGHT_ID_SAMARINDA_PARADIP_SUPRA,2026-05-11 00:00:00,2026-05-11 18:00:00,14.16,USD_PER_MT,1,v1.0,VALID,PROXY,hash_fr_004308,True
4309,FREIGHT_ZA_RICHARDSBAY_PARADIP_PANAMAX,2026-05-11 00:00:00,2026-05-11 18:00:00,20.69,USD_PER_MT,1,v1.0,VALID,PROXY,hash_fr_004309,True
4310,FREIGHT_BR_TUBARAO_QINGDAO_CAPE,2026-05-11 00:00:00,2026-05-11 18:00:00,32.28,USD_PER_MT,1,v1.0,VALID,PROXY,hash_fr_004310,True
4311,FREIGHT_AU_HEDLAND_PARADIP_CAPE,2026-05-12 00:00:00,2026-05-12 18:00:00,17.64,USD_PER_MT,1,v1.0,VALID,PROXY,hash_fr_004311,True
4312,FREIGHT_AU_NEWCASTLE_PARADIP_PANAMAX,2026-05-12 00:00:00,2026-05-12 18:00:00,23.1,USD_PER_MT,1,v1.0,VALID,PROXY,hash_fr_004312,True
4313,FREIGHT_ID_SAMARINDA_PARADIP_SUPRA,2026-05-12 00:00:00,2026-05-12 18:00:00,14.32,USD_PER_MT,1,v1.0,VALID,PROXY,hash_fr_004313,True
4314,FREIGHT_ZA_RICHARDSBAY_PARADIP_PANAMAX,2026-05-12 00:00:00,2026-05-12 18:00:00,20.16,USD_PER_MT,1,v1.0,VALID,PROXY,hash_fr_004314,True
4315,FREIGHT_BR_TUBARAO_QINGDAO_CAPE,2026-05-12 00:00:00,2026-05-12 18:00:00,32.92,USD_PER_MT,1,v1.0,VALID,PROXY,hash_fr_004315,True
4316,FREIGHT_AU_HEDLAND_PARADIP_CAPE,2026-05-13 00:00:00,2026-05-13 18:00:00,18.18,USD_PER_MT,1,v1.0,VALID,PROXY,hash_fr_004316,True
4317,FREIGHT_AU_NEWCASTLE_PARADIP_PANAMAX,2026-05-13 00:00:00,2026-05-13 18:00:00,22.78,USD_PER_MT,1,v1.0,VALID,PROXY,hash_fr_004317,True
4318,FREIGHT_ID_SAMARINDA_PARADIP_SUPRA,2026-05-13 00:00:00,2026-05-13 18:00:00,14.38,USD_PER_MT,1,v1.0,VALID,PROXY,hash_fr_004318,True
4319,FREIGHT_ZA_RICHARDSBAY_PARADIP_PANAMAX,2026-05-13 00:00:00,2026-05-13 18:00:00,20.21,USD_PER_MT,1,v1.0,VALID,PROXY,hash_fr_004319,True
4320,FREIGHT_BR_TUBARAO_QINGDAO_CAPE,2026-05-13 00:00:00,2026-05-13 18:00:00,32.62,USD_PER_MT,1,v1.0,VALID,PROXY,hash_fr_004320,True
4321,FREIGHT_AU_HEDLAND_PARADIP_CAPE,2026-05-14 00:00:00,2026-05-14 18:00:00,17.84,USD_PER_MT,1,v1.0,VALID,PROXY,hash_fr_004321,True
4322,FREIGHT_AU_NEWCASTLE_PARADIP_PANAMAX,2026-05-14 00:00:00,2026-05-14 18:00:00,22.96,USD_PER_MT,1,v1.0,VALID,PROXY,hash_fr_004322,True
4323,FREIGHT_ID_SAMARINDA_PARADIP_SUPRA,2026-05-14 00:00:00,2026-05-14 18:00:00,14.51,USD_PER_MT,1,v1.0,VALID,PROXY,hash_fr_004323,True
4324,FREIGHT_ZA_RICHARDSBAY_PARADIP_PANAMAX,2026-05-14 00:00:00,2026-05-14 18:00:00,19.94,USD_PER_MT,1,v1.0,VALID,PROXY,hash_fr_004324,True
4325,FREIGHT_BR_TUBARAO_QINGDAO_CAPE,2026-05-14 00:00:00,2026-05-14 18:00:00,32.9,USD_PER_MT,1,v1.0,VALID,PROXY,hash_fr_004325,True
4326,FREIGHT_AU_HEDLAND_PARADIP_CAPE,2026-05-15 00:00:00,2026-05-15 18:00:00,17.61,USD_PER_MT,1,v1.0,VALID,PROXY,hash_fr_004326,True
4327,FREIGHT_AU_NEWCASTLE_PARADIP_PANAMAX,2026-05-15 00:00:00,2026-05-15 18:00:00,22.68,USD_PER_MT,1,v1.0,VALID,PROXY,hash_fr_004327,True
4328,FREIGHT_ID_SAMARINDA_PARADIP_SUPRA,2026-05-15 00:00:00,2026-05-15 18:00:00,14.15,USD_PER_MT,1,v1.0,VALID,PROXY,hash_fr_004328,True
4329,FREIGHT_ZA_RICHARDSBAY_PARADIP_PANAMAX,2026-05-15 00:00:00,2026-05-15 18:00:00,20.01,USD_PER_MT,1,v1.0,VALID,PROXY,hash_fr_004329,True
4330,FREIGHT_BR_TUBARAO_QINGDAO_CAPE,2026-05-15 00:00:00,2026-05-15 18:00:00,32.55,USD_PER_MT,1,v1.0,VALID,PROXY,hash_fr_004330,True
4331,FREIGHT_AU_HEDLAND_PARADIP_CAPE,2026-05-16 00:00:00,2026-05-16 18:00:00,17.98,USD_PER_MT,1,v1.0,VALID,PROXY,hash_fr_004331,True
4332,FREIGHT_AU_NEWCASTLE_PARADIP_PANAMAX,2026-05-16 00:00:00,2026-05-16 18:00:00,22.41,USD_PER_MT,1,v1.0,VALID,PROXY,hash_fr_004332,True
4333,FREIGHT_ID_SAMARINDA_PARADIP_SUPRA,2026-05-16 00:00:00,2026-05-16 18:00:00,14.02,USD_PER_MT,1,v1.0,VALID,PROXY,hash_fr_004333,True
4334,FREIGHT_ZA_RICHARDSBAY_PARADIP_PANAMAX,2026-05-16 00:00:00,2026-05-16 18:00:00,20.38,USD_PER_MT,1,v1.0,VALID,PROXY,hash_fr_004334,True
4335,FREIGHT_BR_TUBARAO_QINGDAO_CAPE,2026-05-16 00:00:00,2026-05-16 18:00:00,32.26,USD_PER_MT,1,v1.0,VALID,PROXY,hash_fr_004335,True
4336,FREIGHT_AU_HEDLAND_PARADIP_CAPE,2026-05-17 00:00:00,2026-05-17 18:00:00,17.33,USD_PER_MT,1,v1.0,VALID,PROXY,hash_fr_004336,True
4337,FREIGHT_AU_NEWCASTLE_PARADIP_PANAMAX,2026-05-17 00:00:00,2026-05-17 18:00:00,22.62,USD_PER_MT,1,v1.0,VALID,PROXY,hash_fr_004337,True
4338,FREIGHT_ID_SAMARINDA_PARADIP_SUPRA,2026-05-17 00:00:00,2026-05-17 18:00:00,14.05,USD_PER_MT,1,v1.0,VALID,PROXY,hash_fr_004338,True
4339,FREIGHT_ZA_RICHARDSBAY_PARADIP_PANAMAX,2026-05-17 00:00:00,2026-05-17 18:00:00,20.1,USD_PER_MT,1,v1.0,VALID,PROXY,hash_fr_004339,True
4340,FREIGHT_BR_TUBARAO_QINGDAO_CAPE,2026-05-17 00:00:00,2026-05-17 18:00:00,32.14,USD_PER_MT,1,v1.0,VALID,PROXY,hash_fr_004340,True
4341,FREIGHT_AU_HEDLAND_PARADIP_CAPE,2026-05-18 00:00:00,2026-05-18 18:00:00,17.28,USD_PER_MT,1,v1.0,VALID,PROXY,hash_fr_004341,True
4342,FREIGHT_AU_NEWCASTLE_PARADIP_PANAMAX,2026-05-18 00:00:00,2026-05-18 18:00:00,21.88,USD_PER_MT,1,v1.0,VALID,PROXY,hash_fr_004342,True
4343,FREIGHT_ID_SAMARINDA_PARADIP_SUPRA,2026-05-18 00:00:00,2026-05-18 18:00:00,14.2,USD_PER_MT,1,v1.0,VALID,PROXY,hash_fr_004343,True
4344,FREIGHT_ZA_RICHARDSBAY_PARADIP_PANAMAX,2026-05-18 00:00:00,2026-05-18 18:00:00,20.18,USD_PER_MT,1,v1.0,VALID,PROXY,hash_fr_004344,True
4345,FREIGHT_BR_TUBARAO_QINGDAO_CAPE,2026-05-18 00:00:00,2026-05-18 18:00:00,31.72,USD_PER_MT,1,v1.0,VALID,PROXY,hash_fr_004345,True
4346,FREIGHT_AU_HEDLAND_PARADIP_CAPE,2026-05-19 00:00:00,2026-05-19 18:00:00,17.15,USD_PER_MT,1,v1.0,VALID,PROXY,hash_fr_004346,True
4347,FREIGHT_AU_NEWCASTLE_PARADIP_PANAMAX,2026-05-19 00:00:00,2026-05-19 18:00:00,22.16,USD_PER_MT,1,v1.0,VALID,PROXY,hash_fr_004347,True
4348,FREIGHT_ID_SAMARINDA_PARADIP_SUPRA,2026-05-19 00:00:00,2026-05-19 18:00:00,14.26,USD_PER_MT,1,v1.0,VALID,PROXY,hash_fr_004348,True
4349,FREIGHT_ZA_RICHARDSBAY_PARADIP_PANAMAX,2026-05-19 00:00:00,2026-05-19 18:00:00,19.26,USD_PER_MT,1,v1.0,VALID,PROXY,hash_fr_004349,True
4350,FREIGHT_BR_TUBARAO_QINGDAO_CAPE,2026-05-19 00:00:00,2026-05-19 18:00:00,30.61,USD_PER_MT,1,v1.0,VALID,PROXY,hash_fr_004350,True
4351,FREIGHT_AU_HEDLAND_PARADIP_CAPE,2026-05-20 00:00:00,2026-05-20 18:00:00,17.15,USD_PER_MT,1,v1.0,VALID,PROXY,hash_fr_004351,True
4352,FREIGHT_AU_NEWCASTLE_PARADIP_PANAMAX,2026-05-20 00:00:00,2026-05-20 18:00:00,21.59,USD_PER_MT,1,v1.0,VALID,PROXY,hash_fr_004352,True
4353,FREIGHT_ID_SAMARINDA_PARADIP_SUPRA,2026-05-20 00:00:00,2026-05-20 18:00:00,14.25,USD_PER_MT,1,v1.0,VALID,PROXY,hash_fr_004353,True
4354,FREIGHT_ZA_RICHARDSBAY_PARADIP_PANAMAX,2026-05-20 00:00:00,2026-05-20 18:00:00,19.56,USD_PER_MT,1,v1.0,VALID,PROXY,hash_fr_004354,True
4355,FREIGHT_BR_TUBARAO_QINGDAO_CAPE,2026-05-20 00:00:00,2026-05-20 18:00:00,30.29,USD_PER_MT,1,v1.0,VALID,PROXY,hash_fr_004355,True
4356,FREIGHT_AU_HEDLAND_PARADIP_CAPE,2026-05-21 00:00:00,2026-05-21 18:00:00,17.52,USD_PER_MT,1,v1.0,VALID,PROXY,hash_fr_004356,True
4357,FREIGHT_AU_NEWCASTLE_PARADIP_PANAMAX,2026-05-21 00:00:00,2026-05-21 18:00:00,21.32,USD_PER_MT,1,v1.0,VALID,PROXY,hash_fr_004357,True
4358,FREIGHT_ID_SAMARINDA_PARADIP_SUPRA,2026-05-21 00:00:00,2026-05-21 18:00:00,13.67,USD_PER_MT,1,v1.0,VALID,PROXY,hash_fr_004358,True
4359,FREIGHT_ZA_RICHARDSBAY_PARADIP_PANAMAX,2026-05-21 00:00:00,2026-05-21 18:00:00,19.49,USD_PER_MT,1,v1.0,VALID,PROXY,hash_fr_004359,True
4360,FREIGHT_BR_TUBARAO_QINGDAO_CAPE,2026-05-21 00:00:00,2026-05-21 18:00:00,31.35,USD_PER_MT,1,v1.0,VALID,PROXY,hash_fr_004360,True
4361,FREIGHT_AU_HEDLAND_PARADIP_CAPE,2026-05-22 00:00:00,2026-05-22 18:00:00,17.01,USD_PER_MT,1,v1.0,VALID,PROXY,hash_fr_004361,True
4362,FREIGHT_AU_NEWCASTLE_PARADIP_PANAMAX,2026-05-22 00:00:00,2026-05-22 18:00:00,21.95,USD_PER_MT,1,v1.0,VALID,PROXY,hash_fr_004362,True
4363,FREIGHT_ID_SAMARINDA_PARADIP_SUPRA,2026-05-22 00:00:00,2026-05-22 18:00:00,13.95,USD_PER_MT,1,v1.0,VALID,PROXY,hash_fr_004363,True
4364,FREIGHT_ZA_RICHARDSBAY_PARADIP_PANAMAX,2026-05-22 00:00:00,2026-05-22 18:00:00,19.48,USD_PER_MT,1,v1.0,VALID,PROXY,hash_fr_004364,True
4365,FREIGHT_BR_TUBARAO_QINGDAO_CAPE,2026-05-22 00:00:00,2026-05-22 18:00:00,30.58,USD_PER_MT,1,v1.0,VALID,PROXY,hash_fr_004365,True
4366,FREIGHT_AU_HEDLAND_PARADIP_CAPE,2026-05-23 00:00:00,2026-05-23 18:00:00,16.59,USD_PER_MT,1,v1.0,VALID,PROXY,hash_fr_004366,True
4367,FREIGHT_AU_NEWCASTLE_PARADIP_PANAMAX,2026-05-23 00:00:00,2026-05-23 18:00:00,20.76,USD_PER_MT,1,v1.0,VALID,PROXY,hash_fr_004367,True
4368,FREIGHT_ID_SAMARINDA_PARADIP_SUPRA,2026-05-23 00:00:00,2026-05-23 18:00:00,13.37,USD_PER_MT,1,v1.0,VALID,PROXY,hash_fr_004368,True
4369,FREIGHT_ZA_RICHARDSBAY_PARADIP_PANAMAX,2026-05-23 00:00:00,2026-05-23 18:00:00,19.47,USD_PER_MT,1,v1.0,VALID,PROXY,hash_fr_004369,True
4370,FREIGHT_BR_TUBARAO_QINGDAO_CAPE,2026-05-23 00:00:00,2026-05-23 18:00:00,31.27,USD_PER_MT,1,v1.0,VALID,PROXY,hash_fr_004370,True
4371,FREIGHT_AU_HEDLAND_PARADIP_CAPE,2026-05-24 00:00:00,2026-05-24 18:00:00,16.74,USD_PER_MT,1,v1.0,VALID,PROXY,hash_fr_004371,True
4372,FREIGHT_AU_NEWCASTLE_PARADIP_PANAMAX,2026-05-24 00:00:00,2026-05-24 18:00:00,21.27,USD_PER_MT,1,v1.0,VALID,PROXY,hash_fr_004372,True
4373,FREIGHT_ID_SAMARINDA_PARADIP_SUPRA,2026-05-24 00:00:00,2026-05-24 18:00:00,13.54,USD_PER_MT,1,v1.0,VALID,PROXY,hash_fr_004373,True
4374,FREIGHT_ZA_RICHARDSBAY_PARADIP_PANAMAX,2026-05-24 00:00:00,2026-05-24 18:00:00,19.07,USD_PER_MT,1,v1.0,VALID,PROXY,hash_fr_004374,True
4375,FREIGHT_BR_TUBARAO_QINGDAO_CAPE,2026-05-24 00:00:00,2026-05-24 18:00:00,30.87,USD_PER_MT,1,v1.0,VALID,PROXY,hash_fr_004375,True
4376,FREIGHT_AU_HEDLAND_PARADIP_CAPE,2026-05-25 00:00:00,2026-05-25 18:00:00,15.73,USD_PER_MT,1,v1.0,VALID,PROXY,hash_fr_004376,True
4377,FREIGHT_AU_NEWCASTLE_PARADIP_PANAMAX,2026-05-25 00:00:00,2026-05-25 18:00:00,20.66,USD_PER_MT,1,v1.0,VALID,PROXY,hash_fr_004377,True
4378,FREIGHT_ID_SAMARINDA_PARADIP_SUPRA,2026-05-25 00:00:00,2026-05-25 18:00:00,13.71,USD_PER_MT,1,v1.0,VALID,PROXY,hash_fr_004378,True
4379,FREIGHT_ZA_RICHARDSBAY_PARADIP_PANAMAX,2026-05-25 00:00:00,2026-05-25 18:00:00,18.95,USD_PER_MT,1,v1.0,VALID,PROXY,hash_fr_004379,True
4380,FREIGHT_BR_TUBARAO_QINGDAO_CAPE,2026-05-25 00:00:00,2026-05-25 18:00:00,30.07,USD_PER_MT,1,v1.0,VALID,PROXY,hash_fr_004380,True
4381,FREIGHT_AU_HEDLAND_PARADIP_CAPE,2026-05-26 00:00:00,2026-05-26 18:00:00,16.37,USD_PER_MT,1,v1.0,VALID,PROXY,hash_fr_004381,True
4382,FREIGHT_AU_NEWCASTLE_PARADIP_PANAMAX,2026-05-26 00:00:00,2026-05-26 18:00:00,21.42,USD_PER_MT,1,v1.0,VALID,PROXY,hash_fr_004382,True
4383,FREIGHT_ID_SAMARINDA_PARADIP_SUPRA,2026-05-26 00:00:00,2026-05-26 18:00:00,13.7,USD_PER_MT,1,v1.0,VALID,PROXY,hash_fr_004383,True
4384,FREIGHT_ZA_RICHARDSBAY_PARADIP_PANAMAX,2026-05-26 00:00:00,2026-05-26 18:00:00,18.64,USD_PER_MT,1,v1.0,VALID,PROXY,hash_fr_004384,True
4385,FREIGHT_BR_TUBARAO_QINGDAO_CAPE,2026-05-26 00:00:00,2026-05-26 18:00:00,30.33,USD_PER_MT,1,v1.0,VALID,PROXY,hash_fr_004385,True
4386,FREIGHT_AU_HEDLAND_PARADIP_CAPE,2026-05-27 00:00:00,2026-05-27 18:00:00,16.22,USD_PER_MT,1,v1.0,VALID,PROXY,hash_fr_004386,True
4387,FREIGHT_AU_NEWCASTLE_PARADIP_PANAMAX,2026-05-27 00:00:00,2026-05-27 18:00:00,20.81,USD_PER_MT,1,v1.0,VALID,PROXY,hash_fr_004387,True
4388,FREIGHT_ID_SAMARINDA_PARADIP_SUPRA,2026-05-27 00:00:00,2026-05-27 18:00:00,13.02,USD_PER_MT,1,v1.0,VALID,PROXY,hash_fr_004388,True
4389,FREIGHT_ZA_RICHARDSBAY_PARADIP_PANAMAX,2026-05-27 00:00:00,2026-05-27 18:00:00,18.92,USD_PER_MT,1,v1.0,VALID,PROXY,hash_fr_004389,True
4390,FREIGHT_BR_TUBARAO_QINGDAO_CAPE,2026-05-27 00:00:00,2026-05-27 18:00:00,30.0,USD_PER_MT,1,v1.0,VALID,PROXY,hash_fr_004390,True
4391,FREIGHT_AU_HEDLAND_PARADIP_CAPE,2026-05-28 00:00:00,2026-05-28 18:00:00,15.81,USD_PER_MT,1,v1.0,VALID,PROXY,hash_fr_004391,True
4392,FREIGHT_AU_NEWCASTLE_PARADIP_PANAMAX,2026-05-28 00:00:00,2026-05-28 18:00:00,21.32,USD_PER_MT,1,v1.0,VALID,PROXY,hash_fr_004392,True
4393,FREIGHT_ID_SAMARINDA_PARADIP_SUPRA,2026-05-28 00:00:00,2026-05-28 18:00:00,12.87,USD_PER_MT,1,v1.0,VALID,PROXY,hash_fr_004393,True
4394,FREIGHT_ZA_RICHARDSBAY_PARADIP_PANAMAX,2026-05-28 00:00:00,2026-05-28 18:00:00,19.4,USD_PER_MT,1,v1.0,VALID,PROXY,hash_fr_004394,True
4395,FREIGHT_BR_TUBARAO_QINGDAO_CAPE,2026-05-28 00:00:00,2026-05-28 18:00:00,30.75,USD_PER_MT,1,v1.0,VALID,PROXY,hash_fr_004395,True
4396,FREIGHT_AU_HEDLAND_PARADIP_CAPE,2026-05-29 00:00:00,2026-05-29 18:00:00,16.6,USD_PER_MT,1,v1.0,VALID,PROXY,hash_fr_004396,True
4397,FREIGHT_AU_NEWCASTLE_PARADIP_PANAMAX,2026-05-29 00:00:00,2026-05-29 18:00:00,20.64,USD_PER_MT,1,v1.0,VALID,PROXY,hash_fr_004397,True
4398,FREIGHT_ID_SAMARINDA_PARADIP_SUPRA,2026-05-29 00:00:00,2026-05-29 18:00:00,13.03,USD_PER_MT,1,v1.0,VALID,PROXY,hash_fr_004398,True
4399,FREIGHT_ZA_RICHARDSBAY_PARADIP_PANAMAX,2026-05-29 00:00:00,2026-05-29 18:00:00,18.69,USD_PER_MT,1,v1.0,VALID,PROXY,hash_fr_004399,True
4400,FREIGHT_BR_TUBARAO_QINGDAO_CAPE,2026-05-29 00:00:00,2026-05-29 18:00:00,28.92,USD_PER_MT,1,v1.0,VALID,PROXY,hash_fr_004400,True
4401,FREIGHT_AU_HEDLAND_PARADIP_CAPE,2026-05-30 00:00:00,2026-05-30 18:00:00,16.64,USD_PER_MT,1,v1.0,VALID,PROXY,hash_fr_004401,True
4402,FREIGHT_AU_NEWCASTLE_PARADIP_PANAMAX,2026-05-30 00:00:00,2026-05-30 18:00:00,19.98,USD_PER_MT,1,v1.0,VALID,PROXY,hash_fr_004402,True
4403,FREIGHT_ID_SAMARINDA_PARADIP_SUPRA,2026-05-30 00:00:00,2026-05-30 18:00:00,12.97,USD_PER_MT,1,v1.0,VALID,PROXY,hash_fr_004403,True
4404,FREIGHT_ZA_RICHARDSBAY_PARADIP_PANAMAX,2026-05-30 00:00:00,2026-05-30 18:00:00,18.58,USD_PER_MT,1,v1.0,VALID,PROXY,hash_fr_004404,True
4405,FREIGHT_BR_TUBARAO_QINGDAO_CAPE,2026-05-30 00:00:00,2026-05-30 18:00:00,29.93,USD_PER_MT,1,v1.0,VALID,PROXY,hash_fr_004405,True
4406,FREIGHT_AU_HEDLAND_PARADIP_CAPE,2026-05-31 00:00:00,2026-05-31 18:00:00,16.04,USD_PER_MT,1,v1.0,VALID,PROXY,hash_fr_004406,True
4407,FREIGHT_AU_NEWCASTLE_PARADIP_PANAMAX,2026-05-31 00:00:00,2026-05-31 18:00:00,20.55,USD_PER_MT,1,v1.0,VALID,PROXY,hash_fr_004407,True
4408,FREIGHT_ID_SAMARINDA_PARADIP_SUPRA,2026-05-31 00:00:00,2026-05-31 18:00:00,13.32,USD_PER_MT,1,v1.0,VALID,PROXY,hash_fr_004408,True
4409,FREIGHT_ZA_RICHARDSBAY_PARADIP_PANAMAX,2026-05-31 00:00:00,2026-05-31 18:00:00,18.77,USD_PER_MT,1,v1.0,VALID,PROXY,hash_fr_004409,True
4410,FREIGHT_BR_TUBARAO_QINGDAO_CAPE,2026-05-31 00:00:00,2026-05-31 18:00:00,29.62,USD_PER_MT,1,v1.0,VALID,PROXY,hash_fr_004410,True
4411,FREIGHT_AU_HEDLAND_PARADIP_CAPE,2026-06-01 00:00:00,2026-06-01 18:00:00,16.12,USD_PER_MT,1,v1.0,VALID,PROXY,hash_fr_004411,True
4412,FREIGHT_AU_NEWCASTLE_PARADIP_PANAMAX,2026-06-01 00:00:00,2026-06-01 18:00:00,20.42,USD_PER_MT,1,v1.0,VALID,PROXY,hash_fr_004412,True
4413,FREIGHT_ID_SAMARINDA_PARADIP_SUPRA,2026-06-01 00:00:00,2026-06-01 18:00:00,12.27,USD_PER_MT,1,v1.0,VALID,PROXY,hash_fr_004413,True
4414,FREIGHT_ZA_RICHARDSBAY_PARADIP_PANAMAX,2026-06-01 00:00:00,2026-06-01 18:00:00,18.27,USD_PER_MT,1,v1.0,VALID,PROXY,hash_fr_004414,True
4415,FREIGHT_BR_TUBARAO_QINGDAO_CAPE,2026-06-01 00:00:00,2026-06-01 18:00:00,29.34,USD_PER_MT,1,v1.0,VALID,PROXY,hash_fr_004415,True
4416,FREIGHT_AU_HEDLAND_PARADIP_CAPE,2026-06-02 00:00:00,2026-06-02 18:00:00,16.78,USD_PER_MT,1,v1.0,VALID,PROXY,hash_fr_004416,True
4417,FREIGHT_AU_NEWCASTLE_PARADIP_PANAMAX,2026-06-02 00:00:00,2026-06-02 18:00:00,20.57,USD_PER_MT,1,v1.0,VALID,PROXY,hash_fr_004417,True
4418,FREIGHT_ID_SAMARINDA_PARADIP_SUPRA,2026-06-02 00:00:00,2026-06-02 18:00:00,12.97,USD_PER_MT,1,v1.0,VALID,PROXY,hash_fr_004418,True
4419,FREIGHT_ZA_RICHARDSBAY_PARADIP_PANAMAX,2026-06-02 00:00:00,2026-06-02 18:00:00,18.22,USD_PER_MT,1,v1.0,VALID,PROXY,hash_fr_004419,True
4420,FREIGHT_BR_TUBARAO_QINGDAO_CAPE,2026-06-02 00:00:00,2026-06-02 18:00:00,28.94,USD_PER_MT,1,v1.0,VALID,PROXY,hash_fr_004420,True
4421,FREIGHT_AU_HEDLAND_PARADIP_CAPE,2026-06-03 00:00:00,2026-06-03 18:00:00,16.87,USD_PER_MT,1,v1.0,VALID,PROXY,hash_fr_004421,True
4422,FREIGHT_AU_NEWCASTLE_PARADIP_PANAMAX,2026-06-03 00:00:00,2026-06-03 18:00:00,20.88,USD_PER_MT,1,v1.0,VALID,PROXY,hash_fr_004422,True
4423,FREIGHT_ID_SAMARINDA_PARADIP_SUPRA,2026-06-03 00:00:00,2026-06-03 18:00:00,13.02,USD_PER_MT,1,v1.0,VALID,PROXY,hash_fr_004423,True
4424,FREIGHT_ZA_RICHARDSBAY_PARADIP_PANAMAX,2026-06-03 00:00:00,2026-06-03 18:00:00,18.63,USD_PER_MT,1,v1.0,VALID,PROXY,hash_fr_004424,True
4425,FREIGHT_BR_TUBARAO_QINGDAO_CAPE,2026-06-03 00:00:00,2026-06-03 18:00:00,29.6,USD_PER_MT,1,v1.0,VALID,PROXY,hash_fr_004425,True
4426,FREIGHT_AU_HEDLAND_PARADIP_CAPE,2026-06-04 00:00:00,2026-06-04 18:00:00,15.77,USD_PER_MT,1,v1.0,VALID,PROXY,hash_fr_004426,True
4427,FREIGHT_AU_NEWCASTLE_PARADIP_PANAMAX,2026-06-04 00:00:00,2026-06-04 18:00:00,21.28,USD_PER_MT,1,v1.0,VALID,PROXY,hash_fr_004427,True
4428,FREIGHT_ID_SAMARINDA_PARADIP_SUPRA,2026-06-04 00:00:00,2026-06-04 18:00:00,13.41,USD_PER_MT,1,v1.0,VALID,PROXY,hash_fr_004428,True
4429,FREIGHT_ZA_RICHARDSBAY_PARADIP_PANAMAX,2026-06-04 00:00:00,2026-06-04 18:00:00,18.43,USD_PER_MT,1,v1.0,VALID,PROXY,hash_fr_004429,True
4430,FREIGHT_BR_TUBARAO_QINGDAO_CAPE,2026-06-04 00:00:00,2026-06-04 18:00:00,29.31,USD_PER_MT,1,v1.0,VALID,PROXY,hash_fr_004430,True
4431,FREIGHT_AU_HEDLAND_PARADIP_CAPE,2026-06-05 00:00:00,2026-06-05 18:00:00,16.17,USD_PER_MT,1,v1.0,VALID,PROXY,hash_fr_004431,True
4432,FREIGHT_AU_NEWCASTLE_PARADIP_PANAMAX,2026-06-05 00:00:00,2026-06-05 18:00:00,20.89,USD_PER_MT,1,v1.0,VALID,PROXY,hash_fr_004432,True
4433,FREIGHT_ID_SAMARINDA_PARADIP_SUPRA,2026-06-05 00:00:00,2026-06-05 18:00:00,13.04,USD_PER_MT,1,v1.0,VALID,PROXY,hash_fr_004433,True
4434,FREIGHT_ZA_RICHARDSBAY_PARADIP_PANAMAX,2026-06-05 00:00:00,2026-06-05 18:00:00,18.73,USD_PER_MT,1,v1.0,VALID,PROXY,hash_fr_004434,True
4435,FREIGHT_BR_TUBARAO_QINGDAO_CAPE,2026-06-05 00:00:00,2026-06-05 18:00:00,30.58,USD_PER_MT,1,v1.0,VALID,PROXY,hash_fr_004435,True
4436,FREIGHT_AU_HEDLAND_PARADIP_CAPE,2026-06-06 00:00:00,2026-06-06 18:00:00,16.33,USD_PER_MT,1,v1.0,VALID,PROXY,hash_fr_004436,True
4437,FREIGHT_AU_NEWCASTLE_PARADIP_PANAMAX,2026-06-06 00:00:00,2026-06-06 18:00:00,20.48,USD_PER_MT,1,v1.0,VALID,PROXY,hash_fr_004437,True
4438,FREIGHT_ID_SAMARINDA_PARADIP_SUPRA,2026-06-06 00:00:00,2026-06-06 18:00:00,12.8,USD_PER_MT,1,v1.0,VALID,PROXY,hash_fr_004438,True
4439,FREIGHT_ZA_RICHARDSBAY_PARADIP_PANAMAX,2026-06-06 00:00:00,2026-06-06 18:00:00,18.15,USD_PER_MT,1,v1.0,VALID,PROXY,hash_fr_004439,True
4440,FREIGHT_BR_TUBARAO_QINGDAO_CAPE,2026-06-06 00:00:00,2026-06-06 18:00:00,28.8,USD_PER_MT,1,v1.0,VALID,PROXY,hash_fr_004440,True
4441,FREIGHT_AU_HEDLAND_PARADIP_CAPE,2026-06-07 00:00:00,2026-06-07 18:00:00,16.04,USD_PER_MT,1,v1.0,VALID,PROXY,hash_fr_004441,True
4442,FREIGHT_AU_NEWCASTLE_PARADIP_PANAMAX,2026-06-07 00:00:00,2026-06-07 18:00:00,21.13,USD_PER_MT,1,v1.0,VALID,PROXY,hash_fr_004442,True
4443,FREIGHT_ID_SAMARINDA_PARADIP_SUPRA,2026-06-07 00:00:00,2026-06-07 18:00:00,13.28,USD_PER_MT,1,v1.0,VALID,PROXY,hash_fr_004443,True
4444,FREIGHT_ZA_RICHARDSBAY_PARADIP_PANAMAX,2026-06-07 00:00:00,2026-06-07 18:00:00,18.71,USD_PER_MT,1,v1.0,VALID,PROXY,hash_fr_004444,True
4445,FREIGHT_BR_TUBARAO_QINGDAO_CAPE,2026-06-07 00:00:00,2026-06-07 18:00:00,29.62,USD_PER_MT,1,v1.0,VALID,PROXY,hash_fr_004445,True
4446,FREIGHT_AU_HEDLAND_PARADIP_CAPE,2026-06-08 00:00:00,2026-06-08 18:00:00,16.32,USD_PER_MT,1,v1.0,VALID,PROXY,hash_fr_004446,True
4447,FREIGHT_AU_NEWCASTLE_PARADIP_PANAMAX,2026-06-08 00:00:00,2026-06-08 18:00:00,21.14,USD_PER_MT,1,v1.0,VALID,PROXY,hash_fr_004447,True
4448,FREIGHT_ID_SAMARINDA_PARADIP_SUPRA,2026-06-08 00:00:00,2026-06-08 18:00:00,12.81,USD_PER_MT,1,v1.0,VALID,PROXY,hash_fr_004448,True
4449,FREIGHT_ZA_RICHARDSBAY_PARADIP_PANAMAX,2026-06-08 00:00:00,2026-06-08 18:00:00,18.62,USD_PER_MT,1,v1.0,VALID,PROXY,hash_fr_004449,True
4450,FREIGHT_BR_TUBARAO_QINGDAO_CAPE,2026-06-08 00:00:00,2026-06-08 18:00:00,29.26,USD_PER_MT,1,v1.0,VALID,PROXY,hash_fr_004450,True
4451,FREIGHT_AU_HEDLAND_PARADIP_CAPE,2026-06-09 00:00:00,2026-06-09 18:00:00,16.24,USD_PER_MT,1,v1.0,VALID,PROXY,hash_fr_004451,True
4452,FREIGHT_AU_NEWCASTLE_PARADIP_PANAMAX,2026-06-09 00:00:00,2026-06-09 18:00:00,20.49,USD_PER_MT,1,v1.0,VALID,PROXY,hash_fr_004452,True
4453,FREIGHT_ID_SAMARINDA_PARADIP_SUPRA,2026-06-09 00:00:00,2026-06-09 18:00:00,13.19,USD_PER_MT,1,v1.0,VALID,PROXY,hash_fr_004453,True
4454,FREIGHT_ZA_RICHARDSBAY_PARADIP_PANAMAX,2026-06-09 00:00:00,2026-06-09 18:00:00,18.49,USD_PER_MT,1,v1.0,VALID,PROXY,hash_fr_004454,True
4455,FREIGHT_BR_TUBARAO_QINGDAO_CAPE,2026-06-09 00:00:00,2026-06-09 18:00:00,29.35,USD_PER_MT,1,v1.0,VALID,PROXY,hash_fr_004455,True
4456,FREIGHT_AU_HEDLAND_PARADIP_CAPE,2026-06-10 00:00:00,2026-06-10 18:00:00,16.62,USD_PER_MT,1,v1.0,VALID,PROXY,hash_fr_004456,True
4457,FREIGHT_AU_NEWCASTLE_PARADIP_PANAMAX,2026-06-10 00:00:00,2026-06-10 18:00:00,21.19,USD_PER_MT,1,v1.0,VALID,PROXY,hash_fr_004457,True
4458,FREIGHT_ID_SAMARINDA_PARADIP_SUPRA,2026-06-10 00:00:00,2026-06-10 18:00:00,13.24,USD_PER_MT,1,v1.0,VALID,PROXY,hash_fr_004458,True
4459,FREIGHT_ZA_RICHARDSBAY_PARADIP_PANAMAX,2026-06-10 00:00:00,2026-06-10 18:00:00,18.72,USD_PER_MT,1,v1.0,VALID,PROXY,hash_fr_004459,True
4460,FREIGHT_BR_TUBARAO_QINGDAO_CAPE,2026-06-10 00:00:00,2026-06-10 18:00:00,29.02,USD_PER_MT,1,v1.0,VALID,PROXY,hash_fr_004460,True
4461,FREIGHT_AU_HEDLAND_PARADIP_CAPE,2026-06-11 00:00:00,2026-06-11 18:00:00,15.82,USD_PER_MT,1,v1.0,VALID,PROXY,hash_fr_004461,True
4462,FREIGHT_AU_NEWCASTLE_PARADIP_PANAMAX,2026-06-11 00:00:00,2026-06-11 18:00:00,21.42,USD_PER_MT,1,v1.0,VALID,PROXY,hash_fr_004462,True
4463,FREIGHT_ID_SAMARINDA_PARADIP_SUPRA,2026-06-11 00:00:00,2026-06-11 18:00:00,13.37,USD_PER_MT,1,v1.0,VALID,PROXY,hash_fr_004463,True
4464,FREIGHT_ZA_RICHARDSBAY_PARADIP_PANAMAX,2026-06-11 00:00:00,2026-06-11 18:00:00,18.71,USD_PER_MT,1,v1.0,VALID,PROXY,hash_fr_004464,True
4465,FREIGHT_BR_TUBARAO_QINGDAO_CAPE,2026-06-11 00:00:00,2026-06-11 18:00:00,29.89,USD_PER_MT,1,v1.0,VALID,PROXY,hash_fr_004465,True
4466,FREIGHT_AU_HEDLAND_PARADIP_CAPE,2026-06-12 00:00:00,2026-06-12 18:00:00,16.22,USD_PER_MT,1,v1.0,VALID,PROXY,hash_fr_004466,True
4467,FREIGHT_AU_NEWCASTLE_PARADIP_PANAMAX,2026-06-12 00:00:00,2026-06-12 18:00:00,21.12,USD_PER_MT,1,v1.0,VALID,PROXY,hash_fr_004467,True
4468,FREIGHT_ID_SAMARINDA_PARADIP_SUPRA,2026-06-12 00:00:00,2026-06-12 18:00:00,13.56,USD_PER_MT,1,v1.0,VALID,PROXY,hash_fr_004468,True
4469,FREIGHT_ZA_RICHARDSBAY_PARADIP_PANAMAX,2026-06-12 00:00:00,2026-06-12 18:00:00,19.06,USD_PER_MT,1,v1.0,VALID,PROXY,hash_fr_004469,True
4470,FREIGHT_BR_TUBARAO_QINGDAO_CAPE,2026-06-12 00:00:00,2026-06-12 18:00:00,29.61,USD_PER_MT,1,v1.0,VALID,PROXY,hash_fr_004470,True
4471,FREIGHT_AU_HEDLAND_PARADIP_CAPE,2026-06-13 00:00:00,2026-06-13 18:00:00,16.77,USD_PER_MT,1,v1.0,VALID,PROXY,hash_fr_004471,True
4472,FREIGHT_AU_NEWCASTLE_PARADIP_PANAMAX,2026-06-13 00:00:00,2026-06-13 18:00:00,21.37,USD_PER_MT,1,v1.0,VALID,PROXY,hash_fr_004472,True
4473,FREIGHT_ID_SAMARINDA_PARADIP_SUPRA,2026-06-13 00:00:00,2026-06-13 18:00:00,13.16,USD_PER_MT,1,v1.0,VALID,PROXY,hash_fr_004473,True
4474,FREIGHT_ZA_RICHARDSBAY_PARADIP_PANAMAX,2026-06-13 00:00:00,2026-06-13 18:00:00,18.64,USD_PER_MT,1,v1.0,VALID,PROXY,hash_fr_004474,True
4475,FREIGHT_BR_TUBARAO_QINGDAO_CAPE,2026-06-13 00:00:00,2026-06-13 18:00:00,30.42,USD_PER_MT,1,v1.0,VALID,PROXY,hash_fr_004475,True
4476,FREIGHT_AU_HEDLAND_PARADIP_CAPE,2026-06-14 00:00:00,2026-06-14 18:00:00,17.1,USD_PER_MT,1,v1.0,VALID,PROXY,hash_fr_004476,True
4477,FREIGHT_AU_NEWCASTLE_PARADIP_PANAMAX,2026-06-14 00:00:00,2026-06-14 18:00:00,21.78,USD_PER_MT,1,v1.0,VALID,PROXY,hash_fr_004477,True
4478,FREIGHT_ID_SAMARINDA_PARADIP_SUPRA,2026-06-14 00:00:00,2026-06-14 18:00:00,13.5,USD_PER_MT,1,v1.0,VALID,PROXY,hash_fr_004478,True
4479,FREIGHT_ZA_RICHARDSBAY_PARADIP_PANAMAX,2026-06-14 00:00:00,2026-06-14 18:00:00,19.14,USD_PER_MT,1,v1.0,VALID,PROXY,hash_fr_004479,True
4480,FREIGHT_BR_TUBARAO_QINGDAO_CAPE,2026-06-14 00:00:00,2026-06-14 18:00:00,30.16,USD_PER_MT,1,v1.0,VALID,PROXY,hash_fr_004480,True
4481,FREIGHT_AU_HEDLAND_PARADIP_CAPE,2026-06-15 00:00:00,2026-06-15 18:00:00,16.95,USD_PER_MT,1,v1.0,VALID,PROXY,hash_fr_004481,True
4482,FREIGHT_AU_NEWCASTLE_PARADIP_PANAMAX,2026-06-15 00:00:00,2026-06-15 18:00:00,21.38,USD_PER_MT,1,v1.0,VALID,PROXY,hash_fr_004482,True
4483,FREIGHT_ID_SAMARINDA_PARADIP_SUPRA,2026-06-15 00:00:00,2026-06-15 18:00:00,13.23,USD_PER_MT,1,v1.0,VALID,PROXY,hash_fr_004483,True
4484,FREIGHT_ZA_RICHARDSBAY_PARADIP_PANAMAX,2026-06-15 00:00:00,2026-06-15 18:00:00,19.72,USD_PER_MT,1,v1.0,VALID,PROXY,hash_fr_004484,True
4485,FREIGHT_BR_TUBARAO_QINGDAO_CAPE,2026-06-15 00:00:00,2026-06-15 18:00:00,30.4,USD_PER_MT,1,v1.0,VALID,PROXY,hash_fr_004485,True
4486,FREIGHT_AU_HEDLAND_PARADIP_CAPE,2026-06-16 00:00:00,2026-06-16 18:00:00,17.24,USD_PER_MT,1,v1.0,VALID,PROXY,hash_fr_004486,True
4487,FREIGHT_AU_NEWCASTLE_PARADIP_PANAMAX,2026-06-16 00:00:00,2026-06-16 18:00:00,21.69,USD_PER_MT,1,v1.0,VALID,PROXY,hash_fr_004487,True
4488,FREIGHT_ID_SAMARINDA_PARADIP_SUPRA,2026-06-16 00:00:00,2026-06-16 18:00:00,13.57,USD_PER_MT,1,v1.0,VALID,PROXY,hash_fr_004488,True
4489,FREIGHT_ZA_RICHARDSBAY_PARADIP_PANAMAX,2026-06-16 00:00:00,2026-06-16 18:00:00,19.81,USD_PER_MT,1,v1.0,VALID,PROXY,hash_fr_004489,True
4490,FREIGHT_BR_TUBARAO_QINGDAO_CAPE,2026-06-16 00:00:00,2026-06-16 18:00:00,30.55,USD_PER_MT,1,v1.0,VALID,PROXY,hash_fr_004490,True
4491,FREIGHT_AU_HEDLAND_PARADIP_CAPE,2026-06-17 00:00:00,2026-06-17 18:00:00,17.28,USD_PER_MT,1,v1.0,VALID,PROXY,hash_fr_004491,True
4492,FREIGHT_AU_NEWCASTLE_PARADIP_PANAMAX,2026-06-17 00:00:00,2026-06-17 18:00:00,21.53,USD_PER_MT,1,v1.0,VALID,PROXY,hash_fr_004492,True
4493,FREIGHT_ID_SAMARINDA_PARADIP_SUPRA,2026-06-17 00:00:00,2026-06-17 18:00:00,13.32,USD_PER_MT,1,v1.0,VALID,PROXY,hash_fr_004493,True
4494,FREIGHT_ZA_RICHARDSBAY_PARADIP_PANAMAX,2026-06-17 00:00:00,2026-06-17 18:00:00,19.37,USD_PER_MT,1,v1.0,VALID,PROXY,hash_fr_004494,True
4495,FREIGHT_BR_TUBARAO_QINGDAO_CAPE,2026-06-17 00:00:00,2026-06-17 18:00:00,31.31,USD_PER_MT,1,v1.0,VALID,PROXY,hash_fr_004495,True
4496,FREIGHT_AU_HEDLAND_PARADIP_CAPE,2026-06-18 00:00:00,2026-06-18 18:00:00,17.33,USD_PER_MT,1,v1.0,VALID,PROXY,hash_fr_004496,True
4497,FREIGHT_AU_NEWCASTLE_PARADIP_PANAMAX,2026-06-18 00:00:00,2026-06-18 18:00:00,21.88,USD_PER_MT,1,v1.0,VALID,PROXY,hash_fr_004497,True
4498,FREIGHT_ID_SAMARINDA_PARADIP_SUPRA,2026-06-18 00:00:00,2026-06-18 18:00:00,13.32,USD_PER_MT,1,v1.0,VALID,PROXY,hash_fr_004498,True
4499,FREIGHT_ZA_RICHARDSBAY_PARADIP_PANAMAX,2026-06-18 00:00:00,2026-06-18 18:00:00,19.83,USD_PER_MT,1,v1.0,VALID,PROXY,hash_fr_004499,True
4500,FREIGHT_BR_TUBARAO_QINGDAO_CAPE,2026-06-18 00:00:00,2026-06-18 18:00:00,30.96,USD_PER_MT,1,v1.0,VALID,PROXY,hash_fr_004500,True
4501,FREIGHT_AU_HEDLAND_PARADIP_CAPE,2026-06-19 00:00:00,2026-06-19 18:00:00,17.49,USD_PER_MT,1,v1.0,VALID,PROXY,hash_fr_004501,True
4502,FREIGHT_AU_NEWCASTLE_PARADIP_PANAMAX,2026-06-19 00:00:00,2026-06-19 18:00:00,22.44,USD_PER_MT,1,v1.0,VALID,PROXY,hash_fr_004502,True
4503,FREIGHT_ID_SAMARINDA_PARADIP_SUPRA,2026-06-19 00:00:00,2026-06-19 18:00:00,13.7,USD_PER_MT,1,v1.0,VALID,PROXY,hash_fr_004503,True
4504,FREIGHT_ZA_RICHARDSBAY_PARADIP_PANAMAX,2026-06-19 00:00:00,2026-06-19 18:00:00,20.14,USD_PER_MT,1,v1.0,VALID,PROXY,hash_fr_004504,True
4505,FREIGHT_BR_TUBARAO_QINGDAO_CAPE,2026-06-19 00:00:00,2026-06-19 18:00:00,30.86,USD_PER_MT,1,v1.0,VALID,PROXY,hash_fr_004505,True
4506,FREIGHT_AU_HEDLAND_PARADIP_CAPE,2026-06-20 00:00:00,2026-06-20 18:00:00,17.46,USD_PER_MT,1,v1.0,VALID,PROXY,hash_fr_004506,True
4507,FREIGHT_AU_NEWCASTLE_PARADIP_PANAMAX,2026-06-20 00:00:00,2026-06-20 18:00:00,22.53,USD_PER_MT,1,v1.0,VALID,PROXY,hash_fr_004507,True
4508,FREIGHT_ID_SAMARINDA_PARADIP_SUPRA,2026-06-20 00:00:00,2026-06-20 18:00:00,13.46,USD_PER_MT,1,v1.0,VALID,PROXY,hash_fr_004508,True
4509,FREIGHT_ZA_RICHARDSBAY_PARADIP_PANAMAX,2026-06-20 00:00:00,2026-06-20 18:00:00,19.95,USD_PER_MT,1,v1.0,VALID,PROXY,hash_fr_004509,True
4510,FREIGHT_BR_TUBARAO_QINGDAO_CAPE,2026-06-20 00:00:00,2026-06-20 18:00:00,31.18,USD_PER_MT,1,v1.0,VALID,PROXY,hash_fr_004510,True
4511,FREIGHT_AU_HEDLAND_PARADIP_CAPE,2026-06-21 00:00:00,2026-06-21 18:00:00,17.71,USD_PER_MT,1,v1.0,VALID,PROXY,hash_fr_004511,True
4512,FREIGHT_AU_NEWCASTLE_PARADIP_PANAMAX,2026-06-21 00:00:00,2026-06-21 18:00:00,21.63,USD_PER_MT,1,v1.0,VALID,PROXY,hash_fr_004512,True
4513,FREIGHT_ID_SAMARINDA_PARADIP_SUPRA,2026-06-21 00:00:00,2026-06-21 18:00:00,14.22,USD_PER_MT,1,v1.0,VALID,PROXY,hash_fr_004513,True
4514,FREIGHT_ZA_RICHARDSBAY_PARADIP_PANAMAX,2026-06-21 00:00:00,2026-06-21 18:00:00,20.02,USD_PER_MT,1,v1.0,VALID,PROXY,hash_fr_004514,True
4515,FREIGHT_BR_TUBARAO_QINGDAO_CAPE,2026-06-21 00:00:00,2026-06-21 18:00:00,30.53,USD_PER_MT,1,v1.0,VALID,PROXY,hash_fr_004515,True
4516,FREIGHT_AU_HEDLAND_PARADIP_CAPE,2026-06-22 00:00:00,2026-06-22 18:00:00,17.77,USD_PER_MT,1,v1.0,VALID,PROXY,hash_fr_004516,True
4517,FREIGHT_AU_NEWCASTLE_PARADIP_PANAMAX,2026-06-22 00:00:00,2026-06-22 18:00:00,22.48,USD_PER_MT,1,v1.0,VALID,PROXY,hash_fr_004517,True
4518,FREIGHT_ID_SAMARINDA_PARADIP_SUPRA,2026-06-22 00:00:00,2026-06-22 18:00:00,14.1,USD_PER_MT,1,v1.0,VALID,PROXY,hash_fr_004518,True
4519,FREIGHT_ZA_RICHARDSBAY_PARADIP_PANAMAX,2026-06-22 00:00:00,2026-06-22 18:00:00,19.89,USD_PER_MT,1,v1.0,VALID,PROXY,hash_fr_004519,True
4520,FREIGHT_BR_TUBARAO_QINGDAO_CAPE,2026-06-22 00:00:00,2026-06-22 18:00:00,32.04,USD_PER_MT,1,v1.0,VALID,PROXY,hash_fr_004520,True
4521,FREIGHT_AU_HEDLAND_PARADIP_CAPE,2026-06-23 00:00:00,2026-06-23 18:00:00,17.99,USD_PER_MT,1,v1.0,VALID,PROXY,hash_fr_004521,True
4522,FREIGHT_AU_NEWCASTLE_PARADIP_PANAMAX,2026-06-23 00:00:00,2026-06-23 18:00:00,22.44,USD_PER_MT,1,v1.0,VALID,PROXY,hash_fr_004522,True
4523,FREIGHT_ID_SAMARINDA_PARADIP_SUPRA,2026-06-23 00:00:00,2026-06-23 18:00:00,14.2,USD_PER_MT,1,v1.0,VALID,PROXY,hash_fr_004523,True
4524,FREIGHT_ZA_RICHARDSBAY_PARADIP_PANAMAX,2026-06-23 00:00:00,2026-06-23 18:00:00,20.48,USD_PER_MT,1,v1.0,VALID,PROXY,hash_fr_004524,True
4525,FREIGHT_BR_TUBARAO_QINGDAO_CAPE,2026-06-23 00:00:00,2026-06-23 18:00:00,32.72,USD_PER_MT,1,v1.0,VALID,PROXY,hash_fr_004525,True
4526,FREIGHT_AU_HEDLAND_PARADIP_CAPE,2026-06-24 00:00:00,2026-06-24 18:00:00,17.64,USD_PER_MT,1,v1.0,VALID,PROXY,hash_fr_004526,True
4527,FREIGHT_AU_NEWCASTLE_PARADIP_PANAMAX,2026-06-24 00:00:00,2026-06-24 18:00:00,22.71,USD_PER_MT,1,v1.0,VALID,PROXY,hash_fr_004527,True
4528,FREIGHT_ID_SAMARINDA_PARADIP_SUPRA,2026-06-24 00:00:00,2026-06-24 18:00:00,14.84,USD_PER_MT,1,v1.0,VALID,PROXY,hash_fr_004528,True
4529,FREIGHT_ZA_RICHARDSBAY_PARADIP_PANAMAX,2026-06-24 00:00:00,2026-06-24 18:00:00,20.55,USD_PER_MT,1,v1.0,VALID,PROXY,hash_fr_004529,True
4530,FREIGHT_BR_TUBARAO_QINGDAO_CAPE,2026-06-24 00:00:00,2026-06-24 18:00:00,32.34,USD_PER_MT,1,v1.0,VALID,PROXY,hash_fr_004530,True
4531,FREIGHT_AU_HEDLAND_PARADIP_CAPE,2026-06-25 00:00:00,2026-06-25 18:00:00,17.75,USD_PER_MT,1,v1.0,VALID,PROXY,hash_fr_004531,True
4532,FREIGHT_AU_NEWCASTLE_PARADIP_PANAMAX,2026-06-25 00:00:00,2026-06-25 18:00:00,23.03,USD_PER_MT,1,v1.0,VALID,PROXY,hash_fr_004532,True
4533,FREIGHT_ID_SAMARINDA_PARADIP_SUPRA,2026-06-25 00:00:00,2026-06-25 18:00:00,14.43,USD_PER_MT,1,v1.0,VALID,PROXY,hash_fr_004533,True
4534,FREIGHT_ZA_RICHARDSBAY_PARADIP_PANAMAX,2026-06-25 00:00:00,2026-06-25 18:00:00,20.42,USD_PER_MT,1,v1.0,VALID,PROXY,hash_fr_004534,True
4535,FREIGHT_BR_TUBARAO_QINGDAO_CAPE,2026-06-25 00:00:00,2026-06-25 18:00:00,32.92,USD_PER_MT,1,v1.0,VALID,PROXY,hash_fr_004535,True
4536,FREIGHT_AU_HEDLAND_PARADIP_CAPE,2026-06-26 00:00:00,2026-06-26 18:00:00,18.0,USD_PER_MT,1,v1.0,VALID,PROXY,hash_fr_004536,True
4537,FREIGHT_AU_NEWCASTLE_PARADIP_PANAMAX,2026-06-26 00:00:00,2026-06-26 18:00:00,22.63,USD_PER_MT,1,v1.0,VALID,PROXY,hash_fr_004537,True
4538,FREIGHT_ID_SAMARINDA_PARADIP_SUPRA,2026-06-26 00:00:00,2026-06-26 18:00:00,14.33,USD_PER_MT,1,v1.0,VALID,PROXY,hash_fr_004538,True
4539,FREIGHT_ZA_RICHARDSBAY_PARADIP_PANAMAX,2026-06-26 00:00:00,2026-06-26 18:00:00,20.22,USD_PER_MT,1,v1.0,VALID,PROXY,hash_fr_004539,True
4540,FREIGHT_BR_TUBARAO_QINGDAO_CAPE,2026-06-26 00:00:00,2026-06-26 18:00:00,33.18,USD_PER_MT,1,v1.0,VALID,PROXY,hash_fr_004540,True
4541,FREIGHT_AU_HEDLAND_PARADIP_CAPE,2026-06-27 00:00:00,2026-06-27 18:00:00,18.14,USD_PER_MT,1,v1.0,VALID,PROXY,hash_fr_004541,True
4542,FREIGHT_AU_NEWCASTLE_PARADIP_PANAMAX,2026-06-27 00:00:00,2026-06-27 18:00:00,22.58,USD_PER_MT,1,v1.0,VALID,PROXY,hash_fr_004542,True
4543,FREIGHT_ID_SAMARINDA_PARADIP_SUPRA,2026-06-27 00:00:00,2026-06-27 18:00:00,14.42,USD_PER_MT,1,v1.0,VALID,PROXY,hash_fr_004543,True
4544,FREIGHT_ZA_RICHARDSBAY_PARADIP_PANAMAX,2026-06-27 00:00:00,2026-06-27 18:00:00,20.59,USD_PER_MT,1,v1.0,VALID,PROXY,hash_fr_004544,True
4545,FREIGHT_BR_TUBARAO_QINGDAO_CAPE,2026-06-27 00:00:00,2026-06-27 18:00:00,32.64,USD_PER_MT,1,v1.0,VALID,PROXY,hash_fr_004545,True
4546,FREIGHT_AU_HEDLAND_PARADIP_CAPE,2026-06-28 00:00:00,2026-06-28 18:00:00,17.74,USD_PER_MT,1,v1.0,VALID,PROXY,hash_fr_004546,True
4547,FREIGHT_AU_NEWCASTLE_PARADIP_PANAMAX,2026-06-28 00:00:00,2026-06-28 18:00:00,23.16,USD_PER_MT,1,v1.0,VALID,PROXY,hash_fr_004547,True
4548,FREIGHT_ID_SAMARINDA_PARADIP_SUPRA,2026-06-28 00:00:00,2026-06-28 18:00:00,14.69,USD_PER_MT,1,v1.0,VALID,PROXY,hash_fr_004548,True
4549,FREIGHT_ZA_RICHARDSBAY_PARADIP_PANAMAX,2026-06-28 00:00:00,2026-06-28 18:00:00,21.13,USD_PER_MT,1,v1.0,VALID,PROXY,hash_fr_004549,True
4550,FREIGHT_BR_TUBARAO_QINGDAO_CAPE,2026-06-28 00:00:00,2026-06-28 18:00:00,33.21,USD_PER_MT,1,v1.0,VALID,PROXY,hash_fr_004550,True
4551,FREIGHT_AU_HEDLAND_PARADIP_CAPE,2026-06-29 00:00:00,2026-06-29 18:00:00,17.87,USD_PER_MT,1,v1.0,VALID,PROXY,hash_fr_004551,True
4552,FREIGHT_AU_NEWCASTLE_PARADIP_PANAMAX,2026-06-29 00:00:00,2026-06-29 18:00:00,22.68,USD_PER_MT,1,v1.0,VALID,PROXY,hash_fr_004552,True
4553,FREIGHT_ID_SAMARINDA_PARADIP_SUPRA,2026-06-29 00:00:00,2026-06-29 18:00:00,14.67,USD_PER_MT,1,v1.0,VALID,PROXY,hash_fr_004553,True
4554,FREIGHT_ZA_RICHARDSBAY_PARADIP_PANAMAX,2026-06-29 00:00:00,2026-06-29 18:00:00,21.11,USD_PER_MT,1,v1.0,VALID,PROXY,hash_fr_004554,True
4555,FREIGHT_BR_TUBARAO_QINGDAO_CAPE,2026-06-29 00:00:00,2026-06-29 18:00:00,33.4,USD_PER_MT,1,v1.0,VALID,PROXY,hash_fr_004555,True
4556,FREIGHT_AU_HEDLAND_PARADIP_CAPE,2026-06-30 00:00:00,2026-06-30 18:00:00,17.7,USD_PER_MT,1,v1.0,VALID,PROXY,hash_fr_004556,True
4557,FREIGHT_AU_NEWCASTLE_PARADIP_PANAMAX,2026-06-30 00:00:00,2026-06-30 18:00:00,23.46,USD_PER_MT,1,v1.0,VALID,PROXY,hash_fr_004557,True
4558,FREIGHT_ID_SAMARINDA_PARADIP_SUPRA,2026-06-30 00:00:00,2026-06-30 18:00:00,15.3,USD_PER_MT,1,v1.0,VALID,PROXY,hash_fr_004558,True
4559,FREIGHT_ZA_RICHARDSBAY_PARADIP_PANAMAX,2026-06-30 00:00:00,2026-06-30 18:00:00,20.77,USD_PER_MT,1,v1.0,VALID,PROXY,hash_fr_004559,True
4560,FREIGHT_BR_TUBARAO_QINGDAO_CAPE,2026-06-30 00:00:00,2026-06-30 18:00:00,33.08,USD_PER_MT,1,v1.0,VALID,PROXY,hash_fr_004560,True
4561,FREIGHT_AU_HEDLAND_PARADIP_CAPE,2026-07-01 00:00:00,2026-07-01 18:00:00,18.37,USD_PER_MT,1,v1.0,VALID,PROXY,hash_fr_004561,True
4562,FREIGHT_AU_NEWCASTLE_PARADIP_PANAMAX,2026-07-01 00:00:00,2026-07-01 18:00:00,22.73,USD_PER_MT,1,v1.0,VALID,PROXY,hash_fr_004562,True
4563,FREIGHT_ID_SAMARINDA_PARADIP_SUPRA,2026-07-01 00:00:00,2026-07-01 18:00:00,14.41,USD_PER_MT,1,v1.0,VALID,PROXY,hash_fr_004563,True
4564,FREIGHT_ZA_RICHARDSBAY_PARADIP_PANAMAX,2026-07-01 00:00:00,2026-07-01 18:00:00,21.0,USD_PER_MT,1,v1.0,VALID,PROXY,hash_fr_004564,True
4565,FREIGHT_BR_TUBARAO_QINGDAO_CAPE,2026-07-01 00:00:00,2026-07-01 18:00:00,33.31,USD_PER_MT,1,v1.0,VALID,PROXY,hash_fr_004565,True
4566,FREIGHT_AU_HEDLAND_PARADIP_CAPE,2026-07-02 00:00:00,2026-07-02 18:00:00,18.8,USD_PER_MT,1,v1.0,VALID,PROXY,hash_fr_004566,True
4567,FREIGHT_AU_NEWCASTLE_PARADIP_PANAMAX,2026-07-02 00:00:00,2026-07-02 18:00:00,23.01,USD_PER_MT,1,v1.0,VALID,PROXY,hash_fr_004567,True
4568,FREIGHT_ID_SAMARINDA_PARADIP_SUPRA,2026-07-02 00:00:00,2026-07-02 18:00:00,15.11,USD_PER_MT,1,v1.0,VALID,PROXY,hash_fr_004568,True
4569,FREIGHT_ZA_RICHARDSBAY_PARADIP_PANAMAX,2026-07-02 00:00:00,2026-07-02 18:00:00,20.96,USD_PER_MT,1,v1.0,VALID,PROXY,hash_fr_004569,True
4570,FREIGHT_BR_TUBARAO_QINGDAO_CAPE,2026-07-02 00:00:00,2026-07-02 18:00:00,33.35,USD_PER_MT,1,v1.0,VALID,PROXY,hash_fr_004570,True
4571,FREIGHT_AU_HEDLAND_PARADIP_CAPE,2026-07-03 00:00:00,2026-07-03 18:00:00,18.09,USD_PER_MT,1,v1.0,VALID,PROXY,hash_fr_004571,True
4572,FREIGHT_AU_NEWCASTLE_PARADIP_PANAMAX,2026-07-03 00:00:00,2026-07-03 18:00:00,23.75,USD_PER_MT,1,v1.0,VALID,PROXY,hash_fr_004572,True
4573,FREIGHT_ID_SAMARINDA_PARADIP_SUPRA,2026-07-03 00:00:00,2026-07-03 18:00:00,14.83,USD_PER_MT,1,v1.0,VALID,PROXY,hash_fr_004573,True
4574,FREIGHT_ZA_RICHARDSBAY_PARADIP_PANAMAX,2026-07-03 00:00:00,2026-07-03 18:00:00,20.92,USD_PER_MT,1,v1.0,VALID,PROXY,hash_fr_004574,True
4575,FREIGHT_BR_TUBARAO_QINGDAO_CAPE,2026-07-03 00:00:00,2026-07-03 18:00:00,33.62,USD_PER_MT,1,v1.0,VALID,PROXY,hash_fr_004575,True
4576,FREIGHT_AU_HEDLAND_PARADIP_CAPE,2026-07-04 00:00:00,2026-07-04 18:00:00,17.93,USD_PER_MT,1,v1.0,VALID,PROXY,hash_fr_004576,True
4577,FREIGHT_AU_NEWCASTLE_PARADIP_PANAMAX,2026-07-04 00:00:00,2026-07-04 18:00:00,23.01,USD_PER_MT,1,v1.0,VALID,PROXY,hash_fr_004577,True
4578,FREIGHT_ID_SAMARINDA_PARADIP_SUPRA,2026-07-04 00:00:00,2026-07-04 18:00:00,14.56,USD_PER_MT,1,v1.0,VALID,PROXY,hash_fr_004578,True
4579,FREIGHT_ZA_RICHARDSBAY_PARADIP_PANAMAX,2026-07-04 00:00:00,2026-07-04 18:00:00,21.12,USD_PER_MT,1,v1.0,VALID,PROXY,hash_fr_004579,True
4580,FREIGHT_BR_TUBARAO_QINGDAO_CAPE,2026-07-04 00:00:00,2026-07-04 18:00:00,32.68,USD_PER_MT,1,v1.0,VALID,PROXY,hash_fr_004580,True
4581,FREIGHT_AU_HEDLAND_PARADIP_CAPE,2026-07-05 00:00:00,2026-07-05 18:00:00,18.13,USD_PER_MT,1,v1.0,VALID,PROXY,hash_fr_004581,True
4582,FREIGHT_AU_NEWCASTLE_PARADIP_PANAMAX,2026-07-05 00:00:00,2026-07-05 18:00:00,23.48,USD_PER_MT,1,v1.0,VALID,PROXY,hash_fr_004582,True
4583,FREIGHT_ID_SAMARINDA_PARADIP_SUPRA,2026-07-05 00:00:00,2026-07-05 18:00:00,14.49,USD_PER_MT,1,v1.0,VALID,PROXY,hash_fr_004583,True
4584,FREIGHT_ZA_RICHARDSBAY_PARADIP_PANAMAX,2026-07-05 00:00:00,2026-07-05 18:00:00,20.98,USD_PER_MT,1,v1.0,VALID,PROXY,hash_fr_004584,True
4585,FREIGHT_BR_TUBARAO_QINGDAO_CAPE,2026-07-05 00:00:00,2026-07-05 18:00:00,32.48,USD_PER_MT,1,v1.0,VALID,PROXY,hash_fr_004585,True
4586,FREIGHT_AU_HEDLAND_PARADIP_CAPE,2026-07-06 00:00:00,2026-07-06 18:00:00,17.83,USD_PER_MT,1,v1.0,VALID,PROXY,hash_fr_004586,True
4587,FREIGHT_AU_NEWCASTLE_PARADIP_PANAMAX,2026-07-06 00:00:00,2026-07-06 18:00:00,23.15,USD_PER_MT,1,v1.0,VALID,PROXY,hash_fr_004587,True
4588,FREIGHT_ID_SAMARINDA_PARADIP_SUPRA,2026-07-06 00:00:00,2026-07-06 18:00:00,14.98,USD_PER_MT,1,v1.0,VALID,PROXY,hash_fr_004588,True
4589,FREIGHT_ZA_RICHARDSBAY_PARADIP_PANAMAX,2026-07-06 00:00:00,2026-07-06 18:00:00,20.51,USD_PER_MT,1,v1.0,VALID,PROXY,hash_fr_004589,True
4590,FREIGHT_BR_TUBARAO_QINGDAO_CAPE,2026-07-06 00:00:00,2026-07-06 18:00:00,32.58,USD_PER_MT,1,v1.0,VALID,PROXY,hash_fr_004590,True
4591,FREIGHT_AU_HEDLAND_PARADIP_CAPE,2026-07-07 00:00:00,2026-07-07 18:00:00,18.18,USD_PER_MT,1,v1.0,VALID,PROXY,hash_fr_004591,True
4592,FREIGHT_AU_NEWCASTLE_PARADIP_PANAMAX,2026-07-07 00:00:00,2026-07-07 18:00:00,23.46,USD_PER_MT,1,v1.0,VALID,PROXY,hash_fr_004592,True
4593,FREIGHT_ID_SAMARINDA_PARADIP_SUPRA,2026-07-07 00:00:00,2026-07-07 18:00:00,14.64,USD_PER_MT,1,v1.0,VALID,PROXY,hash_fr_004593,True
4594,FREIGHT_ZA_RICHARDSBAY_PARADIP_PANAMAX,2026-07-07 00:00:00,2026-07-07 18:00:00,21.34,USD_PER_MT,1,v1.0,VALID,PROXY,hash_fr_004594,True
4595,FREIGHT_BR_TUBARAO_QINGDAO_CAPE,2026-07-07 00:00:00,2026-07-07 18:00:00,33.35,USD_PER_MT,1,v1.0,VALID,PROXY,hash_fr_004595,True
4596,FREIGHT_AU_HEDLAND_PARADIP_CAPE,2026-07-08 00:00:00,2026-07-08 18:00:00,18.06,USD_PER_MT,1,v1.0,VALID,PROXY,hash_fr_004596,True
4597,FREIGHT_AU_NEWCASTLE_PARADIP_PANAMAX,2026-07-08 00:00:00,2026-07-08 18:00:00,23.77,USD_PER_MT,1,v1.0,VALID,PROXY,hash_fr_004597,True
4598,FREIGHT_ID_SAMARINDA_PARADIP_SUPRA,2026-07-08 00:00:00,2026-07-08 18:00:00,14.52,USD_PER_MT,1,v1.0,VALID,PROXY,hash_fr_004598,True
4599,FREIGHT_ZA_RICHARDSBAY_PARADIP_PANAMAX,2026-07-08 00:00:00,2026-07-08 18:00:00,20.75,USD_PER_MT,1,v1.0,VALID,PROXY,hash_fr_004599,True
4600,FREIGHT_BR_TUBARAO_QINGDAO_CAPE,2026-07-08 00:00:00,2026-07-08 18:00:00,32.95,USD_PER_MT,1,v1.0,VALID,PROXY,hash_fr_004600,True
4601,FREIGHT_AU_HEDLAND_PARADIP_CAPE,2026-07-09 00:00:00,2026-07-09 18:00:00,17.99,USD_PER_MT,1,v1.0,VALID,PROXY,hash_fr_004601,True
4602,FREIGHT_AU_NEWCASTLE_PARADIP_PANAMAX,2026-07-09 00:00:00,2026-07-09 18:00:00,22.98,USD_PER_MT,1,v1.0,VALID,PROXY,hash_fr_004602,True
4603,FREIGHT_ID_SAMARINDA_PARADIP_SUPRA,2026-07-09 00:00:00,2026-07-09 18:00:00,14.81,USD_PER_MT,1,v1.0,VALID,PROXY,hash_fr_004603,True
4604,FREIGHT_ZA_RICHARDSBAY_PARADIP_PANAMAX,2026-07-09 00:00:00,2026-07-09 18:00:00,20.58,USD_PER_MT,1,v1.0,VALID,PROXY,hash_fr_004604,True
4605,FREIGHT_BR_TUBARAO_QINGDAO_CAPE,2026-07-09 00:00:00,2026-07-09 18:00:00,33.26,USD_PER_MT,1,v1.0,VALID,PROXY,hash_fr_004605,True
4606,FREIGHT_AU_HEDLAND_PARADIP_CAPE,2026-07-10 00:00:00,2026-07-10 18:00:00,17.71,USD_PER_MT,1,v1.0,VALID,PROXY,hash_fr_004606,True
4607,FREIGHT_AU_NEWCASTLE_PARADIP_PANAMAX,2026-07-10 00:00:00,2026-07-10 18:00:00,22.67,USD_PER_MT,1,v1.0,VALID,PROXY,hash_fr_004607,True
4608,FREIGHT_ID_SAMARINDA_PARADIP_SUPRA,2026-07-10 00:00:00,2026-07-10 18:00:00,14.56,USD_PER_MT,1,v1.0,VALID,PROXY,hash_fr_004608,True
4609,FREIGHT_ZA_RICHARDSBAY_PARADIP_PANAMAX,2026-07-10 00:00:00,2026-07-10 18:00:00,20.26,USD_PER_MT,1,v1.0,VALID,PROXY,hash_fr_004609,True
4610,FREIGHT_BR_TUBARAO_QINGDAO_CAPE,2026-07-10 00:00:00,2026-07-10 18:00:00,32.01,USD_PER_MT,1,v1.0,VALID,PROXY,hash_fr_004610,True
4611,FREIGHT_AU_HEDLAND_PARADIP_CAPE,2026-07-11 00:00:00,2026-07-11 18:00:00,18.04,USD_PER_MT,1,v1.0,VALID,PROXY,hash_fr_004611,True
4612,FREIGHT_AU_NEWCASTLE_PARADIP_PANAMAX,2026-07-11 00:00:00,2026-07-11 18:00:00,23.12,USD_PER_MT,1,v1.0,VALID,PROXY,hash_fr_004612,True
4613,FREIGHT_ID_SAMARINDA_PARADIP_SUPRA,2026-07-11 00:00:00,2026-07-11 18:00:00,14.34,USD_PER_MT,1,v1.0,VALID,PROXY,hash_fr_004613,True
4614,FREIGHT_ZA_RICHARDSBAY_PARADIP_PANAMAX,2026-07-11 00:00:00,2026-07-11 18:00:00,20.08,USD_PER_MT,1,v1.0,VALID,PROXY,hash_fr_004614,True
4615,FREIGHT_BR_TUBARAO_QINGDAO_CAPE,2026-07-11 00:00:00,2026-07-11 18:00:00,32.18,USD_PER_MT,1,v1.0,VALID,PROXY,hash_fr_004615,True
4616,FREIGHT_AU_HEDLAND_PARADIP_CAPE,2026-07-12 00:00:00,2026-07-12 18:00:00,17.55,USD_PER_MT,1,v1.0,VALID,PROXY,hash_fr_004616,True
4617,FREIGHT_AU_NEWCASTLE_PARADIP_PANAMAX,2026-07-12 00:00:00,2026-07-12 18:00:00,22.18,USD_PER_MT,1,v1.0,VALID,PROXY,hash_fr_004617,True
4618,FREIGHT_ID_SAMARINDA_PARADIP_SUPRA,2026-07-12 00:00:00,2026-07-12 18:00:00,14.15,USD_PER_MT,1,v1.0,VALID,PROXY,hash_fr_004618,True
4619,FREIGHT_ZA_RICHARDSBAY_PARADIP_PANAMAX,2026-07-12 00:00:00,2026-07-12 18:00:00,19.56,USD_PER_MT,1,v1.0,VALID,PROXY,hash_fr_004619,True
4620,FREIGHT_BR_TUBARAO_QINGDAO_CAPE,2026-07-12 00:00:00,2026-07-12 18:00:00,31.76,USD_PER_MT,1,v1.0,VALID,PROXY,hash_fr_004620,True
4621,FREIGHT_AU_HEDLAND_PARADIP_CAPE,2026-07-13 00:00:00,2026-07-13 18:00:00,17.96,USD_PER_MT,1,v1.0,VALID,PROXY,hash_fr_004621,True
4622,FREIGHT_AU_NEWCASTLE_PARADIP_PANAMAX,2026-07-13 00:00:00,2026-07-13 18:00:00,23.09,USD_PER_MT,1,v1.0,VALID,PROXY,hash_fr_004622,True
4623,FREIGHT_ID_SAMARINDA_PARADIP_SUPRA,2026-07-13 00:00:00,2026-07-13 18:00:00,13.88,USD_PER_MT,1,v1.0,VALID,PROXY,hash_fr_004623,True
4624,FREIGHT_ZA_RICHARDSBAY_PARADIP_PANAMAX,2026-07-13 00:00:00,2026-07-13 18:00:00,19.87,USD_PER_MT,1,v1.0,VALID,PROXY,hash_fr_004624,True
4625,FREIGHT_BR_TUBARAO_QINGDAO_CAPE,2026-07-13 00:00:00,2026-07-13 18:00:00,31.53,USD_PER_MT,1,v1.0,VALID,PROXY,hash_fr_004625,True
4626,FREIGHT_AU_HEDLAND_PARADIP_CAPE,2026-07-14 00:00:00,2026-07-14 18:00:00,17.56,USD_PER_MT,1,v1.0,VALID,PROXY,hash_fr_004626,True
4627,FREIGHT_AU_NEWCASTLE_PARADIP_PANAMAX,2026-07-14 00:00:00,2026-07-14 18:00:00,22.26,USD_PER_MT,1,v1.0,VALID,PROXY,hash_fr_004627,True
4628,FREIGHT_ID_SAMARINDA_PARADIP_SUPRA,2026-07-14 00:00:00,2026-07-14 18:00:00,14.19,USD_PER_MT,1,v1.0,VALID,PROXY,hash_fr_004628,True
4629,FREIGHT_ZA_RICHARDSBAY_PARADIP_PANAMAX,2026-07-14 00:00:00,2026-07-14 18:00:00,20.22,USD_PER_MT,1,v1.0,VALID,PROXY,hash_fr_004629,True
4630,FREIGHT_BR_TUBARAO_QINGDAO_CAPE,2026-07-14 00:00:00,2026-07-14 18:00:00,31.37,USD_PER_MT,1,v1.0,VALID,PROXY,hash_fr_004630,True
4631,FREIGHT_AU_HEDLAND_PARADIP_CAPE,2026-07-15 00:00:00,2026-07-15 18:00:00,17.5,USD_PER_MT,1,v1.0,VALID,PROXY,hash_fr_004631,True
4632,FREIGHT_AU_NEWCASTLE_PARADIP_PANAMAX,2026-07-15 00:00:00,2026-07-15 18:00:00,22.6,USD_PER_MT,1,v1.0,VALID,PROXY,hash_fr_004632,True
4633,FREIGHT_ID_SAMARINDA_PARADIP_SUPRA,2026-07-15 00:00:00,2026-07-15 18:00:00,13.88,USD_PER_MT,1,v1.0,VALID,PROXY,hash_fr_004633,True
4634,FREIGHT_ZA_RICHARDSBAY_PARADIP_PANAMAX,2026-07-15 00:00:00,2026-07-15 18:00:00,20.42,USD_PER_MT,1,v1.0,VALID,PROXY,hash_fr_004634,True
4635,FREIGHT_BR_TUBARAO_QINGDAO_CAPE,2026-07-15 00:00:00,2026-07-15 18:00:00,32.02,USD_PER_MT,1,v1.0,VALID,PROXY,hash_fr_004635,True
4636,FREIGHT_AU_HEDLAND_PARADIP_CAPE,2026-07-16 00:00:00,2026-07-16 18:00:00,17.02,USD_PER_MT,1,v1.0,VALID,PROXY,hash_fr_004636,True
4637,FREIGHT_AU_NEWCASTLE_PARADIP_PANAMAX,2026-07-16 00:00:00,2026-07-16 18:00:00,22.28,USD_PER_MT,1,v1.0,VALID,PROXY,hash_fr_004637,True
4638,FREIGHT_ID_SAMARINDA_PARADIP_SUPRA,2026-07-16 00:00:00,2026-07-16 18:00:00,13.65,USD_PER_MT,1,v1.0,VALID,PROXY,hash_fr_004638,True
4639,FREIGHT_ZA_RICHARDSBAY_PARADIP_PANAMAX,2026-07-16 00:00:00,2026-07-16 18:00:00,19.17,USD_PER_MT,1,v1.0,VALID,PROXY,hash_fr_004639,True
4640,FREIGHT_BR_TUBARAO_QINGDAO_CAPE,2026-07-16 00:00:00,2026-07-16 18:00:00,30.54,USD_PER_MT,1,v1.0,VALID,PROXY,hash_fr_004640,True
4641,FREIGHT_AU_HEDLAND_PARADIP_CAPE,2026-07-17 00:00:00,2026-07-17 18:00:00,17.05,USD_PER_MT,1,v1.0,VALID,PROXY,hash_fr_004641,True
4642,FREIGHT_AU_NEWCASTLE_PARADIP_PANAMAX,2026-07-17 00:00:00,2026-07-17 18:00:00,21.3,USD_PER_MT,1,v1.0,VALID,PROXY,hash_fr_004642,True
4643,FREIGHT_ID_SAMARINDA_PARADIP_SUPRA,2026-07-17 00:00:00,2026-07-17 18:00:00,13.45,USD_PER_MT,1,v1.0,VALID,PROXY,hash_fr_004643,True
4644,FREIGHT_ZA_RICHARDSBAY_PARADIP_PANAMAX,2026-07-17 00:00:00,2026-07-17 18:00:00,19.49,USD_PER_MT,1,v1.0,VALID,PROXY,hash_fr_004644,True
4645,FREIGHT_BR_TUBARAO_QINGDAO_CAPE,2026-07-17 00:00:00,2026-07-17 18:00:00,30.98,USD_PER_MT,1,v1.0,VALID,PROXY,hash_fr_004645,True
4646,FREIGHT_AU_HEDLAND_PARADIP_CAPE,2026-07-18 00:00:00,2026-07-18 18:00:00,17.42,USD_PER_MT,1,v1.0,VALID,PROXY,hash_fr_004646,True
4647,FREIGHT_AU_NEWCASTLE_PARADIP_PANAMAX,2026-07-18 00:00:00,2026-07-18 18:00:00,21.72,USD_PER_MT,1,v1.0,VALID,PROXY,hash_fr_004647,True
4648,FREIGHT_ID_SAMARINDA_PARADIP_SUPRA,2026-07-18 00:00:00,2026-07-18 18:00:00,13.54,USD_PER_MT,1,v1.0,VALID,PROXY,hash_fr_004648,True
4649,FREIGHT_ZA_RICHARDSBAY_PARADIP_PANAMAX,2026-07-18 00:00:00,2026-07-18 18:00:00,19.4,USD_PER_MT,1,v1.0,VALID,PROXY,hash_fr_004649,True
4650,FREIGHT_BR_TUBARAO_QINGDAO_CAPE,2026-07-18 00:00:00,2026-07-18 18:00:00,31.17,USD_PER_MT,1,v1.0,VALID,PROXY,hash_fr_004650,True
4651,FREIGHT_AU_HEDLAND_PARADIP_CAPE,2026-07-19 00:00:00,2026-07-19 18:00:00,16.57,USD_PER_MT,1,v1.0,VALID,PROXY,hash_fr_004651,True
4652,FREIGHT_AU_NEWCASTLE_PARADIP_PANAMAX,2026-07-19 00:00:00,2026-07-19 18:00:00,21.38,USD_PER_MT,1,v1.0,VALID,PROXY,hash_fr_004652,True
4653,FREIGHT_ID_SAMARINDA_PARADIP_SUPRA,2026-07-19 00:00:00,2026-07-19 18:00:00,13.22,USD_PER_MT,1,v1.0,VALID,PROXY,hash_fr_004653,True
4654,FREIGHT_ZA_RICHARDSBAY_PARADIP_PANAMAX,2026-07-19 00:00:00,2026-07-19 18:00:00,18.73,USD_PER_MT,1,v1.0,VALID,PROXY,hash_fr_004654,True
4655,FREIGHT_BR_TUBARAO_QINGDAO_CAPE,2026-07-19 00:00:00,2026-07-19 18:00:00,31.22,USD_PER_MT,1,v1.0,VALID,PROXY,hash_fr_004655,True
4656,FREIGHT_AU_HEDLAND_PARADIP_CAPE,2026-07-20 00:00:00,2026-07-20 18:00:00,17.17,USD_PER_MT,1,v1.0,VALID,PROXY,hash_fr_004656,True
4657,FREIGHT_AU_NEWCASTLE_PARADIP_PANAMAX,2026-07-20 00:00:00,2026-07-20 18:00:00,21.69,USD_PER_MT,1,v1.0,VALID,PROXY,hash_fr_004657,True
4658,FREIGHT_ID_SAMARINDA_PARADIP_SUPRA,2026-07-20 00:00:00,2026-07-20 18:00:00,12.97,USD_PER_MT,1,v1.0,VALID,PROXY,hash_fr_004658,True
4659,FREIGHT_ZA_RICHARDSBAY_PARADIP_PANAMAX,2026-07-20 00:00:00,2026-07-20 18:00:00,19.18,USD_PER_MT,1,v1.0,VALID,PROXY,hash_fr_004659,True
4660,FREIGHT_BR_TUBARAO_QINGDAO_CAPE,2026-07-20 00:00:00,2026-07-20 18:00:00,30.16,USD_PER_MT,1,v1.0,VALID,PROXY,hash_fr_004660,True
4661,FREIGHT_AU_HEDLAND_PARADIP_CAPE,2026-07-21 00:00:00,2026-07-21 18:00:00,15.93,USD_PER_MT,1,v1.0,VALID,PROXY,hash_fr_004661,True
4662,FREIGHT_AU_NEWCASTLE_PARADIP_PANAMAX,2026-07-21 00:00:00,2026-07-21 18:00:00,21.06,USD_PER_MT,1,v1.0,VALID,PROXY,hash_fr_004662,True
4663,FREIGHT_ID_SAMARINDA_PARADIP_SUPRA,2026-07-21 00:00:00,2026-07-21 18:00:00,13.34,USD_PER_MT,1,v1.0,VALID,PROXY,hash_fr_004663,True
4664,FREIGHT_ZA_RICHARDSBAY_PARADIP_PANAMAX,2026-07-21 00:00:00,2026-07-21 18:00:00,18.86,USD_PER_MT,1,v1.0,VALID,PROXY,hash_fr_004664,True
4665,FREIGHT_BR_TUBARAO_QINGDAO_CAPE,2026-07-21 00:00:00,2026-07-21 18:00:00,29.74,USD_PER_MT,1,v1.0,VALID,PROXY,hash_fr_004665,True
4666,FREIGHT_AU_HEDLAND_PARADIP_CAPE,2026-07-22 00:00:00,2026-07-22 18:00:00,16.64,USD_PER_MT,1,v1.0,VALID,PROXY,hash_fr_004666,True
4667,FREIGHT_AU_NEWCASTLE_PARADIP_PANAMAX,2026-07-22 00:00:00,2026-07-22 18:00:00,20.36,USD_PER_MT,1,v1.0,VALID,PROXY,hash_fr_004667,True
4668,FREIGHT_ID_SAMARINDA_PARADIP_SUPRA,2026-07-22 00:00:00,2026-07-22 18:00:00,13.18,USD_PER_MT,1,v1.0,VALID,PROXY,hash_fr_004668,True
4669,FREIGHT_ZA_RICHARDSBAY_PARADIP_PANAMAX,2026-07-22 00:00:00,2026-07-22 18:00:00,18.74,USD_PER_MT,1,v1.0,VALID,PROXY,hash_fr_004669,True
4670,FREIGHT_BR_TUBARAO_QINGDAO_CAPE,2026-07-22 00:00:00,2026-07-22 18:00:00,29.33,USD_PER_MT,1,v1.0,VALID,PROXY,hash_fr_004670,True
4671,FREIGHT_AU_HEDLAND_PARADIP_CAPE,2026-07-23 00:00:00,2026-07-23 18:00:00,15.9,USD_PER_MT,1,v1.0,VALID,PROXY,hash_fr_004671,True
4672,FREIGHT_AU_NEWCASTLE_PARADIP_PANAMAX,2026-07-23 00:00:00,2026-07-23 18:00:00,19.96,USD_PER_MT,1,v1.0,VALID,PROXY,hash_fr_004672,True
4673,FREIGHT_ID_SAMARINDA_PARADIP_SUPRA,2026-07-23 00:00:00,2026-07-23 18:00:00,12.84,USD_PER_MT,1,v1.0,VALID,PROXY,hash_fr_004673,True
4674,FREIGHT_ZA_RICHARDSBAY_PARADIP_PANAMAX,2026-07-23 00:00:00,2026-07-23 18:00:00,19.33,USD_PER_MT,1,v1.0,VALID,PROXY,hash_fr_004674,True
4675,FREIGHT_BR_TUBARAO_QINGDAO_CAPE,2026-07-23 00:00:00,2026-07-23 18:00:00,29.31,USD_PER_MT,1,v1.0,VALID,PROXY,hash_fr_004675,True
4676,FREIGHT_AU_HEDLAND_PARADIP_CAPE,2026-07-24 00:00:00,2026-07-24 18:00:00,15.82,USD_PER_MT,1,v1.0,VALID,PROXY,hash_fr_004676,True
4677,FREIGHT_AU_NEWCASTLE_PARADIP_PANAMAX,2026-07-24 00:00:00,2026-07-24 18:00:00,20.61,USD_PER_MT,1,v1.0,VALID,PROXY,hash_fr_004677,True
4678,FREIGHT_ID_SAMARINDA_PARADIP_SUPRA,2026-07-24 00:00:00,2026-07-24 18:00:00,13.3,USD_PER_MT,1,v1.0,VALID,PROXY,hash_fr_004678,True
4679,FREIGHT_ZA_RICHARDSBAY_PARADIP_PANAMAX,2026-07-24 00:00:00,2026-07-24 18:00:00,18.08,USD_PER_MT,1,v1.0,VALID,PROXY,hash_fr_004679,True
4680,FREIGHT_BR_TUBARAO_QINGDAO_CAPE,2026-07-24 00:00:00,2026-07-24 18:00:00,29.09,USD_PER_MT,1,v1.0,VALID,PROXY,hash_fr_004680,True
4681,FREIGHT_AU_HEDLAND_PARADIP_CAPE,2026-07-25 00:00:00,2026-07-25 18:00:00,16.09,USD_PER_MT,1,v1.0,VALID,PROXY,hash_fr_004681,True
4682,FREIGHT_AU_NEWCASTLE_PARADIP_PANAMAX,2026-07-25 00:00:00,2026-07-25 18:00:00,20.4,USD_PER_MT,1,v1.0,VALID,PROXY,hash_fr_004682,True
4683,FREIGHT_ID_SAMARINDA_PARADIP_SUPRA,2026-07-25 00:00:00,2026-07-25 18:00:00,13.26,USD_PER_MT,1,v1.0,VALID,PROXY,hash_fr_004683,True
4684,FREIGHT_ZA_RICHARDSBAY_PARADIP_PANAMAX,2026-07-25 00:00:00,2026-07-25 18:00:00,18.22,USD_PER_MT,1,v1.0,VALID,PROXY,hash_fr_004684,True
4685,FREIGHT_BR_TUBARAO_QINGDAO_CAPE,2026-07-25 00:00:00,2026-07-25 18:00:00,27.9,USD_PER_MT,1,v1.0,VALID,PROXY,hash_fr_004685,True
4686,FREIGHT_AU_HEDLAND_PARADIP_CAPE,2026-07-26 00:00:00,2026-07-26 18:00:00,15.85,USD_PER_MT,1,v1.0,VALID,PROXY,hash_fr_004686,True
4687,FREIGHT_AU_NEWCASTLE_PARADIP_PANAMAX,2026-07-26 00:00:00,2026-07-26 18:00:00,20.53,USD_PER_MT,1,v1.0,VALID,PROXY,hash_fr_004687,True
4688,FREIGHT_ID_SAMARINDA_PARADIP_SUPRA,2026-07-26 00:00:00,2026-07-26 18:00:00,12.75,USD_PER_MT,1,v1.0,VALID,PROXY,hash_fr_004688,True
4689,FREIGHT_ZA_RICHARDSBAY_PARADIP_PANAMAX,2026-07-26 00:00:00,2026-07-26 18:00:00,17.94,USD_PER_MT,1,v1.0,VALID,PROXY,hash_fr_004689,True
4690,FREIGHT_BR_TUBARAO_QINGDAO_CAPE,2026-07-26 00:00:00,2026-07-26 18:00:00,28.9,USD_PER_MT,1,v1.0,VALID,PROXY,hash_fr_004690,True
4691,FREIGHT_AU_HEDLAND_PARADIP_CAPE,2026-07-27 00:00:00,2026-07-27 18:00:00,16.06,USD_PER_MT,1,v1.0,VALID,PROXY,hash_fr_004691,True
4692,FREIGHT_AU_NEWCASTLE_PARADIP_PANAMAX,2026-07-27 00:00:00,2026-07-27 18:00:00,19.67,USD_PER_MT,1,v1.0,VALID,PROXY,hash_fr_004692,True
4693,FREIGHT_ID_SAMARINDA_PARADIP_SUPRA,2026-07-27 00:00:00,2026-07-27 18:00:00,12.24,USD_PER_MT,1,v1.0,VALID,PROXY,hash_fr_004693,True
4694,FREIGHT_ZA_RICHARDSBAY_PARADIP_PANAMAX,2026-07-27 00:00:00,2026-07-27 18:00:00,17.69,USD_PER_MT,1,v1.0,VALID,PROXY,hash_fr_004694,True
4695,FREIGHT_BR_TUBARAO_QINGDAO_CAPE,2026-07-27 00:00:00,2026-07-27 18:00:00,27.73,USD_PER_MT,1,v1.0,VALID,PROXY,hash_fr_004695,True
4696,FREIGHT_AU_HEDLAND_PARADIP_CAPE,2026-07-28 00:00:00,2026-07-28 18:00:00,15.17,USD_PER_MT,1,v1.0,VALID,PROXY,hash_fr_004696,True
4697,FREIGHT_AU_NEWCASTLE_PARADIP_PANAMAX,2026-07-28 00:00:00,2026-07-28 18:00:00,19.62,USD_PER_MT,1,v1.0,VALID,PROXY,hash_fr_004697,True
4698,FREIGHT_ID_SAMARINDA_PARADIP_SUPRA,2026-07-28 00:00:00,2026-07-28 18:00:00,12.56,USD_PER_MT,1,v1.0,VALID,PROXY,hash_fr_004698,True
4699,FREIGHT_ZA_RICHARDSBAY_PARADIP_PANAMAX,2026-07-28 00:00:00,2026-07-28 18:00:00,18.07,USD_PER_MT,1,v1.0,VALID,PROXY,hash_fr_004699,True
4700,FREIGHT_BR_TUBARAO_QINGDAO_CAPE,2026-07-28 00:00:00,2026-07-28 18:00:00,28.17,USD_PER_MT,1,v1.0,VALID,PROXY,hash_fr_004700,True
4701,FREIGHT_AU_HEDLAND_PARADIP_CAPE,2026-07-29 00:00:00,2026-07-29 18:00:00,15.28,USD_PER_MT,1,v1.0,VALID,PROXY,hash_fr_004701,True
4702,FREIGHT_AU_NEWCASTLE_PARADIP_PANAMAX,2026-07-29 00:00:00,2026-07-29 18:00:00,20.42,USD_PER_MT,1,v1.0,VALID,PROXY,hash_fr_004702,True
4703,FREIGHT_ID_SAMARINDA_PARADIP_SUPRA,2026-07-29 00:00:00,2026-07-29 18:00:00,12.13,USD_PER_MT,1,v1.0,VALID,PROXY,hash_fr_004703,True
4704,FREIGHT_ZA_RICHARDSBAY_PARADIP_PANAMAX,2026-07-29 00:00:00,2026-07-29 18:00:00,17.75,USD_PER_MT,1,v1.0,VALID,PROXY,hash_fr_004704,True
4705,FREIGHT_BR_TUBARAO_QINGDAO_CAPE,2026-07-29 00:00:00,2026-07-29 18:00:00,28.25,USD_PER_MT,1,v1.0,VALID,PROXY,hash_fr_004705,True
4706,FREIGHT_AU_HEDLAND_PARADIP_CAPE,2026-07-30 00:00:00,2026-07-30 18:00:00,15.75,USD_PER_MT,1,v1.0,VALID,PROXY,hash_fr_004706,True
4707,FREIGHT_AU_NEWCASTLE_PARADIP_PANAMAX,2026-07-30 00:00:00,2026-07-30 18:00:00,19.38,USD_PER_MT,1,v1.0,VALID,PROXY,hash_fr_004707,True
4708,FREIGHT_ID_SAMARINDA_PARADIP_SUPRA,2026-07-30 00:00:00,2026-07-30 18:00:00,12.65,USD_PER_MT,1,v1.0,VALID,PROXY,hash_fr_004708,True
4709,FREIGHT_ZA_RICHARDSBAY_PARADIP_PANAMAX,2026-07-30 00:00:00,2026-07-30 18:00:00,17.52,USD_PER_MT,1,v1.0,VALID,PROXY,hash_fr_004709,True
4710,FREIGHT_BR_TUBARAO_QINGDAO_CAPE,2026-07-30 00:00:00,2026-07-30 18:00:00,27.67,USD_PER_MT,1,v1.0,VALID,PROXY,hash_fr_004710,True
4711,FREIGHT_AU_HEDLAND_PARADIP_CAPE,2026-07-31 00:00:00,2026-07-31 18:00:00,15.14,USD_PER_MT,1,v1.0,VALID,PROXY,hash_fr_004711,True
4712,FREIGHT_AU_NEWCASTLE_PARADIP_PANAMAX,2026-07-31 00:00:00,2026-07-31 18:00:00,19.57,USD_PER_MT,1,v1.0,VALID,PROXY,hash_fr_004712,True
4713,FREIGHT_ID_SAMARINDA_PARADIP_SUPRA,2026-07-31 00:00:00,2026-07-31 18:00:00,11.96,USD_PER_MT,1,v1.0,VALID,PROXY,hash_fr_004713,True
4714,FREIGHT_ZA_RICHARDSBAY_PARADIP_PANAMAX,2026-07-31 00:00:00,2026-07-31 18:00:00,17.67,USD_PER_MT,1,v1.0,VALID,PROXY,hash_fr_004714,True
4715,FREIGHT_BR_TUBARAO_QINGDAO_CAPE,2026-07-31 00:00:00,2026-07-31 18:00:00,28.02,USD_PER_MT,1,v1.0,VALID,PROXY,hash_fr_004715,True
4716,FREIGHT_AU_HEDLAND_PARADIP_CAPE,2026-08-01 00:00:00,2026-08-01 18:00:00,15.58,USD_PER_MT,1,v1.0,VALID,PROXY,hash_fr_004716,True
4717,FREIGHT_AU_NEWCASTLE_PARADIP_PANAMAX,2026-08-01 00:00:00,2026-08-01 18:00:00,19.92,USD_PER_MT,1,v1.0,VALID,PROXY,hash_fr_004717,True
4718,FREIGHT_ID_SAMARINDA_PARADIP_SUPRA,2026-08-01 00:00:00,2026-08-01 18:00:00,12.49,USD_PER_MT,1,v1.0,VALID,PROXY,hash_fr_004718,True
4719,FREIGHT_ZA_RICHARDSBAY_PARADIP_PANAMAX,2026-08-01 00:00:00,2026-08-01 18:00:00,17.87,USD_PER_MT,1,v1.0,VALID,PROXY,hash_fr_004719,True
4720,FREIGHT_BR_TUBARAO_QINGDAO_CAPE,2026-08-01 00:00:00,2026-08-01 18:00:00,26.31,USD_PER_MT,1,v1.0,VALID,PROXY,hash_fr_004720,True
4721,FREIGHT_AU_HEDLAND_PARADIP_CAPE,2026-08-02 00:00:00,2026-08-02 18:00:00,14.89,USD_PER_MT,1,v1.0,VALID,PROXY,hash_fr_004721,True
4722,FREIGHT_AU_NEWCASTLE_PARADIP_PANAMAX,2026-08-02 00:00:00,2026-08-02 18:00:00,19.42,USD_PER_MT,1,v1.0,VALID,PROXY,hash_fr_004722,True
4723,FREIGHT_ID_SAMARINDA_PARADIP_SUPRA,2026-08-02 00:00:00,2026-08-02 18:00:00,11.88,USD_PER_MT,1,v1.0,VALID,PROXY,hash_fr_004723,True
4724,FREIGHT_ZA_RICHARDSBAY_PARADIP_PANAMAX,2026-08-02 00:00:00,2026-08-02 18:00:00,16.92,USD_PER_MT,1,v1.0,VALID,PROXY,hash_fr_004724,True
4725,FREIGHT_BR_TUBARAO_QINGDAO_CAPE,2026-08-02 00:00:00,2026-08-02 18:00:00,28.57,USD_PER_MT,1,v1.0,VALID,PROXY,hash_fr_004725,True
4726,FREIGHT_AU_HEDLAND_PARADIP_CAPE,2026-08-03 00:00:00,2026-08-03 18:00:00,15.11,USD_PER_MT,1,v1.0,VALID,PROXY,hash_fr_004726,True
4727,FREIGHT_AU_NEWCASTLE_PARADIP_PANAMAX,2026-08-03 00:00:00,2026-08-03 18:00:00,19.53,USD_PER_MT,1,v1.0,VALID,PROXY,hash_fr_004727,True
4728,FREIGHT_ID_SAMARINDA_PARADIP_SUPRA,2026-08-03 00:00:00,2026-08-03 18:00:00,11.67,USD_PER_MT,1,v1.0,VALID,PROXY,hash_fr_004728,True
4729,FREIGHT_ZA_RICHARDSBAY_PARADIP_PANAMAX,2026-08-03 00:00:00,2026-08-03 18:00:00,16.7,USD_PER_MT,1,v1.0,VALID,PROXY,hash_fr_004729,True
4730,FREIGHT_BR_TUBARAO_QINGDAO_CAPE,2026-08-03 00:00:00,2026-08-03 18:00:00,26.87,USD_PER_MT,1,v1.0,VALID,PROXY,hash_fr_004730,True
4731,FREIGHT_AU_HEDLAND_PARADIP_CAPE,2026-08-04 00:00:00,2026-08-04 18:00:00,15.09,USD_PER_MT,1,v1.0,VALID,PROXY,hash_fr_004731,True
4732,FREIGHT_AU_NEWCASTLE_PARADIP_PANAMAX,2026-08-04 00:00:00,2026-08-04 18:00:00,19.46,USD_PER_MT,1,v1.0,VALID,PROXY,hash_fr_004732,True
4733,FREIGHT_ID_SAMARINDA_PARADIP_SUPRA,2026-08-04 00:00:00,2026-08-04 18:00:00,12.17,USD_PER_MT,1,v1.0,VALID,PROXY,hash_fr_004733,True
4734,FREIGHT_ZA_RICHARDSBAY_PARADIP_PANAMAX,2026-08-04 00:00:00,2026-08-04 18:00:00,17.24,USD_PER_MT,1,v1.0,VALID,PROXY,hash_fr_004734,True
4735,FREIGHT_BR_TUBARAO_QINGDAO_CAPE,2026-08-04 00:00:00,2026-08-04 18:00:00,26.98,USD_PER_MT,1,v1.0,VALID,PROXY,hash_fr_004735,True
4736,FREIGHT_AU_HEDLAND_PARADIP_CAPE,2026-08-05 00:00:00,2026-08-05 18:00:00,15.12,USD_PER_MT,1,v1.0,VALID,PROXY,hash_fr_004736,True
4737,FREIGHT_AU_NEWCASTLE_PARADIP_PANAMAX,2026-08-05 00:00:00,2026-08-05 18:00:00,18.9,USD_PER_MT,1,v1.0,VALID,PROXY,hash_fr_004737,True
4738,FREIGHT_ID_SAMARINDA_PARADIP_SUPRA,2026-08-05 00:00:00,2026-08-05 18:00:00,11.71,USD_PER_MT,1,v1.0,VALID,PROXY,hash_fr_004738,True
4739,FREIGHT_ZA_RICHARDSBAY_PARADIP_PANAMAX,2026-08-05 00:00:00,2026-08-05 18:00:00,16.68,USD_PER_MT,1,v1.0,VALID,PROXY,hash_fr_004739,True
4740,FREIGHT_BR_TUBARAO_QINGDAO_CAPE,2026-08-05 00:00:00,2026-08-05 18:00:00,27.45,USD_PER_MT,1,v1.0,VALID,PROXY,hash_fr_004740,True
4741,FREIGHT_AU_HEDLAND_PARADIP_CAPE,2026-08-06 00:00:00,2026-08-06 18:00:00,15.42,USD_PER_MT,1,v1.0,VALID,PROXY,hash_fr_004741,True
4742,FREIGHT_AU_NEWCASTLE_PARADIP_PANAMAX,2026-08-06 00:00:00,2026-08-06 18:00:00,19.39,USD_PER_MT,1,v1.0,VALID,PROXY,hash_fr_004742,True
4743,FREIGHT_ID_SAMARINDA_PARADIP_SUPRA,2026-08-06 00:00:00,2026-08-06 18:00:00,11.62,USD_PER_MT,1,v1.0,VALID,PROXY,hash_fr_004743,True
4744,FREIGHT_ZA_RICHARDSBAY_PARADIP_PANAMAX,2026-08-06 00:00:00,2026-08-06 18:00:00,17.13,USD_PER_MT,1,v1.0,VALID,PROXY,hash_fr_004744,True
4745,FREIGHT_BR_TUBARAO_QINGDAO_CAPE,2026-08-06 00:00:00,2026-08-06 18:00:00,27.09,USD_PER_MT,1,v1.0,VALID,PROXY,hash_fr_004745,True
4746,FREIGHT_AU_HEDLAND_PARADIP_CAPE,2026-08-07 00:00:00,2026-08-07 18:00:00,14.89,USD_PER_MT,1,v1.0,VALID,PROXY,hash_fr_004746,True
4747,FREIGHT_AU_NEWCASTLE_PARADIP_PANAMAX,2026-08-07 00:00:00,2026-08-07 18:00:00,19.27,USD_PER_MT,1,v1.0,VALID,PROXY,hash_fr_004747,True
4748,FREIGHT_ID_SAMARINDA_PARADIP_SUPRA,2026-08-07 00:00:00,2026-08-07 18:00:00,12.1,USD_PER_MT,1,v1.0,VALID,PROXY,hash_fr_004748,True
4749,FREIGHT_ZA_RICHARDSBAY_PARADIP_PANAMAX,2026-08-07 00:00:00,2026-08-07 18:00:00,17.45,USD_PER_MT,1,v1.0,VALID,PROXY,hash_fr_004749,True
4750,FREIGHT_BR_TUBARAO_QINGDAO_CAPE,2026-08-07 00:00:00,2026-08-07 18:00:00,27.77,USD_PER_MT,1,v1.0,VALID,PROXY,hash_fr_004750,True
4751,FREIGHT_AU_HEDLAND_PARADIP_CAPE,2026-08-08 00:00:00,2026-08-08 18:00:00,15.35,USD_PER_MT,1,v1.0,VALID,PROXY,hash_fr_004751,True
4752,FREIGHT_AU_NEWCASTLE_PARADIP_PANAMAX,2026-08-08 00:00:00,2026-08-08 18:00:00,18.38,USD_PER_MT,1,v1.0,VALID,PROXY,hash_fr_004752,True
4753,FREIGHT_ID_SAMARINDA_PARADIP_SUPRA,2026-08-08 00:00:00,2026-08-08 18:00:00,12.13,USD_PER_MT,1,v1.0,VALID,PROXY,hash_fr_004753,True
4754,FREIGHT_ZA_RICHARDSBAY_PARADIP_PANAMAX,2026-08-08 00:00:00,2026-08-08 18:00:00,17.42,USD_PER_MT,1,v1.0,VALID,PROXY,hash_fr_004754,True
4755,FREIGHT_BR_TUBARAO_QINGDAO_CAPE,2026-08-08 00:00:00,2026-08-08 18:00:00,27.47,USD_PER_MT,1,v1.0,VALID,PROXY,hash_fr_004755,True
4756,FREIGHT_AU_HEDLAND_PARADIP_CAPE,2026-08-09 00:00:00,2026-08-09 18:00:00,14.53,USD_PER_MT,1,v1.0,VALID,PROXY,hash_fr_004756,True
4757,FREIGHT_AU_NEWCASTLE_PARADIP_PANAMAX,2026-08-09 00:00:00,2026-08-09 18:00:00,18.62,USD_PER_MT,1,v1.0,VALID,PROXY,hash_fr_004757,True
4758,FREIGHT_ID_SAMARINDA_PARADIP_SUPRA,2026-08-09 00:00:00,2026-08-09 18:00:00,12.21,USD_PER_MT,1,v1.0,VALID,PROXY,hash_fr_004758,True
4759,FREIGHT_ZA_RICHARDSBAY_PARADIP_PANAMAX,2026-08-09 00:00:00,2026-08-09 18:00:00,17.53,USD_PER_MT,1,v1.0,VALID,PROXY,hash_fr_004759,True
4760,FREIGHT_BR_TUBARAO_QINGDAO_CAPE,2026-08-09 00:00:00,2026-08-09 18:00:00,27.68,USD_PER_MT,1,v1.0,VALID,PROXY,hash_fr_004760,True
4761,FREIGHT_AU_HEDLAND_PARADIP_CAPE,2026-08-10 00:00:00,2026-08-10 18:00:00,14.92,USD_PER_MT,1,v1.0,VALID,PROXY,hash_fr_004761,True
4762,FREIGHT_AU_NEWCASTLE_PARADIP_PANAMAX,2026-08-10 00:00:00,2026-08-10 18:00:00,18.96,USD_PER_MT,1,v1.0,VALID,PROXY,hash_fr_004762,True
4763,FREIGHT_ID_SAMARINDA_PARADIP_SUPRA,2026-08-10 00:00:00,2026-08-10 18:00:00,12.29,USD_PER_MT,1,v1.0,VALID,PROXY,hash_fr_004763,True
4764,FREIGHT_ZA_RICHARDSBAY_PARADIP_PANAMAX,2026-08-10 00:00:00,2026-08-10 18:00:00,17.44,USD_PER_MT,1,v1.0,VALID,PROXY,hash_fr_004764,True
4765,FREIGHT_BR_TUBARAO_QINGDAO_CAPE,2026-08-10 00:00:00,2026-08-10 18:00:00,28.06,USD_PER_MT,1,v1.0,VALID,PROXY,hash_fr_004765,True
4766,FREIGHT_AU_HEDLAND_PARADIP_CAPE,2026-08-11 00:00:00,2026-08-11 18:00:00,14.97,USD_PER_MT,1,v1.0,VALID,PROXY,hash_fr_004766,True
4767,FREIGHT_AU_NEWCASTLE_PARADIP_PANAMAX,2026-08-11 00:00:00,2026-08-11 18:00:00,19.63,USD_PER_MT,1,v1.0,VALID,PROXY,hash_fr_004767,True
4768,FREIGHT_ID_SAMARINDA_PARADIP_SUPRA,2026-08-11 00:00:00,2026-08-11 18:00:00,12.38,USD_PER_MT,1,v1.0,VALID,PROXY,hash_fr_004768,True
4769,FREIGHT_ZA_RICHARDSBAY_PARADIP_PANAMAX,2026-08-11 00:00:00,2026-08-11 18:00:00,17.72,USD_PER_MT,1,v1.0,VALID,PROXY,hash_fr_004769,True
4770,FREIGHT_BR_TUBARAO_QINGDAO_CAPE,2026-08-11 00:00:00,2026-08-11 18:00:00,28.53,USD_PER_MT,1,v1.0,VALID,PROXY,hash_fr_004770,True
4771,FREIGHT_AU_HEDLAND_PARADIP_CAPE,2026-08-12 00:00:00,2026-08-12 18:00:00,14.77,USD_PER_MT,1,v1.0,VALID,PROXY,hash_fr_004771,True
4772,FREIGHT_AU_NEWCASTLE_PARADIP_PANAMAX,2026-08-12 00:00:00,2026-08-12 18:00:00,19.96,USD_PER_MT,1,v1.0,VALID,PROXY,hash_fr_004772,True
4773,FREIGHT_ID_SAMARINDA_PARADIP_SUPRA,2026-08-12 00:00:00,2026-08-12 18:00:00,12.21,USD_PER_MT,1,v1.0,VALID,PROXY,hash_fr_004773,True
4774,FREIGHT_ZA_RICHARDSBAY_PARADIP_PANAMAX,2026-08-12 00:00:00,2026-08-12 18:00:00,17.85,USD_PER_MT,1,v1.0,VALID,PROXY,hash_fr_004774,True
4775,FREIGHT_BR_TUBARAO_QINGDAO_CAPE,2026-08-12 00:00:00,2026-08-12 18:00:00,27.67,USD_PER_MT,1,v1.0,VALID,PROXY,hash_fr_004775,True
4776,FREIGHT_AU_HEDLAND_PARADIP_CAPE,2026-08-13 00:00:00,2026-08-13 18:00:00,14.92,USD_PER_MT,1,v1.0,VALID,PROXY,hash_fr_004776,True
4777,FREIGHT_AU_NEWCASTLE_PARADIP_PANAMAX,2026-08-13 00:00:00,2026-08-13 18:00:00,19.75,USD_PER_MT,1,v1.0,VALID,PROXY,hash_fr_004777,True
4778,FREIGHT_ID_SAMARINDA_PARADIP_SUPRA,2026-08-13 00:00:00,2026-08-13 18:00:00,12.65,USD_PER_MT,1,v1.0,VALID,PROXY,hash_fr_004778,True
4779,FREIGHT_ZA_RICHARDSBAY_PARADIP_PANAMAX,2026-08-13 00:00:00,2026-08-13 18:00:00,17.61,USD_PER_MT,1,v1.0,VALID,PROXY,hash_fr_004779,True
4780,FREIGHT_BR_TUBARAO_QINGDAO_CAPE,2026-08-13 00:00:00,2026-08-13 18:00:00,27.21,USD_PER_MT,1,v1.0,VALID,PROXY,hash_fr_004780,True
4781,FREIGHT_AU_HEDLAND_PARADIP_CAPE,2026-08-14 00:00:00,2026-08-14 18:00:00,15.75,USD_PER_MT,1,v1.0,VALID,PROXY,hash_fr_004781,True
4782,FREIGHT_AU_NEWCASTLE_PARADIP_PANAMAX,2026-08-14 00:00:00,2026-08-14 18:00:00,19.34,USD_PER_MT,1,v1.0,VALID,PROXY,hash_fr_004782,True
4783,FREIGHT_ID_SAMARINDA_PARADIP_SUPRA,2026-08-14 00:00:00,2026-08-14 18:00:00,12.68,USD_PER_MT,1,v1.0,VALID,PROXY,hash_fr_004783,True
4784,FREIGHT_ZA_RICHARDSBAY_PARADIP_PANAMAX,2026-08-14 00:00:00,2026-08-14 18:00:00,16.69,USD_PER_MT,1,v1.0,VALID,PROXY,hash_fr_004784,True
4785,FREIGHT_BR_TUBARAO_QINGDAO_CAPE,2026-08-14 00:00:00,2026-08-14 18:00:00,26.84,USD_PER_MT,1,v1.0,VALID,PROXY,hash_fr_004785,True
4786,FREIGHT_AU_HEDLAND_PARADIP_CAPE,2026-08-15 00:00:00,2026-08-15 18:00:00,15.56,USD_PER_MT,1,v1.0,VALID,PROXY,hash_fr_004786,True
4787,FREIGHT_AU_NEWCASTLE_PARADIP_PANAMAX,2026-08-15 00:00:00,2026-08-15 18:00:00,19.63,USD_PER_MT,1,v1.0,VALID,PROXY,hash_fr_004787,True
4788,FREIGHT_ID_SAMARINDA_PARADIP_SUPRA,2026-08-15 00:00:00,2026-08-15 18:00:00,11.68,USD_PER_MT,1,v1.0,VALID,PROXY,hash_fr_004788,True
4789,FREIGHT_ZA_RICHARDSBAY_PARADIP_PANAMAX,2026-08-15 00:00:00,2026-08-15 18:00:00,17.88,USD_PER_MT,1,v1.0,VALID,PROXY,hash_fr_004789,True
4790,FREIGHT_BR_TUBARAO_QINGDAO_CAPE,2026-08-15 00:00:00,2026-08-15 18:00:00,28.22,USD_PER_MT,1,v1.0,VALID,PROXY,hash_fr_004790,True
4791,FREIGHT_AU_HEDLAND_PARADIP_CAPE,2026-08-16 00:00:00,2026-08-16 18:00:00,15.53,USD_PER_MT,1,v1.0,VALID,PROXY,hash_fr_004791,True
4792,FREIGHT_AU_NEWCASTLE_PARADIP_PANAMAX,2026-08-16 00:00:00,2026-08-16 18:00:00,20.09,USD_PER_MT,1,v1.0,VALID,PROXY,hash_fr_004792,True
4793,FREIGHT_ID_SAMARINDA_PARADIP_SUPRA,2026-08-16 00:00:00,2026-08-16 18:00:00,13.01,USD_PER_MT,1,v1.0,VALID,PROXY,hash_fr_004793,True
4794,FREIGHT_ZA_RICHARDSBAY_PARADIP_PANAMAX,2026-08-16 00:00:00,2026-08-16 18:00:00,17.57,USD_PER_MT,1,v1.0,VALID,PROXY,hash_fr_004794,True
4795,FREIGHT_BR_TUBARAO_QINGDAO_CAPE,2026-08-16 00:00:00,2026-08-16 18:00:00,28.47,USD_PER_MT,1,v1.0,VALID,PROXY,hash_fr_004795,True
4796,FREIGHT_AU_HEDLAND_PARADIP_CAPE,2026-08-17 00:00:00,2026-08-17 18:00:00,15.95,USD_PER_MT,1,v1.0,VALID,PROXY,hash_fr_004796,True
4797,FREIGHT_AU_NEWCASTLE_PARADIP_PANAMAX,2026-08-17 00:00:00,2026-08-17 18:00:00,19.67,USD_PER_MT,1,v1.0,VALID,PROXY,hash_fr_004797,True
4798,FREIGHT_ID_SAMARINDA_PARADIP_SUPRA,2026-08-17 00:00:00,2026-08-17 18:00:00,12.47,USD_PER_MT,1,v1.0,VALID,PROXY,hash_fr_004798,True
4799,FREIGHT_ZA_RICHARDSBAY_PARADIP_PANAMAX,2026-08-17 00:00:00,2026-08-17 18:00:00,17.4,USD_PER_MT,1,v1.0,VALID,PROXY,hash_fr_004799,True
4800,FREIGHT_BR_TUBARAO_QINGDAO_CAPE,2026-08-17 00:00:00,2026-08-17 18:00:00,28.07,USD_PER_MT,1,v1.0,VALID,PROXY,hash_fr_004800,True
4801,FREIGHT_AU_HEDLAND_PARADIP_CAPE,2026-08-18 00:00:00,2026-08-18 18:00:00,15.38,USD_PER_MT,1,v1.0,VALID,PROXY,hash_fr_004801,True
4802,FREIGHT_AU_NEWCASTLE_PARADIP_PANAMAX,2026-08-18 00:00:00,2026-08-18 18:00:00,20.17,USD_PER_MT,1,v1.0,VALID,PROXY,hash_fr_004802,True
4803,FREIGHT_ID_SAMARINDA_PARADIP_SUPRA,2026-08-18 00:00:00,2026-08-18 18:00:00,12.43,USD_PER_MT,1,v1.0,VALID,PROXY,hash_fr_004803,True
4804,FREIGHT_ZA_RICHARDSBAY_PARADIP_PANAMAX,2026-08-18 00:00:00,2026-08-18 18:00:00,17.52,USD_PER_MT,1,v1.0,VALID,PROXY,hash_fr_004804,True
4805,FREIGHT_BR_TUBARAO_QINGDAO_CAPE,2026-08-18 00:00:00,2026-08-18 18:00:00,28.23,USD_PER_MT,1,v1.0,VALID,PROXY,hash_fr_004805,True
4806,FREIGHT_AU_HEDLAND_PARADIP_CAPE,2026-08-19 00:00:00,2026-08-19 18:00:00,16.02,USD_PER_MT,1,v1.0,VALID,PROXY,hash_fr_004806,True
4807,FREIGHT_AU_NEWCASTLE_PARADIP_PANAMAX,2026-08-19 00:00:00,2026-08-19 18:00:00,20.28,USD_PER_MT,1,v1.0,VALID,PROXY,hash_fr_004807,True
4808,FREIGHT_ID_SAMARINDA_PARADIP_SUPRA,2026-08-19 00:00:00,2026-08-19 18:00:00,12.85,USD_PER_MT,1,v1.0,VALID,PROXY,hash_fr_004808,True
4809,FREIGHT_ZA_RICHARDSBAY_PARADIP_PANAMAX,2026-08-19 00:00:00,2026-08-19 18:00:00,18.0,USD_PER_MT,1,v1.0,VALID,PROXY,hash_fr_004809,True
4810,FREIGHT_BR_TUBARAO_QINGDAO_CAPE,2026-08-19 00:00:00,2026-08-19 18:00:00,28.13,USD_PER_MT,1,v1.0,VALID,PROXY,hash_fr_004810,True
4811,FREIGHT_AU_HEDLAND_PARADIP_CAPE,2026-08-20 00:00:00,2026-08-20 18:00:00,15.82,USD_PER_MT,1,v1.0,VALID,PROXY,hash_fr_004811,True
4812,FREIGHT_AU_NEWCASTLE_PARADIP_PANAMAX,2026-08-20 00:00:00,2026-08-20 18:00:00,20.46,USD_PER_MT,1,v1.0,VALID,PROXY,hash_fr_004812,True
4813,FREIGHT_ID_SAMARINDA_PARADIP_SUPRA,2026-08-20 00:00:00,2026-08-20 18:00:00,12.63,USD_PER_MT,1,v1.0,VALID,PROXY,hash_fr_004813,True
4814,FREIGHT_ZA_RICHARDSBAY_PARADIP_PANAMAX,2026-08-20 00:00:00,2026-08-20 18:00:00,18.98,USD_PER_MT,1,v1.0,VALID,PROXY,hash_fr_004814,True
4815,FREIGHT_BR_TUBARAO_QINGDAO_CAPE,2026-08-20 00:00:00,2026-08-20 18:00:00,28.58,USD_PER_MT,1,v1.0,VALID,PROXY,hash_fr_004815,True
4816,FREIGHT_AU_HEDLAND_PARADIP_CAPE,2026-08-21 00:00:00,2026-08-21 18:00:00,15.57,USD_PER_MT,1,v1.0,VALID,PROXY,hash_fr_004816,True
4817,FREIGHT_AU_NEWCASTLE_PARADIP_PANAMAX,2026-08-21 00:00:00,2026-08-21 18:00:00,20.06,USD_PER_MT,1,v1.0,VALID,PROXY,hash_fr_004817,True
4818,FREIGHT_ID_SAMARINDA_PARADIP_SUPRA,2026-08-21 00:00:00,2026-08-21 18:00:00,12.68,USD_PER_MT,1,v1.0,VALID,PROXY,hash_fr_004818,True
4819,FREIGHT_ZA_RICHARDSBAY_PARADIP_PANAMAX,2026-08-21 00:00:00,2026-08-21 18:00:00,18.41,USD_PER_MT,1,v1.0,VALID,PROXY,hash_fr_004819,True
4820,FREIGHT_BR_TUBARAO_QINGDAO_CAPE,2026-08-21 00:00:00,2026-08-21 18:00:00,30.61,USD_PER_MT,1,v1.0,VALID,PROXY,hash_fr_004820,True
4821,FREIGHT_AU_HEDLAND_PARADIP_CAPE,2026-08-22 00:00:00,2026-08-22 18:00:00,16.33,USD_PER_MT,1,v1.0,VALID,PROXY,hash_fr_004821,True
4822,FREIGHT_AU_NEWCASTLE_PARADIP_PANAMAX,2026-08-22 00:00:00,2026-08-22 18:00:00,19.94,USD_PER_MT,1,v1.0,VALID,PROXY,hash_fr_004822,True
4823,FREIGHT_ID_SAMARINDA_PARADIP_SUPRA,2026-08-22 00:00:00,2026-08-22 18:00:00,12.93,USD_PER_MT,1,v1.0,VALID,PROXY,hash_fr_004823,True
4824,FREIGHT_ZA_RICHARDSBAY_PARADIP_PANAMAX,2026-08-22 00:00:00,2026-08-22 18:00:00,18.08,USD_PER_MT,1,v1.0,VALID,PROXY,hash_fr_004824,True
4825,FREIGHT_BR_TUBARAO_QINGDAO_CAPE,2026-08-22 00:00:00,2026-08-22 18:00:00,28.33,USD_PER_MT,1,v1.0,VALID,PROXY,hash_fr_004825,True
4826,FREIGHT_AU_HEDLAND_PARADIP_CAPE,2026-08-23 00:00:00,2026-08-23 18:00:00,16.08,USD_PER_MT,1,v1.0,VALID,PROXY,hash_fr_004826,True
4827,FREIGHT_AU_NEWCASTLE_PARADIP_PANAMAX,2026-08-23 00:00:00,2026-08-23 18:00:00,20.57,USD_PER_MT,1,v1.0,VALID,PROXY,hash_fr_004827,True
4828,FREIGHT_ID_SAMARINDA_PARADIP_SUPRA,2026-08-23 00:00:00,2026-08-23 18:00:00,13.15,USD_PER_MT,1,v1.0,VALID,PROXY,hash_fr_004828,True
4829,FREIGHT_ZA_RICHARDSBAY_PARADIP_PANAMAX,2026-08-23 00:00:00,2026-08-23 18:00:00,17.89,USD_PER_MT,1,v1.0,VALID,PROXY,hash_fr_004829,True
4830,FREIGHT_BR_TUBARAO_QINGDAO_CAPE,2026-08-23 00:00:00,2026-08-23 18:00:00,29.25,USD_PER_MT,1,v1.0,VALID,PROXY,hash_fr_004830,True
4831,FREIGHT_AU_HEDLAND_PARADIP_CAPE,2026-08-24 00:00:00,2026-08-24 18:00:00,16.16,USD_PER_MT,1,v1.0,VALID,PROXY,hash_fr_004831,True
4832,FREIGHT_AU_NEWCASTLE_PARADIP_PANAMAX,2026-08-24 00:00:00,2026-08-24 18:00:00,20.85,USD_PER_MT,1,v1.0,VALID,PROXY,hash_fr_004832,True
4833,FREIGHT_ID_SAMARINDA_PARADIP_SUPRA,2026-08-24 00:00:00,2026-08-24 18:00:00,12.56,USD_PER_MT,1,v1.0,VALID,PROXY,hash_fr_004833,True
4834,FREIGHT_ZA_RICHARDSBAY_PARADIP_PANAMAX,2026-08-24 00:00:00,2026-08-24 18:00:00,18.48,USD_PER_MT,1,v1.0,VALID,PROXY,hash_fr_004834,True
4835,FREIGHT_BR_TUBARAO_QINGDAO_CAPE,2026-08-24 00:00:00,2026-08-24 18:00:00,28.6,USD_PER_MT,1,v1.0,VALID,PROXY,hash_fr_004835,True
4836,FREIGHT_AU_HEDLAND_PARADIP_CAPE,2026-08-25 00:00:00,2026-08-25 18:00:00,16.34,USD_PER_MT,1,v1.0,VALID,PROXY,hash_fr_004836,True
4837,FREIGHT_AU_NEWCASTLE_PARADIP_PANAMAX,2026-08-25 00:00:00,2026-08-25 18:00:00,20.58,USD_PER_MT,1,v1.0,VALID,PROXY,hash_fr_004837,True
4838,FREIGHT_ID_SAMARINDA_PARADIP_SUPRA,2026-08-25 00:00:00,2026-08-25 18:00:00,12.85,USD_PER_MT,1,v1.0,VALID,PROXY,hash_fr_004838,True
4839,FREIGHT_ZA_RICHARDSBAY_PARADIP_PANAMAX,2026-08-25 00:00:00,2026-08-25 18:00:00,18.69,USD_PER_MT,1,v1.0,VALID,PROXY,hash_fr_004839,True
4840,FREIGHT_BR_TUBARAO_QINGDAO_CAPE,2026-08-25 00:00:00,2026-08-25 18:00:00,28.52,USD_PER_MT,1,v1.0,VALID,PROXY,hash_fr_004840,True
4841,FREIGHT_AU_HEDLAND_PARADIP_CAPE,2026-08-26 00:00:00,2026-08-26 18:00:00,15.8,USD_PER_MT,1,v1.0,VALID,PROXY,hash_fr_004841,True
4842,FREIGHT_AU_NEWCASTLE_PARADIP_PANAMAX,2026-08-26 00:00:00,2026-08-26 18:00:00,20.77,USD_PER_MT,1,v1.0,VALID,PROXY,hash_fr_004842,True
4843,FREIGHT_ID_SAMARINDA_PARADIP_SUPRA,2026-08-26 00:00:00,2026-08-26 18:00:00,13.01,USD_PER_MT,1,v1.0,VALID,PROXY,hash_fr_004843,True
4844,FREIGHT_ZA_RICHARDSBAY_PARADIP_PANAMAX,2026-08-26 00:00:00,2026-08-26 18:00:00,18.92,USD_PER_MT,1,v1.0,VALID,PROXY,hash_fr_004844,True
4845,FREIGHT_BR_TUBARAO_QINGDAO_CAPE,2026-08-26 00:00:00,2026-08-26 18:00:00,30.08,USD_PER_MT,1,v1.0,VALID,PROXY,hash_fr_004845,True
4846,FREIGHT_AU_HEDLAND_PARADIP_CAPE,2026-08-27 00:00:00,2026-08-27 18:00:00,16.65,USD_PER_MT,1,v1.0,VALID,PROXY,hash_fr_004846,True
4847,FREIGHT_AU_NEWCASTLE_PARADIP_PANAMAX,2026-08-27 00:00:00,2026-08-27 18:00:00,21.26,USD_PER_MT,1,v1.0,VALID,PROXY,hash_fr_004847,True
4848,FREIGHT_ID_SAMARINDA_PARADIP_SUPRA,2026-08-27 00:00:00,2026-08-27 18:00:00,12.99,USD_PER_MT,1,v1.0,VALID,PROXY,hash_fr_004848,True
4849,FREIGHT_ZA_RICHARDSBAY_PARADIP_PANAMAX,2026-08-27 00:00:00,2026-08-27 18:00:00,18.32,USD_PER_MT,1,v1.0,VALID,PROXY,hash_fr_004849,True
4850,FREIGHT_BR_TUBARAO_QINGDAO_CAPE,2026-08-27 00:00:00,2026-08-27 18:00:00,29.75,USD_PER_MT,1,v1.0,VALID,PROXY,hash_fr_004850,True
4851,FREIGHT_AU_HEDLAND_PARADIP_CAPE,2026-08-28 00:00:00,2026-08-28 18:00:00,15.81,USD_PER_MT,1,v1.0,VALID,PROXY,hash_fr_004851,True
4852,FREIGHT_AU_NEWCASTLE_PARADIP_PANAMAX,2026-08-28 00:00:00,2026-08-28 18:00:00,20.32,USD_PER_MT,1,v1.0,VALID,PROXY,hash_fr_004852,True
4853,FREIGHT_ID_SAMARINDA_PARADIP_SUPRA,2026-08-28 00:00:00,2026-08-28 18:00:00,13.08,USD_PER_MT,1,v1.0,VALID,PROXY,hash_fr_004853,True
4854,FREIGHT_ZA_RICHARDSBAY_PARADIP_PANAMAX,2026-08-28 00:00:00,2026-08-28 18:00:00,18.28,USD_PER_MT,1,v1.0,VALID,PROXY,hash_fr_004854,True
4855,FREIGHT_BR_TUBARAO_QINGDAO_CAPE,2026-08-28 00:00:00,2026-08-28 18:00:00,28.81,USD_PER_MT,1,v1.0,VALID,PROXY,hash_fr_004855,True
4856,FREIGHT_AU_HEDLAND_PARADIP_CAPE,2026-08-29 00:00:00,2026-08-29 18:00:00,16.2,USD_PER_MT,1,v1.0,VALID,PROXY,hash_fr_004856,True
4857,FREIGHT_AU_NEWCASTLE_PARADIP_PANAMAX,2026-08-29 00:00:00,2026-08-29 18:00:00,20.75,USD_PER_MT,1,v1.0,VALID,PROXY,hash_fr_004857,True
4858,FREIGHT_ID_SAMARINDA_PARADIP_SUPRA,2026-08-29 00:00:00,2026-08-29 18:00:00,13.02,USD_PER_MT,1,v1.0,VALID,PROXY,hash_fr_004858,True
4859,FREIGHT_ZA_RICHARDSBAY_PARADIP_PANAMAX,2026-08-29 00:00:00,2026-08-29 18:00:00,18.5,USD_PER_MT,1,v1.0,VALID,PROXY,hash_fr_004859,True
4860,FREIGHT_BR_TUBARAO_QINGDAO_CAPE,2026-08-29 00:00:00,2026-08-29 18:00:00,29.42,USD_PER_MT,1,v1.0,VALID,PROXY,hash_fr_004860,True
4861,FREIGHT_AU_HEDLAND_PARADIP_CAPE,2026-08-30 00:00:00,2026-08-30 18:00:00,16.18,USD_PER_MT,1,v1.0,VALID,PROXY,hash_fr_004861,True
4862,FREIGHT_AU_NEWCASTLE_PARADIP_PANAMAX,2026-08-30 00:00:00,2026-08-30 18:00:00,20.59,USD_PER_MT,1,v1.0,VALID,PROXY,hash_fr_004862,True
4863,FREIGHT_ID_SAMARINDA_PARADIP_SUPRA,2026-08-30 00:00:00,2026-08-30 18:00:00,12.46,USD_PER_MT,1,v1.0,VALID,PROXY,hash_fr_004863,True
4864,FREIGHT_ZA_RICHARDSBAY_PARADIP_PANAMAX,2026-08-30 00:00:00,2026-08-30 18:00:00,18.28,USD_PER_MT,1,v1.0,VALID,PROXY,hash_fr_004864,True
4865,FREIGHT_BR_TUBARAO_QINGDAO_CAPE,2026-08-30 00:00:00,2026-08-30 18:00:00,29.58,USD_PER_MT,1,v1.0,VALID,PROXY,hash_fr_004865,True
4866,FREIGHT_AU_HEDLAND_PARADIP_CAPE,2026-08-31 00:00:00,2026-08-31 18:00:00,16.08,USD_PER_MT,1,v1.0,VALID,PROXY,hash_fr_004866,True
4867,FREIGHT_AU_NEWCASTLE_PARADIP_PANAMAX,2026-08-31 00:00:00,2026-08-31 18:00:00,21.12,USD_PER_MT,1,v1.0,VALID,PROXY,hash_fr_004867,True
4868,FREIGHT_ID_SAMARINDA_PARADIP_SUPRA,2026-08-31 00:00:00,2026-08-31 18:00:00,12.83,USD_PER_MT,1,v1.0,VALID,PROXY,hash_fr_004868,True
4869,FREIGHT_ZA_RICHARDSBAY_PARADIP_PANAMAX,2026-08-31 00:00:00,2026-08-31 18:00:00,18.7,USD_PER_MT,1,v1.0,VALID,PROXY,hash_fr_004869,True
4870,FREIGHT_BR_TUBARAO_QINGDAO_CAPE,2026-08-31 00:00:00,2026-08-31 18:00:00,29.67,USD_PER_MT,1,v1.0,VALID,PROXY,hash_fr_004870,True
